# Fix print output for fix log_pen
33004.094736152299447 44.455237158960258625
33004.140236942039337 44.44816609114839423
33004.185737731786503 44.441095023336529835
33004.231238521526393 44.434023955524665439
33004.276739311266283 44.426952887712801044
33004.322240101013449 44.419881819900936648
33004.367740890753339 44.412810752089072253
33004.413241680500505 44.405739684277207857
33004.458742470240395 44.398668616465343462
33004.504243259980285 44.391597548653479066
33004.549744049727451 44.384526480841614671
33004.595244839467341 44.377455413029750275
33004.640745629207231 44.37038434521788588
33004.686246418954397 44.363313277406021484
33004.731747208694287 44.356242209594157089
33004.777247998434177 44.349171141782292693
33004.822748788181343 44.342100073970428298
33004.868249577921233 44.335029006158563902
33004.913750367661123 44.327957938346699507
33004.959251157408289 44.320886870534835111
33005.004751947148179 44.313815802722970716
33005.050252736895345 44.30674473491110632
33005.095753526635235 44.299673667099241925
33005.141254316375125 44.292602599287377529
33005.186755106122291 44.285531531475513134
33005.232255895862181 44.278460463663648738
33005.277756685602071 44.271389395851784343
33005.323257475349237 44.264318328039919948
33005.368758265089127 44.257247260228055552
33005.414259054829017 44.250176192416191157
33005.459759844576183 44.243105124604326761
33005.505260634316073 44.236034056792462366
33005.550761424055963 44.22896298898059797
33005.596262213803129 44.221891921168733575
33005.641763003543019 44.214820853356869179
33005.687263793290185 44.207749785545004784
33005.732764583030075 44.200678717733140388
33005.778265372769965 44.193607649921275993
33005.823766162517131 44.186536582109411597
33005.869266952257021 44.179465514297547202
33005.914767741996911 44.172394446485682806
33005.960268531744077 44.165323378673818411
33006.005769321483967 44.158252310861954015
33006.051270111223857 44.15118124305008962
33006.096770900971023 44.144110175238225224
33006.142271690710913 44.137039107426360829
33006.187772480450803 44.129968039614496433
33006.233273270197969 44.122896971802632038
33006.278774059937859 44.115825903990767642
33006.324274849685025 44.108754836178903247
33006.369775639424915 44.101683768367038851
33006.415276429164805 44.094612700555174456
33006.460777218911971 44.087541632743310061
33006.506278008651861 44.080470564931445665
33006.551778798391751 44.07339949711958127
33006.597279588138917 44.066328429307716874
33006.642780377878807 44.059257361495852479
33006.688281167618698 44.052186293683988083
33006.733781957365863 44.045115225872123688
33006.779282747105754 44.038044158060259292
33006.824783536845644 44.030973090248394897
33006.87028432659281 44.023902022436530501
33006.9157851163327 44.016830954624666106
33006.961285906079866 44.00975988681280171
33007.006786695819756 44.002688819000937315
33007.052287485559646 43.995617751189072919
33007.097788275306812 43.988546683377208524
33007.143289065046702 43.981475615565344128
33007.188789854786592 43.974404547753479733
33007.234290644533758 43.967333479941615337
33007.279791434273648 43.960262412129750942
33007.325292224013538 43.953191344317886546
33007.370793013760704 43.946120276506022151
33007.416293803500594 43.939049208694157755
33007.46179459324776 43.93197814088229336
33007.50729538298765 43.924907073070428964
33007.55279617272754 43.917836005258564569
33007.598296962474706 43.910764937446700173
33007.643797752214596 43.903693869634835778
33007.689298541954486 43.896622801822971383
33007.734799331701652 43.889551734011106987
33007.780300121441542 43.882480666199242592
33007.825800911181432 43.875409598387378196
33007.871301700928598 43.868338530575513801
33007.916802490668488 43.861267462763649405
33007.962303280408378 43.85419639495178501
33008.007804070155544 43.847125327139920614
33008.053304859895434 43.840054259328056219
33008.0988056496426 43.832983191516191823
33008.14430643938249 43.825912123704327428
33008.18980722912238 43.818841055892463032
33008.235308018869546 43.811769988080598637
33008.280808808609436 43.804698920268734241
33008.326309598349326 43.797627852456869846
33008.371810388096492 43.79055678464500545
33008.417311177836382 43.783485716833141055
33008.462811967576272 43.776414649021276659
33008.508312757323438 43.769343581209412264
33008.553813547063328 43.762272513397547868
33008.599314336803218 43.755201445585683473
33008.644815126550384 43.748130377773819077
33008.690315916290274 43.741059309961954682
33008.73581670603744 43.733988242150090286
33008.78131749577733 43.726917174338225891
33008.82681828551722 43.719846106526361496
33008.872319075264386 43.7127750387144971
33008.917819865004276 43.705703970902632705
33008.963320654744166 43.698632903090768309
33009.008821444491332 43.691561835278903914
33009.054322234231222 43.684490767467039518
33009.099823023971112 43.677419699655175123
33009.145323813718278 43.670348631843310727
33009.190824603458168 43.663277564031446332
33009.236325393198058 43.656206496219581936
33009.281826182945224 43.649135428407717541
33009.327326972685114 43.642064360595853145
33009.37282776243228 43.63499329278398875
33009.41832855217217 43.627922224972124354
33009.46382934191206 43.620851157160259959
33009.509330131659226 43.613780089348395563
33009.554830921399116 43.606709021536531168
33009.600331711139006 43.599637953724666772
33009.645832500886172 43.592566885912802377
33009.691333290626062 43.585495818100937981
33009.736834080365952 43.578424750289073586
33009.782334870113118 43.57135368247720919
33009.827835659853008 43.564282614665344795
33009.873336449592898 43.557211546853480399
33009.918837239340064 43.550140479041616004
33009.964338029079954 43.543069411229751609
33010.00983881882712 43.535998343417887213
33010.05533960856701 43.528927275606022818
33010.1008403983069 43.521856207794158422
33010.146341188054066 43.514785139982294027
33010.191841977793956 43.507714072170429631
33010.237342767533846 43.500643004358565236
33010.282843557281012 43.49357193654670084
33010.328344347020902 43.486500868734836445
33010.373845136760792 43.479429800922972049
33010.419345926507958 43.472358733111107654
33010.464846716247848 43.465287665299243258
33010.510347505995014 43.458216597487378863
33010.555848295734904 43.451145529675514467
33010.601349085474794 43.444074461863650072
33010.64684987522196 43.437003394051785676
33010.69235066496185 43.429932326239921281
33010.73785145470174 43.422861258428056885
33010.783352244448906 43.41579019061619249
33010.828853034188796 43.408719122804328094
33010.874353823928686 43.401648054992463699
33010.919854613675852 43.394576987180599303
33010.965355403415742 43.387505919368734908
33011.010856193155632 43.380434851556870512
33011.056356982902798 43.373363783745006117
33011.101857772642688 43.366292715933141722
33011.147358562389854 43.359221648121277326
33011.192859352129744 43.352150580309412931
33011.238360141869634 43.345079512497548535
33011.2838609316168 43.33800844468568414
33011.32936172135669 43.330937376873819744
33011.37486251109658 43.323866309061955349
33011.420363300843746 43.316795241250090953
33011.465864090583636 43.309724173438226558
33011.511364880323526 43.302653105626362162
33011.556865670070692 43.295582037814497767
33011.602366459810582 43.288510970002633371
33011.647867249550472 43.281439902190768976
33011.693368039297638 43.27436883437890458
33011.738868829037528 43.267297766567040185
33011.784369618784694 43.260226698755175789
33011.829870408524584 43.253155630943311394
33011.875371198264475 43.246084563131446998
33011.92087198801164 43.239013495319582603
33011.966372777751531 43.231942427507718207
33012.011873567491421 43.224871359695853812
33012.057374357238587 43.217800291883989416
33012.102875146978477 43.210729224072125021
33012.148375936718367 43.203658156260260625
33012.193876726465533 43.19658708844839623
33012.239377516205423 43.189516020636531834
33012.284878305945313 43.182444952824667439
33012.330379095692479 43.175373885012803044
33012.375879885432369 43.168302817200938648
33012.421380675179535 43.161231749389074253
33012.466881464919425 43.154160681577209857
33012.512382254659315 43.147089613765345462
33012.557883044406481 43.140018545953481066
33012.603383834146371 43.132947478141616671
33012.648884623886261 43.125876410329752275
33012.694385413633427 43.11880534251788788
33012.739886203373317 43.111734274706023484
33012.785386993113207 43.104663206894159089
33012.830887782860373 43.097592139082294693
33012.876388572600263 43.090521071270430298
33012.921889362340153 43.083450003458565902
33012.967390152087319 43.076378935646701507
33013.012890941827209 43.069307867834837111
33013.058391731574375 43.062236800022972716
33013.103892521314265 43.05516573221110832
33013.149393311054155 43.048094664399243925
33013.194894100801321 43.041023596587379529
33013.240394890541211 43.033952528775515134
33013.285895680281101 43.026881460963650738
33013.331396470028267 43.019810393151786343
33013.376897259768157 43.012739325339921947
33013.422398049508047 43.005668257528057552
33013.467898839255213 42.998597189716193157
33013.513399628995103 42.991526121904328761
33013.558900418742269 42.984455054092464366
33013.604401208482159 42.97738398628059997
33013.649901998222049 42.970312918468735575
33013.695402787969215 42.963241850656871179
33013.740903577709105 42.956170782845006784
33013.786404367448995 42.949099715033142388
33013.831905157196161 42.942028647221277993
33013.877405946936051 42.934957579409413597
33013.922906736675941 42.927886511597549202
33013.968407526423107 42.920815443785684806
33014.013908316162997 42.913744375973820411
33014.059409105902887 42.906673308161956015
33014.104909895650053 42.89960224035009162
33014.150410685389943 42.892531172538227224
33014.195911475137109 42.885460104726362829
33014.241412264876999 42.878389036914498433
33014.286913054616889 42.871317969102634038
33014.332413844364055 42.864246901290769642
33014.377914634103945 42.857175833478905247
33014.423415423843835 42.850104765667040851
33014.468916213591001 42.843033697855176456
33014.514417003330891 42.83596263004331206
33014.559917793070781 42.828891562231447665
33014.605418582817947 42.82182049441958327
33014.650919372557837 42.814749426607718874
33014.696420162297727 42.807678358795854479
33014.741920952044893 42.800607290983990083
33014.787421741784783 42.793536223172125688
33014.832922531531949 42.786465155360261292
33014.878423321271839 42.779394087548396897
33014.923924111011729 42.772323019736532501
33014.969424900758895 42.765251951924668106
33015.014925690498785 42.75818088411280371
33015.060426480238675 42.751109816300939315
33015.105927269985841 42.744038748489074919
33015.151428059725731 42.736967680677210524
33015.196928849465621 42.729896612865346128
33015.242429639212787 42.722825545053481733
33015.287930428952677 42.715754477241617337
33015.333431218692567 42.708683409429752942
33015.378932008439733 42.701612341617888546
33015.424432798179623 42.694541273806024151
33015.469933587926789 42.687470205994159755
33015.515434377666679 42.68039913818229536
33015.560935167406569 42.673328070370430964
33015.606435957153735 42.666257002558566569
33015.651936746893625 42.659185934746702173
33015.697437536633515 42.652114866934837778
33015.742938326380681 42.645043799122973383
33015.788439116120571 42.637972731311108987
33015.833939905860461 42.630901663499244592
33015.879440695607627 42.623830595687380196
33015.924941485347517 42.616759527875515801
33015.970442275087407 42.609688460063651405
33016.015943064834573 42.60261739225178701
33016.061443854574463 42.595546324439922614
33016.106944644321629 42.588475256628058219
33016.152445434061519 42.581404188816193823
33016.197946223801409 42.574333121004329428
33016.243447013548575 42.567262053192465032
33016.288947803288465 42.560190985380600637
33016.334448593028355 42.553119917568736241
33016.379949382775521 42.546048849756871846
33016.425450172515411 42.53897778194500745
33016.470950962255301 42.531906714133143055
33016.516451752002467 42.524835646321278659
33016.561952541742357 42.517764578509414264
33016.607453331489523 42.510693510697549868
33016.652954121229413 42.503622442885685473
33016.698454910969303 42.496551375073821077
33016.743955700716469 42.489480307261956682
33016.789456490456359 42.482409239450092286
33016.834957280196249 42.475338171638227891
33016.880458069943415 42.468267103826363496
33016.925958859683305 42.4611960360144991
33016.971459649423196 42.454124968202634705
33017.016960439170361 42.447053900390770309
33017.062461228910252 42.439982832578905914
33017.107962018650142 42.432911764767041518
33017.153462808397308 42.425840696955177123
33017.198963598137198 42.418769629143312727
33017.244464387884364 42.411698561331448332
33017.289965177624254 42.404627493519583936
33017.335465967364144 42.397556425707719541
33017.38096675711131 42.390485357895855145
33017.4264675468512 42.38341429008399075
33017.47196833659109 42.376343222272126354
33017.517469126338256 42.369272154460261959
33017.562969916078146 42.362201086648397563
33017.608470705818036 42.355130018836533168
33017.653971495565202 42.348058951024668772
33017.699472285305092 42.340987883212804377
33017.744973075044982 42.333916815400939981
33017.790473864792148 42.326845747589075586
33017.835974654532038 42.31977467977721119
33017.881475444279204 42.312703611965346795
33017.926976234019094 42.305632544153482399
33017.972477023758984 42.298561476341618004
33018.01797781350615 42.291490408529753608
33018.06347860324604 42.284419340717889213
33018.10897939298593 42.277348272906024818
33018.154480182733096 42.270277205094160422
33018.199980972472986 42.263206137282296027
33018.245481762212876 42.256135069470431631
33018.290982551960042 42.249064001658567236
33018.336483341699932 42.24199293384670284
33018.381984131439822 42.234921866034838445
33018.427484921186988 42.227850798222974049
33018.472985710926878 42.220779730411109654
33018.518486500674044 42.213708662599245258
33018.563987290413934 42.206637594787380863
33018.609488080153824 42.199566526975516467
33018.65498886990099 42.192495459163652072
33018.70048965964088 42.185424391351787676
33018.74599044938077 42.178353323539923281
33018.791491239127936 42.171282255728058885
33018.836992028867826 42.16421118791619449
33018.882492818607716 42.157140120104330094
33018.927993608354882 42.150069052292465699
33018.973494398094772 42.142997984480601303
33019.018995187834662 42.135926916668736908
33019.064495977581828 42.128855848856872512
33019.109996767321718 42.121784781045008117
33019.155497557068884 42.114713713233143721
33019.200998346808774 42.107642645421279326
33019.246499136548664 42.100571577609414931
33019.29199992629583 42.093500509797550535
33019.33750071603572 42.08642944198568614
33019.38300150577561 42.079358374173821744
33019.428502295522776 42.072287306361957349
33019.474003085262666 42.065216238550092953
33019.519503875002556 42.058145170738228558
33019.565004664749722 42.051074102926364162
33019.610505454489612 42.044003035114499767
33019.656006244236778 42.036931967302635371
33019.701507033976668 42.029860899490770976
33019.747007823716558 42.02278983167890658
33019.792508613463724 42.015718763867042185
33019.838009403203614 42.008647696055177789
33019.883510192943504 42.001576628243313394
33019.92901098269067 41.994505560431448998
33019.97451177243056 41.987434492619584603
33020.02001256217045 41.980363424807720207
33020.065513351917616 41.973292356995855812
33020.111014141657506 41.966221289183991416
33020.156514931397396 41.959150221372127021
33020.202015721144562 41.952079153560262625
33020.247516510884452 41.94500808574839823
33020.293017300631618 41.937937017936533834
33020.338518090371508 41.930865950124669439
33020.384018880111398 41.923794882312805044
33020.429519669858564 41.916723814500940648
33020.475020459598454 41.909652746689076253
33020.520521249338344 41.902581678877211857
33020.56602203908551 41.895510611065347462
33020.6115228288254 41.888439543253483066
33020.65702361856529 41.881368475441618671
33020.702524408312456 41.874297407629754275
33020.748025198052346 41.86722633981788988
33020.793525987792236 41.860155272006025484
33020.839026777539402 41.853084204194161089
33020.884527567279292 41.846013136382296693
33020.930028357026458 41.838942068570432298
33020.975529146766348 41.831871000758567902
33021.021029936506238 41.824799932946703507
33021.066530726253404 41.817728865134839111
33021.112031515993294 41.810657797322974716
33021.157532305733184 41.80358672951111032
33021.20303309548035 41.796515661699245925
33021.24853388522024 41.789444593887381529
33021.29403467496013 41.782373526075517134
33021.339535464707296 41.775302458263652738
33021.385036254447186 41.768231390451788343
33021.430537044187076 41.761160322639923947
33021.476037833934242 41.754089254828059552
33021.521538623674132 41.747018187016195157
33021.567039413421298 41.739947119204330761
33021.612540203161188 41.732876051392466366
33021.658040992901078 41.72580498358060197
33021.703541782648244 41.718733915768737575
33021.749042572388134 41.711662847956873179
33021.794543362128024 41.704591780145008784
33021.84004415187519 41.697520712333144388
33021.88554494161508 41.690449644521279993
33021.93104573135497 41.683378576709415597
33021.976546521102136 41.676307508897551202
33022.022047310842026 41.669236441085686806
33022.067548100581917 41.662165373273822411
33022.113048890329082 41.655094305461958015
33022.158549680068973 41.64802323765009362
33022.204050469816139 41.640952169838229224
33022.249551259556029 41.633881102026364829
33022.295052049295919 41.626810034214500433
33022.340552839043085 41.619738966402636038
33022.386053628782975 41.612667898590771642
33022.431554418522865 41.605596830778907247
33022.477055208270031 41.598525762967042851
33022.522555998009921 41.591454695155178456
33022.568056787749811 41.58438362734331406
33022.613557577496977 41.577312559531449665
33022.659058367236867 41.570241491719585269
33022.704559156984033 41.563170423907720874
33022.750059946723923 41.556099356095856479
33022.795560736463813 41.549028288283992083
33022.841061526210979 41.541957220472127688
33022.886562315950869 41.534886152660263292
33022.932063105690759 41.527815084848398897
33022.977563895437925 41.520744017036534501
33023.023064685177815 41.513672949224670106
33023.068565474917705 41.50660188141280571
33023.114066264664871 41.499530813600941315
33023.159567054404761 41.492459745789076919
33023.205067844144651 41.485388677977212524
33023.250568633891817 41.478317610165348128
33023.296069423631707 41.471246542353483733
33023.341570213378873 41.464175474541619337
33023.387071003118763 41.457104406729754942
33023.432571792858653 41.450033338917890546
33023.478072582605819 41.442962271106026151
33023.523573372345709 41.435891203294161755
33023.569074162085599 41.42882013548229736
33023.614574951832765 41.421749067670432964
33023.660075741572655 41.414677999858568569
33023.705576531312545 41.407606932046704173
33023.751077321059711 41.400535864234839778
33023.796578110799601 41.393464796422975382
33023.842078900539491 41.386393728611110987
33023.887579690286657 41.379322660799246592
33023.933080480026547 41.372251592987382196
33023.978581269773713 41.365180525175517801
33024.024082059513603 41.358109457363653405
33024.069582849253493 41.35103838955178901
33024.115083639000659 41.343967321739924614
33024.160584428740549 41.336896253928060219
33024.206085218480439 41.329825186116195823
33024.251586008227605 41.322754118304331428
33024.297086797967495 41.315683050492467032
33024.342587587707385 41.308611982680602637
33024.388088377454551 41.301540914868738241
33024.433589167194441 41.294469847056873846
33024.479089956934331 41.28739877924500945
33024.524590746681497 41.280327711433145055
33024.570091536421387 41.273256643621280659
33024.615592326168553 41.266185575809416264
33024.661093115908443 41.259114507997551868
33024.706593905648333 41.252043440185687473
33024.752094695395499 41.244972372373823077
33024.797595485135389 41.237901304561958682
33024.843096274875279 41.230830236750094286
33024.888597064622445 41.223759168938229891
33024.888597064622445 41.223759168938229891
33024.888597064622445 41.223759168938229891
33024.888597064622445 41.223759168938229891
33024.888597064622445 41.223759168938229891
33024.888597064622445 41.223759168938229891
33024.888597064622445 41.223759168938229891
33024.888597064622445 41.223759168938229891
33024.934097854362335 41.216688101126365495
33024.979598644109501 41.2096170333145011
33025.025099433849391 41.202545965502636705
33025.070600223589281 41.195474897690772309
33025.116101013336447 41.188403829878907914
33025.161601803076337 41.181332762067043518
33025.207102592823503 41.174261694255179123
33025.252603382563393 41.167190626443314727
33025.298104172303283 41.160119558631450332
33025.343604962050449 41.153048490819585936
33025.389105751790339 41.145977423007721541
33025.434606541530229 41.138906355195857145
33025.480107331277395 41.13183528738399275
33025.525608121017285 41.124764219572128354
33025.571108910757175 41.117693151760263959
33025.616609700504341 41.110622083948399563
33025.662110490244231 41.103551016136535168
33025.707611279984121 41.096479948324670772
33025.753112069731287 41.089408880512806377
33025.798612859471177 41.082337812700941981
33025.844113649218343 41.075266744889077586
33025.889614438958233 41.06819567707721319
33025.935115228698123 41.061124609265348795
33025.980616018445289 41.054053541453484399
33026.026116808185179 41.046982473641620004
33026.071617597925069 41.039911405829755608
33026.117118387672235 41.032840338017891213
33026.162619177412125 41.025769270206026818
33026.208119967152015 41.018698202394162422
33026.253620756899181 41.011627134582298027
33026.299121546639071 41.004556066770433631
33026.344622336378961 40.997484998958569236
33026.390123126126127 40.99041393114670484
33026.435623915866017 40.983342863334840445
33026.481124705613183 40.976271795522976049
33026.526625495353073 40.969200727711111654
33026.572126285092963 40.962129659899247258
33026.617627074840129 40.955058592087382863
33026.663127864580019 40.947987524275518467
33026.708628654319909 40.940916456463654072
33026.754129444067075 40.933845388651789676
33026.799630233806965 40.926774320839925281
33026.845131023546855 40.919703253028060885
33026.890631813294021 40.91263218521619649
33026.936132603033911 40.905561117404332094
33026.981633392773801 40.898490049592467699
33027.027134182520967 40.891418981780603303
33027.072634972260857 40.884347913968738908
33027.118135762008023 40.877276846156874512
33027.163636551747913 40.870205778345010117
33027.209137341487803 40.863134710533145721
33027.254638131234969 40.856063642721281326
33027.30013892097486 40.84899257490941693
33027.34563971071475 40.841921507097552535
33027.391140500461916 40.83485043928568814
33027.436641290201806 40.827779371473823744
33027.482142079941696 40.820708303661959349
33027.527642869688862 40.813637235850094953
33027.573143659428752 40.806566168038230558
33027.618644449168642 40.799495100226366162
33027.664145238915808 40.792424032414501767
33027.709646028655698 40.785352964602637371
33027.755146818402864 40.778281896790772976
33027.800647608142754 40.77121082897890858
33027.846148397882644 40.764139761167044185
33027.89164918762981 40.757068693355179789
33027.9371499773697 40.749997625543315394
33027.98265076710959 40.742926557731450998
33028.028151556856756 40.735855489919586603
33028.073652346596646 40.728784422107722207
33028.119153136336536 40.721713354295857812
33028.164653926083702 40.714642286483993416
33028.210154715823592 40.707571218672129021
33028.255655505570758 40.700500150860264625
33028.301156295310648 40.69342908304840023
33028.346657085050538 40.686358015236535834
33028.392157874797704 40.679286947424671439
33028.437658664537594 40.672215879612807043
33028.483159454277484 40.665144811800942648
33028.52866024402465 40.658073743989078253
33028.57416103376454 40.651002676177213857
33028.61966182350443 40.643931608365349462
33028.665162613251596 40.636860540553485066
33028.710663402991486 40.629789472741620671
33028.756164192731376 40.622718404929756275
33028.801664982478542 40.61564733711789188
33028.847165772218432 40.608576269306027484
33028.892666561965598 40.601505201494163089
33028.938167351705488 40.594434133682298693
33028.983668141445378 40.587363065870434298
33029.029168931192544 40.580291998058569902
33029.074669720932434 40.573220930246705507
33029.120170510672324 40.566149862434841111
33029.16567130041949 40.559078794622976716
33029.21117209015938 40.55200772681111232
33029.25667287989927 40.544936658999247925
33029.302173669646436 40.537865591187383529
33029.347674459386326 40.530794523375519134
33029.393175249126216 40.523723455563654738
33029.438676038873382 40.516652387751790343
33029.484176828613272 40.509581319939925947
33029.529677618360438 40.502510252128061552
33029.575178408100328 40.495439184316197156
33029.620679197840218 40.488368116504332761
33029.666179987587384 40.481297048692468366
33029.711680777327274 40.47422598088060397
33029.757181567067164 40.467154913068739575
33029.80268235681433 40.460083845256875179
33029.84818314655422 40.453012777445010784
33029.89368393629411 40.445941709633146388
33029.939184726041276 40.438870641821281993
33029.984685515781166 40.431799574009417597
33030.030186305521056 40.424728506197553202
33030.075687095268222 40.417657438385688806
33030.121187885008112 40.410586370573824411
33030.166688674755278 40.403515302761960015
33030.212189464495168 40.39644423495009562
33030.257690254235058 40.389373167138231224
33030.303191043982224 40.382302099326366829
33030.348691833722114 40.375231031514502433
33030.394192623462004 40.368159963702638038
33030.43969341320917 40.361088895890773642
33030.48519420294906 40.354017828078909247
33030.53069499268895 40.346946760267044851
33030.576195782436116 40.339875692455180456
33030.621696572176006 40.33280462464331606
33030.667197361915896 40.325733556831451665
33030.712698151663062 40.318662489019587269
33030.758198941402952 40.311591421207722874
33030.803699731150118 40.304520353395858479
33030.849200520890008 40.297449285583994083
33030.894701310629898 40.290378217772129688
33030.940202100377064 40.283307149960265292
33030.985702890116954 40.276236082148400897
33031.031203679856844 40.269165014336536501
33031.07670446960401 40.262093946524672106
33031.1222052593439 40.25502287871280771
33031.16770604908379 40.247951810900943315
33031.213206838830956 40.240880743089078919
33031.258707628570846 40.233809675277214524
33031.304208418318012 40.226738607465350128
33031.349709208057902 40.219667539653485733
33031.395209997797792 40.212596471841621337
33031.440710787544958 40.205525404029756942
33031.486211577284848 40.198454336217892546
33031.531712367024738 40.191383268406028151
33031.577213156771904 40.184312200594163755
33031.622713946511794 40.17724113278229936
33031.668214736251684 40.170170064970434964
33031.71371552599885 40.163098997158570569
33031.75921631573874 40.156027929346706173
33031.80471710547863 40.148956861534841778
33031.850217895225796 40.141885793722977382
33031.895718684965686 40.134814725911112987
33031.941219474712852 40.127743658099248591
33031.986720264452742 40.120672590287384196
33032.032221054192632 40.113601522475519801
33032.077721843939798 40.106530454663655405
33032.123222633679688 40.09945938685179101
33032.168723423419578 40.092388319039926614
33032.214224213166744 40.085317251228062219
33032.259725002906634 40.078246183416197823
33032.305225792646524 40.071175115604333428
33032.35072658239369 40.064104047792469032
33032.396227372133581 40.057032979980604637
33032.441728161873471 40.049961912168740241
33032.487228951620637 40.042890844356875846
33032.532729741360527 40.03581977654501145
33032.578230531107693 40.028748708733147055
33032.623731320847583 40.021677640921282659
33032.669232110587473 40.014606573109418264
33032.714732900334639 40.007535505297553868
33032.760233690074529 40.000464437485689473
33032.805734479814419 39.993393369673825077
33032.851235269561585 39.986322301861960682
33032.896736059301475 39.979251234050096286
33032.942236849041365 39.972180166238231891
33032.987737638788531 39.965109098426367495
33033.033238428528421 39.9580380306145031
33033.078739218268311 39.950966962802638704
33033.124240008015477 39.943895894990774309
33033.169740797755367 39.936824827178909914
33033.215241587502533 39.929753759367045518
33033.260742377242423 39.922682691555181123
33033.306243166982313 39.915611623743316727
33033.351743956729479 39.908540555931452332
33033.397244746469369 39.901469488119587936
33033.442745536209259 39.894398420307723541
33033.488246325956425 39.887327352495859145
33033.533747115696315 39.88025628468399475
33033.579247905436205 39.873185216872130354
33033.624748695183371 39.866114149060265959
33033.670249484923261 39.859043081248401563
33033.715750274663151 39.851972013436537168
33033.761251064410317 39.844900945624672772
33033.806751854150207 39.837829877812808377
33033.852252643897373 39.830758810000943981
33033.897753433637263 39.823687742189079586
33033.943254223377153 39.81661667437721519
33033.988755013124319 39.809545606565350795
33034.034255802864209 39.802474538753486399
33034.079756592604099 39.795403470941622004
33034.125257382351265 39.788332403129757608
33034.170758172091155 39.781261335317893213
33034.216258961831045 39.774190267506028817
33034.261759751578211 39.767119199694164422
33034.307260541318101 39.760048131882300027
33034.352761331065267 39.752977064070435631
33034.398262120805157 39.745905996258571236
33034.443762910545047 39.73883492844670684
33034.489263700292213 39.731763860634842445
33034.534764490032103 39.724692792822978049
33034.580265279771993 39.717621725011113654
33034.625766069519159 39.710550657199249258
33034.671266859259049 39.703479589387384863
33034.716767648998939 39.696408521575520467
33034.762268438746105 39.689337453763656072
33034.807769228485995 39.682266385951791676
33034.853270018225885 39.675195318139927281
33034.898770807973051 39.668124250328062885
33034.944271597712941 39.66105318251619849
33034.989772387460107 39.653982114704334094
33035.035273177199997 39.646911046892469699
33035.080773966939887 39.639839979080605303
33035.126274756687053 39.632768911268740908
33035.171775546426943 39.625697843456876512
33035.217276336166833 39.618626775645012117
33035.262777125913999 39.611555707833147721
33035.308277915653889 39.604484640021283326
33035.353778705393779 39.59741357220941893
33035.399279495140945 39.590342504397554535
33035.444780284880835 39.58327143658569014
33035.490281074620725 39.576200368773825744
33035.535781864367891 39.569129300961961349
33035.581282654107781 39.562058233150096953
33035.626783443854947 39.554987165338232558
33035.672284233594837 39.547916097526368162
33035.717785023334727 39.540845029714503767
33035.763285813081893 39.533773961902639371
33035.808786602821783 39.526702894090774976
33035.854287392561673 39.51963182627891058
33035.899788182308839 39.512560758467046185
33035.945288972048729 39.505489690655181789
33035.990789761788619 39.498418622843317394
33036.036290551535785 39.491347555031452998
33036.081791341275675 39.484276487219588603
33036.127292131015565 39.477205419407724207
33036.172792920762731 39.470134351595859812
33036.218293710502621 39.463063283783995416
33036.263794500249787 39.455992215972131021
33036.309295289989677 39.448921148160266625
33036.354796079729567 39.44185008034840223
33036.400296869476733 39.434779012536537834
33036.445797659216623 39.427707944724673439
33036.491298448956513 39.420636876912809043
33036.536799238703679 39.413565809100944648
33036.582300028443569 39.406494741289080252
33036.627800818183459 39.399423673477215857
33036.673301607930625 39.392352605665351462
33036.718802397670515 39.385281537853487066
33036.764303187410405 39.378210470041622671
33036.809803977157571 39.371139402229758275
33036.855304766897461 39.36406833441789388
33036.900805556644627 39.356997266606029484
33036.946306346384517 39.349926198794165089
33036.991807136124407 39.342855130982300693
33037.037307925871573 39.335784063170436298
33037.082808715611463 39.328712995358571902
33037.128309505351353 39.321641927546707507
33037.173810295098519 39.314570859734843111
33037.219311084838409 39.307499791922978716
33037.264811874578299 39.30042872411111432
33037.310312664325465 39.293357656299249925
33037.355813454065355 39.286286588487385529
33037.401314243812521 39.279215520675521134
33037.446815033552411 39.272144452863656738
33037.492315823292302 39.265073385051792343
33037.537816613039467 39.258002317239927947
33037.583317402779358 39.250931249428063552
33037.628818192519248 39.243860181616199156
33037.674318982266414 39.236789113804334761
33037.719819772006304 39.229718045992470365
33037.765320561746194 39.22264697818060597
33037.81082135149336 39.215575910368741575
33037.85632214123325 39.208504842556877179
33037.90182293097314 39.201433774745012784
33037.947323720720306 39.194362706933148388
33037.992824510460196 39.187291639121283993
33038.038325300207362 39.180220571309419597
33038.083826089947252 39.173149503497555202
33038.129326879687142 39.166078435685690806
33038.174827669434308 39.159007367873826411
33038.220328459174198 39.151936300061962015
33038.265829248914088 39.14486523225009762
33038.311330038661254 39.137794164438233224
33038.356830828401144 39.130723096626368829
33038.402331618141034 39.123652028814504433
33038.4478324078882 39.116580961002640038
33038.49333319762809 39.109509893190775642
33038.53883398736798 39.102438825378911247
33038.584334777115146 39.095367757567046851
33038.629835566855036 39.088296689755182456
33038.675336356602202 39.08122562194331806
33038.720837146342092 39.074154554131453665
33038.766337936081982 39.067083486319589269
33038.811838725829148 39.060012418507724874
33038.857339515569038 39.052941350695860478
33038.902840305308928 39.045870282883996083
33038.948341095056094 39.038799215072131688
33038.993841884795984 39.031728147260267292
33039.039342674535874 39.024657079448402897
33039.08484346428304 39.017586011636538501
33039.13034425402293 39.010514943824674106
33039.17584504376282 39.00344387601280971
33039.221345833509986 38.996372808200945315
33039.266846623249876 38.989301740389080919
33039.312347412997042 38.982230672577216524
33039.357848202736932 38.975159604765352128
33039.403348992476822 38.968088536953487733
33039.448849782223988 38.961017469141623337
33039.494350571963878 38.953946401329758942
33039.539851361703768 38.946875333517894546
33039.585352151450934 38.939804265706030151
33039.630852941190824 38.932733197894165755
33039.676353730930714 38.92566213008230136
33039.72185452067788 38.918591062270436964
33039.76735531041777 38.911519994458572569
33039.81285610015766 38.904448926646708173
33039.858356889904826 38.897377858834843778
33039.903857679644716 38.890306791022979382
33039.949358469391882 38.883235723211114987
33039.994859259131772 38.876164655399250591
33040.040360048871662 38.869093587587386196
33040.085860838618828 38.862022519775521801
33040.131361628358718 38.854951451963657405
33040.176862418098608 38.84788038415179301
33040.222363207845774 38.840809316339928614
33040.267863997585664 38.833738248528064219
33040.313364787325554 38.826667180716199823
33040.35886557707272 38.819596112904335428
33040.40436636681261 38.812525045092471032
33040.449867156559776 38.805453977280606637
33040.495367946299666 38.798382909468742241
33040.540868736039556 38.791311841656877846
33040.586369525786722 38.78424077384501345
33040.631870315526612 38.777169706033149055
33040.677371105266502 38.770098638221284659
33040.722871895013668 38.763027570409420264
33040.768372684753558 38.755956502597555868
33040.813873474493448 38.748885434785691473
33040.859374264240614 38.741814366973827077
33040.904875053980504 38.734743299161962682
33040.950375843720394 38.727672231350098286
33040.99587663346756 38.720601163538233891
33041.04137742320745 38.713530095726369495
33041.086878212954616 38.7064590279145051
33041.132379002694506 38.699387960102640704
33041.177879792434396 38.692316892290776309
33041.223380582181562 38.685245824478911914
33041.268881371921452 38.678174756667047518
33041.314382161661342 38.671103688855183123
33041.359882951408508 38.664032621043318727
33041.405383741148398 38.656961553231454332
33041.450884530888288 38.649890485419589936
33041.496385320635454 38.642819417607725541
33041.541886110375344 38.635748349795861145
33041.587386900115234 38.62867728198399675
33041.6328876898624 38.621606214172132354
33041.67838847960229 38.614535146360267959
33041.723889269349456 38.607464078548403563
33041.769390059089346 38.600393010736539168
33041.814890848829236 38.593321942924674772
33041.860391638576402 38.586250875112810377
33041.905892428316292 38.579179807300945981
33041.951393218056182 38.572108739489081586
33041.996894007803348 38.56503767167721719
33042.042394797543238 38.557966603865352795
33042.087895587283128 38.550895536053488399
33042.133396377030294 38.543824468241624004
33042.178897166770184 38.536753400429759608
33042.224397956510074 38.529682332617895213
33042.26989874625724 38.522611264806030817
33042.31539953599713 38.515540196994166422
33042.360900325744296 38.508469129182302026
33042.406401115484186 38.501398061370437631
33042.451901905224076 38.494326993558573236
33042.497402694971242 38.48725592574670884
33042.542903484711132 38.480184857934844445
33042.588404274451023 38.473113790122980049
33042.633905064198188 38.466042722311115654
33042.679405853938079 38.458971654499251258
33042.724906643677969 38.451900586687386863
33042.770407433425135 38.444829518875522467
33042.815908223165025 38.437758451063658072
33042.861409012904915 38.430687383251793676
33042.906909802652081 38.423616315439929281
33042.952410592391971 38.416545247628064885
33042.997911382139137 38.40947417981620049
33043.043412171879027 38.402403112004336094
33043.088912961618917 38.395332044192471699
33043.134413751366083 38.388260976380607303
33043.179914541105973 38.381189908568742908
33043.225415330845863 38.374118840756878512
33043.270916120593029 38.367047772945014117
33043.316416910332919 38.359976705133149721
33043.361917700072809 38.352905637321285326
33043.407418489819975 38.34583456950942093
33043.452919279559865 38.338763501697556535
33043.498420069307031 38.331692433885692139
33043.543920859046921 38.324621366073827744
33043.589421648786811 38.317550298261963349
33043.634922438533977 38.310479230450098953
33043.680423228273867 38.303408162638234558
33043.725924018013757 38.296337094826370162
33043.771424807760923 38.289266027014505767
33043.816925597500813 38.282194959202641371
33043.862426387240703 38.275123891390776976
33043.907927176987869 38.26805282357891258
33043.953427966727759 38.260981755767048185
33043.998928756467649 38.253910687955183789
33044.044429546214815 38.246839620143319394
33044.089930335954705 38.239768552331454998
33044.135431125701871 38.232697484519590603
33044.180931915441761 38.225626416707726207
33044.226432705181651 38.218555348895861812
33044.271933494928817 38.211484281083997416
33044.317434284668707 38.204413213272133021
33044.362935074408597 38.197342145460268625
33044.408435864155763 38.19027107764840423
33044.453936653895653 38.183200009836539834
33044.499437443635543 38.176128942024675439
33044.544938233382709 38.169057874212811043
33044.590439023122599 38.161986806400946648
33044.635939812862489 38.154915738589082252
33044.681440602609655 38.147844670777217857
33044.726941392349545 38.140773602965353462
33044.772442182096711 38.133702535153489066
33044.817942971836601 38.126631467341624671
33044.863443761576491 38.119560399529760275
33044.908944551323657 38.11248933171789588
33044.954445341063547 38.105418263906031484
33044.999946130803437 38.098347196094167089
33045.045446920550603 38.091276128282302693
33045.090947710290493 38.084205060470438298
33045.136448500030383 38.077133992658573902
33045.181949289777549 38.070062924846709507
33045.227450079517439 38.062991857034845111
33045.272950869257329 38.055920789222980716
33045.318451659004495 38.04884972141111632
33045.363952448744385 38.041778653599251925
33045.409453238491551 38.034707585787387529
33045.454954028231441 38.027636517975523134
33045.500454817971331 38.020565450163658738
33045.545955607718497 38.013494382351794343
33045.591456397458387 38.006423314539929947
33045.636957187198277 37.999352246728065552
33045.682457976945443 37.992281178916201156
33045.727958766685333 37.985210111104336761
33045.773459556425223 37.978139043292472365
33045.818960346172389 37.97106797548060797
33045.864461135912279 37.963996907668743575
33045.909961925652169 37.956925839856879179
33045.955462715399335 37.949854772045014784
33046.000963505139225 37.942783704233150388
33046.046464294886391 37.935712636421285993
33046.091965084626281 37.928641568609421597
33046.137465874366171 37.921570500797557202
33046.182966664113337 37.914499432985692806
33046.228467453853227 37.907428365173828411
33046.273968243593117 37.900357297361964015
33046.319469033340283 37.89328622955009962
33046.364969823080173 37.886215161738235224
33046.410470612820063 37.879144093926370829
33046.455971402567229 37.872073026114506433
33046.501472192307119 37.865001958302642038
33046.546972982054285 37.857930890490777642
33046.592473771794175 37.850859822678913247
33046.637974561534065 37.843788754867048851
33046.683475351281231 37.836717687055184456
33046.728976141021121 37.82964661924332006
33046.774476930761011 37.822575551431455665
33046.819977720508177 37.815504483619591269
33046.865478510248067 37.808433415807726874
33046.910979299987957 37.801362347995862478
33046.956480089735123 37.794291280183998083
33047.001980879475013 37.787220212372133687
33047.047481669214903 37.780149144560269292
33047.092982458962069 37.773078076748404897
33047.138483248701959 37.766007008936540501
33047.183984038449125 37.758935941124676106
33047.229484828189015 37.75186487331281171
33047.274985617928905 37.744793805500947315
33047.320486407676071 37.737722737689082919
33047.365987197415961 37.730651669877218524
33047.411487987155851 37.723580602065354128
33047.456988776903017 37.716509534253489733
33047.502489566642907 37.709438466441625337
33047.547990356382797 37.702367398629760942
33047.593491146129963 37.695296330817896546
33047.638991935869853 37.688225263006032151
33047.684492725609744 37.681154195194167755
33047.729993515356909 37.67408312738230336
33047.7754943050968 37.667012059570438964
33047.820995094843965 37.659940991758574569
33047.866495884583856 37.652869923946710173
33047.911996674323746 37.645798856134845778
33047.957497464070912 37.638727788322981382
33048.002998253810802 37.631656720511116987
33048.048499043550692 37.624585652699252591
33048.093999833297858 37.617514584887388196
33048.139500623037748 37.6104435170755238
33048.185001412777638 37.603372449263659405
33048.230502202524804 37.59630138145179501
33048.276002992264694 37.589230313639930614
33048.321503782004584 37.582159245828066219
33048.36700457175175 37.575088178016201823
33048.41250536149164 37.568017110204337428
33048.458006151238806 37.560946042392473032
33048.503506940978696 37.553874974580608637
33048.549007730718586 37.546803906768744241
33048.594508520465752 37.539732838956879846
33048.640009310205642 37.53266177114501545
33048.685510099945532 37.525590703333151055
33048.731010889692698 37.518519635521286659
33048.776511679432588 37.511448567709422264
33048.822012469172478 37.504377499897557868
33048.867513258919644 37.497306432085693473
33048.913014048659534 37.490235364273829077
33048.958514838399424 37.483164296461964682
33049.00401562814659 37.476093228650100286
33049.04951641788648 37.469022160838235891
33049.095017207633646 37.461951093026371495
33049.140517997373536 37.4548800252145071
33049.186018787113426 37.447808957402642704
33049.231519576860592 37.440737889590778309
33049.277020366600482 37.433666821778913913
33049.322521156340372 37.426595753967049518
33049.368021946087538 37.419524686155185123
33049.413522735827428 37.412453618343320727
33049.459023525567318 37.405382550531456332
33049.504524315314484 37.398311482719591936
33049.550025105054374 37.391240414907727541
33049.59552589480154 37.384169347095863145
33049.64102668454143 37.37709827928399875
33049.68652747428132 37.370027211472134354
33049.732028264028486 37.362956143660269959
33049.777529053768376 37.355885075848405563
33049.823029843508266 37.348814008036541168
33049.868530633255432 37.341742940224676772
33049.914031422995322 37.334671872412812377
33049.959532212735212 37.327600804600947981
33050.005033002482378 37.320529736789083586
33050.050533792222268 37.31345866897721919
33050.096034581962158 37.306387601165354795
33050.141535371709324 37.299316533353490399
33050.187036161449214 37.292245465541626004
33050.23253695119638 37.285174397729761608
33050.27803774093627 37.278103329917897213
33050.32353853067616 37.271032262106032817
33050.369039320423326 37.263961194294168422
33050.414540110163216 37.256890126482304026
33050.460040899903106 37.249819058670439631
33050.505541689650272 37.242747990858575236
33050.551042479390162 37.23567692304671084
33050.596543269130052 37.228605855234846445
33050.642044058877218 37.221534787422982049
33050.687544848617108 37.214463719611117654
33050.733045638356998 37.207392651799253258
33050.778546428104164 37.200321583987388863
33050.824047217844054 37.193250516175524467
33050.86954800759122 37.186179448363660072
33050.91504879733111 37.179108380551795676
33050.960549587071 37.172037312739931281
33051.006050376818166 37.164966244928066885
33051.051551166558056 37.15789517711620249
33051.097051956297946 37.150824109304338094
33051.142552746045112 37.143753041492473699
33051.188053535785002 37.136681973680609303
33051.233554325524892 37.129610905868744908
33051.279055115272058 37.122539838056880512
33051.324555905011948 37.115468770245016117
33051.370056694751838 37.108397702433151721
33051.415557484499004 37.101326634621287326
33051.461058274238894 37.09425556680942293
33051.50655906398606 37.087184498997558535
33051.55205985372595 37.080113431185694139
33051.59756064346584 37.073042363373829744
33051.643061433213006 37.065971295561965348
33051.688562222952896 37.058900227750100953
33051.734063012692786 37.051829159938236558
33051.779563802439952 37.044758092126372162
33051.825064592179842 37.037687024314507767
33051.870565381919732 37.030615956502643371
33051.916066171666898 37.023544888690778976
33051.961566961406788 37.01647382087891458
33052.007067751146678 37.009402753067050185
33052.052568540893844 37.002331685255185789
33052.098069330633734 36.995260617443321394
33052.1435701203809 36.988189549631456998
33052.18907091012079 36.981118481819592603
33052.23457169986068 36.974047414007728207
33052.280072489607846 36.966976346195863812
33052.325573279347736 36.959905278383999416
33052.371074069087626 36.952834210572135021
33052.416574858834792 36.945763142760270625
33052.462075648574682 36.93869207494840623
33052.507576438314572 36.931621007136541834
33052.553077228061738 36.924549939324677439
33052.598578017801628 36.917478871512813043
33052.644078807548794 36.910407803700948648
33052.689579597288684 36.903336735889084252
33052.735080387028574 36.896265668077219857
33052.78058117677574 36.889194600265355461
33052.82608196651563 36.882123532453491066
33052.871582756255521 36.875052464641626671
33052.917083546002686 36.867981396829762275
33052.962584335742577 36.86091032901789788
33053.008085125482467 36.853839261206033484
33053.053585915229633 36.846768193394169089
33053.099086704969523 36.839697125582304693
33053.144587494709413 36.832626057770440298
33053.190088284456579 36.825554989958575902
33053.235589074196469 36.818483922146711507
33053.281089863943635 36.811412854334847111
33053.326590653683525 36.804341786522982716
33053.372091443423415 36.79727071871111832
33053.417592233170581 36.790199650899253925
33053.463093022910471 36.783128583087389529
33053.508593812650361 36.776057515275525134
33053.554094602397527 36.768986447463660738
33053.599595392137417 36.761915379651796343
33053.645096181877307 36.754844311839931947
33053.690596971624473 36.747773244028067552
33053.736097761364363 36.740702176216203156
33053.781598551104253 36.733631108404338761
33053.827099340851419 36.726560040592474365
33053.872600130591309 36.71948897278060997
33053.918100920338475 36.712417904968745574
33053.963601710078365 36.705346837156881179
33054.009102499818255 36.698275769345016784
33054.054603289565421 36.691204701533152388
33054.100104079305311 36.684133633721287993
33054.145604869045201 36.677062565909423597
33054.191105658792367 36.669991498097559202
33054.236606448532257 36.662920430285694806
33054.282107238272147 36.655849362473830411
33054.327608028019313 36.648778294661966015
33054.373108817759203 36.64170722685010162
33054.418609607499093 36.634636159038237224
33054.464110397246259 36.627565091226372829
33054.509611186986149 36.620494023414508433
33054.555111976733315 36.613422955602644038
33054.600612766473205 36.606351887790779642
33054.646113556213095 36.599280819978915247
33054.691614345960261 36.592209752167050851
33054.737115135700151 36.585138684355186456
33054.782615925440041 36.57806761654332206
33054.828116715187207 36.570996548731457665
33054.873617504927097 36.563925480919593269
33054.919118294666987 36.556854413107728874
33054.964619084414153 36.549783345295864478
33055.010119874154043 36.542712277484000083
33055.055620663901209 36.535641209672135687
33055.101121453641099 36.528570141860285503
33055.146622243388265 36.521499074048527689
33055.192123033142707 36.514428006236741453
33055.237623822918977 36.507356938424557313
33055.283124612731626 36.500285870611357097
33055.328625402609759 36.49321480279629526
33055.374126192567928 36.486143734978277564
33055.419626982642512 36.479072667155975296
33055.465127772862616 36.472001599327818155
33055.510628563271894 36.464930531492001364
33055.556129353906726 36.45785946364649277
33055.601630144818046 36.450788395789018637
33055.647130936056783 36.443717327917084958
33055.692631727681146 36.436646260027991673
33055.738132519749342 36.429575192118896609
33055.783633312334132 36.422504124186566798
33055.82913410551555 36.415433056227342945
33055.874634899373632 36.408361988237146534
33055.920135694010241 36.401290920211479829
33055.965636489527242 36.394219852145432981
33056.011137286041048 36.387148784033691129
33056.056638083668076 36.3800777158705273
33056.102138882539293 36.373006647649795298
33056.147639682785666 36.365935579364965236
33056.193140484552714 36.358864511009102216
33056.238641287993232 36.351793442574866333
33056.284142093267292 36.344722374054569514
33056.32964290054224 36.337651305440182625
33056.375143709999975 36.330580236723072574
33056.420644521836948 36.323509167894009408
33056.466145336256886 36.316438098943166324
33056.511646153478068 36.309367029860112552
33056.557146973726049 36.302295960633834682
33056.602647797240934 36.295224891252736654
33056.648148624277383 36.288153821704625557
33056.693649455090053 36.281082751976740042
33056.739150289962708 36.274011682055736117
33056.784651129171834 36.266940611927701354
33056.830151973008469 36.259869541578154895
33056.875652821785479 36.252798470992040336
33056.921153675815731 36.245727400153754161
33056.966654535426642 36.238656329047124416
33057.01215540094563 36.23158525765541782
33057.057656272729218 36.224514185961368185
33057.103157151126652 36.217443113947140887
33057.148658036501729 36.210372041594375503
33057.194158929232799 36.203300968884150279
33057.239659829705488 36.196229895797017662
33057.285160738312698 36.189158822312997188
33057.330661655454605 36.182087748411561279
33057.376162581545941 36.175016674071663658
33057.421663517001434 36.167945599271732249
33057.467164462257642 36.160874523989676277
33057.512665417751123 36.153803448202872062
33057.558166383932985 36.146732371888184332
33057.603667361254338 36.139661295021966225
33057.649168350180844 36.132590217580066394
33057.694669351185439 36.125519139537807689
33057.740170364748337 36.118448060870022687
33057.785671391357027 36.111376981551032372
33057.831172431506275 36.104305901554653246
33057.876673485705396 36.09723482085421864
33057.922174554463709 36.09016373942266398
33057.967675638305082 36.08309265723252679
33058.013176737767935 36.076021574255769053
33058.058677853397967 36.068950490463777214
33058.104178985755425 36.061879405827369283
33058.149680135407834 36.054808320316787729
33058.195181302937272 36.047737233901798959
33058.240682488940365 36.040666146551714633
33058.286183694028296 36.033595058235178499
33058.331684918826795 36.026523968920180607
33058.377186163976148 36.019452878574057308
33058.422687430138467 36.012381787163491254
33058.468188717975863 36.0053106946545185
33058.513690028172277 35.998239601012521405
33058.559191361426201 35.991168506202235733
33058.604692718450679 35.984097410187764865
33058.650194099973305 35.977026312932572694
33058.695695506728953 35.969955214399476517
33058.741196939474321 35.962884114550661252
33058.786698398973385 35.955813013347686535
33058.832199886004673 35.948741910751465412
33058.877701401353988 35.941670806722299858
33058.923202945836238 35.934599701219852363
33058.968704520259053 35.927528594203160139
33059.014206125459168 35.920457485630635119
33059.059707762280595 35.91338637546007817
33059.105209431567346 35.906315263648650671
33059.150711134192534 35.899244150152902932
33059.19621287103655 35.892173034928767095
33059.241714642987063 35.88510191793155002
33059.287216450946289 35.878030799115940397
33059.332718295823724 35.870959678436015849
33059.378220178543415 35.863888555845228723
33059.42372210004396 35.856817431296420295
33059.46922406127851 35.849746304741806568
33059.514726063200214 35.842675176132992476
33059.560228106776776 35.835604045420964781
33059.60573019299045 35.828532912556092072
33059.651232322830765 35.821461777488124767
33059.696734497301804 35.814390640166188007
33059.74223671740765 35.807319500538795864
33059.787738984181487 35.80024835855383003
33059.833241298649227 35.793177214158561128
33059.878743661858607 35.786106067299620292
33059.924246074864641 35.779034917923027592
33059.969748538729618 35.771963765974170713
33060.015251054523105 35.764892611397804956
33060.060753623336495 35.757821454138067452
33060.106256246261182 35.750750294138406105
33060.151758924410387 35.743679131341458799
33060.197261658904608 35.736607965689046296
33060.242764450878894 35.729536797122158021
33060.288267301475571 35.722465625580966275
33060.333770211858791 35.715394451004804921
33060.379273183199984 35.708323273332148062
33060.424776216685132 35.701252092500617152
33060.470279313514766 35.694180908446973888
33060.515782474896696 35.687109721107098892
33060.561285702053283 35.680038530415998821
33060.606788996221439 35.672967336307777941
33060.65229235865263 35.665896138715659447
33060.697795790612872 35.658824937571949931
33060.743299293375458 35.651753732807875963
33060.788802868235507 35.644682524353598296
33060.834306516509969 35.637611312138176345
33060.879810239523067 35.630540096089582391
33060.925314038620854 35.62346887613465185
33060.970817915156658 35.616397652199083268
33061.016321870505635 35.609326424207431216
33061.061825906064769 35.602255192083063662
33061.107330023238319 35.59518395574818328
33061.152834223452373 35.58811271512380614
33061.198338508154848 35.581041470129633808
33061.243842878808209 35.57397022068396808
33061.289347336896753 35.566898966703945462
33061.334851883941155 35.559827708105345323
33061.38035652146209 35.552756444802525948
33061.425861251031165 35.545685176708374797
33061.471366074219986 35.538613903734287192
33061.516870992643817 35.531542625790159207
33061.562376007939747 35.52447134278433083
33061.607881121759419 35.517400054623593064
33061.65338633578358 35.510328761213131088
33061.698891651729355 35.503257462456524252
33061.744397071328422 35.49618615825568213
33061.789902596341562 35.48911484851085163
33061.835408228558663 35.482043533120574352
33061.880913969791436 35.474972211981643966
33061.926419821887976 35.467900884989091992
33061.97192578670365 35.460829552036159384
33062.017431866144761 35.453758213014239686
33062.062938062124886 35.446686867812879029
33062.108444376601255 35.439615516319719291
33062.153950811552932 35.432544158420540725
33062.199457368988078 35.425472793999368548
33062.244964050943963 35.418401422938266876
33062.290470859501511 35.411330045117267673
33062.335977796763473 35.404258660414328119
33062.38148486486898 35.397187268705302188
33062.426992065993545 35.390115869863898013
33062.472499402349058 35.383044463761642362
33062.518006876176514 35.37597305026784511
33062.563514489753288 35.368901629249549501
33062.609022245393135 35.361830200571503724
33062.654530145438912 35.354758764096104073
33062.700038192269858 35.347687319683366525
33062.745546388308867 35.340615867190876997
33062.791054736007936 35.333544406473748722
33062.83656323786272 35.326472937384572504
33062.882071896397974 35.319401459773374086
33062.927580714174837 35.312329973487578627
33062.973089693798102 35.305258478371939646
33063.018598837901664 35.298186974268503491
33063.064108149170352 35.291115461016588029
33063.109617630325374 35.284043938452775535
33063.155127284124319 35.276972406410742167
33063.20063711336843 35.269900864721208222
33063.246147120902606 35.262829313211867088
33063.291657309615402 35.255757751707342607
33063.337167682439031 35.248686180029217496
33063.382678242349357 35.241614597995813085
33063.42818899237318 35.234543005422146678
33063.473699935588229 35.227471402119839183
33063.519211075108615 35.220399787897058275
33063.564722414106654 35.213328162558468648
33063.610233955798321 35.206256525905146759
33063.655745703457796 35.19918487773452398
33063.701257660402916 35.192113217840315542
33063.746769830002449 35.185041546012449487
33063.792282215683372 35.177969862037002713
33063.837794820916315 35.170898165696115711
33063.883307649230119 35.163826456767921513
33063.928820704204554 35.156754735026488845
33063.9743339894776 35.149683000241715547
33064.019847508745443 35.142611252179278836
33064.065361265747924 35.135539490600528723
33064.110875264290371 35.128467715262424065
33064.156389508243592 35.121395925917454406
33064.201904001514777 35.114324122313533394
33064.24741874809115 35.107252304193934833
33064.292933752010867 35.100180471297200313
33064.338449017370294 35.093108623357032627
33064.383964548324002 35.086036760102224719
33064.429480349099322 35.07896488125656731
33064.474996423981793 35.071892986538735215
33064.520512777322438 35.064821075662202077
33064.566029413537763 35.057749148335155098
33064.611546337095206 35.050677204260374253
33064.657063552549516 35.04360524313513281
33064.702581064513652 35.036533264651360753
33064.748098877673328 35.029461268495523996
33064.793616996779747 35.022389254348411214
33064.839135426671419 35.015317221885034371
33064.884654172245064 35.008245170774507926
33064.930173238484713 35.001173100679928041
33064.975692630447156 34.994101011258265999
33065.021212353261944 34.987028902160233201
33065.066732412145939 34.979956773030181694
33065.112252812388761 34.972884623505947843
33065.15777355935279 34.965812453218752864
33065.203294658494997 34.958740261793060711
33065.248816115352383 34.951668048846450176
33065.294337935541989 34.944595813989465682
33065.339860124760889 34.93752355682550359
33065.38538268879347 34.930451276950655881
33065.430905633518705 34.92337897395358226
33065.476428964888328 34.916306647415339626
33065.521952688955935 34.909234296909254169
33065.567476811862434 34.902161922000772165
33065.613001339843322 34.895089522247296543
33065.658526279214129 34.888017097198030569
33065.704051636392251 34.880944646393821529
33065.749577417889668 34.873872169367004403
33065.795103630312951 34.866799665641224237
33065.840630280370533 34.859727134731272713
33065.886157374858158 34.85265457614291762
33065.931684920687985 34.845581989372718112
33065.977212924859487 34.838509373907854183
33066.022741394481272 34.831436729225956128
33066.068270336763817 34.824364054794884282
33066.113799759026733 34.817291350072572698
33066.159329668691498 34.810218614506823087
33066.204860073296004 34.803145847535105872
33066.250390980480006 34.796073048584361231
33066.295922397992399 34.789000217070800147
33066.341454333713045 34.781927352399684139
33066.386986795616394 34.774854453965126311
33066.432519791800587 34.767781521149863977
33066.478053330480179 34.7607085533250455
33066.523587419993419 34.753635549849995812
33066.569122068794968 34.74656251007201746
33066.614657285463181 34.739489433326269818
33066.66019307870738 34.732416318935442234
33066.705729457360576 34.725343166209484025
33066.751266430394026 34.718269974445377102
33066.7968040068954 34.711196742926851755
33066.842342196097889 34.704123470924173489
33066.88788100736565 34.697050157693830386
33066.933420450208359 34.689976802478319939
33066.978960534259386 34.682903404505829315
33067.024501269304892 34.675829962989986655
33067.07004266527656 34.66875647712956976
33067.115584732237039 34.66168294610822187
33067.161127480416326 34.654609369094153237
33067.206670920175384 34.647535745239842697
33067.252215062035248 34.640462073681732136
33067.297759916669747 34.633388353539920956
33067.343305494905508 34.626314583917903178
33067.388851807736501 34.619240763902304536
33067.434398866309493 34.612166892562456155
33067.479946681945876 34.605092968950032173
33067.525495266127109 34.598018992098751312
33067.571044630502001 34.590944961024234772
33067.616594786908536 34.58387087472353727
33067.662145747344766 34.576796732174720717
33067.707697523997922 34.569722532336498944
33067.753250129244407 34.562648274147846905
33067.798803575627971 34.555573956527624091
33067.844357875888818 34.548499578374183727
33067.889913042963599 34.541425138564974873
33067.935469089970866 34.534350635956116093
33067.981026030225621 34.527276069381990453
33068.026583877246594 34.520201437654840504
33068.072142644741689 34.513126739564299328
33068.117702346629812 34.506051973876985528
33068.163262997033598 34.498977139336027165
33068.208824610286683 34.491902234660621218
33068.254387200933706 34.484827258545557527
33068.299950783723034 34.477752209660749827
33068.345515373635862 34.470677086650752585
33068.391080985857116 34.463601888134256512
33068.436647635804547 34.456526612703591184
33068.482215339121467 34.449451258924206343
33068.527784111669462 34.442375825334167416
33068.573353969557502 34.43530031044360129
33068.618924929120112 34.428224712734163404
33068.664497006924648 34.42114903065847642
33068.710070219793124 34.414073262639576001
33068.755644584780384 34.40699740707032106
33068.801220119195932 34.399921462312818221
33068.846796840596653 34.392845426697832067
33068.892374766786816 34.385769298524145654
33068.937953915839898 34.378693076057977862
33068.983534306084039 34.3716167575323297
33069.029115956116584 34.364540341146330604
33069.074698884789541 34.357463825064606056
33069.120283111238678 34.350387207416588353
33069.165868654868973 34.343310486295848705
33069.211455535369169 34.336233659759386683
33069.257043772697216 34.329156725826933894
33069.302633387109381 34.322079682480229224
33069.348224399138417 34.31500252766228698
33069.393816829622665 34.307925259276636609
33069.439410699691507 34.30084787518657663
33069.485006030772638 34.293770373214378822
33069.530602844592067 34.28669275114050663
33069.576201163195947 34.279615006702805147
33069.621801008936018 34.272537137595683987
33069.667402404476888 34.265459141469278848
33069.713005372803309 34.258381015928847546
33069.758609937234723 34.251302758533888948
33069.804216121410718 34.244224366797233472
33069.849823949298298 34.237145838184119384
33069.895433445213712 34.230067170111269093
33069.941044633815181 34.222988359945972547
33069.986657540095621 34.215909405005120902
33070.032272189404466 34.208830302554240177
33070.077888607447676 34.201751049806503602
33070.12350682028773 34.194671643921715543
33070.169126854343631 34.187592082005309635
33070.214748736398178 34.180512361107275865
33070.260372493619798 34.173432478221116071
33070.305998153533437 34.16635243028277813
33070.351625744056946 34.159272214169519089
33070.397255293493799 34.152191826698810928
33070.397255293493799 34.152191826698810928
33070.397255293493799 34.152191826698810928
33070.397255293493799 34.152191826698810928
33070.397255293493799 34.152191826698810928
33070.397255293493799 34.152191826698810928
33070.397255293493799 34.152191826698810928
33070.397255293493799 34.152191826698810928
33070.442886830518546 34.145111264627203695
33070.488520384213189 34.138030524649153108
33070.534155984045356 34.130949603395841052
33070.579793659897405 34.123868497434003189
33070.62543344203732 34.1167872032648134
33070.671075361169642 34.109705717322597707
33070.716719448391814 34.102624035973555294
33070.76236573523056 34.095542155514493743
33070.80801425363461 34.088460072171486104
33070.853665035981976 34.081377782098577711
33070.899318115087226 34.074295281376400624
33070.944973524201487 34.067212566010823593
33070.990631297019718 34.060129631931538086
33071.036291467673436 34.053046474990637194
33071.081954070752545 34.045963090961187447
33071.127619141305331 34.038879475535729568
33071.173286714831193 34.031795624324807648
33071.218956827302463 34.024711532855434371
33071.264629515157139 34.017627196569570458
33071.310304815306154 34.010542610822525944
33071.355982765140652 34.003457770881389877
33071.401663402531995 33.996372671923403175
33071.447346765831753 33.989287309034317275
33071.493032893893542 33.982201677206710144
33071.538721826058463 33.975115771338302295
33071.584413602169661 33.968029586230237271
33071.630108262572321 33.960943116585326607
33071.675805848120945 33.95385635700627347
33071.721506400179351 33.946769301993867884
33071.767209960627952 33.939681945945160635
33071.812916571871028 33.932594283151608749
33071.858626276829455 33.925506307797185457
33071.904339118955249 33.918418013956475932
33071.950055142231577 33.911329395592737512
33071.995774391180021 33.904240446555924393
33072.041496910860587 33.897151160580712315
33072.087222746871703 33.890061531284466412
33072.132951945364766 33.88297155216518064
33072.178684553029598 33.875881216599431411
33072.224420617116266 33.868790517840245968
33072.270160185435088 33.861699449014984964
33072.315903306349355 33.854608003123189519
33072.361650028782606 33.847516173034371434
33072.407400402225903 33.840423951485831822
33072.453154476737836 33.833331331080394477
33072.498912302951794 33.826238304284153458
33072.54467393206869 33.819144863424170921
33072.590439415871515 33.812051000686160762
33072.636208806703507 33.80495670811213671
33072.681982157504535 33.797861977598046224
33072.727759521796543 33.790766800891361754
33072.773540953668999 33.783671169588672001
33072.819326507800724 33.776575075133223436
33072.86511623946717 33.769478508812433404
33072.910910204518586 33.762381461755424539
33072.956708459394576 33.755283924930473916
33073.002511061124096 33.748185889142483518
33073.048318067325454 33.741087345030415179
33073.09412953620631 33.7339882830646971
33073.139945526556403 33.72688869354461616
33073.185766097754822 33.7197885665956818
33073.23159130977001 33.712687892167004122
33073.277421223159763 33.705586660028593826
33073.323255899063952 33.698484859768754518
33073.369095399204525 33.691382480791460807
33073.414939785885508 33.684279512313551663
33073.460789122000278 33.677175943361994825
33073.506643471009738 33.670071762771158319
33073.552502896964143 33.662966959180046445
33073.598367464473995 33.655861521029535766
33073.6442372387246 33.648755436559603993
33073.69011228546151 33.641648693806537551
33073.735992670997803 33.6345412806002102
33073.781878462199529 33.62743318456149666
33073.827769726485712 33.620324393099352278
33073.873666531821073 33.613214893407977968
33073.919568946723302 33.606104672464027772
33073.965477040233964 33.59899371702381643
33074.011390881925763 33.591882013620526948
33074.057310541895276 33.584769548561418162
33074.10323609074112 33.577656307925067836
33074.149167599578504 33.57054227755858733
33074.195105140017404 33.563427443074900225
33074.24104878414073 33.556311789849978311
33074.286998604511609 33.549195303020148629
33074.332954674166103 33.542077967479400513
33074.378917066584108 33.534959767876699743
33074.424885855682078 33.527840688613366638
33074.470861115820298 33.520720713840454152
33074.516842921759235 33.513599827456182823
33074.562831348666805 33.506478013103382807
33074.608826472089277 33.499355254167021201
33074.654828367958544 33.492231533771722241
33074.700837112555746 33.48510683477936567
33074.746852782489441 33.477981139786734843
33074.792875454710156 33.470854431123221673
33074.838905206452182 33.463726690848567102
33074.884942115248123 33.456597900750686847
33074.930986258885241 33.449468042343568186
33074.977037715398183 33.442337096865216495
33075.023096563047147 33.435205045275708358
33075.069162880296062 33.428071868255280208
33075.115236745783477 33.420937546202559076
33075.161318238293461 33.413802059232835973
33075.207407436755602 33.406665387176452953
33075.253504420201352 33.399527509577303874
33075.299609267734922 33.392388405691406206
33075.345722058511456 33.385248054485629154
33075.391842871715198 33.378106434636485744
33075.437971786515845 33.370963524529088318
33075.484108882061264 33.363819302256217725
33075.530254237426561 33.356673745617513305
33075.576407931584981 33.349526832118826292
33075.622570043393353 33.342378538971686908
33075.668740651526605 33.335228843092956197
33075.714919834477769 33.328077721104584441
33075.761107670507045 33.320925149333604054
33075.80730423759087 33.313771103812229057
33075.853509613407368 33.306615560278146404
33075.899723875292693 33.299458494175013357
33075.945947100197372 33.292299880653111188
33075.992179364642652 33.285139694570204938
33076.038420744691393 33.277977910492609226
33076.084671315904416 33.270814502696453019
33076.130931153275014 33.263649445169178875
33076.177200331221684 33.256482711611212721
33076.223478923515358 33.249314275437932054
33076.269767003243032 33.242144109781797567
33076.316064642764104 33.234972187494776108
33076.362371913659445 33.227798481150976784
33076.408688886680466 33.220622963049571297
33076.45501563171274 33.213445605217927437
33076.501352217703243 33.206266379415055212
33076.547698712638521 33.199085257135301674
33076.594055183464661 33.191902209612329955
33076.640421696058183 33.184717207823354101
33076.686798315153283 33.177530222493771817
33076.733185104305448 33.17034122410205299
33076.779582125833258 33.163150182884884032
33076.825989440745616 33.155957068842589308
33076.872407108719926 33.148761851744900753
33076.918835188014782 33.1415645011370259
33076.965273735426308 33.134364986346049875
33077.011722806229955 33.127163276487635812
33077.058182454129565 33.119959340473073439
33077.104652731184615 33.11275314701666872
33077.15113368776656 33.105544664643431929
33077.197625372486073 33.098333861697135205
33077.244127832142112 33.091120706348704061
33077.290641111670993 33.083905166604935744
33077.337165254073625 33.076687210317579968
33077.383700300357305 33.069466805192746506
33077.430246289477509 33.062243918800689357
33077.47680325829424 33.055018518585896459
33077.52337124148471 33.047790571877555976
33077.569950271514244 33.040560045900356556
33077.616540378556238 33.033326907785642845
33077.663141590441228 33.026091124582890757
33077.709753932598687 33.018852663271552217
33077.756377427998814 33.011611490773212552
33077.8030120971016 33.004367573964103144
33077.849657957791351 32.99712087968816121
33077.896315025325748 32.989871374770181944
33077.942983312292199 32.982619026029254883
33077.98966282854235 32.975363800292562644
33078.036353581141157 32.968105664409456779
33078.083055574315949 32.960844585265874684
33078.129768809405505 32.9535805297989981
33078.176493284816388 32.946313465012238453
33078.223228995979298 32.939043357990456684
33078.269975935276307 32.931770175915481502
33078.316734092033585 32.924493886081847904
33078.36350345244864 32.917214455912798599
33078.410283999568492 32.909931852976477273
33078.457075713238737 32.902646045002384767
33078.503878570074448 32.895356999898005768
33078.550692543409241 32.888064685765598938
33078.597517603280721 32.880769070919221519
33078.644353716386831 32.873470123901832096
33078.691200846071297 32.86616781350259231
33078.738058952272695 32.858862108774246735
33078.784927991524455 32.851552979050623549
33078.831807916925754 32.844240393964227565
33078.878698678105138 32.836924323463875908
33078.925600221235072 32.829604737832397632
33078.972512488995562 32.822281607704340445
33079.019435420566879 32.814954904083705856
33079.066368951629556 32.807624598361648793
33079.113313014349842 32.800290662334134595
33079.160267537379696 32.792953068219567569
33079.207232445871341 32.785611788676298772
33079.254207661455439 32.778266796820048512
33079.30119310227019 32.770918066241208066
33079.348188682961336 32.763565571021985079
33079.395194314703986 32.756209285753378424
33079.442209905202617 32.748849185552039387
33079.489235358734732 32.741485246076820204
33079.536270576150855 32.734117443545102333
33079.583315454910917 32.726745754748833406
33079.630369889127905 32.719370157070287064
33079.677433769575146 32.711990628497524369
33079.724506983744504 32.70460714763954968
33079.77158941586822 32.697219693741004676
33079.818680946977111 32.689828246696698955
33079.865781454944226 32.682432787065536672
33079.91289081452851 32.675033296084087908
33079.960008897440275 32.667629755679961079
33080.007135572377592 32.660222148484329807
33080.054270705106319 32.652810457844061887
33080.10141415851831 32.645394667833400604
33080.148565792675072 32.637974763265127365
33080.195725464909628 32.630550729701170098
33080.242893029870174 32.623122553462678752
33080.290068339592835 32.615690221639546564
33080.337251243603532 32.608253722099298955
33080.384441588968912 32.6008130434954424
33080.431639220383659 32.59336817527516672
33080.478843980265083 32.585919107686457608
33080.526055708825879 32.578465831784534146
33080.573274244168715 32.571008339437689472
33080.620499422366265 32.563546623332463525
33080.667731077563076 32.556080676978147892
33080.714969042070152 32.548610494710651153
33080.762213146452268 32.541136071695667908
33080.809463219622558 32.533657403931201202
33080.85671908895165 32.526174488249388617
33080.903980580347707 32.518687322317667565
33080.95124751838739 32.511195904639237142
33080.998519726388622 32.503700234552887594
33081.045797026519722 32.496200312232105034
33081.093079239915824 32.488696138683536674
33081.140366186758911 32.481187715744788136
33081.187657686408784 32.473675046081531548
33081.234953557483095 32.466158133184002565
33081.282253617981041 32.458636981362793961
33081.329557685363397 32.451111595744059457
33081.376865576690761 32.443581982264063868
33081.424177108696313 32.436048147663129271
33081.471492097902228 32.428510099478955908
33081.518810360728821 32.420967846039353333
33081.566131713581854 32.413421396454417334
33081.61345597296895 32.405870760608110004
33081.66078295558691 32.398315949149306903
33081.708112478438125 32.390756973482289993
33081.755444358903333 32.383193845756771623
33081.802778414865315 32.375626578857357174
33081.85011446478893 32.368055186392680866
33081.897452327830251 32.360479682684207603
33081.944791823909327 32.352900082754068478
33081.992132773819321 32.345316402312725756
33082.039474999313825 32.337728657746247052
33082.086818323179614 32.330136866103210025
33082.134162569353066 32.322541045081251809
33082.18150756295654 32.314941213013298693
33082.228853130422067 32.307337388853412108
33082.276199099549558 32.299729592162364611
33082.32354529958684 32.292117843092938756
33082.370891547812789 32.284502164543788183
33082.418237606674666 32.276882589064520346
33082.465583311037335 32.269259138377393015
33082.512928497526445 32.261631834729968205
33082.56027300459391 32.254000700879544183
33082.607616672576114 32.246365760077459583
33082.654959343744849 32.238727036053248298
33082.702300862365519 32.231084552998723325
33082.749641074755345 32.223438335551961131
33082.796979829327029 32.21578840878124339
33082.844316976632399 32.208134798168927659
33082.89165236941335 32.200477529595325166
33082.938985862638219 32.19281662932255017
33082.986317313545442 32.185152123978390648
33083.033646581672656 32.177484040540228705
33083.080973528893082 32.169812406318968101
33083.128298019451904 32.162137248943075463
33083.175619919988094 32.154458596342706755
33083.22293909957807 32.146776476734018502
33083.270255429735698 32.139090918603500313
33083.317568784455943 32.131401950692378477
33083.364879040222149 32.123709601981190076
33083.412186076020589 32.116013901674492104
33083.459489773362293 32.108314879185755331
33083.506790016283048 32.100612564122407377
33083.554086691372504 32.092906986271088954
33083.601379687759618 32.085198175583045099
33083.648668897127209 32.077486162159765115
33083.695954213711957 32.069770976238842763
33083.743235534318956 32.062052648180063841
33083.790512758299883 32.054331208451735336
33083.837785787567555 32.046606687617263276
33083.885054526574095 32.038879116321950846
33083.932318882318214 32.031148525280102035
33083.979578764330654 32.023414945262395293
33084.026834084681468 32.015678407083726142
33084.074084757936362 32.007938941591071114
33084.121330701178522 32.000196579651635886
33084.168571833979513 31.992451352141273446
33084.215808078377449 31.984703289933161585
33084.263039358862443 31.976952423886796595
33084.310265602362051 31.969198784837256966
33084.357486738226726 31.961442403584744198
33084.404702698200708 31.9536833108844327
33084.451913416400203 31.945921537436589688
33084.499118829291547 31.938157113876989968
33084.546318875669385 31.930390070767622035
33084.593513496634841 31.92262043858767484
33084.640702635551861 31.914848247724826535
33084.687886238047213 31.90707352846679612
33084.735064251959557 31.899296310993204173
33084.782236627332168 31.891516625367689386
33084.82940331636928 31.883734501530362593
33084.87656427341426 31.875949969290687136
33084.923719454920501 31.868163058320469361
33084.970868819429597 31.86037379814708359
33085.018012327527686 31.852582218146988424
33085.065149941816344 31.844788347539473961
33085.112281626890763 31.836992215380703897
33085.159407349303365 31.829193850557988554
33085.206527077527426 31.821393281784327911
33085.25364078192797 31.813590537593206875
33085.300748434732668 31.80578564633361438
33085.347850009988178 31.797978636165325383
33085.394945483538322 31.790169535054410233
33085.442034832994977 31.782358370769006939
33085.489118037701701 31.774545170875470035
33085.536195078690071 31.766729962734604698
33085.583265938672412 31.758912773498085613
33085.630330601990863 31.7510936301050819
33085.677389054580999 31.743272559279088085
33085.724441283964552 31.735449587524964699
33085.77148727918393 31.727624741126170704
33085.818527030787664 31.719798046142198444
33085.865560530801304 31.711969528406289243
33085.912587772698316 31.704139213523337304
33085.959608751349151 31.6963071268679073
33086.006623463013966 31.688473293582656964
33086.053631905298971 31.680637738576766793
33086.1006340771346 31.672800486524437247
33086.147629978739133 31.664961561863535167
33086.194619611582311 31.657120988794407168
33086.241602978378069 31.649278791278877776
33086.288580083019042 31.641434993039343482
33086.33555093058385 31.633589617558012463
33086.382515527286159 31.625742688076272202
33086.429473880445585 31.617894227594199208
33086.476425998473132 31.610044258870178879
33086.523371890820272 31.602192804420663919
33086.570311567978933 31.594339886520042882
33086.617245041423303 31.586485527200615309
33086.664172323617095 31.578629748252691201
33086.711093427948072 31.570772571224789971
33086.758008368735318 31.562914017423928215
33086.804917161185585 31.555054107916024719
33086.851819821371464 31.547192863526387185
33086.898716366202279 31.539330304840291319
33086.945606813402264 31.531466452203641637
33086.992491181488731 31.523601325723724642
33087.039369489742967 31.51573494527004371
33087.086241758195683 31.507867330475249901
33087.133108007597912 31.499998500736111851
33087.179968259399175 31.492128475214563821
33087.22682253572566 31.48425727283880704
33087.273670859351114 31.476384912304492758
33087.320513253696845 31.468511412076033196
33087.367349742780789 31.460636790387887629
33087.41418035121751 31.452761065245869787
33087.46100510420365 31.444884254428540515
33087.507824027488823 31.437006375488643073
33087.554637147346511 31.429127445754652115
33087.601444490574067 31.421247482332308465
33087.648246084456332 31.413366502106168099
33087.695041956758359 31.405484521741204418
33087.741832135710865 31.397601557684431839
33087.788616649966571 31.389717626166593334
33087.835395528614754 31.381832743203840863
33087.882168801152147 31.373946924599479757
33087.928936497446557 31.366060185945723759
33087.975698647751415 31.358172542625545987
33088.02245528268395 31.350284009814608055
33088.069206433196086 31.342394602483096833
33088.115952130567166 31.334504335397578956
33088.162692406403949 31.32661322312290153
33088.209427292604232 31.318721280024160336
33088.256156821364129 31.310828520268593422
33088.302881025156239 31.302934957827506679
33088.349599936715094 31.295040606478192302
33088.396313589015335 31.287145479805865023
33088.443022015278984 31.279249591205616099
33088.489725248946343 31.271352953884356651
33088.536423323668714 31.263455580862789418
33088.583116273286578 31.255557484977369853
33088.629804131836863 31.24765867888227433
33088.676486933531123 31.23975917505137545
33088.723164712733706 31.231858985780224458
33088.769837503961753 31.223958123188019442
33088.816505341885204 31.216056599219587753
33088.863168261290411 31.208154425647361307
33088.909826297094696 31.20025161407334835
33088.956479484309966 31.192348175931108756
33089.003127858064545 31.184444122487718687
33089.049771453566791 31.176539464845735239
33089.096410306112375 31.168634213945079381
33089.143044451069727 31.160728380564986395
33089.189673923865485 31.152821975325949211
33089.236298759991769 31.144915008691654634
33089.282918994977081 31.137007490970919577
33089.329534664393577 31.129099432319613072
33089.376145803857071 31.121190842742567639
33089.42275244899065 31.113281732095490639
33089.469354635439231 31.105372110086850768
33089.515952398862282 31.097461986279771651
33089.562545774919272 31.089551370094000049
33089.609134799269668 31.081640270807849191
33089.65571950757294 31.073728697560046186
33089.702299935466726 31.065816659351572326
33089.748876118581393 31.057904165047478529
33089.7954480925182 31.049991223378789584
33089.842015892849304 31.042077842944383548
33089.888579555110482 31.034164032212796513
33089.935139114801132 31.026249799523977657
33089.981694607376994 31.018335153091072698
33090.028246068242879 31.010420101002146964
33090.074793532752665 31.002504651221929777
33090.121337036194745 30.994588811593533961
33090.167876613792032 30.986672589840154046
33090.214412300709228 30.978755993566750249
33090.260944132038276 30.970839030261725355
33090.307472142783809 30.96292170729858384
33090.353996367884974 30.955004031937576769
33090.400516842186335 30.94708601132742487
33090.44703360045969 30.939167652506984751
33090.493546677374979 30.931248962406847625
33090.540056107522105 30.92332994785091671
33090.586561925389105 30.915410615557984642
33090.633064165369433 30.907490972143275343
33090.679562861761951 30.899571024120010776
33090.726058048756386 30.891650777901052294
33090.772549760447873 30.883730239800406991
33090.819038030836964 30.875809416034723398
33090.865522893807793 30.867888312724776512
33090.91200438314263 30.859966935897045204
33090.958482532521884 30.852045291485190148
33091.004957375516824 30.84412338533147846
33091.051428945575026 30.83620122318819412
33091.09789727604948 30.828278810719048408
33091.144362400169484 30.820356153500551244
33091.190824351047922 30.812433257023386091
33091.237283161681262 30.804510126693809724
33091.283738864956831 30.796586767835016474
33091.330191493638267 30.788663185688463386
33091.376641080365516 30.780739385415170517
33091.423087657662109 30.772815372097017672
33091.469531257935159 30.764891150738034042
33091.515971913460817 30.756966726265758894
33091.562409656406089 30.749042103532634229
33091.608844518799742 30.741117287317237583
33091.655276532561402 30.733192282325486389
33091.701705729487003 30.725267093191860113
33091.748132141234237 30.717341724480569098
33091.794555799358932 30.709416180686819331
33091.840976735278673 30.701490466238073651
33091.88739498029463 30.69356458549520994
33091.933810565584281 30.685638542753657987
33091.980223522194137 30.677712342244518595
33092.026633881068847 30.66978598813573953
33092.073041673007538 30.661859484533355413
33092.119446928714751 30.65393283548258907
33092.165849678756786 30.646006044968903126
33092.212249953583523 30.638079116919072931
33092.258647783528431 30.630152055202220396
33092.305043198808562 30.622224863630844283
33092.351436229524552 30.614297545961850489
33092.397826905653346 30.606370105897546807
33092.444215257055475 30.598442547086644794
33092.490601313475054 30.590514873125243867
33092.536985104547057 30.582587087557794092
33092.583366659782769 30.574659193878066077
33092.62974600859161 30.566731195530099541
33092.676123180252034 30.558803095909134129
33092.722498203947907 30.550874898362543775
33092.76887110874668 30.542946606190746195
33092.815241923599388 30.535018222648151465
33092.861610677362478 30.527089750944103486
33092.90797739878326 30.519161194243750401
33092.954342116507178 30.51123255566892567
33093.00070485908509 30.503303838298990058
33093.047065654965991 30.495375045171702055
33093.093424532504287 30.487446179284088288
33093.139781519959797 30.479517243593324594
33093.186136645497754 30.471588241017570908
33093.232489937196078 30.463659174436926946
33093.278841423038102 30.45573004669429551
33093.3251911309344 30.447800860596210271
33093.371539088715508 30.439871618913613815
33093.417885324124654 30.431942324382657006
33093.464229864839581 30.424012979705441495
33093.510572738465271 30.416083587550730272
33093.556913972533948 30.408154150554729256
33093.603253594519629 30.400224671321911529
33093.649591631823569 30.392295152425777616
33093.695928111788817 30.384365596409580235
33093.742263061700214 30.376436005787049055
33093.788596508777118 30.368506383043111896
33093.834928480195231 30.360576730634601716
33093.88125900306477 30.352647050990952948
33093.927588104445022 30.344717346514904932
33093.973915811344341 30.336787619583184039
33094.020242150727427 30.328857872547192898
33094.066567149508046 30.320928107733681856
33094.11289083455631 30.312998327445413338
33094.159213232698676 30.305068533961826205
33094.205534370717942 30.297138729539703661
33094.251854275367805 30.289208916413809192
33094.298172973365581 30.281279096797540262
33094.344490491384931 30.273349272883564254
33094.390806856070412 30.265419446844454399
33094.437122094037477 30.257489620833318611
33094.48343623187975 30.249559796984421212
33094.52974929616903 30.241629977413804653
33094.576061313440732 30.233700164219904138
33094.622372310223 30.225770359484151584
33094.66868231301487 30.217840565271583131
33094.714991348308104 30.209910783631439557
33094.761299442587188 30.201981016597759577
33094.807606622314779 30.194051266189983806
33094.853912913953536 30.186121534413626222
33094.900218343958841 30.178191823260881677
33094.94652293879335 30.1702621347112796
33094.992826724919723 30.162332470732518885
33095.039129728822445 30.15440283328107185
33095.085431976978725 30.146473224302763327
33095.131733495894878 30.138543645733328447
33095.178034312091768 30.130614099498981062
33095.224334452112089 30.12268458751696798
33095.270633942513086 30.114755111696133838
33095.316932809888385 30.106825673937468224
33095.363231080853438 30.098896276134670558
33095.409528782052803 30.09096692017468655
33095.455825940167415 30.083037607938280189
33095.502122581921867 30.075108341300655468
33095.548418734084407 30.067179122132003499
33095.594714423466939 30.059249952297996344
33095.641009676946851 30.051320833660341236
33095.687304521445185 30.043391768077313486
33095.733598983955744 30.035462757404307155
33095.779893091530539 30.027533803494375064
33095.826186871287064 30.019604908198772364
33095.872480350415572 30.011676073367496542
33095.9187735561718 30.003747300849830992
33095.965066515891522 29.995818592494881472
33096.011359256990545 29.98788995015212322
33096.05765180697199 29.979961375671933865
33096.103944193419011 29.972032870906140545
33096.150236444002076 29.964104437708556361
33096.196528586486238 29.956176077935534607
33096.24282064873114 29.948247793446494569
33096.289112658698286 29.940319586104465088
33096.335404644451046 29.932391457776581944
33096.381696632182866 29.924463410672458963
33096.427988638017268 29.916535448753258208
33096.474280690294108 29.90860757391170921
33096.520572817469656 29.900679788047209939
33096.566865048123873 29.892752093066388142
33096.613157410960412 29.884824490883662662
33096.659449934806617 29.876896983421804777
33096.705742648635351 29.868969572612492414
33096.752035581543169 29.861042260396882142
33096.79832876277942 29.853115048726465375
33096.844622221724421 29.845187939563718516
33096.890915987925837 29.83726093488241915
33096.937210091076849 29.829334036668228691
33096.983504561045265 29.821407246919271472
33097.029799427851685 29.81348056764671739
33097.076094721691334 29.805554000875375209
33097.122390472934057 29.797627548644289419
33097.168686712124327 29.789701213007351299
33097.21498346998851 29.781774996033909986
33097.261280777434877 29.773848899809383539
33097.307578665568144 29.765922926435891327
33097.353877165682206 29.757997078032875748
33097.400176309267408 29.750071356737713302
33097.446476128025097 29.742145764706361177
33097.492776653860346 29.734220304113978983
33097.539077918889234 29.726294977155596655
33097.585379955438839 29.718369786046764602
33097.631682796069072 29.710444733024196751
33097.677986473558121 29.702519820346445556
33097.724291020917008 29.694595050294555705
33097.770596471389581 29.686670425172749788
33097.816902858467074 29.678745947309106867
33097.863210215873551 29.670821619056255258
33097.909518577595009 29.662897442792075964
33097.955827977864828 29.654973420920541116
33098.002138451178325 29.647049555872481363
33098.048450032307301 29.639125850106154303
33098.09476275628549 29.631202306108193056
33098.141076658444945 29.62327892639448379
33098.1873917743942 29.615355713510616908
33098.233708140047383 29.607432670032654443
33098.28002579160966 29.599509798567900987
33098.32634476559906 29.591587101755685296
33098.372665098846483 29.583664582268159648
33098.41898682849569 29.575742242811099203
33098.465309992017865 29.567820086124729784
33098.51163462720433 29.559898114984541451
33098.55796077218838 29.551976332202144704
33098.604288465445279 29.544054740626108924
33098.650617745784984 29.536133343142836338
33098.696948652381252 29.528212142677439545
33098.743281224757084 29.520291142194629685
33098.789615502799279 29.512370344699625946
33098.835951526780264 29.504449753239072152
33098.882289337328984 29.496529370902077716
33098.928628975467291 29.488609200821173317
33098.974970482602657 29.480689246173252371
33099.021313900550012 29.472769510180551578
33099.06765927150991 29.464849996111695418
33099.114006638097635 29.456930707282985793
33099.160356043357751 29.449011647059329277
33099.206707530749554 29.441092818855249647
33099.25306114416162 29.433174226135953688
33099.299416927919083 29.425255872418389913
33099.345774926798185 29.417337761272357
33099.392135186019004 29.40941989632166198
33099.438497751274554 29.40150228124515408
33099.484862668708956 29.393584919777854481
33099.531229984946549 29.385667815712125162
33099.577599747091881 29.37775097289884485
33099.623972002736991 29.369834395248602732
33099.67034679997596 29.361918086732931243
33099.716724187390355 29.354002051385538863
33099.763104214085615 29.346086293303567771
33099.80948692966922 29.338170816648876382
33099.855872384287068 29.33025562564934674
33099.902260628616204 29.322340724600202577
33099.94865171386482 29.314426117865359345
33099.995045691794076 29.306511809878788455
33100.041442614718108 29.298597805145913497
33100.0878425355113 29.290684108245020667
33100.134245507622836 29.282770723828704718
33100.180651585076703 29.274857656625322022
33100.227060822486237 29.266944911440475607
33100.273473275061406 29.259032493158549926
33100.319888998601527 29.251120406744231417
33100.366308049531654 29.243208657244071702
33100.41273048488074 29.235297249788082752
33100.459156362318026 29.227386189591360477
33100.505585740138486 29.219475481955914375
33100.55201867728465 29.211565132272436784
33100.598455233361165 29.20365514602177015
33100.644895468634786 29.195745528776591016
33100.691339444048936 29.187836286203172165
33100.737787221223698 29.17992742406314477
33100.78423886247765 29.17201894821531738
33100.830694430820586 29.164110864617633467
33100.877153989968065 29.15620317932902239
33100.923617604363244 29.148295898511275226
33100.9700853391696 29.140389028430959684
33101.016557260285481 29.132482575461381202
33101.063033434344106 29.124576546084583129
33101.109513928742672 29.116670946893517424
33101.155998811635072 29.108765784594403669
33101.202488151939178 29.100861066008512523
33101.248982019373216 29.092956798074251168
33101.295480484426662 29.0850529878493127
33101.341983618396625 29.077149642512853944
33101.388491493387846 29.069246769367694583
33101.435004182319972 29.061344375842562471
33101.481521758927556 29.053442469494527245
33101.528044297796441 29.045541058011412616
33101.574571874341927 29.037640149213963525
33101.621104564830603 29.029739751058230013
33101.667642446394893 29.02183987163796175
33101.714185597040341 29.013940519187059408
33101.760734095638327 29.006041702082050904
33101.807288021955173 28.998143428844588954
33101.853847456637595 28.990245708143998371
33101.900412481249077 28.982348548799880206
33101.946983178248047 28.974451959784747856
33101.993559631016979 28.966555950226947402
33102.040141923869669 28.958660529413393192
33102.086730142058514 28.95076570679195882
33102.133324371781782 28.942871491974194953
33102.179924700190895 28.934977894738143078
33102.226531215390423 28.927084925031071094
33102.273144006474467 28.919192592972283506
33102.319763163504831 28.911300908855988467
33102.366388777518296 28.903409883154193238
33102.413020940555725 28.895519526519716891
33102.45965974565479 28.887629849789316694
33102.506305286857241 28.87974086398656226
33102.55295765921619 28.871852580324841142
33102.599616958803381 28.863965010210407058
33102.646283282723743 28.856078165245456546
33102.692956729108118 28.848192057231237584
33102.739637397135084 28.840306698171257693
33102.786325387016404 28.832422100274662569
33102.833020800026134 28.824538275959429967
33102.879723738500616 28.816655237855488991
33102.926434305860312 28.808772998807651078
33102.973152606602525 28.800891571878700859
33103.019878746308677 28.793010970352678868
33103.066612831658858 28.785131207738185566
33103.113354970424552 28.777252297771706679
33103.160105271475913 28.769374254420956305
33103.206863844789041 28.761497091888241329
33103.253630801453255 28.753620824613932427
33103.300406253671099 28.745745467279846252
33103.347190314765612 28.737871034812648929
33103.393983099180332 28.729997542387273768
33103.440784722486569 28.722125005430367395
33103.487595301383408 28.714253439623739439
33103.534414953697706 28.706382860907829979
33103.581243798405922 28.698513285485173441
33103.628081955612288 28.690644729823890913
33103.674929546570638 28.682777210661182465
33103.721786693684408 28.674910745006837232
33103.768653520499356 28.667045350146725724
33103.815530151718121 28.659181043646299258
33103.862416713200219 28.651317843354092929
33103.909313331969315 28.64345576740531385
33103.956220136205957 28.635594834225297944
33104.003137255254842 28.627735062532952526
33104.050064819639374 28.619876471344252167
33104.097002961054386 28.612019079975784308
33104.143951812373416 28.60416290804842987
33104.190911507648707 28.596307975490699249
33104.237882182125759 28.588454302542185559
33104.284863972243329 28.580601909757014312
33104.331857015633432 28.572750818007296658
33104.378861451121338 28.564901048486557755
33104.425877418754681 28.557052622713221979
33104.472905059774348 28.54920556253439301
33104.519944516658143 28.541359890128955357
33104.566995933098951 28.533515628010889031
33104.614059454041126 28.525672799032651739
33104.661135225658654 28.517831426388550398
33104.708223395384266 28.509991533618251225
33104.755324111923983 28.502153144609756907
33104.802437525249843 28.494316283602511675
33104.849563786629005 28.486480975190577425
33104.896703048638301 28.478647244325824062
33104.943855465156958 28.470815116321258387
33104.991021191395703 28.462984616854335229
33105.038200383911317 28.455155771970296996
33105.085393200613908 28.447328608085484802
33105.132599800781463 28.439503151990642493
33105.179820345103508 28.431679430854256196
33105.227054995666549 28.423857472225847687
33105.274303915997734 28.41603730403930328
33105.321567271086678 28.408218954616234697
33105.368845227407292 28.400402452669421649
33105.416137952946883 28.392587827306375203
33105.463445617242542 28.384775108032513913
33105.510768391402962 28.376964324754673896
33105.558106448144827 28.369155507784686421
33105.605459961843735 28.361348687843037197
33105.652829108548758 28.353543896062809893
33105.700214066040644 28.3457411639934449
33105.747615013868199 28.337940523604576271
33105.795032133391942 28.330142007289946804
33105.842465607842314 28.322345647871518537
33105.889915622363333 28.3145514786036685
33105.9373823640708 28.306759533177554999
33105.984866022110509 28.298969845725636674
33106.032366787723731 28.29118245082633365
33106.079884854305419 28.283397383508908973
33106.127420417484245 28.27561467925852412
33106.174973675180809 28.267834374021546751
33106.222544827694946 28.260056504211060968
33106.270134077785769 28.252281106712651138
33106.317741630751698 28.244508218890455709
33106.365367694517772 28.236737878593697104
33106.413012479752069 28.228970124163552669
33106.460676199931186 28.221204994439975877
33106.508359071471205 28.213442528769082429
33106.556061313822283 28.205682767010937795
33106.60378314958507 28.19792574954775688
33106.651524804619839 28.190171517292565539
33106.699286508170189 28.182420111698331056
33106.747068493001279 28.174671574767675253
33106.794870995508973 28.166925949063092105
33106.842694255887181 28.159183277717509952
33106.890538518237008 28.151443604445606894
33106.938404030741367 28.143706973555740802
33106.986291045795952 28.135973429962550796
33107.034199820176582 28.128243019200294128
33107.082130615199276 28.120515787436950461
33107.130083696873044 28.112791781488994047
33107.178059336089063 28.105071048836986591
33107.226057808788028 28.09735363764200855
33107.274079396134766 28.089639596762953744
33107.322124384714698 28.081928975774761881
33107.370193066708453 28.074221824987603213
33107.418285740102874 28.066518195466855445
33107.466402708880196 28.058818139054221064
33107.514544283221767 28.051121708389743503
33107.562710779719055 28.043428956934945973
33107.610902521577373 28.035739938997235043
33107.659119838826882 28.028054709755544138
33107.707363068548148 28.020373325287348365
33107.755632555068587 28.012695842596386342
33107.803928650209855 28.00502231964187061
33107.852251713498845 27.997352815369112022
33107.900602112378692 27.989687389741501278
33107.948980222456157 27.982026103773918635
33107.997386427698075 27.974369019567298267
33108.045821120686014 27.966716200344531984
33108.094284702820005 27.959067710488287872
33108.142777584551368 27.951423615579727766
33108.191300185600994 27.943783982438745284
33108.239852935170347 27.936148879166161407
33108.288436272167019 27.928518375187060485
33108.337050645415729 27.920892541295703637
33108.385696513862058 27.913271449701454685
33108.434374346783443 27.905655174076372305
33108.483084623971081 27.898043789604411558
33108.531827835926379 27.890437373032085588
33108.580604484021023 27.8828360027206692
33108.629415080678882 27.87523975869979509
33108.678260149528796 27.867648722722524468
33108.727140225542826 27.860062978321792571
33108.776055855181767 27.85248261086817223
33108.825007596504292 27.844907707628930638
33108.873996019268816 27.837338357828169677
33108.923021705020801 27.829774652708195504
33108.972085247165523 27.822216685592056962
33109.021187251019001 27.814664551947164028
33109.070328333844373 27.807118349449748251
33109.119509124830074 27.799578178050168731
33109.168730265111662 27.792044140038932198
33109.217992407713609 27.784516340113132316
33109.267296217476542 27.776994885443411221
33109.31664237096993 27.769479885741301217
33109.366031556361122 27.761971453326740544
33109.415464473269822 27.754469703195752572
33109.46494183257164 27.746974753087428667
33109.514464356172539 27.739486723550989211
33109.564032776761451 27.732005738011931584
33109.613647837504686 27.724531922836899156
33109.663310291718517 27.717065407398173704
33109.713020902490825 27.709606324136103694
33109.7627804422591 27.702154808619905424
33109.812589692337497 27.694710999606527935
33109.862449442407524 27.687275039097119844
33109.912360489965067 27.679847072390963092
33109.962323639709211 27.672427248136077793
33110.012339702880126 27.665015718376594123
33110.062409496531473 27.65761263859634056
33110.112533842795528 27.650218167758360721
33110.162713568024628 27.642832468338898622
33110.212949501947151 27.63545570635719173
33110.263242476714368 27.628088051399554814
33110.313593325932743 27.620729676637495231
33110.364002883608919 27.613380758839277007
33110.41447198305832 27.606041478374468312
33110.465001455741003 27.59871201921107442
33110.515592130053847 27.591392568904577587
33110.56624483007181 27.584083318578453969
33110.616960374223709 27.576784462895826522
33110.667739573917061 27.569496200021255561
33110.718583232119272 27.562218731572457386
33110.769492141880619 27.554952262561570819
33110.820467084820848 27.547697001325207822
33110.87150882955757 27.540453159442932929
33110.922618130105548 27.533220951643599506
33110.973795724246884 27.526000595699265716
33111.025042331835721 27.518792312306175063
33111.076358653124771 27.511596324952293457
33111.127745367026364 27.504412859771207422
33111.179203129388043 27.497242145382003287
33111.230732571217231 27.490084412715091844
33111.282334296956833 27.482939894823690707
33111.334008882724447 27.475808826680879093
33111.385756874566141 27.468691444961972792
33111.437578786746599 27.461587987812446698
33111.489475100031996 27.454498694601515041
33111.541446260052908 27.447423805661504304
33111.593492675681773 27.440363562013374121
33111.645614717439457 27.433318205078730756
33111.69781271602551 27.426287976378855404
33111.750086960877525 27.419273117221447222
33111.80243769880326 27.412273868375681474
33111.85486513273645 27.405290469736179659
33111.90736942057265 27.398323159977220342
33111.959950674106949 27.391372176198053978
33112.01260895809537 27.384437753560867179
33112.065344289447239 27.377520124922241962
33112.118156636533968 27.370619520459079865
33112.17104591865791 27.363736167291051515
33112.224012005637633 27.356870289100982063
33112.277054717596911 27.350022105755019908
33112.330173824833764 27.343191832924098605
33112.383369047944143 27.336379681707864364
33112.436640058011108 27.329585858263722997
33112.489986477041384 27.322810563442537557
33112.543407878511061 27.316053992432845376
33112.596903788107738 27.30931633441541706
33112.650473684632743 27.302597772230093653
33112.704117001056147 27.295898482056692558
33112.757833125724574 27.289218633111715917
33112.811621403736353 27.282558387362644936
33112.865481138469477 27.275917899261337141
33112.919411593211407 27.269297315498111089
33112.973411992948968 27.262696774777889885
33113.027481526281917 27.256116407619671804
33113.081619347423839 27.249556336180386751
33113.135824578319443 27.24301667410415817
33113.190096310820081 27.236497526397833724
33113.244433608975669 27.229998989332987236
33113.298835511362995 27.223521150374924815
33113.353301033443131 27.217064088138677391
33113.407829169984325 27.210627872372405989
33113.462418897499447 27.204212563967782756
33113.517069176668883 27.197818214996836161
33113.571778954785259 27.191444868774233612
33113.626547168161778 27.185092559945204016
33113.681372744533292 27.178761314597938537
33113.736254605384602 27.172451150399314912
33113.791191668249667 27.166162076752385701
33113.846182848938042 27.159894094975207679
33113.901227063703118 27.153647198499559323
33113.956323231301212 27.147421373087954777
33114.011470274999738 27.141216597065387361
33114.066667124454398 27.135032841568580864
33114.121912717513624 27.128870070808662973
33114.177206001892046 27.122728242345846894
33114.232545936763927 27.116607307374323454
33114.287931494218356 27.1105072110157721
33114.343361660612572 27.104427892619824547
33114.398835437801608 27.098369286070138173
33114.454351844266057 27.092331320094039881
33114.509909916079778 27.086313918574351334
33114.565508707826666 27.080317000861853671
33114.621147293350077 27.074340482087031035
33114.676824766407663 27.068384273469554557
33114.732540241231618 27.062448282624274043
33114.788292852972518 27.056532413863010333
33114.844081758034008 27.050636568490457279
33114.899906134334742 27.044760645093429474
33114.955765181475726 27.038904539822727457
33115.011658120798529 27.033068146666249021
33115.067584195399832 27.027251357713158342
33115.123542670029565 27.021454063408697266
33115.179532830959943 27.01567615279854806
33115.235553985767183 27.009917513762630392
33115.291605463055021 27.004178033237987933
33115.347686612127291 26.99845759743050877
33115.403796802631405 26.992756092015294911
33115.459935424129071 26.987073402325616911
33115.516101885659737 26.981409413530414554
33115.572295615253097 26.975764010800478587
33115.628516059434332 26.970137079462897844
33115.684762682700239 26.964528505144595982
33115.741034966951702 26.958938173905170999
33115.797332410948002 26.953365972360455061
33115.853654529739288 26.947811787793948923
33115.910000854084501 26.942275508258237693
33115.966370929869299 26.936757022666782291
33116.022764317531255 26.931256220876417018
33116.079180591463228 26.925772993760737961
33116.135619339467667 26.920307233274936465
33116.192080162159982 26.914858832512500442
33116.248562672430126 26.909427685754202741
33116.305066494904167 26.904013688509760271
33116.361591265398602 26.898616737552561773
33116.418136630425579 26.893236730948281377
33116.474702246690867 26.887873568077111486
33116.531287780606363 26.882527149650865539
33116.587892907853529 26.877197377724836969
33116.644517312910466 26.87188415570508937
33116.70116068864445 26.866587388351476307
33116.757822735911759 26.861306981776746028
33116.814503163172049 26.856042843444406287
33116.871201686117274 26.85079488216170418
33116.927918027358828 26.845563008069362354
33116.984651916078292 26.84034713262933991
33117.04140308775095 26.83514716861023075
33117.098171283840202 26.829963030070693719
33117.154956251550175 26.824794632341319556
33117.211757743600174 26.819641892005023465
33117.268575517977297 26.814504726876275953
33117.32540933774726 26.809383055979782995
33117.382258970857947 26.80427679952829223
33117.439124189979339 26.799185878900154023
33117.496004772328888 26.794110216616569886
33117.552900499562384 26.789049736318823136
33117.609811157621152 26.784004362745900352
33117.666736536622921 26.77897402171207375
33117.723676430789055 26.773958640084718041
33117.780630638320872 26.768958145762791645
33117.837598961363256 26.763972467655889886
33117.894581205910072 26.759001535663614391
33117.951577181767789 26.754045280655617489
33118.008586702504545 26.749103634452460199
33118.065609585428319 26.744176529807194953
33118.122645651536004 26.739263900387900463
33118.179694725506124 26.734365680761072781
33118.236756635677011 26.72948180637606086
33118.293831214061356 26.724612213550624773
33118.350918296309828 26.719756839457463826
33118.350918296309828 26.719756839457463826
33118.350918296309828 26.719756839457463826
33118.350918296309828 26.719756839457463826
33118.350918296309828 26.719756839457463826
33118.350918296309828 26.719756839457463826
33118.40801772174018 26.714915622111604421
33118.465129333337245 26.710088500359113084
33118.522252977745666 26.705275413866576883
33118.579388505291718 26.700476303111699394
33118.636535769990587 26.695691109375090377
33118.693694629553647 26.690919774732702052
33118.750864945410285 26.686162242049515925
33118.808046582707902 26.681418454974185295
33118.865239410333743 26.676688357934377649
33118.92244330093672 26.671971896132962598
33118.979658130912867 26.66726901554511997
33119.036883780427161 26.662579662916108703
33119.094120133398974 26.657903785759717863
33119.151367077523901 26.653241332357360704
33119.208624504237378 26.648592251757243332
33119.265892308743787 26.643956493774307859
33119.323170389972802 26.639334008989756342
33119.380458650593937 26.634724748750866041
33119.437756996987446 26.630128665170495594
33119.495065339229768 26.625545711126409998
33119.552383591071703 26.620975840260790335
33119.609711669909302 26.616419006979700868
33119.667049496769323 26.611875166452090724
33119.724396996258292 26.607344274608369261
33119.781754096533405 26.602826288138626154
33119.83912072928797 26.598321164490297264
33119.896496829671378 26.59382886186564221
33119.953882336289098 26.589349339217900337
33120.011277191144472 26.584882556247055874
33120.068681339595059 26.580428473395159017
33120.12609473028715 26.575987051840954223
33120.183517315126664 26.571558253493783752
33120.240949049206392 26.567142040986801987
33120.298389890769613 26.562738377670022771
33120.355839801122784 26.558347227602116192
33120.41329874459916 26.553968555541441532
33120.470766688493313 26.549602326936192043
33120.528243602988368 26.545248507913672853
33120.585729461105075 26.540907065268914522
33120.643224238629045 26.536577966452192356
33120.70072791405255 26.532261179555579389
33120.75824046850903 26.527956673298881185
33120.815761885714892 26.523664417014554573
33120.873292151904025 26.51938438063180925
33120.930831255755038 26.515116534659977532
33120.988379188340332 26.510860850170875125
33121.045935943046061 26.506617298780504655
33121.103501515521202 26.502385852629679164
33121.161075903604797 26.498166484363753881
33121.218659107282292 26.493959167111668762
33121.276251128620061 26.489763874464713922
33121.333851971721742 26.48558058045487229
33121.391461642662762 26.481409259531123013
33121.449080149461224 26.4772498865349597
33121.506707502019708 26.473102436675098659
33121.564343712074333 26.468966885501735931
33121.621988793165656 26.464843208880086678
33121.679642760609568 26.460731382963022185
33121.737305631460913 26.456631384163589615
33121.794977424484387 26.452543189126444645
33121.852658160147257 26.448466774698783155
33121.910347860575712 26.444402117900658311
33121.968046549576684 26.440349195894558676
33122.025754252616025 26.436307985954353938
33122.083470996818505 26.432278465434098536
33122.141196810996917 26.428260611736675401
33122.198931725630246 26.424254402281764698
33122.256675772921881 26.420259814474171378
33122.314428986799612 26.416276825671342721
33122.372191402959288 26.412305413150949818
33122.42996305890847 26.408345554078671569
33122.487743994010088 26.404397225474596667
33122.545534249547927 26.400460404180311258
33122.603333868792106 26.39653506682621753
33122.661142897064565 26.392621189799250203
33122.718961381840927 26.388718749210436698
33122.776789372823259 26.384827720862364941
33122.834626922063762 26.380948080217304863
33122.892474084052083 26.377079802365368977
33122.950330915839004 26.373222861992811517
33123.008197477160138 26.369377233350952849
33123.066073830581445 26.365542890225601269
33123.123960041622922 26.36171980590689401
33123.181856178933231 26.357907953159603665
33123.239762314442487 26.354107304194013039
33123.297678523536888 26.35031783063776345
33123.355604885233333 26.34653950350858409
33123.413541482390428 26.342772293187778132
33123.471488401890383 26.339016169394419364
33123.529445734864566 26.335271101160518725
33123.58741357690451 26.331537056807231778
33123.645392028302012 26.327814003922071606
33123.703381194267422 26.32410190933732963
33123.761381185198843 26.320400739109409471
33123.819392116922245 26.316710458498949521
33123.8774141109825 26.313031031952235139
33123.93544729489804 26.309362423084433402
33123.993491802444623 26.305704594663932738
33124.051547773968196 26.302057508598366553
33124.109615356668655 26.298421125921279895
33124.167694704919995 26.294795406780213654
33124.225785980590445 26.291180310426128131
33124.283889353362611 26.28757579520446086
33124.342005001075449 26.283981818547637488
33124.400133110080787 26.280398336969259532
33124.458273875578016 26.276825306059130583
33124.516427501999715 26.273262680479962938
33124.574594203368179 26.269710413965515983
33124.632774203673762 26.26616845932039368
33124.690967737267783 26.262636768421259603
33124.749175049255427 26.259115292219341598
33124.807396395881369 26.255603980745078729
33124.865632044973609 26.252102783113649309
33124.923882276336371 26.248611647532190005
33124.982147382186668 26.245130521308499993
33125.040427667583572 26.2416593508611804
33125.098723450872058 26.238198081731262334
33125.157035064126831 26.234746658595096136
33125.215362853617989 26.231305025278665255
33125.273707180276688 26.227873124773310565
33125.332068420168071 26.224450899252691016
33125.39044696498604 26.221038290091364331
33125.448843222518917 26.217635237884113764
33125.507257617166033 26.214241682467651628
33125.56569059042522 26.210857562943509436
33125.624142601423955 26.207482817702143052
33125.68261412744323 26.204117384448213812
33125.741105664426868 26.200761200226914127
33125.799617727556324 26.197414201451575622
33125.858150851781829 26.194076323932470984
33125.916705592389917 26.190747502906678079
33125.975282525570947 26.187427673069120004
33126.033882249015733 26.184116768604862813
33126.092505382475792 26.180814723222400886
33126.151152568396355 26.177521470187926411
33126.209824472512992 26.174236942360497693
33126.268521784470067 26.170961072228902111
33126.327245218468306 26.16769379194856171
33126.385995513905073 26.164435033379437101
33126.444773436043761 26.161184728124695198
33126.503579776683182 26.157942807570055521
33126.562415354856057 26.154709202924266265
33126.621281017534784 26.151483845259960503
33126.680177640359034 26.14826666555508794
33126.739106128363346 26.145057594735241935
33126.798067416733829 26.141856563716640238
33126.857062471586687 26.138663503449556913
33126.916092290739471 26.13547834496257849
33126.975157904525986 26.132301019407371712
33127.034260376611201 26.129131458104247088
33127.093400804849807 26.125969592588120349
33127.152580322159338 26.122815354654939313
33127.211800097400555 26.119668676408693386
33127.271061336286948 26.11652949030894888
33127.330365282323328 26.113397729218185361
33127.389713217780809 26.110273326449906506
33127.449106464686338 26.107156215817660438
33127.508546385812224 26.104046331685204052
33127.568034385738429 26.100943609016628244
33127.627571911922132 26.097847983426984086
33127.68716045578185 26.094759391233537826
33127.746801553847035 26.091677769507452211
33127.806496788900404 26.088603056126018487
33127.866247791200294 26.085535189825595381
33127.926056239673926 26.082474110255109423
33127.985923863197968 26.079419758030198295
33128.04585244190821 26.076372074788054078
33128.105843808509235 26.073331003242984139
33128.165899849671405 26.070296487243002304
33128.22602250744967 26.067268471826888998
33128.286213780738763 26.064246903282111134
33128.346475726764766 26.061231729203811369
33128.406810462649446 26.058222898554593172
33128.467220166981861 26.055220361725304201
33128.52770708144817 26.052224070597258532
33128.588273512541491 26.049233978605322193
33128.648921833279019 26.046250040802174652
33128.709654484970088 26.043272213923852831
33128.770473979078815 26.040300456456719758
33128.831382899094024 26.037334728705882725
33128.892383902486472 26.03437499286529544
33128.953479722695192 26.031421213089675604
33129.014673171179311 26.028473355568056746
33129.075967139557179 26.025531388599208782
33129.137364601774607 26.022595282668817163
33129.198868616324035 26.019665010528772342
33129.260482328572834 26.016740547278910611
33129.32220897309162 26.013821870451252494
33129.384051876091689 26.010908960096720932
33129.446014457906131 26.008001798874975208
33129.508100235536403 26.005100372146838339
33129.570312825278961 26.00220466806970876
33129.632655945402803 25.999314677696307996
33129.695133418907062 25.996430395075769582
33129.757749176344078 25.993551817358738987
33129.820507258686121 25.990678944906708381
33129.883411820293986 25.987811781405014244
33129.946467131914687 25.984950333979934811
33130.009677583744633 25.982094613320136034
33130.073047688587394 25.979244633802842657
33130.136582085047849 25.976400413624439523
33130.200285540784535 25.973561974935620356
33130.264162955849315 25.970729343982011272
33130.32821936604887 25.967902551250187315
33130.392459946364397 25.965081631619213454
33130.456890014436794 25.962266624517955194
33130.521515034073673 25.959457574088329324
33130.586340618814575 25.956654529354711514
33130.651372535496193 25.953857544399774326
33130.716616707897629 25.951066678547128674
33130.782079220400192 25.948281996563302698
33130.847766321639938 25.945503568852181786
33130.913684428167471 25.942731471657424436
33130.979840128100477 25.939965787271766828
33131.046240184718044 25.937206604253258746
33131.11289154006954 25.934454017646991986
33131.179801318503451 25.931708129215031988
33131.246976830159838 25.928969047673142256
33131.314425574368215 25.926236888933939184
33131.382155242943554 25.923511776356157554
33131.450173723394983 25.920793840999866831
33131.518489101959858 25.918083221887364687
33131.587109666492324 25.91538006626916868
33131.656043909155414 25.912684529894232099
33131.725300528873049 25.909996777283744507
33131.794888433541928 25.907316981999574779
33131.864816741974209 25.904645326923716908
33131.935094785512774 25.901982004535550885
33132.005732109297242 25.899327217188080397
33132.076738473115256 25.896681177380877159
33132.148123851824494 25.894044108027998163
33132.219898435272626 25.891416242718499063
33132.292072627678863 25.888797825967085231
33132.36465704641887 25.886189113451948174
33132.437662520176673 25.883590372236167099
33132.511100086383522 25.881001880969879636
33132.584980987885501 25.878423930068233716
33132.659316668810789 25.875856821861393797
33132.734118769534689 25.873300870712107269
33132.809399120698799 25.87075640309555169
33132.885169736182434 25.868223757636609861
33132.961442804989929 25.865703285098803121
33133.038230681944697 25.863195348318068767
33133.115545877197292 25.860700322073913782
33133.193401044409256 25.858218592891880405
33133.271808967605466 25.855750558769017289
33133.350782546636765 25.853296628814216973
33133.430334781129204 25.850857222794690671
33133.510478752985364 25.848432770581304396
33133.591227607299516 25.846023711484118479
33133.672594531744835 25.843630493466978493
33133.754592734396283 25.841253572242994352
33133.837235420076468 25.838893410206324575
33133.920535765209934 25.836550475242905378
33134.004506891142228 25.834225239416401365
33134.089161835967388 25.831918177466754116
33134.174513524914801 25.829629765137212871
33134.26057473947003 25.8273604773553771
33134.347358085222368 25.825110786232592375
33134.434875958650082 25.822881158889071429
33134.523140512974351 25.820672055107756648
33134.61216362338746 25.818483924823411257
33134.701956851924479 25.816317205439069937
33134.792531411992968 25.814172318957901098
33134.883759490425291 25.812052858782891462
33134.974181203084299 25.809992198954429199
33135.063860456444672 25.807987393437961998
33135.152857513152412 25.806035683803759895
33135.241229034232674 25.804134488313525964
33135.329028626627405 25.802281380821870727
33135.416306770748633 25.800474083979000994
33135.503111030302534 25.798710456821414283
33135.589489382815373 25.79698842147649529
33135.675483726728999 25.795306087846981313
33135.761132844883832 25.793661684244781895
33135.84647297567426 25.792053539608744472
33135.931537587974162 25.790480081787691802
33136.016357487649657 25.788939829654378144
33136.100960756804852 25.78743138866185447
33136.185372840955097 25.785953443990052847
33136.269616771984147 25.784504751827586944
33136.353712748190446 25.78308414209801569
33136.437678060596227 25.781690515015199594
33136.521003624380683 25.780331300584570897
33136.603507707572135 25.779008171688936102
33136.685225621098652 25.777719247745341846
33136.766190656897379 25.776462756246157682
33136.84643284289632 25.775237046073456781
33136.925981750384381 25.774040538908010944
33137.004865246730333 25.772871744439036945
33137.08310960932431 25.771729254333251902
33137.160739739651035 25.770611735151472743
33137.237779067880183 25.76951792609695957
33137.314249760776875 25.768446632628336346
33137.390173087231233 25.767396718325077387
33137.465568777028238 25.766367110960054276
33137.540455585731252 25.765356791896536492
33137.614851363898197 25.764364792769580248
33137.688773141293495 25.763390192158631464
33137.762237114780874 25.762432113695680869
33137.835258734536183 25.761489723007510833
33137.907852746655408 25.760562225381871571
33137.980035175954981 25.759648839124576369
33138.051819564534526 25.758748842048632355
33138.123218847504177 25.75786154569195574
33138.194245408310962 25.75698629326061706
33138.26491112250369 25.756122457814548454
33138.335227393006789 25.755269440644845247
33138.405205136994482 25.754426670310316183
33138.474854905500251 25.753593600140540332
33138.5441868679045 25.7527697074498505
33138.613209816074232 25.751954504331926898
33138.681933172862045 25.751147512926063854
33138.750366052132449 25.75034827587788655
33138.818517287443683 25.749556355226083326
33138.886395456713217 25.748771331381124838
33138.954008889835677 25.747992802339101814
33139.021365738815803 25.747220382214049295
33139.088473889867601 25.746453701622119326
33139.155341418416356 25.745692401898583768
33139.221975980122807 25.744936141495074367
33139.288385033549275 25.744184592871068418
33139.354575870122062 25.743437441630138807
33139.420555634846096 25.742694385789274492
33139.486331350890396 25.741955135028536716
33139.551909940382757 25.741219410007261104
33139.61729815632134 25.740486942696318096
33139.682502634925186 25.739757475374684503
33139.7475298846839 25.739030760356392591
33139.812386410849285 25.738306558222724618
33139.877078302932205 25.73758464206608565
33139.941611737296626 25.736864791531232299
33140.005992787286232 25.736146794607449806
33140.070227419542789 25.73543044735432872
33140.134321538025688 25.734715553108735264
33140.198280939395772 25.734001922694389464
33140.262111303884012 25.733289374248393244
33140.325818413562956 25.732577730520031167
33140.389408044313313 25.731866819819231296
33140.452885577804409 25.731156480114705687
33140.516256323528069 25.730446555211990756
33140.579525510038366 25.729736894633699507
33140.642698237221339 25.729027353947046208
33140.70577940743533 25.728317795345496677
33140.768773937918013 25.727608085075832633
33140.831686647827155 25.726898094527065552
33140.894522315400536 25.726187699414932553
33140.957285567783401 25.725476780864966031
33141.019980927027063 25.724765224743300962
33141.082612813945161 25.724052921469560573
33141.145185657172988 25.723339764636165228
33141.207703661311825 25.722625653516580257
33141.27017092629103 25.72191049159056675
33141.332591445054277 25.721194186455271335
33141.394969102322648 25.720476649730571239
33141.457307825949101 25.719757795209105211
33141.519611285912106 25.719037542222242365
33141.581883129692869 25.718315812838326906
33141.644126936007524 25.717592532301704722
33141.706346002058126 25.716867631426865159
33141.768543552949268 25.716141044098719703
33141.830722876788059 25.715412705609988819
33141.892887101792439 25.714682555187025059
33141.955038468411658 25.713950544518372254
33142.017179815658892 25.713216620241933441
33142.079313858943351 25.712480732337681388
33142.141444066415715 25.711742823653331413
33142.20357292942208 25.711002850338374515
33142.265702365046309 25.710260777126631382
33142.327834024050389 25.70951657367608334
33142.389970251235354 25.708770203002121235
33142.452113635765272 25.708021626725404474
33142.514266745936766 25.707270808182055788
33142.576431891211541 25.706517715259366241
33142.638611270747788 25.705762318580479331
33142.700807330991665 25.705004587110547476
33142.763022414103034 25.704244492368037101
33142.825258443408529 25.703482012254522004
33142.887517297196609 25.702717126483001664
33142.949800802241953 25.70194981662144329
33143.012110439958633 25.701180069694625985
33143.074447680854064 25.700407874052206836
33143.136814286452136 25.699633215575694578
33143.199211949351593 25.698856082079942098
33143.261642290810414 25.698076463317793383
33143.32410685812647 25.697294350989000833
33143.386607121581619 25.696509738756265762
33143.449144463993434 25.695722622356363729
33143.511720145914296 25.694933000021137559
33143.574335345554573 25.694140871959916694
33143.636991208244581 25.693346239712777646
33143.69968879334192 25.692549106800793624
33143.762429049726052 25.691749479021556368
33143.825212842421024 25.690947364095720218
33143.888040985912085 25.690142771223051454
33143.950914224224107 25.68933571131671556
33144.013833237644576 25.688526196898237686
33144.076798692643933 25.687714241434242979
33144.13981128429441 25.686899858761599091
33144.202871701163531 25.686083063511723878
33144.265980584656063 25.685263871612978193
33144.329138552406221 25.684442299967013668
33144.392346206434013 25.683618366320249748
33144.455604159491486 25.682792088896380989
33144.518913073108706 25.681963485872525865
33144.582273856380198 25.681132572740022368
33144.645687652315246 25.680299362430563548
33144.709155432174157 25.679463870612025289
33144.772678153392917 25.678626113605528047
33144.836256953742122 25.677786105800009864
33144.899892885900044 25.676943863128784074
33144.963586989797477 25.676099402101144165
33145.027340360022208 25.675252738890485205
33145.091154127607297 25.674403889553634173
33145.155029412802833 25.673552870640140355
33145.218967276392505 25.672699699827511211
33145.282968765655824 25.671844395296911756
33145.347034910169896 25.670986975774855665
33145.411166784448142 25.670127459679243032
33145.475365457074076 25.669265865783092551
33145.539631928579183 25.668402214035719311
33145.603967189374089 25.66753652477419223
33145.66837225315976 25.666668818259118723
33145.732848127656325 25.665799115053278712
33145.797395830602909 25.664927435792051824
33145.862016372579092 25.664053801400854127
33145.926710721374548 25.663178233564455155
33145.991479850119504 25.66230075406426181
33146.056324730983761 25.661421384849834482
33146.121246330403665 25.660540148090884571
33146.18624560932949 25.659657066160850292
33146.251323517441051 25.658772161703474524
33146.316481000045314 25.657885457526436568
33146.381719352204527 25.65699697176464511
33146.44703986409877 25.656106722685006361
33146.512443512634491 25.655214732883976581
33146.577931277177413 25.654321024980486499
33146.643504083767766 25.653425622366242465
33146.70916282748658 25.652528548890156657
33146.774908394443628 25.651629828547630296
33146.840741655978491 25.650729485548207975
33146.906663505556935 25.649827543799762708
33146.972674822209228 25.648924027397058012
33147.038776416440669 25.648018961351620959
33147.104969083753531 25.64711237084875961
33147.171253605243692 25.646204281228513366
33147.237630482326495 25.645294721610621735
33147.304100216344523 25.644383721053980452
33147.37066356644209 25.643471305009125416
33147.437321264151251 25.642557499217453199
33147.504074023905559 25.641642329556329827
33147.570922544458881 25.640725822009322599
33147.637867499739514 25.639808002780757334
33147.704909545806004 25.638888898189655663
33147.772049336002965 25.637968534451228919
33147.839287495560711 25.637046938014638187
33147.90662462223554 25.636124135544850589
33147.974061313245329 25.635200153543451052
33148.041598147545301 25.634275018581039518
33148.109235687028558 25.633348757270578488
33148.176974479756609 25.632421396213306508
33148.24481505350559 25.631492962077118136
33148.312757926621998 25.630563481438457529
33148.380803607127746 25.629632980785491014
33148.448952591104899 25.628701486531308973
33148.517205361189554 25.627769025025688876
33148.585562382868375 25.62683562259737613
33148.654024106945144 25.625901305512297057
33148.722590965713607 25.624966100017491755
33148.791263388629886 25.624030032119900824
33148.860041813968564 25.623093127420329296
33148.92892666937405 25.622155411372101952
33148.997918365821533 25.621216909356306246
33149.067017306835623 25.620277646549599382
33149.136223904664803 25.619337647698625204
33149.205538571688521 25.618396937231640464
33149.274961708142655 25.617455539419722754
33149.344493707001675 25.616513478305115825
33149.414134951766755 25.615570777726155427
33149.483885815592657 25.614627461323721036
33149.553746662088088 25.613683552526079978
33149.62371784493007 25.612739074549150331
33149.693799683132966 25.611794050725389837
33149.763992485779454 25.610848504164582806
33149.834296577202622 25.609902457410964161
33149.904712272364122 25.608955932771358732
33149.975239876956039 25.608008952310299833
33150.0458796996827 25.60706153768175497
33150.11663204292563 25.606113710251911186
33150.187497200255166 25.60516549112960405
33150.258475456656015 25.604216901160622655
33150.329567086300813 25.60326796095549895
33150.400772366745514 25.602318690698183445
33150.472091587667819 25.601369110029015275
33150.543525041022804 25.60041923817603049
33150.615073008324543 25.599469094123886492
33150.686735772098473 25.598518696461383115
33150.758513628250512 25.597568063218577805
33150.83040690402413 25.596617211631588873
33150.902415921089414 25.595666158634809761
33150.974540977389552 25.594714921101186178
33151.046782381716184 25.593763515387355056
33151.119140457354661 25.592811957288898128
33151.191615570154681 25.591860261675829946
33151.264208087159204 25.590908443041563203
33151.336918352739303 25.589956515818382599
33151.409746721270494 25.589004493951989616
33151.48269355121738 25.588052390983211382
33151.555759205206414 25.587100220051858912
33151.628944052034058 25.586147993875258067
33151.702248476045497 25.585195724631851988
33151.775672866890091 25.58424342410073038
33151.849217608025356 25.583291103816808487
33151.922883095830912 25.582338774829231909
33151.996669749933062 25.581386447575226839
33152.070577998820227 25.580434132074341136
33152.144608278482337 25.579481837953604639
33152.218761030388123 25.578529574481091657
33152.293036702430982 25.577577350561728764
33152.367435748928983 25.57662517474529551
33152.441958628012799 25.575673055268492107
33152.516605802542472 25.574721000051916064
33152.591377730066597 25.573769016836958912
33152.666274877716205 25.572817113004813194
33152.741297723972821 25.57186529556439325
33152.816446739620005 25.570913571404101816
33152.891722395113902 25.569961947207779929
33152.967125158837007 25.569010429486841218
33153.042655495686631 25.568059024608167817
33153.118313866187236 25.567107738815888496
33153.194100723951124 25.566156578274590316
33153.270016514587041 25.565205549093725779
33153.346061675125384 25.564254657345387045
33153.422236633108696 25.563303909087142785
33153.498541805391142 25.562353310387859295
33153.574977596967074 25.561402867354104274
33153.651544400512648 25.560452586146823251
33153.728242594799667 25.559502473013075985
33153.805072543320421 25.558552534314479487
33153.882034593771095 25.557602776545412127
33153.95912907794991 25.556653206346140905
33154.036356310418341 25.555703830531218301
33154.11371658716962 25.554754656118042533
33154.191210184384545 25.553805690353964764
33154.268837344527128 25.552856940898475813
33154.34659829341399 25.551908415625447901
33154.424493253580295 25.550960122473313163
33154.502522429087549 25.550012069644004953
33154.580686005341704 25.549064265617627001
33154.658984149165917 25.548116719164848831
33154.737417011878279 25.54716943932243467
33154.815984727669274 25.546222435425608666
33154.894687412524945 25.545275717133907989
33154.973525241017342 25.544329293522700652
33155.052498388307868 25.543383173799416141
33155.131606939416088 25.5424373684013446
33155.210850956245849 25.541491888200717142
33155.290230480590253 25.540546744479819097
33155.369745588970545 25.539601948291974054
33155.449396381678525 25.538657510609112933
33155.529183192978962 25.53771343985387432
33155.609106271658675 25.536769745709683832
33155.689165515337663 25.535826442250730395
33155.769360825426702 25.53488354374126601
33155.849692108342424 25.533941064634323226
33155.930159276686027 25.532999019569849963
33156.010762251447886 25.532057423361539605
33156.091500961811107 25.531116291010825137
33156.172375346432091 25.530175637703791836
33156.253385356016224 25.529235478792386971
33156.334530439198716 25.528295835752896181
33156.415810096892528 25.527356729732410656
33156.49722439366451 25.526418175675363642
33156.578773405708489 25.525480188747511789
33156.660457225072605 25.524542784297249653
33156.742275959448307 25.523605977867831029
33156.824229732228559 25.522669785206606008
33156.906318682638812 25.52173422227282984
33156.988542966588284 25.520799305236568699
33157.07090276083909 25.51986505044007103
33157.153398268972524 25.518931474338948817
33157.23602971748187 25.517998593554882092
33157.318797361869656 25.517066424814789372
33157.40170149395999 25.516134984876646996
33157.484742442546121 25.515204290530615339
33157.567920575980679 25.514274358577686996
33157.651236304664053 25.513345205808754201
33157.734690080600558 25.512416849016485543
33157.818282392247056 25.511489305058454136
33157.902013786362659 25.510562590620189383
33157.985884879453806 25.509636722095962114
33158.069896344029985 25.508711715747821813
33158.154048913718725 25.507787587654945582
33158.238343388009525 25.506864353666856005
33158.322780607464665 25.505942029679196992
33158.407361478399253 25.505020631366427608
33158.492086995385762 25.504100173941800733
33158.576958216617641 25.503180672430641351
33158.661976259551011 25.502262141720418498
33158.74714227791992 25.5013445968096093
33158.832457473014074 25.500428052684711133
33158.917923105531372 25.499512524192827101
33159.003540475103364 25.498598026260797411
33159.089310917624971 25.49768457392142551
33159.175235781636729 25.496772182560540898
33159.261316446711135 25.495860867715855136
33159.347554343090451 25.494950644865706835
33159.433950929764251 25.494041529658037604
33159.520507694214757 25.493133537908068575
33159.607226152504154 25.492226685592605406
33159.694107850082219 25.491320988836662309
33159.781154361669905 25.490416463909525646
33159.868367291841423 25.489513127213729859
33159.955748275620863 25.488610995273848658
33160.043298979268002 25.487710084723250503
33160.131021100445651 25.486810412297383976
33160.218916368059581 25.485911994830065197
33160.306986541640072 25.485014849254614688
33160.395233414936229 25.484118992561800354
33160.483658819743141 25.483224441756213707
33160.572264622220246 25.482331213888951282
33160.661052708848729 25.481439326193207506
33160.750025003013434 25.480548795911211357
33160.839183485455578 25.479659640085529304
33160.928530177770881 25.478771875721736961
33161.018067142198561 25.477885519785957058
33161.107796466749278 25.47700058934701417
33161.19772028211446 25.476117101403499277
33161.287840778524696 25.475235072715111784
33161.378160190404742 25.474354519951042164
33161.468680796882836 25.473475459680489763
33161.559404923405964 25.472597908353634466
33161.650334943224152 25.471721882284231953
33161.741473278285412 25.47084739763822725
33161.832822400370787 25.469974470420432056
33161.924384126126824 25.469103123167034397
33162.016160233157279 25.468233378976918857
33162.108153179869987 25.467365254710834677
33162.200365463642811 25.466498767133003867
33162.292799619848665 25.465633932915654469
33162.385458223638125 25.46477076861757638
33162.478343890121323 25.463909290678042652
33162.571459276361566 25.463049515394061473
33162.664807079687307 25.462191458932576182
33162.758390035654884 25.461335137344786261
33162.852210921017104 25.460480566535284908
33162.946274655820162 25.459627743244382714
33163.040586577779322 25.458776661026881527
33163.135150390480703 25.457927328718291449
33163.229969833213545 25.45707975518812205
33163.325048583945318 25.456233950198758009
33163.420390396669973 25.455389923170034905
33163.515999173563614 25.454547682552625787
33163.611878917545255 25.453707236266154723
33163.708033679104119 25.452868592175615703
33163.804467722948175 25.452031756651194883
33163.901185436057858 25.451196735400188231
33163.998191103521094 25.450363535407461768
33164.095489119179547 25.449532163111204142
33164.193084111822827 25.448702623351149299
33164.29098083973804 25.447874920305252999
33164.3891840939541 25.447049058325539761
33164.487698794997414 25.446225041134276523
33164.586530102642428 25.445402870939339834
33164.685683327203151 25.444582549217567902
33164.785163934771845 25.443764076704685095
33164.884977552232158 25.442947453389081147
33164.985004904556263 25.44213369309122541
33165.084809036197839 25.441326349574513443
33165.184386516149971 25.440525418561534821
33165.28373402597208 25.439730893765947428
33165.382848321110941 25.438942767255394273
33165.481726263315068 25.438161029242817079
33165.580364806308353 25.437385668252918691
33165.678761033268529 25.43661667087931022
33165.776912151377473 25.435854021884910736
33165.874815480259713 25.435097704350887682
33165.972468507214217 25.434347699313885727
33166.069868859354756 25.433603986051664947
33166.167014711500087 25.432866539060420052
33166.263904094055761 25.432135333415676115
33166.36053524025192 25.431410342172924288
33166.456906570339925 25.430691536558615695
33166.55301670175686 25.42997888596329048
33166.648864456874435 25.429272357954641137
33166.744448857694806 25.4285719183873411
33166.839769134101516 25.427877531411798628
33166.934824701929756 25.427189159701779175
33167.029615186445881 25.426506764348758338
33167.12414043051831 25.425830304870721932
33167.218400420715625 25.425159739803635972
33167.312395388071309 25.424495026041356027
33167.406125732341025 25.423836119436888481
33167.499592043750454 25.423182974704044312
33167.592795101489173 25.422535545484286956
33167.685735822225979 25.421893784755976498
33167.778415270462574 25.421257644806466658
33167.870834650930192 25.420627077328166621
33167.962995283669443 25.420002033628602334
33168.054898583737668 25.419382464801810073
33168.146545940471697 25.418768322564382345
33168.237938673184544 25.418159559554084126
33168.329078190283326 25.417556128274270577
33168.419965892331675 25.416957981755221141
33168.510603208618704 25.416365073320694279
33168.600991418141348 25.415777357759964161
33168.691131864354247 25.415194789919887342
33168.781025924166897 25.414617324920474317
33168.870674946032523 25.414044918558907682
33168.960080242592085 25.413477527353066421
33169.049243074659898 25.412915108637136541
33169.138164691481506 25.412357620301190053
33169.226846306853986 25.411805020937819677
33169.315289114143525 25.411257269742481668
33169.403494284146291 25.410714326521780748
33169.491462968901033 25.410176151664458644
33169.579196302431228 25.409642706131041479
33169.666695463092765 25.409113951071987003
33169.75396155063936 25.40858984856857461
33169.840995645696239 25.408070361260403303
33169.927798809643718 25.407555452338119295
33170.014372085905052 25.407045085527364847
33170.100716502747673 25.406539225063671239
33170.186832928993681 25.406037836521413453
33170.272722383742803 25.405540884992287687
33170.358385916952102 25.405048335790404224
33170.443824544934614 25.404560154818653928
33170.529039295775874 25.404076308298208176
33170.614031207260268 25.403596762775126905
33170.698801803635433 25.40312148244988677
33170.783352150028804 25.402650434505929411
33170.867683389886224 25.402183586054775333
33170.951796586217824 25.401720905012286522
33171.035692729281436 25.401262360035044452
33171.119372884793847 25.400807919697474091
33171.202837769094913 25.400357554782278413
33171.286088180822844 25.39991123590556299
33171.369125340366736 25.399468931721870035
33171.4519503525662 25.399030611823484094
33171.534564485074952 25.398596245254282167
33171.616968980801175 25.398165801506554118
33171.699165052326862 25.397739250538172939
33171.781153750205704 25.397316563436948655
33171.862936382538464 25.396897710244445534
33171.944513881055173 25.396482663207219588
33172.025887029682053 25.396071395555626538
33172.107056283857673 25.395663882377181864
33172.188020951056387 25.395260104629272746
33172.26878063519689 25.394860041812126639
33172.3493345209572 25.39446367552434225
33172.429681495916157 25.394070988795181876
33172.509820549523283 25.393681964102764681
33172.589750804036157 25.393296583239976627
33172.669471587600128 25.392914826985425236
33172.748982264070946 25.392536675941652646
33172.828282600450621 25.392162108809472443
33172.907372772169765 25.391791102426935822
33172.986252813017927 25.39142363438690353
33173.064922957746603 25.39105968143267944
33173.143383606882708 25.390699219649555118
33173.221635389410949 25.390342224204644594
33173.299679130272125 25.389988669528300136
33173.377514895888453 25.389638533621855743
33173.45514377814834 25.389291789995599657
33173.532567006252066 25.388948411754938661
33173.609786242290284 25.388608370323066055
33173.686803046010027 25.388271637838744965
33173.763619615696371 25.387938183933641767
33173.840239011406084 25.387607974871080785
33173.91666248213005 25.38728098507166564
33173.992891413457983 25.386957188587317091
33174.068927328080463 25.386636559119178713
33174.144772115534579 25.386319069079199551
33174.220425561710726 25.386004699873016222
33174.295890146160673 25.385693421863074093
33174.371168296318501 25.38538520597907322
33174.446262332668994 25.385080023930093773
33174.521174638903176 25.384777847502533632
33174.59590765889152 25.384478648579801074
33174.670463891350664 25.384182399170711619
33174.744845888955751 25.383889071419257988
33174.819056286083651 25.383598637502753803
33174.893097782514815 25.383311069705150942
33174.966973092734406 25.383026340619668559
33175.040684998857614 25.382744422947308038
33175.114236284207436 25.382465289756122928
33175.18762970273383 25.382188914593985629
33175.260868164303247 25.381915270792809736
33175.33395457095321 25.381644332094172256
33175.406891851314867 25.38137607252019734
33175.479682963734376 25.381110466363963951
33175.552330932681798 25.380847488060442885
33175.624838790528884 25.3805871124022282
33175.697209581157949 25.380329314525667428
33175.769446368387435 25.380074069880731003
33175.841552240832243 25.379821354214765705
33175.913530300931598 25.379571143611862283
33175.985383662678942 25.379323414500390754
33176.057115452000289 25.379078143651060628
33176.128728803872946 25.378835308186108222
33176.200226860186376 25.378594885585481933
33176.271612768883642 25.378356853688405437
33176.342889676343475 25.37812119071715955
33176.41406081502646 25.377887874988559247
33176.48512932126323 25.377656885513356855
33176.556098327127984 25.377428201685773956
33176.626970955614524 25.37720180329587194
33176.697750317463942 25.376977670536099652
33176.768439509454765 25.37675578400250842
33176.839041717459622 25.376536124371508407
33176.909560001608043 25.376318673069196308
33176.979997421927692 25.376103411869550541
33177.050356995183392 25.375890323022176176
33177.120641739114944 25.375679389112043793
33177.190854623753694 25.375470593201519875
33177.260998660211044 25.375263918561220322
33177.331076800313895 25.375059348965042005
33177.401091931540577 25.374856868694543266
33177.471046862308867 25.374656462569969761
33177.540944433640107 25.374458115622076093
33177.61078753232141 25.37426181305770001
33177.680578947416507 25.374067540661307874
33177.750321448635077 25.373875284564743282
33177.820017793230363 25.373685031223910613
33177.88967074550601 25.373496767362599513
33177.959283987518575 25.373310477546578312
33178.02886010149814 25.373126149622482473
33178.098401656287024 25.372943771733861951
33178.167911207987345 25.372763332315884099
33178.237391283386387 25.372584820134253647
33178.306844386286684 25.372408224263885756
33178.376272996021726 25.372233534087808238
33178.445679565440514 25.372060739297250365
33178.515066517735249 25.371889829894207935
33178.584436242592346 25.371720796195248226
33178.653791086362617 25.371553628849031981
33178.723133359111671 25.371388318812414298
33178.792465321974305 25.371224857373864126
33178.861789182046778 25.37106323615737935
33178.931107085802068 25.370903447129222741
33179.000420312637289 25.370745484415998305
33179.06973091585678 25.370589340514751342
33179.139040859852685 25.370435008303047653
33179.208351408124145 25.370282482365023924
33179.277664050117892 25.370131756895624164
33179.346980505681131 25.369982825719645803
33179.416302385950985 25.369835683036214391
33179.485631186551473 25.369690323417987798
33179.554968281612673 25.369546741807656787
33179.624314919674362 25.369404933509844824
33179.693672219436849 25.369264894182688153
33179.763041167294432 25.369126619825500768
33179.832422615872929 25.368990106764034209
33179.901817282589036 25.368855351635701822
33179.97122574919922 25.368722351372774426
33180.040648463291291 25.368591103181962865
33180.110085740627255 25.368461604522735797
33180.179537767202419 25.368333853086667773
33180.24900460185745 25.368207846776190451
33180.318486178512103 25.36808358368449845
33180.387982307605853 25.367961062077316825
33180.457492678222479 25.367840280373854966
33180.527016858002753 25.367721237131892309
33180.596554290641507 25.36760393103702782
33180.66610430052242 25.367488360879882237
33180.735666088534344 25.367374525548417097
33180.805238714339794 25.36726242404153453
33180.874821094039362 25.367152055455793658
33180.944412005999766 25.367043418959234202
33181.014010092832905 25.366936513772134987
33181.083613868358952 25.366831339140674118
33181.153221727952769 25.366727894306819735
33181.222831960832991 25.366626178477130082
33181.292442577796464 25.366526191056244954
33181.362050961222849 25.366427932103604803
33181.431655176718778 25.366331400454647849
33181.501253268921573 25.366236594757619827
33181.570843280649569 25.366143513447298119
33181.640423271273903 25.366052154722684264
33181.709991333387734 25.365962516529524606
33181.779545610748755 25.365874596543712016
33181.84908431306394 25.36578839216122816
33181.918605729726551 25.36570390049141821
33181.988108245262993 25.365621118350215824
33182.057590351731051 25.365540042259109299
33182.127050660310488 25.365460668446715431
33182.196487912930024 25.365382992851913002
33182.265900993013929 25.365307011129264225
33182.335288934693381 25.365232718656358202
33182.404650929674972 25.365160110546081995
33182.473986337899987 25.365089181655942951
33182.543294707895257 25.365019926589191357
33182.612575751445547 25.364952339742789178
33182.681829362220014 25.364886415310330392
33182.751055617976817 25.364822147302273692
33182.820254781225231 25.364759529567709961
33182.889427375266678 25.364698555750457842
33182.958574028445582 25.364639219451809993
33183.027695546661562 25.364581514183328181
33183.096792908159841 25.364525433391861498
33183.165867302137485 25.364470970449602305
33183.234920030990907 25.364418118752112719
33183.303952541653416 25.364366871708348583
33183.372966427159554 25.364317222755925485
33183.441963411663892 25.364269165387838711
33183.5109453404948 25.364222693173694267
33183.579914170019038 25.36417779977956144
33183.648871957579104 25.36413447898631901
33183.7178207937759 25.364092724740793017
33183.786762910342077 25.36405253109729685
33183.855700610307395 25.364013892271270123
33183.924636262854619 25.363976802649386144
33183.99357211352617 25.363941256892029941
33184.062509574308933 25.363907250261121362
33184.13145115984662 25.363874777636375768
33184.20039952283696 25.363843834059743187
33184.269357320714334 25.363814414805361253
33184.338327128294623 25.363786515413739409
33184.407311531373125 25.363760131647165252
33184.476313125654997 25.363735259490667318
33184.545334511130932 25.36371189515414315
33184.614378286780266 25.363690035073858553
33184.683447044451896 25.363669675913520507
33184.752543395690736 25.363650814555942503
33184.821669886827294 25.363633448125074921
33184.89082901544316 25.363617573974817532
33184.960023304847709 25.363603189668637583
33185.029255247216497 25.36359029299194745
33185.098527301670401 25.363578881948676269
33185.167842152150115 25.363568954723188398
33185.237202423042618 25.36356050973565246
33185.306610571176861 25.36355354564495812
33185.37606900899118 25.363548061322109817
33185.445579953033302 25.363544055852361936
33185.515145583936828 25.363541528510097578
33185.584768083914241 25.363540478754764251
33185.654449601810484 25.363540906230358729
33185.724192220441182 25.363542810760602464
33185.793997999302519 25.36354619234447938
33185.863868998698308 25.36355105115571007
33185.933807549830817 25.363557387570185853
33186.003815899246547 25.363565202151047373
33186.073895994508348 25.363574495609132242
33186.144049839938816 25.36358526883003961
33186.214279468033055 25.363597522874954393
33186.284586942601891 25.363611258984395391
33186.354974373665755 25.363626478585011625
33186.425443932137568 25.363643183298208328
33186.495997880221694 25.36366137495479478
33186.566638545897149 25.363681055597297131
33186.637368253272143 25.3637022274653674
33186.708189449258498 25.363724893037385755
33186.779104703076882 25.363749055043157909
33186.850116620553308 25.363774716444833501
33186.921227902974351 25.363801880463931582
33186.992441684102232 25.363830550730479985
33187.06376106596872 25.363860731126383286
33187.135188814143476 25.363892425643914663
33187.206727762277296 25.363925638543285856
33187.278380714546074 25.363960374311577795
33187.350150430982467 25.363996637652387989
33187.422039612923982 25.364034433473747754
33187.494050151879492 25.364073766464425574
33187.566183931703563 25.364114641474326817
33187.638443547089992 25.364157063943324033
33187.710831468692049 25.364201039458496467
33187.783350041892845 25.364246573741013435
33187.856001480460691 25.364293672629550258
33187.928787862998433 25.364342342064855274
33188.001711130942567 25.364392588074998969
33188.074773089967493 25.364444416762850665
33188.14797540687141 25.36449783429038618
33188.221319607626356 25.364552846863560376
33188.294807081976614 25.364609460722011391
33188.368439088175364 25.364667682129471871
33188.442216759023722 25.364727517365793119
33188.516141106920259 25.364788972718947946
33188.59021302810288 25.364852054476930476
33188.66443330799666 25.364916768921144552
33188.738802628089616 25.364983122321810072
33188.813321573848953 25.36505112093518477
33188.887990642666409 25.365120771001731015
33188.962810251228802 25.365192078744712489
33189.037780744445627 25.365265050371206712
33189.11290240209928 25.365339692071906086
33189.188175444694934 25.365416010020869209
33189.263600040896563 25.365494010377656053
33189.339176315865188 25.36557369929125727
33189.414904357392516 25.365655082902623718
33189.490784222682123 25.36573816734865261
33189.56681594390102 25.365822958765569695
33189.642999532930844 25.365909463292179993
33189.719334987501497 25.365997687075257261
33189.795822296189726 25.366087636274315287
33189.872461443403154 25.36617931706693696
33189.949252414211514 25.36627273565451901
33190.026195197591733 25.366367898266624081
33190.103289790422423 25.366464811166608229
33190.180536201689392 25.366563480656527219
33190.257934454763017 25.366663913080579107
33190.257934454763017 25.366663913080579107
33190.257934454763017 25.366663913080579107
33190.257934454763017 25.366663913080579107
33190.257934454763017 25.366663913080579107
33190.257934454763017 25.366663913080579107
33190.335484591050772 25.366766114831605705
33190.413186673278688 25.36687009235749457
33190.491040787361271 25.366975852166035565
33190.569047044671606 25.36708340083052704
33190.647205583867617 25.367192744995080034
33190.725516573023924 25.367303891380519332
33190.803980218690413 25.367416846800676211
33190.88259675745212 25.367531618153929429
33190.961366449941124 25.367648212417446274
33191.040289594588103 25.367766636670502578
33191.119366528844694 25.36788689810027364
33191.198597627568233 25.368009004003376106
33191.277983304513327 25.368132961792170477
33191.357524012630165 25.368258778999255298
33191.437220244180935 25.368386463281883181
33191.517072531947633 25.368516022428046597
33191.597081494226586 25.368647464434950223
33191.67724783338781 25.368780797515341874
33191.757572291840916 25.368916030031499531
33191.838055654145137 25.369053170503121919
33191.918698746805603 25.369192227611296886
33191.999502439357457 25.369333210204747076
33192.080467645391764 25.36947612730607915
33192.161595322540961 25.369620988116324156
33192.242886472929968 25.369767802020405156
33192.324342143605463 25.369916578592569323
33192.405963426965172 25.370067327601667273
33192.487751461063453 25.370220059016340031
33192.569707429844129 25.37037478301007809
33192.651832563431526 25.370531509966458117
33192.734128138385131 25.370690250484212669
33192.81659547786694 25.370851015382203997
33192.899235952550953 25.371013815705765637
33192.982050968916155 25.371178662707873031
33193.065041979330999 25.371345567872847226
33193.148210494393425 25.371514542945988069
33193.231558077968657 25.371685599928760269
33193.315086340822745 25.371858751070448079
33193.398796934714483 25.372034008860527621
33193.482691558507213 25.372211386045226078
33193.566771958008758 25.372390895631156127
33193.651039925724035 25.372572550888691012
33193.735497300833231 25.372756365355680686
33193.820145969097211 25.372942352840944125
33193.904987862551934 25.373130527427157688
33193.990024959042785 25.373320903473246091
33194.075259281991748 25.3735134956170576
33194.160692900120921 25.373708318777861592
33194.246327941888012 25.373905388192312671
33194.332166580672492 25.374104719384249051
33194.41821101950336 25.37430632813154574
33194.504463506345928 25.374510230503386055
33194.590926331642549 25.374716442856954046
33194.677601826377213 25.374924981834869442
33194.764492361406155 25.375135864365425675
33194.851600314985262 25.375349107584852959
33194.938928106515959 25.375564728919098201
33195.026478227737243 25.375782746163441317
33195.114253208725131 25.37600317740157152
33195.202255617055926 25.376226041004695588
33195.290488056794857 25.376451355630056383
33195.378953167957661 25.376679140220424813
33195.467653626015817 25.37690941400352429
33195.556592127693875 25.377142196455267253
33195.645771398216311 25.377377507318140459
33195.735194189546746 25.377615366596419477
33195.824863295012619 25.377855794595163275
33195.914781565326848 25.378098811965053017
33196.004951887945936 25.37834443964893083
33196.095377186924452 25.37859269888221192
33196.186060428568453 25.378843611209340736
33196.277004626041162 25.379097198497795773
33196.368212838118779 25.379353482936299002
33196.45968817177345 25.379612487043463176
33196.551433784290566 25.379874233675614903
33196.643452884803992 25.380138746032518071
33196.735748734870867 25.380406047660770241
33196.828324648107809 25.380676162454342659
33196.921183988837583 25.380949114652128884
33197.014330169906316 25.381224928832825327
33197.107766649984114 25.381503629907690822
33197.20149693012354 25.381785243110606132
33197.295524551234848 25.382069793990350348
33197.389853093009151 25.382357308406756857
33197.48448617230315 25.382647812525018338
33197.579427442513406 25.382941332812169577
33197.674680594238453 25.383237896037751824
33197.77024935746158 25.383537529279173839
33197.866137504883227 25.383840259930742889
33197.962348855646269 25.384146115714276704
33198.058887280632916 25.384455124694863315
33198.155756709355046 25.384767315302365631
33198.252961137914099 25.38508271635711111
33198.350504638357961 25.385401357100906949
33198.448391370548052 25.385723267237409573
33198.546625596442027 25.386048476981802224
33198.645211696857587 25.386377017120519639
33198.744154190921108 25.386708919081918623
33198.843457759605371 25.38704421502315256
33198.943127353421005 25.387382938206823013
33199.043168175630854 25.387725122964592828
33199.143585540943604 25.388070804228373589
33199.244384833997174 25.388420017389353944
33199.345571479680075 25.388772798192800195
33199.447150905514718 25.389129182600644441
33199.549128497310448 25.389489206625050599
33199.651509546878515 25.389852906127480026
33199.754299196472857 25.390220316598693273
33199.857502380524238 25.390591472921617111
33199.961123762332136 25.390966409107743829
33200.065167679662409 25.391345158057390563
33200.169638096478593 25.391727751335118057
33200.274538559468056 25.392114218956187699
33200.3798721688363 25.39250458922008491
33200.485641562583623 25.39289888859047295
33200.591848914220463 25.393297141623431656
33200.698495945456671 25.39369937095261065
33200.805583949710126 25.394105597316514178
33200.913113820221042 25.394515839605276142
33201.021086100430693 25.394930114998256698
33201.129501022252953 25.39534843906165662
33201.238358549933764 25.395770825872940435
33201.347658456026693 25.3961972882766851
33201.457400367187802 25.396627838031886171
33201.56758379600069 25.397062485909795981
33201.678208181270747 25.397501241829509411
33201.789272923648241 25.397944114980255392
33201.900777416216442 25.398391113928095564
33202.012721069389954 25.398842246703434711
33202.125103333688457 25.399297520882569756
33202.237923717664671 25.399756943653283514
33202.35118179955316 25.40022052185591761
33202.46487723710743 25.400688262018512376
33202.579009774613951 25.401160170380698844
33202.693579252241761 25.401636252927961124
33202.808585608785506 25.402116515400518182
33202.924028877372621 25.402600963271680712
33203.039909184444696 25.403089601739605286
33203.156226748200424 25.403582435716248966
33203.272981876216363 25.404079469812295144
33203.390174962289166 25.404580708318338367
33203.507806482783053 25.405086155183180807
33203.625876992540725 25.405595813989592102
33203.744387120641477 25.406109687928555729
33203.863337565744587 25.406627779771547182
33203.982729091250803 25.407150091841383954
33204.102562520427455 25.407676625982482221
33204.222838731468073 25.408207383530236001
33204.343558652544743 25.408742365279724851
33204.464723256853176 25.409281571454055637
33204.586333557715989 25.40982500167264746
33204.708390603795124 25.410372654919047619
33204.830895474369754 25.410924529509774317
33204.953849274716049 25.411480623062608686
33205.077253131647012 25.412040932465437493
33205.201108189161459 25.412605453847724846
33205.325415604223963 25.413174182550704927
33205.450176542712143 25.413747113097809205
33205.57539217548765 25.414324239166020902
33205.701063674612669 25.414905553557549212
33205.827192209741042 25.415491048172182076
33205.953778944647638 25.416080713980097272
33206.080825033888686 25.416674540995227716
33206.208331619593082 25.417272518249358626
33206.336299828384654 25.417874633766455617
33206.464730768391746 25.418480874537372927
33206.593625526380492 25.419091226494870739
33206.722985164960846 25.419705674487822478
33206.852810719814443 25.420324202257972956
33206.983103196937009 25.420946792413403159
33207.11386356985895 25.421573426402353846
33207.24509277677862 25.422204084486601516
33207.376791717630113 25.422838745713711717
33207.508961250969151 25.423477387888834045
33207.641602190677077 25.424119987543729593
33207.774715302344703 25.424766519905762863
33207.908301299314189 25.425416958865643124
33208.042360838364402 25.426071276943339683
33208.176894514777814 25.426729445251197603
33208.311902856752567 25.427391433456463687
33208.44738631927612 25.428057209737165323
33208.583345880317211 25.428726743709706426
33208.71978240046883 25.429400003284438725
33208.856696000206284 25.430076951570374177
33208.994086693906866 25.430757549979702503
33209.131954379321542 25.431441758168411127
33209.270298825715145 25.432129533971693292
33209.409119660682336 25.43282083332928778
33209.548416355537483 25.433515610208452529
33209.688188209227519 25.434213816520792051
33209.82843433070957 25.434915402032341802
33209.969153619807912 25.435620314268078346
33210.11034474655753 25.436328498408620646
33210.252006129063375 25.437039897182764037
33210.394135640912282 25.437754449402117274
33210.53673088933283 25.438472091363010463
33210.67978946025687 25.439192758094726798
33210.823308580344019 25.439916381675935497
33210.967285088510835 25.440642891107493995
33211.111715407154406 25.441372212187722823
33211.256595513441425 25.442104267390707406
33211.401920911048364 25.442838975751083552
33211.547686602789327 25.44357625275959478
33211.693887064764567 25.44431601026960621
33211.840516222495353 25.445058156418312478
33211.987567429685441 25.445802595567350579
33212.13503345024219 25.446549228265844533
33212.282906444183027 25.447297951239004732
33212.431177958096669 25.448048657404456208
33212.579838920784823 25.44880123592144372
33212.728879644739209 25.449555572273684589
33212.878289833999588 25.450311548385780469
33213.028058598873031 25.45106904278042137
33213.178174477972789 25.451827930776964592
33213.32862546780234 25.452588084732045814
33213.479399060102878 25.453349374321671661
33213.630482286978804 25.454111666864548624
33213.781861773575656 25.454874827686207794
33213.933523798004899 25.455638720519850438
33214.085196683168761 25.456401912012218247
33214.236506286913936 25.45716246018316653
33214.387386364411213 25.457919977707835102
33214.53777203388745 25.458674087409356446
33214.687601403427834 25.459424430594111755
33214.836815539500094 25.460170667008753753
33214.985361031234788 25.460912487717834551
33215.133190679742256 25.46164961849523678
33215.280269186674559 25.462381848011169438
33215.426556304184487 25.463108943761817216
33215.572022302541882 25.463830729025705324
33215.716644598440325 25.464547065775818169
33215.860407873959048 25.465257854967269679
33216.003304013531306 25.465963035890357702
33216.145327859354438 25.466662564916873635
33216.286485945645836 25.467356458206516834
33216.426791164165479 25.468044764927014967
33216.566262480977457 25.468727565469894358
33216.70492461824324 25.469404969494700453
33216.842807563334645 25.470077113137907787
33216.979946071121958 25.470744156207278053
33217.116379613238678 25.471406281565773355
33217.252151790220523 25.472063691913657379
33217.387310129481193 25.472716608465205468
33217.521905599583988 25.47336526826861558
33217.655992114363471 25.474009921506478804
33217.789626065656194 25.474650828966122873
33217.922866371358396 25.475288262000827189
33218.05577391514089 25.475922499583532499
33218.188411072267627 25.476553825810988485
33218.320841732755071 25.477182529808050759
33218.453130371468433 25.477808901126277163
33218.585342510443297 25.47843323177836794
33218.717544223924051 25.479055813734081681
33218.84977385676757 25.479676806139668344
33218.982091795216547 25.480296469802482306
33219.11456351589004 25.480915086603605602
33219.247253904613899 25.481532932638803146
33219.380228178582911 25.48215028242769975
33219.513550626856158 25.482767402964427106
33219.647283289901679 25.483384547593189495
33219.781486965890508 25.484001960687049149
33219.916224206339393 25.484619891354171273
33220.051556225516833 25.485238579103583589
33220.187539714293962 25.485858239345834164
33220.324230042315321 25.486479078150960476
33220.461682151712012 25.487101296293690922
33220.599949403673236 25.487725083998551412
33220.739082612191851 25.48835061663445245
33220.87913108021894 25.488978059459565628
33221.020142394663708 25.489607566741685929
33221.16216233567684 25.490239281409969863
33221.305235010164324 25.490873335710922731
33221.449402802762052 25.491509851051713298
33221.594706311065238 25.49214893778348312
33221.74118428791553 25.492790695026194214
33221.888873640018573 25.49343521074936092
33222.037809318593645 25.494082561389042496
33222.188024201102962 25.49473281144335246
33222.33954907397856 25.495386013519912183
33222.49241262445139 25.496042208429585685
33222.645816722353629 25.496697907829069862
33222.799428188853199 25.497351656634208439
33222.953257570654387 25.498003478102997832
33223.107314903201768 25.498653392989215405
33223.261611517504207 25.499301427129143605
33223.416012127701833 25.499946994239312659
33223.570412565772131 25.500589647842385688
33223.724812823464163 25.501229380315287187
33223.879212892737996 25.501866184414911487
33224.033612765750149 25.502500053245586997
33224.188012434824486 25.503130980227158631
33224.342411892474047 25.503758959063937084
33224.496811131371942 25.504383983714248529
33224.651210144351353 25.505006048360424842
33224.805608924383705 25.505625147380584394
33224.960007464585942 25.506241275322928175
33225.114405758205976 25.506854426886516052
33225.268803798615409 25.507464596896561204
33225.423201579309534 25.508071780284684138
33225.57759909388551 25.508675972071777949
33225.731996336035081 25.509277167352642834
33225.886393299559131 25.509875361283825157
33226.040789978345856 25.510470549071925461
33226.195186366356211 25.511062725964823272
33226.34958245762391 25.511651887247680293
33226.503978246262704 25.51223802824124931
33226.658373726437276 25.512821144302115783
33226.812768892370514 25.513401230824992894
33226.967163738336239 25.513978283246750323
33227.121558258644654 25.514552297052347285
33227.275952447642339 25.515123267782094274
33227.430346299712255 25.515691191041288022
33227.584739809244638 25.516256062508904989
33227.739132970658829 25.516817877947328697
33227.893525778374169 25.517376633214045256
33228.047918226824549 25.517932324272589284
33228.202310310429311 25.518484947202779267
33228.356226381765737 25.51903280989828815
33228.508668493304867 25.519572414467717181
33228.659939447847137 25.520104907462574317
33228.810311902911053 25.520631306201273958
33228.960030779955559 25.52115251038389232
33229.109315833055007 25.521669313853070804
33229.258364325789444 25.522182416335578381
33229.407353697788494 25.522692434767769498
33229.556393604820187 25.523199742433135384
33229.705607175950718 25.523704749728132413
33229.855133416989702 25.524207910883884409
33230.005099914080347 25.524709631305700697
33230.155624932471255 25.525210275564553797
33230.3068193342624 25.525710174537405095
33230.458788290481607 25.52620963164165957
33230.611632761407236 25.526708928106518925
33230.765450785664143 25.527208327444210312
33230.919835496104497 25.527706461000676086
33231.074219729518518 25.528201480439477677
33231.228603479015874 25.528693384628322605
33231.382986737582542 25.529182172538096296
33231.537369498066255 25.52966784323774263
33231.69175175318378 25.530150395889943837
33231.846133495513641 25.530629829747791604
33232.000514717481565 25.531106144152658999
33232.154895411367761 25.531579338530420387
33232.309275569299643 25.532049412390414034
33232.463655183251831 25.532516365325701457
33232.618034245031595 25.532980197013980472
33232.772412746286136 25.533440907218974303
33232.926790678495308 25.533898495793863503
33233.081168032964342 25.534352962685801458
33233.235544800838397 25.534804307942913226
33233.389920973080734 25.535252531722072433
33233.544296540472715 25.535697634297569891
33233.698671493635629 25.536139616071139358
33233.853045822994318 25.536578477582743574
33234.007419518798997 25.537014219522632175
33234.161792571117985 25.537446842744977005
33234.3161649698377 25.537876348280445171
33234.470536704662663 25.538302737351315841
33234.624907765108219 25.538726011387741011
33234.779278140515089 25.539146172044514316
33234.933647820027545 25.539563221218589462
33235.088016792615235 25.539977161067199063
33235.242385047065909 25.540387994031704011
33235.396752571978141 25.540795722856923788
33235.551119355768606 25.54120035061026428
33235.70548538667208 25.541601880702572203
33235.859850652741443 25.542000316909096114
33236.014215141847671 25.542395663389857674
33236.168578841687122 25.542787924711301883
33236.322941739774251 25.543177105866785581
33236.477303823441616 25.543563212297865306
33236.631665079847153 25.543946249914480262
33236.786025495974172 25.544326225114723172
33236.940385058631364 25.544703144803623474
33237.094743754445517 25.545077016410225212
33237.249101569883351 25.545447847904895866
33237.403458491236961 25.54581564781690517
33237.557814504631096 25.546180425250998525
33237.712169596023159 25.546542189903217235
33237.86652375121048 25.546900952075418445
33238.020876955830317 25.547256722689017039
33238.175229195359861 25.547609513296997363
33238.329580455123505 25.547959336095765082
33238.483930720285571 25.548306203935830183
33238.638279975872138 25.548650130332525521
33238.792604607217072 25.548991077560309293
33238.946902932439116 25.549329058186238228
33239.101173194605508 25.549664085413969161
33239.255413562474132 25.549996173095298246
33239.409622130529897 25.550325335739113797
33239.56379691958864 25.550651588520064905
33239.717935877044511 25.550974947286007932
33239.872036878281506 25.551295428566554335
33240.026097727815795 25.551613049579529502
33240.180116160634498 25.551927828235076134
33240.334089843010588 25.552239783137594031
33240.488016376148153 25.552548933590927049
33240.64189329767396 25.552855299598132177
33240.795738387671008 25.553158941759463119
33240.949551375197188 25.553459884938938274
33241.103331206068106 25.553758153155712307
33241.25707670160773 25.554053770901337117
33241.410786626016488 25.554346763265101572
33241.564459712004464 25.554637155974273099
33241.718094674826716 25.554924975409356591
33241.8716902217202 25.5552102486087378
33242.02524505922338 25.555493003268249907
33242.178757899280754 25.555773267737077248
33242.332227464736206 25.556051071011840037
33242.485652497329284 25.556326442733244164
33242.639031756523764 25.556599413165830725
33242.792364028551674 25.556870013194192381
33242.945648127155437 25.557138274297329872
33243.098882899284945 25.557404228537716762
33243.252067226676445 25.557667908540675938
33243.40520003389247 25.557929347484463989
33243.558280291021219 25.558188579079761382
33243.711307016710634 25.558445637549176865
33243.864279280169285 25.558700557603323489
33244.017196201195475 25.558953374412045179
33244.170056960399961 25.559204123591978686
33244.322860788670368 25.559452841158091019
33244.475606979882286 25.559699563513937903
33244.628294889931567 25.559944327416992849
33244.780923938335036 25.560187169943290542
33244.933493609554716 25.56042812846067136
33245.086003454074671 25.560667240601915751
33245.238453089637915 25.560904544237491365
33245.39084220098448 25.561140077447287666
33245.543170540586289 25.561373878487756883
33245.695437931470224 25.561605985761453042
33245.847644262641552 25.561836437776396025
33245.999765595544886 25.562065237295950482
33246.151800599793205 25.562292421622267113
33246.303747957819724 25.562518028007989557
33246.455606370276655 25.562742093636213525
33246.607374552782858 25.562964655589045293
33246.759051236236701 25.563185750823201658
33246.910635169369925 25.563405416149812766
33247.062125108597684 25.563623688197083084
33247.213519818222267 25.56384060338988462
33247.364818074078357 25.564056197935229875
33247.516018659349356 25.564270507797278498
33247.667120362588321 25.564483568676667602
33247.818145197408739 25.564695448487348983
33247.969094071391737 25.564906184818799062
33248.11996779502806 25.565115814783371917
33248.270767176327354 25.565324375139802271
33248.421493068388372 25.56553190234843953
33248.572146378835896 25.56573843257345402
33248.722728076092608 25.565944001681138786
33248.87324349359551 25.56614865107036394
33249.023693845621892 25.566352416083631738
33249.174080405020504 25.56655533173820416
33249.324407056905329 25.566757436145355342
33249.474664991546888 25.566958749971597342
33249.62485683849809 25.567159308888022906
33249.774983531315229 25.567359145852176283
33249.92504603042471 25.567558293420795223
33250.075045319747005 25.567756783740939852
33250.224982403531612 25.567954648542176699
33250.374858302966459 25.568151919128652594
33250.524674052590854 25.568348626371744103
33250.674430697064963 25.568544800705208075
33250.824129287066171 25.568740472119177554
33250.973770872951718 25.568935670151606843
33251.123356506250275 25.569130423889866677
33251.272887089769938 25.569324761775316546
33251.422381660609972 25.569518735307383395
33251.571843024605187 25.56971237438338207
33251.7212737194277 25.569905708106471565
33251.870676183221804 25.570098765008530961
33252.020052901338204 25.570291573243164152
33252.16940660229011 25.570484160840482701
33252.318739727881621 25.57067655502629222
33252.468057905949536 25.570868786695740482
33252.617363660334377 25.571060882314441187
33252.766659499749949 25.57125286790634533
33252.91594790155068 25.571444769035515776
33253.065231320833846 25.57163661082087458
33253.214512148362701 25.571828417885296147
33253.363792760370416 25.572020214423023532
33253.513074432390567 25.572212022807295995
33253.662359351517807 25.572403866178053278
33253.811649757029954 25.572595767341919526
33253.960947829567885 25.572787748632592297
33254.110255679559486 25.572979831898802416
33254.259575340380252 25.573172038498654501
33254.408908763150976 25.573364389291207033
33254.55825781038584 25.573556904630059705
33254.707624250440858 25.573749604358489762
33254.857009751736769 25.573942507803817392
33255.006415876669053 25.574135633771454934
33255.15584407724964 25.574329000540625856
33255.30529569034843 25.574522625859248848
33255.454772290584515 25.57471652740133905
33255.604275817466259 25.574910722935083385
33255.753807733737631 25.575105229232001136
33255.903369337429467 25.575300062470663676
33256.052961779656471 25.575495238258845632
33256.202585619874299 25.575690771050709316
33256.352241291104292 25.575886674748794292
33256.501929080724949 25.576082962676942145
33256.651649105508113 25.57627964754486527
33256.801392627261521 25.576476730004660709
33256.951149623382662 25.57667420852931528
33257.10091736499453 25.576872090733612453
33257.250692738169164 25.577070383288809552
33257.400472243476543 25.577269091915148636
33257.550251011343789 25.577468220064446314
33257.700039286697574 25.577667790886355448
33257.84984606289072 25.57786782557406724
33257.999670380857424 25.57806833169714622
33258.149511125506251 25.578269316212239204
33258.299366976461897 25.578470785398540244
33258.449231607082766 25.578672738382930874
33258.599098108483304 25.578875173049212322
33258.748964113714464 25.579078092980562786
33258.898826427401218 25.579281500243329361
33259.048684273984691 25.579485399808444157
33259.198534410796128 25.579689792929507064
33259.348373662993254 25.579894680584704503
33259.498199121830112 25.580100063763953955
33259.648031823373458 25.58030597607075407
33259.797879137833661 25.580512432269891576
33259.947742062118778 25.5807194381559313
33260.097621910899761 25.5809269997381179
33260.247520073302439 25.581135122926930592
33260.39743823576282 25.581343813865547787
33260.547378424780618 25.581553079015108665
33260.697343291598372 25.581762925578814816
33260.847339813735744 25.581973366733599562
33260.997376172308577 25.582184417329585813
33261.14744951834291 25.582396076657822448
33261.297555812874634 25.582608342199026907
33261.447697391617112 25.582821220360088432
33261.597875845043745 25.583034716477481396
33261.748092655529035 25.583248835731659199
33261.898363850348687 25.583463604133513059
33262.04870844699326 25.583679052241294016
33262.19913383997482 25.58389519421307412
33262.349647718656342 25.584112044795482177
33262.50025742338039 25.584329618415736718
33262.650970846996643 25.584547930499756063
33262.801796812214889 25.58476699804866783
33262.952744374684698 25.584986838657460595
33263.103823560966703 25.585207471614669572
33263.255046107500675 25.585428919020234417
33263.4064270042727 25.585651208105247179
33263.55798162863357 25.585874367087360071
33263.70972252338106 25.586098420431163447
33263.861661930022819 25.586323392562050572
33264.013813410238072 25.586549310286049064
33264.1661926623201 25.586776204049957784
33264.318820493768726 25.587004112447036874
33264.471717576205265 25.587233074476809946
33264.624904486801825 25.587463129622694424
33264.77840506494249 25.587694322931195501
33264.932240170630394 25.587926695660812015
33265.08642994085676 25.588160288659331343
33265.2409997323266 25.588395151409901729
33265.395978892389394 25.588631340293563454
33265.551396089715126 25.588868911555547214
33265.707277461289777 25.589107918468638303
33265.863647963531548 25.58934841337837085
33266.020534562594548 25.589590452627209771
33266.177973360849137 25.589834107672505326
33266.3360024802314 25.590079454270522774
33266.494654036294378 25.590326560037141235
33266.653959507915715 25.59057549273126142
33266.813954241995816 25.590826327340185031
33266.974670533883909 25.591079135306561199
33267.136139367743453 25.591333987228214397
33267.298385498652351 25.591590945047464345
33267.461420970976178 25.591850051584636105
33267.625256667124631 25.592111348649062563
33267.789897433765873 25.592374869195786857
33267.955341389984824 25.592640636037856439
33268.121585408116516 25.592908670492697354
33268.288625175206107 25.593178992428821772
33268.456455405888846 25.593451620557893023
33268.625064189691329 25.593726563146717012
33268.794438614619139 25.594003827004236484
33268.964570111013018 25.594283426215337585
33269.135450122448674 25.594565375089391779
33269.307068544469075 25.594849685535322692
33269.478851560343173 25.595135429960084394
33269.650341616223159 25.59542185984493301
33269.821585149802559 25.595709060921706168
33269.992628318956122 25.59599711948520806
33270.163517209759448 25.596286122748644232
33270.334298046407639 25.596576159212663271
33270.505017409981519 25.596867319060471857
33270.675722472937196 25.597159694590835954
33270.846444397509913 25.597453351642172947
33271.017224597831955 25.597748374482613087
33271.18811292306782 25.598044863046986563
33271.35916084019118 25.598342921371134651
33271.530421827905229 25.598642658371719705
33271.701951831193583 25.598944188753744555
33271.873809834767599 25.599247634153449837
33272.046058489489951 25.599553124406522642
33272.218764891978935 25.599860799124506627
33272.392001203268592 25.60017080902591502
33272.565845466102473 25.600483317662515503
33272.740382852512994 25.600798503972324482
33272.915706845466048 25.601116564785741048
33273.091920536338876 25.601437717615198153
33273.269138021954859 25.601762203708691601
33273.447485873854021 25.602090291328252647
33273.627104638471792 25.602422279184963827
33273.808150309901976 25.602758499930004632
33273.990795695135603 25.603099323557490408
33274.174253998600761 25.603443323047564206
33274.357793389215658 25.603789146772818697
33274.540866728551919 25.604135766703922883
33274.722687277237128 25.604481677495940062
33274.903364945545036 25.604827062806350568
33275.083007399894996 25.605172105653078773
33275.261721893592039 25.60551699186759933
33275.439616219693562 25.605861911943346598
33275.616799576877384 25.606207062765363958
33275.793383043856011 25.606552648619967272
33275.969480397827283 25.606898882909732151
33276.14520803157211 25.607245988131179359
33276.320684247511963 25.607594194611873917
33276.496028528104944 25.607943739166650232
33276.671358762476302 25.608294859615604366
33276.846741427332745 25.60864769429178267
33277.022277580777882 25.609002453899712748
33277.19806645141216 25.609359349050397014
33277.374191433344095 25.609718561587843766
33277.550714269491436 25.610080231947446094
33277.727669115804019 25.610444445933051583
33277.905056985960982 25.610811221932348047
33278.082841400813777 25.611180500306140573
33278.260946125315968 25.611552136872422381
33278.439255632474669 25.611925901968650265
33278.617581657963456 25.612301407958145916
33278.795685753451835 25.612678153526871938
33278.973365066696715 25.61305570393789921
33279.150417503464269 25.613433618210407872
33279.326653710944811 25.613811474932539625
33279.501908061720314 25.614188896611125301
33279.676044873245701 25.61456556435708265
33279.848958128146478 25.614941218763771502
33280.020575684451615 25.615315670576176643
33280.190884999246919 25.615688858819559925
33280.359923793606868 25.616060833022459065
33280.527759746335505 25.616431710581554881
33280.694480724370806 25.616801656400085108
33280.860192959487904 25.617170879713100362
33281.02501544822735 25.617539622337162086
33281.189074882284331 25.617908147804911323
33281.352501357694564 25.618276731985684336
33281.515424704026373 25.618645654885927598
33281.67797151740524 25.619015193862139768
33281.840263430298364 25.61938561951026827
33282.002415863826172 25.619757192577953475
33282.164540732148453 25.620130169926522257
33282.326702783691871 25.620504703355148735
33282.488986752883648 25.620880993488224675
33282.651484689820791 25.621259261152282249
33282.814282759602065 25.621639716826908995
33282.97746196580556 25.622022562107623855
33283.141098906082334 25.622407991285498952
33283.305266548624786 25.622796193019929945
33283.470034300094994 25.62318735037057138
33283.635470893590536 25.623581647568716591
33283.801641906698933 25.623979264078876383
33283.968607607355807 25.624380369310312489
33284.136426583543653 25.624785131182555631
33284.30515579348139 25.625193716214887729
33284.474849487043684 25.625606286870663553
33284.645560339988151 25.626023004250285453
33284.817336476407945 25.626444020752778385
33284.990224361827131 25.626869487034966255
33285.164272382848139 25.627299560842114801
33285.339526021540223 25.627734395159812664
33285.516027754027164 25.628174137866242432
33285.693816914070339 25.628618931288617233
33285.87292902108311 25.629068910399464443
33286.053394817390654 25.629524200231529107
33286.235163348537753 25.629984720376860707
33286.417405885113112 25.630448405770987819
33286.600146815493645 25.630915340365586275
33286.783408647948818 25.631385604578802884
33286.967211505354499 25.631859273901689278
33287.151576946038404 25.632336428688898167
33287.336528624866332 25.63281715597079824
33287.522088953926868 25.633301540845312871
33287.708280081307748 25.633789668988661958
33287.895123432390392 25.634281625438045893
33288.082646900853433 25.634777513614444899
33288.270878758761683 25.635277439491105156
33288.459842650590872 25.635781498243076726
33288.649570078348916 25.63628980751036579
33288.840092178848863 25.636802485694985876
33289.031431120965863 25.637319628654552162
33289.223608601743763 25.63784133229682638
33289.416648138743767 25.638367698822982277
33289.610575271552079 25.638898837396421726
33289.805413664988009 25.639434853527237834
33290.001188656118757 25.639975858783852658
33290.197926794600789 25.640521969618809806
33290.395649664162192 25.641073290179758004
33290.594389582918666 25.641629956070609353
33290.794185190010467 25.642192122584514635
33290.995069793309085 25.64275993210338811
33291.197058943354932 25.643333478395025082
33291.399890710439649 25.643912062881998537
33291.602165832591709 25.644491706687183807
33291.803793674363988 25.645072133057166042
33292.004691291338531 25.645653082387369182
33292.204783867608057 25.646234314003134358
33292.404005008131207 25.646815607559325656
33292.602296892306185 25.647396764059813279
33292.799610298643529 25.64797760651307712
33292.99590451316908 25.648557980247591814
33293.191147136509244 25.649137752919610733
33293.385313804945326 25.649716814247781826
33293.578387841247604 25.650295075513298571
33293.770359851245303 25.650872468865287601
33293.961227281011816 25.651448946472061863
33294.150993948424002 25.652024479556406078
33294.339669561362825 25.652599057348524525
33294.527269233185507 25.653172685988732127
33294.713813004316762 25.653745387407461465
33294.899325374200998 25.654317198196213923
33295.083834859491617 25.654888168519885738
33295.267373742346535 25.655458361585044003
33295.449977317577577 25.65602785152003662
33295.631683696556138 25.656596722942939692
33295.812533405514841 25.65716506986448664
33295.992569164416636 25.65773299512816763
33296.171835537010338 25.658300609421655025
33296.350378649585764 25.658868030479155209
33296.528245936773601 25.659435382348753762
33296.705485869031691 25.660002794583039787
33296.882147720418288 25.66057040154100477
33297.058281393125071 25.661138341857359535
33297.233937059798336 25.661706757309833193
33297.409164985343523 25.662275792245875294
33297.584015283748158 25.662845592785217264
33297.758530487815733 25.663416282462605977
33297.9327584129569 25.663988004076188076
33298.106746238729102 25.664560900458369019
33298.280539873892849 25.66513511233236855
33298.454183608831954 25.665710777081642391
33298.627719841373619 25.666288027742243827
33298.801188774414186 25.666866991883910742
33298.974628117830434 25.6674477904867544
33299.148076395125827 25.668030548931270118
33299.321559468597115 25.668615351547099834
33299.49511148383317 25.669202311864857791
33299.668762695117039 25.669791531702607301
33299.842539823694096 25.670383102176625556
33300.016465980588691 25.670977103247597739
33300.190560593851842 25.671573603277945352
33300.364839372079587 25.672172658710007198
33300.539314319088589 25.672774313918900191
33300.713993805635255 25.673378601265095966
33300.888882699015085 25.673985541352870143
33301.063982548381318 25.674595143491970362
33301.239291829559079 25.675207406380305741
33301.414806223314372 25.675822318920165088
33301.590518936587614 25.676439861203746773
33301.766421069231001 25.677060005679980037
33301.942501999234082 25.677682718411574569
33302.118749784611282 25.678307960416677957
33302.295151573955081 25.678935689067809989
33302.471694018102426 25.679565859521684246
33302.648363676002191 25.680198426154710489
33302.825147408468183 25.680833343981184669
33303.002032754251559 25.681470570033862799
33303.17900828346319 25.682110064688473017
33303.35606392367481 25.682751792909225941
33303.533191254580743 25.683395725400643528
33303.710383767836902 25.684041839650728178
33303.887637089130294 25.68469012085252956
33304.063532217907778 25.68533535714665561
33304.23767766385572 25.68597606115748988
33304.410139703883033 25.686612420856519634
33304.580985829699785 25.687244632266860833
33304.750286154565401 25.687872904668505925
33304.918126569100423 25.688497509679827147
33305.084579920046963 25.68911867428968776
33305.249724542009062 25.689736649546286884
33305.413640967803076 25.690351698405418546
33305.576412256217736 25.690964097007334743
33305.738125798743567 25.691574141563108924
33305.898872589983512 25.692182145746386368
33306.058748933450261 25.692788447291857068
33306.217853426074726 25.693393396723880784
33306.376290400468861 25.693997370559877425
33306.534168931037129 25.694600767745917835
33306.691602917191631 25.695204010171938336
33306.848705864838848 25.695807522806230594
33307.005593518537353 25.696411743805764871
33307.162379222201707 25.697017106678973875
33307.319167696288787 25.697624016047811324
33307.476015030042618 25.69823269177734204
33307.63302521542937 25.698843542638339699
33307.790278817723447 25.699456890115378371
33307.947839514585212 25.70007299287473046
33308.105778138371534 25.700692140318157186
33308.264179030353262 25.701314677965200417
33308.423143882362638 25.701941023313708001
33308.582793949128245 25.702571675503318005
33308.743274131964426 25.70320723255661477
33308.904755789531919 25.703848403839938186
33309.067439490747347 25.704496022509502495
33309.231558268889785 25.705151060189141532
33309.397383589639503 25.705814652803020692
33309.565228562816628 25.706488115814654094
33309.735452925677237 25.707172966944963122
33309.908488034561742 25.70787103022114195
33310.084842733973346 25.708584464479205423
33310.265102037825272 25.709315763440265812
33310.449955800097086 25.71006787836938301
33310.640228534524795 25.710844348126752124
33310.835434324559174 25.711643385725647448
33311.031696202597232 25.712449239674825208
33311.229037510121998 25.713262051885408255
33311.427479846832284 25.714081958502688963
33311.627043445543677 25.714909091340736325
33311.827747483344865 25.715743579076189462
33312.029610313475132 25.716585548133025441
33312.232649739024055 25.717435123757841353
33312.436883347152616 25.718292431369341955
33312.642328917543637 25.719157598246702889
33312.849004918694845 25.720030755622751428
33313.056931107392302 25.720912041256248415
33313.266129248637299 25.721801602567790468
33313.47662397462409 25.722699600432591183
33313.68844381589588 25.723606213787675756
33313.901622931574821 25.72452164733836355
33314.116201983626524 25.725446135724155283
33314.332228428102098 25.726379945246840464
33314.549759957611968 25.727323389324912029
33314.768867886275984 25.728276844010139257
33314.989638884093438 25.72924075660030141
33315.212178105299245 25.730215660547028023
33315.436612568919372 25.731202191780742083
33315.661563014065905 25.732194339073981126
33315.885896014842729 25.733187098448066621
33316.109655960186501 25.734180636623555927
33316.332890721620061 25.735175138132536432
33316.555651256094279 25.73617080380618205
33316.777991207804007 25.737167849219044768
33316.999966666451655 25.738166503800705698
33317.221635583373427 25.739167008375975598
33317.443057619188039 25.740169614611161819
33317.664293848567468 25.741174583797537423
33317.885406343229988 25.742182185049419019
33318.106457455563941 25.743192692095600904
33318.327508562804724 25.744206377529945229
33318.548590188540402 25.74522337508053127
33318.769756773646805 25.746243930528631694
33318.991055451748252 25.747268258669198104
33319.21251995406783 25.748296514443847371
33319.434164164464164 25.749328761923244713
33319.655975019850302 25.750364939681205101
33319.877905467576056 25.751404825839440349
33320.099842113872 25.752447883399749884
33320.321600773771934 25.753493234580719928
33320.542986146167095 25.754539938468152371
33320.763768282915407 25.755586878604763257
33320.983694913076761 25.756632819434589265
33321.202507461959613 25.757676481493831488
33321.419958799197047 25.758716626268547856
33321.635830161132617 25.759752138573396962
33321.849945028538059 25.760782095631462596
33322.062178426305763 25.761805815104285244
33322.27246090349945 25.762822878002420879
33322.480777682554617 25.76383312832806638
33322.68716381691047 25.764836653086184981
33322.89169666403177 25.765833748696454819
33323.094486968919227 25.76682487993107884
33323.295669671671931 25.767810636753001319
33323.495395279904187 25.768791693203048965
33323.693822367116809 25.769768771180750377
33323.891111492637719 25.770742610701326214
33324.087420653973822 25.771713947316715831
33324.282902222425037 25.772683496595348629
33324.477701199772127 25.773651944981605055
33324.671954728248238 25.774619946808783766
33324.865791899581382 25.775588122794268031
33325.059334632715036 25.776557063897378441
33325.252698653530388 25.777527335766624361
33325.445994537752995 25.778499483586632124
33325.639310453734652 25.779473944657365081
33325.832716132834321 25.780451067169444457
33326.026312947447877 25.781431362997555112
33326.220199402996514 25.782415334169140664
33326.414471333213442 25.783403473688551344
33326.609221924045414 25.784396265506522639
33326.804541616656934 25.785394183879379426
33326.998253560290323 25.786386084690075648
33327.190131882416608 25.787370748801855314
33327.380279041179165 25.788348638260078616
33327.568801588924543 25.789320241651754628
33327.755806222427054 25.790286053771648511
33327.941400619034539 25.791246579833021713
33328.125698553012626 25.792202361958274537
33328.308815152864554 25.793153954715020149
33328.490856528776931 25.794101871010621352
33328.671931374927226 25.795046642118652613
33328.852148531841522 25.795988804970132691
33329.031617255423043 25.796928903492787555
33329.210446436278289 25.797867484460351051
33329.388748919634963 25.798805120150767323
33329.566632470523473 25.799742360844376776
33329.744203902104346 25.800679756334478299
33329.921571281796787 25.801617867522082861
33330.098835901415441 25.802557223858233471
33330.27609422896785 25.803498333354220051
33330.453394982134341 25.804441453769136672
33330.630820294281875 25.805387023173707917
33330.808447475930734 25.80633545726428224
33330.986343823482457 25.807287121323987833
33331.164563066326082 25.80824231066259955
33331.343145372018625 25.809201249965262548
33331.52212357515964 25.810164126155310527
33331.701520366339537 25.811131072862810498
33331.881348795810482 25.812102172637832354
33332.061619061314559 25.81307749322265721
33332.242340802804392 25.814057099859116562
33332.423531249711232 25.815041099549382864
33332.605210647860076 25.816029616541261049
33332.787398721586214 25.817022773183119
33332.97012251522392 25.818020732768871994
33333.153417237241229 25.819023704545177367
33333.337326217108057 25.820031943905835448
33333.521912329160841 25.82104581563266521
33333.7072475809764 25.822065737580906841
33333.893401793480734 25.823092118710839316
33334.080451640147658 25.824125408987857355
33334.268480947204807 25.825166101446502154
33334.457593891798751 25.826214805872901081
33334.647896137998032 25.827272145036413775
33334.839481900256942 25.828338682752949751
33335.032451788902108 25.829415022972007421
33335.226902636582963 25.830501753288835687
33335.422924331469403 25.831599427068166364
33335.620618980843574 25.832708670774827908
33335.820102639889228 25.833830194477862108
33336.021490849801921 25.83496471119547877
33336.224929896627145 25.836113113625668092
33336.430579427280463 25.837276377635745916
33336.638577887912106 25.838455367125416018
33336.849065564798366 25.839650963996625421
33337.06219767165021 25.840864143038864142
33337.278131788356404 25.842095901326487706
33337.497017811459955 25.843347201104403865
33337.719013810703473 25.844619060518922993
33337.944289930761443 25.845912576840156305
33338.173041019232187 25.847229000302917257
33338.402579585934291 25.848552949413246438
33338.632700122914684 25.849883267365612483
33338.863483578803425 25.851220448333812385
33339.095015804101422 25.852565019363275667
33339.327388078607328 25.853917543809401991
33339.551499481945939 25.855224905792503876
33339.76783232595335 25.856489612448349646
33339.977631226465746 25.857718675595414481
33340.181884005636675 25.858917665917232398
33340.381398607314622 25.860091146990768607
33340.576834800034703 25.861242849424904477
33340.768735967976681 25.862375848628182951
33340.957558820962731 25.863492733025111647
33341.143692454592383 25.864595711491691787
33341.327474156154494 25.865686702981932399
33341.509189619682729 25.866767334570010206
33341.689098773167643 25.867839092371280429
33341.86743709633447 25.868903327791525015
33342.044419041922083 25.869961276514619186
33342.220235653294367 25.871014042976632652
33342.395060985800228 25.872062637591145773
33342.569075713618076 25.87310811773740582
33342.742421549708524 25.87415131347970032
33342.915237567824079 25.875193044688227673
33343.087657205185678 25.876234102752363242
33343.259835477234446 25.877275414996049108
33343.43189993291162 25.878317748382510644
33343.603972407763649 25.879361840241131176
33343.776118776055227 25.880408092343465398
33343.948461339947244 25.881457252870053054
33344.121129200058931 25.882510116364393582
33344.294258570029342 25.883567526019870542
33344.467985454080917 25.884630329239403324
33344.642450223254855 25.885699405738126444
33344.817807233681378 25.886775726908691553
33344.994224919690168 25.887860357182276516
33345.17187434357038 25.888954384275059795
33345.350933729030658 25.890058947434674508
33345.531595805885445 25.891175283378327521
33345.714069637615466 25.892304738548755694
33345.898585267874296 25.893448799026376861
33346.085400957796082 25.894609136905561542
33346.085400957796082 25.894609136905561542
33346.085400957796082 25.894609136905561542
33346.085400957796082 25.894609136905561542
33346.085400957796082 25.894609136905561542
33346.085400957796082 25.894609136905561542
33346.085400957796082 25.894609136905561542
33346.085400957796082 25.894609136905561542
33346.274807122332277 25.895787636666184994
33346.467132954996487 25.896986438685310361
33346.662757114310807 25.898208008719993956
33346.862120433856035 25.899455220981511872
33347.065748477063607 25.900731504122710191
33347.274290986912092 25.90204109541300781
33347.488522431980527 25.903389053365788897
33347.709347370895557 25.904781301673327931
33347.937831962997734 25.906224839995605436
33348.17519809899386 25.907727721781004249
33348.417884492388112 25.909267695033147305
33348.658471902192105 25.910797750959055463
33348.897108776749519 25.912318750425257008
33349.133941451225837 25.913831549714423375
33349.369114426765009 25.915337002019178669
33349.602770694073115 25.91683595925933048
33349.835052099173481 25.918329274211092894
33350.06609975102765 25.919817802949719265
33350.29605447252834 25.921302407618206587
33350.5250572980367 25.922783959547164301
33350.753250022229622 25.924263342759683582
33350.980775806012389 25.925741457903566101
33351.207779844778997 25.927219226649921069
33351.434410096124338 25.928697596545639215
33351.660818035015836 25.930177546117597842
33351.88715944672731 25.931660090298542798
33352.113548570174316 25.933145979435892059
33352.340116021412541 25.934636077864809067
33352.565134783129906 25.936119002278019252
33352.785405147427809 25.937573542960144835
33353.001528152031824 25.939003496666142468
33353.214001030646614 25.940412005366926707
33353.423247704595269 25.941801751183220404
33353.629649437054468 25.943175155090322903
33353.833541127169156 25.944534348884427999
33354.035216217147536 25.945881204631078276
33354.23493612519087 25.947217394925246481
33354.432932244613767 25.948544404073782488
33354.629413034839672 25.949863573721980714
33354.82457128889655 25.951176150233933981
33355.018582242984849 25.952483270877571897
33355.21158882213058 25.953785863022300617
33355.403721786206006 25.955084778493443309
33355.595119995901769 25.956380930162893605
33355.785910926519136 25.957675160064276554
33355.976212293680874 25.958968249752746971
33356.166130227196845 25.960260907275941378
33356.355768471665215 25.961553829271018401
33356.545211457989353 25.962847585109216197
33356.734530650632223 25.964142659240678768
33356.923785108410812 25.965439454296081578
33357.113076883229951 25.966738670925764154
33357.302431910909945 25.968040490703529599
33357.491883315509767 25.969345145920218698
33357.681441469765559 25.9706527133017957
33357.871086098588421 25.971963058094981847
33358.060717079715687 25.973275491507330059
33358.250160158226208 25.974588805748052067
33358.439112452870177 25.975900891036438622
33358.627259382163174 25.977209542186553648
33358.814350227810792 25.97851298490295946
33359.000148061924847 25.979809529847759819
33359.184423854458146 25.981097532356315583
33359.366960670296976 25.982375422470131099
33359.547551872747135 25.983641693212291557
33359.72601880691218 25.984895025667103852
33359.902221470409131 25.986134365848727157
33360.076062976957473 25.987358958459491731
33360.247490575857228 25.988568356547244065
33360.416494795921608 25.989762417880211132
33360.58310576662916 25.990941281190877987
33360.747386564107728 25.992105321007436203
33360.909426822559908 25.99325510389057925
33361.06935380835057 25.99439146839609549
33361.227288661255443 25.995515215217785965
33361.383361609965505 25.996627215225487362
33361.537707220260927 25.997728375836050674
33361.690461204780149 25.998819618275057053
33361.841757827947731 25.999901858924442166
33361.991727267653914 26.000975990226173451
33362.140497979351494 26.002042897351113737
33362.288198019865376 26.003103467536039517
33362.434944286615064 26.004158512565499706
33362.580855881977186 26.005208864460332308
33362.726038624627108 26.006255263810782452
33362.870592957617191 26.007298416235858696
33363.014620834459492 26.008339041887015952
33363.158216546049516 26.009377809081858146
33363.301471996652253 26.010415372174794157
33363.444480334328546 26.011452397772742984
33363.587330033748003 26.012489521787085067
33363.730110925498593 26.013527393071424143
33363.872900379938073 26.014566572864069371
33364.015750399266835 26.015607440132935579
33364.158749072994397 26.016650639065701967
33364.301985936239362 26.017696827479753097
33364.445552150100411 26.018746678214757395
33364.589539703410992 26.019800873370488858
33364.734041860931029 26.020860107649930626
33364.879155557406193 26.021925106021225105
33365.024980835340102 26.022996619776993299
33365.171620917310065 26.024075427242738812
33365.319180915641482 26.025162324453599894
33365.467769110888185 26.026258134726617754
33365.617501526918204 26.027363742667230184
33365.768498532139347 26.028480069450914414
33365.920885070554505 26.029608074817634389
33366.074789074613363 26.030748745609216144
33366.230338491244765 26.031903073933598591
33366.387672679535171 26.033072142029858753
33366.546929667456425 26.034257028076282836
33366.708232653487357 26.035458705651574718
33366.871696096277446 26.036678088620234917
33367.037422094450449 26.037916003788353692
33367.205493248045968 26.039173136994584468
33367.375961472360359 26.040449948402009994
33367.548843639182451 26.041746638294917204
33367.7241155285883 26.043063099835947583
33367.901702718940214 26.044398848313242922
33368.081477540094056 26.045752995411849184
33368.263260454412375 26.047124256613663817
33368.446825572020316 26.048510989858073117
33368.631907809693075 26.049911246950756549
33368.818215817060263 26.051322869152070183
33369.00544930173055 26.052743617043773838
33369.193315506745421 26.054171295155978072
33369.381544535812282 26.055603868989589245
33369.569879607326584 26.057039391897841796
33369.758064895198913 26.05847591291380283
33369.94597382194479 26.059912458328057028
33370.13351917496766 26.061348350366404958
33370.320651787282259 26.062783199316363891
33370.507362433098024 26.064216920258949983
33370.693654930561024 26.065649528332862417
33370.8795547568443 26.06708120586381483
33371.065104144858196 26.068512265731254018
33371.250358925186447 26.069943127889185774
33371.435397750348784 26.071374391517611713
33371.620305554846709 26.072806708075543014
33371.805163606877613 26.074240704416745018
33371.990045831858879 26.075676954000975627
33372.175009533704724 26.077115904249208
33372.360146589802753 26.078558274755994972
33372.545552303636214 26.080004816046013616
33372.731329905873281 26.081456344975851636
33372.917581020970829 26.082913670555157637
33373.104400439391611 26.084377552893673879
33373.291884275473421 26.085848766913535712
33373.48013026316039 26.087328104791644989
33373.669238252587093 26.088816380011760288
33373.859309953702905 26.0903144255204964
33374.050449789370759 26.091823100636801769
33374.242756101819396 26.093343221720747493
33374.436332126424531 26.094875648832577042
33374.631297239538981 26.096421375347443217
33374.827775323123205 26.097981436559003043
33375.025896332925186 26.099556922549588478
33375.225799081847072 26.101149000878791639
33375.427616487431806 26.102758799516351473
33375.631487503822427 26.104387502051089598
33375.837573686905671 26.106036480901156693
33376.046047617157456 26.107707206103007991
33376.25709021055809 26.109401224674488873
33376.470895554906747 26.111120200367643918
33376.68767565201415 26.112865953094814842
33376.904244110206491 26.114612880174650655
33377.119182119022298 26.116349503195792181
33377.332549935672432 26.118076248552910101
33377.544403520689229 26.119793511349786996
33377.754794524451427 26.121501654953618754
33377.96377028535062 26.123201010656671883
33378.171373847646464 26.124891877505110216
33378.377644007232448 26.126574522363330999
33378.58261539315572 26.128249180279983221
33378.786318591497547 26.129916055213200821
33378.988780316343764 26.131575321151757407
33379.19002362980973 26.133227123659803937
33379.390068210072059 26.13487158183874115
33379.588930663623614 26.136508790676632685
33379.786624874592235 26.138138823729491378
33379.983162384589377 26.139761736084459187
33380.178552790894173 26.141377567504758161
33380.372804155820631 26.142986345698577821
33380.565923417598242 26.144588089631838557
33380.757916793976619 26.146182812811751717
33380.948790170892607 26.147770526475394348
33381.138549469193094 26.149351242624135239
33381.327200983687362 26.150924976853008985
33381.514751689741388 26.152491750933162251
33381.701209513950744 26.154051595114559348
33381.886583566534682 26.15560455012607477
33382.070884334352741 26.157150668860712273
33382.254123834660277 26.158690017743641221
33382.436315730767092 26.160222677789612078
33382.617475411694613 26.161748745363478719
33382.797620038691093 26.163268332664756599
33382.976768562031793 26.164781567963370179
33383.154941712091386 26.166288595617238855
33383.33216196817375 26.167789575900535226
33383.508453510032268 26.1692846846801217
33383.683842155529419 26.170774112970615732
33383.858355288219173 26.172258066400239329
33384.03202177836647 26.173736764614634609
33384.204871900336002 26.175210440644413268
33384.376937249086041 26.176679340258967699
33384.548250657971948 26.178143721322641113
33384.718846189483884 26.179603853773802058
33384.888758999528363 26.181060018518799382
33385.058025262755109 26.182512506841693067
33385.226682110129332 26.183961619914537522
33385.394767573314311 26.185407668362838507
33385.562320536075276 26.186850971888553374
33385.729380692660925 26.188291858950922375
33385.895988512944314 26.189730666503656664
33386.062185213937482 26.191167739786287427
33386.228010887534765 26.192603416141217565
33386.393508239510993 26.194038057383114193
33386.558720682645799 26.195472033379246568
33386.723692329615005 26.196905722026464503
33386.888467989010678 26.198339509256399538
33387.053093164926395 26.199773789073251606
33387.217614059511106 26.201208963618935144
33387.382077578178723 26.202645443263389069
33387.546531337487977 26.204083646721169742
33387.71100439845759 26.205523832288992736
33387.875540563189134 26.206966388940116985
33388.040189248487877 26.208411756983899465
33388.205000615271274 26.20986038555452069
33388.370025595220795 26.211312732901252076
33388.535315924498718 26.212769266749251784
33388.700924185759504 26.214230464738339066
33388.866903859096055 26.215696814946799265
33389.033310005062958 26.217168822016489571
33389.200198757447652 26.218647002778887156
33389.367626760795247 26.220131881359804993
33389.535651820864587 26.22162399502739305
33389.704334157897392 26.22312390545400973
33389.873735243876581 26.224632188544148903
33390.043916584974795 26.226149423697094676
33390.214940885300166 26.227676204260490067
33390.386871929345943 26.229213136610216139
33390.559774375935376 26.230760838434111548
33390.73371344285988 26.232319936026353702
33390.908754461837816 26.23389106039893548
33391.08496228470176 26.235474842027343811
33391.262400524588884 26.23707190406947376
33391.441130620005424 26.238682853933287475
33391.62121071540605 26.240308273117069149
33391.802694359190355 26.241948705310615964
33391.985629028931726 26.243604642826117157
33392.170054504465952 26.24527651152459029
33392.356001121646841 26.246964654516641957
33392.543487953465956 26.248669315044555361
33392.732520981589914 26.250390619106191537
33392.923091332078911 26.252128558486301557
33393.115173662248708 26.253882974988769661
33393.308724806272949 26.255653546863783276
33393.503682791073516 26.257439778473433023
33393.69996633091796 26.259240994225955035
33393.897474905839772 26.261056337792357596
33394.096089513703191 26.262884777497689015
33394.295674160697672 26.264725118557443295
33394.496078119744197 26.266576022517533318
33394.697138941883168 26.268436033850875333
33394.898686154265306 26.270303613186140268
33395.10054552317888 26.272177176127264886
33395.302543707090081 26.274055136109122799
33395.504440903903742 26.275935276596271706
33395.7060778973173 26.277816118578513738
33395.907321286831575 26.279696414560714146
33396.108057965153421 26.281575098784152544
33396.308197545338771 26.283451311543462481
33396.50767377793818 26.285324414252894343
33396.706444930990983 26.287193994892060545
33396.904492836649297 26.289059860920545475
33397.101821337659203 26.290922026438515502
33397.298454895273608 26.292780700730606469
33397.494435721688205 26.294636262698947604
33397.689820862899069 26.296489234559057735
33397.884679219350801 26.298340254674617
33398.079088649683399 26.300190050909467487
33398.273133275419241 26.302039415629796082
33398.466901065978163 26.303889183138782215
33398.66048174718162 26.305740209985234657
33398.853965046691883 26.307593358313017262
33399.047439269488677 26.309449482220273353
33399.240954210159543 26.311309070998511572
33399.434587169707811 26.313172882073747161
33399.628418993706873 26.315041712020331488
33399.822525737537944 26.316916316334371118
33400.016977562561806 26.318797398413710908
33400.211839201016119 26.320685613643899359
33400.407169698606594 26.322581566508851836
33400.603022118018998 26.324485807292482775
33400.799443256932136 26.326398828886055981
33400.996473443585273 26.328321064318490841
33401.194146284666203 26.330252883791043672
33401.392488401645096 26.332194591563951036
33401.591519160188909 26.33414642273829287
33401.791250402558944 26.33610854002727919
33401.991686197026866 26.338081030655715153
33402.192822621356754 26.340063903555169134
33402.394647598746815 26.342057087041698793
33402.597140804704395 26.344060427164482263
33402.800273661756364 26.346073686902343525
33403.004009435942862 26.348096546357524517
33403.208303445120691 26.350128604059083415
33403.413103384584247 26.352169379447374808
33403.618349770469649 26.354218316560590551
33403.823976496554678 26.356274788896641326
33404.02990859431884 26.358338076282915807
33404.236066065517662 26.360407402504662855
33404.442367647272476 26.362481972674103758
33404.648722124366031 26.364560885448444338
33404.85500451146072 26.366642891440861263
33405.061125560445362 26.368727093505757608
33405.266995912563289 26.370812586536761302
33405.472527023332077 26.372898466824938879
33405.677632053317211 26.37498384118244843
33405.882226714369608 26.377067835721557998
33406.086230063127005 26.379149604198836698
33406.289565235652844 26.381228335854537193
33406.492160118883476 26.383303262693598157
33406.693947956053307 26.385373666170007567
33406.894867884278938 26.38743888324443887
33407.094865402912546 26.389498311791541596
33407.293892771696846 26.391551415334294717
33407.491909337644756 26.393597727084468829
33407.688881789472362 26.395636853265955324
33407.884784338457393 26.397668475698193191
33408.079598825432186 26.399692353625329844
33408.273314753780141 26.401708324779423975
33408.465929250349291 26.403716305687872534
33408.657446958684886 26.405716291260407758
33408.847879871849727 26.407708353723634787
33409.037247115731589 26.409692641009556269
33409.225574698459241 26.411669374755877726
33409.41289524424792 26.413638848108323742
33409.599247735881363 26.415601423578323192
33409.784677292387642 26.417557531238429647
33409.969235010612465 26.419507667564186448
33410.152977902442217 26.421452395268023139
33410.335968955791031 26.423392344435935541
33410.518277345217939 26.425328215258712561
33410.699978812182962 26.427260782588689381
33410.881156226452731 26.429190902467773583
33411.06190033016901 26.431119520664676514
33411.242310654080939 26.433047683133924721
33411.42249658300716 26.434976548173015232
33411.602578534177155 26.436907399908598393
33411.78267655109812 26.438841526659135894
33411.962876244928339 26.44077985427221833
33412.143330980630708 26.442724044995895127
33412.324209026570315 26.444675932608802782
33412.505694279956515 26.446637531641208341
33412.687986562741571 26.44861104206066571
33412.871301282531931 26.450598847150001092
33413.055868192779599 26.452603501621286597
33413.241928918658232 26.45462770623091231
33413.429732853728638 26.456674264439847377
33413.619531006719626 26.458746016315565441
33413.811567434255267 26.460845745412648
33414.006068092683563 26.462976056459822871
33414.20322733274952 26.465139225916338717
33414.403192854493682 26.467337033994486006
33414.606050664326176 26.469570594830791777
33414.811812256579287 26.471840209226918716
33415.020406619063579 26.474145268919240692
33415.231679467913636 26.476484239643209406
33415.445401185039373 26.478854740375787458
33415.661283323861426 26.481253718582230761
33415.873852019685728 26.483620313098313659
33416.081702051982575 26.485938632788432301
33416.28543781148619 26.48821515249698777
33416.48563307223958 26.490456057188133343
33416.682821474620141 26.492667130040871371
33416.877492662104487 26.494853703460918837
33417.070092048648803 26.497020650958528876
33417.26102280550549 26.49917240439735977
33417.450649118509318 26.501312986116456472
33417.639300092007034 26.503446048969379945
33417.827273896051338 26.505574919734794292
33418.014841880074528 26.507702642743470989
33418.20225252842647 26.509832022263726259
33418.389699396124342 26.511965255147760701
33418.577324797224719 26.514103967862403977
33418.765335415730078 26.516250532827466913
33418.953926131194748 26.518407202594936223
33419.143282506985997 26.520576137385202031
33419.333582913088321 26.522759428729525411
33419.525000312823977 26.524959119506235083
33419.717703746740881 26.527177220710346006
33419.911859555701085 26.529415725402046178
33420.107632379498682 26.531676620221187335
33420.30518596516049 26.533961894834657613
33420.504685514606535 26.536273569352093915
33420.706296836389811 26.538613684917446989
33420.910184840213333 26.54098428658125286
33421.116515258021536 26.543387443631193179
33421.325454975944012 26.545825253936186527
33421.537172108364757 26.548299845344107695
33421.750043225001718 26.550792365661230576
33421.963432051117707 26.553295417475965223
33422.177791547830566 26.555814361193480266
33422.39363565405074 26.558355314048913698
33422.611558718999731 26.560925386558217554
33422.832255109882681 26.563532923996454826
33423.052589839622669 26.566140964610685415
33423.2724289867474 26.568747895471155118
33423.491740602781647 26.571353304624484082
33423.710494685532467 26.573956800589964899
33423.928663414255425 26.576558015394670775
33424.14622135044192 26.579156607227435671
33424.363145603514567 26.581752262696408451
33424.579415960644837 26.584344698675263174
33424.795014965566224 26.58693366355076293
33425.00992857349047 26.589518945414031492
33425.224145175758167 26.59210036066878402
33425.437656030830112 26.594677759504424586
33425.650455238159338 26.597251025887530318
33425.862539688358083 26.59982007725969666
33426.073908991813369 26.602384863963223438
33426.284565388486953 26.604945368425966024
33426.494513641759113 26.607501604137485884
33426.7037609186591 26.610053614443753389
33426.912316658650525 26.612601471183953805
33427.120192432557815 26.615145273187849284
33427.327401792710589 26.617685144646110018
33427.533960115018999 26.620221233360037871
33427.739884433103725 26.6227537088737094
33427.945193264473346 26.625282760485696087
33428.149905935511924 26.627808589050840027
33428.354043468585587 26.630331418019562051
33428.557627770293038 26.632851483537201887
33428.760681461244531 26.635369032405041168
33428.963155893019575 26.63788342751203686
33429.16299761999835 26.640369072274378226
33429.360787778634403 26.642833056173202522
33429.557035851859837 26.645281620573275205
33429.752207930956502 26.647720504269063468
33429.946704388283251 26.650154659038630456
33430.140897944787866 26.652588720488139984
33430.335127115853538 26.655026922874657913
33430.52956209313561 26.657471408335830176
33430.724524495548394 26.659926240003898101
33430.920333732734434 26.662395477635623564
33431.117313277864014 26.664883256871185324
33431.315530562358617 26.667390497328550936
33431.513493720041879 26.669898355269541668
33431.711215501258266 26.672406976034192638
33431.908707841408614 26.674916495515571313
33432.105982248489454 26.677427045011498308
33432.303051202143251 26.679938769023220146
33432.499923268005659 26.682451762933716566
33432.696606448582315 26.68496611549787545
33432.893106287432602 26.687481884495127815
33433.089429657811706 26.68999914510635918
33433.28558264431922 26.692517962817497335
33433.481570312884287 26.695038390383885485
33433.6773964461172 26.697560464323135676
33433.873063290382561 26.700084201529747929
33434.068571332594729 26.702609596246535517
33434.263919278862886 26.70513661962392149
33434.459104303794447 26.707665222787294823
33434.654122539781383 26.710195343049559114
33434.84896989166009 26.712726914410481527
33435.043643169738061 26.71525988229296189
33435.238141481662751 26.717794221782476427
33435.432467771366646 26.720329957942354326
33435.626630355814996 26.722867186271390239
33435.820644294566591 26.725406091141767462
33436.014532444358338 26.727946960256478093
33436.208326097403187 26.730490193753237094
33436.402065164649684 26.73303630739244241
33436.595797929810942 26.735585930108541675
33436.789558864074934 26.738139512190894465
33436.983400624747446 26.740697746596126194
33437.177389139724255 26.743261505613997286
33437.371595731696289 26.745831737781685433
33437.566096101749281 26.748409454897075221
33437.760969375194691 26.750995719750612523
33437.956297247692419 26.753591635089097878
33438.152163248894794 26.756198334056012555
33438.348652125838271 26.758816972151240776
33438.545849337962864 26.761448720618741248
33438.743840650015045 26.764094761092266594
33438.942711806113948 26.766756281288323294
33439.142548267409438 26.769434471519737428
33439.343434995964344 26.772130521805500791
33439.545456268358976 26.774845619359361137
33439.748695503512863 26.77758094625344043
33439.953235090615635 26.780337677066178514
33440.159156204157625 26.783116976338799731
33440.366538594462327 26.785919995681538808
33440.575460343505256 26.788747870383581073
33440.785997577106173 26.79160171540651092
33440.998224126000423 26.794482620650903471
33441.212211129830393 26.797391645404644578
33441.428026579415018 26.800329811901900001
33441.645734794510645 26.803298097942228395
33441.86539583440026 26.806297428526608684
33442.087064842227846 26.809328666509792072
33442.310791326235631 26.812392602299887301
33442.536618381374865 26.815489942641494991
33442.764581859009922 26.81862129857967858
33442.994709495527786 26.82178717273776769
33443.227020014579466 26.824987946109406067
33443.461522222227359 26.828223864619076267
33443.698214118907345 26.831495025778611563
33443.937082057214866 26.834801365844835885
33444.178099979071703 26.83814264794830251
33444.421228769861045 26.841518451725793426
33444.666415769643208 26.844928165031646472
33444.913591825497861 26.848370941293392633
33445.162673635037208 26.851845730332978945
33445.413566888346395 26.855351320646363433
33445.666164201735228 26.858886309148441995
33445.920345974038355 26.862449111637783261
33446.1759815651385 26.866037977906653822
33446.432930784751079 26.869651011383773209
33446.691045663130353 26.87328619296468446
33446.950172459190071 26.876941408450726101
33447.210153847401671 26.880614478808688261
33447.47083121342439 26.884303192290829543
33447.73204698174959 26.888005337342182344
33447.993646896436985 26.89171873518293765
33448.255482179272803 26.895441270969552505
33448.517411497166904 26.89917092254416886
33448.776710249381722 26.902868786715195881
33449.028816650563385 26.906469466821665293
33449.274503662127245 26.90998355144878218
33449.514445749256993 26.913420294951180267
33449.749236941745039 26.916787862478471993
33449.97940499438846 26.920093522212656723
33450.205422644532518 26.923343798320303222
33450.427716680940648 26.926544594290110268
33450.646675342482922 26.929701293679570995
33450.862654427983216 26.932818843441310719
33451.075982400849171 26.935901823670246102
33451.286964701474062 26.938954506661140442
33451.495887428776769 26.941980907463676687
33451.703020513632509 26.94498482759792779
33451.908620477850491 26.947969893196784597
33452.112932849668141 26.950939588532616398
33452.316194288774568 26.953897285641041037
33452.518634459323948 26.95684627055162963
33452.720477676928567 26.959789766465789285
33452.921944345325755 26.962730954074320522
33453.123252189143386 26.965672989079610744
33453.324589309151634 26.968618607412423671
33453.526091195897607 26.971569785970746835
33453.727972551743733 26.974529672188698015
33453.930447668943089 26.97750142093218173
33454.133730651927181 26.980488197717832577
33454.338035374865285 26.983493178093926446
33454.543575161704211 26.986519542963975482
33454.750562179775443 26.989570469690434606
33454.959206544022891 26.992649118902704686
33455.169715137068124 26.995758617051510697
33455.382290160625416 26.998902034904386227
33455.597127445558726 27.002082362352023637
33455.814414561013109 27.005302480090307427
33456.034328775858739 27.008565128938712974
33456.257034937530989 27.011872877732809428
33456.48268334135355 27.01522809085909671
33456.711407666436571 27.018632896550720091
33456.942805360915372 27.022081437402171389
33457.172016293850902 27.02550128377548333
33457.399340951436898 27.028896805022334604
33457.625103208767541 27.032272742157473999
33457.849599863846379 27.035633453339048771
33458.073114917329804 27.038983125283419184
33458.295917532719614 27.042325741223706359
33458.518264990438183 27.045665123798382723
33458.740436175583454 27.049005437618834691
33458.962650634937745 27.052349971916790139
33459.185064682649681 27.055701076961881313
33459.406898734632705 27.059046989567850261
33459.627810883008351 27.062382508966059902
33459.847920842337771 27.065709394074310978
33460.067353055586864 27.069029483400207425
33460.286235291045159 27.072344674033018919
33460.504697362281149 27.07565690237831646
33460.722869978257222 27.07896812676161602
33460.940883723647858 27.082280311916385074
33461.158868163103762 27.08559541527732506
33461.376902154435811 27.088914630063339217
33461.59509729565616 27.092239653610526773
33461.813577166591131 27.095572373049225945
33462.032461891081766 27.098914630358315492
33462.2518675798201 27.102268213569573163
33462.471905808182782 27.105634848467161646
33462.692683194123674 27.109016191781041272
33462.914300972261117 27.112413824290523934
33463.136854514355946 27.115829243071182475
33463.360432821413269 27.119263853266335929
33463.585117978545895 27.122718959240334158
33463.810984567244304 27.126195755026159873
33464.038099033859908 27.129695314042560739
33464.266519017815881 27.133218578127738851
33464.496296864039323 27.136766411144840561
33464.727475069143111 27.140339528179229234
33464.960081193552469 27.143938416031215155
33465.194131160053075 27.147563383167078399
33465.429628659432638 27.151214549584224756
33465.66656464823609 27.154891838040324359
33465.904917004751042 27.15859496768464254
33466.14465040100913 27.162323451005711661
33466.385716450124164 27.16607659504439809
33466.628054187647649 27.169853507820043603
33466.871590931354149 27.17365311070359013
33467.116243569398648 27.17747415756369378
33467.361920324125094 27.18131526147691801
33467.608522978916881 27.185174928861634669
33467.855949533935927 27.189051600559281496
33468.104097250070481 27.192943699276955982
33468.352866003318923 27.196849682215393784
33468.601941812565201 27.200764636981229927
33468.849241822703334 27.204655783395967461
33469.094830965092115 27.208524051642029917
33469.338780087913619 27.212370470589267057
33469.581165430798137 27.216196159880851724
33469.822068174828019 27.220002323155050306
33470.061574081126309 27.223790242619958946
33470.299773228660342 27.227561275164429588
33470.536759864749911 27.231316850229120519
33470.772632374777459 27.235058469556829408
33471.007493374265323 27.23878770888510914
33471.241449918670696 27.242506221522972965
33471.474613814563781 27.246215743564231815
33471.707101998537837 27.249918100213857741
33471.93903692557069 27.253615212306140592
33472.170546875153377 27.257309101551825847
33472.401766042399686 27.261001892388183165
33472.632834238305804 27.264695807593927412
33472.863895990907622 27.268393154298539827
33473.095028917443415 27.272095176525432692
33473.326376542303478 27.275804180440882618
33473.558084811753361 27.279522520139774855
33473.790293906284205 27.283252466272877257
33474.023133391900046 27.286996127643060817
33474.256717017720803 27.290755366665528925
33474.491137643424736 27.294531716438743985
33474.726462808175711 27.298326307683453251
33474.96273141358688 27.302139813238284205
33475.199951911949029 27.30597241654975349
33475.43810227078211 27.309823808699601244
33475.677131810240098 27.313693215727273156
33475.916962149953179 27.317579411658204691
33476.15519456412585 27.321443511435809626
33476.389352325888467 27.325245210905727333
33476.620222111036128 27.328997112126220514
33476.848561565435375 27.332711395552589551
33477.075078291381942 27.336399474097852647
33477.300422003914719 27.340071860455470443
33477.525184764701407 27.343738165928037631
33477.74990596625139 27.347407177187076144
33477.974854351588874 27.351083288347144418
33478.200482443928195 27.354773917193483612
33478.427232877744245 27.358486346959455915
33478.655525280657457 27.362227510800149588
33478.88576564941468 27.36600414430735384
33479.118355209371657 27.369822930491267243
33479.353698689796147 27.373690636076098315
33479.591238656248606 27.377598219301091831
33479.827837236589403 27.381494093178300631
33480.063434890340432 27.385377232469103603
33480.297979831171688 27.389246736184059472
33480.531428358888661 27.393101833723978444
33480.763745249270869 27.396941892004029739
33480.994911756330112 27.400766548615418827
33481.224907560586871 27.404575414053958582
33481.453720150217123 27.408368227197485112
33481.681344555821852 27.412144851529046008
33481.907783037670015 27.415905270538829086
33482.133044723464991 27.419649582263481591
33482.357145215704804 27.423377993277629372
33482.580106190172955 27.427090812493332805
33482.801954998831206 27.430788444989566699
33483.02272429450386 27.434471386161835227
33483.242451688369329 27.438140216380372038
33483.461179447025643 27.441795596273465208
33483.678954239119776 27.445438262808970364
33483.895826933898206 27.449069026218658962
33484.111852457135683 27.452688767863303809
33484.327089707367122 27.456298439090147667
33484.541601536890084 27.459899061167021728
33484.755454799909785 27.463491726348649991
33484.968720473632857 27.467077600174722107
33485.181473857905075 27.470657925100336882
33485.393794860465277 27.474234025587030317
33485.605768376066408 27.477807314802660699
33485.817484768776922 27.481379303097902778
33486.029040467343293 27.484951608436702486
33486.240538683399791 27.488525968958889223
33486.452064001918188 27.492103813484519037
33486.66370223613194 27.495686596440943816
33486.875577577091462 27.499276427648521093
33487.087824461828859 27.502875597833750021
33487.300588870144566 27.506486601406820114
33487.514029731726623 27.510112161242108897
33487.728320415233611 27.513755254995441391
33487.943650255438115 27.517419142226820838
33488.160226054736995 27.521107391252506602
33488.378273469359556 27.524823904206193959
33488.598038157775591 27.528572938216576915
33488.819780995188921 27.532359025389823159
33489.043783453984361 27.536187066239438792
33489.270352538325824 27.540062416056024119
33489.499813242262462 27.5439907581428578
33489.732504891231656 27.547978043044977881
33489.968775377958082 27.552030391420075262
33490.208972835360328 27.556153952447782984
33490.453434382070554 27.560354711195788724
33490.702471821736253 27.564638242503544774
33490.95636240724707 27.56900955066530301
33491.215323539458041 27.573472631060457871
33491.479486080483184 27.578030005040940154
33491.748886141082039 27.582682570851709158
33492.012383779008815 27.587237919419621335
33492.269288356168545 27.591683776026314945
33492.520325338242401 27.59603236910120927
33492.766174703239813 27.600295194643887697
33493.007465805094398 27.604482920598837126
33493.244775367333204 27.608605345678796539
33493.478627848511678 27.612671399743263123
33493.709497470590577 27.616689173588586215
33493.937811325638904 27.620665968071673291
33494.163953112933086 27.624608354804561117
33494.38826718031487 27.62852224273465751
33494.611062640586169 27.632412946587180613
33494.832617406427744 27.636285254395669853
33495.053182039511739 27.640143492252942536
33495.272983346963883 27.643991585062558158
33495.492227685310354 27.647833112541164269
33495.711105338406924 27.651671384408356147
33495.929790472342575 27.655509438338004458
33496.148444757985999 27.659350102384674841
33496.367160476329445 27.663194993455658022
33496.586067888965772 27.667046402120202941
33496.805306025831669 27.670906780741912456
33497.025007531570736 27.674778476948205252
33497.245300023292657 27.678663757130486545
33497.466307229493395 27.682564826206629505
33497.688149922447337 27.686483843839212682
33497.910951700992882 27.690423026532709372
33498.134834749835136 27.694384572805269329
33498.359915531669685 27.698370586808401583
33498.586310744860384 27.702383183596939631
33498.81413798428548 27.706424500927937515
33499.043516360718058 27.71049671038909068
33499.274567079468397 27.714602027864714273
33499.507415031454002 27.718742742073150254
33499.742188250631443 27.722921205266835898
33499.979017217418004 27.727139821149851429
33500.218036287347786 27.731401070648264096
33500.456773727040854 27.735660922075439316
33500.694508954198682 27.739906479811331508
33500.931402610811347 27.744140562057769017
33501.167622210421541 27.748366119845684352
33501.403341485623969 27.752586225724314772
33501.638739781585173 27.756804063226415025
33501.874001760363171 27.761022921868480751
33502.109291915934591 27.765245739874742981
33502.344732921170362 27.769474713537256605
33502.580522678530542 27.773713399131288782
33502.816864852145955 27.777965468058592791
33503.053969479602529 27.782234718262436957
33503.292053755903908 27.786525088822369156
33503.53134299514204 27.79084067785014156
33503.771830175435753 27.795181401218279404
33504.011270962808339 27.799506742178209606
33504.249780168553116 27.803818720912904183
33504.487480553834757 27.808119508495305894
33504.724500117677962 27.812411378221639779
33504.96097869942605 27.816696825574478424
33505.197062043298502 27.820978461274812332
33505.432900780993805 27.82525899312797435
33505.668649762592395 27.829541214120485648
33505.904441609949572 27.833827521697582341
33506.140395452122902 27.838120075126635555
33506.376667393742537 27.842421713706979602
33506.611193804135837 27.846694825901149528
33506.843380910628184 27.850928498073479034
33507.073329322891368 27.855124460960357879
33507.301139227238309 27.859284444462733887
33507.526910215980024 27.863410174320790702
33507.750728270220861 27.867503133775137769
33507.972693433774111 27.871565069139993653
33508.19290462446952 27.87559771231759953
33508.411459709430346 27.879602781958396918
33508.628455560654402 27.883581984274993459
33508.843988320390054 27.887537017720717358
33509.058154347156233 27.891469590197662143
33509.271049803595815 27.89538141137803251
33509.482769546324562 27.899274172163860186
33509.69340759843908 27.903149553201409105
33509.903057529969374 27.907009231743110433
33510.111812703995383 27.910854886066619684
33510.319766501772392 27.914688199531749291
33510.527012567843485 27.918510865026629375
33510.733645094864187 27.922324590170678249
33510.939759157954541 27.926131103456576454
33511.145451102158404 27.92993216140241941
33511.35081897994678 27.933729556660448878
33511.555963027079997 27.937525126870426107
33511.760986154709826 27.941320763850171716
33511.965994423291704 27.945118422486149967
33512.171051179298956 27.948919270515705904
33512.376259617209143 27.952725217834412774
33512.581735034291341 27.956538403649183522
33512.787596439062327 27.960361041261467818
33512.993966142465069 27.964195410659932861
33513.200968923803885 27.968043843184172914
33513.408730682509486 27.971908696572615582
33513.617376499161765 27.97579231893135443
33513.827028054533002 27.979697000623310998
33514.03780039693811 27.983624913844593607
33514.249798109383846 27.987578040792314482
33514.463111009914428 27.991558092863996876
33514.677809618398896 27.995566425203115557
33514.893940731875773 27.99960395295493143
33515.111523550578568 28.003671077507270581
33515.330546862402116 28.007767632252264178
33515.550967793686141 28.011892857458629891
33515.772712542602676 28.016045412175998308
33515.995679316860333 28.020223427490364543
33516.21974341715395 28.024424600215652958
33516.444764089879754 28.028646320137713843
33516.670592489419505 28.032885818574126091
33516.897079913665948 28.037140322631572076
33517.124085455070599 28.04140719905882051
33517.351482344136457 28.045684074044370249
33517.579162511778122 28.049968919934485712
33517.807039193787205 28.054260105391900737
33518.035047673154622 28.058556410637077505
33518.263144455559086 28.062857013186135902
33518.491305279945664 28.067161451542787631
33518.7195223871895 28.071469574735253616
33518.947801427726517 28.075781484837019519
33519.176158311995096 28.080097478187425963
33519.404616219064337 28.084417989384593994
33519.633202896213334 28.088743540577258528
33519.861948314275651 28.093074697308860976
33520.090882693919411 28.097412031230113882
33520.320034885502537 28.101756089382817549
33520.549431067352998 28.106107369415628483
33520.779093719444063 28.110466299940760848
33521.009040819430084 28.114833225046361065
33521.239285206880595 28.119208391952415838
33521.469834304924007 28.123591945423356719
33521.700689786463045 28.127983921108320686
33521.931847483378078 28.13238424348664779
33522.163297324230371 28.136792724352307715
33522.395023370765557 28.141209063177903715
33522.627003462766879 28.145632840012925868
33522.859209988746443 28.150063529847891175
33523.091611196934537 28.15450052735058506
33523.324171161919367 28.158943146003576175
33523.556850042761653 28.163390622813579967
33523.789604958699783 28.167842134855725078
33524.022385862095689 28.172296720115490132
33524.255127593889483 28.176753124944127649
33524.487782858297578 28.181210435168711825
33524.720304989081342 28.185667746637609099
33524.952648751612287 28.190124180660180997
33525.184771093692689 28.194578898516276411
33525.41663182463526 28.199031114636522233
33525.648194204281026 28.203480108097121359
33525.879425430299307 28.207925232194241971
33526.110296998660488 28.212365921607908348
33526.340784939340665 28.216801697184791919
33526.570869917384698 28.221232168137653673
33526.800537192590127 28.225657031525450691
33527.029776431321807 28.230076068877025364
33527.258581362497353 28.2344891397939044
33527.486949268022727 28.23889617233245275
33527.714880295301555 28.243297149915232325
33527.942376583807345 28.247692094603763735
33528.16944120417611 28.252081046690374677
33528.396076912446006 28.256464040647170322
33528.622284749588289 28.260841078003238636
33528.848062543918786 28.265212098255737772
33529.073403410096944 28.269576949624134699
33529.298294375570549 28.273935362185913078
33529.5227153001033 28.278286926616928554
33529.746638276425074 28.282631082207544182
33529.970027676885366 28.286967117389192339
33530.192840981333575 28.29129418544390262
33530.415030441567069 28.295611336527432655
33530.636545534296602 28.29991756512866985
33530.857336040608061 28.304211869865270046
33531.077355488399917 28.308493320526963544
33531.296564630050852 28.312761126005522527
33531.514934594342776 28.317014696075474944
33531.732449482937227 28.321253692524088308
33531.949107958178502 28.325478060747439457
33532.164924049437104 28.32968804617899039
33532.379926964065817 28.333884191320951373
33532.594160069929785 28.338067316572256971
33532.807679231620568 28.342238488359452475
33533.020550718618324 28.346398978801403246
33533.232848906547588 28.350550221201878287
33533.444653969054343 28.354693765229342262
33533.656049717043061 28.358831234852900138
33533.867121702962322 28.362964291352266599
33534.077956257657206 28.36709461449816061
33534.288638008954877 28.371223853920874092
33534.499250221517286 28.375353635680976794
33534.709867736855813 28.379485423662973886
33534.920534079159552 28.383620069749284198
33535.131325006339466 28.387759060547217871
33535.342313087116054 28.39190382281124414
33535.553566777904052 28.396055705150232029
33535.765150754334172 28.400215984362024102
33535.977126105637581 28.404385869089999517
33536.189550297458482 28.408566498932948718
33536.402477103241836 28.412758942935223416
33536.615956494468264 28.416964197262803538
33536.830034486258228 28.421183181993093569
33537.044752937588783 28.425416737003182277
33537.260149306857784 28.429665616965408503
33537.476256363544962 28.433930485462692417
33537.693101856246358 28.438211908225316193
33537.91070813658007 28.442510345476300415
33538.129091738024727 28.446826143363526995
33538.348262909014011 28.45115952446208496
33538.568225100891141 28.455510577355013879
33538.788974413946562 28.459879245352293964
33539.010499008923944 28.46426531449606756
33539.2327784976369 28.468668401112591226
33539.455783334029547 28.473087939335826491
33539.679474236705573 28.477523169217604959
33539.903801684791688 28.481973126255486051
33540.128705539915245 28.486436633394244922
33540.354114856949309 28.490912296752391342
33540.579947952639486 28.495398506460507093
33540.806112802274583 28.499893444024706923
33541.032507827883819 28.504395097499784839
33541.259023125196109 28.50890128544028812
33541.48550577955757 28.513408966017983914
33541.711809489010193 28.517915223337983122
33541.937811192008667 28.522417599092761975
33542.163390239613364 28.526913678448288181
33542.388431397579552 28.531401150053536497
33542.612827762015513 28.535877864498733203
33542.83648342682136 28.540341887982759062
33543.05931575971772 28.544791548313739327
33543.281257176851796 28.549225471013357947
33543.50225634835806 28.553642604138453009
33543.722278812623699 28.558042231335068806
33543.941307019536907 28.562423973490538742
33544.159339858000749 28.566787780052255385
33544.376391747617163 28.571133911581615195
33544.592491388371855 28.575462915394904684
33544.807680265847011 28.579775596224280321
33545.02201102959225 28.584072984248187765
33545.235545822812128 28.588356302053359315
33545.448354423213459 28.592626927712210261
33545.660512691523763 28.596886363937528586
33545.872100994529319 28.601136206641825765
33546.083202787456685 28.605378116616225981
33546.293903328216402 28.609613793787964653
33546.504288542309951 28.613844954443194979
33546.714444038065267 28.618073311418871896
33546.924454266249086 28.622300557152577483
33547.134401813993463 28.626528349397840856
33547.34436209184787 28.630758204074766127
33547.554378441323934 28.634990993148907279
33547.764526392398693 28.639228239158313727
33547.974877978114819 28.643471396600805434
33548.18550147125643 28.647721846464545337
33548.396461182004714 28.651980891979341948
33548.607817305797653 28.656249755372140697
33548.819625812298909 28.660529575447416306
33549.031938368432748 28.664821405850641867
33549.244802290151711 28.669126213909404299
33549.45826051926997 28.673444879979712141
33549.67235162340512 28.677778197258309234
33549.887109817755118 28.68212687203712008
33550.102565008339297 28.686491524393030517
33550.318742857292818 28.690872689326258893
33550.535664870738401 28.695270818358661558
33550.753348509635543 28.699686281601412219
33550.971807323774556 28.704119370298013081
33551.191051108529791 28.708570299835532325
33551.411086083775444 28.713039213213239265
33551.63191509337048 28.717526184937987921
33551.853538149880478 28.722031231948061958
33552.07595351836062 28.726554335529929318
33552.299156574445078 28.731095417996858288
33552.523139155819081 28.735654329353746306
33552.747890989710868 28.740230876209942323
33552.973400021328416 28.744824828373051417
33553.199652788287494 28.749435926397012508
33553.426634857758472 28.754063890430266781
33553.654331346711842 28.758708430782448318
33553.882727547403192 28.763369260666763694
33554.111809679030557 28.768046111552223465
33554.341565780661767 28.772738751441533367
33554.341565780661767 28.772738751441533367
33554.341565780661767 28.772738751441533367
33554.341565780661767 28.772738751441533367
33554.341565780661767 28.772738751441533367
33554.341565780661767 28.772738751441533367
33554.341565780661767 28.772738751441533367
33554.341565780661767 28.772738751441533367
33554.571986748589552 28.777447006147646391
33554.803067502602062 28.782170783262809977
33555.03480824163853 28.786910098017258974
33555.267215743595443 28.791665100108946973
33555.500304607201542 28.796436099415739562
33555.73409828988224 28.801223587594424913
33555.968629891947785 28.806028254535597455
33556.203942649168312 28.810850998881715412
33556.440090074320324 28.815692931372591801
33556.677135753139737 28.820555371107630549
33556.915152836052584 28.825439835553051893
33557.154223293422547 28.830348025666896916
33557.394437015514995 28.835281807797144893
33557.634728481716593 28.840219304815420287
33557.869725825250498 28.845050059129441422
33558.100285441440064 28.849791541964808772
33558.327131470759923 28.854458535083843174
33558.550877671827038 28.859063574164274257
33558.772046131831303 28.863617328601684164
33558.991083016437187 28.868128921565698874
33559.208371696033282 28.872606196979173632
33559.424244719251874 28.877055963523115878
33559.638989665087138 28.881484113074197495
33559.852859234495554 28.885895826973023048
33560.066084902646253 28.890295856308028988
33560.278863311410532 28.894688240035431903
33560.491370071722486 28.899076588656587461
33560.70376274055161 28.9034641448725651
33560.91617403303826 28.907853642564685259
33561.128677548040287 28.912246597182200247
33561.341394945942739 28.916645520351490717
33561.554435908677988 28.921052679339599223
33561.767899125698023 28.925470117005342985
33561.981873045609973 28.929899666947981984
33562.196436446763983 28.934342964942903365
33562.411658869095845 28.938801457531212691
33562.627600940541015 28.943276408448262771
33562.844314624468097 28.947768903430457499
33563.061843409006542 28.952279853830553691
33563.280222455337935 28.956809999390202393
33563.499478718855244 28.961359910458128297
33563.71963105515897 28.965929989899038333
33563.940690321200236 28.970520474907718977
33564.162659480905859 28.975131438921138738
33564.385533723791013 28.979762793805452503
33564.609300604381133 28.984414292482636455
33564.833940210010041 28.98908553215270345
33565.059425364306662 28.993775958265821657
33565.285721876956814 28.998484869462267
33565.512788893611287 29.003211424615521707
33565.740579283345141 29.007954650674989239
33565.969039374482236 29.012713436950964052
33566.198109561526508 29.017486547544944386
33566.427725523302797 29.022272646549463815
33566.657818780433445 29.027070309524347635
33566.888317303855729 29.031878036063222481
33567.119146169214218 29.036694263345193434
33567.350228250252258 29.041517380530301295
33567.581484942726092 29.04634574382265555
33567.812836908742611 29.051177691992418062
33568.044175823961268 29.056010956005572154
33568.275413603980269 29.060843687032267724
33568.506481812975835 29.06567444480398521
33568.73730839437485 29.070501711597440675
33568.967824406296131 29.075324033062123874
33569.197964505670825 29.080140028481668679
33569.427667440155346 29.084948401215005021
33569.656876460197964 29.08974794748327497
33569.88553964530729 29.094537563372259825
33570.113610141037498 29.099316249973821158
33570.341045201312227 29.104083093489439449
33570.567808423416864 29.108837312241139017
33570.793868666536582 29.113578234200971906
33571.019199953734642 29.118305295109301767
33571.243781303419382 29.123018035106060353
33571.467596500253421 29.127716094081424814
33571.690633813668683 29.132399205913728224
33571.912885670499236 29.137067191730260163
33572.134348286206659 29.141719952283374084
33572.355021256051259 29.146357459469079743
33572.574907104222802 29.150979746944539528
33572.794010785539285 29.155586899730458583
33573.012339131826593 29.160179042629447821
33573.229896584940434 29.164756250487965161
33573.446691758086672 29.169318686220233161
33573.662733135963208 29.173866510394930174
33573.87802820080833 29.178399862818750421
33574.092582523750025 29.182918843359814787
33574.306398828608508 29.187423492160966987
33574.519476068009681 29.19191377008164423
33574.73180857233092 29.196389540647633254
33574.943385346508876 29.200850555091911076
33575.154189600929385 29.205296442313098737
33575.364201652206248 29.209726769921680045
33575.57339278973086 29.21414091472775354
33575.781729189126054 29.218538145114060001
33575.989172998772119 29.222917643852046155
33576.195683844285668 29.227278539781909927
33576.401220681640552 29.231619946908793395
33576.605743861044175 29.235941008011266717
33576.809217269277724 29.240240939973222822
33577.011610405374086 29.244519077771027327
33577.212901719984075 29.248774945242310253
33577.413077056888142 29.253008222360044499
33577.612132649643172 29.257218808819068556
33577.810075832116127 29.261406839331286278
33578.00692529627122 29.265572689351390778
33578.202705332325422 29.269716853410780999
33578.397456745136878 29.273840176391264123
33578.59123000739055 29.27794370889251141
33578.78408426772512 29.282028686427921116
33578.976086172988289 29.286096504649364647
33579.167308629977924 29.290148693252685774
33579.357829566877626 29.294186889840606369
33579.547730742415297 29.298212814760532297
33579.737096637989453 29.302228247670267791
33579.926013456824876 29.306235006343197114
33580.114568243916437 29.310234928010515887
33580.302848132407235 29.314229853363602984
33580.49093971545517 29.318221613202585019
33580.678928537920001 29.322212017612901747
33580.866898698586738 29.326202847477844671
33581.054901263247302 29.330195183597115971
33581.243007832119474 29.334190543838509768
33581.431297694085515 29.338190610646680767
33581.619847952482814 29.342197021364619047
33581.808733470556035 29.346211367017144056
33581.998026859975653 29.350235192010025287
33582.187798498387565 29.354269994447019343
33582.378113743514405 29.358317166827045952
33582.56903593181778 29.362378059718732715
33582.760629163822159 29.366454040975650486
33582.952955452339665 29.370546435061118729
33583.146074841693917 29.374656525539464269
33583.340045464399736 29.378785556238771193
33583.534923578838061 29.382934732011193546
33583.730763619510981 29.387105219762712949
33583.927618200941652 29.391298148495394571
33584.125550065306015 29.395514863823812846
33584.324621794941777 29.399756708961216845
33584.524883194098948 29.404024755765611587
33584.726381581524038 29.408320023894106043
33584.929162385647942 29.412643493442246267
33585.133269220634247 29.416996106527101063
33585.338743924337905 29.421378768059547326
33585.545626594932401 29.425792346488861995
33585.753955640284403 29.430237674821256633
33585.963767847766576 29.434715552074582234
33586.175097700550396 29.43922672864881207
33586.387977578480786 29.4437719105669089
33586.602438687477843 29.448351779278755913
33586.8185110896884 29.452966992280526171
33587.036223986513505 29.457618189138596421
33587.255606026556052 29.462305998052723766
33587.476684765228129 29.467031024294868757
33587.69948785239103 29.471793875577336763
33587.924044613420847 29.476595195865350263
33588.150385808468855 29.481435660265656651
33588.378544306156982 29.48631598947071808
33588.608555820115726 29.491236965564809225
33588.840459684222878 29.496199448679419675
33589.069383652502438 29.501099164942896635
33589.294903179448738 29.505926980375569713
33589.517304780543782 29.510688981464593184
33589.736861215795216 29.515390965939619861
33589.953833091647539 29.520038476566057284
33590.168470513366628 29.524636836092938097
33590.38101463507337 29.529191180075805789
33590.591699092212366 29.533706487241577321
33590.800751300259435 29.538187607040129024
33591.008393602249271 29.542639284002927269
33591.214844245914719 29.547066178490005939
33591.420318169220991 29.55147288336337752
33591.625027571244573 29.55586393608526663
33591.829182244277035 29.560243825718448107
33592.03298964046553 29.564616994247092663
33592.236654648491822 29.568987831685930701
33592.440349428754416 29.57336002846301426
33592.644202317394956 29.577736336579018683
33592.848408206249587 29.582120939027465312
33593.053155775996856 29.586517888145177579
33593.258625807291537 29.590931069206966697
33593.464992850771523 29.595364236154058091
33593.672420783041161 29.599820915989592862
33593.881056688951503 29.604304277118213662
33594.091030800889712 29.608817127750391762
33594.302453892269114 29.613361859580347613
33594.515414793175296 29.617940394035517926
33594.729978183524508 29.622554134435919337
33594.946182825449796 29.627203927543952489
33595.164040386480337 29.63189003779313424
33595.383534977183444 29.63661213686181739
33595.604623480525333 29.641369310270668791
33595.827236690121936 29.64616008139333303
33596.05128120828158 29.650982451845155907
33596.276641992641089 29.655833955874637553
33596.503185392750311 29.66071172536145184
33596.730747064313618 29.665612229196547389
33596.959149114103639 29.670531642042234921
33597.188219333947927 29.675466258470830638
33597.417780452822626 29.680412261489184544
33597.647653128748061 29.685365786944775124
33597.877658614335814 29.690322980965245137
33598.10755293173861 29.695278580956902204
33598.337148967904795 29.700228547028906689
33598.56628648230253 29.705169416249230352
33598.794915214923094 29.710100095621633898
33599.022900905089045 29.715017679536096296
33599.250118363299407 29.719919456376455713
33599.476452453476668 29.724802929902008231
33599.701798626483651 29.729665830963355688
33599.926063351500488 29.734506127019095345
33600.149164429909433 29.739322029120994983
33600.371031538677926 29.744112003855455839
33600.591610538431269 29.748874866583769006
33600.810853090493765 29.753609557472081804
33601.028714679414406 29.758315098881940486
33601.245161745762744 29.762990749534200319
33601.460171125341731 29.767635992568855841
33601.673729480666225 29.772250523421561752
33601.885806623533426 29.776833673413587888
33602.096412474231329 29.781385640689421734
33602.305564138834598 29.785906779074750261
33602.51328557706438 29.790397590990778554
33602.719607193692354 29.794858718704890777
33602.924565468019864 29.799290936396335638
33603.128202626692655 29.80369514314923407
33603.330566363765683 29.808072356960838789
33603.531709537848656 29.81242370824642407
33603.731690181739395 29.816750440099418995
33603.930572279532498 29.82105392515783393
33604.12842356528563 29.82533561802104316
33604.325316571164876 29.829597077965473773
33604.521328633323719 29.833839969113753909
33604.716541939415038 29.838066061503862869
33604.911043607877218 29.842277232846999624
33605.104925791041751 29.846475470800864827
33605.298285792312527 29.850662875550018072
33605.491226186168205 29.854841662447579864
33605.683854927949142 29.859014164436235461
33605.876285438978812 29.863182833937194971
33606.068636650881672 29.867350243857728742
33606.261011368202162 29.871518618774981491
33606.453495904279407 29.875689826838634389
33606.646222536379355 29.879866733210082685
33606.839328486123122 29.884052311439205596
33607.032955533919448 29.888249635149854555
33607.227249459683662 29.892461865955748834
33607.42235934582277 29.896692238382737372
33607.618436697433935 29.900944040820082392
33607.815634357306408 29.905220592010145708
33608.014105194204603 29.909525212608745193
33608.214000550477067 29.913861191506654791
33608.415468437357049 29.918231746659134984
33608.618651473276259 29.922639980314265529
33608.823684575174411 29.92708882885564492
33609.030692426895257 29.931581007774102687
33609.239786768419435 29.936118952716839203
33609.451063581509516 29.940704758248145367
33609.664600501593668 29.945340121481780926
33609.880455078375235 29.950026304100713759
33610.098661493495456 29.954764060846986951
33610.319227583626343 29.959553574596071712
33610.542134056348004 29.964394439008032123
33610.767334059804853 29.969285648850423343
33610.99475347691623 29.974225606052439019
33611.224291757345782 29.979212137445546915
33611.455823798649362 29.984242535313324396
33611.689202541281702 29.989313613483627563
33611.924262121632637 29.994421775587820633
33612.160821358418616 29.999563090616646832
33612.398687241591688 30.0047333685862192
33612.637658314393775 30.009928233937738895
33612.877527894488594 30.015143195492878903
33613.118086970258446 30.020373709397137674
33613.359126739254862 30.025615234329009695
33613.600440799295029 30.030863279194061732
33613.841807531083759 30.036113019995177353
33614.082952925542486 30.041358491074149129
33614.323692459242011 30.046595671179861853
33614.563850928730972 30.051820740289215905
33614.803263416797563 30.057030100785816273
33615.041773372235184 30.062220335830321716
33615.279238246272143 30.06738833216901341
33615.515527882329479 30.072531245276451273
33615.750524950002728 30.0776465089707159
33615.984125230133941 30.082731841787005322
33616.21623775131593 30.087785250112066393
33616.446784831830882 30.092805029256631144
33616.67570189156686 30.097789759511591967
33616.902937179940636 30.102738300366127078
33617.128451403776126 30.107649782537709626
33617.352217269602988 30.112523598126777813
33617.574218963047315 30.11735938938998558
33617.794451586465584 30.122157036592358992
33618.012920575645694 30.126916645392483929
33618.22964111645706 30.131638534215209546
33618.44463757941412 30.13632322200448499
33618.657943160702416 30.140971420466598829
33618.869599415178527 30.145584023951109032
33619.079654942230263 30.150162080861615976
33619.288165008423675 30.154706785469858943
33619.495193265800481 30.159219515406654466
33619.700829154404346 30.163702211082405569
33619.905148584817653 30.168156518684039469
33620.108234377585177 30.172584235691040533
33620.310176330553077 30.176987312375256778
33620.511071093817009 30.181367849103097001
33620.711022344388766 30.185728100162890541
33620.910140988715284 30.190070478210717653
33621.108545410097577 30.194397559698277433
33621.306364180876699 30.19871214406268578
33621.50373076460528 30.203017138217674642
33621.700786945599248 30.207315631382368082
33621.897683132650855 30.211610901746052349
33622.094578652846394 30.215906422921054997
33622.291559472432709 30.22020406880047716
33622.488796566329256 30.22450756861417176
33622.686472172943468 30.228820898297499298
33622.884777875391592 30.233148238683074993
33623.083911602538137 30.237493910105239792
33623.284080635407008 30.241862438049604833
33623.485504511285399 30.246258616596549018
33623.688411643655854 30.250687434722212998
33623.893038897622318 30.25515406709054389
33624.099630954136956 30.259663860234159216
33624.308439399435883 30.264222312735270748
33624.519721459480934 30.268835047653443127
33624.733738280650869 30.273507775040268797
33624.950752642107545 30.278246242035020686
33625.171025972347707 30.283056167750434184
33625.394814536179183 30.287943160022226863
33625.622364664726774 30.292912611228814512
33625.853906922595343 30.297969570857205213
33626.089649153691425 30.303118593516590096
33626.329768426832743 30.308363562863728902
33626.574402014630323 30.313707494336853188
33626.823637687310111 30.319152322834732161
33627.077503777654783 30.324698685298066891
33627.329275956471974 30.330199674427227308
33627.576355551907909 30.335598494222900001
33627.819484575360548 30.340911337049718099
33628.05933517201629 30.346152873144948359
33628.296518261275196 30.351336438752340996
33628.531591250095516 30.356474204119262339
33628.765064756327774 30.361577319962250954
33628.997408722490945 30.366656050698718872
33629.229057639888197 30.371719888305150903
33629.46041518401762 30.376777653367138754
33629.691817791557696 30.381836698512788786
33629.923482797021279 30.386901773991841225
33630.155753531718801 30.391980386159232808
33630.388954558497062 30.397079632680643613
33630.62339460873045 30.402206266629427489
33630.859369170546415 30.407366752983715941
33631.097162726146053 30.412567317473655493
33631.337050639915105 30.417813987811388898
33631.579300675679406 30.42311262682703088
33631.82417409637128 30.428468956484799435
33632.071926299839106 30.433888571761876563
33632.32280692490167 30.439376942945955307
33632.577059343326255 30.444939404499795188
33632.834919431850722 30.450581128171695156
33633.090973747319367 30.45618367440916785
33633.34351795243856 30.461709739361403138
33633.592606521546259 30.467160499756356984
33633.838321094423009 30.472537727475145886
33634.080765795028128 30.477843687238152626
33634.320063222403405 30.483081048960738002
33634.556351101651671 30.488252814524205547
33634.789779558166629 30.493362258153609901
33635.020508964400506 30.498412879310745183
33635.248708302096929 30.503408366862583279
33635.474553982290672 30.508352573258004981
33635.698229067893408 30.513249497509669084
33635.919922848057467 30.518103275877113134
33636.139830718799203 30.522918179254293847
33636.358154329987883 30.527698616389454145
33636.575101964153873 30.532449142183420321
33636.790889117713959 30.537174470424105266
33637.005739259897382 30.541879490417766618
33637.219884748956247 30.546569287070393983
33637.433567888874677 30.551249164053384533
33637.647042112810595 30.555924669752474898
33637.860546672192868 30.560601042910189307
33638.074247539305361 30.565281918054768795
33638.288431377499364 30.569973574117042858
33638.503400269044505 30.57468262887593724
33638.719473180179193 30.579416071119666753
33638.936987428511202 30.584181292870571411
33639.156300094968174 30.5889861204074478
33639.377789292586385 30.593838842164377212
33639.601855161432468 30.598748230642495827
33639.828920398809714 30.603723554151166297
33640.059430051609525 30.60877457239168109
33640.293850188492797 30.613911507499988573
33640.532664929763996 30.619144979101289294
33640.776371143263532 30.624485888206233852
33641.025469926018559 30.629945230639137321
33641.276433751823788 30.635445705375708769
33641.521845365539775 30.640824738297578023
33641.762159046797024 30.646092269077129799
33641.997844036159222 30.651258567632869045
33642.229372327798046 30.656333966466888796
33642.457210012165888 30.661328670769183447
33642.681812889939465 30.666252662128606232
33642.903619810473174 30.671115552345259658
33643.123052267721505 30.675926574418003412
33643.34051356639975 30.680694564120408074
33643.556388860371953 30.685427960709571238
33643.771045811183285 30.690134821243773899
33643.984835709707113 30.69482284506845815
33644.198094956562272 30.699499406183534234
33644.411146772225038 30.704171590661275104
33644.624251103930874 30.708845097982305106
33644.837610550399404 30.713524370708643829
33645.051522746056435 30.718215936429078994
33645.26627812764491 30.722926165804814502
33645.482162021478871 30.727661318318535422
33645.699456785558141 30.732427589239772914
33645.918443986265629 30.737231157361311062
33646.139406602138479 30.742078233343381299
33646.362631251999119 30.74697510860445604
33646.588410446012858 30.75192820472888755
33646.817044857372821 30.756944123340836938
33647.048845609715499 30.762029696337165774
33647.284136568028771 30.767192036210953887
33647.52325660927454 30.772438585941767286
33647.766563988581765 30.777777214886295809
33648.014436613921134 30.783216224915868509
33648.267271420576435 30.788764336806472954
33648.525487808918115 30.794430765801205752
33648.788964031409705 30.800212852796800433
33649.047713793021103 30.805891443914056538
33649.301986526690598 30.811471999797724663
33649.552038998896023 30.816960143272666528
33649.798152765026316 30.822362042447188912
33650.040592690471385 30.827683500295012919
33650.279621653193317 30.832930277267053043
33650.515500172943575 30.83810808309613094
33650.748486350072199 30.843222575400009333
33650.978836175476317 30.848279366435836124
33651.206804178451421 30.853284037277710183
33651.432644356333185 30.858242158187447757
33651.656611332698958 30.863159314010147227
33651.878961695751059 30.868041133533846931
33652.099955470795976 30.872893321801658573
33652.319857679009147 30.877721694326655921
33652.538939928461332 30.882532212024024432
33652.757481972388632 30.88733101543272852
33652.975773154415947 30.892124456462610738
33653.194090676406631 30.896918621175888831
33653.412613635962771 30.901717441948282072
33653.631659234444669 30.906527884561182162
33653.851555805304088 30.911357160110064513
33654.072641887192731 30.91621270468007765
33654.295264211090398 30.921102135168649028
33654.519774180567765 30.926033172006683003
33654.74652257670823 30.931013522875179689
33654.975852202202077 30.93605072113675547
33655.208088074454281 30.941151910402897585
33655.443525076640071 30.946323573223082803
33655.682413238580921 30.951571207657835316
33655.924941270881391 30.956898965418123026
33656.171219681906223 30.962309280767783548
33656.421265404205769 30.967802532511186087
33656.674990456551313 30.973376794570874893
33656.932197449343221 30.979027736861397102
33657.192584011871077 30.984748722163086398
33657.455757035488205 30.990531118685595402
33657.72125569711352 30.996364805621645644
33657.98612323924317 31.002184816036038484
33658.247906202959712 31.007937234189110853
33658.507479854801204 31.013641286428388355
33658.765667969855713 31.01931507009777178
33659.023251867743966 31.024975751861333606
33659.28090819119825 31.030638200057641285
33659.539069496117008 31.036311920392478214
33659.798450737915118 31.042012626443231227
33660.059756475769973 31.047755805211732394
33660.323691999525181 31.053556961657903912
33660.587605886910751 31.059357820574106768
33660.850047127896687 31.065126486042220932
33661.11094489054085 31.070861397107378821
33661.370243848061364 31.076561333543281762
33661.627901500753069 31.082225357033031798
33661.883886340699974 31.087852770867517194
33662.138176784697862 31.093443096522612734
33662.390760950074764 31.098996068762147615
33662.641644983785227 31.104511818788587618
33662.890827923154575 31.109990321580436756
33663.138318064062332 31.115431755753220955
33663.384133006329648 31.120836504583529347
33663.628299813026388 31.126205159537182254
33663.870855210996524 31.1315385247033376
33664.111845825871569 31.136837621987204727
33664.351328455180919 31.142103697139656759
33664.589370390945987 31.147338226876374989
33664.826049809264077 31.152542927469379919
33665.061456248367904 31.157719765286064018
33665.295675534885959 31.162870625314944562
33665.528824499750044 31.167998074637988992
33665.761033058144676 31.173104968394682146
33665.99244536592596 31.178194475245252448
33666.223221130778256 31.1832701062414408
33666.45353714342491 31.188335748541124559
33666.683589039588696 31.193395704204395003
33666.913593296987528 31.198454734164251079
33667.143695986407693 31.20351605115219229
33667.37412223557476 31.208584607221997231
33667.60515033856791 31.213666524437307714
33667.83708746915363 31.218768560761258613
33668.070272363598633 31.223898169154470139
33668.305078073317418 31.229063558221060504
33668.541914720837667 31.234273752941039248
33668.781232162175002 31.23953865335856861
33669.023522407565906 31.244869087969814103
33669.269321569699969 31.250276856732504882
33669.51921098146704 31.255774755820990407
33669.773816940614779 31.261376572186524214
33670.03380828662921 31.267097030435181182
33670.299890697213414 31.272951667534822917
33670.572796236105205 31.278956603029335781
33670.853266372512735 31.28512816557873677
33671.142026599802193 31.291482334589371561
33671.439751208039524 31.298033965080851004
33671.747018127629417 31.304795793908191115
33672.057721113291336 31.311633458577016853
33672.368751601403346 31.318478552845419927
33672.680519990666653 31.325340109959416424
33672.993460887264519 31.332227697128114841
33673.308031269050844 31.339151375210423822
33673.624712167234975 31.346121735822432441
33673.942751803428109 31.353122235657611583
33674.258662488951813 31.360076104958125143
33674.573099112662021 31.366997755277715498
33674.886679830364301 31.373900791413600331
33675.199974197566917 31.380797750002059843
33675.513389496096352 31.387697596769729813
33675.827275802228542 31.394608039137207101
33676.142081473582948 31.401538949341230023
33676.458210628574307 31.40849922683970874
33676.776027755258838 31.415496899637226136
33677.095863133850798 31.422539243548531118
33677.41517232365004 31.429570234695180631
33677.73144488849357 31.436534590548923518
33678.045320974648348 31.443446400910360694
33678.357329422404291 31.450317306282105534
33678.666620389842137 31.457128586531219128
33678.972951931798889 31.463874907068330344
33679.276697505250922 31.470564486297639917
33679.578218921044027 31.477205287207855378
33679.877863184825401 31.483804947731258039
33680.175991560630791 31.490371420829529114
33680.472969454480335 31.496912751695489874
33680.769169258011971 31.503437140391145732
33681.06497360040521 31.509953013493564811
33681.360778304486303 31.516469089240814583
33681.656794109650946 31.522990009663473643
33681.953437925374601 31.529524959260481154
33682.251151429620222 31.536083669290366771
33682.550400003092363 31.542676394375273929
33682.849134352240071 31.549257987257941949
33683.144270018543466 31.555760487958320226
33683.435746670431399 31.562182559785689762
33683.723828291433165 31.568530011919090583
33684.008749328888371 31.57480800349862804
33684.290713590635278 31.581021019200118616
33684.569890338549158 31.587172783041335578
33684.846424712908629 31.593266487977128776
33685.120436297875131 31.59930476420286638
33685.392023476655595 31.605289775045413592
33685.661268904885219 31.61122333751577429
33685.928245744675223 31.617107059646794909
33686.193024152613361 31.622942483450557916
33686.455677468227805 31.62873122129704484
33686.71628759388841 31.634475074493082047
33686.974950109070051 31.640176146023502923
33687.231775153770286 31.645836860056331119
33687.486889693660487 31.651460011904525516
33687.740437504246074 31.657048767716609916
33687.992578050194425 31.662606639813223097
33688.243484544451348 31.668137443938078945
33688.493341503984993 31.673645245407023197
33688.742342160403496 31.679134302049646976
33688.990686424062005 31.68460901934506424
33689.238606621096551 31.690074517824154299
33689.486293028232467 31.695534991476957742
33689.733934089403192 31.700994594282761341
33689.981645051615487 31.706455866823176848
33690.229584398788575 31.71192230319249461
33690.477926220686641 31.717397741892302321
33690.726814804402238 31.722885364669512143
33690.976386727743375 31.728388183582435289
33691.226790120308578 31.733909465684291717
33691.478159119920747 31.739452169810114412
33691.730612291001307 31.745018911665503936
33691.98425154844881 31.750611940057115845
33692.239160926947079 31.756233109711889284
33692.49540544472984 31.761883856171078122
33692.753030117426533 31.767565173992952765
33693.012059196669725 31.773277599909402369
33693.272495724260807 31.779021202939492952
33693.53432150046865 31.784795583634632976
33693.797497569976258 31.790599884740110781
33694.061965323307959 31.796432815432098096
33694.327648299651628 31.802292691029048655
33694.594454396297806 31.808177481676001008
33694.862279530156229 31.814084893066475246
33695.131012057536282 31.820012463899036703
33695.400537176406942 31.825957662956753325
33695.670742253394565 31.831918006605832261
33695.941522600442113 31.837891186232440077
33696.212787563425081 31.843875202579969397
33696.484466794587206 31.849868504161818805
33696.756516608118545 31.855870127528007174
33697.028926358376339 31.861879838052519887
33697.301724825578276 31.867898270905310909
33697.574986633801018 31.873927072757307855
33697.848838750724099 31.879969045309579201
33698.123467118653934 31.886028291740107221
33698.399123435869114 31.892110366488505946
33698.67613204310328 31.898222427383778665
33698.954896770766936 31.904373386930760859
33699.235907468042569 31.910574056599298132
33699.519745747020352 31.916837273820611642
33699.807089212408755 31.923177995597725953
33700.098713059574948 31.92961333406777058
33700.395487281486567 31.936162495185456578
33700.698367007469642 31.942846565848096674
33701.004674335701566 31.949606456952203359
33701.309036031110736 31.956323587582296852
33701.611813227231323 31.963005924353346643
33701.913355456330464 31.969661178702342141
33702.213992761731788 31.976296632747633453
33702.514026981734787 31.982918946839468788
33702.813722426210006 31.989533953679238465
33703.113296573530533 31.996146452858013731
33703.41290371993091 32.002759849798906089
33703.712605848413659 32.009375512524748331
33704.012472533111577 32.015994976783034076
33704.312512407756003 32.022618433196292642
33704.612680738937343 32.02924489427808652
33704.912862171855522 32.035871813366803451
33705.212919196994335 32.042496154436982181
33705.512744184859912 32.049115540849214767
33705.812256170065666 32.055728184433256445
33706.111415903331363 32.062333217894682491
33706.410235223127529 32.068930901852667148
33706.708780522218149 32.075522701523041746
33707.007171144192398 32.082111251463906854
33707.305574178790266 32.08870024079626404
33707.60405310983333 32.095291071229375746
33707.901398151392641 32.101857027998129013
33708.197671194910072 32.108399475843611981
33708.492929659274523 32.114919680893351028
33708.787226285050565 32.121418806103548604
33709.080609067357727 32.127897909762594963
33709.373121335316682 32.134357947232167874
33709.664801985600207 32.140799776092059403
33709.955685877539509 32.147224164853973605
33710.245804397010943 32.153631805405247235
33710.535186195731512 32.16002332932809793
33710.823848596060998 32.166399118044985528
33711.111814907228108 32.172759685272261265
33711.399108378442179 32.179105543468793371
33711.685753811376344 32.185437239454458336
33711.971779298306501 32.19175539281077647
33712.257218137099699 32.19806073819194836
33712.542110934256925 32.204354171797845652
33712.826507904901518 32.210636802203048035
33713.11047138307913 32.21691000584029041
33713.394078564888332 32.223175487634982517
33713.677424518886255 32.229435347553945235
33713.960625512532715 32.235692154145603183
33714.243822718475712 32.241949026483787577
33714.527108290880278 32.248208000929231787
33714.810661484101729 32.254473038546244368
33715.094705376723141 32.26074906913022744
33715.379504899647145 32.267041947757057585
33715.665373096926487 32.273358593245262682
33715.952678067122179 32.279707141679708116
33716.241850550766685 32.286097114240938311
33716.533390932367183 32.292539572128937664
33716.82787871707842 32.299047326208494724
33717.125982251156529 32.30563515208699954
33717.428462507166842 32.312319874076266046
33717.736183683853596 32.31912059979876517
33718.050123763532611 32.326058953924736272
33718.371377057083009 32.333159134899212006
33718.701157924893778 32.34044799772122758
33719.040800819973811 32.347955055507569
33719.391753225616412 32.355712324074509922
33719.755554939467402 32.363753864771140911
33720.133792261302005 32.372114772557800677
33720.516371812831494 32.380571956786241117
33720.896559775508649 32.388976565703224253
33721.275585897165001 32.397355782279845471
33721.654603449620481 32.405735102498361755
33722.031893833314825 32.414076531227671296
33722.409818928535969 32.422432287146278895
33722.787750653515104 32.430788486056286501
33723.163367370791093 32.439093794685426531
33723.537103198701516 32.447357808529481815
33723.909389893102343 32.455590072161207615
33724.279575430664408 32.463776164902981236
33724.639442968080402 32.471734370590084495
33724.990450763420085 32.47949691670336847
33725.333960013784235 32.487093888842132117
33725.671350513883226 32.494555788184115386
33726.004058847764099 32.50191437611566414
33726.333559084567241 32.509202247344134662
33726.661132548135356 32.516447737480241642
33726.987831038029981 32.523674108765519009
33727.31450009848777 32.530900063962299384
33727.631950193856028 32.53792232041186594
33727.942278674629051 32.544787256677139453
33728.247262224300357 32.551534163417279899
33728.548427074834763 32.558196795467928553
33728.847102160892973 32.564804546842999855
33729.144467009115033 32.571383509531102618
33729.441600288293557 32.577957547147633477
33729.739119212732476 32.584540316078594913
33730.037802229446243 32.591149041869634573
33730.331552223360632 32.5976488150326702
33730.620727356981661 32.604047551480945799
33730.90571249525965 32.610353759049473865
33731.186915360536659 32.616576452465302793
33731.464765808304946 32.62272513736562729
33731.739721801946871 32.628809942564338087
33732.012255013767572 32.634841301451295692
33732.282869653688977 32.640830368722674848
33732.552110416836513 32.64678919636190102
33732.820570590876741 32.652730913188378281
33733.088897373709187 32.658669842697491958
33733.357511873364274 32.664615305668704082
33733.627063526029815 32.67058167789800649
33733.898288476550078 32.676585256118258371
33734.171891881174815 32.6826416529495134
33734.448468378337566 32.68876403633058203
33734.728389356845582 32.694960633636739544
33735.011646159335214 32.70123125984663659
33735.297736939428432 32.707564811494087564
33735.585629477282055 32.713938441785494149
33735.873303307409515 32.720307421541036774
33736.158637825319602 32.726624799077100647
33736.440126478672028 32.732857212998304419
33736.716757178932312 32.738982246404695786
33736.988081438466907 32.744989959463715934
33737.254147830652073 32.750881417865272738
33737.515370177061413 32.756665775555035225
33737.772390215759515 32.762357234700587583
33738.025965590852138 32.767972565858954681
33738.276891003828496 32.773529362117997721
33738.525948739006708 32.779044943485246222
33738.773874411053839 32.78453559823606156
33739.021359214762924 32.790016632581199474
33739.268942832299217 32.795499998656516993
33739.517015075871313 32.800994330466281212
33739.7661391140864 32.806512102587838342
33740.01683675176173 32.812064874727582264
33740.269596701225964 32.817663474827575953
33740.524882273421099 32.823318169354195106
33740.783137841441203 32.829038806423952224
33741.044793661465519 32.834834922568809645
33741.310268769368122 32.840715806892688988
33741.57997172789328 32.846690517624125505
33741.853195915093238 32.85274340846064689
33742.125064167252276 32.858766434956955038
33742.395737023412948 32.864763151322307522
33742.665369867987465 32.870736997963497572
33742.934115187548741 32.876691351467336233
33743.202123018061684 32.882629534497276325
33743.46954296783224 32.888554860606497243
33743.736525747204723 32.894470668130054491
33744.003224515385227 32.900380350030928867
33744.269795941312623 32.906287377414265904
33744.536385216160852 32.912194967412155222
33744.803090992652869 32.918105306172712687
33745.070082210680994 32.924022137741033589
33745.337533517435077 32.929949333055063221
33745.605625680735102 32.93589089912516954
33745.874546053004451 32.941850989338760769
33746.144488883299346 32.947833910399012325
33746.415655146120116 32.953844118555764453
33746.688252635620302 32.959886221719457922
33746.962496734216984 32.965964996525407571
33747.238610798791342 32.97208539692511664
33747.516827124032716 32.978252575574273919
33747.797401016709046 32.984472195867319044
33748.080594781975378 32.990750077024266318
33748.366664420886082 32.997091899223171652
33748.655878309386026 33.003503617703351836
33748.948517149678082 33.009991461745755714
33749.244877143137273 33.016562005081723896
33749.545274447809788 33.02322226479866174
33749.850046064355411 33.029979721079044452
33750.159552757977508 33.036842382091066384
33750.462240384775214 33.043554056436008182
33750.757747772760922 33.050106720803178462
33751.046577076835092 33.056511495814170587
33751.32918787249946 33.062778559542429946
33751.606033077645407 33.068917943920105529
33751.877493909923942 33.074938092186570771
33752.143920902453829 33.080846768245763201
33752.40563636560546 33.086651111123622115
33752.66293698100344 33.092357692374832823
33752.916096145883785 33.097972567969513591
33753.165366086512222 33.10350132507118559
33753.410979763481009 33.10894912421113645
33753.653152591155958 33.114320737351292223
33753.892083992381231 33.119620582301934064
33754.127958808086987 33.124852753929381777
33754.360937265562825 33.130020801570644551
33754.591178915667115 33.135128259961646791
33754.818832187949738 33.140178417517134335
33755.044035455612175 33.145174339917190309
33755.266917955625104 33.150118890485558154
33755.487600646294595 33.155014749183301603
33755.7061970123832 33.159864430444422112
33755.922813826698984 33.164670300047419005
33756.137551874933706 33.169434591175033233
33756.35050664836308 33.174159419764293943
33756.56177827531792 33.178847004845792412
33756.771454435089254 33.183499289441044766
33756.979618701116124 33.188118125653105039
33757.186351543998171 33.192705296909672086
33757.391730960895075 33.197262531918930506
33757.595832999279082 33.201791516283414296
33757.798732208982983 33.206293902524038231
33758.000502027738548 33.210771318629845439
33758.201215084089199 33.21522537477592607
33758.400943478714908 33.219657669562018043
33758.599758987358655 33.224069794513496845
33758.797733205639815 33.228463337292396318
33758.994921982608503 33.232839536226840949
33759.191396228547092 33.237199964011580278
33759.387226731851115 33.241546190764232449
33759.58248415543494 33.245879783944808139
33759.77723897244141 33.250202306927015172
33759.971561688340444 33.254515323926362669
33760.165522065544792 33.258820382789068049
33760.359189354996488 33.263119020130503145
33760.552632168095442 33.267412758489911084
33760.745918343178346 33.271703103365126708
33760.93911480774841 33.275991540152190851
33761.132287436885235 33.280279530999898441
33761.325482101157831 33.284568094101885549
33761.518749942872091 33.288858364755895991
33761.712153608481458 33.293151733729395403
33761.905754122664803 33.297449555893223305
33762.099610707678949 33.301753146207701661
33762.293784562134533 33.306063863609900011
33762.488335634494433 33.310383039386117332
33762.68331816985301 33.314711878301963566
33762.878783509768255 33.319051520751500561
33763.074779834940273 33.323403037038225705
33763.271351780516852 33.327767418826717005
33763.468539971778227 33.332145568826511806
33763.666380497925275 33.336538289099053145
33763.864904346308322 33.340946268486277404
33764.064136832472286 33.345370069943562896
33764.264097083709203 33.349810119059682734
33764.464797656248265 33.354266695542854393
33764.666244381973229 33.358739929802112556
33764.868436546996236 33.363229806898004881
33765.071367487063981 33.367736179749066139
33765.275025639981322 33.372258792490164581
33765.479396026858012 33.376797313355318408
33765.684462056640768 33.381351374745314331
33765.890207486256259 33.385920616754710011
33766.096618340692658 33.39050472981529083
33766.303684610844357 33.395103492408900081
33766.511401605428546 33.399716801101725139
33766.719770892334054 33.404344691463286665
33766.928800827125087 33.408987349819263102
33767.138506732182577 33.413645117245451388
33767.348910796732525 33.418318487362469682
33767.56004177108116 33.423008099560199469
33767.771934533877356 33.427714729399880866
33767.984629568309174 33.432439276993136446
33768.198172448239347 33.437182755600140638
33768.412613359178067 33.441946280999843566
33768.628006610713783 33.446731060670209956
33768.844410171979689 33.451538383478045091
33769.061885234550573 33.456369609977166135
33769.280495792590955 33.461226163088994667
33769.500308226786728 33.466109518866012706
33769.721390886770678 33.471021197220572674
33769.943813991259958 33.475962759711244132
33770.167648852642742 33.480935792319996835
33770.392967017403862 33.485941886357487363
33770.619840014864167 33.490982632881213021
33770.848338702999172 33.496059608161544929
33771.078533147010603 33.501174370982461426
33771.310491283846204 33.506328432965979403
33771.544277250060986 33.511523221412581108
33771.77995068585733 33.516760063827597094
33772.017565317175467 33.522040156403122069
33772.257167314441176 33.527364527532718341
33772.498793418169953 33.532733996139434396
33772.742468821481452 33.538149124596550621
33772.988121773421881 33.543608320889809704
33773.233845160822966 33.549069203860263144
33773.479851950934972 33.554536506175821842
33773.726440204874962 33.560016852120995168
33773.973911969842447 33.565516955148304135
33774.222572659571597 33.571043604116539427
33774.472729455141234 33.576603627754153081
33774.724688507769315 33.582203832491657636
33774.97875071875751 33.58785090866113876
33775.235205883334856 33.593551300317336938
33775.494325040010153 33.599311035154023841
33775.756350982795993 33.605135513560384197
33776.019910004855774 33.610994202589559166
33776.28386451084225 33.616861815258324953
33776.548036790401966 33.62273440090913823
33776.812275583441078 33.628608596537183928
33777.076443828613264 33.634481354492109517
33777.340511986745696 33.640352017271204943
33777.604504118397017 33.646221118962557739
33777.868498262942012 33.652090393805117685
33778.132566321561171 33.657961439717489327
33778.396855231658265 33.66383752309765498
33778.661566633134498 33.669723126895831911
33778.926944595696114 33.675623677861956651
33779.193270975381893 33.681545443395620509
33779.460861017440038 33.687495433860142668
33779.730059519264614 33.693481317339667669
33780.001237776268681 33.699511351796530789
33780.274791406030999 33.705594336751957485
33780.551139129376679 33.711739586244036104
33780.830722543076263 33.717956923836453598
33781.114006830131984 33.724256698481404726
33781.401482374261832 33.730649820496878988
33781.689022157785075 33.737044512138567143
33781.97561448293709 33.743418272496171539
33782.261296811419015 33.749771932595812984
33782.546139771140588 33.756107061219573495
33782.830185775274003 33.762424599779158996
33783.113470225667697 33.768725333852287918
33783.396016023856646 33.775009771076014431
33783.67782709992025 33.781277997180048089
33783.958888774526713 33.78752968399486889
33784.239162385354575 33.793763969880153297
33784.518583066303108 33.799979410266772106
33784.797058695963642 33.806173954193965869
33785.074470380423008 33.812344954989598023
33785.350674854220415 33.81848922362556209
33785.625509060744662 33.824603130564895537
33785.898796916211722 33.830682756199465189
33786.170357940085523 33.836724082829213955
33786.440017122797144 33.842723214191217096
33786.707615305873333 33.848676606414223045
33786.973019128978194 33.854581289363224528
33787.236129765267833 33.860435061048782757
33787.496889989328338 33.86623664495754582
33787.755289205400913 33.871985802014528133
33788.011366454120434 33.877683397575637514
33788.265211640646157 33.883331428849189138
33788.51696539324621 33.888933021843811844
33788.766817871866806 33.894492404948060482
33789.01499479256745 33.900014598041543934
33789.261782460773247 33.905505969581390957
33789.507512031639635 33.910973886465399119
33789.752558297674113 33.916426687124193506
33789.997338654036867 33.921873658565466769
33790.242216892307624 33.92732289556131775
33790.487536605061905 33.93278204391107522
33790.733815523068188 33.938262625129397065
33790.981608084941399 33.943776978367189656
33791.231502691203787 33.949338199368497726
33791.484117497995612 33.954960046927809003
33791.740093975357013 33.960656799593778032
33792.000087248910859 33.966443040777868134
33792.264752068294911 33.972333346518688302
33792.534723197182757 33.978341849065110125
33792.810589266977331 33.984481654944261209
33793.09285992574587 33.990764113742812924
33793.38192770389287 33.99719796921661441
33793.678028503112728 34.003788479660251198
33793.978073228994617 34.010466895221625805
33794.280482480637147 34.017198064848614081
33794.584893324157747 34.023973912373492112
33794.890889274596702 34.030785169025698167
33795.198046633180638 34.03762240477297496
33795.505719412249164 34.044471240661991374
33795.812842486819136 34.051307966369307678
33796.120607078126341 34.058159098706717316
33796.429610623054032 34.065037937875423779
33796.738996461499482 34.071925413987941056
33797.043146502524905 34.078696454990655695
33797.341492140258197 34.085338395426745706
33797.63455430331669 34.091862825592869513
33797.922868990230199 34.098281672257584773
33798.20698102661845 34.104607059656274259
33798.487446664337767 34.110851367334348083
33798.764829778439889 34.117027145457562654
33799.039698754764686 34.123147045495677787
33799.312366018421017 34.129218020722234428
33799.312366018421017 34.129218020722234428
33799.312366018421017 34.129218020722234428
33799.312366018421017 34.129218020722234428
33799.312366018421017 34.129218020722234428
33799.312366018421017 34.129218020722234428
33799.312366018421017 34.129218020722234428
33799.312366018421017 34.129218020722234428
33799.582664530200418 34.135236349292590319
33799.851041624540812 34.141211988812749212
33800.117922993304092 34.147154415628783397
33800.383711553477042 34.153072599563536471
33800.648785867757397 34.158974968697982888
33800.913492261046486 34.164869233777132251
33801.178137987139053 34.170762235987993449
33801.442896387859946 34.176657834972637318
33801.707957351820369 34.182560259071181008
33801.973492431010527 34.188473328539942031
33802.239607138981228 34.194399393248836816
33802.506341535816318 34.200339345598003149
33802.773667473200476 34.206292559058447011
33803.041490643692669 34.212256933696508554
33803.309664618042007 34.218229208680682518
33803.578004922463151 34.224205275706488294
33803.846216442951118 34.230178562158705802
33804.114077065394667 34.236144120836051741
33804.38139160839637 34.242097604082253781
33804.647988677992544 34.248035193780744123
33804.91372545548802 34.253953708031929182
33805.17848900660465 34.259850630359110824
33805.442184917279519 34.265723856644754619
33805.704756034167076 34.271572112572123103
33805.96616905357223 34.277394654973477373
33806.226411487870791 34.283191204297928323
33806.485488805650675 34.288961880943169547
33806.743421867526195 34.294707148166224897
33807.000244661510806 34.300427761662405146
33807.256002294852806 34.306124724852118391
33807.510749185152235 34.311799248602881107
33807.764547397746355 34.317452714205401776
33808.017465089433244 34.323086638716283403
33808.269575035679736 34.328702642156962099
33808.520953235973138 34.334302416450903195
33808.771677607983293 34.339887696336660383
33809.021826793446962 34.345460232767699438
33809.271479105722392 34.351021769466491662
33809.520711650191515 34.356574023326864165
33809.769599773462687 34.362118672140724129
33810.018216586126073 34.367657343961838023
33810.266632558465062 34.373191608095424954
33810.514915515865141 34.378722974990402861
33810.763130839965015 34.384252900717029888
33811.011341851452016 34.389782795490518197
33811.259582669124939 34.395313418983981535
33811.507911344604508 34.400846064113075329
33811.756388610927388 34.406382083587011778
33812.005075340006442 34.411922833262714505
33812.254033238139527 34.417469687640917186
33812.503325486279209 34.423024054132291383
33812.753017285082024 34.428587385202298776
33813.003176272475685 34.434161187677254645
33813.253872791123285 34.439747028706342746
33813.505179993102502 34.44534653809623137
33813.757173777950811 34.450961406933735987
33814.009932567176293 34.456593382563376338
33814.263536922153435 34.462244260076289493
33814.518069013851346 34.467915870495652086
33814.773611951626663 34.473610065821404191
33815.030248975905124 34.479328701041382033
33815.288062516294303 34.485073613142120053
33815.547133112777374 34.490846597067587709
33815.807538193213986 34.496649378474110392
33816.069350694451714 34.502483582999445844
33816.332638542087807 34.508350724663294784
33816.597461928773555 34.514252145209844969
33816.863870199114899 34.520188944679127019
33817.131900646672875 34.526161954585340652
33817.401576060205116 34.532171683220902025
33817.672902520818752 34.538218266548263102
33817.945866993708478 34.544301414511743076
33818.220435737777734 34.550420375573402509
33818.496554747289338 34.556573946532843422
33818.774152214820788 34.562760527395809618
33819.053143572709814 34.56897823371201639
33819.33343866346695 34.575225056366768683
33819.614951288291195 34.581499074383650338
33819.897609560350247 34.587798685674975729
33820.181365486241702 34.59412282060421262
33820.466202811723633 34.600471116873876554
33820.752142161101801 34.60684403410550658
33821.039243177590834 34.613242901581834587
33821.32760381931439 34.619669902596001521
33821.617357331168023 34.626128006996985675
33821.908667729279841 34.632620870578882943
33822.201724706537789 34.63915272155991687
33822.496738555790216 34.645728247449419257
33822.793935526016867 34.652352491558644942
33823.093553883518325 34.65903076522018722
33823.395840730678174 34.665768576889341546
33823.701049511641031 34.672571576552073225
33824.009438062137633 34.679445512260301143
33824.321267026542046 34.686396194849670849
33824.636790241289418 34.69342928358373257
33824.953318310021132 34.700484831674657471
33825.267166161182104 34.707480695949442406
33825.578584984563349 34.714422473324766827
33825.887834307133744 34.721315946805724195
33826.195181333998335 34.728167070790249227
33826.50090055927285 34.734981962390868659
33826.805273364479945 34.741766892477947692
33827.108589109469904 34.748528309993616858
33827.411224053721526 34.755274601257035272
33827.713488814275479 34.76201268954406487
33828.015704730845755 34.768749737374811559
33828.318067124462686 34.775490098220750212
33828.620887552904605 34.782240716892950161
33828.924518416140927 34.789009448877287412
33829.228961752101895 34.795796339296977351
33829.522697849133692 34.802344578797040242
33829.80693994720059 34.808681209084575414
33830.082793998430134 34.814830880999245721
33830.35121396415343 34.820814857780618468
33830.61305163113866 34.826652125487470357
33830.869076551083708 34.832359837408809256
33831.119992526357237 34.837953681504984615
33831.366452007328917 34.843448201309485057
33831.609069087193348 34.848857085580313253
33831.84843159414595 34.854193437840542913
33832.085112711516558 34.859470035407873922
33832.319682532412116 34.864699586972946577
33832.552719965176948 34.869894998008938103
33832.78482545454608 34.875069654375678851
33833.016635081243294 34.880237736663531223
33833.248641282050812 34.88541022321756202
33833.481417099552345 34.890599889654836829
33833.715763049513043 34.89582458328051473
33833.952583510028489 34.901104467293180278
33834.192918404434749 34.906462727199617291
33834.437983977499243 34.911926479987400285
33834.689225814086967 34.917527956271719347
33834.948390077253862 34.923306088687681381
33835.217608751860098 34.929308412592611433
33835.499501295184018 34.935593332640891617
33835.797285316053603 34.942232590744730203
33836.109631486564467 34.949196553088214046
33836.419742787533323 34.956110720574926631
33836.728094623103971 34.962985691567133983
33837.035178124904633 34.969832415326905561
33837.34148511296371 34.976661856700303588
33837.647501172970806 34.983484841758325956
33837.953610939650389 34.99030994595495514
33838.250544469628949 34.996930482512610183
33838.538490499209729 35.003350656713095646
33838.819335700303782 35.009612532209665403
33839.094699526358454 35.01575221533359894
33839.365972025050723 35.021800698027945487
33839.634352740184113 35.0277847251060237
33839.900885063339956 35.03372756008438671
33840.166482398468361 35.039649568495953247
33840.431947476397909 35.045568648484092478
33840.697710265922069 35.051494386921120849
33840.964348821806198 35.05743967271865813
33841.232413925863511 35.063416786853046858
33841.502344899156014 35.069435525187671487
33841.774454349084408 35.075502858328484024
33842.048909976947471 35.081622525929255119
33842.325718755368143 35.087794683831376119
33842.604720352239383 35.094015757371579411
33842.885596681255265 35.100278654273544987
33843.167901823107968 35.106573431765355053
33843.451111347028927 35.112888396297833538
33843.734644257157925 35.119210592875859334
33844.017820813060098 35.125524864519491075
33844.300297061854508 35.131823541477963602
33844.581860808815691 35.13810189187032762
33844.862431162648136 35.144358111596183392
33845.142044181222445 35.150593004306955436
33845.420835705182981 35.156809598664686689
33845.699020743595611 35.163012688707439679
33845.976877178371069 35.169208470508038999
33846.254734520269267 35.17540429146827563
33846.532791649427963 35.181604586190815098
33846.811430845096766 35.187817878899842583
33847.091096629701497 35.194054081869175832
33847.372286136087496 35.200324280641424934
33847.655559073413315 35.206640956272764242
33847.941550688577991 35.213018274379734862
33848.23098635597853 35.219472410501971638
33848.524695111482288 35.226021851928322803
33848.823616787114588 35.23268755683066189
33849.128795043478021 35.239492798932587903
33849.441330872024992 35.24646213068110967
33849.757600245917274 35.253514739713530446
33850.073865636215487 35.260567281625377234
33850.389911326048605 35.267614945792196579
33850.705611403645889 35.274654924151256807
33851.020872132292425 35.281685126101201888
33851.335624389917939 35.288704009919136695
33851.64981731698208 35.295710441118387735
33851.963411432843714 35.302703538950979123
33852.276373888518719 35.309682570548943659
33852.588675467901339 35.31664688405405883
33852.900287949101767 35.323595849777341016
33853.211185748361459 35.330528896858744758
33853.521346160021494 35.337445518620008045
33853.822020787178189 35.344150623452271986
33854.113834522853722 35.35065814484728719
33854.39986056813359 35.357036614609320679
33854.682485483521305 35.363339252891478282
33854.963646744479774 35.369609265571490653
33855.244870761314814 35.375880691976824721
33855.526942133932607 35.38217102897196753
33855.811250715443748 35.388511271079948983
33856.099101081199478 35.394930511347936886
33856.391766134205682 35.401457136762630284
33856.690531681786524 35.408119822334967353
33856.992466950301605 35.414853210233950165
33857.293857313787157 35.421574461459790939
33857.594750518488581 35.428284640517773596
33857.895195802244416 35.43498484518378433
33858.195243173147901 35.441676190416934844
33858.494942798002739 35.448359794721575611
33858.794344527581416 35.455036769558638809
33859.093497585847217 35.461708212414620789
33859.392450445833674 35.468375204032703607
33859.691250907511858 35.475038810148511459
33859.989946382243943 35.48170008783355911
33860.288584373440244 35.488360096213433792
33860.587213126171264 35.49501991095504394
33860.885863465009606 35.501680219225079327
33861.184580357934465 35.50834202360650238
33861.48341746195365 35.515006520460381978
33861.782431992738566 35.521674985512227352
33862.073732823417231 35.528171434291195396
33862.355393896941678 35.534452911620505233
33862.628726231319888 35.540548654073880641
33862.894861386375851 35.546483896251125145
33863.154795724258292 35.552280857810927728
33863.409425243909936 35.557959520300599365
33863.659573731711134 35.563538254936020166
33863.906016077387903 35.569034342565416296
33864.149498009930539 35.574464413799404383
33864.390753116858832 35.579844828559359371
33864.630517760400835 35.585192008726558299
33864.86954434884683 35.590522734111146974
33865.10859518028883 35.595854005152723687
33865.348098273505457 35.601195367304036665
33865.588893399843073 35.60656554890763914
33865.831868478519027 35.611984352157072919
33866.077966067081434 35.617472797846275512
33866.328186578168243 35.623053197110309043
33866.583585862863401 35.628749097530310053
33866.845263368530141 35.634585019030609487
33867.113486888498301 35.640566934057517301
33867.380561729783949 35.646523235664595575
33867.647328326602292 35.652472666969813986
33867.914375108048262 35.658428350923422556
33868.182432931818767 35.664406586962137169
33868.452460530097596 35.670428756632084344
33868.725519726976927 35.676518540688526571
33869.002814090337779 35.682702781114059576
33869.285744670552958 35.689012724210805061
33869.575914540648228 35.695484121860118876
33869.875126551676658 35.702157181465956626
33870.178444162920641 35.70892180771174651
33870.477015060430858 35.715580574964732818
33870.773287613294087 35.722188086749874003
33871.06931738473213 35.728790186279290708
33871.366115778160747 35.735409429822247773
33871.665219318972959 35.742080085038793413
33871.968124389684817 35.748835524356863402
33872.276229332790535 35.755706933730181163
33872.590891181731422 35.762724577854079655
33872.913468941937026 35.769918765420200657
33873.245351772646245 35.777320477627647222
33873.587968027495663 35.784961569803535042
33873.938748965010745 35.792784753293588551
33874.293610375898425 35.80069894114839002
33874.653296087715717 35.80872072221226432
33875.009283807579777 35.816660030490908184
33875.3563704844928 35.824400826357482686
33875.696087752046878 35.831977268476641996
33876.029686769863474 35.839417260360512785
33876.358197377041506 35.846743769612878339
33876.682473274391668 35.85397583558673773
33877.00322663764382 35.861129341331320575
33877.321054798230762 35.868217608630004634
33877.636460992995126 35.875251860762283229
33877.949870704527711 35.882241586925530896
33878.26164473911922 35.889194833893967029
33878.572089901143045 35.896118444080343579
33878.88146789604798 35.903018254091819017
33879.190002912240743 35.909899263823128024
33879.497888184851035 35.916765782843015131
33879.805291726872383 35.92362155821082581
33880.112361320956552 35.930469885804747321
33880.419228800630663 35.937313705802750974
33880.726013604442414 35.944155681946966752
33881.032814416001202 35.950998015099294491
33881.339692664121685 35.957842075257261172
33881.644445490652288 35.964638733837290374
33881.943199321998691 35.971301601624972477
33882.237236689208657 35.97785928188476845
33882.527846797886014 35.984340526738286314
33882.816371310851537 35.990775258218491217
33883.104256957369216 35.997195741571189842
33883.39262919833709 36.003627077050914806
33883.682820280657324 36.010098976694777662
33883.976692815842398 36.016652980837825737
33884.276391366198368 36.02333691793817394
33884.584244450030383 36.030202719077429663
33884.893989835771208 36.037110722712881739
33885.202580339369888 36.043992969935530368
33885.509397017915035 36.050835656956571995
33885.813799297538935 36.057624497569221944
33886.115198930390761 36.064346372552130049
33886.413139008152939 36.0709910918445118
33886.70734594816895 36.077552553951086622
33886.997756942415435 36.084029358114747765
33887.284508829878177 36.09042455614600442
33887.567900436690252 36.096744812525159318
33887.848343552461301 36.102999311066504617
33888.126313655877311 36.109198655990994098
33888.40231932001916 36.115354189597212553
33888.676876150122553 36.121477411016570613
33888.950494573473406 36.127579703900536856
33889.223675584871671 36.133672241535549574
33889.496893994764832 36.139765613239184461
33889.770408629861777 36.14586559141663713
33890.044705903361319 36.151983024152627877
33890.32027408243448 36.158128800879204334
33890.597609654440021 36.164313994356973581
33890.877224195792223 36.170550013865621963
33891.1596751002362 36.17684929051200271
33891.44555461476557 36.183225032707397872
33891.735474068875192 36.189690874444494284
33892.030095104848442 36.196261571802075707
33892.330142408354732 36.202953286865088955
33892.636418409696489 36.209783915594734083
33892.949820934874879 36.216773481486484343
33893.271364775151596 36.223944616618211967
33893.60220846861921 36.231323158938721463
33893.930964810853766 36.238655148733904809
33894.258281706221169 36.245955035696724167
33894.585054849121661 36.253242795783151564
33894.912039478644147 36.260535272486464464
33895.239941717576585 36.26784821389862401
33895.569831891734793 36.27520549064045241
33895.886260815816058 36.282262551886752533
33896.187667862919625 36.288984592223819448
33896.475937506147602 36.295413639548172569
33896.752677229254914 36.301585544284577622
33897.01926309269038 36.307530995608701119
33897.276879997727519 36.31327641942613127
33897.526555757598544 36.318844738233430292
33897.769189499522327 36.324256004545901533
33898.005575381197559 36.329527929827641231
33898.236422659399977 36.334676332065349413
33898.462373037422367 36.339715522654401525
33898.684016044106102 36.344658649385067406
33898.90190300210088 36.349518007965514244
33899.116559945745394 36.354305330118911854
33899.328499662602553 36.359032052136335267
33899.538232872655499 36.363709564196916801
33899.746278443228221 36.368349438183855682
33899.953172479741625 36.372963630427548765
33900.159476137690945 36.377564655930250126
33900.365782028398826 36.382165731228283789
33900.57240519613697 36.386773882502339461
33900.779991364419402 36.391403510807329269
33900.989223187847529 36.39606984084294794
33901.200818548197276 36.400788882952419101
33901.415525187156163 36.405577313420621977
33901.634109193670156 36.410452217716795076
33901.857334300148068 36.415430628753902909
33902.085927933112544 36.420528769744031194
33902.320529339303903 36.425760897296122209
33902.561615947823157 36.431137659129433359
33902.809408485329186 36.436663977934330205
33903.063765877806873 36.442336707449790367
33903.324098471268371 36.448142697094439768
33903.589346240398299 36.454058305971223319
33903.858069647518278 36.460051429222708919
33904.128664625583042 36.466086292624360965
33904.399379796348512 36.472123836587655887
33904.662552300673269 36.477993162493163481
33904.916351282663527 36.483653438226085086
33905.163390749876271 36.489162961906380644
33905.405767364485655 36.494568493713927637
33905.645184646535199 36.499908025894079344
33905.883045220012718 36.505212840047740031
33906.120522109122248 36.510509097195736672
33906.358307494905603 36.515812234498419286
33906.597145699379325 36.52113885197446308
33906.837868712267664 36.526507504825275419
33907.081243726395769 36.531935303138880045
33907.328007673124375 36.537438682106206045
33907.578896298291511 36.543034050478212293
33907.834668642834004 36.548738336538043825
33908.096127951641392 36.55456945441387262
33908.364140168785525 36.560546716564090275
33908.639651197729108 36.566691218717117806
33908.923703955028031 36.573026220206870107
33909.217455875172163 36.579577534369086322
33909.519011773991224 36.586302894426921739
33909.82601781921403 36.593149804741436526
33910.138773735809082 36.60012494983899245
33910.457559636481164 36.607234576849357666
33910.782629010558594 36.614484339142080671
33911.114196120150154 36.621879015233794519
33911.452415512692824 36.629422051872317923
33911.795296692049305 36.637069056614123497
33912.135979225313349 36.644667026710500579
33912.475022657061345 36.652228441236495371
33912.813003330331412 36.659766153910126718
33913.150464289363299 36.667292275812634728
33913.487851490303001 36.674816752747332771
33913.825480013882043 36.682346611707934869
33914.16383888755081 36.689892759082482598
33914.503464646782959 36.697467160792626828
33914.844911270716693 36.705082171792192014
33915.188730692883837 36.712750101413242021
33915.535470903858368 36.720483171051299109
33915.883583507667936 36.728246848069190378
33916.229436325644201 36.73596012689084489
33916.572688598942477 36.743615407844146148
33916.910644794406835 36.751152574608724422
33917.241251648796606 36.758525834896623508
33917.564808181734406 36.765741857503222434
33917.881753352448868 36.772810432185373486
33918.192627309210366 36.779743605437900555
33918.498042269253347 36.786555031052152742
33918.798663390232832 36.793259543507275566
33919.095200323099562 36.799872969581031157
33919.388410664934781 36.806412205355329093
33919.678942010119499 36.812891693609792299
33919.967044626260758 36.819317015862580433
33920.254308284369472 36.825723627505261959
33920.542063506734848 36.832141202112495648
33920.831882502781809 36.838604803413730338
33921.125266434057266 36.845147910614457487
33921.423494990442123 36.851799063614826935
33921.728548108862014 36.858602419364615344
33922.042352141696028 36.865600939760582833
33922.366364813948167 36.872827135277674415
33922.700918288333924 36.88028841387523471
33923.044390210656275 36.887948593485113236
33923.392762858085916 36.895718070047898607
33923.736413193109911 36.903382228653519803
33924.072667382126383 36.910881436929393828
33924.39985128956323 36.918178357968798764
33924.717307329818141 36.925258326165668166
33925.026544329288299 36.932154991668731725
33925.329620152195275 36.938914249377972965
33925.628714232632774 36.945584705469137532
33925.925922889247886 36.952213112460555067
33926.223163202754222 36.958842225470320386
33926.521337404097721 36.96549216623370171
33926.822142343306041 36.972200778239773911
33927.127148049221432 36.979003076586458576
33927.437845497537637 36.985932313312254394
33927.75569267890387 36.993021004816519337
33928.080338874926383 37.000261329307633673
33928.408572262000234 37.00758165605202521
33928.740995452630159 37.014995424634555832
33929.07823566767911 37.022516623460553831
33929.420955105080793 37.030160021000909865
33929.769862175737217 37.037941416377570647
33930.117440828435065 37.045693185110764034
33930.462814950020402 37.053395787949646945
33930.807083757557848 37.061073739853114262
33931.151297841628548 37.06875047130290568
33931.496048285313009 37.076439164752272859
33931.842319611758285 37.084161777233518364
33932.191196601750562 37.091942501745229777
33932.543825770131662 37.099806908090890545
33932.901446376046806 37.107782634476286887
33933.265427745202032 37.11590021987744592
33933.637253691289516 37.124192756604657006
33934.013111427775584 37.132575211128930448
33934.372815032365907 37.140597392967890755
33934.71769258652057 37.148288921260345319
33935.049275882418442 37.155683958342287099
33935.36914384769625 37.162817717774160542
33935.678849918906053 37.169724844609127956
33935.979902730221511 37.176438984708646274
33936.273779833441949 37.182993090728857055
33936.561961173159943 37.189420168690652702
33936.845972966708359 37.195754256598597465
33937.127434733927657 37.202031473308480258
33937.408103505717008 37.208291004475555042
33937.689348816675192 37.214563393734657382
33937.972785782541905 37.220884661720425868
33938.260602036702039 37.227303597471006924
33938.555110984438215 37.233871795014259476
33938.858622719228151 37.240640774517565603
33939.173152723269595 37.247655485668737185
33939.494521978514967 37.254822727170122221
33939.820477411885804 37.26209225053479912
33940.15280458756024 37.269503877772628186
33940.493428594316356 37.277100542598972766
33940.836253496461723 37.284746292235176668
33941.168288014974678 37.292151392574318436
33941.488050209256471 37.299282793080223541
33941.796235245048592 37.306155997478640529
33942.094663585980015 37.312811606114017593
33942.385521889998927 37.319298386269764478
33942.67095035991224 37.325664069177676652
33942.952855446688773 37.331951172889226598
33943.232846699931542 37.338195593901907898
33943.51223416976427 37.344426549216073852
33943.791849640248984 37.350662589446351092
33944.072298717794183 37.356917220948275826
33944.354270357143832 37.363205808928533713
33944.638259699881019 37.369539396133966136
33944.924591656286793 37.375925228778697829
33945.213434751640307 37.38236706534712539
33945.504807236415218 37.388865312865121382
33945.79857900042407 37.395417069589221626
33946.094473473269318 37.402016167390918611
33946.392073507646273 37.408653302967586285
33946.690834327084303 37.41531632660513651
33946.990070310886949 37.421989947453475622
33947.288710902823368 37.428650289753228719
33947.585986118101573 37.435280181149202861
33947.881042012624675 37.441860576809162353
33948.172895918258291 37.448369561071622513
33948.461675084392482 37.454809971877800479
33948.746681804390391 37.461166248834722126
33949.027347033152182 37.46742570098441405
33949.30337084801431 37.473581639391632336
33949.574555003819114 37.479629642753103269
33949.840793210642005 37.485567340569730277
33950.102050491834234 37.491393952785259103
33950.358368526409322 37.497110408933494341
33950.609844587961561 37.502718878429469385
33950.85662054282875 37.508222525204679698
33951.098873163748067 37.513625291680178009
33951.336805955063028 37.518931716450609315
33951.570642486767611 37.524146785618690103
33951.800621205526113 37.529275817069738252
33952.026991873062798 37.534324381039631646
33952.250012619821064 37.539298234405400478
33952.469949116515636 37.54420330220838764
33952.687074741028482 37.549045681376952643
33952.901671939944208 37.553831671091522537
33953.114034618367441 37.558567826082438046
33953.324471260610153 37.563261026228659034
33953.53330831637868 37.567918552076982053
33953.740893200818391 37.572548151749501244
33953.947596085570694 37.577158080888374059
33954.153809510949941 37.581757094006192688
33954.359944857409573 37.586354365792296051
33954.566255085286684 37.590955537818771859
33954.773121881611587 37.5955691225462445
33954.980955708859256 37.600204274191085574
33955.190134448923345 37.604869420350922837
33955.400976735101722 37.60957166724941203
33955.613710721350799 37.614316103221852927
33955.828440831333864 37.619105057145624471
33956.045117007568479 37.623937412628670529
33956.26351301511022 37.628808124134025093
33956.483221511269221 37.633708107023423395
33956.70367295480537 37.638624659274107387
33956.923945422611723 37.643537219972145635
33957.143177209225541 37.648426571189851586
33957.360705891536782 37.653277939434275368
33957.576002073335985 37.658079518005074249
33957.788706822931999 37.662823301935880238
33957.998641362341004 37.667505304084158979
33958.205793672845175 37.672125256406168603
33958.410290250387334 37.67668598003968583
33958.612361383988173 37.681192610936548704
33958.812306430976605 37.685651825423953198
33959.010463082202477 37.690071154750768301
33959.207182465550432 37.694458429841581903
33959.402810472347483 37.698821364833889902
33959.597674875753 37.703167269790426985
33959.792077443766175 37.707502874801477333
33959.986290120396006 37.71183424481688462
33960.180529256096634 37.716166204927894512
33960.374926480879367 37.720501690773126313
33960.569680776097812 37.724845140074769745
33960.764966383154388 37.729200438799431083
33960.960936359522748 37.733571000465630618
33961.157725970122556 37.737959841778611292
33961.355455639779393 37.742369648477044564
33961.554233343427768 37.746802828639495431
33961.754156423943641 37.751261553226186152
33961.955312902515288 37.755747785303313435
33962.157782388261694 37.760263300329562242
33962.361636710316816 37.764809700252499169
33962.566940394965059 37.769388424150271533
33962.773751100132358 37.774000757921513127
33962.982120104970818 37.77864784520413366
33963.192092936347763 37.783330701347551894
33963.403710203921946 37.788050232036418663
33963.617008707769855 37.792807257993359826
33963.83202287676977 37.79760254705826128
33964.048786598301376 37.802436854994112991
33964.267335505886876 37.807310976506961708
33964.487709802633617 37.812225808214506628
33964.709957713603217 37.817182425641725274
33964.934139679244254 37.822182176743652349
33965.160333422936674 37.827226794922644615
33965.388640047021909 37.832318534983386371
33965.619191332021728 37.837460335921328181
33965.852158432549913 37.842656014861148606
33966.087762182505685 37.847910496884672682
33966.326285244664177 37.853230085993608611
33966.568086371175013 37.858622783150345015
33966.813617084539146 37.864098658300079592
33967.063441138438066 37.869670284390373638
33967.318257150436693 37.875353242130231024
33967.578924751302111 37.881166703177008515
33967.846496768426732 37.887134147898187564
33968.122249695996288 37.89328404492277258
33968.407713202403102 37.899650509221643802
33968.704698485846166 37.906273934499758127
33969.015299408820283 37.913201018497950656
33969.341848542208027 37.920483782679319518
33969.686775249247148 37.928176407189241104
33970.016640625995933 37.935533130894270926
33970.331895925897697 37.942564017738966697
33970.6349875959786 37.94932362887509214
33970.927851813314192 37.955855145311524268
33971.212073020600656 37.962193903606546996
33971.48899058594543 37.968369774616114398
33971.759774415644642 37.97440884982471232
33972.025481696873612 37.980334706832479696
33972.287102250447788 37.986169420821411791
33972.54559729983157 37.991934429189917921
33972.801934933013399 37.997651322430094467
33973.057124709855998 38.003342615948291439
33973.312253569340101 38.009032550875353706
33973.567953095705889 38.014735212929558372
33973.825467066417332 38.020478341085066631
33974.086235000664601 38.026294039787124746
33974.346624758552935 38.032101304324200441
33974.607064474839717 38.037909683043565678
33974.867837179393973 38.043725488133937063
33975.129416591757035 38.049559284583381213
33975.392302303072938 38.055422214373706424
33975.657045002895757 38.061326559093643596
33975.924273584438197 38.067286344445641078
33976.194726144713059 38.073318031617212398
33976.469287689709745 38.079441358189079381
33976.749038486770587 38.085680416499833711
33977.035345553100342 38.09206569404108933
33977.325130809760594 38.098528542879783743
33977.603140635947057 38.104728773709318546
33977.871585242064612 38.110715679085004126
33978.132350943727943 38.116531327995431866
33978.387049066739564 38.122211656551478143
33978.63706356278999 38.127787529920780685
33978.883592379497713 38.133285664971303675
33979.127681738820684 38.138729394754648183
33979.370254074623517 38.144139291575427819
33979.612130867571977 38.149533676260297455
33979.854031435861543 38.154928591187598386
33980.096311914989201 38.160331978962439337
33980.33961772081966 38.16575823377883836
33980.584546899393899 38.171220693379304123
33980.831662633849191 38.176731917986941767
33981.081504462410521 38.182303940491451044
33981.334597983121057 38.187948482885481383
33981.591464243334485 38.193677165671651608
33981.852628021842975 38.199501692571587341
33982.11862416294025 38.205433991790030746
33982.390002973785158 38.211486336387224583
33982.667334035875683 38.217671429283960549
33982.951208005732042 38.224002443420346253
33983.242235738136515 38.230493002201960451
33983.54104374149756 38.237157078144853983
33983.848264558240771 38.244008778336819887
33984.164520178230305 38.2510619745205247
33984.49039612281922 38.258329725110385766
33984.82640357434866 38.265823430597514232
33985.158993519231444 38.273240918166813174
33985.478848709171871 38.280374392680521112
33985.787884622375714 38.287266573517328538
33986.087742659306969 38.293954067519244688
33986.379860441644269 38.300468936812777088
33986.665528663645091 38.306839966719763879
33986.945947520624031 38.313093924236596877
33987.222252859988657 38.319256141259657511
33987.495569019360119 38.325351692991866059
33987.767053508250683 38.331406394442105068
33988.037947514501866 38.337447926830115819
33988.309243748808512 38.343498429788830606
33988.582131552953797 38.349584428256896729
33988.85835843103996 38.35574489542076293
33989.14004213734006 38.362027061860473509
33989.429826937761391 38.36848990052401831
33989.725913691931055 38.375093286622316668
33990.021985569808749 38.381696340946660939
33990.31827672739746 38.388304285691020823
33990.615222079861269 38.394926820420437252
33990.913256928266492 38.401573653306648737
33991.21279922836402 38.408254105682402724
33991.514269755076384 38.414977561754383828
33991.818108116051008 38.42175382574035325
33992.12476664238784 38.428592985619118849
33992.433189022383885 38.435471483315417629
33992.734522807906615 38.442191889758014156
33993.030095854897809 38.448783819055890376
33993.321114147765911 38.455274167315081968
33993.608645230277034 38.461686743110391262
33993.893620386879775 38.468042316134116732
33994.176845279056579 38.474358854409970832
33994.45901305526786 38.480651816673919541
33994.740716886764858 38.486934431949805457
33995.022450779026258 38.493217717646906806
33995.304436757069197 38.49950662541163382
33995.587060451245634 38.505809755649238468
33995.870634524879279 38.512134081439917566
33996.155402259413677 38.518485028495106803
33996.441539479841595 38.524866518098939139
33996.729155166445707 38.531280980751702714
33997.018291392094397 38.537729354770689838
33997.308923234617396 38.544211084336836848
33997.600959135816083 38.550724127500828331
33997.894242413924076 38.557264989914528996
33998.188554644213582 38.56382880022582782
33998.483621449537168 38.570409439220625814
33998.779121007290087 38.576999729546862739
33999.074581363020116 38.58358914558176167
33999.369542908818403 38.590167437057580457
33999.663619504019152 38.596725992187913334
33999.956440690257296 38.603256548936130343
34000.247665270399011 38.609751497855356206
34000.536992465502408 38.616204130913395431
34000.82416999709676 38.622608821745373575
34001.108998930416419 38.628961133668212824
34001.391335382621037 38.635257857777951074
34001.671089510404272 38.641496990371074105
34001.948222333332524 38.647677662098303131
34002.22274098314665 38.653800032013172938
34002.494692912339815 38.659865158410646302
34002.764159481484967 38.665874855810429267
34003.031249206323992 38.671831544352386345
34003.296090809701127 38.677738094839249072
34003.558826110434893 38.683597670142653158
34003.819602706935257 38.689413562031873539
34004.078566390344349 38.695189021970286092
34004.335853260403383 38.700927085281399798
34004.335853260403383 38.700927085281399798
34004.335853260403383 38.700927085281399798
34004.335853260403383 38.700927085281399798
34004.335853260403383 38.700927085281399798
34004.335853260403383 38.700927085281399798
34004.335853260403383 38.700927085281399798
34004.335853260403383 38.700927085281399798
