# Fix print output for fix log_pen
10500.793043494319136 72.325920320823684051
10500.838544284060845 72.318849253011819656
10500.884045073804373 72.31177818519995526
10500.929545863546082 72.304707117388090865
10500.97504665328961 72.297636049576226469
10501.020547443031319 72.290564981764362074
10501.066048232774847 72.283493913952497678
10501.111549022516556 72.276422846140633283
10501.157049812258265 72.269351778328768887
10501.202550602001793 72.262280710516904492
10501.248051391743502 72.255209642705040096
10501.29355218148703 72.248138574893175701
10501.339052971228739 72.241067507081311305
10501.384553760972267 72.23399643926944691
10501.430054550713976 72.226925371457582514
10501.475555340455685 72.219854303645718119
10501.521056130199213 72.212783235833853723
10501.566556919940922 72.205712168021989328
10501.61205770968445 72.198641100210124932
10501.657558499426159 72.191570032398260537
10501.703059289169687 72.184498964586396141
10501.748560078911396 72.177427896774531746
10501.794060868654924 72.17035682896266735
10501.839561658396633 72.163285761150802955
10501.885062448138342 72.156214693338938559
10501.93056323788187 72.149143625527074164
10501.976064027623579 72.142072557715209769
10502.021564817367107 72.135001489903345373
10502.067065607108816 72.127930422091480978
10502.112566396852344 72.120859354279616582
10502.158067186594053 72.113788286467752187
10502.203567976335762 72.106717218655887791
10502.24906876607929 72.099646150844023396
10502.294569555820999 72.092575083032159
10502.340070345564527 72.085504015220294605
10502.385571135306236 72.078432947408430209
10502.431071925049764 72.071361879596565814
10502.476572714791473 72.064290811784701418
10502.522073504533182 72.057219743972837023
10502.56757429427671 72.050148676160972627
10502.613075084018419 72.043077608349108232
10502.658575873761947 72.036006540537243836
10502.704076663503656 72.028935472725379441
10502.749577453247184 72.021864404913515045
10502.795078242988893 72.01479333710165065
10502.840579032730602 72.007722269289786254
10502.88607982247413 72.000651201477921859
10502.931580612215839 71.993580133666057463
10502.977081401959367 71.986509065854193068
10503.022582191701076 71.979437998042328672
10503.068082981444604 71.972366930230464277
10503.113583771186313 71.965295862418599881
10503.159084560929841 71.958224794606735486
10503.20458535067155 71.951153726794871091
10503.250086140413259 71.944082658983006695
10503.295586930156787 71.9370115911711423
10503.341087719898496 71.929940523359277904
10503.386588509642024 71.922869455547413509
10503.432089299383733 71.915798387735549113
10503.477590089127261 71.908727319923684718
10503.52309087886897 71.901656252111820322
10503.568591668610679 71.894585184299955927
10503.614092458354207 71.887514116488091531
10503.659593248095916 71.880443048676227136
10503.705094037839444 71.87337198086436274
10503.750594827581153 71.866300913052498345
10503.796095617324681 71.859229845240633949
10503.84159640706639 71.852158777428769554
10503.887097196808099 71.845087709616905158
10503.932597986551627 71.838016641805040763
10503.978098776293336 71.830945573993176367
10504.023599566036864 71.823874506181311972
10504.069100355778573 71.816803438369447576
10504.114601145522101 71.809732370557583181
10504.16010193526381 71.802661302745718785
10504.205602725005519 71.79559023493385439
10504.251103514749047 71.788519167121989994
10504.296604304490756 71.781448099310125599
10504.342105094234284 71.774377031498261204
10504.387605883975993 71.767305963686396808
10504.433106673719521 71.760234895874532413
10504.478607463461231 71.753163828062668017
10504.52410825320294 71.746092760250803622
10504.569609042946468 71.739021692438939226
10504.615109832688177 71.731950624627074831
10504.660610622431705 71.724879556815210435
10504.706111412173414 71.71780848900334604
10504.751612201916942 71.710737421191481644
10504.797112991658651 71.703666353379617249
10504.842613781402179 71.696595285567752853
10504.888114571143888 71.689524217755888458
10504.933615360885597 71.682453149944024062
10504.979116150629125 71.675382082132159667
10505.024616940370834 71.668311014320295271
10505.070117730114362 71.661239946508430876
10505.115618519856071 71.65416887869656648
10505.161119309599599 71.647097810884702085
10505.206620099341308 71.640026743072837689
10505.252120889083017 71.632955675260973294
10505.297621678826545 71.625884607449108898
10505.343122468568254 71.618813539637244503
10505.388623258311782 71.611742471825380107
10505.434124048053491 71.604671404013515712
10505.479624837797019 71.597600336201651317
10505.525125627538728 71.590529268389786921
10505.570626417280437 71.583458200577922526
10505.616127207023965 71.57638713276605813
10505.661627996765674 71.569316064954193735
10505.707128786509202 71.562244997142329339
10505.752629576250911 71.555173929330464944
10505.798130365994439 71.548102861518600548
10505.843631155736148 71.541031793706736153
10505.889131945477857 71.533960725894871757
10505.934632735221385 71.526889658083007362
10505.980133524963094 71.519818590271142966
10506.025634314706622 71.512747522459278571
10506.071135104448331 71.505676454647414175
10506.116635894191859 71.49860538683554978
10506.162136683933568 71.491534319023685384
10506.207637473677096 71.484463251211820989
10506.253138263418805 71.477392183399956593
10506.298639053160514 71.470321115588092198
10506.344139842904042 71.463250047776227802
10506.389640632645751 71.456178979964363407
10506.435141422389279 71.449107912152499011
10506.480642212130988 71.442036844340634616
10506.526143001874516 71.43496577652877022
10506.571643791616225 71.427894708716905825
10506.617144581357934 71.42082364090504143
10506.662645371101462 71.413752573093177034
10506.708146160843171 71.406681505281312639
10506.753646950586699 71.399610437469448243
10506.799147740328408 71.392539369657583848
10506.844648530071936 71.385468301845719452
10506.890149319813645 71.378397234033855057
10506.935650109555354 71.371326166221990661
10506.981150899298882 71.364255098410126266
10507.026651689040591 71.35718403059826187
10507.072152478784119 71.350112962786397475
10507.117653268525828 71.343041894974533079
10507.163154058269356 71.335970827162668684
10507.208654848011065 71.328899759350804288
10507.254155637752774 71.321828691538939893
10507.299656427496302 71.314757623727075497
10507.345157217238011 71.307686555915211102
10507.390658006981539 71.300615488103346706
10507.436158796723248 71.293544420291482311
10507.481659586466776 71.286473352479617915
10507.527160376208485 71.27940228466775352
10507.572661165950194 71.272331216855889124
10507.618161955693722 71.265260149044024729
10507.663662745435431 71.258189081232160333
10507.709163535178959 71.251118013420295938
10507.754664324920668 71.244046945608431542
10507.800165114664196 71.236975877796567147
10507.845665904405905 71.229904809984702752
10507.891166694149433 71.222833742172838356
10507.936667483891142 71.215762674360973961
10507.982168273632851 71.208691606549109565
10508.027669063376379 71.20162053873724517
10508.073169853118088 71.194549470925380774
10508.118670642861616 71.187478403113516379
10508.164171432603325 71.180407335301651983
10508.209672222346853 71.173336267489787588
10508.255173012088562 71.166265199677923192
10508.300673801830271 71.159194131866058797
10508.346174591573799 71.152123064054194401
10508.391675381315508 71.145051996242330006
10508.437176171059036 71.13798092843046561
10508.482676960800745 71.130909860618601215
10508.528177750544273 71.123838792806736819
10508.573678540285982 71.116767724994872424
10508.619179330027691 71.109696657183008028
10508.664680119771219 71.102625589371143633
10508.710180909512928 71.095554521559279237
10508.755681699256456 71.088483453747414842
10508.801182488998165 71.081412385935550446
10508.846683278741693 71.074341318123686051
10508.892184068483402 71.067270250311821655
10508.937684858225111 71.06019918249995726
10508.983185647968639 71.053128114688092865
10509.028686437710348 71.046057046876228469
10509.074187227453876 71.038985979064364074
10509.119688017195585 71.031914911252499678
10509.165188806939113 71.024843843440635283
10509.210689596680822 71.017772775628770887
10509.25619038642435 71.010701707816906492
10509.301691176166059 71.003630640005042096
10509.347191965907768 70.996559572193177701
10509.392692755651296 70.989488504381313305
10509.438193545393005 70.98241743656944891
10509.483694335136533 70.975346368757584514
10509.529195124878242 70.968275300945720119
10509.57469591462177 70.961204233133855723
10509.62019670436348 70.954133165321991328
10509.665697494105189 70.947062097510126932
10509.711198283848717 70.939991029698262537
10509.756699073590426 70.932919961886398141
10509.802199863333954 70.925848894074533746
10509.847700653075663 70.91877782626266935
10509.893201442819191 70.911706758450804955
10509.9387022325609 70.904635690638940559
10509.984203022302609 70.897564622827076164
10510.029703812046137 70.890493555015211768
10510.075204601787846 70.883422487203347373
10510.120705391531374 70.876351419391482978
10510.166206181273083 70.869280351579618582
10510.211706971016611 70.862209283767754187
10510.25720776075832 70.855138215955889791
10510.302708550500029 70.848067148144025396
10510.348209340243557 70.840996080332161
10510.393710129985266 70.833925012520296605
10510.439210919728794 70.826853944708432209
10510.484711709470503 70.819782876896567814
10510.530212499214031 70.812711809084703418
10510.57571328895574 70.805640741272839023
10510.621214078699268 70.798569673460974627
10510.666714868440977 70.791498605649110232
10510.712215658182686 70.784427537837245836
10510.757716447926214 70.777356470025381441
10510.803217237667923 70.770285402213517045
10510.848718027411451 70.76321433440165265
10510.89421881715316 70.756143266589788254
10510.939719606896688 70.749072198777923859
10510.985220396638397 70.742001130966059463
10511.030721186380106 70.734930063154195068
10511.076221976123634 70.727858995342330672
10511.121722765865343 70.720787927530466277
10511.167223555608871 70.713716859718601881
10511.21272434535058 70.706645791906737486
10511.258225135094108 70.699574724094873091
10511.303725924835817 70.692503656283008695
10511.349226714577526 70.6854325884711443
10511.394727504321054 70.678361520659279904
10511.440228294062763 70.671290452847415509
10511.485729083806291 70.664219385035551113
10511.531229873548 70.657148317223686718
10511.576730663291528 70.650077249411822322
10511.622231453033237 70.643006181599957927
10511.667732242774946 70.635935113788093531
10511.713233032518474 70.628864045976229136
10511.758733822260183 70.62179297816436474
10511.804234612003711 70.614721910352500345
10511.84973540174542 70.607650842540635949
10511.895236191488948 70.600579774728771554
10511.940736981230657 70.593508706916907158
10511.986237770972366 70.586437639105042763
10512.031738560715894 70.579366571293178367
10512.077239350457603 70.572295503481313972
10512.122740140201131 70.565224435669449576
10512.16824092994284 70.558153367857585181
10512.213741719686368 70.551082300045720785
10512.259242509428077 70.54401123223385639
10512.304743299171605 70.536940164421991994
10512.350244088913314 70.529869096610127599
10512.395744878655023 70.522798028798263203
10512.441245668398551 70.515726960986398808
10512.48674645814026 70.508655893174534413
10512.532247247883788 70.501584825362670017
10512.577748037625497 70.494513757550805622
10512.623248827369025 70.487442689738941226
10512.668749617110734 70.480371621927076831
10512.714250406852443 70.473300554115212435
10512.759751196595971 70.46622948630334804
10512.80525198633768 70.459158418491483644
10512.850752776081208 70.452087350679619249
10512.896253565822917 70.445016282867754853
10512.941754355566445 70.437945215055890458
10512.987255145308154 70.430874147244026062
10513.032755935049863 70.423803079432161667
10513.078256724793391 70.416732011620297271
10513.1237575145351 70.409660943808432876
10513.169258304278628 70.40258987599656848
10513.214759094020337 70.395518808184704085
10513.260259883763865 70.388447740372839689
10513.305760673505574 70.381376672560975294
10513.351261463247283 70.374305604749110898
10513.396762252990811 70.367234536937246503
10513.44226304273252 70.360163469125382107
10513.487763832476048 70.353092401313517712
10513.533264622217757 70.346021333501653316
10513.578765411961285 70.338950265689788921
10513.624266201702994 70.331879197877924526
10513.669766991446522 70.32480813006606013
10513.715267781188231 70.317737062254195735
10513.76076857092994 70.310665994442331339
10513.806269360673468 70.303594926630466944
10513.851770150415177 70.296523858818602548
10513.897270940158705 70.289452791006738153
10513.942771729900414 70.282381723194873757
10513.988272519643942 70.275310655383009362
10514.033773309385651 70.268239587571144966
10514.07927409912736 70.261168519759280571
10514.124774888870888 70.254097451947416175
10514.170275678612597 70.24702638413555178
10514.215776468356125 70.239955316323687384
10514.261277258097834 70.232884248511822989
10514.306778047841362 70.225813180699958593
10514.352278837583071 70.218742112888094198
10514.39777962732478 70.211671045076229802
10514.443280417068308 70.204599977264365407
10514.488781206810017 70.197528909452501011
10514.534281996553545 70.190457841640636616
10514.579782786295254 70.18338677382877222
10514.625283576038782 70.176315706016907825
10514.670784365780491 70.169244638205043429
10514.716285155522201 70.162173570393179034
10514.761785945265729 70.155102502581314639
10514.807286735007438 70.148031434769450243
10514.852787524750966 70.140960366957585848
10514.898288314492675 70.133889299145721452
10514.943789104236203 70.126818231333857057
10514.989289893977912 70.119747163521992661
10515.034790683719621 70.112676095710128266
10515.080291473463149 70.10560502789826387
10515.125792263204858 70.098533960086399475
10515.171293052948386 70.091462892274535079
10515.216793842690095 70.084391824462670684
10515.262294632433623 70.077320756650806288
10515.307795422175332 70.070249688838941893
10515.35329621191886 70.063178621027077497
10515.398797001660569 70.056107553215213102
10515.444297791402278 70.049036485403348706
10515.489798581145806 70.041965417591484311
10515.535299370887515 70.034894349779619915
10515.580800160631043 70.02782328196775552
10515.626300950372752 70.020752214155891124
10515.67180174011628 70.013681146344026729
10515.717302529857989 70.006610078532162333
10515.762803319599698 69.999539010720297938
10515.808304109343226 69.992467942908433542
10515.853804899084935 69.985396875096569147
10515.899305688828463 69.978325807284704752
10515.944806478570172 69.971254739472840356
10515.9903072683137 69.964183671660975961
10516.035808058055409 69.957112603849111565
10516.081308847797118 69.95004153603724717
10516.126809637540646 69.942970468225382774
10516.172310427282355 69.935899400413518379
10516.217811217025883 69.928828332601653983
10516.263312006767592 69.921757264789789588
10516.30881279651112 69.914686196977925192
10516.354313586252829 69.907615129166060797
10516.399814375994538 69.900544061354196401
10516.445315165738066 69.893472993542332006
10516.490815955479775 69.88640192573046761
10516.536316745223303 69.879330857918603215
10516.581817534965012 69.872259790106738819
10516.62731832470854 69.865188722294874424
10516.672819114450249 69.858117654483010028
10516.718319904193777 69.851046586671145633
10516.763820693935486 69.843975518859281237
10516.809321483677195 69.836904451047416842
10516.854822273420723 69.829833383235552446
10516.900323063162432 69.822762315423688051
10516.94582385290596 69.815691247611823655
10516.991324642647669 69.80862017979995926
10517.036825432391197 69.801549111988094865
10517.082326222132906 69.794478044176230469
10517.127827011874615 69.787406976364366074
10517.173327801618143 69.780335908552501678
10517.218828591359852 69.773264840740637283
10517.26432938110338 69.766193772928772887
10517.309830170845089 69.759122705116908492
10517.355330960588617 69.752051637305044096
10517.400831750330326 69.744980569493179701
10517.446332540072035 69.737909501681315305
10517.491833329815563 69.73083843386945091
10517.537334119557272 69.723767366057586514
10517.5828349093008 69.716696298245722119
10517.628335699042509 69.709625230433857723
10517.673836488786037 69.702554162621993328
10517.719337278527746 69.695483094810128932
10517.764838068269455 69.688412026998264537
10517.810338858012983 69.681340959186400141
10517.855839647754692 69.674269891374535746
10517.90134043749822 69.66719882356267135
10517.946841227239929 69.660127755750806955
10517.992342016983457 69.653056687938942559
10518.037842806725166 69.645985620127078164
10518.083343596466875 69.638914552315213768
10518.128844386210403 69.631843484503349373
10518.174345175952112 69.624772416691484977
10518.21984596569564 69.617701348879620582
10518.265346755437349 69.610630281067756187
10518.310847545180877 69.603559213255891791
10518.356348334922586 69.596488145444027396
10518.401849124666114 69.589417077632163
10518.447349914407823 69.582346009820298605
10518.492850704149532 69.575274942008434209
10518.53835149389306 69.568203874196569814
10518.583852283634769 69.561132806384705418
10518.629353073378297 69.554061738572841023
10518.674853863120006 69.546990670760976627
10518.720354652863534 69.539919602949112232
10518.765855442605243 69.532848535137247836
10518.811356232346952 69.525777467325383441
10518.85685702209048 69.518706399513519045
10518.902357811832189 69.51163533170165465
10518.947858601575717 69.504564263889790254
10518.993359391317426 69.497493196077925859
10519.038860181060954 69.490422128266061463
10519.084360970802663 69.483351060454197068
10519.129861760544372 69.476279992642332672
10519.1753625502879 69.469208924830468277
10519.220863340029609 69.462137857018603881
10519.266364129773137 69.455066789206739486
10519.311864919514846 69.44799572139487509
10519.357365709258374 69.440924653583010695
10519.402866499000083 69.4338535857711463
10519.448367288741792 69.426782517959281904
10519.49386807848532 69.419711450147417509
10519.539368868227029 69.412640382335553113
10519.584869657970557 69.405569314523688718
10519.630370447712266 69.398498246711824322
10519.675871237455794 69.391427178899959927
10519.721372027197503 69.384356111088095531
10519.766872816941031 69.377285043276231136
10519.812373606682741 69.37021397546436674
10519.85787439642445 69.363142907652502345
10519.903375186167978 69.356071839840637949
10519.948875975909687 69.349000772028773554
10519.994376765653215 69.341929704216909158
10520.039877555394924 69.334858636405044763
10520.085378345138452 69.327787568593180367
10520.130879134880161 69.320716500781315972
10520.17637992462187 69.313645432969451576
10520.221880714365398 69.306574365157587181
10520.267381504107107 69.299503297345722785
10520.312882293850635 69.29243222953385839
10520.358383083592344 69.285361161721993994
10520.403883873335872 69.278290093910129599
10520.449384663077581 69.271219026098265203
10520.49488545281929 69.264147958286400808
10520.540386242562818 69.257076890474536413
10520.585887032304527 69.250005822662672017
10520.631387822048055 69.242934754850807622
10520.676888611789764 69.235863687038943226
10520.722389401533292 69.228792619227078831
10520.767890191275001 69.221721551415214435
10520.81339098101671 69.21465048360335004
10520.858891770760238 69.207579415791485644
10520.904392560501947 69.200508347979621249
10520.949893350245475 69.193437280167756853
10520.995394139987184 69.186366212355892458
10521.040894929730712 69.179295144544028062
10521.086395719472421 69.172224076732163667
10521.13189650921413 69.165153008920299271
10521.177397298957658 69.158081941108434876
10521.222898088699367 69.15101087329657048
10521.268398878442895 69.143939805484706085
10521.313899668184604 69.136868737672841689
10521.359400457928132 69.129797669860977294
10521.404901247669841 69.122726602049112898
10521.450402037413369 69.115655534237248503
10521.495902827155078 69.108584466425384107
10521.541403616896787 69.101513398613519712
10521.586904406640315 69.094442330801655316
10521.632405196382024 69.087371262989790921
10521.677905986125552 69.080300195177926526
10521.723406775867261 69.07322912736606213
10521.768907565610789 69.066158059554197735
10521.814408355352498 69.059086991742333339
10521.859909145094207 69.052015923930468944
10521.905409934837735 69.044944856118604548
10521.950910724579444 69.037873788306740153
10521.996411514322972 69.030802720494875757
10522.041912304064681 69.023731652683011362
10522.087413093808209 69.016660584871146966
10522.132913883549918 69.009589517059282571
10522.178414673291627 69.002518449247418175
10522.223915463035155 68.99544738143555378
10522.269416252776864 68.988376313623689384
10522.314917042520392 68.981305245811824989
10522.360417832262101 68.974234177999960593
10522.405918622005629 68.967163110188096198
10522.451419411747338 68.960092042376231802
10522.496920201489047 68.953020974564367407
10522.542420991232575 68.945949906752503011
10522.587921780974284 68.938878838940638616
10522.633422570717812 68.93180777112877422
10522.678923360459521 68.924736703316909825
10522.724424150203049 68.917665635505045429
10522.769924939944758 68.910594567693181034
10522.815425729688286 68.903523499881316638
10522.860926519429995 68.896452432069452243
10522.906427309171704 68.889381364257587848
10522.951928098915232 68.882310296445723452
10522.997428888656941 68.875239228633859057
10523.042929678400469 68.868168160821994661
10523.088430468142178 68.861097093010130266
10523.133931257885706 68.85402602519826587
10523.179432047627415 68.846954957386401475
10523.224932837369124 68.839883889574537079
10523.270433627112652 68.832812821762672684
10523.315934416854361 68.825741753950808288
10523.361435206597889 68.818670686138943893
10523.406935996339598 68.811599618327079497
10523.452436786083126 68.804528550515215102
10523.497937575824835 68.797457482703350706
10523.543438365566544 68.790386414891486311
10523.588939155310072 68.783315347079621915
10523.634439945051781 68.77624427926775752
10523.679940734795309 68.769173211455893124
10523.725441524537018 68.762102143644028729
10523.770942314280546 68.755031075832164333
10523.816443104022255 68.747960008020299938
10523.861943893763964 68.740888940208435542
10523.907444683507492 68.733817872396571147
10523.952945473249201 68.726746804584706751
10523.998446262992729 68.719675736772842356
10524.043947052734438 68.712604668960977961
10524.089447842477966 68.705533601149113565
10524.134948632219675 68.69846253333724917
10524.180449421963203 68.691391465525384774
10524.225950211704912 68.684320397713520379
10524.271451001446621 68.677249329901655983
10524.316951791190149 68.670178262089791588
10524.362452580931858 68.663107194277927192
10524.407953370675386 68.656036126466062797
10524.453454160417095 68.648965058654198401
10524.498954950160623 68.641893990842334006
10524.544455739902332 68.63482292303046961
10524.589956529644041 68.627751855218605215
10524.635457319387569 68.620680787406740819
10524.680958109129278 68.613609719594876424
10524.726458898872806 68.606538651783012028
10524.771959688614515 68.599467583971147633
10524.817460478358043 68.592396516159283237
10524.862961268099752 68.585325448347418842
10524.908462057841462 68.578254380535554446
10524.95396284758499 68.571183312723690051
10524.999463637326699 68.564112244911825655
10525.044964427070227 68.55704117709996126
10525.090465216811936 68.549970109288096864
10525.135966006555464 68.542899041476232469
10525.181466796297173 68.535827973664368074
10525.226967586038882 68.528756905852503678
10525.27246837578241 68.521685838040639283
10525.317969165524119 68.514614770228774887
10525.363469955267647 68.507543702416910492
10525.408970745009356 68.500472634605046096
10525.454471534752884 68.493401566793181701
10525.499972324494593 68.486330498981317305
10525.545473114236302 68.47925943116945291
10525.59097390397983 68.472188363357588514
10525.636474693721539 68.465117295545724119
10525.681975483465067 68.458046227733859723
10525.727476273206776 68.450975159921995328
10525.772977062950304 68.443904092110130932
10525.818477852692013 68.436833024298266537
10525.863978642435541 68.429761956486402141
10525.90947943217725 68.422690888674537746
10525.954980221918959 68.41561982086267335
10526.000481011662487 68.408548753050808955
10526.045981801404196 68.401477685238944559
10526.091482591147724 68.394406617427080164
10526.136983380889433 68.387335549615215768
10526.182484170632961 68.380264481803351373
10526.22798496037467 68.373193413991486977
10526.273485750116379 68.366122346179622582
10526.318986539859907 68.359051278367758187
10526.364487329601616 68.351980210555893791
10526.409988119345144 68.344909142744029396
10526.455488909086853 68.337838074932165
10526.500989698830381 68.330767007120300605
10526.54649048857209 68.323695939308436209
10526.591991278313799 68.316624871496571814
10526.637492068057327 68.309553803684707418
10526.682992857799036 68.302482735872843023
10526.728493647542564 68.295411668060978627
10526.773994437284273 68.288340600249114232
10526.819495227027801 68.281269532437249836
10526.86499601676951 68.274198464625385441
10526.910496806511219 68.267127396813521045
10526.955997596254747 68.26005632900165665
10527.001498385996456 68.252985261189792254
10527.046999175739984 68.245914193377927859
10527.092499965481693 68.238843125566063463
10527.138000755225221 68.231772057754199068
10527.18350154496693 68.224700989942334672
10527.229002334710458 68.217629922130470277
10527.274503124452167 68.210558854318605881
10527.320003914193876 68.203487786506741486
10527.365504703937404 68.19641671869487709
10527.411005493679113 68.189345650883012695
10527.456506283422641 68.182274583071148299
10527.456506283422641 68.182274583071148299
10527.456506283422641 68.182274583071148299
10527.456506283422641 68.182274583071148299
10527.456506283422641 68.182274583071148299
10527.456506283422641 68.182274583071148299
10527.456506283422641 68.182274583071148299
10527.456506283422641 68.182274583071148299
10527.50200707316435 68.175203515259283904
10527.547507862907878 68.168132447447419509
10527.593008652649587 68.161061379635555113
10527.638509442393115 68.153990311823690718
10527.684010232134824 68.146919244011826322
10527.729511021878352 68.139848176199961927
10527.775011811620061 68.132777108388097531
10527.82051260136177 68.125706040576233136
10527.866013391105298 68.11863497276436874
10527.911514180847007 68.111563904952504345
10527.957014970590535 68.104492837140639949
10528.002515760332244 68.097421769328775554
10528.048016550075772 68.090350701516911158
10528.093517339817481 68.083279633705046763
10528.13901812955919 68.076208565893182367
10528.184518919302718 68.069137498081317972
10528.230019709044427 68.062066430269453576
10528.275520498787955 68.054995362457589181
10528.321021288529664 68.047924294645724785
10528.366522078273192 68.04085322683386039
10528.412022868014901 68.033782159021995994
10528.457523657758429 68.026711091210131599
10528.503024447500138 68.019640023398267203
10528.548525237241847 68.012568955586402808
10528.594026026985375 68.005497887774538412
10528.639526816727084 67.998426819962674017
10528.685027606470612 67.991355752150809622
10528.730528396212321 67.984284684338945226
10528.776029185955849 67.977213616527080831
10528.821529975697558 67.970142548715216435
10528.867030765439267 67.96307148090335204
10528.912531555182795 67.956000413091487644
10528.958032344924504 67.948929345279623249
10529.003533134668032 67.941858277467758853
10529.049033924409741 67.934787209655894458
10529.094534714153269 67.927716141844030062
10529.140035503894978 67.920645074032165667
10529.185536293636687 67.913574006220301271
10529.231037083380215 67.906502938408436876
10529.276537873121924 67.89943187059657248
10529.322038662865452 67.892360802784708085
10529.367539452607161 67.885289734972843689
10529.413040242350689 67.878218667160979294
10529.458541032092398 67.871147599349114898
10529.504041821834107 67.864076531537250503
10529.549542611577635 67.857005463725386107
10529.595043401319344 67.849934395913521712
10529.640544191062872 67.842863328101657316
10529.686044980804581 67.835792260289792921
10529.731545770548109 67.828721192477928525
10529.777046560289818 67.82165012466606413
10529.822547350033346 67.814579056854199735
10529.868048139775055 67.807507989042335339
10529.913548929516764 67.800436921230470944
10529.959049719260292 67.793365853418606548
10530.004550509002001 67.786294785606742153
10530.050051298745529 67.779223717794877757
10530.095552088487239 67.772152649983013362
10530.141052878230767 67.765081582171148966
10530.186553667972476 67.758010514359284571
10530.232054457714185 67.750939446547420175
10530.277555247457713 67.74386837873555578
10530.323056037199422 67.736797310923691384
10530.36855682694295 67.729726243111826989
10530.414057616684659 67.722655175299962593
10530.459558406428187 67.715584107488098198
10530.505059196169896 67.708513039676233802
10530.550559985911605 67.701441971864369407
10530.596060775655133 67.694370904052505011
10530.641561565396842 67.687299836240640616
10530.68706235514037 67.68022876842877622
10530.732563144882079 67.673157700616911825
10530.778063934625607 67.666086632805047429
10530.823564724367316 67.659015564993183034
10530.869065514109025 67.651944497181318638
10530.914566303852553 67.644873429369454243
10530.960067093594262 67.637802361557589848
10531.00556788333779 67.630731293745725452
10531.051068673079499 67.623660225933861057
10531.096569462823027 67.616589158121996661
10531.142070252564736 67.609518090310132266
10531.187571042306445 67.60244702249826787
10531.233071832049973 67.595375954686403475
10531.278572621791682 67.588304886874539079
10531.32407341153521 67.581233819062674684
10531.369574201276919 67.574162751250810288
10531.415074991020447 67.567091683438945893
10531.460575780762156 67.560020615627081497
10531.506076570505684 67.552949547815217102
10531.551577360247393 67.545878480003352706
10531.597078149989102 67.538807412191488311
10531.64257893973263 67.531736344379623915
10531.688079729474339 67.52466527656775952
10531.733580519217867 67.517594208755895124
10531.779081308959576 67.510523140944030729
10531.824582098703104 67.503452073132166333
10531.870082888444813 67.496381005320301938
10531.915583678186522 67.489309937508437542
10531.96108446793005 67.482238869696573147
10532.006585257671759 67.475167801884708751
10532.052086047415287 67.468096734072844356
10532.097586837156996 67.46102566626097996
10532.143087626900524 67.453954598449115565
10532.188588416642233 67.44688353063725117
10532.234089206383942 67.439812462825386774
10532.27958999612747 67.432741395013522379
10532.325090785869179 67.425670327201657983
10532.370591575612707 67.418599259389793588
10532.416092365354416 67.411528191577929192
10532.461593155097944 67.404457123766064797
10532.507093944839653 67.397386055954200401
10532.552594734581362 67.390314988142336006
10532.59809552432489 67.38324392033047161
10532.643596314066599 67.376172852518607215
10532.689097103810127 67.369101784706742819
10532.734597893551836 67.362030716894878424
10532.780098683295364 67.354959649083014028
10532.825599473037073 67.347888581271149633
10532.871100262780601 67.340817513459285237
10532.91660105252231 67.333746445647420842
10532.962101842264019 67.326675377835556446
10533.007602632007547 67.319604310023692051
10533.053103421749256 67.312533242211827655
10533.098604211492784 67.30546217439996326
10533.144105001234493 67.298391106588098864
10533.189605790978021 67.291320038776234469
10533.23510658071973 67.284248970964370073
10533.280607370461439 67.277177903152505678
10533.326108160204967 67.270106835340641283
10533.371608949946676 67.263035767528776887
10533.417109739690204 67.255964699716912492
10533.462610529431913 67.248893631905048096
10533.508111319175441 67.241822564093183701
10533.55361210891715 67.234751496281319305
10533.599112898658859 67.22768042846945491
10533.644613688402387 67.220609360657590514
10533.690114478144096 67.213538292845726119
10533.735615267887624 67.206467225033861723
10533.781116057629333 67.199396157221997328
10533.826616847372861 67.192325089410132932
10533.87211763711457 67.185254021598268537
10533.917618426856279 67.178182953786404141
10533.963119216599807 67.171111885974539746
10534.008620006341516 67.16404081816267535
10534.054120796085044 67.156969750350810955
10534.099621585826753 67.149898682538946559
10534.145122375570281 67.142827614727082164
10534.19062316531199 67.135756546915217768
10534.236123955053699 67.128685479103353373
10534.281624744797227 67.121614411291488977
10534.327125534538936 67.114543343479624582
10534.372626324282464 67.107472275667760186
10534.418127114024173 67.100401207855895791
10534.463627903767701 67.093330140044031396
10534.50912869350941 67.086259072232167
10534.554629483252938 67.079188004420302605
10534.600130272994647 67.072116936608438209
10534.645631062736356 67.065045868796573814
10534.691131852479884 67.057974800984709418
10534.736632642221593 67.050903733172845023
10534.782133431965121 67.043832665360980627
10534.82763422170683 67.036761597549116232
10534.873135011450358 67.029690529737251836
10534.918635801192067 67.022619461925387441
10534.964136590933776 67.015548394113523045
10535.009637380677304 67.00847732630165865
10535.055138170419013 67.001406258489794254
10535.100638960162541 66.994335190677929859
10535.14613974990425 66.987264122866065463
10535.191640539647778 66.980193055054201068
10535.237141329389488 66.973121987242336672
10535.282642119131197 66.966050919430472277
10535.328142908874725 66.958979851618607881
10535.373643698616434 66.951908783806743486
10535.419144488359962 66.94483771599487909
10535.464645278101671 66.937766648183014695
10535.510146067845199 66.930695580371150299
10535.555646857586908 66.923624512559285904
10535.601147647328617 66.916553444747421509
10535.646648437072145 66.909482376935557113
10535.692149226813854 66.902411309123692718
10535.737650016557382 66.895340241311828322
10535.783150806299091 66.888269173499963927
10535.828651596042619 66.881198105688099531
10535.874152385784328 66.874127037876235136
10535.919653175527856 66.86705597006437074
10535.965153965269565 66.859984902252506345
10536.010654755011274 66.852913834440641949
10536.056155544754802 66.845842766628777554
10536.101656334496511 66.838771698816913158
10536.147157124240039 66.831700631005048763
10536.192657913981748 66.824629563193184367
10536.238158703725276 66.817558495381319972
10536.283659493466985 66.810487427569455576
10536.329160283208694 66.803416359757591181
10536.374661072952222 66.796345291945726785
10536.420161862693931 66.78927422413386239
10536.465662652437459 66.782203156321997994
10536.511163442179168 66.775132088510133599
10536.556664231922696 66.768061020698269203
10536.602165021664405 66.760989952886404808
10536.647665811406114 66.753918885074540412
10536.693166601149642 66.746847817262676017
10536.738667390891351 66.739776749450811622
10536.784168180634879 66.732705681638947226
10536.829668970376588 66.725634613827082831
10536.875169760120116 66.718563546015218435
10536.920670549861825 66.71149247820335404
10536.966171339603534 66.704421410391489644
10537.011672129347062 66.697350342579625249
10537.057172919088771 66.690279274767760853
10537.102673708832299 66.683208206955896458
10537.148174498574008 66.676137139144032062
10537.193675288317536 66.669066071332167667
10537.239176078059245 66.661995003520303271
10537.284676867802773 66.654923935708438876
10537.330177657544482 66.64785286789657448
10537.375678447286191 66.640781800084710085
10537.421179237029719 66.633710732272845689
10537.466680026771428 66.626639664460981294
10537.512180816514956 66.619568596649116898
10537.557681606256665 66.612497528837252503
10537.603182396000193 66.605426461025388107
10537.648683185741902 66.598355393213523712
10537.694183975483611 66.591284325401659316
10537.739684765227139 66.584213257589794921
10537.785185554968848 66.577142189777930525
10537.830686344712376 66.57007112196606613
10537.876187134454085 66.563000054154201734
10537.921687924197613 66.555928986342337339
10537.967188713939322 66.548857918530472944
10538.012689503681031 66.541786850718608548
10538.058190293424559 66.534715782906744153
10538.103691083166268 66.527644715094879757
10538.149191872909796 66.520573647283015362
10538.194692662651505 66.513502579471150966
10538.240193452395033 66.506431511659286571
10538.285694242136742 66.499360443847422175
10538.331195031878451 66.49228937603555778
10538.376695821621979 66.485218308223693384
10538.422196611363688 66.478147240411828989
10538.467697401107216 66.471076172599964593
10538.513198190848925 66.464005104788100198
10538.558698980592453 66.456934036976235802
10538.604199770334162 66.449862969164371407
10538.649700560075871 66.442791901352507011
10538.695201349819399 66.435720833540642616
10538.740702139561108 66.42864976572877822
10538.786202929304636 66.421578697916913825
10538.831703719046345 66.414507630105049429
10538.877204508789873 66.407436562293185034
10538.922705298531582 66.400365494481320638
10538.96820608827511 66.393294426669456243
10539.013706878016819 66.386223358857591847
10539.059207667758528 66.379152291045727452
10539.104708457502056 66.372081223233863057
10539.150209247243765 66.365010155421998661
10539.195710036987293 66.357939087610134266
10539.241210826729002 66.35086801979826987
10539.28671161647253 66.343796951986405475
10539.332212406214239 66.336725884174541079
10539.377713195955948 66.329654816362676684
10539.423213985699476 66.322583748550812288
10539.468714775441185 66.315512680738947893
10539.514215565184713 66.308441612927083497
10539.559716354926422 66.301370545115219102
10539.60521714466995 66.294299477303354706
10539.650717934411659 66.287228409491490311
10539.696218724153368 66.280157341679625915
10539.741719513896896 66.27308627386776152
10539.787220303638605 66.266015206055897124
10539.832721093382133 66.258944138244032729
10539.878221883123842 66.251873070432168333
10539.92372267286737 66.244802002620303938
10539.969223462609079 66.237730934808439542
10540.014724252350788 66.230659866996575147
10540.060225042094316 66.223588799184710751
10540.105725831836025 66.216517731372846356
10540.151226621579553 66.20944666356098196
10540.196727411321262 66.202375595749117565
10540.24222820106479 66.19530452793725317
10540.287728990806499 66.188233460125388774
10540.333229780550027 66.181162392313524379
10540.378730570291737 66.174091324501659983
10540.424231360033446 66.167020256689795588
10540.469732149776974 66.159949188877931192
10540.515232939518683 66.152878121066066797
10540.560733729262211 66.145807053254202401
10540.60623451900392 66.138735985442338006
10540.651735308747448 66.13166491763047361
10540.697236098489157 66.124593849818609215
10540.742736888230866 66.117522782006744819
10540.788237677974394 66.110451714194880424
10540.833738467716103 66.103380646383016028
10540.879239257459631 66.096309578571151633
10540.92474004720134 66.089238510759287237
10540.970240836944868 66.082167442947422842
10541.015741626686577 66.075096375135558446
10541.061242416428286 66.068025307323694051
10541.106743206171814 66.060954239511829655
10541.152243995913523 66.05388317169996526
10541.197744785657051 66.046812103888100864
10541.24324557539876 66.039741036076236469
10541.288746365142288 66.032669968264372073
10541.334247154883997 66.025598900452507678
10541.379747944625706 66.018527832640643283
10541.425248734369234 66.011456764828778887
10541.470749524110943 66.004385697016914492
10541.516250313854471 65.997314629205050096
10541.56175110359618 65.990243561393185701
10541.607251893339708 65.983172493581321305
10541.652752683081417 65.97610142576945691
10541.698253472823126 65.969030357957592514
10541.743754262566654 65.961959290145728119
10541.789255052308363 65.954888222333863723
10541.834755842051891 65.947817154521999328
10541.8802566317936 65.940746086710134932
10541.925757421537128 65.933675018898270537
10541.971258211278837 65.926603951086406141
10542.016759001022365 65.919532883274541746
10542.062259790764074 65.91246181546267735
10542.107760580505783 65.905390747650812955
10542.153261370249311 65.898319679838948559
10542.19876215999102 65.891248612027084164
10542.244262949734548 65.884177544215219768
10542.289763739476257 65.877106476403355373
10542.335264529219785 65.870035408591490977
10542.380765318961494 65.862964340779626582
10542.426266108703203 65.855893272967762186
10542.471766898446731 65.848822205155897791
10542.51726768818844 65.841751137344033395
10542.562768477931968 65.834680069532169
10542.608269267673677 65.827609001720304605
10542.653770057417205 65.820537933908440209
10542.699270847158914 65.813466866096575814
10542.744771636900623 65.806395798284711418
10542.790272426644151 65.799324730472847023
10542.83577321638586 65.792253662660982627
10542.881274006129388 65.785182594849118232
10542.926774795871097 65.778111527037253836
10542.972275585614625 65.771040459225389441
10543.017776375356334 65.763969391413525045
10543.063277165098043 65.75689832360166065
10543.108777954841571 65.749827255789796254
10543.15427874458328 65.742756187977931859
10543.199779534326808 65.735685120166067463
10543.245280324068517 65.728614052354203068
10543.290781113812045 65.721542984542338672
10543.336281903553754 65.714471916730474277
10543.381782693297282 65.707400848918609881
10543.427283483038991 65.700329781106745486
10543.4727842727807 65.69325871329488109
10543.518285062524228 65.686187645483016695
10543.563785852265937 65.679116577671152299
10543.609286642009465 65.672045509859287904
10543.654787431751174 65.664974442047423508
10543.700288221494702 65.657903374235559113
10543.745789011236411 65.650832306423694718
10543.79128980097812 65.643761238611830322
10543.836790590721648 65.636690170799965927
10543.882291380463357 65.629619102988101531
10543.927792170206885 65.622548035176237136
10543.973292959948594 65.61547696736437274
10544.018793749692122 65.608405899552508345
10544.064294539433831 65.601334831740643949
10544.10979532917554 65.594263763928779554
10544.155296118919068 65.587192696116915158
10544.200796908660777 65.580121628305050763
10544.246297698404305 65.573050560493186367
10544.291798488146014 65.565979492681321972
10544.337299277889542 65.558908424869457576
10544.382800067631251 65.551837357057593181
10544.42830085737296 65.544766289245728785
10544.473801647116488 65.53769522143386439
10544.519302436858197 65.530624153621999994
10544.564803226601725 65.523553085810135599
10544.610304016343434 65.516482017998271203
10544.655804806086962 65.509410950186406808
10544.701305595828671 65.502339882374542412
10544.74680638557038 65.495268814562678017
10544.792307175313908 65.488197746750813621
10544.837807965055617 65.481126678938949226
10544.883308754799145 65.474055611127084831
10544.928809544540854 65.466984543315220435
10544.974310334284382 65.45991347550335604
10545.019811124026091 65.452842407691491644
10545.065311913769619 65.445771339879627249
10545.110812703511328 65.438700272067762853
10545.156313493253037 65.431629204255898458
10545.201814282996565 65.424558136444034062
10545.247315072738274 65.417487068632169667
10545.292815862481802 65.410416000820305271
10545.338316652223511 65.403344933008440876
10545.383817441967039 65.39627386519657648
10545.429318231708748 65.389202797384712085
10545.474819021450458 65.382131729572847689
10545.520319811193986 65.375060661760983294
10545.565820600935695 65.367989593949118898
10545.611321390679223 65.360918526137254503
10545.656822180420932 65.353847458325390107
10545.70232297016446 65.346776390513525712
10545.747823759906169 65.339705322701661316
10545.793324549647878 65.332634254889796921
10545.838825339391406 65.325563187077932525
10545.884326129133115 65.31849211926606813
10545.929826918876643 65.311421051454203734
10545.975327708618352 65.304349983642339339
10546.02082849836188 65.297278915830474944
10546.066329288103589 65.290207848018610548
10546.111830077845298 65.283136780206746153
10546.157330867588826 65.276065712394881757
10546.202831657330535 65.268994644583017362
10546.248332447074063 65.261923576771152966
10546.293833236815772 65.254852508959288571
10546.3393340265593 65.247781441147424175
10546.384834816301009 65.24071037333555978
10546.430335606044537 65.233639305523695384
10546.475836395786246 65.226568237711830989
10546.521337185527955 65.219497169899966593
10546.566837975271483 65.212426102088102198
10546.612338765013192 65.205355034276237802
10546.65783955475672 65.198283966464373407
10546.703340344498429 65.191212898652509011
10546.748841134241957 65.184141830840644616
10546.794341923983666 65.17707076302878022
10546.839842713725375 65.169999695216915825
10546.885343503468903 65.162928627405051429
10546.930844293210612 65.155857559593187034
10546.97634508295414 65.148786491781322638
10547.021845872695849 65.141715423969458243
10547.067346662439377 65.134644356157593847
10547.112847452181086 65.127573288345729452
10547.158348241922795 65.120502220533865056
10547.203849031666323 65.113431152722000661
10547.249349821408032 65.106360084910136266
10547.29485061115156 65.09928901709827187
10547.340351400893269 65.092217949286407475
10547.385852190636797 65.085146881474543079
10547.431352980378506 65.078075813662678684
10547.476853770120215 65.071004745850814288
10547.522354559863743 65.063933678038949893
10547.567855349605452 65.056862610227085497
10547.61335613934898 65.049791542415221102
10547.658856929090689 65.042720474603356706
10547.704357718834217 65.035649406791492311
10547.749858508575926 65.028578338979627915
10547.795359298317635 65.02150727116776352
10547.840860088061163 65.014436203355899124
10547.886360877802872 65.007365135544034729
10547.9318616675464 65.000294067732170333
10547.977362457288109 64.993222999920305938
10548.022863247031637 64.986151932108441542
10548.068364036773346 64.979080864296577147
10548.113864826516874 64.972009796484712751
10548.159365616258583 64.964938728672848356
10548.204866406000292 64.95786766086098396
10548.25036719574382 64.950796593049119565
10548.295867985485529 64.943725525237255169
10548.341368775229057 64.936654457425390774
10548.386869564970766 64.929583389613526379
10548.432370354714294 64.922512321801661983
10548.477871144456003 64.915441253989797588
10548.523371934197712 64.908370186177933192
10548.56887272394124 64.901299118366068797
10548.614373513682949 64.894228050554204401
10548.659874303426477 64.887156982742340006
10548.705375093168186 64.88008591493047561
10548.750875882911714 64.873014847118611215
10548.796376672653423 64.865943779306746819
10548.841877462395132 64.858872711494882424
10548.88737825213866 64.851801643683018028
10548.932879041880369 64.844730575871153633
10548.978379831623897 64.837659508059289237
10549.023880621365606 64.830588440247424842
10549.069381411109134 64.823517372435560446
10549.114882200850843 64.816446304623696051
10549.160382990592552 64.809375236811831655
10549.20588378033608 64.80230416899996726
10549.251384570077789 64.795233101188102864
10549.296885359821317 64.788162033376238469
10549.342386149563026 64.781090965564374073
10549.387886939306554 64.774019897752509678
10549.433387729048263 64.766948829940645282
10549.478888518791791 64.759877762128780887
10549.5243893085335 64.752806694316916492
10549.569890098275209 64.745735626505052096
10549.615390888018737 64.738664558693187701
10549.660891677760446 64.731593490881323305
10549.706392467503974 64.72452242306945891
10549.751893257245683 64.717451355257594514
10549.797394046989211 64.710380287445730119
10549.84289483673092 64.703309219633865723
10549.888395626472629 64.696238151822001328
10549.933896416216157 64.689167084010136932
10549.979397205957866 64.682096016198272537
10550.024897995701394 64.675024948386408141
10550.070398785443103 64.667953880574543746
10550.115899575186631 64.66088281276267935
10550.16140036492834 64.653811744950814955
10550.206901154670049 64.646740677138950559
10550.252401944413577 64.639669609327086164
10550.297902734155286 64.632598541515221768
10550.343403523898814 64.625527473703357373
10550.388904313640523 64.618456405891492977
10550.434405103384051 64.611385338079628582
10550.47990589312576 64.604314270267764186
10550.525406682867469 64.597243202455899791
10550.570907472610998 64.590172134644035395
10550.616408262352707 64.583101066832171
10550.661909052096235 64.576029999020306605
10550.707409841837944 64.568958931208442209
10550.752910631581472 64.561887863396577814
10550.798411421323181 64.554816795584713418
10550.843912211066709 64.547745727772849023
10550.889413000808418 64.540674659960984627
10550.934913790550127 64.533603592149120232
10550.980414580293655 64.526532524337255836
10551.025915370035364 64.519461456525391441
10551.071416159778892 64.512390388713527045
10551.116916949520601 64.50531932090166265
10551.162417739264129 64.498248253089798254
10551.207918529005838 64.491177185277933859
10551.253419318747547 64.484106117466069463
10551.298920108491075 64.477035049654205068
10551.344420898232784 64.469963981842340672
10551.389921687976312 64.462892914030476277
10551.435422477718021 64.455821846218611881
10551.480923267461549 64.448750778406747486
10551.526424057203258 64.44167971059488309
10551.571924846944967 64.434608642783018695
10551.617425636688495 64.427537574971154299
10551.662926426430204 64.420466507159289904
10551.708427216173732 64.413395439347425508
10551.753928005915441 64.406324371535561113
10551.799428795658969 64.399253303723696717
10551.844929585400678 64.392182235911832322
10551.890430375142387 64.385111168099967927
10551.935931164885915 64.378040100288103531
10551.981431954627624 64.370969032476239136
10552.026932744371152 64.36389796466437474
10552.072433534112861 64.356826896852510345
10552.117934323856389 64.349755829040645949
10552.163435113598098 64.342684761228781554
10552.208935903339807 64.335613693416917158
10552.254436693083335 64.328542625605052763
10552.299937482825044 64.321471557793188367
10552.345438272568572 64.314400489981323972
10552.390939062310281 64.307329422169459576
10552.436439852053809 64.300258354357595181
10552.481940641795518 64.293187286545730785
10552.527441431539046 64.28611621873386639
10552.572942221280755 64.279045150922001994
10552.618443011022464 64.271974083110137599
10552.663943800765992 64.264903015298273203
10552.709444590507701 64.257831947486408808
10552.754945380251229 64.250760879674544412
10552.800446169992938 64.243689811862680017
10552.845946959736466 64.236618744050815621
10552.891447749478175 64.229547676238951226
10552.936948539219884 64.22247660842708683
10552.982449328963412 64.215405540615222435
10553.027950118705121 64.20833447280335804
10553.073450908448649 64.201263404991493644
10553.118951698190358 64.194192337179629249
10553.164452487933886 64.187121269367764853
10553.209953277675595 64.180050201555900458
10553.255454067417304 64.172979133744036062
10553.300954857160832 64.165908065932171667
10553.346455646902541 64.158836998120307271
10553.391956436646069 64.151765930308442876
10553.437457226387778 64.14469486249657848
10553.482958016131306 64.137623794684714085
10553.528458805873015 64.130552726872849689
10553.573959595614724 64.123481659060985294
10553.619460385358252 64.116410591249120898
10553.664961175099961 64.109339523437256503
10553.710461964843489 64.102268455625392107
10553.755962754585198 64.095197387813527712
10553.801463544328726 64.088126320001663316
10553.846964334070435 64.081055252189798921
10553.892465123813963 64.073984184377934525
10553.937965913555672 64.06691311656607013
10553.983466703297381 64.059842048754205734
10554.028967493040909 64.052770980942341339
10554.074468282782618 64.045699913130476943
10554.119969072526146 64.038628845318612548
10554.165469862267855 64.031557777506748153
10554.210970652011383 64.024486709694883757
10554.256471441753092 64.017415641883019362
10554.301972231494801 64.010344574071154966
10554.347473021238329 64.003273506259290571
10554.392973810980038 63.996202438447426175
10554.438474600723566 63.98913137063556178
10554.483975390465275 63.982060302823697384
10554.529476180208803 63.974989235011832989
10554.574976969950512 63.967918167199968593
10554.620477759692221 63.960847099388104198
10554.665978549435749 63.953776031576239802
10554.711479339177458 63.946704963764375407
10554.756980128920986 63.939633895952511011
10554.802480918662695 63.932562828140646616
10554.847981708406223 63.92549176032878222
10554.893482498147932 63.918420692516917825
10554.938983287889641 63.911349624705053429
10554.984484077633169 63.904278556893189034
10555.029984867374878 63.897207489081324638
10555.075485657118406 63.890136421269460243
10555.120986446860115 63.883065353457595847
10555.166487236603643 63.875994285645731452
10555.211988026345352 63.868923217833867056
10555.257488816087061 63.861852150022002661
10555.302989605830589 63.854781082210138266
10555.348490395572298 63.84771001439827387
10555.393991185315826 63.840638946586409475
10555.439491975057535 63.833567878774545079
10555.484992764801063 63.826496810962680684
10555.530493554542772 63.819425743150816288
10555.5759943442863 63.812354675338951893
10555.621495134028009 63.805283607527087497
10555.666995923769719 63.798212539715223102
10555.712496713513247 63.791141471903358706
10555.757997503254956 63.784070404091494311
10555.803498292998484 63.776999336279629915
10555.848999082740193 63.76992826846776552
10555.894499872483721 63.762857200655901124
10555.94000066222543 63.755786132844036729
10555.985501451967139 63.748715065032172333
10556.031002241710667 63.741643997220307938
10556.076503031452376 63.734572929408443542
10556.122003821195904 63.727501861596579147
10556.167504610937613 63.720430793784714751
10556.213005400681141 63.713359725972850356
10556.25850619042285 63.70628865816098596
10556.304006980164559 63.699217590349121565
10556.349507769908087 63.692146522537257169
10556.395008559649796 63.685075454725392774
10556.440509349393324 63.678004386913528378
10556.486010139135033 63.670933319101663983
10556.531510928878561 63.663862251289799588
10556.57701171862027 63.656791183477935192
10556.622512508361979 63.649720115666070797
10556.668013298105507 63.642649047854206401
10556.713514087847216 63.635577980042342006
10556.759014877590744 63.62850691223047761
10556.804515667332453 63.621435844418613215
10556.850016457075981 63.614364776606748819
10556.89551724681769 63.607293708794884424
10556.941018036561218 63.600222640983020028
10556.986518826302927 63.593151573171155633
10557.032019616044636 63.586080505359291237
10557.077520405788164 63.579009437547426842
10557.123021195529873 63.571938369735562446
10557.168521985273401 63.564867301923698051
10557.21402277501511 63.557796234111833655
10557.259523564758638 63.55072516629996926
10557.305024354500347 63.543654098488104864
10557.350525144242056 63.536583030676240469
10557.396025933985584 63.529511962864376073
10557.441526723727293 63.522440895052511678
10557.487027513470821 63.515369827240647282
10557.53252830321253 63.508298759428782887
10557.578029092956058 63.501227691616918491
10557.623529882697767 63.494156623805054096
10557.669030672439476 63.487085555993189701
10557.714531462183004 63.480014488181325305
10557.760032251924713 63.47294342036946091
10557.805533041668241 63.465872352557596514
10557.85103383140995 63.458801284745732119
10557.896534621153478 63.451730216933867723
10557.942035410895187 63.444659149122003328
10557.987536200636896 63.437588081310138932
10558.033036990380424 63.430517013498274537
10558.078537780122133 63.423445945686410141
10558.124038569865661 63.416374877874545746
10558.16953935960737 63.40930381006268135
10558.215040149350898 63.402232742250816955
10558.260540939092607 63.395161674438952559
10558.306041728834316 63.388090606627088164
10558.351542518577844 63.381019538815223768
10558.397043308319553 63.373948471003359373
10558.442544098063081 63.366877403191494977
10558.48804488780479 63.359806335379630582
10558.533545677548318 63.352735267567766186
10558.579046467290027 63.345664199755901791
10558.624547257033555 63.338593131944037395
10558.670048046775264 63.331522064132173
10558.715548836516973 63.324450996320308604
10558.761049626260501 63.317379928508444209
10558.80655041600221 63.310308860696579814
10558.852051205745738 63.303237792884715418
10558.897551995487447 63.296166725072851023
10558.943052785230975 63.289095657260986627
10558.988553574972684 63.282024589449122232
10559.034054364714393 63.274953521637257836
10559.079555154457921 63.267882453825393441
10559.12505594419963 63.260811386013529045
10559.170556733943158 63.25374031820166465
10559.216057523684867 63.246669250389800254
10559.261558313428395 63.239598182577935859
10559.307059103170104 63.232527114766071463
10559.352559892911813 63.225456046954207068
10559.398060682655341 63.218384979142342672
10559.44356147239705 63.211313911330478277
10559.489062262140578 63.204242843518613881
10559.534563051882287 63.197171775706749486
10559.580063841625815 63.19010070789488509
10559.625564631367524 63.183029640083020695
10559.671065421109233 63.175958572271156299
10559.716566210852761 63.168887504459291904
10559.76206700059447 63.161816436647427508
10559.807567790337998 63.154745368835563113
10559.853068580079707 63.147674301023698717
10559.898569369823235 63.140603233211834322
10559.944070159564944 63.133532165399969927
10559.989570949308472 63.126461097588105531
10560.035071739050181 63.119390029776241136
10560.08057252879189 63.11231896196437674
10560.126073318535418 63.105247894152512345
10560.171574108277127 63.098176826340647949
10560.217074898020655 63.091105758528783554
10560.262575687762364 63.084034690716919158
10560.308076477505892 63.076963622905054763
10560.353577267247601 63.069892555093190367
10560.39907805698931 63.062821487281325972
10560.444578846732838 63.055750419469461576
10560.490079636474547 63.048679351657597181
10560.535580426218075 63.041608283845732785
10560.581081215959784 63.03453721603386839
10560.626582005703312 63.027466148222003994
10560.672082795445021 63.020395080410139599
10560.71758358518673 63.013324012598275203
10560.763084374930258 63.006252944786410808
10560.808585164671968 62.999181876974546412
10560.854085954415496 62.992110809162682017
10560.899586744157205 62.985039741350817621
10560.945087533900733 62.977968673538953226
10560.990588323642442 62.97089760572708883
10561.036089113384151 62.963826537915224435
10561.081589903127679 62.95675547010336004
10561.127090692869388 62.949684402291495644
10561.172591482612916 62.942613334479631249
10561.218092272354625 62.935542266667766853
10561.263593062098153 62.928471198855902458
10561.309093851839862 62.921400131044038062
10561.35459464158339 62.914329063232173667
10561.400095431325099 62.907257995420309271
10561.445596221066808 62.900186927608444876
10561.491097010810336 62.89311585979658048
10561.536597800552045 62.886044791984716085
10561.582098590295573 62.878973724172851689
10561.627599380037282 62.871902656360987294
10561.67310016978081 62.864831588549122898
10561.718600959522519 62.857760520737258503
10561.764101749264228 62.850689452925394107
10561.809602539007756 62.843618385113529712
10561.855103328749465 62.836547317301665316
10561.900604118492993 62.829476249489800921
10561.946104908234702 62.822405181677936525
10561.99160569797823 62.81533411386607213
10562.037106487719939 62.808263046054207734
10562.082607277461648 62.801191978242343339
10562.128108067205176 62.794120910430478943
10562.173608856946885 62.787049842618614548
10562.219109646690413 62.779978774806750152
10562.264610436432122 62.772907706994885757
10562.31011122617565 62.765836639183021362
10562.355612015917359 62.758765571371156966
10562.401112805659068 62.751694503559292571
10562.446613595402596 62.744623435747428175
10562.492114385144305 62.73755236793556378
10562.537615174887833 62.730481300123699384
10562.583115964629542 62.723410232311834989
10562.62861675437307 62.716339164499970593
10562.674117544114779 62.709268096688106198
10562.719618333856488 62.702197028876241802
10562.765119123600016 62.695125961064377407
10562.810619913341725 62.688054893252513011
10562.856120703085253 62.680983825440648616
10562.901621492826962 62.67391275762878422
10562.94712228257049 62.666841689816919825
10562.992623072312199 62.659770622005055429
10563.038123862055727 62.652699554193191034
10563.083624651797436 62.645628486381326638
10563.129125441539145 62.638557418569462243
10563.174626231282673 62.631486350757597847
10563.220127021024382 62.624415282945733452
10563.26562781076791 62.617344215133869056
10563.311128600509619 62.610273147322004661
10563.356629390253147 62.603202079510140265
10563.402130179994856 62.59613101169827587
10563.447630969736565 62.589059943886411475
10563.493131759480093 62.581988876074547079
10563.538632549221802 62.574917808262682684
10563.58413333896533 62.567846740450818288
10563.629634128707039 62.560775672638953893
10563.675134918450567 62.553704604827089497
10563.720635708192276 62.546633537015225102
10563.766136497933985 62.539562469203360706
10563.811637287677513 62.532491401391496311
10563.857138077419222 62.525420333579631915
10563.90263886716275 62.51834926576776752
10563.948139656904459 62.511278197955903124
10563.993640446647987 62.504207130144038729
10564.039141236389696 62.497136062332174333
10564.084642026131405 62.490064994520309938
10564.130142815874933 62.482993926708445542
10564.175643605616642 62.475922858896581147
10564.22114439536017 62.468851791084716751
10564.266645185101879 62.461780723272852356
10564.312145974845407 62.45470965546098796
10564.357646764587116 62.447638587649123565
10564.403147554330644 62.440567519837259169
10564.448648344072353 62.433496452025394774
10564.494149133814062 62.426425384213530378
10564.53964992355759 62.419354316401665983
10564.585150713299299 62.412283248589801588
10564.630651503042827 62.405212180777937192
10564.676152292784536 62.398141112966072797
10564.721653082528064 62.391070045154208401
10564.767153872269773 62.383998977342344006
10564.812654662011482 62.37692790953047961
10564.85815545175501 62.369856841718615215
10564.903656241496719 62.362785773906750819
10564.949157031240247 62.355714706094886424
10564.994657820981956 62.348643638283022028
10565.040158610725484 62.341572570471157633
10565.085659400467193 62.334501502659293237
10565.131160190208902 62.327430434847428842
10565.17666097995243 62.320359367035564446
10565.222161769694139 62.313288299223700051
10565.267662559437667 62.306217231411835655
10565.313163349179376 62.29914616359997126
10565.358664138922904 62.292075095788106864
10565.404164928664613 62.285004027976242469
10565.449665718406322 62.277932960164378073
10565.49516650814985 62.270861892352513678
10565.540667297891559 62.263790824540649282
10565.586168087635087 62.256719756728784887
10565.631668877376796 62.249648688916920491
10565.677169667120324 62.242577621105056096
10565.722670456862033 62.235506553293191701
10565.768171246603742 62.228435485481327305
10565.81367203634727 62.22136441766946291
10565.859172826088979 62.214293349857598514
10565.904673615832507 62.207222282045734119
10565.950174405574217 62.200151214233869723
10565.995675195317745 62.193080146422005328
10566.041175985059454 62.186009078610140932
10566.086676774802982 62.178938010798276537
10566.132177564544691 62.171866942986412141
10566.1776783542864 62.164795875174547746
10566.223179144029928 62.15772480736268335
10566.268679933771637 62.150653739550818955
10566.314180723515165 62.143582671738954559
10566.359681513256874 62.136511603927090164
10566.405182303000402 62.129440536115225768
10566.450683092742111 62.122369468303361373
10566.49618388248382 62.115298400491496977
10566.541684672227348 62.108227332679632582
10566.587185461969057 62.101156264867768186
10566.632686251712585 62.094085197055903791
10566.678187041454294 62.087014129244039395
10566.723687831197822 62.079943061432175
10566.769188620939531 62.072871993620310604
10566.81468941068124 62.065800925808446209
10566.860190200424768 62.058729857996581813
10566.905690990166477 62.051658790184717418
10566.951191779910005 62.044587722372853023
10566.996692569651714 62.037516654560988627
10567.042193359395242 62.030445586749124232
10567.087694149136951 62.023374518937259836
10567.13319493887866 62.016303451125395441
10567.178695728622188 62.009232383313531045
10567.224196518363897 62.00216131550166665
10567.269697308107425 61.995090247689802254
10567.315198097849134 61.988019179877937859
10567.360698887592662 61.980948112066073463
10567.406199677334371 61.973877044254209068
10567.451700467077899 61.966805976442344672
10567.497201256819608 61.959734908630480277
10567.542702046561317 61.952663840818615881
10567.588202836304845 61.945592773006751486
10567.633703626046554 61.93852170519488709
10567.679204415790082 61.931450637383022695
10567.724705205531791 61.924379569571158299
10567.770205995275319 61.917308501759293904
10567.815706785017028 61.910237433947429508
10567.861207574758737 61.903166366135565113
10567.906708364502265 61.896095298323700717
10567.952209154243974 61.889024230511836322
10567.997709943987502 61.881953162699971926
10568.043210733729211 61.874882094888107531
10568.088711523472739 61.867811027076243136
10568.134212313214448 61.86073995926437874
10568.179713102956157 61.853668891452514345
10568.225213892699685 61.846597823640649949
10568.270714682441394 61.839526755828785554
10568.316215472184922 61.832455688016921158
10568.361716261926631 61.825384620205056763
10568.407217051670159 61.818313552393192367
10568.452717841411868 61.811242484581327972
10568.498218631153577 61.804171416769463576
10568.543719420897105 61.797100348957599181
10568.589220210638814 61.790029281145734785
10568.634721000382342 61.78295821333387039
10568.680221790124051 61.775887145522005994
10568.725722579867579 61.768816077710141599
10568.771223369609288 61.761745009898277203
10568.816724159350997 61.754673942086412808
10568.862224949094525 61.747602874274548412
10568.907725738836234 61.740531806462684017
10568.953226528579762 61.733460738650819621
10568.998727318321471 61.726389670838955226
10569.044228108064999 61.71931860302709083
10569.089728897806708 61.712247535215226435
10569.135229687550236 61.705176467403362039
10569.180730477291945 61.698105399591497644
10569.226231267033654 61.691034331779633249
10569.271732056777182 61.683963263967768853
10569.317232846518891 61.676892196155904458
10569.362733636262419 61.669821128344040062
10569.408234426004128 61.662750060532175667
10569.453735215747656 61.655678992720311271
10569.499236005489365 61.648607924908446876
10569.544736795231074 61.64153685709658248
10569.590237584974602 61.634465789284718085
10569.635738374716311 61.627394721472853689
10569.681239164459839 61.620323653660989294
10569.726739954201548 61.613252585849124898
10569.772240743945076 61.606181518037260503
10569.817741533686785 61.599110450225396107
10569.863242323428494 61.592039382413531712
10569.908743113172022 61.584968314601667316
10569.954243902913731 61.577897246789802921
10569.999744692657259 61.570826178977938525
10570.045245482398968 61.56375511116607413
10570.090746272142496 61.556684043354209734
10570.136247061884205 61.549612975542345339
10570.181747851625914 61.542541907730480943
10570.227248641369442 61.535470839918616548
10570.272749431111151 61.528399772106752152
10570.318250220854679 61.521328704294887757
10570.363751010596388 61.514257636483023362
10570.409251800339916 61.507186568671158966
10570.454752590081625 61.500115500859294571
10570.500253379825153 61.493044433047430175
10570.545754169566862 61.48597336523556578
10570.591254959308571 61.478902297423701384
10570.636755749052099 61.471831229611836989
10570.682256538793808 61.464760161799972593
10570.727757328537336 61.457689093988108198
10570.773258118279045 61.450618026176243802
10570.818758908022573 61.443546958364379407
10570.864259697764282 61.436475890552515011
10570.909760487505991 61.429404822740650616
10570.955261277249519 61.42233375492878622
10571.000762066991228 61.415262687116921825
10571.046262856734756 61.408191619305057429
10571.091763646476466 61.401120551493193034
10571.137264436219994 61.394049483681328638
10571.182765225961703 61.386978415869464243
10571.228266015703412 61.379907348057599847
10571.27376680544694 61.372836280245735452
10571.319267595188649 61.365765212433871056
10571.364768384932177 61.358694144622006661
10571.410269174673886 61.351623076810142265
10571.455769964417414 61.34455200899827787
10571.501270754159123 61.337480941186413474
10571.546771543900832 61.330409873374549079
10571.59227233364436 61.323338805562684684
10571.637773123386069 61.316267737750820288
10571.683273913129597 61.309196669938955893
10571.728774702871306 61.302125602127091497
10571.774275492614834 61.295054534315227102
10571.819776282356543 61.287983466503362706
10571.865277072098252 61.280912398691498311
10571.91077786184178 61.273841330879633915
10571.956278651583489 61.26677026306776952
10572.001779441327017 61.259699195255905124
10572.047280231068726 61.252628127444040729
10572.092781020812254 61.245557059632176333
10572.138281810553963 61.238485991820311938
10572.183782600297491 61.231414924008447542
10572.2292833900392 61.224343856196583147
10572.274784179780909 61.217272788384718751
10572.320284969524437 61.210201720572854356
10572.365785759266146 61.20313065276098996
10572.411286549009674 61.196059584949125565
10572.456787338751383 61.188988517137261169
10572.502288128494911 61.181917449325396774
10572.54778891823662 61.174846381513532378
10572.593289707978329 61.167775313701667983
10572.638790497721857 61.160704245889803587
10572.684291287463566 61.153633178077939192
10572.729792077207094 61.146562110266074797
10572.775292866948803 61.139491042454210401
10572.820793656692331 61.132419974642346006
10572.86629444643404 61.12534890683048161
10572.911795236175749 61.118277839018617215
10572.957296025919277 61.111206771206752819
10572.957296025919277 61.111206771206752819
10572.957296025919277 61.111206771206752819
10572.957296025919277 61.111206771206752819
10572.957296025919277 61.111206771206752819
10572.957296025919277 61.111206771206752819
10572.957296025919277 61.111206771206752819
10572.957296025919277 61.111206771206752819
10573.002796815660986 61.104135703394888424
10573.048297605404514 61.097064635583024028
10573.093798395146223 61.089993567771159633
10573.139299184889751 61.082922499959295237
10573.18479997463146 61.075851432147430842
10573.230300764374988 61.068780364335566446
10573.275801554116697 61.061709296523702051
10573.321302343858406 61.054638228711837655
10573.366803133601934 61.04756716089997326
10573.412303923343643 61.040496093088108864
10573.457804713087171 61.033425025276244469
10573.50330550282888 61.026353957464380073
10573.548806292572408 61.019282889652515678
10573.594307082314117 61.012211821840651282
10573.639807872055826 61.005140754028786887
10573.685308661799354 60.998069686216922491
10573.730809451541063 60.990998618405058096
10573.776310241284591 60.9839275505931937
10573.8218110310263 60.976856482781329305
10573.867311820769828 60.96978541496946491
10573.912812610511537 60.962714347157600514
10573.958313400255065 60.955643279345736119
10574.003814189996774 60.948572211533871723
10574.049314979738483 60.941501143722007328
10574.094815769482011 60.934430075910142932
10574.14031655922372 60.927359008098278537
10574.185817348967248 60.920287940286414141
10574.231318138708957 60.913216872474549746
10574.276818928452485 60.90614580466268535
10574.322319718194194 60.899074736850820955
10574.367820507935903 60.892003669038956559
10574.413321297679431 60.884932601227092164
10574.45882208742114 60.877861533415227768
10574.504322877164668 60.870790465603363373
10574.549823666906377 60.863719397791498977
10574.595324456649905 60.856648329979634582
10574.640825246391614 60.849577262167770186
10574.686326036133323 60.842506194355905791
10574.731826825876851 60.835435126544041395
10574.77732761561856 60.828364058732177
10574.822828405362088 60.821292990920312604
10574.868329195103797 60.814221923108448209
10574.913829984847325 60.807150855296583813
10574.959330774589034 60.800079787484719418
10575.004831564330743 60.793008719672855023
10575.050332354074271 60.785937651860990627
10575.09583314381598 60.778866584049126232
10575.141333933559508 60.771795516237261836
10575.186834723301217 60.764724448425397441
10575.232335513044745 60.757653380613533045
10575.277836302786454 60.75058231280166865
10575.323337092529982 60.743511244989804254
10575.368837882271691 60.736440177177939859
10575.4143386720134 60.729369109366075463
10575.459839461756928 60.722298041554211068
10575.505340251498637 60.715226973742346672
10575.550841041242165 60.708155905930482277
10575.596341830983874 60.701084838118617881
10575.641842620727402 60.694013770306753486
10575.687343410469111 60.68694270249488909
10575.73284420021082 60.679871634683024695
10575.778344989954348 60.672800566871160299
10575.823845779696057 60.665729499059295904
10575.869346569439585 60.658658431247431508
10575.914847359181294 60.651587363435567113
10575.960348148924822 60.644516295623702717
10576.005848938666531 60.637445227811838322
10576.05134972840824 60.630374159999973926
10576.096850518151768 60.623303092188109531
10576.142351307893477 60.616232024376245135
10576.187852097637005 60.60916095656438074
10576.233352887378715 60.602089888752516345
10576.278853677122243 60.595018820940651949
10576.324354466863952 60.587947753128787554
10576.369855256605661 60.580876685316923158
10576.415356046349189 60.573805617505058763
10576.460856836090898 60.566734549693194367
10576.506357625834426 60.559663481881329972
10576.551858415576135 60.552592414069465576
10576.597359205319663 60.545521346257601181
10576.642859995061372 60.538450278445736785
10576.688360784803081 60.53137921063387239
10576.733861574546609 60.524308142822007994
10576.779362364288318 60.517237075010143599
10576.824863154031846 60.510166007198279203
10576.870363943773555 60.503094939386414808
10576.915864733517083 60.496023871574550412
10576.961365523258792 60.488952803762686017
10577.00686631300232 60.481881735950821621
10577.052367102744029 60.474810668138957226
10577.097867892485738 60.46773960032709283
10577.143368682229266 60.460668532515228435
10577.188869471970975 60.453597464703364039
10577.234370261714503 60.446526396891499644
10577.279871051456212 60.439455329079635248
10577.32537184119974 60.432384261267770853
10577.370872630941449 60.425313193455906458
10577.416373420683158 60.418242125644042062
10577.461874210426686 60.411171057832177667
10577.507375000168395 60.404099990020313271
10577.552875789911923 60.397028922208448876
10577.598376579653632 60.38995785439658448
10577.64387736939716 60.382886786584720085
10577.689378159138869 60.375815718772855689
10577.734878948880578 60.368744650960991294
10577.780379738624106 60.361673583149126898
10577.825880528365815 60.354602515337262503
10577.871381318109343 60.347531447525398107
10577.916882107851052 60.340460379713533712
10577.96238289759458 60.333389311901669316
10578.007883687336289 60.326318244089804921
10578.053384477077998 60.319247176277940525
10578.098885266821526 60.31217610846607613
10578.144386056563235 60.305105040654211734
10578.189886846306763 60.298033972842347339
10578.235387636048472 60.290962905030482943
10578.280888425792 60.283891837218618548
10578.326389215533709 60.276820769406754152
10578.371890005277237 60.269749701594889757
10578.417390795018946 60.262678633783025361
10578.462891584760655 60.255607565971160966
10578.508392374504183 60.248536498159296571
10578.553893164245892 60.241465430347432175
10578.59939395398942 60.23439436253556778
10578.644894743731129 60.227323294723703384
10578.690395533474657 60.220252226911838989
10578.735896323216366 60.213181159099974593
10578.781397112958075 60.206110091288110198
10578.826897902701603 60.199039023476245802
10578.872398692443312 60.191967955664381407
10578.91789948218684 60.184896887852517011
10578.963400271928549 60.177825820040652616
10579.008901061672077 60.17075475222878822
10579.054401851413786 60.163683684416923825
10579.099902641155495 60.156612616605059429
10579.145403430899023 60.149541548793195034
10579.190904220640732 60.142470480981330638
10579.23640501038426 60.135399413169466243
10579.281905800125969 60.128328345357601847
10579.327406589869497 60.121257277545737452
10579.372907379611206 60.114186209733873056
10579.418408169352915 60.107115141922008661
10579.463908959096443 60.100044074110144265
10579.509409748838152 60.09297300629827987
10579.55491053858168 60.085901938486415474
10579.600411328323389 60.078830870674551079
10579.645912118066917 60.071759802862686684
10579.691412907808626 60.064688735050822288
10579.736913697550335 60.057617667238957893
10579.782414487293863 60.050546599427093497
10579.827915277035572 60.043475531615229102
10579.8734160667791 60.036404463803364706
10579.918916856520809 60.029333395991500311
10579.964417646264337 60.022262328179635915
10580.009918436006046 60.01519126036777152
10580.055419225749574 60.008120192555907124
10580.100920015491283 60.001049124744042729
10580.146420805232992 59.993978056932178333
10580.19192159497652 59.986906989120313938
10580.237422384718229 59.979835921308449542
10580.282923174461757 59.972764853496585147
10580.328423964203466 59.965693785684720751
10580.373924753946994 59.958622717872856356
10580.419425543688703 59.95155165006099196
10580.464926333430412 59.944480582249127565
10580.51042712317394 59.937409514437263169
10580.555927912915649 59.930338446625398774
10580.601428702659177 59.923267378813534378
10580.646929492400886 59.916196311001669983
10580.692430282144414 59.909125243189805587
10580.737931071886123 59.902054175377941192
10580.783431861627832 59.894983107566076797
10580.82893265137136 59.887912039754212401
10580.874433441113069 59.880840971942348006
10580.919934230856597 59.87376990413048361
10580.965435020598306 59.866698836318619215
10581.010935810341834 59.859627768506754819
10581.056436600083543 59.852556700694890424
10581.101937389825252 59.845485632883026028
10581.14743817956878 59.838414565071161633
10581.192938969310489 59.831343497259297237
10581.238439759054017 59.824272429447432842
10581.283940548795726 59.817201361635568446
10581.329441338539255 59.810130293823704051
10581.374942128280964 59.803059226011839655
10581.420442918024492 59.79598815819997526
10581.465943707766201 59.788917090388110864
10581.51144449750791 59.781846022576246469
10581.556945287251438 59.774774954764382073
10581.602446076993147 59.767703886952517678
10581.647946866736675 59.760632819140653282
10581.693447656478384 59.753561751328788887
10581.738948446221912 59.746490683516924491
10581.784449235963621 59.739419615705060096
10581.82995002570533 59.7323485478931957
10581.875450815448858 59.725277480081331305
10581.920951605190567 59.718206412269466909
10581.966452394934095 59.711135344457602514
10582.011953184675804 59.704064276645738119
10582.057453974419332 59.696993208833873723
10582.102954764161041 59.689922141022009328
10582.14845555390275 59.682851073210144932
10582.193956343646278 59.675780005398280537
10582.239457133387987 59.668708937586416141
10582.284957923131515 59.661637869774551746
10582.330458712873224 59.65456680196268735
10582.375959502616752 59.647495734150822955
10582.421460292358461 59.640424666338958559
10582.46696108210017 59.633353598527094164
10582.512461871843698 59.626282530715229768
10582.557962661585407 59.619211462903365373
10582.603463451328935 59.612140395091500977
10582.648964241070644 59.605069327279636582
10582.694465030814172 59.597998259467772186
10582.739965820555881 59.590927191655907791
10582.785466610299409 59.583856123844043395
10582.830967400041118 59.576785056032179
10582.876468189782827 59.569713988220314604
10582.921968979526355 59.562642920408450209
10582.967469769268064 59.555571852596585813
10583.012970559011592 59.548500784784721418
10583.058471348753301 59.541429716972857022
10583.103972138496829 59.534358649160992627
10583.149472928238538 59.527287581349128232
10583.194973717980247 59.520216513537263836
10583.240474507723775 59.513145445725399441
10583.285975297465484 59.506074377913535045
10583.331476087209012 59.49900331010167065
10583.376976876950721 59.491932242289806254
10583.422477666694249 59.484861174477941859
10583.467978456435958 59.477790106666077463
10583.513479246177667 59.470719038854213068
10583.558980035921195 59.463647971042348672
10583.604480825662904 59.456576903230484277
10583.649981615406432 59.449505835418619881
10583.695482405148141 59.442434767606755486
10583.740983194891669 59.43536369979489109
10583.786483984633378 59.428292631983026695
10583.831984774375087 59.421221564171162299
10583.877485564118615 59.414150496359297904
10583.922986353860324 59.407079428547433508
10583.968487143603852 59.400008360735569113
10584.013987933345561 59.392937292923704717
10584.059488723089089 59.385866225111840322
10584.104989512830798 59.378795157299975926
10584.150490302572507 59.371724089488111531
10584.195991092316035 59.364653021676247135
10584.241491882057744 59.35758195386438274
10584.286992671801272 59.350510886052518345
10584.332493461542981 59.343439818240653949
10584.377994251286509 59.336368750428789554
10584.423495041028218 59.329297682616925158
10584.468995830771746 59.322226614805060763
10584.514496620513455 59.315155546993196367
10584.559997410255164 59.308084479181331972
10584.605498199998692 59.301013411369467576
10584.650998989740401 59.293942343557603181
10584.696499779483929 59.286871275745738785
10584.742000569225638 59.27980020793387439
10584.787501358969166 59.272729140122009994
10584.833002148710875 59.265658072310145599
10584.878502938452584 59.258587004498281203
10584.924003728196112 59.251515936686416808
10584.969504517937821 59.244444868874552412
10585.015005307681349 59.237373801062688017
10585.060506097423058 59.230302733250823621
10585.106006887166586 59.223231665438959226
10585.151507676908295 59.21616059762709483
10585.197008466650004 59.209089529815230435
10585.242509256393532 59.202018462003366039
10585.288010046135241 59.194947394191501644
10585.333510835878769 59.187876326379637248
10585.379011625620478 59.180805258567772853
10585.424512415364006 59.173734190755908458
10585.470013205105715 59.166663122944044062
10585.515513994847424 59.159592055132179667
10585.561014784590952 59.152520987320315271
10585.606515574332661 59.145449919508450876
10585.652016364076189 59.13837885169658648
10585.697517153817898 59.131307783884722085
10585.743017943561426 59.124236716072857689
10585.788518733303135 59.117165648260993294
10585.834019523046663 59.110094580449128898
10585.879520312788372 59.103023512637264503
10585.925021102530081 59.095952444825400107
10585.970521892273609 59.088881377013535712
10586.016022682015318 59.081810309201671316
10586.061523471758846 59.074739241389806921
10586.107024261500555 59.067668173577942525
10586.152525051244083 59.06059710576607813
10586.198025840985792 59.053526037954213734
10586.243526630727501 59.046454970142349339
10586.289027420471029 59.039383902330484943
10586.334528210212738 59.032312834518620548
10586.380028999956266 59.025241766706756152
10586.425529789697976 59.018170698894891757
10586.471030579441504 59.011099631083027361
10586.516531369183213 59.004028563271162966
10586.562032158924922 58.99695749545929857
10586.60753294866845 58.989886427647434175
10586.653033738410159 58.98281535983556978
10586.698534528153687 58.975744292023705384
10586.744035317895396 58.968673224211840989
10586.789536107638924 58.961602156399976593
10586.835036897380633 58.954531088588112198
10586.880537687122342 58.947460020776247802
10586.92603847686587 58.940388952964383407
10586.971539266607579 58.933317885152519011
10587.017040056351107 58.926246817340654616
10587.062540846092816 58.91917574952879022
10587.108041635836344 58.912104681716925825
10587.153542425578053 58.905033613905061429
10587.199043215319762 58.897962546093197034
10587.24454400506329 58.890891478281332638
10587.290044794804999 58.883820410469468243
10587.335545584548527 58.876749342657603847
10587.381046374290236 58.869678274845739452
10587.426547164033764 58.862607207033875056
10587.472047953775473 58.855536139222010661
10587.517548743519001 58.848465071410146265
10587.56304953326071 58.84139400359828187
10587.608550323002419 58.834322935786417474
10587.654051112745947 58.827251867974553079
10587.699551902487656 58.820180800162688683
10587.745052692231184 58.813109732350824288
10587.790553481972893 58.806038664538959893
10587.836054271716421 58.798967596727095497
10587.88155506145813 58.791896528915231102
10587.927055851199839 58.784825461103366706
10587.972556640943367 58.777754393291502311
10588.018057430685076 58.770683325479637915
10588.063558220428604 58.76361225766777352
10588.109059010170313 58.756541189855909124
10588.154559799913841 58.749470122044044729
10588.20006058965555 58.742399054232180333
10588.245561379397259 58.735327986420315938
10588.291062169140787 58.728256918608451542
10588.336562958882496 58.721185850796587147
10588.382063748626024 58.714114782984722751
10588.427564538367733 58.707043715172858356
10588.473065328111261 58.69997264736099396
10588.51856611785297 58.692901579549129565
10588.564066907594679 58.685830511737265169
10588.609567697338207 58.678759443925400774
10588.655068487079916 58.671688376113536378
10588.700569276823444 58.664617308301671983
10588.746070066565153 58.657546240489807587
10588.791570856308681 58.650475172677943192
10588.83707164605039 58.643404104866078796
10588.882572435793918 58.636333037054214401
10588.928073225535627 58.629261969242350006
10588.973574015277336 58.62219090143048561
10589.019074805020864 58.615119833618621215
10589.064575594762573 58.608048765806756819
10589.110076384506101 58.600977697994892424
10589.15557717424781 58.593906630183028028
10589.201077963991338 58.586835562371163633
10589.246578753733047 58.579764494559299237
10589.292079543474756 58.572693426747434842
10589.337580333218284 58.565622358935570446
10589.383081122959993 58.558551291123706051
10589.428581912703521 58.551480223311841655
10589.47408270244523 58.54440915549997726
10589.519583492188758 58.537338087688112864
10589.565084281930467 58.530267019876248469
10589.610585071672176 58.523195952064384073
10589.656085861415704 58.516124884252519678
10589.701586651157413 58.509053816440655282
10589.747087440900941 58.501982748628790887
10589.79258823064265 58.494911680816926491
10589.838089020386178 58.487840613005062096
10589.883589810127887 58.4807695451931977
10589.929090599869596 58.473698477381333305
10589.974591389613124 58.466627409569468909
10590.020092179354833 58.459556341757604514
10590.065592969098361 58.452485273945740119
10590.11109375884007 58.445414206133875723
10590.156594548583598 58.438343138322011328
10590.202095338325307 58.431272070510146932
10590.247596128067016 58.424201002698282537
10590.293096917810544 58.417129934886418141
10590.338597707552253 58.410058867074553746
10590.384098497295781 58.40298779926268935
10590.42959928703749 58.395916731450824955
10590.475100076781018 58.388845663638960559
10590.520600866522727 58.381774595827096164
10590.566101656266255 58.374703528015231768
10590.611602446007964 58.367632460203367373
10590.657103235749673 58.360561392391502977
10590.702604025493201 58.353490324579638582
10590.74810481523491 58.346419256767774186
10590.793605604978438 58.339348188955909791
10590.839106394720147 58.332277121144045395
10590.884607184463675 58.325206053332181
10590.930107974205384 58.318134985520316604
10590.975608763947093 58.311063917708452209
10591.021109553690621 58.303992849896587813
10591.06661034343233 58.296921782084723418
10591.112111133175858 58.289850714272859022
10591.157611922917567 58.282779646460994627
10591.203112712661095 58.275708578649130231
10591.248613502402804 58.268637510837265836
10591.294114292144513 58.261566443025401441
10591.339615081888041 58.254495375213537045
10591.38511587162975 58.24742430740167265
10591.430616661373278 58.240353239589808254
10591.476117451114987 58.233282171777943859
10591.521618240858515 58.226211103966079463
10591.567119030600225 58.219140036154215068
10591.612619820341934 58.212068968342350672
10591.658120610085462 58.204997900530486277
10591.703621399827171 58.197926832718621881
10591.749122189570699 58.190855764906757486
10591.794622979312408 58.18378469709489309
10591.840123769055936 58.176713629283028695
10591.885624558797645 58.169642561471164299
10591.931125348541173 58.162571493659299904
10591.976626138282882 58.155500425847435508
10592.022126928024591 58.148429358035571113
10592.067627717768119 58.141358290223706717
10592.113128507509828 58.134287222411842322
10592.158629297253356 58.127216154599977926
10592.204130086995065 58.120145086788113531
10592.249630876738593 58.113074018976249135
10592.295131666480302 58.10600295116438474
10592.340632456222011 58.098931883352520344
10592.386133245965539 58.091860815540655949
10592.431634035707248 58.084789747728791554
10592.477134825450776 58.077718679916927158
10592.522635615192485 58.070647612105062763
10592.568136404936013 58.063576544293198367
10592.613637194677722 58.056505476481333972
10592.659137984419431 58.049434408669469576
10592.704638774162959 58.042363340857605181
10592.750139563904668 58.035292273045740785
10592.795640353648196 58.02822120523387639
10592.841141143389905 58.021150137422011994
10592.886641933133433 58.014079069610147599
10592.932142722875142 58.007008001798283203
10592.977643512616851 57.999936933986418808
10593.023144302360379 57.992865866174554412
10593.068645092102088 57.985794798362690017
10593.114145881845616 57.978723730550825621
10593.159646671587325 57.971652662738961226
10593.205147461330853 57.96458159492709683
10593.250648251072562 57.957510527115232435
10593.29614904081609 57.950439459303368039
10593.341649830557799 57.943368391491503644
10593.387150620299508 57.936297323679639248
10593.432651410043036 57.929226255867774853
10593.478152199784745 57.922155188055910457
10593.523652989528273 57.915084120244046062
10593.569153779269982 57.908013052432181667
10593.61465456901351 57.900941984620317271
10593.660155358755219 57.893870916808452876
10593.705656148496928 57.88679984899658848
10593.751156938240456 57.879728781184724085
10593.796657727982165 57.872657713372859689
10593.842158517725693 57.865586645560995294
10593.887659307467402 57.858515577749130898
10593.93316009721093 57.851444509937266503
10593.978660886952639 57.844373442125402107
10594.024161676694348 57.837302374313537712
10594.069662466437876 57.830231306501673316
10594.115163256179585 57.823160238689808921
10594.160664045923113 57.816089170877944525
10594.206164835664822 57.80901810306608013
10594.25166562540835 57.801947035254215734
10594.297166415150059 57.794875967442351339
10594.342667204891768 57.787804899630486943
10594.388167994635296 57.780733831818622548
10594.433668784377005 57.773662764006758152
10594.479169574120533 57.766591696194893757
10594.524670363862242 57.759520628383029361
10594.57017115360577 57.752449560571164966
10594.615671943347479 57.74537849275930057
10594.661172733089188 57.738307424947436175
10594.706673522832716 57.73123635713557178
10594.752174312574425 57.724165289323707384
10594.797675102317953 57.717094221511842989
10594.843175892059662 57.710023153699978593
10594.88867668180319 57.702952085888114198
10594.934177471544899 57.695881018076249802
10594.979678261288427 57.688809950264385407
10595.025179051030136 57.681738882452521011
10595.070679840771845 57.674667814640656616
10595.116180630515373 57.66759674682879222
10595.161681420257082 57.660525679016927825
10595.20718221000061 57.653454611205063429
10595.252682999742319 57.646383543393199034
10595.298183789485847 57.639312475581334638
10595.343684579227556 57.632241407769470243
10595.389185368969265 57.625170339957605847
10595.434686158712793 57.618099272145741452
10595.480186948454502 57.611028204333877056
10595.52568773819803 57.603957136522012661
10595.571188527939739 57.596886068710148265
10595.616689317683267 57.58981500089828387
10595.662190107424976 57.582743933086419474
10595.707690897166685 57.575672865274555079
10595.753191686910213 57.568601797462690683
10595.798692476651922 57.561530729650826288
10595.84419326639545 57.554459661838961892
10595.889694056137159 57.547388594027097497
10595.935194845880687 57.540317526215233102
10595.980695635622396 57.533246458403368706
10596.026196425364105 57.526175390591504311
10596.071697215107633 57.519104322779639915
10596.117198004849342 57.51203325496777552
10596.16269879459287 57.504962187155911124
10596.208199584334579 57.497891119344046729
10596.253700374078107 57.490820051532182333
10596.299201163819816 57.483748983720317938
10596.344701953563344 57.476677915908453542
10596.390202743305053 57.469606848096589147
10596.435703533046762 57.462535780284724751
10596.48120432279029 57.455464712472860356
10596.526705112531999 57.44839364466099596
10596.572205902275527 57.441322576849131565
10596.617706692017236 57.434251509037267169
10596.663207481760764 57.427180441225402774
10596.708708271502474 57.420109373413538378
10596.754209061244183 57.413038305601673983
10596.799709850987711 57.405967237789809587
10596.84521064072942 57.398896169977945192
10596.890711430472948 57.391825102166080796
10596.936212220214657 57.384754034354216401
10596.981713009958185 57.377682966542352005
10597.027213799699894 57.37061189873048761
10597.072714589441603 57.363540830918623215
10597.118215379185131 57.356469763106758819
10597.16371616892684 57.349398695294894424
10597.209216958670368 57.342327627483030028
10597.254717748412077 57.335256559671165633
10597.300218538155605 57.328185491859301237
10597.345719327897314 57.321114424047436842
10597.391220117639023 57.314043356235572446
10597.436720907382551 57.306972288423708051
10597.48222169712426 57.299901220611843655
10597.527722486867788 57.29283015279997926
10597.573223276609497 57.285759084988114864
10597.618724066353025 57.278688017176250469
10597.664224856094734 57.271616949364386073
10597.709725645836443 57.264545881552521678
10597.755226435579971 57.257474813740657282
10597.80072722532168 57.250403745928792887
10597.846228015065208 57.243332678116928491
10597.891728804806917 57.236261610305064096
10597.937229594550445 57.2291905424931997
10597.982730384292154 57.222119474681335305
10598.028231174035682 57.215048406869470909
10598.073731963777391 57.207977339057606514
10598.1192327535191 57.200906271245742118
10598.164733543262628 57.193835203433877723
10598.210234333004337 57.186764135622013328
10598.255735122747865 57.179693067810148932
10598.301235912489574 57.172621999998284537
10598.346736702233102 57.165550932186420141
10598.392237491974811 57.158479864374555746
10598.43773828171652 57.15140879656269135
10598.483239071460048 57.144337728750826955
10598.528739861201757 57.137266660938962559
10598.574240650945285 57.130195593127098164
10598.619741440686994 57.123124525315233768
10598.665242230430522 57.116053457503369373
10598.710743020172231 57.108982389691504977
10598.75624380991394 57.101911321879640582
10598.801744599657468 57.094840254067776186
10598.847245389399177 57.087769186255911791
10598.892746179142705 57.080698118444047395
10598.938246968884414 57.073627050632183
10598.983747758627942 57.066555982820318604
10599.029248548369651 57.059484915008454209
10599.07474933811136 57.052413847196589813
10599.120250127854888 57.045342779384725418
10599.165750917596597 57.038271711572861022
10599.211251707340125 57.031200643760996627
10599.256752497081834 57.024129575949132231
10599.302253286825362 57.017058508137267836
10599.347754076567071 57.009987440325403441
10599.393254866310599 57.002916372513539045
10599.438755656052308 56.99584530470167465
10599.484256445794017 56.988774236889810254
10599.529757235537545 56.981703169077945859
10599.575258025279254 56.974632101266081463
10599.620758815022782 56.967561033454217068
10599.666259604764491 56.960489965642352672
10599.711760394508019 56.953418897830488277
10599.757261184249728 56.946347830018623881
10599.802761973991437 56.939276762206759486
10599.848262763734965 56.93220569439489509
10599.893763553476674 56.925134626583030695
10599.939264343220202 56.918063558771166299
10599.984765132961911 56.910992490959301904
10600.030265922705439 56.903921423147437508
10600.075766712447148 56.896850355335573113
10600.121267502188857 56.889779287523708717
10600.166768291932385 56.882708219711844322
10600.212269081674094 56.875637151899979926
10600.257769871417622 56.868566084088115531
10600.303270661159331 56.861495016276251135
10600.348771450902859 56.85442394846438674
10600.394272240644568 56.847352880652522344
10600.439773030386277 56.840281812840657949
10600.485273820129805 56.833210745028793554
10600.530774609871514 56.826139677216929158
10600.576275399615042 56.819068609405064763
10600.621776189356751 56.811997541593200367
10600.667276979100279 56.804926473781335972
10600.712777768841988 56.797855405969471576
10600.758278558583697 56.790784338157607181
10600.803779348327225 56.783713270345742785
10600.849280138068934 56.77664220253387839
10600.894780927812462 56.769571134722013994
10600.940281717554171 56.762500066910149599
10600.985782507297699 56.755428999098285203
10601.031283297039408 56.748357931286420808
10601.076784086782936 56.741286863474556412
10601.122284876524645 56.734215795662692017
10601.167785666266354 56.727144727850827621
10601.213286456009882 56.720073660038963226
10601.258787245751591 56.71300259222709883
10601.304288035495119 56.705931524415234435
10601.349788825236828 56.698860456603370039
10601.395289614980356 56.691789388791505644
10601.440790404722065 56.684718320979641248
10601.486291194463774 56.677647253167776853
10601.531791984207302 56.670576185355912457
10601.577292773949011 56.663505117544048062
10601.622793563692539 56.656434049732183666
10601.668294353434248 56.649362981920319271
10601.713795143177776 56.642291914108454876
10601.759295932919485 56.63522084629659048
10601.804796722661195 56.628149778484726085
10601.850297512404723 56.621078710672861689
10601.895798302146432 56.614007642860997294
10601.94129909188996 56.606936575049132898
10601.986799881631669 56.599865507237268503
10602.032300671375197 56.592794439425404107
10602.077801461116906 56.585723371613539712
10602.123302250858615 56.578652303801675316
10602.168803040602143 56.571581235989810921
10602.214303830343852 56.564510168177946525
10602.25980462008738 56.55743910036608213
10602.305305409829089 56.550368032554217734
10602.350806199572617 56.543296964742353339
10602.396306989314326 56.536225896930488943
10602.441807779057854 56.529154829118624548
10602.487308568799563 56.522083761306760152
10602.532809358541272 56.515012693494895757
10602.5783101482848 56.507941625683031361
10602.623810938026509 56.500870557871166966
10602.669311727770037 56.49379949005930257
10602.714812517511746 56.486728422247438175
10602.760313307255274 56.479657354435573779
10602.805814096996983 56.472586286623709384
10602.851314886738692 56.465515218811844989
10602.89681567648222 56.458444150999980593
10602.942316466223929 56.451373083188116198
10602.987817255967457 56.444302015376251802
10603.033318045709166 56.437230947564387407
10603.078818835452694 56.430159879752523011
10603.124319625194403 56.423088811940658616
10603.169820414936112 56.41601774412879422
10603.21532120467964 56.408946676316929825
10603.260821994421349 56.401875608505065429
10603.306322784164877 56.394804540693201034
10603.351823573906586 56.387733472881336638
10603.397324363650114 56.380662405069472243
10603.442825153391823 56.373591337257607847
10603.488325943133532 56.366520269445743452
10603.53382673287706 56.359449201633879056
10603.579327522618769 56.352378133822014661
10603.624828312362297 56.345307066010150265
10603.670329102104006 56.33823599819828587
10603.715829891847534 56.331164930386421474
10603.761330681589243 56.324093862574557079
10603.806831471330952 56.317022794762692683
10603.85233226107448 56.309951726950828288
10603.897833050816189 56.302880659138963892
10603.943333840559717 56.295809591327099497
10603.988834630301426 56.288738523515235102
10604.034335420044954 56.281667455703370706
10604.079836209786663 56.274596387891506311
10604.125336999530191 56.267525320079641915
10604.1708377892719 56.26045425226777752
10604.216338579013609 56.253383184455913124
10604.261839368757137 56.246312116644048729
10604.307340158498846 56.239241048832184333
10604.352840948242374 56.232169981020319938
10604.398341737984083 56.225098913208455542
10604.443842527727611 56.218027845396591147
10604.48934331746932 56.210956777584726751
10604.534844107211029 56.203885709772862356
10604.580344896954557 56.19681464196099796
10604.625845686696266 56.189743574149133565
10604.671346476439794 56.182672506337269169
10604.716847266181503 56.175601438525404774
10604.762348055925031 56.168530370713540378
10604.80784884566674 56.161459302901675983
10604.853349635408449 56.154388235089811587
10604.898850425151977 56.147317167277947192
10604.944351214893686 56.140246099466082796
10604.989852004637214 56.133175031654218401
10605.035352794378923 56.126103963842354005
10605.080853584122451 56.11903289603048961
10605.12635437386416 56.111961828218625215
10605.171855163605869 56.104890760406760819
10605.217355953349397 56.097819692594896424
10605.262856743091106 56.090748624783032028
10605.308357532834634 56.083677556971167633
10605.353858322576343 56.076606489159303237
10605.399359112319871 56.069535421347438842
10605.44485990206158 56.062464353535574446
10605.490360691805108 56.055393285723710051
10605.535861481546817 56.048322217911845655
10605.581362271288526 56.04125115009998126
10605.626863061032054 56.034180082288116864
10605.672363850773763 56.027109014476252469
10605.717864640517291 56.020037946664388073
10605.763365430259 56.012966878852523678
10605.808866220002528 56.005895811040659282
10605.854367009744237 55.998824743228794887
10605.899867799485946 55.991753675416930491
10605.945368589229474 55.984682607605066096
10605.990869378971183 55.9776115397932017
10606.036370168714711 55.970540471981337305
10606.08187095845642 55.963469404169472909
10606.127371748199948 55.956398336357608514
10606.172872537941657 55.949327268545744118
10606.218373327683366 55.942256200733879723
10606.263874117426894 55.935185132922015327
10606.309374907168603 55.928114065110150932
10606.354875696912131 55.921042997298286537
10606.40037648665384 55.913971929486422141
10606.445877276397368 55.906900861674557746
10606.491378066139077 55.89982979386269335
10606.536878855880786 55.892758726050828955
10606.582379645624314 55.885687658238964559
10606.627880435366023 55.878616590427100164
10606.673381225109551 55.871545522615235768
10606.71888201485126 55.864474454803371373
10606.764382804594788 55.857403386991506977
10606.809883594336497 55.850332319179642582
10606.855384384078206 55.843261251367778186
10606.900885173821734 55.836190183555913791
10606.946385963563444 55.829119115744049395
10606.991886753306972 55.822048047932185
10607.037387543048681 55.814976980120320604
10607.082888332792209 55.807905912308456209
10607.128389122533918 55.800834844496591813
10607.173889912277446 55.793763776684727418
10607.219390702019155 55.786692708872863022
10607.264891491760864 55.779621641060998627
10607.310392281504392 55.772550573249134231
10607.355893071246101 55.765479505437269836
10607.401393860989629 55.75840843762540544
10607.446894650731338 55.751337369813541045
10607.492395440474866 55.74426630200167665
10607.537896230216575 55.737195234189812254
10607.583397019958284 55.730124166377947859
10607.628897809701812 55.723053098566083463
10607.674398599443521 55.715982030754219068
10607.719899389187049 55.708910962942354672
10607.765400178928758 55.701839895130490277
10607.810900968672286 55.694768827318625881
10607.856401758413995 55.687697759506761486
10607.901902548155704 55.68062669169489709
10607.947403337899232 55.673555623883032695
10607.992904127640941 55.666484556071168299
10608.038404917384469 55.659413488259303904
10608.083905707126178 55.652342420447439508
10608.129406496869706 55.645271352635575113
10608.174907286611415 55.638200284823710717
10608.220408076353124 55.631129217011846322
10608.265908866096652 55.624058149199981926
10608.311409655838361 55.616987081388117531
10608.356910445581889 55.609916013576253135
10608.402411235323598 55.60284494576438874
10608.447912025067126 55.595773877952524344
10608.493412814808835 55.588702810140659949
10608.538913604552363 55.581631742328795553
10608.584414394294072 55.574560674516931158
10608.629915184035781 55.567489606705066763
10608.675415973779309 55.560418538893202367
10608.720916763521018 55.553347471081337972
10608.766417553264546 55.546276403269473576
10608.811918343006255 55.539205335457609181
10608.857419132749783 55.532134267645744785
10608.902919922491492 55.52506319983388039
10608.948420712233201 55.517992132022015994
10608.993921501976729 55.510921064210151599
10609.039422291718438 55.503849996398287203
10609.084923081461966 55.496778928586422808
10609.130423871203675 55.489707860774558412
10609.175924660947203 55.482636792962694017
10609.221425450688912 55.475565725150829621
10609.266926240430621 55.468494657338965226
10609.312427030174149 55.46142358952710083
10609.357927819915858 55.454352521715236435
10609.403428609659386 55.447281453903372039
10609.448929399401095 55.440210386091507644
10609.494430189144623 55.433139318279643248
10609.539930978886332 55.426068250467778853
10609.585431768628041 55.418997182655914457
10609.630932558371569 55.411926114844050062
10609.676433348113278 55.404855047032185666
10609.721934137856806 55.397783979220321271
10609.767434927598515 55.390712911408456876
10609.812935717342043 55.38364184359659248
10609.858436507083752 55.376570775784728085
10609.90393729682728 55.369499707972863689
10609.949438086568989 55.362428640160999294
10609.994938876310698 55.355357572349134898
10610.040439666054226 55.348286504537270503
10610.085940455795935 55.341215436725406107
10610.131441245539463 55.334144368913541712
10610.176942035281172 55.327073301101677316
10610.2224428250247 55.320002233289812921
10610.267943614766409 55.312931165477948525
10610.313444404508118 55.30586009766608413
10610.358945194251646 55.298789029854219734
10610.404445983993355 55.291717962042355339
10610.449946773736883 55.284646894230490943
10610.495447563478592 55.277575826418626548
10610.54094835322212 55.270504758606762152
10610.586449142963829 55.263433690794897757
10610.631949932705538 55.256362622983033361
10610.677450722449066 55.249291555171168966
10610.722951512190775 55.24222048735930457
10610.768452301934303 55.235149419547440175
10610.813953091676012 55.228078351735575779
10610.85945388141954 55.221007283923711384
10610.904954671161249 55.213936216111846988
10610.950455460902958 55.206865148299982593
10610.995956250646486 55.199794080488118198
10611.041457040388195 55.192723012676253802
10611.086957830131723 55.185651944864389407
10611.132458619873432 55.178580877052525011
10611.17795940961696 55.171509809240660616
10611.223460199358669 55.16443874142879622
10611.268960989100378 55.157367673616931825
10611.314461778843906 55.150296605805067429
10611.359962568585615 55.143225537993203034
10611.405463358329143 55.136154470181338638
10611.450964148070852 55.129083402369474243
10611.49646493781438 55.122012334557609847
10611.541965727556089 55.114941266745745452
10611.587466517299617 55.107870198933881056
10611.632967307041326 55.100799131122016661
10611.678468096783035 55.093728063310152265
10611.723968886526563 55.08665699549828787
10611.769469676268272 55.079585927686423474
10611.8149704660118 55.072514859874559079
10611.860471255753509 55.065443792062694683
10611.905972045497037 55.058372724250830288
10611.951472835238746 55.051301656438965892
10611.996973624980455 55.044230588627101497
10612.042474414723984 55.037159520815237101
10612.087975204465693 55.030088453003372706
10612.133475994209221 55.023017385191508311
10612.17897678395093 55.015946317379643915
10612.224477573694458 55.00887524956777952
10612.269978363436167 55.001804181755915124
10612.315479153177876 54.994733113944050729
10612.360979942921404 54.987662046132186333
10612.406480732663113 54.980590978320321938
10612.451981522406641 54.973519910508457542
10612.49748231214835 54.966448842696593147
10612.542983101891878 54.959377774884728751
10612.588483891633587 54.952306707072864356
10612.633984681375296 54.94523563926099996
10612.679485471118824 54.938164571449135565
10612.724986260860533 54.931093503637271169
10612.770487050604061 54.924022435825406774
10612.81598784034577 54.916951368013542378
10612.861488630089298 54.909880300201677983
10612.906989419831007 54.902809232389813587
10612.952490209574535 54.895738164577949192
10612.997990999316244 54.888667096766084796
10613.043491789057953 54.881596028954220401
10613.088992578801481 54.874524961142356005
10613.13449336854319 54.86745389333049161
10613.179994158286718 54.860382825518627214
10613.225494948028427 54.853311757706762819
10613.270995737771955 54.846240689894898424
10613.316496527513664 54.839169622083034028
10613.361997317255373 54.832098554271169633
10613.407498106998901 54.825027486459305237
10613.45299889674061 54.817956418647440842
10613.498499686484138 54.810885350835576446
10613.544000476225847 54.803814283023712051
10613.589501265969375 54.796743215211847655
10613.635002055711084 54.78967214739998326
10613.680502845452793 54.782601079588118864
10613.726003635196321 54.775530011776254469
10613.77150442493803 54.768458943964390073
10613.817005214681558 54.761387876152525678
10613.862506004423267 54.754316808340661282
10613.908006794166795 54.747245740528796887
10613.953507583908504 54.740174672716932491
10613.999008373650213 54.733103604905068096
10614.044509163393741 54.7260325370932037
10614.09000995313545 54.718961469281339305
10614.135510742878978 54.711890401469474909
10614.181011532620687 54.704819333657610514
10614.226512322364215 54.697748265845746118
10614.272013112105924 54.690677198033881723
10614.317513901847633 54.683606130222017327
10614.363014691591161 54.676535062410152932
10614.40851548133287 54.669463994598288537
10614.454016271076398 54.662392926786424141
10614.499517060818107 54.655321858974559746
10614.545017850561635 54.64825079116269535
10614.590518640303344 54.641179723350830955
10614.636019430046872 54.634108655538966559
10614.681520219788581 54.627037587727102164
10614.72702100953029 54.619966519915237768
10614.772521799273818 54.612895452103373373
10614.818022589015527 54.605824384291508977
10614.863523378759055 54.598753316479644582
10614.909024168500764 54.591682248667780186
10614.954524958244292 54.584611180855915791
10615.000025747986001 54.577540113044051395
10615.04552653772771 54.570469045232187
10615.091027327471238 54.563397977420322604
10615.136528117212947 54.556326909608458209
10615.182028906956475 54.549255841796593813
10615.227529696698184 54.542184773984729418
10615.273030486441712 54.535113706172865022
10615.318531276183421 54.528042638361000627
10615.36403206592513 54.520971570549136231
10615.409532855668658 54.513900502737271836
10615.455033645410367 54.50682943492540744
10615.500534435153895 54.499758367113543045
10615.546035224895604 54.492687299301678649
10615.591536014639132 54.485616231489814254
10615.637036804380841 54.478545163677949859
10615.68253759412255 54.471474095866085463
10615.728038383866078 54.464403028054221068
10615.773539173607787 54.457331960242356672
10615.819039963351315 54.450260892430492277
10615.864540753093024 54.443189824618627881
10615.910041542836552 54.436118756806763486
10615.955542332578261 54.42904768899489909
10616.001043122321789 54.421976621183034695
10616.046543912063498 54.414905553371170299
10616.092044701805207 54.407834485559305904
10616.137545491548735 54.400763417747441508
10616.183046281290444 54.393692349935577113
10616.228547071033972 54.386621282123712717
10616.274047860775681 54.379550214311848322
10616.319548650519209 54.372479146499983926
10616.365049440260918 54.365408078688119531
10616.410550230002627 54.358337010876255135
10616.456051019746155 54.35126594306439074
10616.501551809487864 54.344194875252526344
10616.547052599231392 54.337123807440661949
10616.592553388973101 54.330052739628797553
10616.638054178716629 54.322981671816933158
10616.683554968458338 54.315910604005068762
10616.729055758200047 54.308839536193204367
10616.774556547943575 54.301768468381339972
10616.820057337685284 54.294697400569475576
10616.865558127428812 54.287626332757611181
10616.911058917170521 54.280555264945746785
10616.956559706914049 54.27348419713388239
10617.002060496655758 54.266413129322017994
10617.047561286397467 54.259342061510153599
10617.093062076140995 54.252270993698289203
10617.138562865882705 54.245199925886424808
10617.184063655626233 54.238128858074560412
10617.229564445367942 54.231057790262696017
10617.27506523511147 54.223986722450831621
10617.320566024853179 54.216915654638967226
10617.366066814594888 54.20984458682710283
10617.411567604338416 54.202773519015238435
10617.457068394080125 54.195702451203374039
10617.502569183823653 54.188631383391509644
10617.548069973565362 54.181560315579645248
10617.59357076330889 54.174489247767780853
10617.639071553050599 54.167418179955916457
10617.684572342794127 54.160347112144052062
10617.730073132535836 54.153276044332187666
10617.775573922277545 54.146204976520323271
10617.821074712021073 54.139133908708458875
10617.866575501762782 54.13206284089659448
10617.91207629150631 54.124991773084730085
10617.957577081248019 54.117920705272865689
10618.003077870991547 54.110849637461001294
10618.048578660733256 54.103778569649136898
10618.094079450474965 54.096707501837272503
10618.139580240218493 54.089636434025408107
10618.185081029960202 54.082565366213543712
10618.23058181970373 54.075494298401679316
10618.276082609445439 54.068423230589814921
10618.321583399188967 54.061352162777950525
10618.367084188930676 54.05428109496608613
10618.412584978672385 54.047210027154221734
10618.458085768415913 54.040138959342357339
10618.458085768415913 54.040138959342357339
10618.458085768415913 54.040138959342357339
10618.458085768415913 54.040138959342357339
10618.458085768415913 54.040138959342357339
10618.458085768415913 54.040138959342357339
10618.458085768415913 54.040138959342357339
10618.458085768415913 54.040138959342357339
10618.503586558157622 54.033067891530492943
10618.54908734790115 54.025996823718628548
10618.594588137642859 54.018925755906764152
10618.640088927386387 54.011854688094899757
10618.685589717128096 54.004783620283035361
10618.731090506871624 53.997712552471170966
10618.776591296613333 53.99064148465930657
10618.822092086355042 53.983570416847442175
10618.86759287609857 53.976499349035577779
10618.913093665840279 53.969428281223713384
10618.958594455583807 53.962357213411848988
10619.004095245325516 53.955286145599984593
10619.049596035069044 53.948215077788120198
10619.095096824810753 53.941144009976255802
10619.140597614552462 53.934072942164391407
10619.18609840429599 53.927001874352527011
10619.231599194037699 53.919930806540662616
10619.277099983781227 53.91285973872879822
10619.322600773522936 53.905788670916933825
10619.368101563266464 53.898717603105069429
10619.413602353008173 53.891646535293205034
10619.459103142751701 53.884575467481340638
10619.50460393249341 53.877504399669476243
10619.550104722235119 53.870433331857611847
10619.595605511978647 53.863362264045747452
10619.641106301720356 53.856291196233883056
10619.686607091463884 53.849220128422018661
10619.732107881205593 53.842149060610154265
10619.777608670949121 53.83507799279828987
10619.82310946069083 53.828006924986425474
10619.868610250432539 53.820935857174561079
10619.914111040176067 53.813864789362696683
10619.959611829917776 53.806793721550832288
10620.005112619661304 53.799722653738967892
10620.050613409403013 53.792651585927103497
10620.096114199146541 53.785580518115239101
10620.14161498888825 53.778509450303374706
10620.187115778629959 53.771438382491510311
10620.232616568373487 53.764367314679645915
10620.278117358115196 53.75729624686778152
10620.323618147858724 53.750225179055917124
10620.369118937600433 53.743154111244052729
10620.414619727343961 53.736083043432188333
10620.46012051708567 53.729011975620323938
10620.505621306827379 53.721940907808459542
10620.551122096570907 53.714869839996595147
10620.596622886312616 53.707798772184730751
10620.642123676056144 53.700727704372866356
10620.687624465797853 53.69365663656100196
10620.733125255541381 53.686585568749137565
10620.77862604528309 53.679514500937273169
10620.824126835026618 53.672443433125408774
10620.869627624768327 53.665372365313544378
10620.915128414510036 53.658301297501679983
10620.960629204253564 53.651230229689815587
10621.006129993995273 53.644159161877951192
10621.051630783738801 53.637088094066086796
10621.09713157348051 53.630017026254222401
10621.142632363224038 53.622945958442358005
10621.188133152965747 53.61587489063049361
10621.233633942707456 53.608803822818629214
10621.279134732450984 53.601732755006764819
10621.324635522192693 53.594661687194900423
10621.370136311936221 53.587590619383036028
10621.41563710167793 53.580519551571171633
10621.461137891421458 53.573448483759307237
10621.506638681163167 53.566377415947442842
10621.552139470904876 53.559306348135578446
10621.597640260648404 53.552235280323714051
10621.643141050390113 53.545164212511849655
10621.688641840133641 53.53809314469998526
10621.73414262987535 53.531022076888120864
10621.779643419618878 53.523951009076256469
10621.825144209360587 53.516879941264392073
10621.870644999102296 53.509808873452527678
10621.916145788845824 53.502737805640663282
10621.961646578587533 53.495666737828798887
10622.007147368331061 53.488595670016934491
10622.05264815807277 53.481524602205070096
10622.098148947816298 53.4744535343932057
10622.143649737558007 53.467382466581341305
10622.189150527299716 53.460311398769476909
10622.234651317043244 53.453240330957612514
10622.280152106784954 53.446169263145748118
10622.325652896528482 53.439098195333883723
10622.371153686270191 53.432027127522019327
10622.416654476013719 53.424956059710154932
10622.462155265755428 53.417884991898290536
10622.507656055498956 53.410813924086426141
10622.553156845240665 53.403742856274561746
10622.598657634982374 53.39667178846269735
10622.644158424725902 53.389600720650832955
10622.689659214467611 53.382529652838968559
10622.735160004211139 53.375458585027104164
10622.780660793952848 53.368387517215239768
10622.826161583696376 53.361316449403375373
10622.871662373438085 53.354245381591510977
10622.917163163179794 53.347174313779646582
10622.962663952923322 53.340103245967782186
10623.008164742665031 53.333032178155917791
10623.053665532408559 53.325961110344053395
10623.099166322150268 53.318890042532189
10623.144667111893796 53.311818974720324604
10623.190167901635505 53.304747906908460209
10623.235668691377214 53.297676839096595813
10623.281169481120742 53.290605771284731418
10623.326670270862451 53.283534703472867022
10623.372171060605979 53.276463635661002627
10623.417671850347688 53.269392567849138231
10623.463172640091216 53.262321500037273836
10623.508673429832925 53.25525043222540944
10623.554174219574634 53.248179364413545045
10623.599675009318162 53.241108296601680649
10623.645175799059871 53.234037228789816254
10623.690676588803399 53.226966160977951859
10623.736177378545108 53.219895093166087463
10623.781678168288636 53.212824025354223068
10623.827178958030345 53.205752957542358672
10623.872679747773873 53.198681889730494277
10623.918180537515582 53.191610821918629881
10623.963681327257291 53.184539754106765486
10624.009182117000819 53.17746868629490109
10624.054682906742528 53.170397618483036695
10624.100183696486056 53.163326550671172299
10624.145684486227765 53.156255482859307904
10624.191185275971293 53.149184415047443508
10624.236686065713002 53.142113347235579113
10624.282186855454711 53.135042279423714717
10624.327687645198239 53.127971211611850322
10624.373188434939948 53.120900143799985926
10624.418689224683476 53.113829075988121531
10624.464190014425185 53.106758008176257135
10624.509690804168713 53.09968694036439274
10624.555191593910422 53.092615872552528344
10624.600692383652131 53.085544804740663949
10624.646193173395659 53.078473736928799553
10624.691693963137368 53.071402669116935158
10624.737194752880896 53.064331601305070762
10624.782695542622605 53.057260533493206367
10624.828196332366133 53.050189465681341972
10624.873697122107842 53.043118397869477576
10624.919197911849551 53.036047330057613181
10624.964698701593079 53.028976262245748785
10625.010199491334788 53.02190519443388439
10625.055700281078316 53.014834126622019994
10625.101201070820025 53.007763058810155599
10625.146701860563553 53.000691990998291203
10625.192202650305262 52.993620923186426808
10625.237703440046971 52.986549855374562412
10625.283204229790499 52.979478787562698017
10625.328705019532208 52.972407719750833621
10625.374205809275736 52.965336651938969226
10625.419706599017445 52.95826558412710483
10625.465207388760973 52.951194516315240435
10625.510708178502682 52.944123448503376039
10625.55620896824621 52.937052380691511644
10625.601709757987919 52.929981312879647248
10625.647210547729628 52.922910245067782853
10625.692711337473156 52.915839177255918457
10625.738212127214865 52.908768109444054062
10625.783712916958393 52.901697041632189666
10625.829213706700102 52.894625973820325271
10625.87471449644363 52.887554906008460875
10625.920215286185339 52.88048383819659648
10625.965716075927048 52.873412770384732084
10626.011216865670576 52.866341702572867689
10626.056717655412285 52.859270634761003294
10626.102218445155813 52.852199566949138898
10626.147719234897522 52.845128499137274503
10626.19322002464105 52.838057431325410107
10626.238720814382759 52.830986363513545712
10626.284221604124468 52.823915295701681316
10626.329722393867996 52.816844227889816921
10626.375223183609705 52.809773160077952525
10626.420723973353233 52.80270209226608813
10626.466224763094942 52.795631024454223734
10626.51172555283847 52.788559956642359339
10626.557226342580179 52.781488888830494943
10626.602727132321888 52.774417821018630548
10626.648227922065416 52.767346753206766152
10626.693728711807125 52.760275685394901757
10626.739229501550653 52.753204617583037361
10626.784730291292362 52.746133549771172966
10626.83023108103589 52.73906248195930857
10626.875731870777599 52.731991414147444175
10626.921232660521127 52.724920346335579779
10626.966733450262836 52.717849278523715384
10627.012234240004545 52.710778210711850988
10627.057735029748073 52.703707142899986593
10627.103235819489782 52.696636075088122197
10627.14873660923331 52.689565007276257802
10627.194237398975019 52.682493939464393407
10627.239738188718547 52.675422871652529011
10627.285238978460256 52.668351803840664616
10627.330739768201965 52.66128073602880022
10627.376240557945493 52.654209668216935825
10627.421741347687203 52.647138600405071429
10627.467242137430731 52.640067532593207034
10627.51274292717244 52.632996464781342638
10627.558243716915968 52.625925396969478243
10627.603744506657677 52.618854329157613847
10627.649245296399386 52.611783261345749452
10627.694746086142914 52.604712193533885056
10627.740246875884623 52.597641125722020661
10627.785747665628151 52.590570057910156265
10627.83124845536986 52.58349899009829187
10627.876749245113388 52.576427922286427474
10627.922250034855097 52.569356854474563079
10627.967750824596806 52.562285786662698683
10628.013251614340334 52.555214718850834288
10628.058752404082043 52.548143651038969892
10628.104253193825571 52.541072583227105497
10628.14975398356728 52.534001515415241101
10628.195254773310808 52.526930447603376706
10628.240755563052517 52.51985937979151231
10628.286256352796045 52.512788311979647915
10628.331757142537754 52.50571724416778352
10628.377257932279463 52.498646176355919124
10628.422758722022991 52.491575108544054729
10628.4682595117647 52.484504040732190333
10628.513760301508228 52.477432972920325938
10628.559261091249937 52.470361905108461542
10628.604761880993465 52.463290837296597147
10628.650262670735174 52.456219769484732751
10628.695763460476883 52.449148701672868356
10628.741264250220411 52.44207763386100396
10628.78676503996212 52.435006566049139565
10628.832265829705648 52.427935498237275169
10628.877766619447357 52.420864430425410774
10628.923267409190885 52.413793362613546378
10628.968768198932594 52.406722294801681983
10629.014268988674303 52.399651226989817587
10629.059769778417831 52.392580159177953192
10629.10527056815954 52.385509091366088796
10629.150771357903068 52.378438023554224401
10629.196272147644777 52.371366955742360005
10629.241772937388305 52.36429588793049561
10629.287273727130014 52.357224820118631214
10629.332774516871723 52.350153752306766819
10629.378275306615251 52.343082684494902423
10629.42377609635696 52.336011616683038028
10629.469276886100488 52.328940548871173633
10629.514777675842197 52.321869481059309237
10629.560278465585725 52.314798413247444842
10629.605779255327434 52.307727345435580446
10629.651280045069143 52.300656277623716051
10629.696780834812671 52.293585209811851655
10629.74228162455438 52.28651414199998726
10629.787782414297908 52.279443074188122864
10629.833283204039617 52.272372006376258469
10629.878783993783145 52.265300938564394073
10629.924284783524854 52.258229870752529678
10629.969785573268382 52.251158802940665282
10630.015286363010091 52.244087735128800887
10630.0607871527518 52.237016667316936491
10630.106287942495328 52.229945599505072096
10630.151788732237037 52.2228745316932077
10630.197289521980565 52.215803463881343305
10630.242790311722274 52.208732396069478909
10630.288291101465802 52.201661328257614514
10630.333791891207511 52.194590260445750118
10630.37929268094922 52.187519192633885723
10630.424793470692748 52.180448124822021327
10630.470294260434457 52.173377057010156932
10630.515795050177985 52.166305989198292536
10630.561295839919694 52.159234921386428141
10630.606796629663222 52.152163853574563745
10630.652297419404931 52.14509278576269935
10630.69779820914664 52.138021717950834955
10630.743298998890168 52.130950650138970559
10630.788799788631877 52.123879582327106164
10630.834300578375405 52.116808514515241768
10630.879801368117114 52.109737446703377373
10630.925302157860642 52.102666378891512977
10630.970802947602351 52.095595311079648582
10631.01630373734406 52.088524243267784186
10631.061804527087588 52.081453175455919791
10631.107305316829297 52.074382107644055395
10631.152806106572825 52.067311039832191
10631.198306896314534 52.060239972020326604
10631.243807686058062 52.053168904208462209
10631.289308475799771 52.046097836396597813
10631.334809265543299 52.039026768584733418
10631.380310055285008 52.031955700772869022
10631.425810845026717 52.024884632961004627
10631.471311634770245 52.017813565149140231
10631.516812424511954 52.010742497337275836
10631.562313214255482 52.00367142952541144
10631.607814003997191 51.996600361713547045
10631.653314793740719 51.989529293901682649
10631.698815583482428 51.982458226089818254
10631.744316373224137 51.975387158277953858
10631.789817162967665 51.968316090466089463
10631.835317952709374 51.961245022654225068
10631.880818742452902 51.954173954842360672
10631.926319532194611 51.947102887030496277
10631.971820321938139 51.940031819218631881
10632.017321111679848 51.932960751406767486
10632.062821901421557 51.92588968359490309
10632.108322691165085 51.918818615783038695
10632.153823480906794 51.911747547971174299
10632.199324270650322 51.904676480159309904
10632.244825060392031 51.897605412347445508
10632.290325850135559 51.890534344535581113
10632.335826639877268 51.883463276723716717
10632.381327429618977 51.876392208911852322
10632.426828219362505 51.869321141099987926
10632.472329009104214 51.862250073288123531
10632.517829798847742 51.855179005476259135
10632.563330588589452 51.84810793766439474
10632.60883137833298 51.841036869852530344
10632.654332168074689 51.833965802040665949
10632.699832957816398 51.826894734228801553
10632.745333747559926 51.819823666416937158
10632.790834537301635 51.812752598605072762
10632.836335327045163 51.805681530793208367
10632.881836116786872 51.798610462981343971
10632.9273369065304 51.791539395169479576
10632.972837696272109 51.784468327357615181
10633.018338486015637 51.777397259545750785
10633.063839275757346 51.77032619173388639
10633.109340065499055 51.763255123922021994
10633.154840855242583 51.756184056110157599
10633.200341644984292 51.749112988298293203
10633.24584243472782 51.742041920486428808
10633.291343224469529 51.734970852674564412
10633.336844014213057 51.727899784862700017
10633.382344803954766 51.720828717050835621
10633.427845593696475 51.713757649238971226
10633.473346383440003 51.70668658142710683
10633.518847173181712 51.699615513615242435
10633.56434796292524 51.692544445803378039
10633.609848752666949 51.685473377991513644
10633.655349542410477 51.678402310179649248
10633.700850332152186 51.671331242367784853
10633.746351121893895 51.664260174555920457
10633.791851911637423 51.657189106744056062
10633.837352701379132 51.650118038932191666
10633.88285349112266 51.643046971120327271
10633.928354280864369 51.635975903308462875
10633.973855070607897 51.62890483549659848
10634.019355860349606 51.621833767684734084
10634.064856650091315 51.614762699872869689
10634.110357439834843 51.607691632061005294
10634.155858229576552 51.600620564249140898
10634.20135901932008 51.593549496437276503
10634.246859809061789 51.586478428625412107
10634.292360598805317 51.579407360813547712
10634.337861388547026 51.572336293001683316
10634.383362178290554 51.565265225189818921
10634.428862968032263 51.558194157377954525
10634.474363757773972 51.55112308956609013
10634.5198645475175 51.544052021754225734
10634.565365337259209 51.536980953942361339
10634.610866127002737 51.529909886130496943
10634.656366916744446 51.522838818318632548
10634.701867706487974 51.515767750506768152
10634.747368496229683 51.508696682694903757
10634.792869285971392 51.501625614883039361
10634.83837007571492 51.494554547071174966
10634.883870865456629 51.48748347925931057
10634.929371655200157 51.480412411447446175
10634.974872444941866 51.473341343635581779
10635.020373234685394 51.466270275823717384
10635.065874024427103 51.459199208011852988
10635.111374814168812 51.452128140199988593
10635.15687560391234 51.445057072388124197
10635.202376393654049 51.437986004576259802
10635.247877183397577 51.430914936764395406
10635.293377973139286 51.423843868952531011
10635.338878762882814 51.416772801140666616
10635.384379552624523 51.40970173332880222
10635.429880342366232 51.402630665516937825
10635.47538113210976 51.395559597705073429
10635.520881921851469 51.388488529893209034
10635.566382711594997 51.381417462081344638
10635.611883501336706 51.374346394269480243
10635.657384291080234 51.367275326457615847
10635.702885080821943 51.360204258645751452
10635.748385870563652 51.353133190833887056
10635.79388666030718 51.346062123022022661
10635.839387450048889 51.338991055210158265
10635.884888239792417 51.33191998739829387
10635.930389029534126 51.324848919586429474
10635.975889819277654 51.317777851774565079
10636.021390609019363 51.310706783962700683
10636.066891398762891 51.303635716150836288
10636.1123921885046 51.296564648338971892
10636.157892978246309 51.289493580527107497
10636.203393767989837 51.282422512715243101
10636.248894557731546 51.275351444903378706
10636.294395347475074 51.26828037709151431
10636.339896137216783 51.261209309279649915
10636.385396926960311 51.254138241467785519
10636.43089771670202 51.247067173655921124
10636.476398506443729 51.239996105844056729
10636.521899296187257 51.232925038032192333
10636.567400085928966 51.225853970220327938
10636.612900875672494 51.218782902408463542
10636.658401665414203 51.211711834596599147
10636.703902455157731 51.204640766784734751
10636.74940324489944 51.197569698972870356
10636.794904034641149 51.19049863116100596
10636.840404824384677 51.183427563349141565
10636.885905614126386 51.176356495537277169
10636.931406403869914 51.169285427725412774
10636.976907193611623 51.162214359913548378
10637.022407983355151 51.155143292101683983
10637.06790877309686 51.148072224289819587
10637.113409562838569 51.141001156477955192
10637.158910352582097 51.133930088666090796
10637.204411142323806 51.126859020854226401
10637.249911932067334 51.119787953042362005
10637.295412721809043 51.11271688523049761
10637.340913511552571 51.105645817418633214
10637.38641430129428 51.098574749606768819
10637.431915091037808 51.091503681794904423
10637.477415880779517 51.084432613983040028
10637.522916670521226 51.077361546171175632
10637.568417460264754 51.070290478359311237
10637.613918250006463 51.063219410547446842
10637.659419039749991 51.056148342735582446
10637.704919829491701 51.049077274923718051
10637.750420619235229 51.042006207111853655
10637.795921408976938 51.03493513929998926
10637.841422198718647 51.027864071488124864
10637.886922988462175 51.020793003676260469
10637.932423778203884 51.013721935864396073
10637.977924567947412 51.006650868052531678
10638.023425357689121 50.999579800240667282
10638.068926147432649 50.992508732428802887
10638.114426937174358 50.985437664616938491
10638.159927726916067 50.978366596805074096
10638.205428516659595 50.9712955289932097
10638.250929306401304 50.964224461181345305
10638.296430096144832 50.957153393369480909
10638.341930885886541 50.950082325557616514
10638.387431675630069 50.943011257745752118
10638.432932465371778 50.935940189933887723
10638.478433255113487 50.928869122122023327
10638.523934044857015 50.921798054310158932
10638.569434834598724 50.914726986498294536
10638.614935624342252 50.907655918686430141
10638.660436414083961 50.900584850874565745
10638.705937203827489 50.89351378306270135
10638.751437993569198 50.886442715250836955
10638.796938783310907 50.879371647438972559
10638.842439573054435 50.872300579627108164
10638.887940362796144 50.865229511815243768
10638.933441152539672 50.858158444003379373
10638.978941942281381 50.851087376191514977
10639.024442732024909 50.844016308379650582
10639.069943521766618 50.836945240567786186
10639.115444311510146 50.829874172755921791
10639.160945101251855 50.822803104944057395
10639.206445890993564 50.815732037132193
10639.251946680737092 50.808660969320328604
10639.297447470478801 50.801589901508464209
10639.342948260222329 50.794518833696599813
10639.388449049964038 50.787447765884735418
10639.433949839707566 50.780376698072871022
10639.479450629449275 50.773305630261006627
10639.524951419190984 50.766234562449142231
10639.570452208934512 50.759163494637277836
10639.615952998676221 50.75209242682541344
10639.661453788419749 50.745021359013549045
10639.706954578161458 50.737950291201684649
10639.752455367904986 50.730879223389820254
10639.797956157646695 50.723808155577955858
10639.843456947388404 50.716737087766091463
10639.888957737131932 50.709666019954227068
10639.934458526873641 50.702594952142362672
10639.979959316617169 50.695523884330498277
10640.025460106358878 50.688452816518633881
10640.070960896102406 50.681381748706769486
10640.116461685844115 50.67431068089490509
10640.161962475585824 50.667239613083040695
10640.207463265329352 50.660168545271176299
10640.252964055071061 50.653097477459311904
10640.298464844814589 50.646026409647447508
10640.343965634556298 50.638955341835583113
10640.389466424299826 50.631884274023718717
10640.434967214041535 50.624813206211854322
10640.480468003785063 50.617742138399989926
10640.525968793526772 50.610671070588125531
10640.571469583268481 50.603600002776261135
10640.616970373012009 50.59652893496439674
10640.662471162753718 50.589457867152532344
10640.707971952497246 50.582386799340667949
10640.753472742238955 50.575315731528803553
10640.798973531982483 50.568244663716939158
10640.844474321724192 50.561173595905074762
10640.889975111465901 50.554102528093210367
10640.935475901209429 50.547031460281345971
10640.980976690951138 50.539960392469481576
10641.026477480694666 50.53288932465761718
10641.071978270436375 50.525818256845752785
10641.117479060179903 50.51874718903388839
10641.162979849921612 50.511676121222023994
10641.208480639663321 50.504605053410159599
10641.253981429406849 50.497533985598295203
10641.299482219148558 50.490462917786430808
10641.344983008892086 50.483391849974566412
10641.390483798633795 50.476320782162702017
10641.435984588377323 50.469249714350837621
10641.481485378119032 50.462178646538973226
10641.526986167860741 50.45510757872710883
10641.572486957604269 50.448036510915244435
10641.617987747345978 50.440965443103380039
10641.663488537089506 50.433894375291515644
10641.708989326831215 50.426823307479651248
10641.754490116574743 50.419752239667786853
10641.799990906316452 50.412681171855922457
10641.84549169605998 50.405610104044058062
10641.890992485801689 50.398539036232193666
10641.936493275543398 50.391467968420329271
10641.981994065286926 50.384396900608464875
10642.027494855028635 50.37732583279660048
10642.072995644772163 50.370254764984736084
10642.118496434513872 50.363183697172871689
10642.1639972242574 50.356112629361007293
10642.209498013999109 50.349041561549142898
10642.254998803740818 50.341970493737278503
10642.300499593484346 50.334899425925414107
10642.346000383226055 50.327828358113549712
10642.391501172969583 50.320757290301685316
10642.437001962711292 50.313686222489820921
10642.48250275245482 50.306615154677956525
10642.528003542196529 50.29954408686609213
10642.573504331938238 50.292473019054227734
10642.619005121681766 50.285401951242363339
10642.664505911423475 50.278330883430498943
10642.710006701167003 50.271259815618634548
10642.755507490908712 50.264188747806770152
10642.801008280652241 50.257117679994905757
10642.84650907039395 50.250046612183041361
10642.892009860135659 50.242975544371176966
10642.937510649879187 50.23590447655931257
10642.983011439620896 50.228833408747448175
10643.028512229364424 50.221762340935583779
10643.074013019106133 50.214691273123719384
10643.119513808849661 50.207620205311854988
10643.16501459859137 50.200549137499990593
10643.210515388333079 50.193478069688126197
10643.256016178076607 50.186407001876261802
10643.301516967818316 50.179335934064397406
10643.347017757561844 50.172264866252533011
10643.392518547303553 50.165193798440668616
10643.438019337047081 50.15812273062880422
10643.48352012678879 50.151051662816939825
10643.529020916532318 50.143980595005075429
10643.574521706274027 50.136909527193211034
10643.620022496015736 50.129838459381346638
10643.665523285759264 50.122767391569482243
10643.711024075500973 50.115696323757617847
10643.756524865244501 50.108625255945753452
10643.80202565498621 50.101554188133889056
10643.847526444729738 50.094483120322024661
10643.893027234471447 50.087412052510160265
10643.938528024213156 50.08034098469829587
10643.984028813956684 50.073269916886431474
10644.029529603698393 50.066198849074567079
10644.075030393441921 50.059127781262702683
10644.12053118318363 50.052056713450838288
10644.166031972927158 50.044985645638973892
10644.211532762668867 50.037914577827109497
10644.257033552410576 50.030843510015245101
10644.302534342154104 50.023772442203380706
10644.348035131895813 50.01670137439151631
10644.393535921639341 50.009630306579651915
10644.43903671138105 50.002559238767787519
10644.484537501124578 49.995488170955923124
10644.530038290866287 49.988417103144058729
10644.575539080607996 49.981346035332194333
10644.621039870351524 49.974274967520329938
10644.666540660093233 49.967203899708465542
10644.712041449836761 49.960132831896601147
10644.75754223957847 49.953061764084736751
10644.803043029321998 49.945990696272872356
10644.848543819063707 49.93891962846100796
10644.894044608807235 49.931848560649143565
10644.939545398548944 49.924777492837279169
10644.985046188290653 49.917706425025414774
10645.030546978034181 49.910635357213550378
10645.07604776777589 49.903564289401685983
10645.121548557519418 49.896493221589821587
10645.167049347261127 49.889422153777957192
10645.212550137004655 49.882351085966092796
10645.258050926746364 49.875280018154228401
10645.303551716488073 49.868208950342364005
10645.349052506231601 49.86113788253049961
10645.39455329597331 49.854066814718635214
10645.440054085716838 49.846995746906770819
10645.485554875458547 49.839924679094906423
10645.531055665202075 49.832853611283042028
10645.576556454943784 49.825782543471177632
10645.622057244685493 49.818711475659313237
10645.667558034429021 49.811640407847448841
10645.71305882417073 49.804569340035584446
10645.758559613914258 49.797498272223720051
10645.804060403655967 49.790427204411855655
10645.849561193399495 49.78335613659999126
10645.895061983141204 49.776285068788126864
10645.940562772882913 49.769214000976262469
10645.986063562626441 49.762142933164398073
10646.03156435236815 49.755071865352533678
10646.077065142111678 49.748000797540669282
10646.122565931853387 49.740929729728804887
10646.168066721596915 49.733858661916940491
10646.213567511338624 49.726787594105076096
10646.259068301080333 49.7197165262932117
10646.304569090823861 49.712645458481347305
10646.35006988056557 49.705574390669482909
10646.395570670309098 49.698503322857618514
10646.441071460050807 49.691432255045754118
10646.486572249794335 49.684361187233889723
10646.532073039536044 49.677290119422025327
10646.577573829279572 49.670219051610160932
10646.623074619021281 49.663147983798296536
10646.66857540876299 49.656076915986432141
10646.714076198506518 49.649005848174567745
10646.759576988248227 49.64193478036270335
10646.805077777991755 49.634863712550838954
10646.850578567733464 49.627792644738974559
10646.896079357476992 49.620721576927110164
10646.941580147218701 49.613650509115245768
10646.98708093696041 49.606579441303381373
10647.032581726703938 49.599508373491516977
10647.078082516445647 49.592437305679652582
10647.123583306189175 49.585366237867788186
10647.169084095930884 49.578295170055923791
10647.214584885674412 49.571224102244059395
10647.260085675416121 49.564153034432195
10647.30558646515783 49.557081966620330604
10647.351087254901358 49.550010898808466209
10647.396588044643067 49.542939830996601813
10647.442088834386595 49.535868763184737418
10647.487589624128304 49.528797695372873022
10647.533090413871832 49.521726627561008627
10647.578591203613541 49.514655559749144231
10647.62409199335525 49.507584491937279836
10647.669592783098778 49.50051342412541544
10647.715093572840487 49.493442356313551045
10647.760594362584015 49.486371288501686649
10647.806095152325724 49.479300220689822254
10647.851595942069252 49.472229152877957858
10647.897096731810962 49.465158085066093463
10647.94259752155449 49.458087017254229067
10647.988098311296199 49.451015949442364672
10648.033599101037908 49.443944881630500277
10648.079099890781436 49.436873813818635881
10648.124600680523145 49.429802746006771486
10648.170101470266673 49.42273167819490709
10648.215602260008382 49.415660610383042695
10648.26110304975191 49.408589542571178299
10648.306603839493619 49.401518474759313904
10648.352104629235328 49.394447406947449508
10648.397605418978856 49.387376339135585113
10648.443106208720565 49.380305271323720717
10648.488606998464093 49.373234203511856322
10648.534107788205802 49.366163135699991926
10648.57960857794933 49.359092067888127531
10648.625109367691039 49.352021000076263135
10648.670610157432748 49.34494993226439874
10648.716110947176276 49.337878864452534344
10648.761611736917985 49.330807796640669949
10648.807112526661513 49.323736728828805553
10648.852613316403222 49.316665661016941158
10648.89811410614675 49.309594593205076762
10648.943614895888459 49.302523525393212367
10648.989115685630168 49.295452457581347971
10649.034616475373696 49.288381389769483576
10649.080117265115405 49.28131032195761918
10649.125618054858933 49.274239254145754785
10649.171118844600642 49.26716818633389039
10649.21661963434417 49.260097118522025994
10649.262120424085879 49.253026050710161599
10649.307621213827588 49.245954982898297203
10649.353122003571116 49.238883915086432808
10649.398622793312825 49.231812847274568412
10649.444123583056353 49.224741779462704017
10649.489624372798062 49.217670711650839621
10649.53512516254159 49.210599643838975226
10649.580625952283299 49.20352857602711083
10649.626126742026827 49.196457508215246435
10649.671627531768536 49.189386440403382039
10649.717128321510245 49.182315372591517644
10649.762629111253773 49.175244304779653248
10649.808129900995482 49.168173236967788853
10649.85363069073901 49.161102169155924457
10649.899131480480719 49.154031101344060062
10649.944632270224247 49.146960033532195666
10649.990133059965956 49.139888965720331271
10650.035633849707665 49.132817897908466875
10650.081134639451193 49.12574683009660248
10650.126635429192902 49.118675762284738084
10650.17213621893643 49.111604694472873689
10650.217637008678139 49.104533626661009293
10650.263137798421667 49.097462558849144898
10650.308638588163376 49.090391491037280502
10650.354139377905085 49.083320423225416107
10650.399640167648613 49.076249355413551712
10650.445140957390322 49.069178287601687316
10650.49064174713385 49.062107219789822921
10650.536142536875559 49.055036151977958525
10650.581643326619087 49.04796508416609413
10650.627144116360796 49.040894016354229734
10650.672644906102505 49.033822948542365339
10650.718145695846033 49.026751880730500943
10650.763646485587742 49.019680812918636548
10650.80914727533127 49.012609745106772152
10650.854648065072979 49.005538677294907757
10650.900148854816507 48.998467609483043361
10650.945649644558216 48.991396541671178966
10650.991150434301744 48.98432547385931457
10651.036651224043453 48.977254406047450175
10651.082152013785162 48.970183338235585779
10651.12765280352869 48.963112270423721384
10651.173153593270399 48.956041202611856988
10651.218654383013927 48.948970134799992593
10651.264155172755636 48.941899066988128197
10651.309655962499164 48.934827999176263802
10651.355156752240873 48.927756931364399406
10651.400657541982582 48.920685863552535011
10651.44615833172611 48.913614795740670615
10651.491659121467819 48.90654372792880622
10651.537159911211347 48.899472660116941825
10651.582660700953056 48.892401592305077429
10651.628161490696584 48.885330524493213034
10651.673662280438293 48.878259456681348638
10651.719163070180002 48.871188388869484243
10651.76466385992353 48.864117321057619847
10651.810164649665239 48.857046253245755452
10651.855665439408767 48.849975185433891056
10651.901166229150476 48.842904117622026661
10651.946667018894004 48.835833049810162265
10651.992167808635713 48.82876198199829787
10652.037668598377422 48.821690914186433474
10652.08316938812095 48.814619846374569079
10652.128670177862659 48.807548778562704683
10652.174170967606187 48.800477710750840288
10652.219671757347896 48.793406642938975892
10652.265172547091424 48.786335575127111497
10652.310673336833133 48.779264507315247101
10652.356174126576661 48.772193439503382706
10652.40167491631837 48.76512237169151831
10652.447175706060079 48.758051303879653915
10652.492676495803607 48.750980236067789519
10652.538177285545316 48.743909168255925124
10652.583678075288844 48.736838100444060728
10652.629178865030553 48.729767032632196333
10652.674679654774081 48.722695964820331938
10652.72018044451579 48.715624897008467542
10652.765681234257499 48.708553829196603147
10652.811182024001027 48.701482761384738751
10652.856682813742736 48.694411693572874356
10652.902183603486264 48.68734062576100996
10652.947684393227973 48.680269557949145565
10652.993185182971501 48.673198490137281169
10653.038685972713211 48.666127422325416774
10653.08418676245492 48.659056354513552378
10653.129687552198448 48.651985286701687983
10653.175188341940157 48.644914218889823587
10653.220689131683685 48.637843151077959192
10653.266189921425394 48.630772083266094796
10653.311690711168922 48.623701015454230401
10653.357191500910631 48.616629947642366005
10653.40269229065234 48.60955887983050161
10653.448193080395868 48.602487812018637214
10653.493693870137577 48.595416744206772819
10653.539194659881105 48.588345676394908423
10653.584695449622814 48.581274608583044028
10653.630196239366342 48.574203540771179632
10653.675697029108051 48.567132472959315237
10653.72119781884976 48.560061405147450841
10653.766698608593288 48.552990337335586446
10653.812199398334997 48.545919269523722051
10653.857700188078525 48.538848201711857655
10653.903200977820234 48.53177713389999326
10653.948701767563762 48.524706066088128864
10653.994202557305471 48.517634998276264469
10654.039703347048999 48.510563930464400073
10654.085204136790708 48.503492862652535678
10654.130704926532417 48.496421794840671282
10654.176205716275945 48.489350727028806887
10654.221706506017654 48.482279659216942491
10654.267207295761182 48.475208591405078096
10654.312708085502891 48.4681375235932137
10654.358208875246419 48.461066455781349305
10654.403709664988128 48.453995387969484909
10654.449210454729837 48.446924320157620514
10654.494711244473365 48.439853252345756118
10654.540212034215074 48.432782184533891723
10654.585712823958602 48.425711116722027327
10654.631213613700311 48.418640048910162932
10654.676714403443839 48.411568981098298536
10654.722215193185548 48.404497913286434141
10654.767715982927257 48.397426845474569745
10654.813216772670785 48.39035577766270535
10654.858717562412494 48.383284709850840954
10654.904218352156022 48.376213642038976559
10654.949719141897731 48.369142574227112163
10654.995219931641259 48.362071506415247768
10655.040720721382968 48.355000438603383373
10655.086221511124677 48.347929370791518977
10655.131722300868205 48.340858302979654582
10655.177223090609914 48.333787235167790186
10655.222723880353442 48.326716167355925791
10655.268224670095151 48.319645099544061395
10655.313725459838679 48.312574031732197
10655.359226249580388 48.305502963920332604
10655.404727039323916 48.298431896108468209
10655.450227829065625 48.291360828296603813
10655.495728618807334 48.284289760484739418
10655.541229408550862 48.277218692672875022
10655.586730198292571 48.270147624861010627
10655.632230988036099 48.263076557049146231
10655.677731777777808 48.256005489237281836
10655.723232567521336 48.24893442142541744
10655.768733357263045 48.241863353613553045
10655.814234147004754 48.234792285801688649
10655.859734936748282 48.227721217989824254
10655.905235726489991 48.220650150177959858
10655.950736516233519 48.213579082366095463
10655.996237305975228 48.206508014554231067
10656.041738095718756 48.199436946742366672
10656.087238885460465 48.192365878930502276
10656.132739675202174 48.185294811118637881
10656.178240464945702 48.178223743306773486
10656.223741254687411 48.17115267549490909
10656.269242044430939 48.164081607683044695
10656.314742834172648 48.157010539871180299
10656.360243623916176 48.149939472059315904
10656.405744413657885 48.142868404247451508
10656.451245203399594 48.135797336435587113
10656.496745993143122 48.128726268623722717
10656.542246782884831 48.121655200811858322
10656.587747572628359 48.114584132999993926
10656.633248362370068 48.107513065188129531
10656.678749152113596 48.100441997376265135
10656.724249941855305 48.09337092956440074
10656.769750731597014 48.086299861752536344
10656.815251521340542 48.079228793940671949
10656.860752311082251 48.072157726128807553
10656.906253100825779 48.065086658316943158
10656.951753890567488 48.058015590505078762
10656.997254680311016 48.050944522693214367
10657.042755470052725 48.043873454881349971
10657.088256259796253 48.036802387069485576
10657.133757049537962 48.02973131925762118
10657.179257839279671 48.022660251445756785
10657.224758629023199 48.015589183633892389
10657.270259418764908 48.008518115822027994
10657.315760208508436 48.001447048010163599
10657.361260998250145 47.994375980198299203
10657.406761787993673 47.987304912386434808
10657.452262577735382 47.980233844574570412
10657.497763367477091 47.973162776762706017
10657.543264157220619 47.966091708950841621
10657.588764946962328 47.959020641138977226
10657.634265736705856 47.95194957332711283
10657.679766526447565 47.944878505515248435
10657.725267316191093 47.937807437703384039
10657.770768105932802 47.930736369891519644
10657.816268895674511 47.923665302079655248
10657.861769685418039 47.916594234267790853
10657.907270475159748 47.909523166455926457
10657.952771264903276 47.902452098644062062
10657.998272054644985 47.895381030832197666
10658.043772844388513 47.888309963020333271
10658.089273634130222 47.881238895208468875
10658.134774423871932 47.87416782739660448
10658.18027521361546 47.867096759584740084
10658.225776003357169 47.860025691772875689
10658.271276793100697 47.852954623961011293
10658.316777582842406 47.845883556149146898
10658.362278372585934 47.838812488337282502
10658.407779162327643 47.831741420525418107
10658.453279952071171 47.824670352713553712
10658.49878074181288 47.817599284901689316
10658.544281531554589 47.810528217089824921
10658.589782321298117 47.803457149277960525
10658.635283111039826 47.79638608146609613
10658.680783900783354 47.789315013654231734
10658.726284690525063 47.782243945842367339
10658.771785480268591 47.775172878030502943
10658.8172862700103 47.768101810218638548
10658.862787059752009 47.761030742406774152
10658.908287849495537 47.753959674594909757
10658.953788639237246 47.746888606783045361
10658.999289428980774 47.739817538971180966
10659.044790218722483 47.73274647115931657
10659.090291008466011 47.725675403347452175
10659.13579179820772 47.718604335535587779
10659.181292587949429 47.711533267723723384
10659.226793377692957 47.704462199911858988
10659.272294167434666 47.697391132099994593
10659.317794957178194 47.690320064288130197
10659.363295746919903 47.683248996476265802
10659.408796536663431 47.676177928664401406
10659.45429732640514 47.669106860852537011
10659.499798116146849 47.662035793040672615
10659.545298905890377 47.65496472522880822
10659.590799695632086 47.647893657416943825
10659.636300485375614 47.640822589605079429
10659.681801275117323 47.633751521793215034
10659.727302064860851 47.626680453981350638
10659.77280285460256 47.619609386169486243
10659.818303644344269 47.612538318357621847
10659.863804434087797 47.605467250545757452
10659.909305223829506 47.598396182733893056
10659.954806013573034 47.591325114922028661
10660.000306803314743 47.584254047110164265
10660.045807593058271 47.57718297929829987
10660.09130838279998 47.570111911486435474
10660.136809172543508 47.563040843674571079
10660.182309962285217 47.555969775862706683
10660.227810752026926 47.548898708050842288
10660.273311541770454 47.541827640238977892
10660.318812331512163 47.534756572427113497
10660.364313121255691 47.527685504615249101
10660.4098139109974 47.520614436803384706
10660.455314700740928 47.51354336899152031
10660.500815490482637 47.506472301179655915
10660.546316280224346 47.499401233367791519
10660.591817069967874 47.492330165555927124
10660.637317859709583 47.485259097744062728
10660.682818649453111 47.478188029932198333
10660.72831943919482 47.471116962120333937
10660.773820228938348 47.464045894308469542
10660.819321018680057 47.456974826496605147
10660.864821808421766 47.449903758684740751
10660.910322598165294 47.442832690872876356
10660.955823387907003 47.43576162306101196
10661.001324177650531 47.428690555249147565
10661.04682496739224 47.421619487437283169
10661.092325757135768 47.414548419625418774
10661.137826546877477 47.407477351813554378
10661.183327336619186 47.400406284001689983
10661.228828126362714 47.393335216189825587
10661.274328916104423 47.386264148377961192
10661.319829705847951 47.379193080566096796
10661.36533049558966 47.372122012754232401
10661.410831285333188 47.365050944942368005
10661.456332075074897 47.35797987713050361
10661.501832864818425 47.350908809318639214
10661.547333654560134 47.343837741506774819
10661.592834444301843 47.336766673694910423
10661.638335234045371 47.329695605883046028
10661.68383602378708 47.322624538071181632
10661.729336813530608 47.315553470259317237
10661.774837603272317 47.308482402447452841
10661.820338393015845 47.301411334635588446
10661.865839182757554 47.29434026682372405
10661.911339972499263 47.287269199011859655
10661.956840762242791 47.28019813119999526
10662.0023415519845 47.273127063388130864
10662.047842341728028 47.266055995576266469
10662.093343131469737 47.258984927764402073
10662.138843921213265 47.251913859952537678
10662.184344710954974 47.244842792140673282
10662.229845500696683 47.237771724328808887
10662.275346290440211 47.230700656516944491
10662.32084708018192 47.223629588705080096
10662.366347869925448 47.2165585208932157
10662.411848659667157 47.209487453081351305
10662.457349449410685 47.202416385269486909
10662.502850239152394 47.195345317457622514
10662.548351028894103 47.188274249645758118
10662.593851818637631 47.181203181833893723
10662.63935260837934 47.174132114022029327
10662.684853398122868 47.167061046210164932
10662.730354187864577 47.159989978398300536
10662.775854977608105 47.152918910586436141
10662.821355767349814 47.145847842774571745
10662.866856557091523 47.13877677496270735
10662.912357346835051 47.131705707150842954
10662.95785813657676 47.124634639338978559
10663.003358926320288 47.117563571527114163
10663.048859716061997 47.110492503715249768
10663.094360505805525 47.103421435903385373
10663.139861295547234 47.096350368091520977
10663.185362085290762 47.089279300279656582
10663.230862875032471 47.082208232467792186
10663.276363664774181 47.075137164655927791
10663.321864454517709 47.068066096844063395
10663.367365244259418 47.060995029032199
10663.412866034002946 47.053923961220334604
10663.458366823744655 47.046852893408470209
10663.503867613488183 47.039781825596605813
10663.549368403229892 47.032710757784741418
10663.594869192971601 47.025639689972877022
10663.640369982715129 47.018568622161012627
10663.685870772456838 47.011497554349148231
10663.731371562200366 47.004426486537283836
10663.776872351942075 46.99735541872541944
10663.822373141685603 46.990284350913555045
10663.867873931427312 46.983213283101690649
10663.913374721169021 46.976142215289826254
10663.958875510912549 46.969071147477961858
10663.958875510912549 46.969071147477961858
10663.958875510912549 46.969071147477961858
10663.958875510912549 46.969071147477961858
10663.958875510912549 46.969071147477961858
10663.958875510912549 46.969071147477961858
10663.958875510912549 46.969071147477961858
10663.958875510912549 46.969071147477961858
10664.004376300654258 46.962000079666097463
10664.049877090397786 46.954929011854233067
10664.095377880139495 46.947857944042368672
10664.140878669883023 46.940786876230504276
10664.186379459624732 46.933715808418639881
10664.23188024936826 46.926644740606775486
10664.277381039109969 46.91957367279491109
10664.322881828851678 46.912502604983046695
10664.368382618595206 46.905431537171182299
10664.413883408336915 46.898360469359317904
10664.459384198080443 46.891289401547453508
10664.504884987822152 46.884218333735589113
10664.55038577756568 46.877147265923724717
10664.595886567307389 46.870076198111860322
10664.641387357049098 46.863005130299995926
10664.686888146792626 46.855934062488131531
10664.732388936534335 46.848862994676267135
10664.777889726277863 46.84179192686440274
10664.823390516019572 46.834720859052538344
10664.8688913057631 46.827649791240673949
10664.914392095504809 46.820578723428809553
10664.959892885248337 46.813507655616945158
10665.005393674990046 46.806436587805080762
10665.050894464731755 46.799365519993216367
10665.096395254475283 46.792294452181351971
10665.141896044216992 46.785223384369487576
10665.18739683396052 46.77815231655762318
10665.232897623702229 46.771081248745758785
10665.278398413445757 46.764010180933894389
10665.323899203187466 46.756939113122029994
10665.369399992929175 46.749868045310165598
10665.414900782672703 46.742796977498301203
10665.460401572414412 46.735725909686436808
10665.50590236215794 46.728654841874572412
10665.551403151899649 46.721583774062708017
10665.596903941643177 46.714512706250843621
10665.642404731384886 46.707441638438979226
10665.687905521126595 46.70037057062711483
10665.733406310870123 46.693299502815250435
10665.778907100611832 46.686228435003386039
10665.82440789035536 46.679157367191521644
10665.869908680097069 46.672086299379657248
10665.915409469840597 46.665015231567792853
10665.960910259582306 46.657944163755928457
10666.006411049324015 46.650873095944064062
10666.051911839067543 46.643802028132199666
10666.097412628809252 46.636730960320335271
10666.14291341855278 46.629659892508470875
10666.188414208294489 46.62258882469660648
10666.233914998038017 46.615517756884742084
10666.279415787779726 46.608446689072877689
10666.324916577523254 46.601375621261013293
10666.370417367264963 46.594304553449148898
10666.415918157006672 46.587233485637284502
10666.4614189467502 46.580162417825420107
10666.506919736491909 46.573091350013555711
10666.552420526235437 46.566020282201691316
10666.597921315977146 46.558949214389826921
10666.643422105720674 46.551878146577962525
10666.688922895462383 46.54480707876609813
10666.734423685204092 46.537736010954233734
10666.77992447494762 46.530664943142369339
10666.825425264689329 46.523593875330504943
10666.870926054432857 46.516522807518640548
10666.916426844174566 46.509451739706776152
10666.961927633918094 46.502380671894911757
10667.007428423659803 46.495309604083047361
10667.052929213401512 46.488238536271182966
10667.09843000314504 46.48116746845931857
10667.143930792886749 46.474096400647454175
10667.189431582630277 46.467025332835589779
10667.234932372371986 46.459954265023725384
10667.280433162115514 46.452883197211860988
10667.325933951857223 46.445812129399996593
10667.371434741598932 46.438741061588132197
10667.41693553134246 46.431669993776267802
10667.462436321084169 46.424598925964403406
10667.507937110827697 46.417527858152539011
10667.553437900569406 46.410456790340674615
10667.598938690312934 46.40338572252881022
10667.644439480054643 46.396314654716945824
10667.689940269796352 46.389243586905081429
10667.73544105953988 46.382172519093217034
10667.780941849281589 46.375101451281352638
10667.826442639025117 46.368030383469488243
10667.871943428766826 46.360959315657623847
10667.917444218510354 46.353888247845759452
10667.962945008252063 46.346817180033895056
10668.008445797995591 46.339746112222030661
10668.0539465877373 46.332675044410166265
10668.099447377479009 46.32560397659830187
10668.144948167222537 46.318532908786437474
10668.190448956964246 46.311461840974573079
10668.235949746707774 46.304390773162708683
10668.281450536449483 46.297319705350844288
10668.326951326193011 46.290248637538979892
10668.37245211593472 46.283177569727115497
10668.41795290567643 46.276106501915251101
10668.463453695419958 46.269035434103386706
10668.508954485161667 46.26196436629152231
10668.554455274905195 46.254893298479657915
10668.599956064646904 46.247822230667793519
10668.645456854390432 46.240751162855929124
10668.690957644132141 46.233680095044064728
10668.73645843387385 46.226609027232200333
10668.781959223617378 46.219537959420335937
10668.827460013359087 46.212466891608471542
10668.872960803102615 46.205395823796607147
10668.918461592844324 46.198324755984742751
10668.963962382587852 46.191253688172878356
10669.009463172329561 46.18418262036101396
10669.05496396207127 46.177111552549149565
10669.100464751814798 46.170040484737285169
10669.145965541556507 46.162969416925420774
10669.191466331300035 46.155898349113556378
10669.236967121041744 46.148827281301691983
10669.282467910785272 46.141756213489827587
10669.327968700526981 46.134685145677963192
10669.373469490270509 46.127614077866098796
10669.418970280012218 46.120543010054234401
10669.464471069753927 46.113471942242370005
10669.509971859497455 46.10640087443050561
10669.555472649239164 46.099329806618641214
10669.600973438982692 46.092258738806776819
10669.646474228724401 46.085187670994912423
10669.691975018467929 46.078116603183048028
10669.737475808209638 46.071045535371183632
10669.782976597951347 46.063974467559319237
10669.828477387694875 46.056903399747454841
10669.873978177436584 46.049832331935590446
10669.919478967180112 46.04276126412372605
10669.964979756921821 46.035690196311861655
10670.010480546665349 46.028619128499997259
10670.055981336407058 46.021548060688132864
10670.101482126148767 46.014476992876268469
10670.146982915892295 46.007405925064404073
10670.192483705634004 46.000334857252539678
10670.237984495377532 45.993263789440675282
10670.283485285119241 45.986192721628810887
10670.328986074862769 45.979121653816946491
10670.374486864604478 45.972050586005082096
10670.419987654346187 45.9649795181932177
10670.465488444089715 45.957908450381353305
10670.510989233831424 45.950837382569488909
10670.556490023574952 45.943766314757624514
10670.601990813316661 45.936695246945760118
10670.647491603060189 45.929624179133895723
10670.692992392801898 45.922553111322031327
10670.738493182543607 45.915482043510166932
10670.783993972287135 45.908410975698302536
10670.829494762028844 45.901339907886438141
10670.874995551772372 45.894268840074573745
10670.920496341514081 45.88719777226270935
10670.965997131257609 45.880126704450844954
10671.011497920999318 45.873055636638980559
10671.056998710742846 45.865984568827116163
10671.102499500484555 45.858913501015251768
10671.148000290226264 45.851842433203387372
10671.193501079969792 45.844771365391522977
10671.239001869711501 45.837700297579658582
10671.284502659455029 45.830629229767794186
10671.330003449196738 45.823558161955929791
10671.375504238940266 45.816487094144065395
10671.421005028681975 45.809416026332201
10671.466505818423684 45.802344958520336604
10671.512006608167212 45.795273890708472209
10671.557507397908921 45.788202822896607813
10671.603008187652449 45.781131755084743418
10671.648508977394158 45.774060687272879022
10671.694009767137686 45.766989619461014627
10671.739510556879395 45.759918551649150231
10671.785011346621104 45.752847483837285836
10671.830512136364632 45.74577641602542144
10671.876012926106341 45.738705348213557045
10671.921513715849869 45.731634280401692649
10671.967014505591578 45.724563212589828254
10672.012515295335106 45.717492144777963858
10672.058016085076815 45.710421076966099463
10672.103516874818524 45.703350009154235067
10672.149017664562052 45.696278941342370672
10672.194518454303761 45.689207873530506276
10672.240019244047289 45.682136805718641881
10672.285520033788998 45.675065737906777485
10672.331020823532526 45.66799467009491309
10672.376521613274235 45.660923602283048695
10672.422022403017763 45.653852534471184299
10672.467523192759472 45.646781466659319904
10672.513023982501181 45.639710398847455508
10672.558524772244709 45.632639331035591113
10672.604025561986418 45.625568263223726717
10672.649526351729946 45.618497195411862322
10672.695027141471655 45.611426127599997926
10672.740527931215183 45.604355059788133531
10672.786028720956892 45.597283991976269135
10672.831529510698601 45.59021292416440474
10672.877030300442129 45.583141856352540344
10672.922531090183838 45.576070788540675949
10672.968031879927366 45.568999720728811553
10673.013532669669075 45.561928652916947158
10673.059033459412603 45.554857585105082762
10673.104534249154312 45.547786517293218367
10673.150035038896021 45.540715449481353971
10673.195535828639549 45.533644381669489576
10673.241036618381258 45.52657331385762518
10673.286537408124786 45.519502246045760785
10673.332038197866495 45.512431178233896389
10673.377538987610023 45.505360110422031994
10673.423039777351732 45.498289042610167598
10673.468540567093441 45.491217974798303203
10673.514041356836969 45.484146906986438808
10673.559542146578679 45.477075839174574412
10673.605042936322207 45.470004771362710017
10673.650543726063916 45.462933703550845621
10673.696044515807444 45.455862635738981226
10673.741545305549153 45.44879156792711683
10673.787046095292681 45.441720500115252435
10673.83254688503439 45.434649432303388039
10673.878047674776099 45.427578364491523644
10673.923548464519627 45.420507296679659248
10673.969049254261336 45.413436228867794853
10674.014550044004864 45.406365161055930457
10674.060050833746573 45.399294093244066062
10674.105551623490101 45.392223025432201666
10674.15105241323181 45.385151957620337271
10674.196553202973519 45.378080889808472875
10674.242053992717047 45.37100982199660848
10674.287554782458756 45.363938754184744084
10674.333055572202284 45.356867686372879689
10674.378556361943993 45.349796618561015293
10674.424057151687521 45.342725550749150898
10674.46955794142923 45.335654482937286502
10674.515058731170939 45.328583415125422107
10674.560559520914467 45.321512347313557711
10674.606060310656176 45.314441279501693316
10674.651561100399704 45.30737021168982892
10674.697061890141413 45.300299143877964525
10674.742562679884941 45.29322807606610013
10674.78806346962665 45.286157008254235734
10674.833564259368359 45.279085940442371339
10674.879065049111887 45.272014872630506943
10674.924565838853596 45.264943804818642548
10674.970066628597124 45.257872737006778152
10675.015567418338833 45.250801669194913757
10675.061068208082361 45.243730601383049361
10675.10656899782407 45.236659533571184966
10675.152069787565779 45.22958846575932057
10675.197570577309307 45.222517397947456175
10675.243071367051016 45.215446330135591779
10675.288572156794544 45.208375262323727384
10675.334072946536253 45.201304194511862988
10675.379573736279781 45.194233126699998593
10675.42507452602149 45.187162058888134197
10675.470575315765018 45.180090991076269802
10675.516076105506727 45.173019923264405406
10675.561576895248436 45.165948855452541011
10675.607077684991964 45.158877787640676615
10675.652578474733673 45.15180671982881222
10675.698079264477201 45.144735652016947824
10675.74358005421891 45.137664584205083429
10675.789080843962438 45.130593516393219033
10675.834581633704147 45.123522448581354638
10675.880082423445856 45.116451380769490243
10675.925583213189384 45.109380312957625847
10675.971084002931093 45.102309245145761452
10676.016584792674621 45.095238177333897056
10676.06208558241633 45.088167109522032661
10676.107586372159858 45.081096041710168265
10676.153087161901567 45.07402497389830387
10676.198587951643276 45.066953906086439474
10676.244088741386804 45.059882838274575079
10676.289589531128513 45.052811770462710683
10676.335090320872041 45.045740702650846288
10676.38059111061375 45.038669634838981892
10676.426091900357278 45.031598567027117497
10676.471592690098987 45.024527499215253101
10676.517093479840696 45.017456431403388706
10676.562594269584224 45.01038536359152431
10676.608095059325933 45.003314295779659915
10676.653595849069461 44.996243227967795519
10676.69909663881117 44.989172160155931124
10676.744597428554698 44.982101092344066728
10676.790098218296407 44.975030024532202333
10676.835599008039935 44.967958956720337937
10676.881099797781644 44.960887888908473542
10676.926600587523353 44.953816821096609146
10676.972101377266881 44.946745753284744751
10677.01760216700859 44.939674685472880356
10677.063102956752118 44.93260361766101596
10677.108603746493827 44.925532549849151565
10677.154104536237355 44.918461482037287169
10677.199605325979064 44.911390414225422774
10677.245106115720773 44.904319346413558378
10677.290606905464301 44.897248278601693983
10677.33610769520601 44.890177210789829587
10677.381608484949538 44.883106142977965192
10677.427109274691247 44.876035075166100796
10677.472610064434775 44.868964007354236401
10677.518110854176484 44.861892939542372005
10677.563611643918193 44.85482187173050761
10677.609112433661721 44.847750803918643214
10677.65461322340343 44.840679736106778819
10677.700114013146958 44.833608668294914423
10677.745614802888667 44.826537600483050028
10677.791115592632195 44.819466532671185632
10677.836616382373904 44.812395464859321237
10677.882117172115613 44.805324397047456841
10677.927617961859141 44.798253329235592446
10677.97311875160085 44.79118226142372805
10678.018619541344378 44.784111193611863655
10678.064120331086087 44.777040125799999259
10678.109621120829615 44.769969057988134864
10678.155121910571324 44.762897990176270469
10678.200622700313033 44.755826922364406073
10678.246123490056561 44.748755854552541678
10678.29162427979827 44.741684786740677282
10678.337125069541798 44.734613718928812887
10678.382625859283507 44.727542651116948491
10678.428126649027035 44.720471583305084096
10678.473627438768744 44.7134005154932197
10678.519128228512272 44.706329447681355305
10678.564629018253981 44.699258379869490909
10678.61012980799569 44.692187312057626514
10678.655630597739219 44.685116244245762118
10678.701131387480928 44.678045176433897723
10678.746632177224456 44.670974108622033327
10678.792132966966165 44.663903040810168932
10678.837633756709693 44.656831972998304536
10678.883134546451402 44.649760905186440141
10678.928635336193111 44.642689837374575745
10678.974136125936639 44.63561876956271135
10679.019636915678348 44.628547701750846954
10679.065137705421876 44.621476633938982559
10679.110638495163585 44.614405566127118163
10679.156139284907113 44.607334498315253768
10679.201640074648822 44.600263430503389372
10679.247140864390531 44.593192362691524977
10679.292641654134059 44.586121294879660582
10679.338142443875768 44.579050227067796186
10679.383643233619296 44.571979159255931791
10679.429144023361005 44.564908091444067395
10679.474644813104533 44.557837023632203
10679.520145602846242 44.550765955820338604
10679.565646392587951 44.543694888008474209
10679.611147182331479 44.536623820196609813
10679.656647972073188 44.529552752384745418
10679.702148761816716 44.522481684572881022
10679.747649551558425 44.515410616761016627
10679.793150341301953 44.508339548949152231
10679.838651131043662 44.501268481137287836
10679.88415192078719 44.49419741332542344
10679.929652710528899 44.487126345513559045
10679.975153500270608 44.480055277701694649
10680.020654290014136 44.472984209889830254
10680.066155079755845 44.465913142077965858
10680.111655869499373 44.458842074266101463
10680.157156659241082 44.451771006454237067
10680.20265744898461 44.444699938642372672
10680.248158238726319 44.437628870830508276
10680.293659028468028 44.430557803018643881
10680.339159818211556 44.423486735206779485
10680.384660607953265 44.41641566739491509
10680.430161397696793 44.409344599583050694
10680.475662187438502 44.402273531771186299
10680.52116297718203 44.395202463959321904
10680.566663766923739 44.388131396147457508
10680.612164556665448 44.381060328335593113
10680.657665346408976 44.373989260523728717
10680.703166136150685 44.366918192711864322
10680.748666925894213 44.359847124899999926
10680.794167715635922 44.352776057088135531
10680.83966850537945 44.345704989276271135
10680.885169295121159 44.33863392146440674
10680.930670084862868 44.331562853652542344
10680.976170874606396 44.324491785840677949
10681.021671664348105 44.317420718028813553
10681.067172454091633 44.310349650216949158
10681.112673243833342 44.303278582405084762
10681.15817403357687 44.296207514593220367
10681.203674823318579 44.289136446781355971
10681.249175613060288 44.282065378969491576
10681.294676402803816 44.27499431115762718
10681.340177192545525 44.267923243345762785
10681.385677982289053 44.260852175533898389
10681.431178772030762 44.253781107722033994
10681.47667956177429 44.246710039910169598
10681.522180351515999 44.239638972098305203
10681.567681141259527 44.232567904286440807
10681.613181931001236 44.225496836474576412
10681.658682720742945 44.218425768662712017
10681.704183510486473 44.211354700850847621
10681.749684300228182 44.204283633038983226
10681.79518508997171 44.19721256522711883
10681.840685879713419 44.190141497415254435
10681.886186669456947 44.183070429603390039
10681.931687459198656 44.175999361791525644
10681.977188248940365 44.168928293979661248
10682.022689038683893 44.161857226167796853
10682.068189828425602 44.154786158355932457
10682.11369061816913 44.147715090544068062
10682.159191407910839 44.140644022732203666
10682.204692197654367 44.133572954920339271
10682.250192987396076 44.126501887108474875
10682.295693777137785 44.11943081929661048
10682.341194566881313 44.112359751484746084
10682.386695356623022 44.105288683672881689
10682.43219614636655 44.098217615861017293
10682.477696936108259 44.091146548049152898
10682.523197725851787 44.084075480237288502
10682.568698515593496 44.077004412425424107
10682.614199305335205 44.069933344613559711
10682.659700095078733 44.062862276801695316
10682.705200884820442 44.05579120898983092
10682.75070167456397 44.048720141177966525
10682.796202464305679 44.04164907336610213
10682.841703254049207 44.034578005554237734
10682.887204043790916 44.027506937742373339
10682.932704833534444 44.020435869930508943
10682.978205623276153 44.013364802118644548
10683.023706413017862 44.006293734306780152
10683.06920720276139 43.999222666494915757
10683.114707992503099 43.992151598683051361
10683.160208782246627 43.985080530871186966
10683.205709571988336 43.97800946305932257
10683.251210361731864 43.970938395247458175
10683.296711151473573 43.963867327435593779
10683.342211941215282 43.956796259623729384
10683.38771273095881 43.949725191811864988
10683.433213520700519 43.942654124000000593
10683.478714310444047 43.935583056188136197
10683.524215100185756 43.928511988376271802
10683.569715889929284 43.921440920564407406
10683.615216679670993 43.914369852752543011
10683.660717469412702 43.907298784940678615
10683.70621825915623 43.90022771712881422
10683.75171904889794 43.893156649316949824
10683.797219838641468 43.886085581505085429
10683.842720628383177 43.879014513693221033
10683.888221418126705 43.871943445881356638
10683.933722207868414 43.864872378069492243
10683.979222997610123 43.857801310257627847
10684.024723787353651 43.850730242445763452
10684.07022457709536 43.843659174633899056
10684.115725366838888 43.836588106822034661
10684.161226156580597 43.829517039010170265
10684.206726946324125 43.82244597119830587
10684.252227736065834 43.815374903386441474
10684.297728525809362 43.808303835574577079
10684.343229315551071 43.801232767762712683
10684.38873010529278 43.794161699950848288
10684.434230895036308 43.787090632138983892
10684.479731684778017 43.780019564327119497
10684.525232474521545 43.772948496515255101
10684.570733264263254 43.765877428703390706
10684.616234054006782 43.75880636089152631
10684.661734843748491 43.751735293079661915
10684.7072356334902 43.744664225267797519
10684.752736423233728 43.737593157455933124
10684.798237212975437 43.730522089644068728
10684.843738002718965 43.723451021832204333
10684.889238792460674 43.716379954020339937
10684.934739582204202 43.709308886208475542
10684.980240371945911 43.702237818396611146
10685.02574116168762 43.695166750584746751
10685.071241951431148 43.688095682772882355
10685.116742741172857 43.68102461496101796
10685.162243530916385 43.673953547149153565
10685.207744320658094 43.666882479337289169
10685.253245110401622 43.659811411525424774
10685.298745900143331 43.652740343713560378
10685.34424668988504 43.645669275901695983
10685.389747479628568 43.638598208089831587
10685.435248269370277 43.631527140277967192
10685.480749059113805 43.624456072466102796
10685.526249848855514 43.617385004654238401
10685.571750638599042 43.610313936842374005
10685.617251428340751 43.60324286903050961
10685.66275221808246 43.596171801218645214
10685.708253007825988 43.589100733406780819
10685.753753797567697 43.582029665594916423
10685.799254587311225 43.574958597783052028
10685.844755377052934 43.567887529971187632
10685.890256166796462 43.560816462159323237
10685.935756956538171 43.553745394347458841
10685.981257746281699 43.546674326535594446
10686.026758536023408 43.53960325872373005
10686.072259325765117 43.532532190911865655
10686.117760115508645 43.525461123100001259
10686.163260905250354 43.518390055288136864
10686.208761694993882 43.511318987476272468
10686.254262484735591 43.504247919664408073
10686.299763274479119 43.497176851852543678
10686.345264064220828 43.490105784040679282
10686.390764853962537 43.483034716228814887
10686.436265643706065 43.475963648416950491
10686.481766433447774 43.468892580605086096
10686.527267223191302 43.4618215127932217
10686.572768012933011 43.454750444981357305
10686.618268802676539 43.447679377169492909
10686.663769592418248 43.440608309357628514
10686.709270382159957 43.433537241545764118
10686.754771171903485 43.426466173733899723
10686.800271961645194 43.419395105922035327
10686.845772751388722 43.412324038110170932
10686.891273541130431 43.405252970298306536
10686.936774330873959 43.398181902486442141
10686.982275120615668 43.391110834674577745
10687.027775910357377 43.38403976686271335
10687.073276700100905 43.376968699050848954
10687.118777489842614 43.369897631238984559
10687.164278279586142 43.362826563427120163
10687.209779069327851 43.355755495615255768
10687.255279859071379 43.348684427803391372
10687.300780648813088 43.341613359991526977
10687.346281438556616 43.334542292179662581
10687.391782228298325 43.327471224367798186
10687.437283018040034 43.320400156555933791
10687.482783807783562 43.313329088744069395
10687.528284597525271 43.306258020932205
10687.573785387268799 43.299186953120340604
10687.619286177010508 43.292115885308476209
10687.664786966754036 43.285044817496611813
10687.710287756495745 43.277973749684747418
10687.755788546237454 43.270902681872883022
10687.801289335980982 43.263831614061018627
10687.846790125722691 43.256760546249154231
10687.892290915466219 43.249689478437289836
10687.937791705207928 43.24261841062542544
10687.983292494951456 43.235547342813561045
10688.028793284693165 43.228476275001696649
10688.074294074434874 43.221405207189832254
10688.119794864178402 43.214334139377967858
10688.165295653920111 43.207263071566103463
10688.210796443663639 43.200192003754239067
10688.256297233405348 43.193120935942374672
10688.301798023148876 43.186049868130510276
10688.347298812890585 43.178978800318645881
10688.392799602632294 43.171907732506781485
10688.438300392375822 43.16483666469491709
10688.483801182117531 43.157765596883052694
10688.529301971861059 43.150694529071188299
10688.574802761602768 43.143623461259323904
10688.620303551346296 43.136552393447459508
10688.665804341088005 43.129481325635595113
10688.711305130829714 43.122410257823730717
10688.756805920573242 43.115339190011866322
10688.802306710314951 43.108268122200001926
10688.847807500058479 43.101197054388137531
10688.893308289800189 43.094125986576273135
10688.938809079543717 43.08705491876440874
10688.984309869285426 43.079983850952544344
10689.029810659028954 43.072912783140679949
10689.075311448770663 43.065841715328815553
10689.120812238512372 43.058770647516951158
10689.1663130282559 43.051699579705086762
10689.211813817997609 43.044628511893222367
10689.257314607741137 43.037557444081357971
10689.302815397482846 43.030486376269493576
10689.348316187226374 43.02341530845762918
10689.393816976968083 43.016344240645764785
10689.439317766709792 43.009273172833900389
10689.48481855645332 43.002202105022035994
10689.530319346195029 42.995131037210171598
10689.575820135938557 42.988059969398307203
10689.621320925680266 42.980988901586442807
10689.666821715423794 42.973917833774578412
10689.712322505165503 42.966846765962714016
10689.757823294907212 42.959775698150849621
10689.80332408465074 42.952704630338985226
10689.848824874392449 42.94563356252712083
10689.894325664135977 42.938562494715256435
10689.939826453877686 42.931491426903392039
10689.985327243621214 42.924420359091527644
10690.030828033362923 42.917349291279663248
10690.076328823104632 42.910278223467798853
10690.12182961284816 42.903207155655934457
10690.167330402589869 42.896136087844070062
10690.212831192333397 42.889065020032205666
10690.258331982075106 42.881993952220341271
10690.303832771818634 42.874922884408476875
10690.349333561560343 42.86785181659661248
10690.394834351303871 42.860780748784748084
10690.44033514104558 42.853709680972883689
10690.485835930787289 42.846638613161019293
10690.531336720530817 42.839567545349154898
10690.576837510272526 42.832496477537290502
10690.622338300016054 42.825425409725426107
10690.667839089757763 42.818354341913561711
10690.713339879501291 42.811283274101697316
10690.758840669243 42.80421220628983292
10690.804341458984709 42.797141138477968525
10690.849842248728237 42.790070070666104129
10690.895343038469946 42.782999002854239734
10690.940843828213474 42.775927935042375339
10690.986344617955183 42.768856867230510943
10691.031845407698711 42.761785799418646548
10691.07734619744042 42.754714731606782152
10691.122846987182129 42.747643663794917757
10691.168347776925657 42.740572595983053361
10691.213848566667366 42.733501528171188966
10691.259349356410894 42.72643046035932457
10691.304850146152603 42.719359392547460175
10691.350350935896131 42.712288324735595779
10691.39585172563784 42.705217256923731384
10691.441352515379549 42.698146189111866988
10691.486853305123077 42.691075121300002593
10691.532354094864786 42.684004053488138197
10691.577854884608314 42.676932985676273802
10691.623355674350023 42.669861917864409406
10691.668856464093551 42.662790850052545011
10691.71435725383526 42.655719782240680615
10691.759858043576969 42.64864871442881622
10691.805358833320497 42.641577646616951824
10691.850859623062206 42.634506578805087429
10691.896360412805734 42.627435510993223033
10691.941861202547443 42.620364443181358638
10691.987361992290971 42.613293375369494242
10692.03286278203268 42.606222307557629847
10692.078363571776208 42.599151239745765452
10692.123864361517917 42.592080171933901056
10692.169365151259626 42.585009104122036661
10692.214865941003154 42.577938036310172265
10692.260366730744863 42.57086696849830787
10692.305867520488391 42.563795900686443474
10692.3513683102301 42.556724832874579079
10692.396869099973628 42.549653765062714683
10692.442369889715337 42.542582697250850288
10692.487870679457046 42.535511629438985892
10692.533371469200574 42.528440561627121497
10692.578872258942283 42.521369493815257101
10692.624373048685811 42.514298426003392706
10692.66987383842752 42.50722735819152831
10692.715374628171048 42.500156290379663915
10692.760875417912757 42.493085222567799519
10692.806376207654466 42.486014154755935124
10692.851876997397994 42.478943086944070728
10692.897377787139703 42.471872019132206333
10692.942878576883231 42.464800951320341937
10692.98837936662494 42.457729883508477542
10693.033880156368468 42.450658815696613146
10693.079380946110177 42.443587747884748751
10693.124881735851886 42.436516680072884355
10693.170382525595414 42.42944561226101996
10693.215883315337123 42.422374544449155565
10693.261384105080651 42.415303476637291169
10693.30688489482236 42.408232408825426774
10693.352385684565888 42.401161341013562378
10693.397886474307597 42.394090273201697983
10693.443387264051125 42.387019205389833587
10693.488888053792834 42.379948137577969192
10693.534388843534543 42.372877069766104796
10693.579889633278071 42.365806001954240401
10693.62539042301978 42.358734934142376005
10693.670891212763308 42.35166386633051161
10693.716392002505017 42.344592798518647214
10693.761892792248545 42.337521730706782819
10693.807393581990254 42.330450662894918423
10693.852894371731963 42.323379595083054028
10693.898395161475491 42.316308527271189632
10693.9438959512172 42.309237459459325237
10693.989396740960728 42.302166391647460841
10694.034897530702438 42.295095323835596446
10694.080398320445966 42.28802425602373205
10694.125899110187675 42.280953188211867655
10694.171399899929384 42.273882120400003259
10694.216900689672912 42.266811052588138864
10694.262401479414621 42.259739984776274468
10694.307902269158149 42.252668916964410073
10694.353403058899858 42.245597849152545677
10694.398903848643386 42.238526781340681282
10694.444404638385095 42.231455713528816887
10694.489905428126804 42.224384645716952491
10694.535406217870332 42.217313577905088096
10694.580907007612041 42.2102425100932237
10694.626407797355569 42.203171442281359305
10694.671908587097278 42.196100374469494909
10694.717409376840806 42.189029306657630514
10694.762910166582515 42.181958238845766118
10694.808410956324224 42.174887171033901723
10694.853911746067752 42.167816103222037327
10694.899412535809461 42.160745035410172932
10694.944913325552989 42.153673967598308536
10694.990414115294698 42.146602899786444141
10695.035914905038226 42.139531831974579745
10695.081415694779935 42.13246076416271535
10695.126916484523463 42.125389696350850954
10695.172417274265172 42.118318628538986559
10695.217918064006881 42.111247560727122163
10695.263418853750409 42.104176492915257768
10695.308919643492118 42.097105425103393372
10695.354420433235646 42.090034357291528977
10695.399921222977355 42.082963289479664581
10695.445422012720883 42.075892221667800186
10695.490922802462592 42.06882115385593579
10695.536423592204301 42.061750086044071395
10695.581924381947829 42.054679018232207
10695.627425171689538 42.047607950420342604
10695.672925961433066 42.040536882608478209
10695.718426751174775 42.033465814796613813
10695.763927540918303 42.026394746984749418
10695.809428330660012 42.019323679172885022
10695.854929120401721 42.012252611361020627
10695.900429910145249 42.005181543549156231
10695.945930699886958 41.998110475737291836
10695.991431489630486 41.99103940792542744
10696.036932279372195 41.983968340113563045
10696.082433069115723 41.976897272301698649
10696.127933858857432 41.969826204489834254
10696.173434648599141 41.962755136677969858
10696.218935438342669 41.955684068866105463
10696.264436228084378 41.948613001054241067
10696.309937017827906 41.941541933242376672
10696.355437807569615 41.934470865430512276
10696.400938597313143 41.927399797618647881
10696.446439387054852 41.920328729806783485
10696.49194017679838 41.91325766199491909
10696.537440966540089 41.906186594183054694
10696.582941756281798 41.899115526371190299
10696.628442546025326 41.892044458559325903
10696.673943335767035 41.884973390747461508
10696.719444125510563 41.877902322935597113
10696.764944915252272 41.870831255123732717
10696.8104457049958 41.863760187311868322
10696.855946494737509 41.856689119500003926
10696.901447284479218 41.849618051688139531
10696.946948074222746 41.842546983876275135
10696.992448863964455 41.83547591606441074
10697.037949653707983 41.828404848252546344
10697.083450443449692 41.821333780440681949
10697.12895123319322 41.814262712628817553
10697.174452022934929 41.807191644816953158
10697.219952812676638 41.800120577005088762
10697.265453602420166 41.793049509193224367
10697.310954392161875 41.785978441381359971
10697.356455181905403 41.778907373569495576
10697.401955971647112 41.77183630575763118
10697.44745676139064 41.764765237945766785
10697.492957551132349 41.757694170133902389
10697.538458340874058 41.750623102322037994
10697.583959130617586 41.743552034510173598
10697.629459920359295 41.736480966698309203
10697.674960710102823 41.729409898886444807
10697.720461499844532 41.722338831074580412
10697.76596228958806 41.715267763262716016
10697.811463079329769 41.708196695450851621
10697.856963869071478 41.701125627638987226
10697.902464658815006 41.69405455982712283
10697.947965448556715 41.686983492015258435
10697.993466238300243 41.679912424203394039
10698.038967028041952 41.672841356391529644
10698.08446781778548 41.665770288579665248
10698.129968607527189 41.658699220767800853
10698.175469397270717 41.651628152955936457
10698.220970187012426 41.644557085144072062
10698.266470976754135 41.637486017332207666
10698.311971766497663 41.630414949520343271
10698.357472556239372 41.623343881708478875
10698.4029733459829 41.61627281389661448
10698.448474135724609 41.609201746084750084
10698.493974925468137 41.602130678272885689
10698.539475715209846 41.595059610461021293
10698.584976504951555 41.587988542649156898
10698.630477294695083 41.580917474837292502
10698.675978084436792 41.573846407025428107
10698.72147887418032 41.566775339213563711
10698.766979663922029 41.559704271401699316
10698.812480453665557 41.55263320358983492
10698.857981243407266 41.545562135777970525
10698.903482033148975 41.538491067966106129
10698.948982822892503 41.531420000154241734
10698.994483612634212 41.524348932342377339
10699.03998440237774 41.517277864530512943
10699.085485192119449 41.510206796718648548
10699.130985981862977 41.503135728906784152
10699.176486771604687 41.496064661094919757
10699.221987561346396 41.488993593283055361
10699.267488351089924 41.481922525471190966
10699.312989140831633 41.47485145765932657
10699.358489930575161 41.467780389847462175
10699.40399072031687 41.460709322035597779
10699.449491510060398 41.453638254223733384
10699.494992299802107 41.446567186411868988
10699.540493089545635 41.439496118600004593
10699.585993879287344 41.432425050788140197
10699.631494669029053 41.425353982976275802
10699.676995458772581 41.418282915164411406
10699.72249624851429 41.411211847352547011
10699.767997038257818 41.404140779540682615
10699.813497827999527 41.39706971172881822
10699.858998617743055 41.389998643916953824
10699.904499407484764 41.382927576105089429
10699.950000197226473 41.375856508293225033
10699.995500986970001 41.368785440481360638
10700.04100177671171 41.361714372669496242
10700.086502566455238 41.354643304857631847
10700.132003356196947 41.347572237045767451
10700.177504145940475 41.340501169233903056
10700.223004935682184 41.333430101422038661
10700.268505725423893 41.326359033610174265
10700.314006515167421 41.31928796579830987
10700.35950730490913 41.312216897986445474
10700.405008094652658 41.305145830174581079
10700.450508884394367 41.298074762362716683
10700.496009674137895 41.291003694550852288
10700.541510463879604 41.283932626738987892
10700.587011253621313 41.276861558927123497
10700.632512043364841 41.269790491115259101
10700.67801283310655 41.262719423303394706
10700.723513622850078 41.25564835549153031
10700.769014412591787 41.248577287679665915
10700.814515202335315 41.241506219867801519
10700.860015992077024 41.234435152055937124
10700.905516781820552 41.227364084244072728
10700.951017571562261 41.220293016432208333
10700.99651836130397 41.213221948620343937
10701.042019151047498 41.206150880808479542
10701.087519940789207 41.199079812996615146
10701.133020730532735 41.192008745184750751
10701.178521520274444 41.184937677372886355
10701.224022310017972 41.17786660956102196
10701.269523099759681 41.170795541749157564
10701.31502388950139 41.163724473937293169
10701.360524679244918 41.156653406125428774
10701.406025468986627 41.149582338313564378
10701.451526258730155 41.142511270501699983
10701.497027048471864 41.135440202689835587
10701.542527838215392 41.128369134877971192
10701.588028627957101 41.121298067066106796
10701.63352941769881 41.114226999254242401
10701.679030207442338 41.107155931442378005
10701.724530997184047 41.10008486363051361
10701.770031786927575 41.093013795818649214
10701.815532576669284 41.085942728006784819
10701.861033366412812 41.078871660194920423
10701.906534156154521 41.071800592383056028
10701.95203494589623 41.064729524571191632
10701.997535735639758 41.057658456759327237
10702.043036525381467 41.050587388947462841
10702.088537315124995 41.043516321135598446
10702.134038104866704 41.03644525332373405
10702.179538894610232 41.029374185511869655
10702.225039684351941 41.022303117700005259
10702.27054047409365 41.015232049888140864
10702.316041263837178 41.008160982076276468
10702.361542053578887 41.001089914264412073
10702.407042843322415 40.994018846452547677
10702.452543633064124 40.986947778640683282
10702.498044422807652 40.979876710828818887
10702.543545212549361 40.972805643016954491
10702.589046002292889 40.965734575205090096
10702.634546792034598 40.9586635073932257
10702.680047581776307 40.951592439581361305
10702.725548371519835 40.944521371769496909
10702.771049161261544 40.937450303957632514
10702.816549951005072 40.930379236145768118
10702.862050740746781 40.923308168333903723
10702.907551530490309 40.916237100522039327
10702.953052320232018 40.909166032710174932
10702.998553109973727 40.902094964898310536
10703.044053899717255 40.895023897086446141
10703.089554689458964 40.887952829274581745
10703.135055479202492 40.88088176146271735
10703.180556268944201 40.873810693650852954
10703.226057058687729 40.866739625838988559
10703.271557848429438 40.859668558027124163
10703.317058638171147 40.852597490215259768
10703.362559427914675 40.845526422403395372
10703.408060217656384 40.838455354591530977
10703.453561007399912 40.831384286779666581
10703.499061797141621 40.824313218967802186
10703.544562586885149 40.81724215115593779
10703.590063376626858 40.810171083344073395
10703.635564166368567 40.803100015532209
10703.681064956112095 40.796028947720344604
10703.726565745853804 40.788957879908480209
10703.772066535597332 40.781886812096615813
10703.817567325339041 40.774815744284751418
10703.863068115082569 40.767744676472887022
10703.908568904824278 40.760673608661022627
10703.954069694567806 40.753602540849158231
10703.999570484309515 40.746531473037293836
10704.045071274051224 40.73946040522542944
10704.090572063794752 40.732389337413565045
10704.136072853536461 40.725318269601700649
10704.181573643279989 40.718247201789836254
10704.227074433021698 40.711176133977971858
10704.272575222765226 40.704105066166107463
10704.318076012506936 40.697033998354243067
10704.363576802248645 40.689962930542378672
10704.409077591992173 40.682891862730514276
10704.454578381733882 40.675820794918649881
10704.50007917147741 40.668749727106785485
10704.545579961219119 40.66167865929492109
10704.591080750962647 40.654607591483056694
10704.636581540704356 40.647536523671192299
10704.682082330446065 40.640465455859327903
10704.727583120189593 40.633394388047463508
10704.773083909931302 40.626323320235599112
10704.81858469967483 40.619252252423734717
10704.864085489416539 40.612181184611870322
10704.909586279160067 40.605110116800005926
10704.955087068901776 40.598039048988141531
10705.000587858643485 40.590967981176277135
10705.046088648387013 40.58389691336441274
10705.091589438128722 40.576825845552548344
10705.13709022787225 40.569754777740683949
10705.182591017613959 40.562683709928819553
10705.228091807357487 40.555612642116955158
10705.273592597099196 40.548541574305090762
10705.319093386840905 40.541470506493226367
10705.364594176584433 40.534399438681361971
10705.410094966326142 40.527328370869497576
10705.45559575606967 40.52025730305763318
10705.501096545811379 40.513186235245768785
10705.546597335554907 40.506115167433904389
10705.592098125296616 40.499044099622039994
10705.637598915040144 40.491973031810175598
10705.683099704781853 40.484901963998311203
10705.728600494523562 40.477830896186446807
10705.77410128426709 40.470759828374582412
10705.819602074008799 40.463688760562718016
10705.865102863752327 40.456617692750853621
10705.910603653494036 40.449546624938989225
10705.956104443237564 40.44247555712712483
10706.001605232979273 40.435404489315260435
10706.047106022720982 40.428333421503396039
10706.09260681246451 40.421262353691531644
10706.138107602206219 40.414191285879667248
10706.183608391949747 40.407120218067802853
10706.229109181691456 40.400049150255938457
10706.274609971434984 40.392978082444074062
10706.320110761176693 40.385907014632209666
10706.365611550918402 40.378835946820345271
10706.41111234066193 40.371764879008480875
10706.456613130403639 40.36469381119661648
10706.502113920147167 40.357622743384752084
10706.547614709888876 40.350551675572887689
10706.593115499632404 40.343480607761023293
10706.638616289374113 40.336409539949158898
10706.684117079115822 40.329338472137294502
10706.72961786885935 40.322267404325430107
10706.775118658601059 40.315196336513565711
10706.820619448344587 40.308125268701701316
10706.866120238086296 40.30105420088983692
10706.911621027829824 40.293983133077972525
10706.957121817571533 40.286912065266108129
10707.002622607315061 40.279840997454243734
10707.04812339705677 40.272769929642379338
10707.093624186798479 40.265698861830514943
10707.139124976542007 40.258627794018650548
10707.184625766283716 40.251556726206786152
10707.230126556027244 40.244485658394921757
10707.275627345768953 40.237414590583057361
10707.321128135512481 40.230343522771192966
10707.36662892525419 40.22327245495932857
10707.412129714995899 40.216201387147464175
10707.457630504739427 40.209130319335599779
10707.503131294481136 40.202059251523735384
10707.548632084224664 40.194988183711870988
10707.594132873966373 40.187917115900006593
10707.639633663709901 40.180846048088142197
10707.68513445345161 40.173774980276277802
10707.730635243193319 40.166703912464413406
10707.776136032936847 40.159632844652549011
10707.821636822678556 40.152561776840684615
10707.867137612422084 40.14549070902882022
10707.912638402163793 40.138419641216955824
10707.958139191907321 40.131348573405091429
10708.00363998164903 40.124277505593227033
10708.049140771390739 40.117206437781362638
10708.094641561134267 40.110135369969498242
10708.140142350875976 40.103064302157633847
10708.185643140619504 40.095993234345769451
10708.231143930361213 40.088922166533905056
10708.276644720104741 40.081851098722040661
10708.32214550984645 40.074780030910176265
10708.367646299588159 40.06770896309831187
10708.413147089331687 40.060637895286447474
10708.458647879073396 40.053566827474583079
10708.504148668816924 40.046495759662718683
10708.549649458558633 40.039424691850854288
10708.595150248302161 40.032353624038989892
10708.64065103804387 40.025282556227125497
10708.686151827787398 40.018211488415261101
10708.731652617529107 40.011140420603396706
10708.777153407270816 40.00406935279153231
10708.822654197014344 39.996998284979667915
10708.868154986756053 39.989927217167803519
10708.913655776499581 39.982856149355939124
10708.95915656624129 39.975785081544074728
10709.004657355984818 39.968714013732210333
10709.050158145726527 39.961642945920345937
10709.095658935468236 39.954571878108481542
10709.141159725211764 39.947500810296617146
10709.186660514953473 39.940429742484752751
10709.232161304697001 39.933358674672888355
10709.27766209443871 39.92628760686102396
10709.323162884182238 39.919216539049159564
10709.368663673923947 39.912145471237295169
10709.414164463665657 39.905074403425430773
10709.459665253409185 39.898003335613566378
10709.459665253409185 39.898003335613566378
10709.459665253409185 39.898003335613566378
10709.459665253409185 39.898003335613566378
10709.459665253409185 39.898003335613566378
10709.459665253409185 39.898003335613566378
10709.459665253409185 39.898003335613566378
10709.459665253409185 39.898003335613566378
10709.505166043150894 39.890932267801701983
10709.550666832894422 39.883861199989837587
10709.596167622636131 39.876790132177973192
10709.641668412379659 39.869719064366108796
10709.687169202121368 39.862647996554244401
10709.732669991864896 39.855576928742380005
10709.778170781606605 39.84850586093051561
10709.823671571348314 39.841434793118651214
10709.869172361091842 39.834363725306786819
10709.914673150833551 39.827292657494922423
10709.960173940577079 39.820221589683058028
10710.005674730318788 39.813150521871193632
10710.051175520062316 39.806079454059329237
10710.096676309804025 39.799008386247464841
10710.142177099545734 39.791937318435600446
10710.187677889289262 39.78486625062373605
10710.233178679030971 39.777795182811871655
10710.278679468774499 39.770724115000007259
10710.324180258516208 39.763653047188142864
10710.369681048259736 39.756581979376278468
10710.415181838001445 39.749510911564414073
10710.460682627744973 39.742439843752549677
10710.506183417486682 39.735368775940685282
10710.551684207228391 39.728297708128820886
10710.597184996971919 39.721226640316956491
10710.642685786713628 39.714155572505092096
10710.688186576457156 39.7070845046932277
10710.733687366198865 39.700013436881363305
10710.779188155942393 39.692942369069498909
10710.824688945684102 39.685871301257634514
10710.870189735425811 39.678800233445770118
10710.915690525169339 39.671729165633905723
10710.961191314911048 39.664658097822041327
10711.006692104654576 39.657587030010176932
10711.052192894396285 39.650515962198312536
10711.097693684139813 39.643444894386448141
10711.143194473881522 39.636373826574583745
10711.188695263623231 39.62930275876271935
10711.234196053366759 39.622231690950854954
10711.279696843108468 39.615160623138990559
10711.325197632851996 39.608089555327126163
10711.370698422595524 39.60101848751538256
10711.416199212340871 39.593947419704413448
10711.461700002097132 39.586876351895213588
10711.507200791873402 39.579805284089083273
10711.552701581684232 39.572734216287649645
10711.598202371549633 39.565663148492838275
10711.64370316149143 39.558592080706880267
10711.689203951535092 39.55152101293231226
10711.734704741711539 39.544449945171976424
10711.780205532053515 39.537378877429013357
10711.825706322601036 39.530307809706854982
10711.871207113394121 39.523236742009238753
10711.916707904476425 39.516165674340186342
10711.962208695897061 39.509094606704017849
10712.00770948770878 39.502023539105337591
10712.053210279966152 39.494952471549041206
10712.098711072729202 39.487881404040471978
10712.144211866061596 39.480810336585776099
10712.189712660039731 39.473739269191653989
10712.235213454743644 39.466668201865353183
10712.280714250264282 39.459597134614639913
10712.326215046699872 39.452526067447806213
10712.371715844155915 39.445455000373677024
10712.417216642747007 39.438383933401595982
10712.462717442593203 39.431312866541411211
10712.508218243825468 39.424241799803496633
10712.553719046578408 39.417170733198730659
10712.599219850997542 39.410099666738489077
10712.644720657233847 39.403028600434666373
10712.690221465445575 39.395957534299647307
10712.735722275798253 39.388886468346306913
10712.781223088464685 39.38181540258802471
10712.826723903624952 39.374744337038663389
10712.87222472146459 39.367673271712568805
10712.917725542176413 39.360602206624569988
10712.963226365960509 39.353531141789979131
10713.008727193024242 39.346460077224584495
10713.054228023578617 39.339389012944643298
10713.099728857843729 39.332317948966881715
10713.145229696045135 39.325246885308501987
10713.190730538415664 39.3181758219871611
10713.236231385191786 39.311104759020977895
10713.281732236617245 39.304033696428525957
10713.327233092941242 39.296962634228847833
10713.372733954420255 39.289891572441419498
10713.418234821316219 39.282820511086178783
10713.463735693894705 39.275749450183504052
10713.509236572428563 39.268678389754214209
10713.554737457197916 39.261607329819575796
10713.600238348484709 39.254536270401295894
10713.64573924657816 39.247465211521500805
10713.691240151774764 39.240394153202764471
10713.736741064371017 39.23332309546808716
10713.782241984674329 39.226252038340895467
10713.827742912992107 39.219180981845042311
10713.873243849640858 39.212109926004799831
10713.918744794940721 39.205038870844866494
10713.964245749215479 39.19796781639035288
10714.009746712794367 39.190896762666788788
10714.055247686010262 39.183825709700116136
10714.100748669203313 39.176754657516688951
10714.14624966271731 39.16968360614327338
10714.191750666899679 39.162612555607033471
10714.237251682101487 39.155541505935552493
10714.282752708681073 39.148470457156804514
10714.328253746998598 39.141399409299175716
10714.37375479741786 39.134328362391443079
10714.419255860309931 39.127257316462802805
10714.464756936049525 39.120186271543161638
10714.510258025022267 39.113115227663030282
10714.55575912761924 39.10604418485337419
10714.60126024424244 39.098973143145641984
10714.646761375302958 39.091902102571729927
10714.692262521220982 39.08483106316400324
10714.737763682423974 39.077760024955281892
10714.783264859350311 39.070688987978847706
10714.828766052443825 39.063617952268430145
10714.874267262159265 39.05654691785822763
10714.919768488958653 39.04947588478287912
10714.965269733313107 39.042404853077478322
10715.010770995699204 39.035333822777573687
10715.056272276604432 39.028262793919161311
10715.101773576523556 39.021191766538684931
10715.147274895956798 39.014120740673043031
10715.192776235415295 39.007049716359574631
10715.238277595415639 38.99997869363605929
10715.283778976481699 38.992907672540738417
10715.329280379146439 38.985836653112293959
10715.374781803948281 38.978765635389848399
10715.420283251434739 38.971694619412964755
10715.465784722158787 38.964623605221667901
10715.511286216680674 38.95755259285641614
10715.556787735567923 38.950481582358122523
10715.602289279397155 38.943410573768133531
10715.647790848748627 38.936339567128250394
10715.693292444209874 38.929268562480721982
10715.738794066375704 38.922197559868237704
10715.784295715848202 38.915126559333948819
10715.829797393233093 38.908055560921461336
10715.875299099148833 38.900984564675248123
10715.920800834222973 38.893913570640542332
10715.96630259909216 38.886842578863223707
10716.011804394407591 38.879771589389825692
10716.05730622082956 38.872700602267528325
10716.102808079029273 38.865629617544158236
10716.148309969688853 38.858558635268188652
10716.193811893503153 38.851487655488753603
10716.239313851176121 38.844416678255626607
10716.284815843422621 38.837345703619249093
10716.33031787096661 38.83027473163071619
10716.375819934544779 38.823203762341769618
10716.421322034904733 38.816132795804819011
10716.466824172801353 38.809061832072934806
10716.512326349000432 38.801990871199848243
10716.55782856427868 38.794919913240001108
10716.603330819423718 38.787848958248780207
10716.648833115234083 38.780778006282496051
10716.694335452522864 38.773707057398340226
10716.739837832112244 38.766636111654399599
10716.785340254837138 38.759565169109698957
10716.830842721545196 38.752494229824506533
10716.876345233098618 38.74542329386027717
10716.921847790375978 38.738352361279950742
10716.967350394274035 38.731281432147987687
10717.012853045704105 38.724210506530312159
10717.05835574559751 38.717139584494333349
10717.103858494901942 38.71006866610895969
10717.149361294583287 38.702997751444627283
10717.194864145627434 38.695926840573534378
10717.240367049040287 38.688855933569442413
10717.285870005849574 38.681785030507633394
10717.331373017106671 38.674714131464931199
10717.376876083884781 38.667643236519701588
10717.422379207278937 38.660572345751880619
10717.467882388405997 38.653501459242988858
10717.51338562840283 38.646430577076138491
10717.558888928429951 38.639359699336061738
10717.604392289669704 38.632288826109132174
10717.649895713328078 38.625217957483357623
10717.695399200629254 38.618147093548436999
10717.740902752821057 38.611076234395738993
10717.786406371173143 38.604005380118344704
10717.831910056976994 38.596934530811061848
10717.877413811545921 38.589863686570446077
10717.922917636215061 38.582792847494815192
10717.9684215323432 38.575722013684277556
10718.013925501309132 38.568651185240746315
10718.059429544515297 38.561580362267967814
10718.104933663385964 38.554509544871535809
10718.15043785936723 38.547438733158919888
10718.1959421339252 38.540367927239493895
10718.241446488551446 38.533297127224535927
10718.286950924759367 38.526226333227292287
10718.332455444084189 38.519155545362956161
10718.377960048084788 38.512084763748731575
10718.423464738340044 38.505013988503840494
10718.468969516452489 38.497943219749544141
10718.514474384050118 38.490872457609178525
10718.559979342780935 38.483801702208189965
10718.605484394314772 38.476730953674142199
10718.650989540348746 38.469660212136759014
10718.696494782599984 38.462589477727952669
10718.742000122809259 38.455518750581852316
10718.787505562740989 38.448448030834832423
10718.833011104183242 38.441377318625541193
10718.878516748949551 38.434306614094936094
10718.924022498873455 38.427235917386319386
10718.969528355815783 38.42016522864536654
10719.015034321659186 38.413094548020154662
10719.060540398313606 38.40602387566121223
10719.106046587708988 38.398953211721533307
10719.151552891804386 38.391882556356748069
10719.197059312584315 38.38481190972523649
10719.242565852062398 38.377741271988007554
10719.288072512277722 38.370670643308770309
10719.333579295300297 38.363600023853948073
10719.379086203229235 38.356529413792742389
10719.424593238190937 38.349458813297154336
10719.470100402342723 38.342388222542034271
10719.515607697871019 38.335317641705131564
10719.561115126991353 38.328247070967137233
10719.606622691951998 38.321176510511712365
10719.652130395028507 38.314105960525552064
10719.69763823852918 38.307035421198428082
10719.743146224795055 38.299964892723238563
10719.788654356194456 38.292894375296043563
10719.834162635132088 38.285823869116129003
10719.87967106403994 38.278753374386049302
10719.925179645388198 38.271682891311691321
10719.970688381676155 38.264612420102302792
10720.016197275435843 38.257541960970570472
10720.061706329235676 38.25047151413265567
10720.107215545676809 38.243401079808265308
10720.152724927394956 38.23633065822070165
10720.198234477058577 38.229260249596904941
10720.243744197374326 38.222189854167545775
10720.289254091083421 38.215119472167053516
10720.334764160963459 38.208049103833687354
10720.380274409828417 38.200978749409600255
10720.42578484052865 38.193908409140917115
10720.471295455950894 38.186838083277763189
10720.516806259021905 38.179767772074356458
10720.562317252704815 38.17269747578907868
10720.607828440002777 38.165627194684532242
10720.653339823958959 38.158556929027859894
10720.698851407658367 38.151486679090787391
10720.744363194229663 38.144416445149623485
10720.789875186845165 38.137346227485345196
10720.835387388722665 38.130276026383668864
10720.880899803123611 38.123205842135142518
10720.926412433353107 38.116135675035216934
10720.971925282767188 38.109065525384323792
10721.017438354765545 38.10199539348797515
10721.062951652795164 38.09492527965684161
10721.108465180352141 38.087855184206830472
10721.153978940981688 38.080785107459199423
10721.199492938278127 38.073715049740627592
10721.245007175886713 38.066645011383307917
10721.290521657501813 38.059574992725046627
10721.336036386868727 38.052504994109369818
10721.381551367787324 38.045435015885608721
10721.427066604108404 38.03836505840899207
10721.472582099739157 38.031295122040766898
10721.518097858637702 38.024225207148283801
10721.563613884818551 38.017155314105110619
10721.60913018235442 38.010085443291146134
10721.654646755372596 38.003015595092705325
10721.700163608056755 37.995945769902661482
10721.745680744652418 37.988875968120531468
10721.791198169461495 37.981806190152603619
10721.836715886845923 37.974736436412051432
10721.882233901229483 37.967666707319061459
10721.927752217097805 37.960597003300939889
10721.973270838996541 37.953527324792240449
10722.01878977153865 37.9464576722348923
10722.064309019400753 37.939388046078356354
10722.109828587323136 37.932318446780200816
10722.155348480122484 37.925248874806207766
10722.200868702686421 37.918179330630302104
10722.246389259980788 37.911109814734665235
10722.291910157046004 37.90404032760986297
10722.337431399000707 37.896970869754987632
10722.382952991041748 37.889901441677800165
10722.428474938444197 37.882832043894872243
10722.473997246566796 37.875762676931749695
10722.519519920846506 37.868693341323080404
10722.565042966803958 37.861624037612777727
10722.61056639004164 37.85455476635417682
10722.656090196251171 37.847485528110198061
10722.701614391206022 37.840416323453503367
10722.747138980766977 37.833347152966659621
10722.79266397088395 37.826278017242309204
10722.838189367595987 37.819208916883333416
10722.883715177031263 37.812139852503058535
10722.92924140541254 37.805070824725511613
10722.974768059057169 37.798001834185470216
10723.020295144380725 37.790932881528583209
10723.065822667895191 37.783863967411569718
10723.111350636212592 37.776795092502410967
10723.156879056045 37.76972625748052792
10723.202407934208168 37.762657463037001548
10723.247937277621531 37.75558870987484994
10723.293467093308209 37.74851999870935515
10723.338997388398639 37.741451330268205311
10723.384528170130579 37.734382705291736215
10723.430059445852748 37.727314124533123163
10723.475591223023002 37.720245588758622546
10723.521123509213794 37.713177098747792115
10723.566656312108535 37.706108655293718357
10723.61218963950887 37.699040259203250969
10723.657723499329222 37.691971911297244446
10723.703257899605887 37.684903612410799667
10723.748792848491576 37.67783536339351258
10723.794328354262689 37.670767165109722896
10723.839864425315682 37.663699018438762778
10723.88540107017252 37.656630924275233951
10723.930938297482498 37.649562883529263502
10723.976476116020422 37.642494897126773878
10724.022014534690243 37.635426966009752903
10724.067553562526882 37.628359091136537984
10724.113093208699865 37.621291273482107442
10724.158633482507867 37.614223514038364726
10724.20417439339144 37.607155813814422629
10724.249715950923928 37.600088173836923033
10724.295258164820552 37.593020595150328234
10724.340801044936597 37.585953078817233575
10724.386344601272867 37.578885625918886149
10724.431888843973866 37.571818237555646647
10724.477433783335073 37.564750914847223839
10724.522979429801126 37.557683658933022741
10724.568525793967638 37.550616470972485672
10724.614072886588474 37.543549352145412001
10724.659620718570295 37.53648230365232763
10724.705169300979833 37.529415326714833157
10724.75071864504207 37.522348422575973359
10724.79626876214752 37.515281592500592467
10724.841819663848582 37.508214837775724959
10724.887371361866826 37.501148159710965047
10724.932923868089347 37.49408155963885747
10724.978477194576044 37.487015038915295406
10725.024031353559621 37.479948598919925473
10725.069586357447406 37.472882241056552743
10725.115142218824985 37.465815966753567068
10725.160698950458027 37.458749777464348085
10725.206256565292279 37.451683674667712864
10725.251815076460844 37.444617659868356441
10725.297374497280543 37.437551734597292352
10725.342934841259193 37.430485900412307387
10725.388496122097422 37.423420158898430543
10725.434058353686851 37.416354511668409089
10725.479621550119191 37.409288960363163312
10725.525185725682604 37.402223506652305218
10725.57075089486716 37.39515815223461459
10725.616317072370293 37.388092898838557687
10725.661884273091346 37.381027748222798834
10725.707452512142481 37.373962702176712014
10725.753021804846867 37.366897762520963511
10725.798592166745948 37.359832931108471143
10725.844163613601268 37.352768209824873225
10725.889736161398105 37.345703600589004623
10725.935309826350931 37.338639105353472303
10725.980884624901591 37.331574726105230866
10726.0264605737284 37.324510464866165194
10726.072037689742501 37.317446323693687305
10726.117615990095146 37.310382304681368737
10726.163195492179511 37.303318409959523194
10726.208776213630699 37.296254641695867349
10726.254358172334832 37.289191002096139016
10726.299941386425417 37.282127493404772167
10726.345525874292434 37.275064117905529315
10726.391111654580527 37.268000877922197844
10726.436698746196271 37.260937775819272133
10726.482287168306357 37.253874814002642779
10726.527876940346687 37.246811994920321354
10726.573468082020554 37.239749321063129628
10726.6190606133041 37.232686794965466959
10726.664654554449953 37.225624419206035043
10726.710249925989046 37.218562196408598197
10726.755846748736076 37.211500129242757851
10726.801445043791318 37.204438220424734141
10726.84704483254427 37.197376472718168827
10726.892646136679105 37.190314888935184001
10726.938248978178308 37.183253471937199208
10726.983853379328139 37.176192224635677519
10727.029459362718626 37.169131149993006602
10727.075066951252666 37.162070251023337164
10727.1206761681442 37.155009530793492445
10727.166287036927315 37.14794899242383508
10727.211899581454418 37.140888639089197909
10727.257513825905335 37.133828474019800581
10727.30312979478731 37.126768500502180359
10727.348747512938644 37.119708721880201097
10727.394367005535969 37.11264914155639616
10727.439988298099706 37.105589762992885028
10727.485611416499523 37.098530589712687799
10727.531236386956152 37.091471625300727055
10727.576863236052304 37.084412873404673405
10727.622491990732669 37.077354337736011303
10727.668122678313011 37.070296022071069331
10727.71375532647653 37.063237930252114438
10727.759389963284775 37.056180066188417754
10727.805026617175827 37.049122433857391457
10727.850665316971572 37.042065037305675901
10727.896306091881343 37.035007880650312018
10727.941948971503734 37.027950968079856864
10727.987593985835701 37.020894303855591545
10728.033241165270738 37.013837892312679401
10728.078890540606153 37.006781737861388137
10728.12454214304671 36.999725844988311962
10728.170196004206446 36.992670218257593717
10728.215852156115943 36.985614862312189643
10728.261510631224155 36.97855978187514836
10728.307171462403858 36.971504981750882735
10728.35283468295529 36.964450466826498598
10728.398500326607973 36.957396242073102144
10728.444168427527984 36.950342312547149959
10728.489839020321597 36.943288683391799054
10728.535512140037099 36.93623535983829953
10728.58118782217025 36.929182347207358816
10728.626866102667918 36.922129650910626708
10728.672547017935358 36.915077276452059607
10728.718230604838027 36.908025229429327396
10728.763916900705226 36.900973515535270053
10728.809605943335555 36.893922140559396894
10728.855297771000551 36.886871110389357398
10728.900992422448326 36.879820431012475979
10728.946689936907205 36.872770108517279652
10728.992390354089366 36.865720149095032809
10729.038093714194474 36.858670559041328829
10729.08380005791696 36.85162134475764617
10729.12950942644602 36.844572512752961302
10729.175221861467435 36.837524069645361635
10729.220937405172663 36.830476022163679772
10729.266656100260661 36.82342837714913486
10729.312377989939705 36.816381141557002366
10729.358103117929204 36.809334322458298061
10729.403831528470619 36.802287927041462012
10729.449563266323821 36.795241962614085196
10729.495298376770734 36.788196436604614803
10729.541036905624424 36.781151356564116384
10729.586778899225465 36.774106730168014678
10729.632524404449214 36.767062565217877079
10729.67827346870763 36.760018869643175776
10729.724026139952912 36.752975651503383858
10729.769782466686593 36.745932918989694826
10729.815542497955903 36.738890680426727897
10729.861306283362865 36.731848944274354096
10729.907073873066111 36.724807719129536565
10729.952845317779065 36.717767013728192182
10729.998620668775402 36.710726836947060292
10730.044399977892681 36.70368719780558564
10730.09018329753053 36.69664810546779421
10730.13597068065792 36.689609569244254317
10730.181762180811347 36.682571598593888496
10730.22755785210029 36.67553420312583512
10730.273357749209026 36.668497392601359763
10730.319161927394816 36.661461176935802087
10730.364970442493359 36.654425566200494302
10730.410783350915153 36.647390570624693851
10730.456600709650957 36.640356200597537395
10730.502422576271783 36.633322466669973494
10730.548249008927087 36.626289379556723702
10730.594080066346578 36.619256950138222351
10730.639915807842044 36.61222518946257054
10730.685756293305531 36.605194108747483028
10730.73160158320934 36.59816371938224222
10730.77745173860967 36.591134032929652165
10730.823306821141159 36.58410506112796412
10730.869166893018701 36.577076815892844763
10730.915032017037447 36.570049309319287545
10730.960902256567351 36.563022553683559579
10731.006777675560443 36.555996561445127213
10731.052658338539914 36.548971345248730813
10731.098544310609213 36.54194691792640981
10731.144435657441136 36.534923292499328795
10731.190332445285094 36.527900482179681774
10731.236234740959844 36.520878500372546682
10731.282142611849849 36.513857360677768327
10731.328056125905277 36.506837076891798688
10731.373975351638364 36.499817663009551438
10731.419900358121595 36.49279913322620672
10731.465831214978607 36.48578150193900882
10731.511767992387831 36.478764783749056733
10731.557710761073395 36.471748993463059207
10731.603659592303302 36.464734146095089784
10731.649614557883979 36.457720256868270781
10731.695575730154815 36.450707341216499913
10731.741543181984525 36.443695414786098752
10731.787516986763876 36.436684493437496712
10731.833497218403863 36.429674593247312941
10731.879483951332077 36.422665730509834248
10731.925477260483603 36.415657921738485925
10731.97147722129921 36.408651183667352313
10732.017483909716248 36.401645533252661835
10732.063497402157736 36.394640987674236499
10732.109517775532368 36.387637564337190099
10732.155545107223588 36.380635280873249826
10732.201579475085964 36.373634155142028135
10732.247620957430627 36.366634205232372778
10732.293669633023455 36.359635449463695522
10732.339725581072344 36.352637906387201383
10732.385788881218105 36.345641594787196027
10732.431859613529014 36.338646533682592121
10732.477937858489895 36.331652742327783301
10732.524023696994846 36.324660240213688667
10732.570117210334502 36.317669047068754651
10732.616218480186944 36.310679182859914249
10732.662327588601329 36.303690667793517832
10732.708444617990608 36.296703522316207113
10732.754569651120619 36.289717767115732272
10732.800702771090073 36.282733423121740657
10732.8468440613251 36.275750511506480223
10732.892993605564698 36.268769053685502968
10732.939151487842537 36.261789071318276001
10732.985317792476053 36.254810586308771292
10733.03149260405371 36.247833620805970156
10733.077676007416812 36.240858197204367741
10733.12386808764677 36.233884338144370929
10733.170068930048728 36.226912066512689137
10733.216278620135199 36.219941405442639848
10733.262497243607868 36.212972378314439936
10733.308724886346681 36.206005008755418828
10733.3549616343862 36.199039320640217454
10733.401207573902866 36.192075338091129311
10733.447462791194994 36.18511308547811467
10733.49372737266458 36.178152587418829
10733.540001404802751 36.171193868778580338
10733.586284974162481 36.164236954670265334
10733.632578167347674 36.157281870454241357
10733.678881070985881 36.150328641738163071
10733.725193771713748 36.14337729437675506
10733.771516356147913 36.136427854471563137
10733.817848910872272 36.129480348370627496
10733.864191522410692 36.122534802668162968
10733.910544277207009 36.115591244204139798
10733.956907261597735 36.108649700063885746
10734.003280561795691 36.101710197577588701
10734.049664263857267 36.094772764319785097
10734.096058453666046 36.087837428108805682
10734.142463216901888 36.08090421700619288
10734.188878639019094 36.073973159316047088
10734.235304805217311 36.067044283584365871
10734.281741800414238 36.060117618598354738
10734.328189709220169 36.053193193385666859
10734.374648615908882 36.046271037213642785
10734.421118604390358 36.039351179588507534
10734.467599758178039 36.032433650254525048
10734.514092160359723 36.025518479193138432
10734.56059589357028 36.018605696622060464
10734.607111039955271 36.011695332994349883
10734.653637681140026 36.004787418997445059
10734.700175898200541 35.997881985552183437
10734.746725771621641 35.990979063811785466
10734.793287381269693 35.984078685160973521
10734.839860806356228 35.977180881214820829
10734.886446125403381 35.970285683817586175
10734.933043416203873 35.963393125041591247
10734.979652755784628 35.956503237186034028
10735.026274220368578 35.949616052775787978
10735.072907885332825 35.942731604560151482
10735.119553825168623 35.93584992551156887
10735.166212113441361 35.92897104882432302
10735.212882822743268 35.922095007913171116
10735.259566024653395 35.915221836411923562
10735.306261789690325 35.908351568172015789
10735.35297018727033 35.901484237260994803
10735.399691285652807 35.8946198779609702
10735.446425151900257 35.887758524767178869
10735.493171851823718 35.88090021238643601
10735.539931449937285 35.874044975735316143
10735.586704009403547 35.867192849938341226
10735.633489591980833 35.86034387032610482
10735.68028825797046 35.853498072433282573
10735.727100066162166 35.84665549199655743
10735.77392507377408 35.839816164952452482
10735.820763336399978 35.832980127435085649
10735.867614907947427 35.826147415773746729
10735.914479840579588 35.819318066490417607
10735.961358184651544 35.812492116297121925
10736.008249988652096 35.805669602093161075
10736.055155299136459 35.798850560962179657
10736.102074160662596 35.792035030169088827
10736.149006615727558 35.785223047156819121
10736.195952704698357 35.778414649542874315
10736.242912465742847 35.771609875115721877
10736.289885934766062 35.764808761830948924
10736.336873145333811 35.758011347807347136
10736.383874128610842 35.751217671322834235
10736.430888913284434 35.744427770809807043
10736.477917525493467 35.737641684850338208
10736.524959988757473 35.730859452171166879
10736.572016323898424 35.724081111638369634
10736.619086548967971 35.717306702251768513
10736.666170679171046 35.710536263139019297
10736.713268726789465 35.703769833549372947
10736.760380701105532 35.697007452847110187
10736.80750660832382 35.690249160504613712
10736.854646451494773 35.68349499609512776
10736.90180023044195 35.676744999285382676
10736.948967941678347 35.669999209827508935
10736.996149578335462 35.663257667550524843
10737.043345130085072 35.656520412351461857
10737.09055458306284 35.649787484186084896
10737.137777919791915 35.643058923059136589
10737.1850151191029 35.636334769014140988
10737.232266156066544 35.629615062122752533
10737.279531001915529 35.622899842473593424
10737.326809623969893 35.616189150160664667
10737.374101985571542 35.60948302527121001
10737.421408046009674 35.602781507873416444
10737.468727760457114 35.596084638003169687
10737.516061079903011 35.58939245565038334
10737.563407951087356 35.58270500074483067
10737.610768316440954 35.576022313141415054
10737.658142114021757 35.569344432604950157
10737.705529277462119 35.56267139879438588
10737.752929735912403 35.55600325124648009
10737.800343413986411 35.54934002935897297
10737.847770231717732 35.542681772373200033
10737.895210104510625 35.536028519356172239
10737.942662943103642 35.529380309182165831
10737.99012865352779 35.522737180513757949
10738.037607137071973 35.516099171782379074
10738.085098290261158 35.509466321168773106
10738.132602004829096 35.502838666582654525
10738.180118167698311 35.496216245641676323
10738.227646660965547 35.489599095650078198
10738.275187361892677 35.482987253576922626
10738.322740142901239 35.476380756033826458
10738.370304871576081 35.469779639252308812
10738.41788141066354 35.463183939060854755
10738.465469618091447 35.45659369086156687
10738.513069346981865 35.450008929606717345
10738.560680445676553 35.44342968977517927
10738.608302757771526 35.436856005348047916
10738.655936122149797 35.430287909784233591
10738.703580373021396 35.423725435995898181
10738.751235339977939 35.417168616323742469
10738.79890084804174 35.410617482512186882
10738.846576717727658 35.404072065684502491
10738.894262765112217 35.397532396317885173
10738.941958801908186 35.390998504218586618
10738.989664635546433 35.384470418497095068
10739.037380069263236 35.377948167543443958
10739.085104902193052 35.371431779002669771
10739.132838929470381 35.364921279750475946
10739.180581942340723 35.358416695869173907
10739.228333728269718 35.351918052623936717
10739.276094071066836 35.345425374439393806
10739.323862751010893 35.338938684876659124
10739.371639544986465 35.332458006610806933
10739.419424226618503 35.325983361408887617
10739.467216566417846 35.319514770108497714
10739.51501633193584 35.313052252596975222
10739.562823287915307 35.306595827791277031
10739.610637196456082 35.300145513618552684
10739.658457817176895 35.293701326997521051
10739.706284907393638 35.287263283820657023
10739.754118222286706 35.280831398937230858
10739.801957515088361 35.274405686137285443
10739.849802537260985 35.267986158136558572
10739.897653038686258 35.261572826562385785
10739.945508767856154 35.255165701940704537
10739.993369472069389 35.248764793684109975
10740.041234897622417 35.242370110081338908
10740.089104790014972 35.235981658287549578
10740.136978894146523 35.229599444315795154
10740.184856954518182 35.223223473029733555
10740.232738715438245 35.21685374813754521
10740.280623921224105 35.210490272187151106
10740.328512316407796 35.204133046562702702
10740.376403645939718 35.197782071482734523
10740.424297655394184 35.1914373459991765
10740.472194091176789 35.1850988679976453
10740.520092700722671 35.178766634199206464
10740.567993232696608 35.172440640163401326
10740.615895437191284 35.166120880292645268
10740.663799065921921 35.159807347837933378
10740.711703872422731 35.153500034905860616
10740.759609612232452 35.147198932466977794
10740.807516043085343 35.140904030365518906
10740.855422925089442 35.1346153173302298
10740.903330020912108 35.128332780986518458
10740.951237021497946 35.122056417619070601
10740.999143654533327 35.115786217972321026
10741.047049692953806 35.109522166197372428
10741.094954912998219 35.103264245393823728
10741.142859094359665 35.097012437628244186
10741.190762020327384 35.090766723953763062
10741.238663477926821 35.084527084430682464
10741.28656325805423 35.078293498148099161
10741.334461155598547 35.072065943246485631
10741.382356969561442 35.065844396941194816
10741.430250503171919 35.059628835546789105
10741.478141563989993 35.053419234502229074
10741.52602996400492 35.047215568396765661
10741.573915519727962 35.04101781099660684
10741.621798052276063 35.034825935272159825
10741.669677387450065 35.028639913425941188
10741.717553355802011 35.022459716920963047
10741.765425792700626 35.016285316509652148
10741.813294538382252 35.010116682263173971
10741.861159438007235 35.003953783601126304
10741.909020341692667 34.997796589321538363
10741.956877104550585 34.991645067631139909
10742.004729586715257 34.985499186175836428
10742.052577653361368 34.979358912071305099
10742.100421174720395 34.973224211933732875
10742.148260026086064 34.96709505191064693
10742.196094087817983 34.960971397711638531
10742.243923245330734 34.954853214639065584
10742.291747389084776 34.948740467618591765
10742.339566414568253 34.942633121229590643
10742.387380222267893 34.936531139735343743
10742.435188717643541 34.930434487112961506
10742.482991811091779 34.924343127083012917
10742.530789417904089 34.918257023138799866
10742.57858145821956 34.912176138575283346
10742.626367856975776 34.906100436517569108
10742.674148543850606 34.900029879948903044
10742.721923453205818 34.893964431738176302
10742.769692524017955 34.887904054666933007
10742.817455699814673 34.881848711455774037
10742.865212928598339 34.875798364790213668
10742.912964162773278 34.869752977345896738
10742.960709359063912 34.863712511813204742
10743.008448478432911 34.857676930921172698
10743.056181485999332 34.851646197460738108
10743.103908350947677 34.845620274307322006
10743.151629046436938 34.839599124442592881
10743.199343549511468 34.833582710975605323
10743.247051841004577 34.827570997163164179
10743.294753905440302 34.821563946429442638
10743.342449730942462 34.815561522384840032
10743.390139309125516 34.809563688844079365
10743.437822635005432 34.803570409843537448
10743.485499706888731 34.797581649657793434
10743.533170526276081 34.791597372815395772
10743.58083509775679 34.785617544113875965
10743.628493428910588 34.779642128633952325
10743.676145530200301 34.77367109175298765
10743.723791414869993 34.767704399157636885
10743.771431098839457 34.76174201685581977
10743.819064600607817 34.755783911188181889
10743.866691941155295 34.749830048838852292
10743.914313143837717 34.743880396845149505
10743.961928234290099 34.737934922606825694
10744.009537240326608 34.731993593894465278
10744.057140191842336 34.726056378857030893
10744.104737120715072 34.720123246028762765
10744.152328060705258 34.714194164335516746
10744.199913047365044 34.70826910310027813
10744.247492117938236 34.70234803204802887
10744.295065311274811 34.696430921309989515
10744.342632667729049 34.690517741427250087
10744.390194229079498 34.684608463353782781
10744.437750038432569 34.678703058458900443
10744.48530014014068 34.672801498529139508
10744.532844579714947 34.666903755769602924
10744.580383403745145 34.661009802804784385
10744.627916659814218 34.655119612678859653
10744.6754443964237 34.649233158855508918
10744.722966662913677 34.643350415217256
10744.770483509388214 34.637471356064388317
10744.817994986642589 34.631595956113422119
10744.865501146094175 34.625724190495155597
10744.913002039709681 34.619856034752345408
10744.960497719941486 34.613991464837013723
10745.007988239663973 34.608130457107364464
10745.055473652108049 34.602272988324415337
10745.102954010801113 34.596419035648260376
10745.150429369510675 34.590568576634098008
10745.197899782189779 34.584721589227910954
10745.24536530291698 34.57887805176192586
10745.292825985850868 34.573037942949746082
10745.340281885177319 34.567201241881328144
10745.387733055064018 34.561367928017759255
10745.435179549611348 34.555537981185828755
10745.482621422812372 34.549711381572443258
10745.530058728509175 34.543888109718920987
10745.577491520352851 34.538068146515080059
10745.624919851770755 34.532251473193213087
10745.672343775922855 34.526438071321940981
10745.719763345674437 34.520627922799938858
10745.767178613561555 34.51482100984961221
10745.8145896317601 34.50901731501068781
10745.861996452056701 34.503216821133726455
10745.909399125826894 34.497419511373607293
10745.956797704004202 34.491625369182990823
10746.004192237060124 34.485834378305732173
10746.051582774980488 34.480046522770294359
10746.098969367250902 34.474261786883246828
10746.146352062831284 34.468480155222778194
10746.193730910143131 34.46270161263210241
10746.24110595705497 34.456926144212971508
10746.288477250865981 34.451153735319167026
10746.33584483829145 34.445384371550048286
10746.383208765453674 34.439618038744193029
10746.430569077871041 34.433854722973038065
10746.477925820448945 34.428094410534662018
10746.525279037467044 34.42233708794758229
10746.572628772581083 34.416582741944658608
10746.619975068806525 34.41083135946708893
10746.667317968522184 34.405082927658490632
10746.714657513461134 34.399337433859102475
10746.761993744708889 34.393594865600036314
10746.809326702701583 34.387855210597706446
10746.856656427224152 34.382118456748308688
10746.903982957408516 34.37638459212244868
10746.951306331733576 34.370653604959876759
10746.998626588030675 34.364925483664343631
10747.045943763478135 34.359200216798569727
10747.093257894606722 34.353477793079349567
10747.140569017301459 34.347758201372776909
10747.187877166807084 34.342041430689590698
10747.235182377726233 34.336327470180670218
10747.282484684028532 34.330616309132608421
10747.329784119054239 34.324907936963477084
10747.377080715516058 34.319202343218670137
10747.424374505504602 34.313499517566896202
10747.4716655204993 34.307799449796306135
10747.518953791368403 34.302102129810720044
10747.566239348378076 34.29640754762600352
10747.613522221196035 34.290715693366557559
10747.660802438898827 34.285026557261915059
10747.70808002998092 34.27934012964349364
10747.755355022356525 34.273656400941433731
10747.802627443374149 34.267975361681557445
10747.849897319812953 34.262297002482469566
10747.897164677900946 34.256621314052729588
10747.944429543313163 34.250948287188172969
10747.991691941184399 34.245277912769303441
10748.038951896114668 34.239610181758806107
10748.086209432172836 34.233945085199167124
10748.13346457291118 34.228282614210364443
10748.180717341363561 34.222622759987693541
10748.227967760059983 34.216965513799635801
10748.275215851028406 34.211310866985847667
10748.322461635805666 34.205658810955242188
10748.369705135441109 34.200009337184120284
10748.416946370505684 34.194362437214387285
10748.464185361095588 34.188718102651861841
10748.511422126839534 34.18307632516466299
10748.558656686909671 34.17743709648163275
10748.605889060021582 34.171800408390858195
10748.653119264443376 34.166166252738406683
10748.700347318006607 34.160534621427046886
10748.74757323810627 34.154905506414927174
10748.794797041711718 34.149278899714289537
10748.842018745370297 34.143654793390240343
10748.889238365209167 34.138033179559606367
10748.936455916946215 34.132414050389755289
10748.983671415891877 34.126797398097529879
10749.030884876954588 34.121183214948175078
10749.078096314644426 34.115571493254336133
10749.125305743082208 34.109962225375113576
10749.172513176001303 34.104355403715103989
10749.219718626749454 34.098751020723462091
10749.266922108297877 34.093149068892991238
10749.31412363324489 34.087549540759390254
10749.36132321381956 34.081952428900514462
10749.408520861887155 34.076357725935537246
10749.455716588954601 34.070765424524111609
10749.502910406170486 34.065175517365545943
10749.550102324332329 34.059587997197979803
10749.597292353886587 34.054002856797588095
10749.644480504937746 34.048420088977756848
10749.691666787246504 34.042839686588322934
10749.738851210235225 34.037261642514771154
10749.7860337829934 34.031685949677537906
10749.833214514281281 34.026112601031549332
10749.88039341253716 34.020541589565461038
10749.927570485877368 34.014972908300855181
10749.974745742098094 34.009406550291480187
10750.021919188682659 34.003842508622447838
10750.069090832805159 33.99828077640944457
10750.116260681326821 33.992721346797999615
10750.16342874080874 33.987164212962852616
10750.210595017510059 33.981609368107172031
10750.257759517391605 33.976056805461759325
10750.30492224612135 33.970506518284260267
10750.352083209074408 33.964958499858333596
10750.39924241134031 33.959412743492869424
10750.446399857723009 33.95386924252114369
10750.493555552746329 33.948327990300008139
10750.540709500655794 33.942788980209087413
10750.587861705422256 33.93725220564991929
10750.63501217074554 33.931717660045151774
10750.682160900059898 33.926185336837697548
10750.729307896535829 33.920655229489909743
10750.776453163083715 33.915127331482729289
10750.823596702359282 33.90960163631486779
10750.870738516763595 33.904078137501961976
10750.917878608452156 33.898556828575721056
10750.965016979333086 33.893037703083123802
10751.012153631078036 33.887520754585636951
10751.059288565120369 33.882005976658426505
10751.106421782664256 33.876493362889490868
10751.153553284684676 33.870982906878865037
10751.200683071934691 33.865474602237767954
10751.247811144949083 33.859968442587799586
10751.294937504047994 33.85446442156012381
10751.342062149342382 33.848962532794658387
10751.389185080737661 33.843462769939243628
10751.436306297942792 33.83796512664881817
10751.483425800470286 33.832469596584623162
10751.53054358764166 33.826976173413441984
10751.577659658594712 33.821484850806839972
10751.624774012287162 33.815995622440688351
10751.671886647505744 33.810508481994524743
10751.718997562871664 33.805023423150700523
10751.766106756844238 33.799540439593677377
10751.813214227726348 33.794059525009316758
10751.860319973669903 33.78858067308421198
10751.907423992681288 33.783103877505034518
10751.954526282628649 33.777629131957866093
10752.001626841245525 33.772156430127608928
10752.048725666136306 33.766685765697353361
10752.095822754781693 33.761217132347972836
10752.142918104549608 33.755750523757718895
10752.190011712697014 33.750285933601681165
10752.237103576377194 33.74482335555124024
10752.284193692645204 33.739362783273577406
10752.331282058461511 33.733904210431191473
10752.378368670702912 33.728447630681415603
10752.42545352615889 33.722993037676005201
10752.472536621546169 33.717540425060690268
10752.519617953510533 33.712089786474805919
10752.566697518632282 33.706641115550866061
10752.613775313429869 33.701194405914179697
10752.660851334368999 33.69574965118250276
10752.707925577868082 33.690306844965746791
10752.754998040300052 33.684865980865701829
10752.802068717999646 33.679427052475787718
10752.849137607272496 33.673990053380805421
10752.896204704393313 33.668554977156745167
10752.943270005614977 33.663121817370594613
10752.990333507172181 33.657690567580196728
10753.037395205290522 33.652261221334114794
10753.084455096188321 33.646833772171511612
10753.131513176080261 33.641408213622078449
10753.178569441182844 33.635984539205949773
10753.225623887723486 33.630562742433660617
10753.272676511938698 33.625142816806118162
10753.319727310085 33.619724755814402783
10753.366776278444377 33.614308552939796471
10753.41382341332428 33.608894201653818357
10753.460868711066723 33.603481695418288666
10753.507912168048279 33.598071027685421086
10753.554953780687356 33.592662191897936452
10753.601993545446021 33.587255181489169331
10753.649031458835452 33.581849989883195917
10753.69606751741776 33.576446610495011669
10753.743101717813261 33.571045036730716049
10753.7901340567023 33.565645261987704373
10753.837164530825248 33.56024727965488097
10753.884193136989779 33.554851083112907872
10753.931219872074507 33.549456665734425087
10753.978244733030806 33.544064020884341915
10754.025267716882809 33.538673141920106957
10754.072288820736503 33.533284022191978124
10754.119308041777913 33.527896655043363694
10754.166325377276735 33.522511033811113634
10754.213340824589977 33.517127151825853559
10754.26035438116196 33.51174500241234
10754.307366044529772 33.506364578889787254
10754.35437581232145 33.500985874572258183
10754.401383682263258 33.495608882769012382
10754.448389652177866 33.490233596784889869
10754.495393719986168 33.484860009920716095
10754.542395883709105 33.479488115473678533
10754.589396141471298 33.474117906737738792
10754.636394491501051 33.468749377004044732
10754.683390932130351 33.463382519561342576
10754.730385461798505 33.458017327696403242
10754.777378079052141 33.452653794694448663
10754.824368782547026 33.447291913839571009
10754.871357571048065 33.441931678415173224
10754.918344443429305 33.436573081704423771
10754.965329398675749 33.431216116990668752
10755.012312435883359 33.425860777557893755
10755.059293554260876 33.420507056691164394
10755.106272753129815 33.415154947677066843
10755.153250031924472 33.409804443804148377
10755.200225390190099 33.404455538363379219
10755.247198827586544 33.399108224648571763
10755.294170343884616 33.393762495956849534
10755.341139938971537 33.38841834558907351
10755.388107612843669 33.383075766850289767
10755.43507336561197 33.377734753050170013
10755.482037197498357 33.372395297503445022
10755.528999108837525 33.367057393530345166
10755.575959100076943 33.361721034457019641
10755.622917171771405 33.356386213616040948
10755.669873324592118 33.351052924347115436
10755.716827559321246 33.345721159997530947
10755.763779876851913 33.340390913922597349
10755.810730278186384 33.33506217948607997
10755.857678764439697 33.329734950060725396
10755.857678764439697 33.329734950060725396
10755.857678764439697 33.329734950060725396
10755.857678764439697 33.329734950060725396
10755.857678764439697 33.329734950060725396
10755.857678764439697 33.329734950060725396
10755.904625336834215 33.324409219028687801
10755.951569996703256 33.319084979781898426
10755.998512745483822 33.313762225722506116
10756.045453584723873 33.308440950263324964
10756.092392516073232 33.303121146828274846
10756.139329541289044 33.297802808852758005
10756.186264662232134 33.292485929784028542
10756.23319788086701 33.287170503081576101
10756.280129199254588 33.281856522217466932
10756.327058619561285 33.276543980676727585
10756.373986144049923 33.271232871957664656
10756.420911775077911 33.265923189572255581
10756.467835515102706 33.260614927046439959
10756.514757366676349 33.255308077920609833
10756.56167733244547 33.250002635750199431
10756.608595415153104 33.24469859410603334
10756.655511617633238 33.23939594657463914
10756.702425942812624 33.234094686758538728
10756.749338393707148 33.228794808276560957
10756.796248973423644 33.223496304764154274
10756.843157685154438 33.218199169873635412
10756.890064532177348 33.212903397274516237
10756.936969517853868 33.20760898065376665
10756.983872645627343 33.2023159137160917
10757.030773919021158 33.197024190184173165
10757.077673341640548 33.191733803798967983
10757.124570917165329 33.186444748319928522
10757.171466649351714 33.181157017525265474
10757.218360542030496 33.175870605212189446
10757.265252599105224 33.170585505197138332
10757.312142824548573 33.165301711315962052
10757.359031222409612 33.160019217423958082
10757.405917796806534 33.154738017396084615
10757.452802551924833 33.149458105127187935
10757.499685492020944 33.144179474532201368
10757.546566621413149 33.138902119546322922
10757.59344594448703 33.133626034125221338
10757.640323465688198 33.128351212245235047
10757.687199189525927 33.123077647903571119
10757.734073120565881 33.117805335118490007
10757.78094526343375 33.112534267929497389
10757.827815622809794 33.107264440397528915
10757.874684203427023 33.101995846605120732
10757.921551010074836 33.096728480656580018
10757.968416047591745 33.091462336678162615
10758.015279320865375 33.086197408818229349
10758.062140834830643 33.080933691247409456
10758.1090005944734 33.075671178158600583
10758.155858604823152 33.070409863766940362
10758.202714870956697 33.065149742309955627
10758.24956939799813 33.059890808047690314
10758.29642219111156 33.054633055262854668
10758.343273255504755 33.049376478260953149
10758.390122596425499 33.044121071370398113
10758.436970219159775 33.038866828942666132
10758.483816129031766 33.033613745352404578
10758.530660331400213 33.028361814997552415
10758.577502831658421 33.02311103229950362
10758.624343635236073 33.017861391703355878
10758.671182747593775 33.012612887677988738
10758.718020174224876 33.007365514716177302
10758.764855920650007 33.002119267334677488
10758.811689992424363 32.996874140074211823
10758.858522395134059 32.991630127499654179
10758.905353134396137 32.986387224200100832
10758.952182215860375 32.981145424788941511
10758.999009645202023 32.975904723903951776
10759.045835428125429 32.970665116207349854
10759.092659570360411 32.965426596385860591
10759.139482077662251 32.960189159150779403
10759.18630295580806 32.954952799238029115
10759.233122210598594 32.949717511408323389
10759.279939847858259 32.94448329044743673
10759.326755873433285 32.939250131166218694
10759.373570293189914 32.93401802840065784
10759.420383113016214 32.928786977011910153
10759.467194338816626 32.923556971886334566
10759.514003976511958 32.91832800793552849
10759.560812032041213 32.913100080096334921
10759.607618511356122 32.907873183330892175
10759.654423420422972 32.902647312626626785
10759.701226765218962 32.897422462996281922
10759.748028551735842 32.892198629477931604
10759.794828785970822 32.886975807134952277
10759.841627473937478 32.881753991055937547
10759.888424621660306 32.876533176354769239
10759.935220235172892 32.871313358170610286
10759.9820143205161 32.866094531667897627
10760.028806883743528 32.860876692036548263
10760.075597930916047 32.855659834492115579
10760.122387468101806 32.850443954275760916
10760.169175501374411 32.845229046654246474
10760.215962036814744 32.840015106919892673
10760.262747080507324 32.834802130390578156
10760.309530638540309 32.829590112409697156
10760.356312717001856 32.824379048346131071
10760.403093321981942 32.819168933594212945
10760.449872459572362 32.813959763573656403
10760.496650135864911 32.808751533729520133
10760.543426356956843 32.803544239531937876
10760.590201128945409 32.798337876476068686
10760.636974457927863 32.793132440082032986
10760.683746350001456 32.787927925894869929
10760.730516811261623 32.782724329484480563
10760.777285847801977 32.777521646445386239
10760.824053465716133 32.772319872396579399
10760.870819671094068 32.767119002981445419
10760.917584470022121 32.761919033867734186
10760.964347868581171 32.756719960747467724
10761.011109872846646 32.75152177933687625
10761.057870488888511 32.746324485376327118
10761.10462972276764 32.741128074630296396
10761.151387580539449 32.735932542887269392
10761.198144068252077 32.730737885959690914
10761.244899191944569 32.725544099683872901
10761.291652957646875 32.720351179919887841
10761.33840537137803 32.715159122551497717
10761.385156439144339 32.709967923486061636
10761.431906166941189 32.704777578654436354
10761.478654560749419 32.699588084010876798
10761.525401626537132 32.694399435532936593
10761.572147370256062 32.689211629221368582
10761.618891797843389 32.684024661100025355
10761.665634915219925 32.678838527215731347
10761.712376728288291 32.673653223638204679
10761.759117242938373 32.668468746460135321
10761.805856465043689 32.663285091797085613
10761.852594400461385 32.658102255787362367
10761.899331055034054 32.652920234591903181
10761.946066434582463 32.647739024394162755
10761.992800544911006 32.642558621399977881
10762.03953339180589 32.637379021837354287
10762.086264981038767 32.632200221956040309
10762.132995318366739 32.627022218027406097
10762.179724409532355 32.621845006344287299
10762.226452260259975 32.616668583220871369
10762.273178876259408 32.61149294499256257
10762.319904263220451 32.606318088015832757
10762.366628426818352 32.601144008668107688
10762.413351372706529 32.595970703347610709
10762.460073106522032 32.590798168473213536
10762.506793633880079 32.585626400484329679
10762.553512960375883 32.580455395840736799
10762.600231091586465 32.575285151022448815
10762.6469480330652 32.570115662529580902
10762.693663790345454 32.564946926882193168
10762.740378368936945 32.559778940620148546
10762.787091774327564 32.554611700302970689
10762.833804011981556 32.549445202509687647
10762.880515087339518 32.544279443838703969
10762.927225005822038 32.539114420907793601
10762.97393377282242 32.533950130354021724
10763.020641393710321 32.52878656883362396
10763.067347873835388 32.523623733021835847
10763.114053218519985 32.518461619612764935
10763.160757433061008 32.513300225319227366
10763.207460522731708 32.508139546872634185
10763.254162492781688 32.502979581022806599
10763.300863348431449 32.497820324537869396
10763.347563094876023 32.492661774204080416
10763.394261737286797 32.487503926825695544
10763.440959280806055 32.482346779224826605
10763.487655730550614 32.477190328241299255
10763.534351091608187 32.472034570732510872
10763.581045369039202 32.466879503573267129
10763.627738567878623 32.461725123655675418
10763.674430693132308 32.456571427888974313
10763.721121749778831 32.451418413199398572
10763.767811742765844 32.446266076530058342
10763.814500677015531 32.441114414840775737
10763.861188557417336 32.435963425107956937
10763.907875388835237 32.430813104324464291
10763.954561176102288 32.425663449499467106
10764.001245924024261 32.420514457658313745
10764.047929637374182 32.415366125842403733
10764.094612320895976 32.410218451109052751
10764.141293979306283 32.405071430531350529
10764.187974617289001 32.399925061198054266
10764.234654239498923 32.394779340213439411
10764.28133285055992 32.389634264697193089
10764.328010455064941 32.38448983178427909
10764.374687057579649 32.379346038624795767
10764.421362662638785 32.374202882383677604
10764.468037274755261 32.369060360240524687
10764.514710898418343 32.363918469389460597
10764.561383538088194 32.35877720703903293
10764.608055198203147 32.353636570412085405
10764.65472588317607 32.348496556745651276
10764.701395597394367 32.343357163290818335
10764.748064345219973 32.338218387312558377
10764.794732130991179 32.333080226089634834
10764.841398959020808 32.32794267691449619
10764.888064833594399 32.322805737093148082
10764.934729758975664 32.317669403945075146
10764.981393739402847 32.312533674803127326
10765.02805677908691 32.307398547013406187
10765.074718882216985 32.302264017935200968
10765.1213800529531 32.297130084940860684
10765.168040295433457 32.291996745415708858
10765.214699613768971 32.286863996757965367
10765.261358012045093 32.28173183637863275
10765.308015494323627 32.27660026170143226
10765.354672064640909 32.271469270162690179
10765.401327727007811 32.266338859211273871
10765.447982485409739 32.261209026308414138
10765.494636343813909 32.256079768927364171
10765.54128930616389 32.25095108455332138
10765.587941376388699 32.245822970683335029
10765.634592558391887 32.240695424826235183
10765.681242856058816 32.235568444502554541
10765.727892273262114 32.230442027244386338
10765.774540813854401 32.225316170595341703
10765.821188481677382 32.220190872110450186
10765.867835280552754 32.215066129356095814
10765.9144812142913 32.209941939909967346
10765.961126286685612 32.204818301360965904
10766.007770501515552 32.199695211309162346
10766.054413862542788 32.194572667365711993
10766.101056373518077 32.189450667152819108
10766.147698038173985 32.184329208303530834
10766.194338860233984 32.17920828846153114
10766.240978843406992 32.174087905281098188
10766.287617991392835 32.168968056427061697
10766.334256307876785 32.163848739574802948
10766.380893796533201 32.158729952410297415
10766.427530461025526 32.153611692630065022
10766.474166305004474 32.148493957941155941
10766.520801332109841 32.14337674606107953
10766.567435545968692 32.138260054717790126
10766.614068950197179 32.133143881649623097
10766.66070154839872 32.128028224605287733
10766.707333344163999 32.122913081343810404
10766.753964341072788 32.11779844963447772
10766.800594542692124 32.112684327256822314
10766.847223952578133 32.107570712000587321
10766.893852574272387 32.102457601665676634
10766.940480411305543 32.097344994062147805
10766.987107467197347 32.092232887010169406
10767.033733745451173 32.087121278339999719
10767.080359249561297 32.082010165891958309
10767.126983983007449 32.076899547516390498
10767.17360794925662 32.071789421073674475
10767.22023115176853 32.06667978443422129
10767.266853593990163 32.061570635478432223
10767.313475279361228 32.056461972096698787
10767.36009621131052 32.051353792189367198
10767.406716393254101 32.046246093666724164
10767.453335828602576 32.041138874448954255
10767.499954520751999 32.036032132465919631
10767.546572473094784 32.030925865657067675
10767.593189689012434 32.025820071971402569
10767.639806171877353 32.020714749367499508
10767.686421925054674 32.015609895813469166
10767.733036951898612 32.010505509286993231
10767.779651255756107 32.005401587775409666
10767.826264839965006 32.000298129275634551
10767.872877707857697 31.995195131794300636
10767.919489862757473 31.990092593347803529
10767.966101307982171 31.984990511962287485
10768.012712046844172 31.979888885673627641
10768.05932208264494 31.974787712527419359
10768.105931418680484 31.96968699057897112
10768.152540058237719 31.964586717893279655
10768.199148004596282 31.959486892545047709
10768.245755261028535 31.954387512618804834
10768.292361830795926 31.949288576208960677
10768.338967717156265 31.944190081419787219
10768.38557292335463 31.939092026365337063
10768.432177452636097 31.933994409169223161
10768.478781308240286 31.928897227964615269
10768.52538449340318 31.923800480894225728
10768.571987011353485 31.91870416611030592
10768.618588865319907 31.9136082817746356
10768.665190058523876 31.908512826058505141
10768.711790594190461 31.903417797142694212
10768.75839047554291 31.898323193217461125
10768.804989705802654 31.89322901248253217
10768.851588288192943 31.888135253147090964
10768.898186225940663 31.883041913429906344
10768.944783522272701 31.877948991559431846
10768.991380180423221 31.872856485773791491
10769.037976203628205 31.867764394320776233
10769.084571595127272 31.8626727154578262
10769.131166358163682 31.857581447452016477
10769.177760495982511 31.852490588580039343
10769.224354011830656 31.847400137128204278
10769.270946908955011 31.842310091392409532
10769.317539190604293 31.837220449678131473
10769.364130860029036 31.832131210300421031
10769.410721920477954 31.827042371583868174
10769.457312375199763 31.821953931862623222
10769.503902227444996 31.816865889480386187
10769.550491480460551 31.811778242790406779
10769.597080137493322 31.806690990155459531
10769.643668201790206 31.801604129948088939
10769.690255676603556 31.79651766055076223
10769.736842565187544 31.791431580355848041
10769.783428870794523 31.786345887765605767
10769.830014596684123 31.781260581192146475
10769.876599746110514 31.776175659057425804
10769.923184322333327 31.771091119793211988
10769.969768328610371 31.766006961841057432
10770.016351768208551 31.760923183652252533
10770.062934644392953 31.755839783687818567
10770.109516960432302 31.750756760418475722
10770.156098719600777 31.745674112324575589
10770.202679925170742 31.740591837896015903
10770.249260580416376 31.735509935632205014
10770.29584068861368 31.730428404042029911
10770.342420253040473 31.725347241643842011
10770.388999276970935 31.720266446965414531
10770.435577763681067 31.715186018543917612
10770.48215571644505 31.710105954925893457
10770.528733138533426 31.705026254667220798
10770.575310033218557 31.699946916333086477
10770.621886403765529 31.694867938497953475
10770.668462253441248 31.689789319745532481
10770.715037585505343 31.684711058668749928
10770.761612403213803 31.679633153869712459
10770.808186709818983 31.674555603959678507
10770.854760508567779 31.669478407559019217
10770.90133380269981 31.664401563297193576
10770.947906595452878 31.659325069812744857
10770.99447889005387 31.654248925753286414
10771.041050689726035 31.649173129775473257
10771.087621997685346 31.644097680544820861
10771.134192817147778 31.639022576735250425
10771.180763151327483 31.633947817028875704
10771.227333003444073 31.628873400115921299
10771.27390237671716 31.623799324694704893
10771.320471274364536 31.618725589471594617
10771.367039699603993 31.61365219316098063
10771.413607655655142 31.608579134485214723
10771.460175145735775 31.603506412174574791
10771.506742173065504 31.598434024967115619
10771.553308740869397 31.593361971608572958
10771.59987485237798 31.588290250852335106
10771.646440510821776 31.583218861459410931
10771.693005719438588 31.57814780219840145
10771.739570481468036 31.573077071845563779
10771.786134800158834 31.568006669184793367
10771.832698678765155 31.562936593007602681
10771.879262120550266 31.557866842113075023
10771.925825128777433 31.552797415307836104
10771.972387706719019 31.54772831140601852
10772.018949857647385 31.54265952922922267
10772.06551158484217 31.537591067606484785
10772.11207289158483 31.532522925374244949
10772.158633781160461 31.527455101376546054
10772.205194256861432 31.522387594465129723
10772.251754321985572 31.517320403499404335
10772.298313979836166 31.512253527346402393
10772.344873233718317 31.507186964880741442
10772.391432086942586 31.50212071498458144
10772.437990542823172 31.497054776547589228
10772.484548604674274 31.491989148466895898
10772.531106275815546 31.486923829646912054
10772.577663559572102 31.481858818998954774
10772.62422045927633 31.476794115441212085
10772.670776978262438 31.471729717898686118
10772.71733311987191 31.466665625303146925
10772.763888887449866 31.461601836593096948
10772.810444284345067 31.456538350713721286
10772.85699931390991 31.451475166616845058
10772.903553979498611 31.446412283260883669
10772.950108284467206 31.441349699610800172
10772.996662232177187 31.436287414638062643
10773.043215825991865 31.431225427320644172
10773.089769069283648 31.426163736642990898
10773.136321965430398 31.421102341595972263
10773.182874517817254 31.416041241176845489
10773.229426729832994 31.410980434389202287
10773.275978604871852 31.405919920242919119
10773.322530146331701 31.400859697754118116
10773.369081357615869 31.395799765945113791
10773.415632242131323 31.390740123844377507
10773.462182803286851 31.385680770486413138
10773.508733044494875 31.38062170491152969
10773.555282969176915 31.375562926165795119
10773.601832580756309 31.370504433300975933
10773.64838188266549 31.365446225374501665
10773.694930878342348 31.360388301449422244
10773.741479571230229 31.355330660594368908
10773.788027964777939 31.350273301883511579
10773.834576062439737 31.345216224396516225
10773.881123867673523 31.340159427218505783
10773.927671383942652 31.335102909440021079
10773.974218614714118 31.330046670156981747
10774.020765563458554 31.324990708470576095
10774.067312233653865 31.319935023487186498
10774.113858628779781 31.314879614318353873
10774.160404752319664 31.30982448008073149
10774.206950607764156 31.304769619895896682
10774.253496198605717 31.299715032890198074
10774.300041528344082 31.294660718194709403
10774.346586600482624 31.289606674945190434
10774.393131418528355 31.284552902282008802
10774.439675985995564 31.279499399350097377
10774.486220306400355 31.274446165298925848
10774.532764383266112 31.269393199282450979
10774.579308220118037 31.26434050045908819
10774.625851820486787 31.259288067991658266
10774.672395187908478 31.254235901047199064
10774.718938325919225 31.249183998796890904
10774.76548123806424 31.244132360416013938
10774.81202392789055 31.239080985083926834
10774.858566398948824 31.234029871984017035
10774.905108654793366 31.228979020303679448
10774.951650698982121 31.223928429234284465
10774.998192535076669 31.218878097971142438
10775.044734166642229 31.213828025713432623
10775.091275597247659 31.208778211664135682
10775.137816830465454 31.203728655029994599
10775.184357869871747 31.198679355021479154
10775.230898719046309 31.193630310852757503
10775.277439381574368 31.188581521741799207
10775.323979861044791 31.183532986910471152
10775.370520161053719 31.178484705584509129
10775.417060285206389 31.173436676993482308
10775.463600237111677 31.168388900370775474
10775.510140020387553 31.163341374953560603
10775.556679638659261 31.158294099982764891
10775.603219095559325 31.153247074703013908
10775.649758394727542 31.148200298362567651
10775.696297539814623 31.143153770213299225
10775.742836534480375 31.138107489510669978
10775.789375382391881 31.133061455513708182
10775.835914087225319 31.128015667484984164
10775.882452652665961 31.122970124690535698
10775.928991082413631 31.117924826399562477
10775.975529380182707 31.11287977188420939
10776.022067549707572 31.107834960419623371
10776.068605594737164 31.102790391283978266
10776.115143519045887 31.097746063758378909
10776.161681326428152 31.092701977126726121
10776.208219020707475 31.087658130675468016
10776.254756605732837 31.082614523693582242
10776.301294085382324 31.077571155472504927
10776.347831463564944 31.072528025305956589
10776.394368744226085 31.067485132489949251
10776.440905931347515 31.06244247632276867
10776.487443028943744 31.057400056104963681
10776.533980041065661 31.052357871139331991
10776.580516971802354 31.047315920730955696
10776.627053825277471 31.042274204187215503
10776.673590605652862 31.03723272081777651
10776.720127317126753 31.032191469934669925
10776.766663963939209 31.027150450852541752
10776.81320055037213 31.022109662888674109
10776.859737080747436 31.017069105362949699
10776.906273559430701 31.012028777597844709
10776.952809990829337 31.00698867891841104
10776.999346379392591 31.001948808652254996
10777.045882729611549 30.996909166129523072
10777.092419046022769 30.991869750682891294
10777.138955333204649 30.986830561647543902
10777.18549159577924 30.981791598361166251
10777.23202783841225 30.976752860163916381
10777.278564065814862 30.971714346398425022
10777.325100282743733 30.966676056409774276
10777.371636493997357 30.961637989545490512
10777.418172704423341 30.956600145155523052
10777.464708916884774 30.951562522811702394
10777.511245135880017 30.946525121916497625
10777.557781366371273 30.941487941829556974
10777.604317613369858 30.93645098191309728
10777.650853881938019 30.931414241531850706
10777.697390177188936 30.926377720053057629
10777.743926504286719 30.921341416846466643
10777.790462868446411 30.916305331284434033
10777.836999274941263 30.911269462741966407
10777.883535729097275 30.906233810596685174
10777.930072236298656 30.901198374229089438
10777.97660880199146 30.896163153022541792
10778.023145431678131 30.891128146363254103
10778.069682130922956 30.886093353640280412
10778.116218905352071 30.881058774245513376
10778.162755760649816 30.876024407573687824
10778.209292702567836 30.870990253022370098
10778.255829736917804 30.865956309991886997
10778.302366869575053 30.860922577885304463
10778.348904106484042 30.855889056108345869
10778.395441453651074 30.850855744069349385
10778.441978917155211 30.84582264117926087
10778.488516503139181 30.840789746851633879
10778.53505421781847 30.835757060502622551
10778.581592067475867 30.830724581550985164
10778.628130058468741 30.825692309418084136
10778.674668197221763 30.820660243527882471
10778.721206490236 30.815628383306947313
10778.767744944087099 30.810596728184449944
10778.814283565423466 30.805565277592116047
10778.860822360971724 30.800534030964016097
10778.90736133754217 30.795502987736384171
10778.953900502026954 30.790472147347628606
10779.000439861401901 30.785441509238474111
10779.046979422726508 30.78041107285195821
10779.093519193149405 30.775380837633441899
10779.14005917990653 30.770350803030602549
10779.186599390321135 30.765320968493430343
10779.23313983180924 30.760291333474242492
10779.279680511875995 30.755261897427676132
10779.326221438121138 30.750232659810691871
10779.372762618237175 30.745203620082580898
10779.419304060013019 30.740174777704996956
10779.465845771335808 30.735146132142265429
10779.51238776019818 30.730117682861138206
10779.558930034698278 30.725089429330612489
10779.605472603039743 30.72006137102190948
10779.652015473540814 30.715033507408485036
10779.69855865462705 30.710005837966086517
10779.745102154838605 30.704978362172713702
10779.791645982832051 30.699951079508625895
10779.838190147376736 30.694923989456334823
10779.884734657363879 30.689897091500561999
10779.931279521804754 30.684870385128160564
10779.977824749832507 30.679843869828101077
10780.024370350703975 30.674817545091482174
10780.070916333803325 30.669791410411523458
10780.117462708645689 30.66476546528345537
10780.164009484878989 30.659739709204458791
10780.210556672283928 30.654714141673675698
10780.257104280781277 30.649688762192205616
10780.303652320426409 30.644663570263112717
10780.350200801416577 30.639638565391436487
10780.396749734092737 30.634613747084188162
10780.443299128937724 30.629589114850354292
10780.489848996583532 30.624564668200903839
10780.536399347807674 30.619540406648781072
10780.582950193540455 30.614516329708788334
10780.629501544866798 30.609492436897497214
10780.676053413026239 30.604468727733237898
10780.722605809418383 30.59944520173610627
10780.769158745604727 30.594421858427960359
10780.815712233308659 30.589398697332430999
10780.862266284419093 30.584375717974921827
10780.908820910994109 30.579352919882548889
10780.955376125266412 30.574330302584026953
10781.001931939641509 30.569307865609552266
10781.048488366708625 30.564285608490564528
10781.095045419244343 30.559263530759999128
10781.141603110219876 30.554241631952560709
10781.188161452808345 30.549219911604613031
10781.234720460388417 30.544198369253923175
10781.281280146549761 30.539177004439594043
10781.327840525093052 30.534155816702035935
10781.374401610039058 30.529134805582948786
10781.42096341562501 30.52411397062528664
10781.467525956310055 30.519093311373211463
10781.514089246782532 30.51407282737206117
10781.560653301956336 30.5090525181683212
10781.607218136981828 30.504032383309599652
10781.653783767244022 30.499012422344648598
10781.700350208368036 30.493992634823545274
10781.746917476228191 30.488973020297571281
10781.793485586948009 30.483953578319159305
10781.84005455690567 30.478934308441854029
10781.886624402734014 30.473915210220273053
10781.933195141333272 30.468896283210071374
10781.979766789865607 30.46387752696789164
10782.026339365762396 30.458858941051321523
10782.07291288673332 30.453840525018847529
10782.119487370764546 30.448822278429759081
10782.166062836126002 30.443804200844041929
10782.21263930137502 30.438786291822310659
10782.259216785363606 30.433768550925758944
10782.305795307238441 30.42875097771610271
10782.352374886451798 30.423733571755512628
10782.398955542761541 30.418716332606614117
10782.445537296238399 30.413699259832604582
10782.492120167275061 30.408682352996997622
10782.538704176593455 30.403665611663353019
10782.585289345246565 30.398649035395173712
10782.631875694627524 30.393632623755845401
10782.678463246476895 30.388616376308423384
10782.725052022884483 30.38360029261543005
10782.771642046298439 30.378584372238666589
10782.818233339528888 30.373568614739092197
10782.864825925758851 30.36855301967677434
10782.911419828546059 30.363537586610828356
10782.95801507183387 30.358522315099289557
10783.004611679953086 30.353507204699017308
10783.051209677632869 30.348492254965591997
10783.097809090004375 30.3434774654532049
10783.144409942608036 30.338462835714555155
10783.191012261402648 30.333448365300725413
10783.237616072770834 30.328434053761064604
10783.284221403524498 30.323419900643056479
10783.330828280915739 30.318405905492198826
10783.377436732642309 30.313392067851850697
10783.424046786854888 30.308378387263104514
10783.470658472169816 30.303364863264629747
10783.517271817669098 30.29835149539252015
10783.563886852914948 30.293338283180137438
10783.610503607955252 30.288325226157940762
10783.6571221133363 30.283312323853309067
10783.703742400104602 30.278299575790367015
10783.750364499821444 30.273286981489793135
10783.796988444570161 30.268274540468635081
10783.843614266967052 30.263262252240096473
10783.890242000168655 30.258250116313330835
10783.936871677882664 30.253238132193224885
10783.983503334377019 30.248226299380178261
10784.030137004492644 30.243214617369854835
10784.07677272365072 30.23820308565295889
10784.123410527867236 30.23319170371516762
10784.170050453767544 30.22818047103679362
10784.216692538593634 30.223169387092422511
10784.263336820220502 30.218158451350628724
10784.309983337165249 30.213147663273691279
10784.356632128597994 30.208137022317277598
10784.403283234358241 30.203126527930155731
10784.449936694962162 30.198116179554006067
10784.496592551622598 30.193105976622941711
10784.54325084625998 30.1880959185629969
10784.589911621518695 30.183086004791732648
10784.636574920778003 30.178076234717856607
10784.683240788166586 30.173066607740842926
10784.729909268578922 30.168057123250541451
10784.776580407686197 30.16304778062677272
10784.823254251952676 30.158038579238901633
10784.869930848650256 30.153029518445418233
10784.916610245876655 30.148020597593475856
10784.963292492566325 30.14301181601843993
10785.009977638508644 30.138003173043397709
10785.056665734366106 30.132994667978667991
10785.10335683168887 30.127986300121307295
10785.150050982929315 30.1229780687545734
10785.196748241467503 30.117969973147385332
10785.243448661618459 30.112962012553744273
10785.290152298661269 30.107954186212161574
10785.336859208848182 30.102946493345044132
10785.383569449428251 30.097938933158062014
10785.430283078667344 30.092931504839519619
10785.477000155866335 30.087924207559662904
10785.523720741381112 30.082917040470004366
10785.570444896644403 30.077910002702598291
10785.61717268418397 30.072903093369305338
10785.66390416764807 30.06789631156102871
10785.710639411827287 30.062889656346911238
10785.757378482672721 30.057883126773532467
10785.804121447323269 30.052876721863967191
10785.850868374131096 30.047870440616769372
10785.897619332685281 30.042864282005020016
10785.944374393837279 30.037858244975392807
10785.991133629724573 30.032852328447198431
10786.037897113794315 30.027846531311393363
10786.084664920836076 30.022840852429556691
10786.131437126998208 30.017835290632820744
10786.178213809826048 30.012829844720727124
10786.224995048281926 30.007824513459990357
10786.271780922779726 30.002819295583300629
10786.318571515208532 29.997814189788122974
10786.36536690896537 29.992809194735425393
10786.41216718898977 29.98780430904824712
10786.458972441789228 29.982799531310192265
10786.505782755479231 29.977794860064214788
10786.552598219808715 29.972790293811286233
10786.599418926198268 29.96778583100889648
10786.646244967772873 29.962781470069558054
10786.693076439394645 29.95777720935925359
10786.739913437695577 29.952773047195847766
10786.786756061119377 29.947768981847406877
10786.833604409952386 29.942765011530337205
10786.88045858636724 29.937761134407256947
10786.927318694462883 29.932757348584754453
10786.974184840302769 29.927753652111359628
10787.021057131954876 29.922750042975582829
10787.067935679533548 29.917746519103825875
10787.114820595241326 29.912743078358211335
10787.161711993408971 29.907739718534447348
10787.208609990539117 29.902736437359639154
10787.255514705351743 29.897733232490043775
10787.302426258824198 29.892730101508735885
10787.349344774238489 29.887727041923206173
10787.396270377226756 29.882724051162831813
10787.44320319581675 29.877721126576325616
10787.490143360482762 29.872718265429096363
10787.537091004191097 29.86771546490052387
10787.584046262451011 29.862712722081159455
10787.631009273363816 29.857710033969823371
10787.677980177677455 29.85270739747056723
10787.724959118837432 29.847704809389572489
10787.771946243037746 29.842702266431928138
10787.818941699282732 29.837699765198241408
10787.865945639439815 29.832697302181138355
10787.912958218294079 29.827694873761785743
10787.959979593611934 29.822692476206277945
10788.007009926195678 29.817690105661942113
10788.054049379941716 29.812687758153504802
10788.101098121909672 29.807685429579148462
10788.148156322375144 29.802683115706503969
10788.195224154900643 29.797680812168518827
10788.242301796395623 29.792678514459105088
10788.289389427187416 29.787676217928648725
10788.336487231084902 29.78267391777924189
10788.383595395449447 29.777671609059670033
10788.430714111264024 29.772669286660370602
10788.477843573207792 29.767666945308377535
10788.524983979723402 29.762664579562144951
10788.572135533095206 29.757662183806207423
10788.619298439520207 29.75265975224568038
10788.66647290918263 29.747657278900589972
10788.713659156337599 29.742654757600035964
10788.760857399383895 29.737652181976169885
10788.808067860945812 29.732649545457988438
10788.855290767956831 29.72764684126497059
10788.902526351739652 29.722644062400632947
10788.949774848095331 29.717641201645538018
10788.997036497392401 29.712638251550167467
10789.044311544650554 29.707635204427567999
10789.091600239635227 29.70263205234583026
10789.138902836948546 29.697628787120429195
10789.186219596118463 29.692625400306230432
10789.233550781696977 29.687621883189414973
10789.280896663354724 29.682618226779229786
10789.328257515977384 29.677614421799297872
10789.375633619767541 29.672610458678637002
10789.423025260341092 29.667606327542440425
10789.470432728830929 29.662602018202669285
10789.517856321990621 29.657597520148389236
10789.565296342299916 29.652592822535844164
10789.612753098068424 29.647587914178291868
10789.660226903544753 29.64258278353550935
10789.707718079025653 29.637577418702942822
10789.755226950970609 29.632571807400573505
10789.802753852112801 29.627565936961445914
10789.850299121573698 29.622559794319862192
10789.897863104979479 29.617553365999256698
10789.945446154584715 29.612546638099711771
10789.993048629383338 29.607539596285118222
10790.040670895241419 29.602532225769980556
10790.088313325015406 29.597524511306016137
10790.135976298679452 29.592516437168541188
10790.183660203458203 29.587507987142007693
10790.231365433954124 29.582499144505113975
10790.279092392283928 29.577489892015442763
10790.326841488213176 29.572480211893832802
10790.374613139290886 29.567470085808409408
10790.422407770985956 29.562459494858178033
10790.470225816827224 29.557448419556180852
10790.518067718547172 29.552436839812209257
10790.565933926223806 29.547424734915058053
10790.613824898426174 29.542412083514324905
10790.661741102363521 29.537398863601726617
10790.709683014030816 29.532385052491957111
10790.757651118363356 29.527370626803044473
10790.805645909391387 29.522355562436231935
10790.853667890394718 29.517339834555340161
10790.901717574059148 29.512323417565649919
10790.949795482634727 29.507306285092258946
10790.997902148103094 29.502288409957934334
10791.046038112335737 29.497269764160435557
10791.094203927261333 29.492250318849325907
10791.142400155033101 29.487230044302254583
10791.190627368199785 29.482208909900709415
10791.238886149878454 29.477186884105233133
10791.287177093921855 29.47216393443013871
10791.33550080510031 29.467140027417780601
10791.383857899276336 29.462115128612190063
10791.432249003586548 29.457089202532181105
10791.480674756619919 29.452062212643934203
10791.529135808599676 29.447034121333086176
10791.577632821568841 29.442004889876304929
10791.626166469577583 29.436974478412366807
10791.67473743886876 29.431942845912754336
10791.72334642806527 29.426909950151785011
10791.771994148361046 29.421875747676278223
10791.820681323712051 29.416840193774806522
10791.869408691029093 29.411803242446659112
10791.918177000372452 29.406764846370201383
10791.966987015144696 29.40172495687073706
10792.01583951228713 29.396683523888192724
10792.06473528247443 29.391640495944532319
10792.113675130309275 29.38659582011093363
10792.162659874516976 29.38154944197472318
10792.211690348143748 29.376501305606158354
10792.260767398749522 29.371451353525060313
10792.309891888602579 29.366399526667400721
10792.35906469487054 29.361345764351881371
10792.408286709813183 29.356290004246563541
10792.457558840971615 29.351232182335674992
10792.506882011359266 29.346172232886591047
10792.556257159641973 29.341110088417117652
10792.605685240321691 29.33604567966311194
10792.655167223914759 29.330978935546589526
10792.704704097130161 29.325909783144307852
10792.754296863033233 29.320838147657031669
10792.803946541220284 29.315763952379736423
10792.853654167967761 29.310687118672714035
10792.90342079639413 29.305607565933879499
10792.953247496594486 29.300525211572349349
10793.003135355786071 29.295439970983402134
10793.053085478431967 29.29035175752507314
10793.10309898635569 29.285260482496511258
10793.153177018852148 29.2801660551182934
10793.203320732780412 29.275068382514895404
10793.253531302647389 29.269967369699553927
10793.303809920671483 29.264862919561696941
10793.354157796842628 29.259754932857237719
10793.404576158949567 29.254643308201991658
10793.455066252607139 29.249527942068450415
10793.505629341247186 29.244408728786162044
10793.556266706102178 29.239285560546083076
10793.606979646157924 29.23415832740914766
10793.657769478088085 29.229026917319387735
10793.708637536163224 29.223891216121923975
10793.759585172127117 29.218751107586161453
10793.810613755049417 29.213606473434531097
10793.861724671145566 29.208457193377160621
10793.91291932356944 29.203303145153192588
10793.964199132165959 29.198144204578433403
10794.015565533190966 29.19298024559987681
10794.067019978991084 29.187811140357716511
10794.118563937641738 29.182636759255075276
10794.170198892546978 29.177456971036022537
10794.221926341988365 29.172271642872292574
10794.273747798637487 29.167080640458998175
10794.325664789004804 29.161883828119698592
10794.377678852852114 29.156681068921308508
10794.429791542541352 29.151472224799181987
10794.482004422336104 29.146257156692737311
10794.534319067639444 29.141035724691953135
10794.586737064182671 29.135807788195272394
10794.639260007143093 29.130573206078754112
10794.691889500201796 29.125331836876988234
10794.744627154541377 29.120083538976071935
10794.797474587767283 29.11482817081883212
10794.85043342276731 29.109565591122432693
10794.903505286500149 29.104295659108544214
10794.956691808713003 29.099018234745933853
10795.009994620580983 29.093733179005671019
10795.063415353281016 29.08844035412887763
10795.116955636483908 29.083139623906824056
10795.170617096770002 29.077830853973249958
10795.224401355972077 29.072513912108469469
10795.278310029440036 29.067188668555022701
10795.332344724221912 29.06185499634437619
10795.386507037175761 29.056512771634110948
10795.440798552994238 29.051161874054944434
10795.495220842156414 29.045802187066868782
10795.549775458803197 29.040433598323868836
10795.604463938529079 29.035056000045472047
10795.65928779611022 29.029669289394448128
10795.714248523139759 29.024273368859454081
10795.769347585601281 29.01886814664117864
10795.824586421364074 29.013453537040881258
10795.879966437607436 29.008029460849904524
10795.935489008181321 29.002595845738770919
10795.991155470885133 28.997152626643014628
10796.046967124691946 28.991699746145002337
10796.102925226898151 28.986237154849586517
10796.159030990207611 28.980764811751811294
10796.215285579772171 28.975282684594571236
10796.271690110153941 28.969790750214219344
10796.328245642251204 28.964288994872049443
10796.384953180164302 28.958777414569713216
10796.441813668016039 28.953256015346429564
10796.498827986735705 28.947724813556078516
10796.555996950795816 28.942183836122012508
10796.613321304927013 28.936633120767709215
10796.670801720792952 28.931072716221663654
10796.728438793661553 28.925502682394139242
10796.786233039047147 28.919923090524203957
10796.844184889359894 28.914334023295566567
10796.90229469055339 28.908735574919713684
10796.960562698792273 28.903127851185047348
10797.018989077138031 28.897510969470651787
10797.077573892283908 28.891885058724039226
10797.136317111337121 28.886250259401837326
10797.195218598672 28.880606723373073663
10797.254278112872271 28.874954613783600621
10797.313495303769741 28.869294104882150975
10797.372869709619408 28.863625381807665349
10797.432400754403716 28.857948640337934165
10797.492087745318713 28.852264086600342807
10797.551929870445747 28.846571936745007747
10797.611926196635977 28.840872416586066151
10797.672075667642275 28.835165761201523082
10797.732377102511236 28.82945221449931239
10797.792829194273509 28.823732028749809331
10797.853430508959718 28.818005464086660083
10797.914179484951092 28.81227278797778979
10797.975074432713882 28.806534274668461393
10798.036113534915785 28.800790204599096
10798.09729484696436 28.795040863800132058
10798.15861629797655 28.78928654326620773
10798.22007569221023 28.783527538314206851
10798.281670710977778 28.777764147929172367
10798.34339891503987 28.771996674095134949
10798.405257747486758 28.766225421124193673
10798.467244537112492 28.760450694974480257
10798.529356502258452 28.754672802569221091
10798.591590755126163 28.748892051117351798
10798.653944306564881 28.743108747442516204
10798.716414071317558 28.737323197321536838
10798.77899687369063 28.731535704836701939
10798.841689453627623 28.725746571745634839
10798.904488473164747 28.719956096871388951
10798.967390523208451 28.714164575516953448
10799.030392130622204 28.708372298906859044
10799.0934897655643 28.702579553658047473
10799.156679849027569 28.69678662128469071
10799.219958760550071 28.690993777735471326
10799.283322846020383 28.685201292966290509
10799.346768425530172 28.679409430549771542
10799.410291801239509 28.673618447322979819
10799.47388926522035 28.667828593077437915
10799.537557107192697 28.6620401102794915
10799.601291622069766 28.656253233832252647
10799.66508911730125 28.650468190875812979
10799.728945919989201 28.644685200621985643
10799.792858383720159 28.638904474224222696
10799.856822895102596 28.633126214684466504
10799.92083587997513 28.627350616793219018
10799.984893809263667 28.621577867102125481
10800.048993204476574 28.615808143930710372
10800.113130642808756 28.610041617398849212
10800.177302761832834 28.604278449475341262
10800.241506263748306 28.598518794037211421
10800.305737919205058 28.592762796941780579
10800.369994570724884 28.587010596115405292
10800.434273135750118 28.581262321656677017
10800.498570609313902 28.575518095945330543
10800.562884066310289 28.569778033721448196
10800.627210663258666 28.564042242058157228
10800.691547639444252 28.558310820097187133
10800.755892317451071 28.55258385855417913
10800.820242103562123 28.54686143928758213
10800.884594488667062 28.541143635243884091
10800.948946432477896 28.535430565511216372
10801.013295075137648 28.529722332532411855
10801.077638215392653 28.524018980273307733
10801.141973742362097 28.518320545147602729
10801.206299635849064 28.512627056343568199
10801.270613966327801 28.506938536132544471
10801.334914894647227 28.501255000167819986
10801.399200671492508 28.495576457779215218
10801.463469636619266 28.489902912264497559
10801.527720217851311 28.484234361179108674
10801.591950929894665 28.478570796624143924
10801.656160372966042 28.472912205531564211
10801.720347231261258 28.467258569946533697
10801.784510271258114 28.461609867309491051
10801.848648339901047 28.455966070730294604
10801.912760362656627 28.450327149257351067
10801.976845341463559 28.444693068141390313
10802.040902352595367 28.439063789093466994
10802.104930544452145 28.433439270536439381
10802.168929135288636 28.42781946784969449
10802.232897410898659 28.422204333606750026
10802.296834722264975 28.416593817805495092
10802.360740483185509 28.410987868090668229
10802.424614167888649 28.405386429968348949
10802.488455308641278 28.399789447012221189
10802.552263493373175 28.39419686106177565
10802.616038363301413 28.388608612412014054
10802.679779610585683 28.383024639993479354
10802.743486976007262 28.377444881545464739
10802.80716024668618 28.371869273780834675
10802.870799253829318 28.366297752542614319
10802.934403870531241 28.36073025295226202
10802.997974009616883 28.355166709549770587
10803.061509621540608 28.34960705642456702
10803.12501069233258 28.344051227340173682
10803.188477241603323 28.338499155851113898
10803.251909320601044 28.332950775412253819
10803.315307010336255 28.327406019480829258
10803.37867041975187 28.32186482161147012
10803.441999683967879 28.316327115544517312
10803.505294962595144 28.31079283528822188
10803.568556438103769 28.305261915194371625
10803.63178431425149 28.299734290028315087
10803.694978814586648 28.29420989503351791
10803.758140180998453 28.288688665989774051
10803.821268672345468 28.283170539267786125
10803.884364563129566 28.277655451879141424
10803.947428142240824 28.272143341521829285
10804.010459711751537 28.266634146621889556
10804.07345958577389 28.261127806371224125
10804.136428089368565 28.25562426076174205
10804.19936555750246 28.250123450616133169
10804.2622723340628 28.244625317615433602
10804.325148770918531 28.23912980432367803
10804.387995227030842 28.233636854209564149
10804.450812067603692 28.228146411665399285
10804.513599663285277 28.222658422023499725
10804.576358389411325 28.217172831570277225
10804.639088625281147 28.211689587557867043
10804.701790753482783 28.206208638213528417
10804.764465159243628 28.200729932747023554
10804.827112229831982 28.195253421355992884
10804.889732353976797 28.189779055229397642
10804.952325921332886 28.184306786549189638
10805.014893321964337 28.178836568491167469
10805.077434945867935 28.17336835522328542
10805.139951182527511 28.167902101902434708
10805.202442420493753 28.162437764669661533
10805.264909046989487 28.156975300644084825
10805.327351447549518 28.151514667915588319
10805.327351447549518 28.151514667915588319
10805.327351447549518 28.151514667915588319
10805.327351447549518 28.151514667915588319
10805.327351447549518 28.151514667915588319
10805.327351447549518 28.151514667915588319
10805.389770005684113 28.146055825536489436
10805.452165102558865 28.140598733511666296
10805.514537116716383 28.135143352787846283
10805.576886423805263 28.129689645242219598
10805.639213396334526 28.124237573670278323
10805.701518403451701 28.11878710177288454
10805.763801810730001 28.113338194142674098
10805.826063979986429 28.107890816249867072
10805.888305269112607 28.102444934427619927
10805.950526031925619 28.09700051585702596
10806.012726618031593 28.091557528551685863
10806.074907372709276 28.086115941341873281
10806.137068636802724 28.080675723858661286
10806.199210746630342 28.075236846517395151
10806.261334033912135 28.069799280501275263
10806.323438825698759 28.06436299774487253
10806.385525444315135 28.058927970917583394
10806.447594207318616 28.053494173407042211
10806.509645427468058 28.048061579302554946
10806.571679412698359 28.042630163378600372
10806.633696466100446 28.037199901078409425
10806.695696885914003 28.031770768497690227
10806.757680965525651 28.026342742368377969
10806.819648993470764 28.02091580004264415
10806.881601253448025 28.01548991947704792
10806.943538024337613 28.010065079216936113
10807.005459580223032 28.004641258381035129
10807.067366190418397 27.999218436646255981
10807.129258119504811 27.993796594232708941
10807.191135627359472 27.988375711888949127
10807.252998969202963 27.982955770877460111
10807.314848395639274 27.977536752960386224
10807.376684152703092 27.972118640385421173
10807.438506481910736 27.966701415871977332
10807.500315620314723 27.961285062597148965
10807.562111800552884 27.955869564181853093
10807.623895250910209 27.950454904677553003
10807.685666195373415 27.945041068553177155
10807.747424853692792 27.93962804068202388
10807.809171441445869 27.934215806329039111
10807.870906170097442 27.92880435113847426
10807.932629247059594 27.92339366112216581
10807.994340875749913 27.917983722648049394
10808.05604125566424 27.912574522429128621
10808.117730582440345 27.907166047512827589
10808.1794090479234 27.901758285271021975
10808.241076840236929 27.896351223390905005
10808.302734143848284 27.890944849866102118
10808.364381139635952 27.885539152988048528
10808.42601800495504 27.880134121337754038
10808.487644913704571 27.874729743777752589
10808.549262036394794 27.869326009444264969
10808.61086954021448 27.863922907739524959
10808.672467589092776 27.858520428324268892
10808.734056343771954 27.853118561110335349
10808.795635961867447 27.847717296253531316
10808.857206597935146 27.842316624146693727
10808.918768403529612 27.836916535412850493
10808.980321527267733 27.831517020898516535
10809.041866114886943 27.82611807166713902
10809.103402309308876 27.82071967899276288
10809.164930250692123 27.815321834353863295
10809.226450076499532 27.809924529427355822
10809.287961921547321 27.804527756082777046
10809.349465918065107 27.799131506376646428
10809.410962195750471 27.793735772546998675
10809.472450881825353 27.788340547008083092
10809.533932101088794 27.782945822345240572
10809.595405975969697 27.777551591309940449
10809.656872626581389 27.772157846815076709
10809.718332170772555 27.766764581930452493
10809.779784724178171 27.761371789878293015
10809.841230400272252 27.755979464028904147
10809.902669310409692 27.750587597896501535
10809.96410156388265 27.745196185135149847
10810.025527267958751 27.739805219534844127
10810.086946527932014 27.734414695017701291
10810.148359447166513 27.729024605634290168
10810.209766127138209 27.72363494556010366
10810.271166667484067 27.718245709092158791
10810.332561166036612 27.71285689064569624
10810.393949718869408 27.707468484750986448
10810.455332420337072 27.702080486050267183
10810.516709363115297 27.696692889294773465
10810.578080638237225 27.691305689341870533
10810.639446335133471 27.685918881152275617
10810.70080654166668 27.680532459787389854
10810.762161344173364 27.675146420406516512
10810.823510827496648 27.669760758264310141
10810.884855075017185 27.664375468708360728
10810.946194168695001 27.658990547176877328
10811.007528189094955 27.653605989196428538
10811.068857215423122 27.648221790379718499
10811.130181325555895 27.642837946423249207
10811.191500596078185 27.637454453105434027
10811.252815102316163 27.632071306285002521
10811.31412491836636 27.626688501899213435
10811.375430117128417 27.621306035962085446
10811.436730770335998 27.615923904562549751
10811.498026948580446 27.610542103862503183
10811.559318721343516 27.605160630095092245
10811.620606157019211 27.59977947956307176
10811.681889322939242 27.594398648637167071
10811.74316828541123 27.589018133754343864
10811.804443109740532 27.583637931416252087
10811.865713860261167 27.578258038187762224
10811.926980600350362 27.572878450695530006
10811.9882433924613 27.567499165626600188
10812.049502298135849 27.562120179727049418
10812.110757378037306 27.556741489800600675
10812.172008691963129 27.551363092707074287
10812.233256298875858 27.545984985361140929
10812.294500256914034 27.540607164731124357
10812.355740623421298 27.535229627837821909
10812.416977454957305 27.529852371753388951
10812.478210807328651 27.524475393600386752
10812.53944073560524 27.519098690550858777
10812.600667294143932 27.513722259825296845
10812.661890536603096 27.508346098691632164
10812.723110515958979 27.502970204464244119
10812.784327284540268 27.497594574503040121
10812.845540894039004 27.492219206212705984
10812.90675139553241 27.486844097041810642
10812.967958839499261 27.481469244481942837
10813.029163275828978 27.476094646066854921
10813.09036475384346 27.470720299371581774
10813.151563322315269 27.465346202011527765
10813.212759029476729 27.459972351641702915
10813.273951923039931 27.454598745955969719
10813.335142050204013 27.449225382686325503
10813.396329457673346 27.443852259602198984
10813.457514191664814 27.438479374509757491
10813.518696297925999 27.433106725251235503
10813.579875821740643 27.427734309704280946
10813.641052807946835 27.422362125781344133
10813.702227300942468 27.416990171429073797
10813.763399344701611 27.411618444627752211
10813.824568982781784 27.406246943390733861
10813.885736258334873 27.400875665763923195
10813.946901214118043 27.395504609825277242
10814.008063892501013 27.390133773684397056
10814.069224335480612 27.384763155482186647
10814.13038258468805 27.37939275339042311
10814.191538681398015 27.374022565611326741
10814.252692666539588 27.368652590377152478
10814.313844580699879 27.363282825949791999
10814.374994464138581 27.357913270620400681
10814.436142356791606 27.352543922709028124
10814.497288298280182 27.347174780564248664
10814.558432327921764 27.341805842562834528
10814.619574484735494 27.336437107109411215
10814.680714807445838 27.331068572636119995
10814.741853334500775 27.325700237602397635
10814.802990104080891 27.32033210049473837
10814.864125154110297 27.314964159826146783
10814.925258522258446 27.309596414135651088
10814.986390245952862 27.304228861988008248
10815.047520362382784 27.298861501973402
10815.108648908500982 27.293494332707165739
10815.169775921040127 27.288127352829576466
10815.230901436507338 27.282760561005567013
10815.292025491200548 27.277393955924452484
10815.353148121206686 27.272027536299695782
10815.414269362412597 27.26666130086911366
10815.475389250512308 27.261295248394709745
10815.536507821008854 27.255929377662404534
10815.59762510922701 27.250563687481502484
10815.658741150318747 27.245198176684162661
10815.719855979270505 27.239832844125118072
10815.780969630910477 27.234467688681434083
10815.842082139914055 27.229102709252281045
10815.903193540816574 27.223737904758682049
10815.964303868011484 27.21837327414339569
10816.025413155761271 27.213008816370741982
10816.086521438193813 27.207644530426353668
10816.147628749315118 27.202280415316927531
10816.2087351230075 27.196916470069869121
10816.269840593036861 27.191552693732955248
10816.330945193054504 27.186189085374103058
10816.392048956604413 27.180825644081124892
10816.453151917125069 27.175462368961497361
10816.514254107949455 27.170099259142130421
10816.575355562312325 27.16473631376914355
10816.636456313353847 27.159373532007638374
10816.697556394117782 27.154010913041478403
10816.758655837560582 27.14864845607307231
10816.819754676549564 27.143286160323146561
10816.880852943866557 27.13792402503054646
10816.941950672213352 27.132562049452012332
10817.003047894213523 27.127200232861969909
10817.064144642410611 27.12183857455233138
10817.125240949277213 27.116477073832097489
10817.186336847222265 27.111115730027130155
10817.247432368596492 27.105754542480198666
10817.308527545710604 27.100393510551224807
10817.369622410835291 27.095032633617194051
10817.430716996206684 27.089671911071960153
10817.491811334024533 27.084311342326053307
10817.552905456459484 27.078950926806488297
10817.613999395649444 27.073590663956572655
10817.675093183701392 27.068230553235721914
10817.736186852695027 27.062870594119278422
10817.7972804346864 27.057510786098323052
10817.858373961702455 27.052151128679508219
10817.919467465746493 27.046791621384880244
10817.980560974297987 27.041432264146664011
10818.041654507838757 27.036073057523914542
10818.102748098317534 27.03071400108278155
10818.163841777663038 27.025355094404165612
10818.224935577783981 27.019996337083554749
10818.286029530570886 27.014637728730850341
10818.347123667897904 27.00927926897021436
10818.408218021619177 27.003920957439888184
10818.469312623572478 26.998562793792050485
10818.530407505582843 26.993204777692568541
10818.591502699458943 26.987846908820802838
10818.652598236994891 26.982489186869432984
10818.713694149968433 26.977131611544312051
10818.774790470148218 26.971774182564324462
10818.835887229288346 26.966416899661243889
10818.896984459135638 26.961059762579434818
10818.958082191429639 26.955702771075696234
10819.019180457897164 26.9503459249191053
10819.080279290259568 26.944989223890871699
10819.141378720230932 26.939632667784515263
10819.20247877951806 26.934276256405837557
10819.26357949982048 26.928919989572722926
10819.324680912834083 26.923563867114943093
10819.385783050249302 26.918207888873624256
10819.446885943752932 26.91285205470088826
10819.50798962502995 26.90749636445968207
10819.569094125759875 26.90214081802363566
10819.630199477622227 26.896785415277193465
10819.691305712303802 26.891430156115532668
10819.752412861502307 26.886075040444193718
10819.813520956939101 26.880720068178511895
10819.874630030351909 26.875365239243460991
10819.935740113498468 26.87001055357350765
10819.996851238151066 26.864656011112479916
10820.057963436098362 26.859301611813435784
10820.119076739143566 26.853947355638521088
10820.18019117910444 26.848593242558845162
10820.241306787807844 26.843239272554392016
10820.302423597093366 26.837885445613963498
10820.363541638809693 26.832531761735030074
10820.424660944814605 26.827178220923379115
10820.485781546976796 26.82182482319274186
10820.546903477175874 26.816471568564665517
10820.608026767296906 26.811118457068381815
10820.669151449235869 26.805765488740977531
10820.730277554897839 26.800412663627319887
10820.791405116196984 26.795059981779772329
10820.852534165051111 26.78970744325806308
10820.913664733385303 26.78435504812915724
10820.974796853121006 26.779002796467125336
10821.035930556181484 26.773650688353004767
10821.097065874480904 26.768298723874686118
10821.158202839927981 26.762946903126771048
10821.219341484416873 26.757595226210462158
10821.280481839829008 26.752243693233431543
10821.341623938025805 26.746892304309803023
10821.402767810852311 26.741541059559867932
10821.46391349014084 26.736189959109797343
10821.525061007709155 26.730839003091151795
10821.586210395358648 26.725488191640653923
10821.64736168487434 26.720137524900007264
10821.708514908021243 26.714787003015707967
10821.769670096540722 26.709436626138934656
10821.830827282150494 26.704086394425509354
10821.891986496539175 26.698736308035577736
10821.953147771366275 26.693386367133335568
10822.014311138256744 26.688036571886815551
10822.075476628795514 26.682686922467780732
10822.136644274522041 26.677337419051639245
10822.197814106926671 26.671988061817366145
10822.258986157439722 26.666638850947414596
10822.320160457429665 26.661289786627651921
10822.381337038197671 26.655940869047274333
10822.442515930966692 26.650592098398735885
10822.503697166879647 26.645243474877680967
10822.564880776990321 26.639894998682869698
10822.626066792254278 26.634546670016113978
10822.687255243528853 26.629198489082206436
10822.748446161558604 26.623850456088860028
10822.809639576973495 26.618502571246644095
10822.87083552027616 26.613154834768923962
10822.932034021840082 26.607807246871804097
10822.993235111898684 26.602459807774213374
10823.054438820541691 26.597112517697809153
10823.115645177709666 26.591765376866860038
10823.176854213179467 26.586418385508203244
10823.238065956562423 26.581071543851184202
10823.2992804372916 26.575724852127628139
10823.360497684618167 26.570378310571786784
10823.421717727596842 26.565031919420306394
10823.482940595080436 26.559685678912238416
10823.544166315708935 26.554339589289064349
10823.60539491790405 26.548993650795043919
10823.666626429865573 26.543647863677044541
10823.727860879558648 26.538302228184466713
10823.789098294704672 26.532956744569325735
10823.850338702777663 26.527611413086443548
10823.9115821309897 26.522266233993384787
10823.972828606281837 26.516921207550442574
10824.034078155318639 26.511576334020620749
10824.095330804471814 26.506231613669637426
10824.156586579814757 26.500887046766319344
10824.217845507115271 26.495542633582733316
10824.279107611828294 26.490198374394484659
10824.340372919090441 26.484854269480496924
10824.401641453707271 26.47951031912282005
10824.462913240147827 26.47416652360665168
10824.524188302535549 26.468822883220877173
10824.585466664648266 26.463479398257899078
10824.646748349901827 26.45813606901349857
10824.708033381348287 26.452792895786853222
10824.769321781654071 26.447449878880565421
10824.830613573098162 26.442107018600690793
10824.891908777552089 26.43676431525677728
10824.953207416476289 26.431421769161882906
10825.014509510903736 26.426079380632614857
10825.075815081427208 26.420737149989157899
10825.137124148193834 26.415395077555306358
10825.198436730888716 26.410053163658503195
10825.259752848722201 26.404711408629804481
10825.32107252042988 26.399369812804476254
10825.38239576426713 26.394028376521934121
10825.443722597996384 26.388687100125579832
10825.505053038878032 26.383345983962819048
10825.566387103661327 26.378005028385082653
10825.627724808569837 26.372664233747858731
10825.689066169288708 26.367323600410703222
10825.750411200955568 26.361983128737268345
10825.811759918151438 26.356642819095327468
10825.873112334884354 26.351302671856785764
10825.934468464580277 26.345962687397594948
10825.995828320075816 26.340622866097703536
10826.057191913601855 26.335283208341063954
10826.118559256778099 26.329943714515643194
10826.179930360598519 26.324604385013568475
10826.241305235425898 26.319265220231194746
10826.302683890975459 26.313926220569111791
10826.364066336309406 26.308587386432147781
10826.425452579831472 26.303248718229632175
10826.486842629277817 26.297910216375239401
10826.548236491711577 26.292571881286843194
10826.609634173515587 26.287233713386523704
10826.671035680381465 26.281895713100691836
10826.732441017307792 26.276557880860533345
10826.79385018859648 26.271220217101713956
10826.855263197843669 26.26588272226434384
10826.916680047934278 26.260545396793318673
10826.978100741038361 26.255208241138326741
10827.039525278602014 26.24987125575376723
10827.100953661341919 26.244534441098736011
10827.162385889238067 26.239197797636975906
10827.223821961528301 26.233861325836851819
10827.285261876701043 26.228525026171315204
10827.346705632495286 26.223188899117857886
10827.408153225887872 26.217852945158469424
10827.469604653097122 26.212517164779598033
10827.531059909573742 26.207181558472100846
10827.592518990000826 26.201846126731453523
10827.653981888293856 26.196510870057657883
10827.715448597600698 26.191175788955312953
10827.776919110307063 26.185840883933327206
10827.838393418034684 26.180506155504723154
10827.899871511637684 26.175171604186576957
10827.961353381206209 26.16983723049995092
10828.02283901606279 26.164503034969833095
10828.084328404765984 26.159169018125062678
10828.145821535112191 26.15383518049842948
10828.207318394139293 26.148501522626734328
10828.268818968141204 26.143168045050327208
10828.330323242664235 26.13783474831302911
10828.391831202512549 26.132501632962071625
10828.453342831751797 26.127168699548029451
10828.514858113709124 26.121835948624752888
10828.576377030984077 26.116503380749307439
10828.637899565448606 26.111170996481916973
10828.699425698254345 26.105838796385899769
10828.760955409838061 26.100506781027618786
10828.822488679930757 26.095174950976414152
10828.884025487561303 26.089843306804567646
10828.945565811067354 26.084511849087245849
10829.007109628102626 26.079180578402443302
10829.068656915647807 26.07384949533067342
10829.130207650028751 26.068518600454503087
10829.191761806934664 26.063187894358836871
10829.253319361436297 26.057857377630430307
10829.314880288004133 26.052527050857435142
10829.376444560522941 26.047196914629083153
10829.438012152304509 26.041866969535490739
10829.499583036104013 26.036537216167449316
10829.561157184132753 26.031207655116258337
10829.622734568078158 26.025878286973462394
10829.684315159123798 26.020549112330410679
10829.745898927967573 26.0152201317780154
10829.807485844838084 26.009891345906769544
10829.869075879509182 26.004562755306775301
10829.930669001319984 25.9992343605677938
10829.992265179187598 25.993906162279301952
10830.053864381628955 25.98857816103056706
10830.115466576778999 25.983250357410756948
10830.177071732408876 25.97792275200895773
10830.238679815945943 25.972595345414291046
10830.300290794491957 25.967268138216024198
10830.361904634846724 25.961941131003701599
10830.423521303526286 25.956614324367297542
10830.485140766781115 25.951287718897372514
10830.546762990621573 25.945961315185861906
10830.608387940843386 25.940635113826459701
10830.670015583049462 25.935309115414785452
10830.731645882677185 25.929983320548938508
10830.793278805022055 25.924657729829529984
10830.85491431526134 25.919332343859903034
10830.916552378483175 25.914007163246399301
10830.978192959701119 25.90868218859864669
10831.039836023881435 25.903357420529868449
10831.101481535970379 25.898032859657206473
10831.163129460914206 25.89270850660206591
10831.224779763686456 25.887384361990473991
10831.286432409306144 25.882060426453456614
10831.348087362870501 25.876736700627422039
10831.409744589576803 25.871413185154558789
10831.471404054744198 25.866089880683265534
10831.533065723844629 25.860766787868573857
10831.5947295625283 25.855443907372379186
10831.656395536656419 25.850121239863600664
10831.718063612328478 25.844798786018593262
10831.779733755907728 25.839476546521563449
10831.841405934050272 25.834154522065581716
10831.903080113730539 25.828832713353538253
10831.964756262270384 25.82351112109858704
10832.026434347368195 25.818189746024728493
10832.088114337117077 25.812868588867459607
10832.14979620003578 25.807547650374761616
10832.211479905097804 25.8022269313080308
10832.273165421755039 25.796906432442636259
10832.334852719965056 25.791586154568438616
10832.396541770218391 25.786266098490425946
10832.458232543564009 25.780946265029356823
10832.519925011632949 25.775626655022300326
10832.581619146671073 25.770307269323339483
10832.643314921555429 25.764988108804416811
10832.705012309825179 25.759669174356190524
10832.766711285701604 25.754350466888915605
10832.828411824113573 25.749031987333335536
10832.890113900719371 25.743713736641620216
10832.951817491930342 25.738395715788289664
10833.013522574938179 25.733077925771183914
10833.075229127729472 25.727760367612450665
10833.136937129116632 25.722443042359536491
10833.198646558754263 25.717125951086213576
10833.260357397164626 25.711809094893624206
10833.322069625757649 25.706492474911346591
10833.383783226852756 25.701176092298471332
10833.445498183700693 25.695859948244709869
10833.507214480501716 25.690544043971506483
10833.568932102431063 25.685228380733160947
10833.630651035655319 25.679912959817887241
10833.692371267356066 25.674597782548953973
10833.754092785748071 25.669282850285895847
10833.815815580099297 25.663968164425725149
10833.877539640747273 25.658653726404175188
10833.9392649591191 25.653339537696965067
10834.000991527753285 25.648025599821075105
10834.062719340314288 25.642711914336054235
10834.124448391607075 25.637398482845323855
10834.186178677600765 25.632085306997534957
10834.247910195445002 25.626772388487975007
10834.309642943489962 25.621459729059900212
10834.37137692131364 25.616147330505718571
10834.433112129740039 25.610835194668350567
10834.494848570855538 25.605523323442479722
10834.556586248025269 25.600211718775973679
10834.618325165911301 25.594900382671337269
10834.680065330481739 25.589589317187218853
10834.74180674902891 25.584278524439909575
10834.803549430182102 25.57896800660488168
10834.865293383922108 25.573657765918323292
10834.927038621593965 25.568347804678730029
10834.988785155923324 25.563038125248468191
10835.050533001023723 25.557728730055405464
10835.11228217241478 25.552419621594431476
10835.174032687034924 25.547110802428779408
10835.235784563257766 25.541802275191500371
10835.297537820901198 25.536494042587136732
10835.359292481241937 25.531186107393445184
10835.421048567026446 25.525878472463130464
10835.482806102478207 25.520571140725603954
10835.544565113314093 25.515264115188767136
10835.606325626751641 25.509957398940805717
10835.668087671521789 25.504650995152243098
10835.729851277881608 25.499344907078121736
10835.791616477630669 25.494039138060095695
10835.853383304120143 25.488733691528469905
10835.915151792265533 25.483428571004029806
10835.976921978559403 25.478123780100002449
10836.03869390107684 25.472819322524028252
10836.100467599486365 25.467515202080175385
10836.162243115057208 25.462211422670954164
10836.224020490672046 25.456907988299384726
10836.285799770834274 25.451604903071082475
10836.34758100167528 25.446302171196350628
10836.409364230967185 25.44099979699233316
10836.471149508124654 25.435697784885174855
10836.532936884221272 25.430396139412216883
10836.59472641199136 25.425094865224213692
10836.656518145844529 25.419793967087532138
10836.7183121418675 25.414493449886315091
10836.780108457838651 25.409193318624783586
10836.841907153233478 25.403893578429592282
10836.903708289231872 25.398594234552295035
10836.965511928732667 25.393295292372510374
10837.027318136368194 25.387996757400170367
10837.08912697850792 25.382698635277797905
10837.150938523272998 25.377400931782677418
10837.212752840543544 25.372103652829302689
10837.274570001965913 25.366806804471952574
10837.336390080963611 25.361510392907327116
10837.398213152739118 25.356214424477194314
10837.460039294286616 25.350918905671100845
10837.521868584399272 25.345623843129121866
10837.583701103674684 25.340329243644632129
10837.645536934525808 25.335035114167148151
10837.707376161186403 25.329741461805181046
10837.769218869725592 25.324448293828996981
10837.831065148055131 25.319155617673239078
10837.89291508594215 25.313863440939837091
10837.954768775016419 25.308571771401069839
10838.016626308777631 25.30328061700266673
10838.078487782604498 25.297989985866959017
10838.140353293760199 25.292699886296091449
10838.202222941403306 25.287410326775273006
10838.264096826595051 25.282121315976088027
10838.325975052306603 25.276832862759849974
10838.38785772342635 25.271544976181026243
10838.449744946772626 25.26625766549070562
10838.511636831097348 25.260970940140119012
10838.5735334870933 25.25568480978422059
10838.635435027408676 25.250399284285339974
10838.697341566650721 25.245114373716862843
10838.75925322139301 25.239830088367000371
10838.821170110186358 25.234546438742615493
10838.883092353567918 25.229263435573265895
10838.945020074070271 25.223981089815453061
10839.006953396230529 25.218699412656579995
10839.068892446595783 25.213418415519029736
10839.13083735373948 25.208138110064307824
10839.192788248259603 25.202858508197241605
10839.25474526279686 25.197579622070133354
10839.316708532038319 25.19230146408709814
10839.378678192726511 25.187024046908465635
10839.440654383673973 25.181747383455157063
10839.502637245774167 25.17647148691304082
10839.564626922010575 25.171196370737529691
10839.626623557469429 25.165922048658067922
10839.688627299350628 25.160648534682543698
10839.750638296980469 25.155375843102120825
10839.812656701815285 25.15010398849617701
10839.874682667454181 25.144832985737302522
10839.936716349642666 25.139562849996323735
10839.998757906283572 25.134293596747429689
10840.060807497442511 25.129025241773401689
10840.122865285356966 25.123757801170945925
10840.184931434441751 25.118491291356090045
10840.247006111298106 25.113225729069672099
10840.309089484719152 25.107961131382900533
10840.37118172569717 25.102697515702999453
10840.433283007425416 25.097434899778932049
10840.495393505312677 25.092173301707212829
10840.557513396981449 25.086912739937790917
10840.619642862277033 25.081653233280416515
10840.681782083274811 25.076394800910925653
10840.743931244285704 25.071137462377308225
10840.806090531861628 25.065881237605939447
10840.868260134802767 25.060626146907793554
10840.930440244163037 25.055372210984646841
10840.992631053255536 25.050119450935522281
10841.054832757650729 25.044867888263208755
10841.117045555183722 25.039617544880901079
10841.179269645963359 25.034368443118978576
10841.241505232372219 25.029120605731350224
10841.303752519075715 25.02387405590223679
10841.366011713016633 25.018628817253095065
10841.428283023416952 25.013384913849602498
10841.490566661776029 25.008142370208627625
10841.552862841868773 25.002901211305022855
10841.61517177974747 24.997661462578680158
10841.677493693736324 24.992423149941796368
10841.739828804424178 24.987186299786209531
10841.80217733466452 24.981950938990799216
10841.864539509564565 24.976717094928940099
10841.926915556479798 24.971484795476019514
10841.989305705008519 24.966254069016965644
10842.051710186980927 24.961024944453711782
10842.114129236448207 24.955797451212827553
10842.176563089671617 24.950571619253224753
10842.239011985113393 24.945347479073909369
10842.301476163418556 24.940125061721762023
10842.363955867405821 24.934904398799357494
10842.426451342045766 24.929685522472837533
10842.488962834455378 24.924468465479943546
10842.551490593878043 24.919253261137562561
10842.614034871672629 24.914039943349546746
10842.676595921284388 24.908828546614692812
10842.73917399822858 24.903619106034490471
10842.80176936006319 24.898411657320895785
10842.864382266363464 24.893206236804150677
10842.92701297869462 24.888002881440620229
10842.989661760582749 24.882801628820597983
10843.052328877482068 24.877602517176086394
10843.115014596744004 24.872405585388509763
10843.177719187580806 24.867210872996380999
10843.240442921029171 24.862018420202936397
10843.303186069913863 24.85682826788430333
10843.365948908814971 24.85164045759684015
10843.428731714024252 24.846455031584255835
10843.491534763506934 24.841272032785457924
10843.554358336865334 24.83609150484151229
10843.617202715286112 24.830913492102499873
10843.680068181491151 24.825738039634334342
10843.742955019681176 24.82056519322541277
10843.805863515481178 24.815394999393106445
10843.868793955885849 24.810227505390049174
10843.931746629195914 24.805062759210226631
10843.994721824954468 24.799900809595271767
10844.057719833897863 24.794741706040543505
10844.120740947892045 24.789585498799969088
10844.183785459863429 24.784432238890971689
10844.246853663727961 24.77928197809919908
10844.309945854314719 24.774134768983049781
10844.373062327287698 24.768990664877588159
10844.436203379074868 24.763849719898075818
10844.499369306779045 24.758711988943364446
10844.562560408099671 24.753577527699025751
10844.625776981236413 24.748446392640161662
10844.689019324807305 24.743318641033706484
10844.752287737746883 24.738194330940313392
10844.815582519218879 24.733073521215771962
10844.878903968510713 24.727956271511949637
10844.942252384937092 24.722842642277221614
10845.005628067736325 24.717732694756374912
10845.069031315963002 24.712626490989975991
10845.132462428380677 24.707524093813066912
10845.19592170336 24.702425566853158045
10845.259409438762304 24.697330974527709202
10845.32292593182683 24.692240382041045876
10845.386471479059765 24.687153855380643108
10845.45004637610873 24.682071461312720118
10845.513650917653649 24.676993267377113739
10845.577285397275773 24.671919341881455523
10845.640950107344906 24.666849753894599218
10845.704645338890259 24.661784573239284413
10845.768371381480392 24.6567238704839653
10845.832128523099527 24.651667716933470587
10845.895917050023854 24.646616184619077217
10845.959737246696022 24.641569346287958808
10846.023589395601448 24.636527275391770786
10846.087473777140985 24.631490046074389966
10846.151390669507236 24.626457733158751751
10846.215340348560858 24.621430412132824017
10846.279323087705052 24.616408159134671507
10846.343339157769151 24.611391050936614278
10846.407388826881288 24.606379164928437575
10846.471472360359257 24.601372579099674454
10846.535590020588643 24.596371372021014423
10846.599742066915496 24.591375622824799052
10846.663928755537199 24.586385411184714656
10846.728150339409694 24.581400817294056793
10846.792407068151078 24.576421921843088825
10846.856699187945196 24.571448805995917297
10846.921026941443415 24.566481551366500469
10846.985390567688228 24.561520239993804182
10847.049790302024121 24.556564954316126403
10847.114226376026636 24.551615777144419894
10847.178699017436884 24.546672791634588151
10847.243208450105158 24.541736081259319491
10847.307754893932724 24.536805729779317176
10847.372338564833626 24.53188182121386518
10847.436959674698301 24.526964439810765128
10847.501618431360839 24.522053670015687032
10847.566315038589892 24.517149596440976467
10847.631049696081391 24.51225230383397502
10847.69582259946219 24.507361877044957055
10847.76063394031371 24.502478400994423424
10847.825483906199224 24.497601960640256635
10847.890372680703877 24.492732640944723244
10847.95530044348925 24.487870526841305718
10848.020267370353395 24.48301570320148457
10848.085273633312681 24.47816825480149916
10848.150319400694571 24.473328266289072985
10848.215404837252208 24.468495822150206465
10848.280530104280842 24.463671006676339204
10848.345695359757883 24.458853903932002538
10848.410900758492062 24.454044597722980114
10848.476146452292596 24.449243171565022692
10848.54143259014927 24.444449708653259279
10848.606759318427066 24.439664291832347232
10848.672126781080806 24.434887003567542507
10848.73753511988798 24.430117925916750465
10848.802984474688856 24.425357140503674458
10848.868474983648412 24.420604728492211422
10848.934006783532823 24.415860770562154869
10848.999580010005957 24.411125346886361598
10849.065194797933145 24.406398537109662783
10849.130851281714058 24.4016804203296509
10849.196549595628312 24.396971075078546676
10849.262289874188355 24.39227057930725806
10849.328072252503262 24.387579010371478461
10849.39389686666982 24.382896445020008969
10849.459763854169069 24.378222959385123403
10849.525673354275568 24.373558628975185769
10849.591625508483048 24.368903528669811465
10849.657620460931867 24.364257732717526039
10849.72365835886194 24.359621314736049413
10849.789739353060213 24.354994347715226866
10849.855863598328142 24.350376904022766666
10849.922031253958266 24.345769055412773696
10849.988242484212606 24.341170873037210498
10850.054497458810147 24.33658242746031064
10850.120796353425249 24.332003788675940825
10850.187139350186044 24.327435026128139128
10850.253526638180119 24.322876208734616199
10850.31995841396747 24.318327404913240741
10850.386434882089816 24.313788682611878755
10850.452956255576282 24.309260109341259692
10850.519522756459992 24.304741752211331374
10850.586134616285563 24.300233677970478396
10850.652792076612968 24.295735953048350098
10850.71949538951776 24.291248643601775825
10850.786244818084015 24.286771815563504617
10850.853040636886362 24.282305534694110349
10850.919883132462928 24.277849866636913134
10850.986772603780992 24.27340487697580329
10851.053709362688096 24.268970631295978535
10851.120693734350425 24.264547195247452294
10851.187726057674809 24.260134634611308257
10851.254806685717995 24.255733015368516448
10851.321935986075914 24.25134240377105499
10851.389114341254754 24.246962866415632476
10851.456342149020202 24.242594470319559719
10851.523619822724868 24.238237282998735367
10851.59094779161569 24.233891372547553544
10851.658326501110423 24.229556807720545208
10851.725756413059571 24.2252336580155756
10851.793238005968306 24.220921993758512514
10851.860771775194735 24.216621886189134472
10851.928358233115432 24.212333407548094044
10851.995997909263679 24.208056631165291606
10852.063691350431327 24.203791631548600805
10852.131439120739742 24.199538484472459032
10852.199241801672542 24.195297267066727898
10852.267099992059229 24.191068057905354749
10852.33501430803517 24.186850937094824587
10852.402985382956103 24.18264598636185525
10852.471013867267175 24.178453289140829696
10852.539100428333768 24.17427293065941285
10852.607245750230504 24.170104998022722498
10852.675450533481126 24.16594958029572382
10852.743715494751086 24.161806768583552696
10852.812041366500125 24.157676656109465796
10852.880428896578451 24.153559338290229164
10852.948878847786546 24.14945491280870371
10853.017391997382219 24.145363479683076946
10853.085969136540371 24.141285141331522368
10853.154611069752718 24.137220002632918892
10853.2233186141857 24.133168170983061884
10853.292092598972886 24.129129756346056723
10853.360933864461913 24.125104871300628417
10853.429843261410497 24.121093631081109265
10853.498821650116952 24.117096153612742171
10853.567869899517973 24.113112559540365254
10853.636988886217296 24.109142972250452885
10853.7061794934707 24.105187517886093929
10853.775442610107348 24.10124632535474376
10853.844779129403832 24.097319526328181638
10853.914189947898194 24.093407255235188558
10853.983675964162103 24.089509649244963185
10854.053238077505739 24.085626848241886933
10854.122877186651749 24.081758994791101713
10854.192594188347357 24.077906234094601956
10854.262389975938277 24.074068713937553099
10854.33226543789533 24.070246584624452879
10854.402221456297411 24.066439998905007513
10854.472258905285344 24.062649111889300002
10854.542378649466627 24.058874080952350027
10854.612581542303815 24.055115065628303483
10854.682868424461049 24.051372227492556988
10854.753240122139687 24.047645730032737532
10854.823697445375728 24.043935738508807276
10854.89424118631905 24.040242419802090978
10854.964872117505365 24.036565942253062644
10855.035590990106357 24.032906475487987308
10855.106398532187086 24.029264190234478349
10855.17729544696158 24.025639258126140874
10855.248282411044784 24.022031851496485899
10855.319360072729978 24.018442143162388902
10855.390529050271653 24.01487030619728813
10855.461789930204759 24.011316513694250574
10855.533143265683975 24.007780938519868386
10855.604589574859347 24.004263753059642994
10855.676129339308318 24.000765128955514172
10855.747763002504144 23.99728523683453929
10855.819490968338869 23.993824246030726499
10855.891313599702698 23.990382324300512096
10855.963231217130669 23.986959637532670797
10856.035244097527539 23.983556349453731826
10856.107352472963612 23.98017262132949412
10856.179556529565161 23.976808611663528836
10856.251856406486695 23.973464475893916159
10856.324252194985093 23.970140366089200512
10856.396743937588326 23.966836430644661959
10856.469331627380598 23.963552813979671186
10856.542015207398435 23.96028965623778717
10856.61479457013229 23.957047092991331283
10856.687669557151821 23.953825254950700696
10856.760639958842148 23.950624267679863522
10856.833705514251051 23.94744425132104837
10856.906865911068962 23.944285320325846556
10856.980120785725376 23.941147583195636628
10857.053469723603484 23.9380311422333385
10857.126912259382152 23.934936093307122462
10857.200447877492479 23.931862525627128235
10857.274076012699879 23.928810521535854861
10857.347796050797115 23.925780156313468439
10857.421607329415565 23.922771497999026025
10857.495509138929265 23.91978460722853228
10857.56950072347172 23.916819537090070469
10857.643581282052764 23.91387633299684623
10857.717749969757278 23.910955032578563362
10857.792005899043943 23.908055665591437133
10857.866348141120397 23.905178253847427783
10857.940775727380242 23.902322811160992444
10858.015287650916434 23.899489343317235068
10858.089882868087443 23.896677848059507454
10858.164560300143421 23.893888315096297958
10858.239318834886944 23.891120726127319074
10858.314157328381043 23.888375054888012272
10858.389074606675422 23.885651267213415139
10858.464069467574518 23.882949321119241404
10858.539140682409197 23.880269166899903865
10858.614286997833915 23.877610747244837341
10858.689507137618421 23.874973997369131951
10858.764799804415816 23.872358845159336482
10858.840163681536069 23.869765211332097721
10858.915597434690426 23.867193009606690879
10858.991099713728545 23.864642146890222563
10859.066669154337433 23.862112523474163339
10859.142304379720372 23.859604033240547238
10859.21800400223583 23.857116563877589499
10859.293766624996351 23.854649997103138048
10859.36959084343107 23.852204208894555393
10859.445475246806382 23.849779069724416303
10859.521418419695692 23.847374444800799154
10859.597418943418234 23.844990194311218801
10859.673475397428774 23.842626173669021483
10859.749586360652756 23.840282233761072916
10859.825750412777779 23.837958221196309694
10859.901966135499606 23.835653978554095289
10859.978232113726335 23.833369344631218922
10860.054546936729821 23.831104154687004382
10860.130909199266171 23.828858240685082848
10860.207317502661681 23.826631431532319993
10860.283770455844206 23.824423553314215241
10860.360266676343599 23.822234429524979049
10860.436804791243048 23.820063881292469432
10860.513383438103119 23.817911727598360727
10860.590001265845785 23.815777785491167862
10860.666656935607534 23.813661870293024947
10860.743349121574283 23.811563795800420706
10860.820076511776278 23.809483374477231621
10860.896837808866621 23.807420417640706489
10860.973631730868874 23.805374735640391748
10861.050457011915569 23.80334613802946464
10861.127312402957614 23.801334433728737139
10861.204196672466423 23.799339431184034055
10861.281108607103306 23.797360938515289774
10861.358047012370662 23.795398763658287322
10861.435010713239535 23.793452714499167655
10861.511998554757156 23.791522599001954319
10861.58900940265994 23.789608225329121893
10861.666042143955565 23.787709401955240196
10861.743095687492314 23.785825937774156102
10861.820168964502955 23.783957642199933247
10861.897260929130425 23.78210432526163487
10861.974370558944429 23.78026579769214166
10862.051496855436199 23.778441871011526842
10862.128638844502348 23.776632357604693624
10862.205795576897799 23.77483707079401043
10862.282966128685075 23.773055824907050493
10862.360149601647208 23.771288435339428702
10862.437345123695195 23.769534718612792545
10862.514551849248164 23.767794492429693776
10862.591768959604451 23.766067575724090233
10862.668995663276291 23.764353788707808235
10862.746231196313602 23.762652952913640547
10862.823474822598655 23.760964891235410335
10862.90072583411893 23.759289427964620955
10862.977983551218131 23.757626388824252928
10863.055247322823561 23.755975600999921227
10863.132516526640757 23.754336893167959488
10863.209790569346296 23.752710095522012068
10863.287068886744237 23.751095039797107233
10863.364350943900718 23.7494915592919007
10863.4416362352531 23.747899488889178343
10863.518924284679088 23.746318665074660714
10863.596214645556756 23.74474892595414488
10863.673506900791836 23.743190111269356635
10863.750800662823167 23.741642062412349645
10863.828095573604514 23.740104622438693127
10863.905391304564546 23.738577636079305933
10863.982687556546807 23.737060949751136008
10864.059984059735143 23.735554411567786559
10864.137280491246202 23.734057872936794809
10864.214576624231995 23.732571185655324086
10864.291872290599713 23.731094202668117532
10864.369167350962016 23.729626778658428066
10864.446461694458776 23.728168770054178793
10864.523755238542435 23.72672003503328142
10864.601047928756088 23.72528043352828675
10864.678339738506111 23.723849827230147014
10864.755630668812955 23.722428079591754368
10864.8329207480474 23.721015055831131235
10864.910210031657698 23.719610622934045097
10864.987498601883999 23.718214649655521953
10865.064786567478222 23.716827006521391752
10865.14207406339483 23.715447565830036325
10865.219361250481597 23.714076201653895737
10865.29664831516493 23.712712789840605154
10865.373935444862582 23.711357208438268884
10865.45122278159397 23.710009338485257047
10865.528510574296888 23.708669061337609207
10865.605799096350893 23.707336260123270222
10865.683088645260796 23.70601081974226787
10865.760379542336523 23.704692626867451821
10865.837672132376611 23.703381569944191654
10865.914966783338969 23.702077539189726707
10865.992263886024375 23.700780426592210404
10866.069563853750878 23.699490125909516536
10866.146867122046388 23.698206532667676072
10866.224174148343081 23.696929544158958691
10866.301485411673639 23.695659059439631022
10866.378801412391113 23.694394979327054074
10866.456122671890625 23.693137206396471584
10866.533449732354711 23.69188564497847338
10866.610783156509569 23.690640201155705569
10866.688123527390417 23.689400782759062025
10866.765471448105018 23.688167299363719565
10866.842827541622682 23.68693966228506298
10866.920192450566901 23.685717784574354283
10866.997566837033446 23.684501581013929439
10867.07495138242848 23.683290968113119845
10867.152346787330316 23.682085864103616046
10867.229753771336618 23.680886188934646697
10867.307173072938895 23.679691864268207269
10867.384605449398805 23.678502813474150202
10867.462051676653573 23.677318961625253735
10867.539512549232313 23.676140235491946129
10867.616988880192366 23.674966563536912645
10867.694481501068367 23.67379787591023188
10867.771991261841322 23.672634104444615133
10867.849519030916781 23.671475182650713265
10867.927065695124838 23.670321045712640284
10868.004632159749235 23.669171630484171942
10868.082219348561921 23.668026875484823535
10868.159828203879442 23.666886720895963236
10868.237459686630245 23.665751108557209648
10868.315114776432893 23.664619981963085138
10868.392794471699744 23.663493286260081305
10868.4704997897461 23.66237096824390207
10868.548231766928438 23.661252976357058486
10868.625991458788121 23.66013926068662343
10868.703779940222375 23.659029772962711036
10868.781598305658918 23.657924466557467724
10868.859447669256042 23.65682329648535287
10868.937329165126357 23.655726219403732102
10869.015243947569616 23.654633193613239683
10869.093193191305545 23.653544179058805241
10869.171178091730326 23.65245913733126315
10869.249199865182163 23.651378031670091673
10869.327259749235964 23.650300826966972778
10869.405359003010744 23.649227489769494071
10869.483498907489775 23.648157988285294806
10869.561680765827987 23.647092292387000612
10869.639905903683029 23.646030373617907827
10869.718175669549964 23.644972205198424575
10869.796491435105054 23.643917762033378693
10869.87485459556774 23.64286702071981594
10869.953266570064443 23.641819959555963493
10870.031728802001453 23.640776558550843589
10870.110242759443281 23.63973679943478956
10870.188809935503741 23.63870066567084649
10870.267431848737033 23.637668142467116894
10870.346110043543376 23.63663921678999813
10870.424846090572828 23.635613877378272463
10870.503641587127277 23.634592114758245174
10870.582498157569717 23.633573921259674933
10870.661417453746253 23.632559291033814475
10870.661417453746253 23.632559291033814475
10870.661417453746253 23.632559291033814475
10870.661417453746253 23.632559291033814475
10870.661417453746253 23.632559291033814475
10870.661417453746253 23.632559291033814475
10870.74040115540447 23.631548220071483257
10870.819450970602702 23.630540706221999869
10870.89856863611567 23.629536749213396973
10870.977755917840113 23.628536350673439159
10871.057014611205886 23.627539514151543187
10871.136346541556122 23.626546245141629043
10871.215753564538318 23.62555655110617181
10871.29523756646995 23.624570441501145268
10871.37480046469318 23.623587927802276454
10871.454444207927736 23.622609023532145756
10871.534170776601968 23.621633744288253354
10871.613982183185726 23.620662107771849492
10871.693880472475939 23.619694133817439763
10871.773867721880379 23.618729844423217656
10871.853946041666859 23.617769263782530942
10871.934117575201526 23.61681241831589162
10872.01438449914167 23.615859336703863391
10872.094749023599434 23.614910049920663226
10872.175213392272781 23.613964591268455706
10872.255779882540082 23.613022996412340149
10872.336450805514687 23.612085303415884852
10872.417228506059473 23.611151552777165818
10872.498115362754106 23.610221787465192733
10872.579113787815004 23.609296052956793233
10872.660226226964369 23.608374397273706791
10872.741455159244651 23.607456871019955713
10872.822803096763892 23.606543527419304951
10872.904272584391947 23.605634422352675728
10872.985866199382144 23.604729614395541404
10873.067586550925625 23.603829164855117284
10873.149436279632937 23.602933137807209363
10873.231418056939219 23.602041600132622534
10873.313534584422086 23.601154621553003921
10873.395788593046746 23.600272274665702099
10873.478182842314709 23.599394634976956553
10873.560720119334292 23.598521780934863301
10873.643403237774692 23.597653793961352875
10873.726235036725484 23.596790758482995898
10873.809218379448794 23.59593276196021705
10873.892356152027787 23.59507989491465807
10873.975651261895109 23.594232250954704
10874.059106636257638 23.593389926798923995
10874.142725220395732 23.592553022297217069
10874.226509975846056 23.59172164044949227
10874.310463878467999 23.590895887421790889
10874.394589916377299 23.590075872559470582
10874.478891087770535 23.589261708397227579
10874.563370398622283 23.588453510665861046
10874.64803086025313 23.587651398295701455
10874.732875486766716 23.586855493416425844
10874.817907292379459 23.586065921352602714
10874.903129288608397 23.585282810615208149
10874.988544481342615 23.584506292888825385
10875.074155867789159 23.583736503015227726
10875.159966433300724 23.5829735789725774
10875.245979148092374 23.582217661850126689
10875.332196963878232 23.581468895818851195
10875.418622810431771 23.58072742809734379
10875.505259592071525 23.57999340891295148
10875.592110184024932 23.57926699145782834
10875.679177428710318 23.578548331840490704
10875.766464131960674 23.577837589032743182
10875.853973059189229 23.577134924811936401
10875.941706931531371 23.576440503698929518
10876.029668421957467 23.575754492891714875
10876.117860151389323 23.575077062195347821
10876.20628468482937 23.574408383947968559
10876.294944527511689 23.573748632942947978
10876.383842121103953 23.573097986348223287
10876.472979839987602 23.572456623622954908
10876.562359987627133 23.571824726431920283
10876.65198479305036 23.571202478558188176
10876.741856407455998 23.570590065814663205
10876.831976901001326 23.569987675955665907
10876.922348259768114 23.569395498587777382
10877.012972382897715 23.568813725081490418
10877.103851079953529 23.568242548483983256
10877.194986068512662 23.567682163434728437
10877.286378972032253 23.567132766083574325
10877.378031317985005 23.566594554011370377
10877.469944536305775 23.566067726154795281
10877.562119958143739 23.565552482737267326
10877.654558814978373 23.565049025207805755
10877.747262238059193 23.564557556184936971
10877.840231258180211 23.5640782794084096
10877.933466805814533 23.56361139969919094
10878.026969711618221 23.563157122928302556
10878.120740707296136 23.562715655996161246
10878.214780426847938 23.562287206821718399
10878.309089408165164 23.561871984340857722
10878.403668094995737 23.561470198515714003
10878.498516839237709 23.561082060355925449
10878.593635903574977 23.560707781950693374
10878.689025464436781 23.560347576512235435
10878.784685615248236 23.560001658430550719
10878.880616369980999 23.559670243340743667
10878.976817666965871 23.559353548199549522
10879.073289372900035 23.559051791372102258
10879.170031287059828 23.558765192728657212
10879.26704314566814 23.55849397375033405
10879.364324626403686 23.558238357643713101
10879.461875353039432 23.557998569460686156
10879.559694900113755 23.557774836225195969
10879.657782797594336 23.557567387065166287
10879.756138535507489 23.557376453347416145
10879.854761568509275 23.557202268820898183
10879.953651320369318 23.557045069753190347
10880.052807188278166 23.556905095065186373
10880.152228546989136 23.556782586460627726
10880.251914752770972 23.556677788549727381
10880.351865147051285 23.55659094896563488
10880.45207905976531 23.556522318472918442
10880.55255581237725 23.556472151064799192
10880.653294720535996 23.55644070404642676
10880.754295096352507 23.556428238102903094
10880.855556250271547 23.556435017349560468
10880.957077492550525 23.556461309367399792
10881.058858134294496 23.556507385212945849
10881.160897488018236 23.556573519404263806
10881.263194867735365 23.556659989881808315
10881.365749588620019 23.55676707794486191
10881.468560966246514 23.556895068161608719
10881.571628315348789 23.557044248248693918
10881.674950948083278 23.55721490892532799
10881.778528171833386 23.557407343725881077
10881.882359286533756 23.557621848779110252
10881.986443581574349 23.557858722552147412
10882.090780332306167 23.558118265560008098
10882.19536879615589 23.55840078003831195
10882.300208208385811 23.558706569582671619
10882.405297777566375 23.559035938751435424
10882.51063668075949 23.559389192631901011
10882.616224058447187 23.559766636368351556
10882.722059009260192 23.560168574658362672
10882.828140584562789 23.560595311217447545
10882.934467782921274 23.561047148210704449
10883.041039544386877 23.561524385639838641
10883.147854744771394 23.562027320717124468
10883.254912190081086 23.562556247209997196
10883.362210611028786 23.563111454763646435
10883.469748657684249 23.563693228202961194
10883.577524894302769 23.564301846815258301
10883.685537794390257 23.564937583616202943
10883.793785736066638 23.565600704608453242
10883.902266997763945 23.566291468031568712
10884.010979754335494 23.567010123607111893
10884.119922073592534 23.567756911786418073
10884.229091913344746 23.568532063002720633
10884.338487118930061 23.569335796928772453
10884.448105421222863 23.570168321751431506
10884.557944435275203 23.571029833471296655
10884.668001659547372 23.571920515217449577
10884.778274475735088 23.572840536597606587
10884.888760149235168 23.573790053075111217
10884.999455830191437 23.57476920539870946
10885.110358555188213 23.575778119057680726
10885.221465249620451 23.576816903780507317
10885.332772730700526 23.577885653081295914
10885.444277711101677 23.578984443857617492
10885.555976803198064 23.580113336043048378
10885.667866523897828 23.581272372314735719
10885.779943300027298 23.582461577864481939
10885.892203474249982 23.583680960227649592
10886.00464331144758 23.584930509173329227
10886.11725900552301 23.58621019665842411
10886.230046686598143 23.587519976843303482
10886.343002428518957 23.588859786191985535
10886.456122256640811 23.590229543609758878
10886.569402155859279 23.59162915064301913
10886.682838078795612 23.593058491739064664
10886.796425954096776 23.594517434563609726
10886.910161694790077 23.596005830373194101
10887.0240412066305 23.597523514441391512
10887.138060396406217 23.599070306532993868
10887.252215180054918 23.600646011423300763
10887.366501490590963 23.602250419453408625
10887.480915285859737 23.603883307129727598
10887.595452556051896 23.605544437756623921
10887.710109330930209 23.607233562097604818
10887.824881686714434 23.608950419065710236
10887.939765752591484 23.610694736435771546
10888.054757716858148 23.612466231570913067
10888.169853832712761 23.614264612159523438
10888.285050423592111 23.616089576963808838
10888.400343888002681 23.617940816571742602
10888.515730704039015 23.61981801418374971
10888.631207433390955 23.6217208463701418
10888.746770724699672 23.623648983817602698
10888.862417316397114 23.625602092063580528
10888.978144039076142 23.62757983221605329
10889.093947817398657 23.629581861659282538
10889.209825671565341 23.631607834739160268
10889.325774718325192 23.633657403425281984
10889.441792171552152 23.635730217949397769
10889.557875342430634 23.637825927419655159
10889.674021639257262 23.639944180408065222
10889.790228566882433 23.642084625510644713
10889.906493725837208 23.64424691187922889
10890.022814811161879 23.646430689722411245
10890.139189610939866 23.648635610777095195
10890.255616004587864 23.650861328749538615
10890.372091960902253 23.653107499725944507
10890.488615535901772 23.655373782553468232
10890.605184870488301 23.657659839192898943
10890.721798187976674 23.659965335044400803
10890.838453791502616 23.662289939246729631
10890.955150061277891 23.664633324942947468
10891.071885451770868 23.666995169518710185
10891.188658488845249 23.669375154818009577
10891.30546776680967 23.671772967332081805
10891.42231194543092 23.674188298362981442
10891.539189746921693 23.67662084416608792
10891.656099952937439 23.679070306068830121
10891.773041401598675 23.681536390569274175
10891.890012984556961 23.684018809415846363
10892.007013644099061 23.686517279669047298
10892.124042370311145 23.68903152374640797
10892.241098198295731 23.691561269450470917
10892.358180205470489 23.694106249982745283
10892.475287508947076 23.696666203942601925
10892.59241926300092 23.699240875313439147
10892.70957465662832 23.7018300134380695
10892.82675291121086 23.704433372976478012
10892.943953278285335 23.707050713858553337
10893.061175037400972 23.709681801230761522
10893.178417494100358 23.71232640539660963
10893.295679978018597 23.714984301749581164
10893.412961841078868 23.717655270700262804
10893.53026245579531 23.720339097597996414
10893.647581213657759 23.723035572666187676
10893.764917523623808 23.725744490919094432
10893.882270810767295 23.728465652073108316
10893.99964051502684 23.731198860457816124
10894.117026090019863 23.733943924924350455
10894.234427001960285 23.736700658751313853
10894.35184272866536 23.739468879549967539
10894.469272758662555 23.742248409168617229
10894.586716590374635 23.745039073596835522
10894.704173731426636 23.747840702868334262
10894.821643698036496 23.750653130966263404
10894.939126014473004 23.753476195729895437
10895.056620212571943 23.756309738761565598
10895.174125831328638 23.759153605334887516
10895.29164241655053 23.762007644304784293
10895.409169520569776 23.76487170801868487
10895.526706702026786 23.767745652230154008
10895.644253525702879 23.770629336012277122
10895.761809562392955 23.773522621675166278
10895.879374388841825 23.776425374684361458
10895.9969475878097 23.779337463580301204
10896.114528748188604 23.782258759902731526
10896.232117465084229 23.785189138116656693
10896.349713339943264 23.788128475541242324
10896.467315980737112 23.791076652279901538
10896.584925002178352 23.794033551154630146
10896.702540025909911 23.796999057640455533
10896.820160680746994 23.799973059801729391
10896.937786602933556 23.802955448233021229
10897.055417436404241 23.805946116002168367
10897.173052833095426 23.808944958596416797
10897.290547183447416 23.811948155804699923
10897.407837387532709 23.814953968159528586
10897.524935503051893 23.817962575988374851
10897.641854281080668 23.820974183669754609
10897.758607224717707 23.823989021178736181
10897.875208650042623 23.827007345717589715
10897.991673746513698 23.830029443354241891
10898.108018704242568 23.833055632426226822
10898.224260617222171 23.836086261142252596
10898.340417592587983 23.839121710537959586
10898.456508766472325 23.842162395021190946
10898.572554294947622 23.845208762269873404
10898.688575308968211 23.848261292178438708
10898.804593833841864 23.851320494854110876
10898.920622579598785 23.85438664062595393
10899.036683343407276 23.857460245122261711
10899.152799678968222 23.860541876973840658
10899.268995347159944 23.863632116921049686
10899.385294003468516 23.8667315493992227
10899.501718837176668 23.869840752737900402
10899.618292168230255 23.872960288119973171
10899.73503501189407 23.87609068755699937
10899.851966622347391 23.879232441171335921
10899.969104027113644 23.882385984100189091
10900.086461574530404 23.885551683619670627
10900.204050506157728 23.888729826817826307
10900.321713640367307 23.891916138644962331
10900.439375812436992 23.895108539680364856
10900.557036998992771 23.898306980743583949
10900.674697188387654 23.901511414282225587
10900.792356380572528 23.904721794360249021
10900.910014586945181 23.907938076646782832
10901.027671830190229 23.911160218404727829
10901.145328144097221 23.914388178479750735
10901.262983573369638 23.917621917288879985
10901.380638173432089 23.920861396808923871
10901.498292010217483 23.924106580565073443
10901.615945159952389 23.927357433619381055
10901.733597708931484 23.930613922558755746
10901.851249753288357 23.933876015483320998
10901.968901398751768 23.937143681994662359
10902.086552760401901 23.940416893183947167
10902.204203962417523 23.943695621619809799
10902.321855137814055 23.946979841336315076
10902.439506400040045 23.950269527032737926
10902.557157851757438 23.953564654305424142
10902.67480964697279 23.956865201380175279
10902.792461947667107 23.960171147897103339
10902.910114923550282 23.963482474896597552
10903.027768751810072 23.966799164805543398
10903.145423616861081 23.970121201424142043
10903.263079710079182 23.973448569911930406
10903.380589081916696 23.976777057125374881
10903.497870470597263 23.980104318081739478
10903.61493328526376 23.983430573016406129
10903.731789177962128 23.986756109030814343
10903.848451649259005 23.990081269285898458
10903.964935658250397 23.993406442214258334
10904.081257248653856 23.996732051089448845
10904.197433201012245 24.000058544246112291
10904.313480718790743 24.003386386183578338
10904.429417151153757 24.006716049645316247
10904.545259760780027 24.010048008925171104
10904.661025531748237 24.013382734272767038
10904.776731019859653 24.016720687475064722
10904.892392239655237 24.020062318468646367
10905.00802458625185 24.023408062934350937
10905.123642790213125 24.02675834083127171
10905.239260893946266 24.030113555551810833
10905.354885674649267 24.033473902475158468
10905.470530059294106 24.036839758137386269
10905.586206395864792 24.040211485262744873
10905.701926396046474 24.043589430959546149
10905.817701171332374 24.046973927634532231
10905.933541272739603 24.050365294024658169
10906.04945673202019 24.05376383628514958
10906.165457102770233 24.057169849086672997
10906.28155150024395 24.060583616686081143
10906.397748639194106 24.064005413949828949
10906.514056869404158 24.067435507320350752
10906.630484543862622 24.070874165623578733
10906.747039850270085 24.074321655088134264
10906.863730328188467 24.077778225003054757
10906.980563135408374 24.081244115491674762
10907.097545818756771 24.084719580353148416
10907.214685476477825 24.088204862216613833
10907.331988205822199 24.091700175979735121
10907.449459913294049 24.095205732793615994
10907.567106322305335 24.098721740260060642
10907.684932978658253 24.102248402565425778
10907.802829386435405 24.105782444724759728
10907.920737704547719 24.109322154613710865
10908.038658230003421 24.112867559689412644
10908.156591258990375 24.116418688130575987
10908.274537086737837 24.119975568821779177
10908.392496007381851 24.123538231338386595
10908.510468313816091 24.127106705931122832
10908.628454297559074 24.130681023511034056
10908.746454248623195 24.134261215635028464
10908.864468455423776 24.137847314493200201
10908.98249720468084 24.141439352895211812
10909.100540781322707 24.145037364255745871
10909.218599468395041 24.148641382580329662
10909.336673546946258 24.15225144245109945
10909.454763295894736 24.155867579011957247
10909.572868991890573 24.159489827953628094
10909.690990909177344 24.163118225499612635
10909.809129319453859 24.166752808391105845
10909.927284491735918 24.170393613872199978
10910.045456692232619 24.174040679673403531
10910.163646184231766 24.177694043995497708
10910.28185322797799 24.181353745495190566
10910.400078080536332 24.185019823270575756
10910.518320995659451 24.188692316847177466
10910.636582223671212 24.192371266161238452
10910.754862011390287 24.196056711542986761
10910.873160602022836 24.199748693702517244
10910.991478235036993 24.203447253714944765
10911.109815146028268 24.207152433005443726
10911.22817156659039 24.210864273334415486
10911.346547724189804 24.214582816782659336
10911.4649438420347 24.218308105736539915
10911.583360138949502 24.222040182873296743
10911.701796829245723 24.225779091146200983
10911.820254122598271 24.229524873769740623
10911.938732223919942 24.233277574204834082
10912.057231333234085 24.237037236144040264
10912.175751645550918 24.240803903496722427
10912.294293350762018 24.244577620372414373
10912.412856633554838 24.24835843106395572
10912.531441673309018 24.252146380033426709
10912.65004864398361 24.255941511897454177
10912.768677713995203 24.259743871411480143
10912.887329046099694 24.263553503455078442
10913.006002797277688 24.267370453017441889
10913.124699118623539 24.271194765183636832
10913.24341815524167 24.275026485120118735
10913.362160046128338 24.278865658060112764
10913.48092492406613 24.282712329288955289
10913.599712915507553 24.28656654412950644
10913.718524140502268 24.290428347926361852
10913.837358712649802 24.294297786030252695
10913.956216739083175 24.298174903782800982
10914.075098320407051 24.302059746503275051
10914.194003550586785 24.305952359474154889
10914.31293251684292 24.309852787926697459
10914.431885299547503 24.31376107702659084
10914.55086197212222 24.317677271859224675
10914.669862600929264 24.32160141741514181
10914.788887245171281 24.325533558575493487
10914.907935956787696 24.329473740097391499
10915.027008780345568 24.333422006599246146
10915.146105752941367 24.337378402546033129
10915.26522690409729 24.341342972234482289
10915.384372255653943 24.345315759777470532
10915.503541821663021 24.349296809088809113
10915.62273560829999 24.353286163868379077
10915.74195361382408 24.357283867587160131
10915.861195828538257 24.361289963473552689
10915.98046223469828 24.36530449449882596
10916.099752806423567 24.369327503361908782
10916.21906750960261 24.37335903247392821
10916.338406301796567 24.37739912394250652
10916.457769132144676 24.381447819555955192
10916.577155941287856 24.385505160765536203
10916.696566661319594 24.389571188668394797
10916.816001215709548 24.393645943991835168
10916.935459519208962 24.397729467076814558
10917.054941477768807 24.401821797861678931
10917.174446988456111 24.40592297586564996
10917.293975939363008 24.410033040171693841
10917.413528209521246 24.414152029410416844
10917.533103668818512 24.418279981742490037
10917.652702177912943 24.422416934840757818
10917.772323588154904 24.426562925871138532
10917.891967741519693 24.430717991473866135
10918.011634470525678 24.434882167745190173
10918.131323598165181 24.439055490218553501
10918.251034937831719 24.443237993845563949
10918.370768293252695 24.447429712976827432
10918.49052345842756 24.451630681342429341
10918.610300217580516 24.455840932029680346
10918.730098345136867 24.460060497461675766
10918.849917605688461 24.46428940937752472
10918.969757753946396 24.468527698811904258
10919.089618534697365 24.472775396074453624
10919.209499682767273 24.477032530728866533
10919.329400922992136 24.481299131572630046
10919.449321970210804 24.485575226614475497
10919.56926252926678 24.489860843051356909
10919.689222295013678 24.494156007247347873
10919.809200952306128 24.498460744711973547
10919.929198176001591 24.502775080078400549
10920.049213630967643 24.507099037081491844
10920.169246972101973 24.511432638535840312
10920.289297844350585 24.515775906313876931
10920.409365882740531 24.520128861323978953
10920.529450712423568 24.524491523488645583
10920.649551948723456 24.528863911722762481
10920.769669197199619 24.533246043911820067
10920.889802053716267 24.537637936890277501
10921.009950104527888 24.542039606420342324
10921.130112926375659 24.546451067171233262
10921.250168066113474 24.550867838912427743
10921.369944407111689 24.55528360689229217
10921.489478933712235 24.559699698733396644
10921.60880984254436 24.564117497539655233
10921.727976117575963 24.568538426599868529
10921.847017115298513 24.572963934276611297
10921.965972170264649 24.577395479466851214
10922.084880230477211 24.581834517999467948
10922.203779530891552 24.586282490294607328
10922.322693072423135 24.590740276201522363
10922.441653092178967 24.595209109277316628
10922.560694876347043 24.599690347275224411
10922.679852225201103 24.604185302130193946
10922.799157352508701 24.608695235612305652
10922.918640833848258 24.613221356786262106
10923.038331599578669 24.617764821140536213
10923.15825696696993 24.62232673119978088
10923.278442705108318 24.626908138398082571
10923.398793466287316 24.631505470247866185
10923.51914885545375 24.636112630275103896
10923.639508291558741 24.640729606405766816
10923.759871188825855 24.645356385154187251
10923.880236957080342 24.649992951619747572
10924.000605002056545 24.654639289484013176
10924.120974725716223 24.659295381007567016
10924.241345526570512 24.663961207029132083
10924.361716800009162 24.668636746965901807
10924.482087686687009 24.673321968997850462
10924.602457523273188 24.678016847555358737
10924.722825696853761 24.68272135769360176
10924.84319159293409 24.68743547306682018
10924.963554595784444 24.692159165935269272
10925.083914088840174 24.696892407173116624
10925.204269455074609 24.701635166277760902
10925.324620077344662 24.706387411380276831
10925.444965338747352 24.711149109257046774
10925.565304622970871 24.71592022534256472
10925.685637314647465 24.720700723742595528
10925.805962799700865 24.72549056724914962
10925.926280465695527 24.730289717356530588
10926.046589702187703 24.735098134278484139
10926.166889901060131 24.739915776966387995
10926.287180456867645 24.744742603128418779
10926.407460767166413 24.749578569249710114
10926.527730232850445 24.754423630613249685
10926.64798825847538 24.759277741321607635
10926.768234252580442 24.764140854319734331
10926.888467628001308 24.769012921418557482
10927.0086878021757 24.773893893319030468
10927.128894197450791 24.778783719635629978
10927.249086241370605 24.78368234892228017
10927.369263366967061 24.788589728698930514
10927.489425013038272 24.793505805478709192
10927.609570624417756 24.798430524795676888
10927.729699652236377 24.803363831233070869
10927.849811554193366 24.808305668452682369
10927.969905794809165 24.813255979224443593
10928.089981845674629 24.818214705454639812
10928.210039185720234 24.823181788213648957
10928.330077301428901 24.828157167765869673
10928.450095687048815 24.833140783600093471
10928.570093844789881 24.838132574460136226
10928.690071285011072 24.843132478375576255
10928.81002752639688 24.84814043269264161
10928.929962096130112 24.853156374105125792
10929.049874530042871 24.858180238685374519
10929.169764372771169 24.863211961915261838
10929.289631177891351 24.868251478716846492
10929.409474508056519 24.873298723483049599
10929.529293935233 24.878353630104800942
10929.64908904085496 24.883416132000245824
10929.768859415926272 24.8884861621451563
10929.888604661115096 24.893563653103107924
10930.008324386828463 24.898648537055542818
10930.128018213292307 24.903740745831456138
10930.247685770609678 24.908840210936773474
10930.367326698817124 24.913946863583401381
10930.48694064792835 24.91906063471790489
10930.60652727796878 24.924181455049861711
10930.726086259010117 24.929309255079811436
10930.845617271181254 24.934443965126789067
10930.96512000468465 24.939585515355421563
10931.084594159798144 24.944733835802786359
10931.204039446865863 24.94988885640473697
10931.323455586292766 24.955050507021592665
10931.442842308515537 24.960218717463558136
10931.56219935397894 24.965393417515429064
10931.681526473101258 24.970574536960789658
10931.800823426230636 24.975762005605709248
10931.92008998359961 24.980955753302442446
10932.039325925266894 24.98615570997204216
10932.158531041060996 24.991361805626489456
10932.277705130512913 24.996573970390233654
10932.396848002783372 25.001792134521217292
10932.515959476586431 25.007016228431336202
10932.635039380102171 25.012246182706366682
10932.754087550896656 25.017481928125324231
10932.873103835823713 25.022723395679381753
10932.992088090957623 25.027970516590109185
10933.111040181498538 25.033223222327848134
10933.229959981665161 25.038481444628978068
10933.348847374583784 25.043745115512614063
10933.467702252195522 25.049014167295631239
10933.586524515154451 25.054288532607799311
10933.705314072793044 25.059568144403986167
10933.824070843058507 25.064852935976528414
10933.94279475239091 25.070142840969339204
10934.061485735624956 25.075437793391433416
10934.180143735864476 25.080737727630104672
10934.298768704420581 25.086042578464560648
10934.417360600686152 25.091352281078290076
10934.535919391992138 25.09666677107071564
10934.654445053491145 25.101985984469560975
10934.772937568031921 25.107309857742592385
10934.891396926006564 25.112638327807697891
10935.009823125199546 25.117971332042483112
10935.128216170631276 25.123308808293767669
10935.246576074412587 25.12865069488704961
10935.364902855595574 25.133996930635721156
10935.483196540082645 25.139347454849737318
10935.601457160511927 25.144702207343431866
10935.719684756093557 25.150061128442469993
10935.837879372451425 25.15542415899037465
10935.956041061472206 25.160791240355361964
10936.074169881168928 25.166162314437865888
10936.192265895568198 25.171537323677284803
10936.310329174582876 25.176916211057978501
10936.428359793846539 25.182298920113851182
10936.546357834560695 25.187685394932536553
10936.664323383325609 25.193075580159195681
10936.782256531982057 25.198469420999931145
10936.900157377456708 25.203866863224853034
10937.018026021594778 25.209267853170793217
10937.135862571009056 25.214672337743685659
10937.253667136914373 25.220080264420605687
10937.371439834980265 25.225491581251457518
10937.489180785169083 25.230906236860413117
10937.606890111586836 25.236324180446992216
10937.724567942323119 25.241745361786868784
10937.842214409309236 25.247169731232357748
10937.959829648159939 25.252597239712596178
10938.077413798029738 25.258027838733475789
10938.194967001467376 25.263461480377344515
10938.31248940426849 25.268898117302409645
10938.429981155335554 25.274337702741878076
10938.547442406534174 25.279780190502865622
10938.664873312554846 25.285225534965107386
10938.782274030781991 25.290673691079156526
10938.899644721188452 25.296124614363055372
10939.016985546215437 25.301578260900143391
10939.134296670630647 25.307034587336929121
10939.251578261406394 25.312493550880756032
10939.368830487592277 25.317955109297340499
10939.486053520189671 25.323419220908075289
10939.603247532026217 25.328885844587052389
10939.720412697644861 25.334354939758043201
10939.837549193178347 25.339826466391315307
10939.954657196238259 25.345300385000296473
10940.071736885802238 25.350776656638100093
10940.188788442103032 25.356255242893919188
10940.305812046522988 25.361736105889306714
10940.422807881486733 25.367219208274331521
10940.539776130357495 25.372704513223613532
10940.656716977338874 25.378191984432255879
10940.773630607378436 25.383681586111677575
10940.890517206069489 25.38917328298534315
10941.007376959558314 25.394667040284410575
10941.124210054455034 25.400162823743301033
10941.241016677748121 25.405660599595183413
10941.357797016711629 25.411160334567387764
10941.474551258828797 25.416661995876761893
10941.59127959171019 25.422165551224932045
10941.707982203011852 25.427670968793538719
10941.824659280364358 25.433178217239397867
10941.941311011292782 25.438687265689647887
10942.057937583151215 25.444198083736825566
10942.17453918305182 25.449710641433920699
10942.291115997797533 25.455224909289380975
10942.407668213814759 25.460740858262095543
10942.524196017096983 25.466258459756360821
10942.640699593139288 25.471777685616803666
10942.757179126885603 25.477298508123382703
10942.873634802715969 25.482820899987309815
10942.990066804401067 25.488344834346083445
10943.106475315051284 25.493870284758124001
10943.222860517065783 25.499397225197469652
10943.339222592107035 25.504925630048127516
10943.455561721058984 25.51045547409877301
10943.571878083985212 25.515986732537509596
10943.688171860119837 25.521519380944749145
10943.804443227856609 25.527053395286852577
10943.920692364703427 25.532588751910960667
10944.036919447251421 25.538125427539860368
10944.153124651131293 25.543663399266847591
10944.269308150986035 25.549202644550611296
10944.385470120436366 25.55474314121014956
10944.501610732049812 25.560284867419731825
10944.617730157342521 25.565827801705264477
10944.73382856677199 25.571371922940155486
10944.84990612970978 25.576917210340354814
10944.965963014419685 25.582463643459366409
10945.081999388034092 25.588011202183366777
10945.198015416533963 25.593559866726330654
10945.314011264728833 25.599109617625213531
10945.429987096234981 25.604660435735159041
10945.545943073464514 25.610212302224763192
10945.661879357605358 25.615765198571349259
10945.777796108606708 25.621319106556313727
10945.893693485168114 25.626874008260486448
10946.00957164472311 25.632429886059551194
10946.1254307434574 25.637986722618446578
10946.241270936337969 25.643544500885376181
10946.357092377100344 25.649103204087360552
10946.472895218244958 25.654662815725824743
10946.588679611024418 25.660223319572253331
10946.704445705445323 25.665784699663870327
10946.820193650257352 25.671346940299383022
10946.935923592949621 25.676910026034775569
10947.05163567974887 25.682473941679159424
10947.167330055614002 25.688038672290659292
10947.283006864239724 25.693604203172370148
10947.398666248051086 25.699170519868363982
10947.514308348250779 25.704737608159963003
10947.629933304826409 25.710305454061902708
10947.745541256559591 25.715874043818715222
10947.861132341053235 25.721443363902054102
10947.97670669474428 25.727013401007077675
10948.092264452903692 25.73258414204877198
10948.207805749638283 25.738155574158298577
10948.323330717894351 25.743727684679424073
10948.438839489464954 25.749300461165002929
10948.55433219499173 25.754873891373502914
10948.669808963972173 25.760447963265605154
10948.785269924761451 25.766022665000850367
10948.900715204581502 25.771597984934327741
10949.01614492952649 25.777173911613427748
10949.131559224591911 25.78275043377377429
10949.246958213763719 25.788327540333604304
10949.362342020027427 25.793905220390541899
10949.477710765375377 25.799483463218560786
10949.593064570819479 25.805062258264953812
10949.708403556396661 25.81064159514741263
10949.823727841174332 25.816221463651150003
10949.939037543264931 25.821801853726313425
10950.054332779835022 25.827382755485519539
10950.16961366711439 25.832964159201168286
10950.284880320405136 25.838546055302774818
10950.400132854087133 25.844128434374368908
10950.515371381630757 25.849711287151944106
10950.630596015600531 25.855294604520956625
10950.745806867664214 25.860878377513870419
10950.861004048601899 25.866462597307759097
10950.976187668315106 25.872047255221943374
10951.091357835830422 25.877632342715688907
10951.206514659308596 25.883217851385932562
10951.32165824605363 25.88880377296507973
10951.436788702518243 25.894390099318844278
10951.551906134311139 25.899976822444127578
10951.667010646202471 25.905563934466925957
10951.782102342134749 25.91115142764029855
10951.897181325224665 25.916739294342352906
10952.012247697779458 25.922327527073942832
10952.127301561331478 25.927916118455652139
10952.242343016645464 25.933505061225876176
10952.357372163723994 25.939094348239020604
10952.472389101811132 25.944683972463721489
10952.587393929397876 25.95027392698112223
10952.702386744223986 25.955864204983171817
10952.817367643285252 25.961454799770958601
10952.932336722838954 25.967045704753083157
10953.047294078400228 25.972636913444063111
10953.16223980475479 25.978228419462755738
10953.277173995957128 25.983820216530833846
10953.39209674533231 25.989412298471272322
10953.507008145485088 25.995004659206877307
10953.621908288296254 26.000597292758836687
10953.7367972649281 26.006190193245288356
10953.851675165831693 26.011783354879931096
10953.966542080741419 26.017376771970642579
10954.081398098680438 26.02297043891817907
10954.196243307964323 26.028564350214853818
10954.311077796201062 26.034158500443218998
10954.42590165029651 26.039752884274800948
10954.540714956448937 26.045347496468824744
10954.655517800167218 26.050942331871080881
10954.770310266298111 26.056537385413435004
10954.885092439046275 26.062132652112762088
10954.999864401970626 26.067728127069774047
10955.114626237984339 26.073323805467872205
10955.229378029360305 26.078919682571996219
10955.344119857738406 26.084515753728005905
10955.458851804143706 26.090112014363011639
10955.573573948990088 26.095708459984397365
10955.688286372083894 26.101305086178744119
10955.802989152623923 26.106901888610785534
10955.917682369205068 26.112498863022363338
10956.032366099818319 26.118096005231389967
10956.147040421854399 26.123693311130846695
10956.261705412107403 26.129290776687778219
10956.376361146798445 26.134888397941992366
10956.491007701632043 26.140486171004532423
10956.605645151792487 26.14608409205668238
10956.72027357195293 26.151682157349004143
10956.834893036279027 26.157280363200396067
10956.949503618428935 26.162878705997140827
10957.06410539155695 26.168477182191974606
10957.178698428318967 26.174075788303166945
10957.293282800874294 26.179674520913597036
10957.407858580887478 26.185273376669865542
10957.522425839537391 26.190872352281381552
10957.636984647511781 26.196471444519499272
10957.751535075018182 26.202070650216537473
10957.866077191803925 26.207669966264667494
10957.980611067188875 26.213269389615465599
10958.095136770065437 26.218868917279074537
10958.20965436890765 26.224468546323357998
10958.324163931767544 26.230068273873037299
10958.438665526278783 26.235668097108849395
10958.553159219656663 26.241268013266711989
10958.667645078701753 26.246868019636902858
10958.782123169807164 26.252468113563203644
10958.896593558994937 26.258068292441823388
10959.011056311917855 26.263668553720574295
10959.125511493868544 26.269268894898086586
10959.23995916977583 26.274869313523034009
10959.354399404201104 26.280469807193362897
10959.468832261347416 26.286070373555546098
10959.583257805055837 26.291671010303812039
10959.697676098801821 26.297271715179423524
10959.812087205700664 26.30287248596993166
10959.926491188507498 26.308473320508454663
10960.040888109613661 26.314074216672963757
10960.155278031050329 26.319675172385572637
10960.26966101448852 26.325276185611837576
10960.384037121235451 26.33087725436007176
10960.498406412240001 26.336478376680478419
10960.612768948089069 26.342079550664323051
10960.727124789013033 26.347680774443265506
10960.841473994880289 26.353282046188706289
10960.955816625200896 26.358883364111164838
10961.070152739119294 26.364484726459696873
10961.184482395421583 26.370086131521279782
10961.298805652530064 26.375687577620201552
10961.41312256850324 26.381289063117456806
10961.527433201037638 26.38689058641014995
10961.641737607460527 26.392492145930912528
10961.756035844742655 26.39809374014688359
10961.870327969529171 26.403695367557869389
10961.984614038135987 26.409297026695750077
10962.09889410654614 26.414898716123982325
10962.213168230409792 26.420500434437112602
10962.32743646504241 26.4261021802602869
10962.441698865421131 26.431703952248767564
10962.555955486181119 26.43730574908747144
10962.670206381615571 26.442907569490508024
10962.784451605670256 26.448509412200721158
10962.898691211943515 26.454111275989241392
10963.012925253678986 26.459713159655048997
10963.127153783769245 26.465315062024522774
10963.241376854744885 26.470916981951027935
10963.355594518778162 26.476518918314479123
10963.469806827675711 26.482120870020938952
10963.584013832931305 26.487722836000461513
10963.698215585773141 26.493324815205031797
10963.812412137167485 26.498926806607268958
10963.926603537816845 26.504528809199978667
10964.040789838156343 26.510130821995758765
10964.154971088353705 26.515732844026587145
10964.269147338307448 26.521334874343455823
10964.383318637643242 26.526936912016008563
10964.497485035708451 26.532538956132164287
10964.61164658157395 26.53814100579777957
10964.725803324028675 26.543743060136289813
10964.839955311577796 26.549345118288378842
10964.954102592437266 26.554947179411637848
10965.068245214535636 26.560549242680234983
10965.182383225508602 26.56615130728459917
10965.296516672693542 26.57175337243111457
10965.410645603127705 26.577355437341811495
10965.524770063548203 26.582957501254067978
10965.638890100384742 26.588559563420318455
10965.753005759755979 26.594161623107758885
10965.867117087482256 26.599763679597245414
10965.981224129089242 26.605365732182434613
10966.095326929804287 26.610967780169527686
10966.209425534549155 26.616569822877018225
10966.323519987941836 26.622171859635457736
10966.437610334289275 26.627773889787221151
10966.55169661758373 26.633375912686268805
10966.665778881497317 26.638977927697926162
10966.779857169380193 26.644579934198674209
10966.893931524255095 26.650181931575922079
10967.008001988811884 26.655783919227811651
10967.122068605409368 26.661385896563135844
10967.23613141608439 26.666987863001896386
10967.35019046258094 26.672589817974685644
10967.464245786401079 26.678191760920075382
10967.578297428808582 26.683793691284272143
10967.692345430821661 26.689395608520992909
10967.806389833205685 26.694997512091347858
10967.920430676467731 26.70059940146374089
10968.034468000849301 26.706201276113752385
10968.148501846326326 26.711803135524029074
10968.262532252638266 26.71740497918402113
10968.37655925929721 26.723006806589868489
10968.490582905578776 26.728608617244340451
10968.604603230516659 26.734210410656778834
10968.718620272891712 26.739812186343044687
10968.832634071230132 26.745413943825457892
10968.94664466379254 26.75101568263275098
10969.060652088566712 26.756617402300019393
10969.174656383262118 26.762219102368653978
10969.288657585319015 26.767820782385779665
10969.402655731904815 26.773422441904088487
10969.516650859908623 26.779024080481978132
10969.63064300595579 26.784625697684923296
10969.744632206426104 26.790227293085560945
10969.858618497510179 26.795828866263136092
10969.972601915211271 26.801430416803434298
10970.086582495339826 26.807031944298820747
10970.200560273555311 26.812633448348790921
10970.3145352853644 26.818234928560098496
10970.428507566124608 26.823836384546716261
10970.542477151031562 26.829437815929821909
10970.65644407511536 26.835039222337758957
10970.770408373236933 26.84064060340601543
10970.884370080098961 26.846241958776619896
10970.998329230278614 26.851843288097292373
10971.112285858214818 26.857444591021437219
10971.226239998204619 26.863045867208139583
10971.340191684395904 26.868647116322147639
10971.454140950780129 26.874248338033876138
10971.568087831190496 26.879849532019388647
10971.682032359289224 26.885450697960390443
10971.795974568563906 26.891051835544224957
10971.909914492323878 26.896652944463856016
10972.023852163689298 26.902254024417864287
10972.137787615587513 26.907855075110436616
10972.251720880745779 26.913456096251341165
10972.365651991689447 26.919057087555916752
10972.479580980729224 26.924658048745051531
10972.593507879959361 26.930258979545168785
10972.70743272125037 26.935859879688216267
10972.821355536289047 26.941460748910103007
10972.935276356636678 26.947061586948727552
10973.049195213718122 26.95266239354393889
10973.163112138821816 26.958263168437476054
10973.277027163096136 26.963863911372936144
10973.390940317542118 26.96946462209572104
10973.50485163301164 26.975065300353005426
10973.618761140203787 26.980665945893679947
10973.732668869661211 26.986266558468308574
10973.846574851761034 26.991867137829089529
10973.960479116718489 26.99746768372980199
10974.074381694576005 27.00306819592577412
10974.188282615205026 27.008668674173822666
10974.302181908296916 27.01426911823222099
10974.416079603362959 27.019869527860628011
10974.529975729727084 27.025469902819978074
10974.64387031653132 27.031070242872278442
10974.757763392732159 27.036670547780310869
10974.871654987098736 27.04227081730758897
10974.985545128209196 27.047871051218329796
10975.099433844443411 27.053471249277396993
10975.213321163982982 27.059071411250275929
10975.327207114805788 27.064671536903023963
10975.441091724680518 27.07027162600223491
10975.554975021163045 27.075871678315007074
10975.668857031594598 27.08147169360888995
10975.782737783092671 27.087071671651866467
10975.896617302552841 27.092671612212296139
10976.010495616639673 27.098271515058890202
10976.124372751784904 27.103871379960672527
10976.238248734185618 27.109471206686947653
10976.352123589793337 27.115070995007251042
10976.465997344319476 27.120670744691327769
10976.579870023220792 27.126270455509089885
10976.693741651703021 27.131870127230587997
10976.807612254713604 27.137469759625968635
10976.921481856956234 27.143069352465150956
10977.035350482943613 27.148668905517038041
10977.149218156990173 27.154268418549467157
10977.263084903210256 27.15986789132917778
10977.37695074551084 27.165467323621793838
10977.490815707584261 27.171066715191813046
10977.604679812910035 27.176666065802574934
10977.718543084740304 27.182265375216250192
10977.832405546103473 27.187864643193819347
10977.94626721979148 27.193463869495051455
10978.060128128361612 27.199063053878486329
10978.173988294125593 27.204662196101420335
10978.287847739147765 27.210261295919881519
10978.401706485272371 27.215860353087585111
10978.515564554170851 27.221459367354331249
10978.629421967338203 27.227058338465958798
10978.743278746085707 27.23265726616431337
10978.857134911542744 27.238256150187165616
10978.970990484682261 27.243854990267635685
10979.084845486322592 27.249453786134004929
10979.198699937122001 27.255052537509715904
10979.312553857584135 27.260651244113528691
10979.426407268099865 27.266249905660689734
10979.5402601889582 27.271848521863120141
10979.65411264033537 27.277447092429415676
10979.767964642314837 27.283045617064441757
10979.881816214936407 27.28864409546832448
10979.995667378201688 27.294242527336521675
10980.109518152075907 27.299840912359893963
10980.223368556487912 27.305439250224683434
10980.337218611324715 27.311037540612481678
10980.451068336426033 27.316635783200204912
10980.564917751584289 27.322233977660058457
10980.678766876540976 27.327832123659511865
10980.792615730983016 27.333430220861266946
10980.906464334537304 27.339028268923225795
10981.020312706774348 27.344626267498458816
10981.134160867199171 27.350224216235165642
10981.248008835247674 27.355822114776653819
10981.361856630286638 27.361419962761299729
10981.475704271610084 27.367017759822513057
10981.589551778435634 27.372615505588697715
10981.703399169900877 27.378213199683226975
10981.817246465059725 27.383810841724404384
10981.931093682880601 27.389408431325421134
10982.044940842240976 27.395005968094320536
10982.158787961938287 27.400603451634392371
10982.272635060729954 27.40620088154629741
10982.386482157342471 27.411798257428362291
10982.500329262215018 27.417395578470838302
10982.614176392926311 27.422992844214526542
10982.728023568111894 27.42859005425165364
10982.841870806367297 27.434187208172126304
10982.955718126244392 27.43978430556350645
10983.069565546255035 27.445381346011004098
10983.183413084860149 27.450978329097456054
10983.297260760477002 27.456575254403318809
10983.411108591470111 27.462172121506633005
10983.411108591470111 27.462172121506633005
10983.411108591470111 27.462172121506633005
10983.411108591470111 27.462172121506633005
10983.411108591470111 27.462172121506633005
10983.411108591470111 27.462172121506633005
10983.411108591470111 27.462172121506633005
10983.411108591470111 27.462172121506633005
10983.524956596151242 27.46776892998302344
10983.638804792783048 27.473365679405461037
10983.752653199573615 27.478962369343701511
10983.86650183468555 27.484558999364406162
10983.980350716228713 27.490155569031120564
10984.094199862263849 27.495752077904242583
10984.208049290795316 27.501348525540976198
10984.321899019781995 27.506944911494120021
10984.435749067164579 27.512541235311278598
10984.549599450881942 27.518137496535526765
10984.663450188869319 27.523733694705448727
10984.777301299056489 27.529329829355077663
10984.891152799365955 27.534925900013831779
10985.005004707714761 27.540521906206450353
10985.118857042005402 27.546117847452929794
10985.23270982012582 27.551713723268456135
10985.346563059953041 27.557309533163341086
10985.460416779340449 27.562905276642947427
10985.574270996125051 27.568500953207617954
10985.688125728118393 27.574096562352597317
10985.801980993110192 27.579692103567964523
10985.915836808861059 27.585287576338544113
10986.029693193100684 27.590882980143835113
10986.143550163527834 27.59647831445792221
10986.257407737808535 27.602073578749124039
10986.371265933585164 27.607668772478941577
10986.485124768507376 27.613263895101528789
10986.59898426025029 27.618858946064566595
10986.712844426512675 27.624453924809191818
10986.826705285011485 27.630048830769901258
10986.94056685348005 27.635643663374459322
10987.054429149666248 27.641238422043794998
10987.168292191328874 27.646833106191909479
10987.282155996233996 27.652427715225773142
10987.396020582151323 27.658022248545211852
10987.509885966850561 27.663616705542818153
10987.623752168103238 27.669211085603834022
10987.737619203671784 27.67480538810604429
10987.851487091313174 27.680399612419670063
10987.96535584877347 27.685993757907496615
10988.079225493791455 27.691587823925235767
10988.193096044093181 27.697181809821561416
10988.306967517395606 27.702775714937988738
10988.420839931399314 27.70836953860859353
10988.534713303792159 27.713963280159717328
10988.648587652241986 27.719556938909917676
10988.762462994398447 27.725150514169758509
10988.876339347902103 27.730744005240573813
10988.990216730402608 27.736337411414673682
10989.104095159556891 27.741930731975397606
10989.217974653025522 27.747523966196990131
10989.331855228470886 27.753117113344462297
10989.445736903553552 27.758710172673460193
10989.55961969593227 27.764303143430122844
10989.673503623256693 27.769896024850954319
10989.787388703163742 27.775488816162685168
10989.901274953279426 27.781081516582126767
10990.015162391209742 27.786674125316039863
10990.129051034544318 27.792266641560868123
10990.242940900885515 27.797859064501000859
10990.356832007899357 27.803451393310197659
10990.470724373341 27.809043627152565392
10990.584618015063825 27.814635765182984528
10990.698512951026714 27.820227806547482174
10990.812409199294052 27.825819750383153917
10990.926306778037542 27.831411595818071447
10991.040205705528933 27.837003341971186643
10991.154106000143656 27.842594987952224983
10991.268007680359005 27.848186532861593179
10991.381910764750501 27.853777975790279697
10991.495815271993706 27.859369315819755286
10991.609721220860592 27.864960552021877049
10991.723628630219537 27.870551683458785419
10991.837537519029866 27.87614270918280468
10991.951447906347312 27.881733628236343492
10992.065359811316739 27.887324439651795416
10992.179273253172141 27.892915142451442989
10992.293188251236643 27.898505735647347592
10992.40710482492068 27.904096218241257077
10992.521022993721999 27.909686589224438791
10992.634942777229298 27.915276847577686681
10992.748864195125861 27.920866992271324847
10992.862787267180465 27.926457022265093855
10992.976712013254655 27.932046936508047708
10993.090638453291831 27.937636733938447264
10993.204566607320885 27.943226413483660764
10993.318496495454383 27.948815974060053691
10993.432428137883107 27.954405414572882194
10993.546361554879695 27.959994733916186505
10993.660296766789543 27.965583930972684357
10993.774233794034444 27.971173004613735458
10993.888172657110772 27.976761953699671892
10994.002113376589477 27.982350777079847859
10994.116055973117909 27.987939473592543749
10994.230000467414357 27.993528042064873773
10994.34394688026623 27.999116481312679383
10994.457895232528244 28.00470479014042624
10994.571845545124233 28.010292967341097636
10994.685797839041697 28.015881011696091463
10994.799752135328163 28.021468921975106525
10994.913708455096639 28.02705669693604662
10995.027666819516526 28.032644335324892637
10995.141627249817248 28.038231835875610187
10995.255589767288257 28.04381919730977657
10995.369554393306316 28.04940641833644932
10995.483521149346416 28.054993497652770174
10995.597490056978131 28.06058043394385848
10995.711461137867445 28.066167225882683312
10995.825434413767653 28.071753872129939111
10995.939409906521178 28.077340371333924907
10996.05338763807049 28.082926722129766262
10996.167367630499939 28.088512923138019062
10996.281349906092146 28.094098972964875571
10996.395334487360742 28.099684870203251563
10996.509321397044914 28.105270613432733029
10996.623310658113041 28.11085620121944828
10996.737302293753601 28.116441632115908078
10996.851296327380624 28.122026904660863522
10996.965292782630058 28.127612017379121312
10997.079291683372503 28.133196968781231107
10997.193293053733214 28.138781757363926062
10997.307296918086649 28.144366381610094408
10997.421303301058288 28.14995083998862313
10997.535312227522809 28.155535130954241652
10997.649323722605914 28.161119252947372615
10997.763337811677047 28.166703204393968463
10997.877354520356675 28.172286983705362218
10997.991373874509009 28.177870589278093405
10998.105395900243821 28.183454019493748177
10998.219420623916449 28.189037272718774574
10998.33344807215326 28.194620347302482344
10998.447478271898945 28.200203241577174396
10998.561511250431067 28.205785953858832471
10998.675547035363707 28.21136848244670503
10998.789585654660186 28.216950825622614474
10998.903627136649447 28.222532981651351491
10999.017671510024229 28.228114948780554272
10999.13171880383743 28.233696725240520209
10999.245769047502108 28.239278309244024712
10999.359822270789664 28.244859698986147123
10999.473878503829837 28.250440892644082425
10999.587937777108891 28.256021888376963602
10999.702000121465971 28.261602684325680457
10999.816065568093109 28.267183278612694863
10999.930134148533398 28.272763669341834714
11000.044205894695551 28.278343854598208651
11000.158280838848441 28.283923832448330415
11000.272359013628375 28.289503600939951866
11000.38644045203182 28.295083158101874687
11000.500525187415406 28.300662501943779858
11000.614613253490461 28.306241630456032254
11000.728704684324839 28.311820541609517221
11000.842799514335638 28.317399233355452282
11000.95689777829466 28.3229777036252095
11001.070999511315677 28.328555950330144952
11001.185104748858066 28.334133971361428195
11001.299213526723179 28.339711764589861076
11001.413325881052515 28.345289327865721418
11001.52744184832045 28.350866659018588933
11001.641561465334235 28.356443755857178246
11001.755684769232175 28.362020616169182574
11001.869811797478178 28.367597237721113856
11001.98394258785811 28.373173618258146433
11002.098077178479798 28.378749755503960728
11002.212215607765756 28.384325647160608241
11002.326357914451364 28.389901290908351683
11002.440504137581229 28.395476684405529966
11002.554654316507367 28.401051825288423203
11002.668808490878291 28.4066267111711106
11002.782966700646284 28.412201339645349663
11002.897128986052849 28.417775708280441194
11003.011295387632345 28.4233498146231085
11003.125465946201075 28.428923656197380154
11003.239640702860925 28.434497230504472753
11003.353819698988445 28.440070535022684339
11003.468002976233038 28.445643567207284264
11003.582190576513312 28.451216324490417264
11003.696382542009815 28.456788804280993332
11003.810578915165024 28.462361003964613104
11003.924779738676079 28.467932920903468386
11004.038985055487501 28.47350455243626044
11004.153194908791193 28.479075895878121827
11004.267409342020983 28.484646948520541798
11004.381628398845351 28.490217707631295241
11004.495852123163786 28.495788170454389387
11004.610080559101334 28.501358334209989209
11004.724313751006775 28.506928196094388994
11004.83855174344535 28.512497753279959056
11004.952794581193302 28.518067002915113761
11005.067042309234239 28.523635942124275999
11005.181294972753676 28.529204568007841658
11005.295552617137218 28.534772877642147648
11005.409815287961464 28.540340868079450587
11005.524083030992188 28.54590853634791614
11005.638355892180698 28.551475879451597706
11005.752633917654748 28.557042894370429309
11005.866917153718532 28.562609578060236259
11005.98120564684541 28.568175927452720941
11006.09549944367609 28.573741939455480576
11006.209798591011349 28.579307610952007224
11006.324103135812038 28.58487293880171265
11006.438413125188163 28.590437919839942538
11006.552728606402525 28.596002550877994253
11006.667049626870721 28.601566828702310374
11006.781376234213894 28.607130750072915504
11006.895708476280561 28.612694311725032748
11007.010046401148429 28.618257510369236485
11007.124390057118944 28.623820342691487895
11007.238739492713648 28.629382805353209562
11007.353094756668725 28.634944894991321007
11007.467455897931359 28.640506608218313289
11007.581822965652464 28.646067941622305852
11007.696196009186679 28.651628891767103369
11007.810575078083275 28.657189455192270344
11007.924960222089794 28.662749628413195069
11008.039351491139314 28.668309407921157117
11008.153748935352269 28.673868790183398403
11008.268152605030991 28.679427771643194234
11008.382562550656075 28.684986348719924365
11008.496978822899109 28.690544517808454827
11008.611401472657235 28.696102275279042004
11008.725830551093168 28.701659617478096465
11008.840266109658842 28.707216540729302068
11008.954708200100868 28.712773041333118584
11009.069156874495093 28.718329115565577325
11009.183612185293896 28.723884759679382483
11009.298074185348014 28.72943996990492721
11009.412542927906543 28.734994742450435723
11009.527018466620575 28.74054907350198107
11009.641500855537743 28.746102959223527762
11009.755990149105855 28.751656395756960194
11009.870486402171082 28.757209379222111068
11009.984989669977949 28.762761905716796917
11010.099500008169343 28.768313971316832323
11010.21401747278469 28.77386557207614004
11010.32854212026723 28.779416704026964169
11010.443074007462201 28.784967363180026467
11010.557613191620476 28.790517545524547671
11010.672159730398562 28.796067247028279468
11010.786713681856781 28.801616463637536469
11010.901275104466549 28.807165191277160687
11011.01584405711219 28.812713425850553506
11011.130420599105491 28.818261163239917266
11011.245004790176608 28.823808399306322769
11011.359596690488615 28.829355129890178233
11011.474196360635688 28.834901350811517062
11011.588803861646738 28.840447057870079561
11011.703419254989058 28.845992246845337803
11011.818042602568312 28.851536913496527603
11011.932673966730363 28.857081053562673389
11012.047313410263087 28.862624662762620176
11012.161960996398193 28.868167736795051326
11012.276616788813044 28.87371027133852408
11012.391280851632473 28.879252262051483768
11012.505953249430604 28.884793704572295781
11012.62063404723267 28.890334594519259781
11012.735323310515014 28.895874927490645234
11012.850021105210544 28.901414699064702063
11012.964727497708736 28.90695390479968907
11013.079442554855632 28.912492540233895255
11013.194166343961115 28.918030600885657577
11013.308898932795273 28.92356808225339293
11013.423640389593857 28.9291049798156088
11013.538390783058276 28.934641289030931688
11013.653150182359241 28.940177005338131977
11013.767918657136761 28.945712124156145251
11013.882696277505602 28.951246640884100714
11013.997483114051647 28.956780550901346061
11014.112279237840994 28.96231384956746524
11014.227084720416315 28.967846532222321088
11014.341899633802313 28.973378594186073087
11014.456724050505727 28.978910030759205796
11014.571558043518962 28.984440837222560816
11014.686401686321915 28.989971008837361666
11014.801255052883789 28.99550054084525641
11014.916118217666735 29.001029428468356741
11015.030991255624031 29.006557666909266402
11015.145874242207356 29.012085251351134474
11015.260767253366794 29.017612176957694459
11015.375670365552651 29.023138438873310463
11015.490583655719092 29.028664032223030489
11015.605507201325963 29.03418895211263262
11015.720441080342425 29.03971319362868897
11015.835385371245138 29.045236751838622524
11015.950340153029174 29.050759621790774645
11016.06530550520074 29.056281798514479675
11016.180281507786276 29.061803277020121783
11016.29526824133427 29.067324052299216675
11016.41026578691708 29.072844119324493306
11016.525274226136389 29.078363473049975596
11016.64029364111957 29.083882108411078349
11016.755324114532414 29.089400020324696072
11016.870365729573678 29.094917203689306007
11016.985418569984176 29.100433653385071153
11017.100482720048603 29.105949364273961066
11017.215558264597348 29.111464331199865541
11017.330645289013773 29.116978548988715403
11017.445743879234215 29.122492012448617515
11017.560854121753437 29.128004716369989779
11017.675976103630092 29.133516655525685479
11017.791109912490356 29.139027824671156708
11017.90625563652975 29.144538218544600028
11018.021413364533146 29.150047831866608306
11018.136583185918425 29.155556659339090686
11018.2517651908056 29.161064695645645628
11018.366959470042275 29.166571935452331843
11018.482166115218206 29.172078373408144358
11018.597385218676209 29.177584004145192154
11018.712616873510342 29.183088822278897112
11018.827861173576821 29.188592822408210736
11018.943118213503112 29.194095999115827311
11019.058388088691572 29.199598346968407725
11019.173670895326723 29.205099860516821053
11019.288966730387983 29.210600534296371933
11019.404275691653311 29.216100362827067016
11019.519597877710112 29.221599340613867213
11019.634933387964338 29.227097462146979012
11019.750282322651401 29.232594721902142254
11019.865644782845266 29.238091114340928556
11019.981020870469365 29.243586633911050399
11020.096410688309334 29.249081275046687978
11020.211814340023921 29.254575032168826709
11020.327231930161361 29.260067899685594739
11020.442663564164832 29.265559871992621765
11020.55810934839792 29.271050943473401418
11020.673569390150078 29.276541108499660737
11020.78904379766027 29.282030361431750975
11020.904532680127886 29.287518696619024183
11021.020036147736391 29.293006108400238219
11021.135554311666056 29.298492591103954652
11021.25108728412124 29.303978139048943774
11021.366635178352226 29.309462746544497236
11021.482198108697048 29.314946407890868585
11021.597776190619697 29.320429117380282236
11021.713369540735584 29.325910869297384664
11021.828978276838825 29.331391657919660076
11021.944602517945896 29.336871477517782125
11022.060242384359299 29.342350322356466563
11022.175897997733045 29.34782818669618365
11022.291569481099941 29.353305064793552503
11022.407256958906146 29.358780950901692819
11022.522960557047554 29.36425583927054106
11022.638680402898899 29.369729724147141781
11022.754416625361046 29.375202599775889212
11022.870169354890095 29.380674460398765291
11022.985938723544677 29.386145300255520851
11023.101724865025972 29.391615113583721808
11023.217527914721359 29.397083894618276645
11023.333348009753536 29.402551637591365363
11023.449185289025991 29.408018336732428821
11023.565039893273934 29.413483986268133208
11023.68091196511341 29.418948580422298988
11023.796801649095869 29.424412113415751691
11023.912709091759098 29.4298745794661194
11024.028634441687245 29.435335972787555647
11024.14457784957267 29.440796287590480063
11024.260539468283241 29.446255518081457581
11024.376519452927823 29.451713658462743695
11024.492517960910845 29.457170702931716022
11024.608535152005061 29.462626645680217052
11024.724571188409755 29.468081480893818735
11024.840626234819865 29.473535202751005357
11024.956700458493287 29.478987805422264046
11025.072794029321813 29.484439283069079352
11025.188907119898431 29.489889629842839014
11025.305039905593731 29.495338839883654458
11025.421192564623198 29.500786907319085373
11025.537365278127254 29.506233826262757702
11025.653558230240378 29.511679590812899932
11025.769771608171141 29.517124195050769231
11025.886005602276782 29.522567633039010104
11026.002260406145069 29.528009898819885137
11026.118536216668872 29.533450986413448902
11026.234833234129837 29.538890889815593965
11026.351151662274788 29.544329602996075579
11026.467491708399393 29.549767119896387157
11026.583853583431846 29.555203434427550491
11026.700237502012897 29.56063854046782069
11026.816643682581343 29.566072431860302316
11026.93307234745771 29.571505102410494459
11027.049523722929735 29.576936545883725671
11027.165998039337865 29.582366756002524966
11027.282495531158929 29.587795726443900435
11027.399016437098908 29.593223450836585897
11027.515561000180242 29.598649922758436759
11027.632129467847335 29.604075135733911139
11027.74872209205023 29.609499083231149541
11027.865339129339191 29.614921758658883988
11027.981980840948381 29.620343155363265453
11028.098647492892269 29.625763266624570491
11028.215339356056575 29.631182085653939851
11028.332056706287403 29.636599605590003392
11028.448799824485832 29.642015819495437512
11028.565568996726142 29.647430720352762279
11028.682364514401343 29.652844301061520582
11028.799186674330485 29.65825655443558162
11028.916035778855075 29.66366747319943542
11029.032912135935476 29.669077049984394989
11029.149816059250952 29.674485277324787802
11029.266747868292441 29.679892147654062029
11029.383707888462595 29.685297653300846576
11029.500696451179465 29.690701786484929414
11029.617713893972905 29.696104539313182613
11029.734760560595532 29.70150590377510369
11029.851836801151876 29.706905871737824043
11029.9689429722348 29.712304434942730325
11030.08607943703646 29.717701585001254472
11030.203246565462905 29.723097313390606899
11030.320444734274133 29.728491611449108234
11030.437674327233253 29.73388447037282134
11030.554935735233812 29.73927588121143728
11030.672229356410753 29.744665834863493359
11030.789555596255013 29.750054322071502355
11030.906914867720843 29.755441333416960958
11031.024307591351317 29.760826859315240966
11031.141734195385652 29.766210890010395218
11031.259195115882903 29.771593415569860497
11031.376690796836556 29.77697442587903609
11031.494221690298218 29.782353910635730898
11031.611788256494037 29.787731859344500407
11031.729390963952028 29.793108261310841556
11031.847030289620307 29.798483105635202861
11031.964706718992602 29.803856381206902171
11032.082420746235584 29.809228076697891652
11032.200172874316195 29.814598180556306062
11032.317963615130793 29.819966681000124709
11032.435793489641583 29.825333566010968411
11032.553663028014853 29.830698823327306712
11032.671572769753766 29.83606244043735245
11032.789523263829324 29.841424404571721851
11032.907515068822249 29.846784702695895675
11033.025548753059411 29.852143321502452977
11033.143624894753884 29.857500247403034876
11033.261744082146834 29.862855466520112913
11033.379906913656669 29.868208964678562012
11033.498113998033659 29.873560727397464376
11033.616365954514549 29.878910739881600733
11033.734663412984446 29.884258987012255915
11033.853007014129616 29.889605453337651397
11033.971397409593919 29.894950123063050995
11034.089835262146153 29.900292980040550361
11034.208321245847401 29.905634007758553849
11034.3268560462202 29.910973189330928079
11034.445440360421344 29.916310507485789572
11034.564074897423779 29.921645944553951324
11034.68276037819669 29.926979482456964377
11034.801497535898307 29.932311102694765026
11034.920287116068721 29.937640786332945453
11035.039129876851803 29.94296851398992132
11035.15802658920984 29.948294265823907523
11035.276978037132722 29.953618021518927605
11035.3959850178544 29.958939760270439479
11035.515048342072987 29.964259460770342969
11035.634168834179945 29.969577101191578805
11035.753347332494741 29.974892659172283516
11035.87258468949949 29.98020611179933681
11035.991881772089982 29.985517435591464874
11036.11123946182488 29.990826606481711281
11036.230658655187653 29.996133599799374991
11036.350140263848516 30.001438390251376376
11036.46968521494091 30.006740951903008607
11036.589294451339811 30.012041258158077994
11036.708968931947311 30.01733928173842969
11036.828709631983656 30.022634994662809049
11036.94851754328738 30.027928368225218492
11037.068393674620893 30.033219372972386196
11037.188339051981529 30.038507978680545563
11037.308354718921692 30.043794154331589397
11037.428441736878085 30.049077868088421184
11037.548601185513689 30.054359087269929773
11037.668834163077918 30.059637778325484447
11037.789141786755863 30.064913906808079958
11037.909525193019363 30.070187437346508119
11038.02998553798534 30.07545833361669807
11038.15052399778142 30.080726558312189667
11038.271141768915186 30.085992073113747125
11038.391840068650708 30.09125483865820172
11038.512620135390534 30.096514814506218016
11038.633483229061312 30.101771959109182575
11038.754430631508512 30.107026229775151194
11038.875463646894787 30.112277582633840467
11038.996583602100145 30.117525972600635242
11039.11779184713123 30.122771353339611977
11039.239089755530586 30.128013677225549571
11039.360478724791392 30.133252895304920571
11039.481960176770372 30.13848895725584498
11039.603535558111616 30.143721811346988915
11039.725206340664954 30.14895140439537613
11039.846974021900678 30.154177681723144389
11039.968840125340648 30.159400587113218251
11040.090806200969382 30.164620062763823682
11040.212873825654242 30.16983604924196527
11040.335044603561983 30.175048485435787882
11040.457320166569843 30.180257308505805014
11040.57970217469483 30.18546245383457105
11040.702192316532091 30.190663854976534708
11040.824792309656914 30.195861443606400343
11040.947503901012169 30.201055149465975802
11041.070328867295757 30.20624490030953524
11041.193269015382612 30.211430621848215594
11041.316326182706689 30.216612237695180454
11041.439502237601118 30.221789669307828063
11041.562799079616525 30.226962835929409579
11041.686218639821163 30.2321316545295673
11041.809762881077404 30.237296039743892351
11041.933433798296392 30.242455903812555107
11042.0572334186636 30.247611156518072306
11042.181163801849834 30.25276170512220375
11042.305227040180398 30.257907454301658845
11042.429425258776973 30.263048306083536687
11042.553760615672218 30.268184159779988107
11042.678235301871609 30.27331491192241586
11042.80285154138619 30.278440456194928743
11042.927611591221648 30.283560683367408473
11043.052517741325573 30.28867548122818576
11043.17757231448013 30.293784734516460588
11043.302777666156544 30.298888324854498677
11043.428136184307732 30.303986130680037547
11043.553650289106372 30.309078027178461667
11043.679322432632034 30.314163886215105492
11043.805155098489195 30.319243576267922435
11043.931150801387048 30.324316962360480687
11044.057312086646562 30.329383905996159854
11044.183641529642045 30.33444426509289471
11044.310141735155412 30.339497893918519367
11044.436815336655854 30.344544643027191455
11044.563664995508589 30.349584359197098848
11044.690693400101736 30.354616885369619439
11044.817903264891356 30.359642060590115165
11044.945297329373716 30.364659719950608974
11045.072878356959336 30.369669694534525917
11045.200649133776096 30.374671811363747054
11045.328612467375933 30.379665893348192895
11045.456771185354228 30.384651759238202828
11045.585128133890976 30.389629223579905926
11045.713686176190095 30.394598096673853149
11045.842448190831419 30.39955818453715608
11045.971417070042662 30.404509288869370209
11046.10059571786951 30.40945120702241411
11046.229987048265684 30.414383731974687919
11046.359593983095692 30.419306652309803241
11046.489419450044807 30.424219752200087896
11046.619466380458107 30.42912281139512487
11046.74973770708857 30.434015605215588351
11046.880236361772404 30.438897904552650431
11047.010965273035254 30.443769475873409647
11047.141927363623836 30.44863008123222059
11047.273125547979362 30.45347947828802404
11047.404562729638201 30.458317420328064884
11047.53624179858889 30.463143656298154127
11047.668165628572751 30.467957930839549618
11047.80033707435723 30.47275998433293509
11047.932758968981943 30.477549552949788847
11048.065434120979262 30.482326368711117226
11048.198365311582165 30.487090159552884927
11048.331555291908444 30.491840649398497476
11048.465006780157637 30.496577558238566752
11048.598722458857083 30.501300602219295399
11048.732704972118881 30.506009493737526128
11048.866956922913232 30.510703941541844841
11049.001480870376326 30.515383650840526286
11049.136279327185548 30.52004832341622631
11049.271354757000154 30.524697657747122292
11049.406709571983811 30.52933134913430635
11049.542346130428996 30.533949089835093815
11049.67826673448144 30.538550569201895257
11049.814473627980988 30.543135473826282578
11049.950968994442519 30.547703487687947188
11050.087754955162382 30.552254292307711836
11050.224833567492169 30.556787566904056064
11050.362206823259839 30.561302988553521232
11050.49987664735454 30.565800232355176291
11050.637844896475144 30.570278971594863293
11050.776113358095245 30.574738877911254775
11050.91468374960823 30.579179621462628802
11051.05355771766699 30.583600871093619133
11051.192736837729171 30.588002294501301037
11051.332222613797057 30.592383558399898646
11051.47201647840302 30.596744328683364245
11051.612119792798694 30.601084270586436986
11051.752533847307859 30.605403048841910874
11051.893259861844854 30.6097003278328188
11052.034298986627618 30.61397577174035689
11052.175652303056268 30.618229044686582796
11052.31732082475537 30.622459810871475838
11052.459305498792673 30.626667734704806634
11052.601607207061534 30.630852480932148296
11052.744226767757937 30.635013714753387859
11052.887164936923 30.639151101933855159
11053.03042241006915 30.64326430890802655
11053.173999823871782 30.647353002876283057
11053.317897757890023 30.651416851894321525
11053.462116736312964 30.655455524956174429
11053.606657229680422 30.659468692070703355
11053.751519656587334 30.663456024332027994
11053.89670438531175 30.667417193984402246
11054.042211735368255 30.671351874482201794
11054.188041978948604 30.675259740545783416
11054.334195342229577 30.679140468213994097
11054.480672006518944 30.68299373489429982
11054.627472109223163 30.686819219411628268
11054.77459574461318 30.690616602056998374
11054.922042964364664 30.69438556463721568
11055.069813777858144 30.698125790526749057
11055.217908152224481 30.70183696472335555
11055.366326012117497 30.705518773908600849
11055.515067239251948 30.709170906513644894
11055.664131671666837 30.712793052794761905
11055.813519102639475 30.716384904917660492
11055.963229279299412 30.719946157052159919
11056.113261900933139 30.723476505478892307
11056.263616617005027 30.72697564870943765
11056.414293024916333 30.730443287621554305
11056.565290667473164 30.733879125610041427
11056.716609030092513 30.73728286875398652
11056.868247537751813 30.740654226001602467
11057.020205551723848 30.743992909373602629
11057.172482366118857 30.747298634185671773
11057.325077204261106 30.750571119290679434
11057.477989214923582 30.753810087341101109
11057.631217468462637 30.757015265070940302
11057.784760952896249 30.760186383597737603
11057.93861856996773 30.763323178743579689
11058.092789131220343 30.766425391375602061
11058.247271354144686 30.769492767764759833
11058.402063858429756 30.772525059961100879
11058.557165162368619 30.775522026184798818
11058.712573679464185 30.77848343123173791
11058.868287715287806 30.781409046891862857
11059.024305464619829 30.784298652377543704
11059.180625008946663 30.787152034759895258
11059.337244314403506 30.789968989408816213
11059.494161230131795 30.792749320440329086
11059.651373487024102 30.795492841162300124
11059.808878696947431 30.798199374517476912
11059.966674352490372 30.800868753521125853
11060.124757827255962 30.80350082168974879
11060.28312637673298 30.806095433457688415
11060.441777139758415 30.808652454575234714
11060.600707140582017 30.811171762491408543
11060.75991329153112 30.813653246714761025
11060.919392396275725 30.816096809148977087
11061.079141153706587 30.818502364400242044
11061.239156162408108 30.820869840053575217
11061.399433925707854 30.823199176915107245
11061.559970857280859 30.825490329218201424
11061.720763287288719 30.827743264790406386
11061.881807469006162 30.829957965179257684
11062.043099585927848 30.832134425735254979
11062.20463575928261 30.834272655649996864
11062.366412055913315 30.836372677948247656
11062.528424496562366 30.838434529434262998
11062.690669064460963 30.8404582605921469
11062.853141714032972 30.842443935438282665
11063.015838379711568 30.844391631326629977
11063.178754984832267 30.846301438708021436
11063.341887450560534 30.848173460844481752
11063.505231704772086 30.85000781347987342
11063.668783690842247 30.85180462446807681
11063.832539376262503 30.853564033362008701
11063.996494761056965 30.855286190965163229
11064.16064588592053 30.856971258848233219
11064.324988840031438 30.858619408833742881
11064.489519768489117 30.860230822451836019
11064.654234879331852 30.861805690370335498
11064.819130450081502 30.863344211802701267
11064.984202833804375 30.864846593896992033
11065.149448464642774 30.866313051109194987
11065.314863862766288 30.867743804565993315
11065.480445638742822 30.869139081419959325
11065.646190497291173 30.870499114200779189
11065.812095240415147 30.871824140166221895
11065.978156769917405 30.873114400656543665
11066.144372089336684 30.87437014045636019
11066.310738305268387 30.875591607166544605
11066.477252627979396 30.876779050589028941
11066.643912371406259 30.877932722126438136
11066.810714952547642 30.87905287420309719
11066.977657890229239 30.880139759707969205
11067.144738803301152 30.881193631462320326
11067.311955408282302 30.882214741714211215
11067.479305516471868 30.883203341661989327
11067.646787030576888 30.884159681009645482
11067.814397940825074 30.885084007550940299
11067.982136320646532 30.885976566791903508
11068.150000321991683 30.886837601608984727
11068.317988170269018 30.887667351943409955
11068.486098158968161 30.888466054533413541
11068.654328643988265 30.889233942684366951
11068.82267803772811 30.889971246077397637
11068.991144802954295 30.890678190615950882
11069.159727446494799 30.891354998310490032
11069.328424512803394 30.892001887201960386
11069.497169645097529 30.892618839720345392
11069.665646162848134 30.893205031127841664
11069.833894429199063 30.893761000351986468
11070.00195362921113 30.894287246346820552
11070.16986264332445 30.894784232581603334
11070.337658440430459 30.895252383874861835
11070.505376797125791 30.895692090715638045
11070.673052362340968 30.896103711249374157
11070.840719005575011 30.896487573780238023
11071.008397709143537 30.89684395343373069
11071.176115510044838 30.897173118983999984
11071.343902990643983 30.897475324238836691
11071.511789517091529 30.8977507984212032
11071.6798032214665 30.89799974778538072
11071.847970973463816 30.898222357207018263
11072.016318356812917 30.898418791777917392
11072.184869650865949 30.898589198401687383
11072.353647817404635 30.898733707385929392
11072.522674494051898 30.898852434027194391
11072.691969998235436 30.898945480184352164
11072.861553342943807 30.899012935830306503
11073.031442266532395 30.899054880570503201
11073.201653270241877 30.899071385113700217
11073.372201376705561 30.899062512723787677
11073.543100481641886 30.899028320702317529
11073.714227841990578 30.898968918701001485
11073.885424503974718 30.898884511716207868
11074.056688104503337 30.898775288183049526
11074.22801623011037 30.898641440062394992
11074.39940642030524 30.898483163083788838
11074.570856171325431 30.898300656962675248
11074.742362940245584 30.898094125590176873
11074.913924149417653 30.897863777194153556
11075.085537191213007 30.897609824470354312
11075.257199433026472 30.897332484682870302
11075.428908222504106 30.897031979733334595
11075.600660892945598 30.896708536198531192
11075.772454768855823 30.896362385336153977
11075.94428717158371 30.895993763059301784
11076.116155425022953 30.895602909879904985
11076.288056861330915 30.895190070822600603
11076.459988826607514 30.894755495308523052
11076.631948686514079 30.894299437010623421
11076.803933831777613 30.893822153682322096
11076.975941683564088 30.893323906960791447
11077.147969698660745 30.89280496214653482
11077.320015374451032 30.892265587961428963
11077.492076253658524 30.891706056286693638
11077.664149928812549 30.891126641883094095
11077.836234046430036 30.890527622095550697
11078.008326310884513 30.889909276544347705
11078.180424487954951 30.889271886805168776
11078.352526408021731 30.88861573608010147
11078.524629968960653 30.887941108861255657
11078.696732299618816 30.887248294012113803
11078.868831321582547 30.886537578336575649
11079.040925186451204 30.88580924827454055
11079.213012121883366 30.885063590162150859
11079.385090432482684 30.884300889895936137
11079.557158500356309 30.883521432601327206
11079.729214785353179 30.882725502307668108
11079.901257824962158 30.88191338163343147
11080.073286233902763 30.881085351481448953
11080.245298703433946 30.880241690745407368
11080.417294000386391 30.879382676028534149
11080.589270965951073 30.878508581375662345
11080.761228514240429 30.877619678019286198
11080.933154200745776 30.87671629468535528
11081.104206934758622 30.875803218951137552
11081.274436877582048 30.874880640639762674
11081.443890926482709 30.873948739922379758
11081.612613334200432 30.873007686086133106
11081.780646077892015 30.872057637334613389
11081.948028965962294 30.871098741842793345
11082.114799736114946 30.870131138738042154
11082.280994082680991 30.869154959384626835
11082.446645812564384 30.868170327820561027
11082.611786976221993 30.867177361218697484
11082.776447887399627 30.866176170918755872
11082.940657197977998 30.865166863059858571
11083.104441971936467 30.864149539141347844
11083.267827842950283 30.863124295983578094
11083.430838905745986 30.862091227284750516
11083.593497884612589 30.861050423399397857
11083.755826228725709 30.860001971495155004
11083.917844178842643 30.858945955831849517
11084.079570849953598 30.857882457883409444
11084.241024316745097 30.856811556386858797
11084.402221701775488 30.855733327320709947
11084.563179265902363 30.854647843817833319
11084.723912500945517 30.853555176014673123
11084.884436223434022 30.852455390846461825
11085.044764669142751 30.851348551792554531
11085.204911586793969 30.85023471858516686
11085.364890331384231 30.849113946880784454
11085.524714283685171 30.847986285583992583
11085.684396290223958 30.84685178102285974
11085.843949065447305 30.845710474374921972
11086.003385270516446 30.844562401306546917
11086.162717586976214 30.843407591622412411
11086.321958776616157 30.842246068991194363
11086.481121745991913 30.8410778506169585
11086.640219598088152 30.839902946985208843
11086.799265677480435 30.838721361641159291
11086.958273606895091 30.837533091018336506
11087.117257317157055 30.836338124305690656
11087.276231069581627 30.835136443362628711
11087.435207640774024 30.833928036633309944
11087.594196450630989 30.832712913945730548
11087.753212821995476 30.831491035990104876
11087.912272293475326 30.830262357286951413
11088.071390730401617 30.829026825419546753
11088.230584335415188 30.827784381022805604
11088.389869635262585 30.826534957954869753
11088.549263464272371 30.825278483496152404
11088.708782945081111 30.824014878572047138
11088.868445467149286 30.822744057995642208
11089.028268663523704 30.821465930726542837
11089.188270386348449 30.820180400143339483
11089.348468704733023 30.818887364138369378
11089.508881855050276 30.817586715597197866
11089.669528190825076 30.816278342890022657
11089.830426180042195 30.81496212998275297
11089.991594378470836 30.813637956743605173
11090.153051364681232 30.812305699569659367
11090.314815754009032 30.810965231369632278
11090.476906210051311 30.809616421561216271
11090.63934137688193 30.808259136727976113
11090.80213979187829 30.806893241450410414
11090.965319920002003 30.805518598128234231
11091.128900185531165 30.804135066813554289
11091.292898880003122 30.802742506088311103
11091.457334225571685 30.801340772630727116
11091.622224269052822 30.799929722220522166
11091.787586715803627 30.798509211278929598
11091.953438998276397 30.797079096411067667
11092.119798278517919 30.795639234505120641
11092.286681358544229 30.794189483630294291
11092.454104626194749 30.79272970363953732
11092.622083992984699 30.791259756849960638
11092.790634822105858 30.789779508818924114
11092.959771844150964 30.788288829238904754
11093.129508915830229 30.786787594236052712
11093.299293520460196 30.785280714242400535
11093.469043999290079 30.78376896692395448
11093.63876024705678 30.782252409541577265
11093.808442167568501 30.780731098937053503
11093.978089674181319 30.779205091551432361
11094.147702690261212 30.777674443439206442
11094.317281149589689 30.776139210279680469
11094.486824996720316 30.774599447386037809
11094.656334187298853 30.773055209712289582
11094.825808688323377 30.771506551855761558
11094.995248478373469 30.769953528060302261
11095.164653547793932 30.76839619221765787
11095.334023898831219 30.766834597867255496
11095.503359545731655 30.765268798194394861
11095.672660514788731 30.763698846026979794
11095.841926844350382 30.762124793830874836
11096.011158584778968 30.760546693704032606
11096.180355798376695 30.758964597369420346
11096.349518559260105 30.757378556166891315
11096.518646953196367 30.755788621044139575
11096.687741077405008 30.754194842546812794
11096.856801040310529 30.752597270808099239
11097.025826961275015 30.75099595553778542
11097.194818970487177 30.749390946009945935
11097.363777208987813 30.747782291048491032
11097.532701828342397 30.746170039015364495
11097.701592990260906 30.744554237799235352
11097.870450866199462 30.742934934804395652
11098.039275636941966 30.741312176939988632
11098.20806749217445 30.739686010609631239
11098.376826630041251 30.738056481701509171
11098.545553256693893 30.736423635579036784
11098.714247585832709 30.734787517072092555
11098.882909838239357 30.733148170468936655
11099.051540241316616 30.731505639508799987
11099.220139028617268 30.729859967375205088
11099.388706439365706 30.728211196689574791
11099.557242718003181 30.726559369506205144
11099.725748113722148 30.724904527308041224
11099.894222880016969 30.723246711003273646
11100.062667274243722 30.721585960922787706
11100.231081557181824 30.719922316818433217
11100.399465992610203 30.718255817862239354
11100.567820846899849 30.716586502646251233
11100.736146388606358 30.71491440918322624
11100.904442888089761 30.71323957490812262
11101.072710617138 30.711562036680341237
11101.240949848610398 30.709881830786908807
11101.409160856084782 30.708198992945497707
11101.577343913533696 30.706513558308905942
11101.745499295015179 30.704825561470194373
11101.913627274376267 30.703135036468413688
11102.081728124980145 30.701442016794945999
11102.249802119440574 30.699746535400368685
11102.417849529383602 30.698048624701840481
11102.585870625216558 30.696348316590945871
11102.753865675915222 30.694645642441987121
11102.921834948834658 30.692940633120638694
11103.089778709521852 30.691233318992992452
11103.257697221557464 30.689523729934887086
11103.425590746406669 30.687811895341514656
11103.593459543284553 30.686097844137261603
11103.761303869032417 30.68438160478561727
11103.929123978025018 30.682663205299611775
11104.096920122070514 30.680942673252111774
11104.264692550335894 30.679220035786187282
11104.43244150927967 30.67749531962544296
11104.600167242595489 30.67576855108437428
11104.767869991170301 30.674039756078780528
11104.935549993047971 30.672308960136152933
11105.103207483402002 30.670576188405984652
11105.27084269451916 30.668841465669981261
11105.438455855797656 30.667104816352129149
11105.606047193987251 30.665366264528014284
11105.773616933329322 30.663625833934258225
11105.941165295562314 30.661883547978082021
11106.108692499978133 30.660139429746969597
11106.276198763538559 30.6583935020186793
11106.443684300911627 30.656645787270175418
11106.61114932450073 30.654896307686197332
11106.778594044542842 30.653145085169501982
11106.946018669219484 30.651392141350886078
11107.113423404714922 30.649637497596472713
11107.280808455428996 30.647881175013058197
11107.44817402415174 30.646123194454577998
11107.615520312110675 30.644363576528725446
11107.782847519001734 30.642602341603513594
11107.950155843031098 30.640839509813329045
11108.117445480957031 30.639075101064744189
11108.284716628126262 30.63730913504191733
11108.451969478512183 30.6355416312116553
11108.61920422474941 30.633772608828198969
11108.786421058168344 30.632002086937802687
11108.953620168826092 30.630230084382983335
11109.120801745537392 30.628456619806414096
11109.287965975909174 30.626681711654679674
11109.455113046476981 30.624905378186927152
11109.622243142794105 30.623127637480425989
11109.789356449464321 30.621348507432848862
11109.956453150165544 30.619568005764563168
11110.123533427666189 30.617786150020780411
11110.290597463834274 30.616002957573471122
11110.457645439651969 30.614218445623098575
11110.624677535217415 30.612432631200171329
11110.791693929755638 30.610645531166625233
11110.958694801618549 30.608857162217052661
11111.125680328283124 30.60706754087976833
11111.292650686351408 30.605276683517761427
11111.459606051545052 30.603484606329530493
11111.626546598696223 30.601691325349811734
11111.793472501736687 30.599896856450204297
11111.960383933686899 30.598101215339731596
11112.127281066645082 30.596304417565324485
11112.294164071767227 30.594506478512254688
11112.461033119248896 30.592707413404525596
11112.627888378307034 30.590907237305199118
11112.794730017159964 30.589105965116733188
11112.961558203001914 30.587303611581265983
11113.128373101979378 30.585500191280903692
11113.2951748791711 30.583695718638001182
11113.461963698553518 30.581890207915442659
11113.628739722980754 30.580083673216932993
11113.79550311415187 30.578276128487289043
11113.962254032587225 30.576467587512762947
11114.128992637597548 30.574658063921404505
11114.295719087267571 30.572847571183398685
11114.46243353848331 30.571036122611271679
11114.629136146933888 30.569223731360050778
11114.795827067146092 30.567410410426703038
11114.962506452475282 30.565596172650465689
11115.129174455074462 30.563781030713347064
11115.295831225867005 30.561964997140670164
11115.462476914515719 30.560148084301214766
11115.629111669397389 30.558330304407867573
11115.79573563757549 30.556511669518307883
11115.962348964776538 30.554692191535728796
11116.128951795404646 30.55287188221231176
11116.295544272605184 30.551050753155429618
11116.462126538237499 30.549228815828282535
11116.628698732849443 30.547406081550388279
11116.795260995648277 30.545582561498122232
11116.96181346447338 30.543758266705278714
11117.128356275770784 30.541933208063678507
11117.294889564567711 30.540107396323790567
11117.461413464450743 30.538280842095417711
11117.627928107536718 30.536453555848400043
11117.794433624454541 30.534625547913350374
11117.960930144319718 30.532796828482414497
11118.127417794714347 30.530967407610052788
11118.293896701667109 30.529137295213871539
11118.460366989631439 30.527306501075443634
11118.626828781467339 30.525475034841178967
11118.793282198419547 30.523642906023180643
11118.959727360102988 30.521810124000154474
11119.126164384480944 30.519976698018304262
11119.292593387855959 30.51814263719227327
11119.459014484842555 30.516307950506064373
11119.625427788358138 30.514472646814006396
11119.791833409606625 30.512636734841713348
11119.958231458062073 30.510800223187068525
11120.12462204145595 30.508963120321215712
11120.291005265760759 30.507125434589553947
11120.457381235180947 30.505287174212757151
11120.62375005213471 30.503448347287790199
11120.62375005213471 30.503448347287790199
11120.62375005213471 30.503448347287790199
11120.62375005213471 30.503448347287790199
11120.62375005213471 30.503448347287790199
11120.62375005213471 30.503448347287790199
11120.62375005213471 30.503448347287790199
11120.62375005213471 30.503448347287790199
11120.790111817241268 30.501608961788935659
11120.9564666293154 30.49976902556884184
11121.122814585347442 30.497928546359574398
11121.289155780496003 30.496087531773667934
11121.455490308075241 30.494245989305202471
11121.621818259543943 30.492403926330869268
11121.788139724492794 30.490561350111040184
11121.954454790684395 30.488718267791202976
11122.120763544286092 30.486874686404920709
11122.28706606990454 30.485030612875227973
11122.453362450576606 30.483186054015735778
11122.61965276776391 30.481341016531722232
11122.785937101349191 30.479495507021240996
11122.952215529621753 30.477649531976222619
11123.118488129357502 30.475803097786428708
11123.284754976022668 30.473956210748230689
11123.451016143992092 30.472108877070699151
11123.61727170661834 30.470261102878215098
11123.783521736228067 30.468412894211631681
11123.94976630412566 30.466564257029450147
11124.116005480615058 30.464715197208949604
11124.282239335159829 30.462865720547149806
11124.448467936425004 30.461015832761905386
11124.614691352282534 30.459165539493028518
11124.780909649811292 30.457314846303390254
11124.947122895302527 30.455463758680014763
11125.113331154261687 30.453612282035120273
11125.279534491412051 30.451760421707177784
11125.445732970692916 30.449908182961952008
11125.611926655279603 30.448055570993670216
11125.778115607687141 30.446202590927281761
11125.944299889790273 30.444349247819669557
11126.110479562819819 30.442495546660545358
11126.276654687366317 30.440641492373320176
11126.442825323370926 30.438787089815971143
11126.60899153012906 30.436932343781862187
11126.775153366286759 30.435077259000681948
11126.941310889853412 30.433221840139470515
11127.107464158199946 30.431366091803386809
11127.273613228047907 30.429510018536451099
11127.4397581554731 30.427653624822255551
11127.605898995898315 30.425796915084649896
11127.772035804086045 30.423939893688409342
11127.938168634134854 30.422082564939866955
11128.1042975394721 30.420224933087531838
11128.270422572852112 30.41836700232268953
11128.436543786343464 30.416508776779931367
11128.60266123132169 30.414650260537534621
11128.768774958465656 30.412791457617977642
11128.934885017744818 30.410932371988444345
11129.100991458424687 30.409073007561435276
11129.267094329228712 30.407213368198291903
11129.43319367847289 30.405353457713975018
11129.599289554058487 30.403493279877473299
11129.765382003457489 30.401632838412016469
11129.931471073694411 30.399772136995274252
11130.097556811329923 30.397911179259537562
11130.263639262442666 30.396049968791878371
11130.429718472618333 30.394188509134277609
11130.595794486926025 30.392326803783756617
11130.761867349903696 30.390464856192490828
11130.927937105538149 30.388602669767895037
11131.094003797248661 30.386740247872712217
11131.260067467868794 30.384877593825077469
11131.426128159622749 30.38301471089858552
11131.592185914203583 30.381151602326255556
11131.758240772915087 30.379288271307725466
11131.924292776662696 30.37742472100961777
11132.090341966060805 30.375560954565717253
11132.256388381587385 30.373696975077130844
11132.422432063580345 30.371832785612514982
11132.588473052232075 30.369968389208278126
11132.754511387583989 30.368103788868797466
11132.92054710951561 30.366238987566600116
11133.086580257742753 30.364373988242562064
11133.25261087180661 30.362508793806085805
11133.41863899107193 30.360643407135288641
11133.584664654716107 30.358777831077183862
11133.750687901720084 30.356912068447844177
11133.916708770886544 30.355046122032522504
11134.082727300934494 30.35317999458554894
11134.248743530502907 30.351313688830444448
11134.414757498147083 30.34944720746007718
11134.580769242324095 30.347580553136818793
11134.746778801390974 30.345713728492690109
11134.912786213590152 30.343846736129499675
11135.078791517045829 30.341979578618946789
11135.244794749747598 30.340112258502770715
11135.410795949550447 30.338244778292896342
11135.576795154160209 30.336377140471569192
11135.742792401129918 30.334509347491504627
11135.908787727845265 30.332641401776019308
11136.074781171539144 30.330773305720242661
11136.240772769364412 30.328905061696065815
11136.406762558392074 30.327036672052670951
11136.572750575602186 30.325168139116435384
11136.73873685786748 30.323299465190842739
11136.904721441958827 30.321430652556440322
11137.070704364616176 30.319561703471212155
11137.236685662566742 30.317692620170582529
11137.402665372508636 30.315823404867330737
11137.568643531107227 30.313954059751509362
11137.734620174978772 30.312084586990362567
11137.900595340686777 30.310214988728247931
11138.066569064727446 30.308345267086540531
11138.232541383520584 30.306475424163561883
11138.398512333402323 30.304605462034487573
11138.564481950608752 30.302735382751265547
11138.730450271270456 30.300865188342523737
11138.89641733139797 30.298994880813484798
11139.062383166872678 30.29712446214586663
11139.228347813435903 30.295253934297825538
11139.394311306783493 30.293383299206812609
11139.560273682616753 30.291512558791392706
11139.72623497663335 30.289641714951148543
11139.892195224510942 30.287770769566563445
11140.058154461898084 30.285899724498904106
11140.224112724392398 30.284028581590099805
11140.390070047531481 30.282157342662603838
11140.55602646677653 30.280286009519223001
11140.721982017497794 30.278414583942979021
11140.887936734958203 30.276543067696959355
11141.053890654300631 30.27467146252417507
11141.219843810527891 30.272799770147400977
11141.385796238491821 30.270927992269019313
11141.551747972875091 30.269056130570838548
11141.717699048173017 30.267184186713929961
11141.883649498679006 30.265312162338432245
11142.049599358470005 30.26344005906336676
11142.215548661450157 30.261567878487202421
11142.38149744146358 30.25969562218913822
11142.54744573228345 30.257823291728954018
11142.71339356759745 30.255950888646832908
11142.879340981042333 30.254078414464604663
11143.045288006445844 30.252205870692808531
11143.211234677846733 30.250333258831666683
11143.377181029496569 30.248460580371052231
11143.543127095847012 30.246587836790467918
11143.709072911546173 30.244715029559014141
11143.875018511431335 30.242842160135356977
11144.040963930523503 30.240969229967667786
11144.206909204016483 30.239096240493587686
11144.372854367275067 30.237223193140163602
11144.538799455825938 30.235350089323805634
11144.704744505350391 30.233476930450230213
11144.870689551680698 30.231603717914406815
11145.036634614405557 30.229730453285469594
11145.202579727963894 30.227857137955592037
11145.368524928528132 30.225983773287897094
11145.534470252398023 30.224110360634490746
11145.700415735993374 30.222236901336735571
11145.866361415852225 30.220363396725296923
11146.032307328621755 30.218489848120075436
11146.198253511060102 30.216616256830501897
11146.364200000054552 30.214742624159100615
11146.530146832648825 30.212868951401965489
11146.696094046044891 30.21099523984850066
11146.86204167759206 30.209121490781232211
11147.027989764781523 30.207247705475619881
11147.193938345239076 30.205373885199879425
11147.359887456716024 30.203500031214787214
11147.525837137080089 30.201626144773495497
11147.691787424311769 30.199752227121354764
11147.857738356495247 30.197878279495725451
11148.023689971807471 30.196004303125796753
11148.189642308512703 30.19413029923241254
11148.355595404971609 30.192256269028405313
11148.521549299674007 30.190382213719821891
11148.687504031278877 30.188508134505486424
11148.85345963861073 30.186634032576844078
11149.019416160652327 30.184759909117818921
11149.185373636537406 30.182885765304686032
11149.351332105545225 30.18101160230594715
11149.51729160710056 30.179137421282206333
11149.683252180760974 30.17726322338608469
11149.849213866216814 30.175389009762096038
11150.015176703282123 30.173514781546529662
11150.181140731889172 30.171640539867322417
11150.347105992086654 30.169766285843962805
11150.513072524030576 30.167892020587363078
11150.679040367978814 30.166017745199752653
11150.845009564285647 30.164143460774578642
11151.010980153399942 30.162269168396392161
11151.17695217585424 30.160394869140734642
11151.342925672279307 30.158520564076574999
11151.508900683427782 30.156646254268814289
11151.674877250199643 30.15477194077910994
11151.840855413727695 30.152897624674057653
11152.006835215479441 30.151023307025802467
11152.172816697266171 30.149148988911775859
11152.338799901239327 30.147274671414614033
11152.504784869892319 30.145400355622097521
11152.670771646055073 30.143526042627058814
11152.836760272892207 30.141651733527325518
11153.002750793903033 30.139777429425652855
11153.16874325291792 30.137903131429656156
11153.334737694098294 30.136028840651757577
11153.50073416198029 30.134154558209338859
11153.666732701525689 30.132280285224293692
11153.832733358141923 30.130406022822793233
11153.998736177676619 30.128531772135207945
11154.164741206424878 30.126657534296032992
11154.330748491125632 30.124783310443813633
11154.496758078961648 30.122909101721074165
11154.6627700175668 30.121034909274225555
11154.828784355020616 30.119160734253505041
11154.994801139873744 30.117286577812723891
11155.160820421271637 30.115412441108158959
11155.326842249058245 30.113538325297238174
11155.492866673796016 30.111664231538327385
11155.658893746760441 30.109790160990652197
11155.824923519941876 30.107916114814226916
11155.990956046041902 30.106042094169779944
11156.15699137847696 30.104168100218679172
11156.323029571376537 30.102294134122853819
11156.489070679583165 30.100420197044712722
11156.655114758654236 30.098546290147069726
11156.821161864876558 30.096672414592866573
11156.987212055326381 30.094798571544384203
11157.153265387913052 30.09292476216267076
11157.319321921380833 30.091050987607452782
11157.485381715307085 30.089177249037060591
11157.651444830100445 30.087303547608378551
11157.817511327006287 30.085429884476763362
11157.983581268101261 30.083556260795994319
11158.149654716293298 30.081682677718195151
11158.315731735325244 30.079809136393770075
11158.481812389776678 30.077935637971343397
11158.647896745060279 30.076062183597695565
11158.813984867425461 30.074188774417692116
11158.980076823965646 30.072315411574209065
11159.146172682609176 30.070442096208083171
11159.31227251213204 30.068568829458058644
11159.478376382154238 30.06669561246072675
11159.64448436314342 30.064822446350486729
11159.810596526420341 30.062949332259499613
11159.976712944160681 30.061076271317649145
11160.142833689411418 30.059203264653447718
11160.30895883611629 30.057330313394981403
11160.475088459132166 30.055457418669750069
11160.641222634234509 30.053584581604656734
11160.807361438121006 30.051711803325996897
11160.973504948418849 30.049839084959458546
11161.139653243686553 30.04796642763012926
11161.305806403421229 30.046093832462524631
11161.471964508064048 30.044221300580602474
11161.638127639003869 30.042348833107812567
11161.804295878586345 30.040476431167139282
11161.970469310115732 30.038604095881158429
11162.136648017867628 30.036731828372115416
11162.302832087088973 30.034859629761999855
11162.46902160400532 30.032987501172648592
11162.635216655833574 30.031115443725845182
11162.801417330780168 30.029243458543440681
11162.967623718053801 30.027371546747485098
11163.13383590786907 30.025499709460369502
11163.300053991457389 30.023627947804978788
11163.466278061068806 30.021756262904858659
11163.632508209997468 30.019884655886087899
11163.798744532667115 30.018013127883186542
11163.964987124698382 30.016141680039186923
11164.131236082923351 30.014270313505818422
11164.297491505396465 30.012399029443756149
11164.463753491403622 30.01052782902288385
11164.630022141463996 30.008656713422563911
11164.796297557346406 30.006785683831925127
11164.962579842072955 30.004914741450161131
11165.128869099929943 30.003043887486821717
11165.295165436471507 30.001173123162150347
11165.461468958530531 29.999302449707393237
11165.627779774227747 29.997431868365147523
11165.794097992975367 29.995561380389691664
11165.960423725484361 29.993690987047351371
11166.126757083777193 29.991820689616851325
11166.293098181185997 29.989950489389688215
11166.459447132365312 29.988080387670489557
11166.625804053295724 29.986210385777404497
11166.792169061287495 29.984340485042476843
11166.958542274996944 29.982470686812526139
11167.124923814460999 29.980600992453311449
11167.291313801148135 29.978731403350369789
11167.457712357963828 29.976861920909314563
11167.624119609259651 29.974992546556219253
11167.790535680829635 29.973123281737979795
11167.956960699921183 29.971254127922684063
11168.123394795245986 29.969385086600055956
11168.289838097114625 29.967516159282244104
11168.456290737572999 29.965647347503001185
11168.622752850418692 29.963778652817758541
11168.789224571202794 29.961910076803910385
11168.955706037226264 29.960041621061112238
11169.122197387538108 29.958173287211547375
11169.288698762931745 29.956305076900179074
11169.455210305939545 29.954436991794999301
11169.621732160829197 29.952569033587245428
11169.788264473598247 29.950701203991609844
11169.954807391968643 29.948833504746435352
11170.12136106537946 29.9469659376138857
11170.287925644979623 29.945098504380105453
11170.45450128362063 29.943231206855372761
11170.621088135847458 29.941364046874213045
11170.787686357893108 29.939497026295526894
11170.95429610766223 29.937630147002678882
11171.120917544731128 29.935763410903597048
11171.287550830327746 29.933896819930840394
11171.454196127340765 29.932030376041499409
11171.620853600365081 29.93016408121656724
11171.787523415729083 29.928297937460460076
11171.954205741491023 29.926431946800995831
11172.120900747429914 29.924566111289369275
11172.287608605027344 29.922700433000141373
11172.4543294874602 29.920834914031203766
11172.621063569587932 29.918969556503736129
11172.787811027938005 29.917104362562149333
11172.954572040698622 29.915239334374028601
11173.121346787700531 29.9133744741300589
11173.288135450406116 29.911509784043939675
11173.454938211896661 29.909645266352299586
11173.621755256879624 29.907780923316369837
11173.788586771717746 29.905916757223408808
11173.955432944434506 29.904052770386453375
11174.122293964706842 29.902188965144258503
11174.289170023852421 29.900325343861247518
11174.456061314820545 29.89846190892744815
11174.622968032181234 29.896598662758435694
11174.789890372117952 29.894735607795247745
11174.956828532416694 29.892872746504313142
11175.123782712458706 29.891010081377370255
11175.290753113209576 29.889147614931378172
11175.457739937215592 29.887285349708417215
11175.624743388591014 29.885423288275593023
11175.791763673016249 29.883561433224947734
11175.95880099772512 29.881699787173339189
11176.125855571504871 29.879838352762352116
11176.292927604687065 29.877977132658173787
11176.460017309151226 29.876116129552979572
11176.62712489833757 29.874255346167320369
11176.79425058725792 29.872394785249898774
11176.961394592490251 29.870534449577437641
11177.128557132175047 29.868674341954534412
11177.295738426009848 29.866814465213536778
11177.462938695251069 29.864954822214411223
11177.630158162704902 29.863095415844618685
11177.79739705272732 29.861236249018979549
11177.964655591218616 29.85937732467957062
11178.131934005625226 29.857518645795597223
11178.299232524932449 29.855660215363286625
11178.466551379662633 29.85380203640578145
11178.633890801873349 29.851944111973036655
11178.801251025148304 29.850086445141730707
11178.968632284599153 29.848229039015159003
11179.13603481685459 29.846371896723159267
11179.303458860060346 29.844515021422068912
11179.470904653942853 29.84265841629633087
11179.638372439903833 29.84080208455849359
11179.805862461078505 29.838946029448653263
11179.973374962350135 29.837090254234066578
11180.140910190344584 29.835234762208969528
11180.308468393408475 29.833379556694517021
11180.476049821605557 29.831524641038367207
11180.643654726716704 29.829670018614198312
11180.811283362229005 29.82781569282150258
11180.978935983308475 29.825961667085486795
11181.146612846774588 29.824107944856972807
11181.314314211071178 29.822254529612287399
11181.482040336235514 29.820401424853177019
11181.649791483865556 29.81854863410668699
11181.817567917087217 29.816696160925058479
11181.985369900517981 29.814844008885600601
11182.153197700226883 29.812992181590580287
11182.321051583698136 29.811140682667087276
11182.488931819789286 29.809289515766899115
11182.656838678687564 29.807438684566339049
11182.824772431864403 29.805588192766130362
11182.99273335203543 29.803738044091236503
11183.160721713109524 29.801888242290697661
11183.328737790154264 29.800038791137545502
11183.496781859426846 29.798189694429002117
11183.664854198406829 29.796340955985630927
11183.832955085756112 29.794492579651024045
11184.001084801273464 29.79264456929163174
11184.169243625843592 29.790796928796584808
11184.337431841389844 29.788949662077481406
11184.505649730823279 29.78710277306814902
11184.673897577991738 29.785256265724392222
11184.842175667628908 29.783410144023743982
11185.010484285307029 29.781564411965181449
11185.178823717382329 29.779719073568838184
11185.347194250936809 29.777874132875599145
11185.515596173729136 29.776029593946844898
11185.684029774140072 29.77418546086418516
11185.852495341125177 29.772341737729181688
11186.020993164162064 29.770498428663053403
11186.189523533208558 29.768655537806377964
11186.358086738642669 29.766813069318772023
11186.526683071224397 29.764971027378599899
11186.695312822042979 29.763129416182653841
11186.863976282467775 29.761288239945830725
11187.032673744108251 29.75944750290081231
11187.201405498759414 29.757607209297844975
11187.370171838361784 29.755767363404437731
11187.538973054957751 29.753927969505014062
11187.707809440640631 29.752089031900595728
11187.876681287518295 29.750250554908472367
11188.045588887667691 29.748412542861871088
11188.214532533094825 29.74657500010963318
11188.38351251568929 29.744737931015894361
11188.552529127193338 29.742901339959765039
11188.721582659152773 29.741065231335017671
11188.890673402886023 29.739229609549774125
11189.059801649445944 29.737394479026217908
11189.228967689581623 29.735559844200366797
11189.398171813707449 29.733725709521777958
11189.567414311863104 29.731892079453281497
11189.736695473686268 29.730058958470699793
11189.906015588376249 29.728226351062605914
11190.075374944666692 29.726394261730071378
11190.244773830791019 29.724562694986431666
11190.414212534453327 29.722731655357069513
11190.583691342804741 29.720901147379215956
11190.75321054241067 29.719071175601751378
11190.922770419227163 29.717241744585020768
11191.092371258571802 29.715412858900684512
11191.262013345101877 29.71358452313155496
11191.431696962788919 29.711756741871468535
11191.601422394896872 29.70992951972512941
11191.771189923954807 29.708102861307995823
11191.940999831740555 29.706276771246162838
11192.110852399251598 29.704451254176266417
11192.280747906688703 29.702626314745415925
11192.450686633434088 29.700801957611115967
11192.620668858029603 29.698978187441262833
11192.790694858207644 29.697155008916578112
11192.960764910960279 29.695332426731713582
11193.130879292548343 29.693510445594956337
11193.301038278483247 29.691689070228218128
11193.471242143499694 29.689868305367049572
11193.641491161530212 29.68804815576052647
11193.811785605681507 29.686228626171224931
11193.982125748207181 29.684409721375228486
11194.152511860473169 29.682591446162138737
11194.322944212923176 29.680773805335061155
11194.493423075047758 29.678956803710608625
11194.663948715338847 29.677140446118880135
11194.83452140125155 29.675324737403428799
11195.005141399153217 29.673509682421212119
11195.17580897427797 29.671695286042531592
11195.346524390668492 29.669881553150936782
11195.517287911117819 29.668068488643118741
11195.688099797107498 29.666256097428760796
11195.85896030873846 29.664444384430353807
11196.029869704656448 29.662633354583000767
11196.200828241977433 29.660823012834146795
11196.371836176203942 29.65901336414330558
11196.542893761132291 29.657204413481714766
11196.714001248759814 29.655396165832126343
11196.885158889181184 29.653588626188408739
11197.056366930488366 29.651781799555056551
11197.227625618661477 29.649975690946622109
11197.398935197457831 29.648170305387086643
11197.570295908302796 29.646365647909377117
11197.741707990231589 29.644561723555980848
11197.913171679821971 29.642758537377922323
11198.084687211085111 29.640956094433761336
11198.256254815336433 29.639154399788647964
11198.427874721066473 29.637353458513267412
11198.599547153809908 29.635553275682706698
11198.771272336012771 29.633753856375236069
11198.943050486894208 29.631955205670827525
11199.114881822311872 29.630157328649538329
11199.286766554625501 29.6283602303899265
11199.458704892558671 29.626563915967381035
11199.630697041058738 29.624768390452331346
11199.802743201160411 29.622973658908357208
11199.974843569851146 29.621179726390170828
11200.146998339929269 29.61938659794150297
11200.319207699874823 29.617594278592868307
11200.49147183371133 29.61580277335921707
11200.663790920874817 29.614012087237490789
11200.836165136086493 29.612222225204021697
11201.008594649221777 29.610433192211889519
11201.181079625186612 29.608644993188150352
11201.353620223797407 29.606857633030958965
11201.526216599660984 29.605071116606641368
11201.698868902058166 29.603285448746650133
11201.871577274840092 29.601500634244349186
11202.044341856328174 29.599716677851851898
11202.217162779206774 29.597933584276869823
11202.390040170432258 29.596151358179529467
11202.562974151131129 29.59437000416916419
11202.735964836516359 29.592589526801170052
11202.909012335800071 29.590809930573822584
11203.082116752115326 29.589031219925139737
11203.255278182441543 29.58725339922980524
11203.428496717540838 29.585476472796138125
11203.601772441888897 29.583700444863161749
11203.77510543362223 29.581925319597793589
11203.948495764487234 29.580151101092113208
11204.121943499789268 29.57837779336077233
11204.295448698356267 29.576605400338660701
11204.469011412507825 29.574833925878859731
11204.64263168801881 29.573063373750478888
11204.816309564099356 29.57129374763670171
11204.990045073376677 29.56952505113299523
11205.163838241878693 29.567757287745550343
11205.337689089023115 29.565990460889910452
11205.511597627617448 29.56422457388980618
11205.685563863853531 29.562459629976199693
11205.859587797323911 29.5606956322879455
11206.033669421038212 29.558932583873126276
11206.207808721450419 29.557170487688544824
11206.382005678464338 29.555409346599500253
11206.556260265455421 29.553649163379780873
11206.730572449287138 29.551889940711806304
11206.904942190391012 29.550131681191970756
11207.07936944291032 29.54837438733493471
11207.253854154780129 29.546618061573859393
11207.428396267732751 29.544862706262179586
11207.602995717312297 29.543108323674847071
11207.777652432898321 29.54135491600951724
11207.952366337738567 29.539602485387845832
11208.127137348978067 29.537851033856913574
11208.301965377686429 29.536100563390629503
11208.476850328890578 29.534351075891311922
11208.651792101609317 29.532602573191372386
11208.826790588882432 29.530855057055049429
11209.00184567780525 29.529108529180167153
11209.176957249561383 29.527362991200011066
11209.352125179453651 29.525618444685168384
11209.527349336949555 29.523874891145268862
11209.702629585712202 29.522132332030849966
11209.877965783642139 29.520390768735254028
11210.053357782908279 29.518650202596521837
11210.228805429986096 29.516910634899254262
11210.404308565697647 29.515172066876466772
11210.579867025249769 29.51343449971139421
11210.755480638277731 29.511697934539245836
11210.931149228885261 29.509962372448921286
11211.106872615695465 29.508227814484666141
11211.282650611896315 29.506494261647652877
11211.458483025291571 29.504761714897529856
11211.634369658358992 29.503030175153870829
11211.810310308306725 29.501299643297556941
11211.986304767135152 29.49957012017206992
11212.16235282170237 29.497841606584717766
11212.338454253793316 29.49611410330777872
11212.514608840196161 29.494387611079563527
11212.690816352778711 29.492662130605406645
11212.867076558570261 29.490937662558579291
11213.043389219852543 29.48921420758112788
11213.21975409429615 29.487491766287536876
11213.396170935136979 29.485770339267013185
11213.572639491309019 29.484049927083933795
11213.749159507553486 29.482330530278478165
11213.925730724529785 29.480612149367185992
11214.102352878935562 29.478894784843667765
11214.279025703635853 29.477178437179876624
11214.455748927794048 29.475463106826481408
11214.632522276999225 29.47374879421304783
11214.809345473391659 29.472035499748137966
11214.986218235797423 29.470323223819342218
11215.163140279861182 29.468611966793186951
11215.340111318198979 29.466901729014562505
11215.517131060551037 29.465192510806339499
11215.694199213914544 29.463484312469038429
11215.871315482685532 29.461777134280463741
11216.048479568788025 29.460070976495231321
11216.225691171812286 29.458365839344228476
11216.402949989147601 29.456661723033967348
11216.58025571610051 29.454958627746385957
11216.757608046016685 29.453256553638187398
11216.935006670408256 29.451555500839997848
11217.112451279075685 29.449855469455449963
11217.289941560235093 29.448156459560188125
11217.467477200629219 29.446458471200820384
11217.645057885651113 29.444761504393810014
11217.822683299444179 29.44306555912428891
11218.000353125016773 29.441370635344821238
11218.178067044331328 29.439676732974028539
11218.355824738404408 29.437983851895307197
11218.53362588739401 29.436291991955510383
11218.711470170681423 29.434601152963594473
11218.889357266947627 29.432911334689254801
11219.067286854242411 29.431222536861564976
11219.24525861004804 29.42953475916761974
11219.423272211330186 29.42784800125118494
11219.60132733458704 29.426162262711372364
11219.779423655889332 29.424477543101357213
11219.95756085091125 29.422793841927116887
11220.135738594952272 29.421111158646194639
11220.313956562955354 29.419429492666512971
11220.492214429516025 29.417748843344526222
11220.670511868882386 29.41606920998413699
11220.848848554947836 29.414390591835726241
11221.027224161238337 29.412712988095254474
11221.205638360885132 29.41103639790349078
11221.384090826597458 29.409360820345280985
11221.562581230627984 29.407686254448911711
11221.741109244725521 29.40601269918558458
11221.919674540087726 29.404340153468982777
11222.098276787306531 29.40266861615492644
11222.276915656306301 29.400998086041155943
11222.455590816280164 29.399328561867246634
11222.634301935622716 29.397660042314630147
11222.813048681855435 29.395992526006754275
11222.991830721550286 29.39432601150933877
11223.170647720251509 29.392660497330780345
11223.349499342397394 29.390995981922628744
11223.528385251236614 29.389332463680112539
11223.707305108750006 29.387669940942885205
11223.88625857556508 29.38600841199588487
11224.065245310872342 29.384347875070314871
11224.244264972352539 29.382688328344737982
11224.423317216091164 29.381029769946291452
11224.602401696505694 29.379372197952012158
11224.781518066272838 29.377715610390254142
11224.960665976259406 29.376060005242209172
11225.139845075456833 29.374405380443523228
11225.319055010926604 29.372751733885991143
11225.498295427752964 29.371099063418377284
11225.677565969015632 29.369447366848152825
11225.856866275744324 29.367796641943421321
11226.036195986887833 29.366146886434886909
11226.215554739283107 29.364498098017875805
11226.394942167642512 29.362850274354425295
11226.574357904542921 29.361203413075386948
11226.753801580425716 29.359557511782586658
11226.933272823609514 29.357912568051016677
11227.112771260306545 29.356268579431059607
11227.292296514660848 29.354625543451653868
11227.47184820880284 29.352983457623334829
11227.651425962936628 29.351342319443883611
11227.831029395441874 29.349702126401851388
11228.010658122959285 29.34806287597875496
11228.190311760467011 29.346424565651496152
11228.369989921369779 29.344787192894848715
11228.549692217598931 29.343150755184016276
11228.729418259717932 29.341515249997296877
11228.909167657040598 29.339880674818871853
11229.088940017751156 29.338247027141711953
11229.268734949042482 29.336614304470657544
11229.448552057252527 29.334982504325658681
11229.628390948002561 29.333351624244674127
11229.808251226337234 29.331721661787437228
11229.988132496884646 29.330092614539378104
11230.168034364023697 29.328464480115808755
11230.347956432044157 29.326837256166395917
11230.527898305324925 29.325210940379950131
11230.707859588499559 29.323585530489527429
11230.887839886639995 29.321961024277928942
11231.067838805432984 29.320337419583999861
11231.247855951389283 29.318714714312243075
11231.427890932061928 29.317092906439711442
11231.607943356220858 29.315471994022828994
11231.788012834038454 29.313851975204606504
11231.968098977262343 29.312232848222187442
11232.148201399388199 29.310614611414703035
11232.328319715838006 29.308997263231439945
11232.508453544123768 29.307380802240270867
11232.688602504022128 29.305765227136657103
11232.868766217739903 29.304150536752533895
11233.048944310075967 29.302536730065408932
11233.229136408577688 29.300923806207642031
11233.40934214369554 29.299311764475859832
11233.589561148932262 29.297700604340466413
11233.769793060984739 29.296090325455217851
11233.950037519885882 29.294480927666903369
11234.130294169142871 29.292872411024951873
11234.310562655864487 29.291264775790963881
11234.490842630890256 29.289658022448190167
11234.671133748912325 29.288052151710878945
11234.851435668590057 29.286447164533520038
11235.031748052664625 29.284843062119914947
11235.212070568068157 29.283239845932072853
11235.392402886018317 29.281637517698889894
11235.572744682118355 29.280036079424604623
11235.753095636448052 29.27843553339699767
11235.933455433647396 29.276835882195324956
11236.113823762996617 29.275237128697995104
11236.294200318487128 29.273639276089941319
11236.474584798892465 29.272042327869687739
11236.654976907828313 29.270446287856131562
11236.835376353808897 29.268851160195001881
11237.01578285029791 29.267256949364998775
11237.196196115750354 29.265663660183605543
11237.376615873652554 29.264071297812591865
11237.557041852549446 29.262479867763161678
11237.737473786077317 29.260889375900795528
11237.917911412980175 29.259299828449730541
11238.098354477122484 29.257711231997205914
11238.27880272749826 29.256123593497296298
11238.459255918234703 29.254536920274375689
11238.639713808586748 29.252951220026272239
11238.82017616293524 29.251366500827732153
11239.000642750781481 29.249782771133251202
11239.181113346725397 29.248200039779185033
11239.361587730441897 29.24661831598549
11239.542065686653586 29.245037609357137143
11239.722547005094384 29.243457929886343294
11239.903031480476784 29.241879287953278066
11240.083518912444561 29.240301694326433335
11240.264009105534569 29.238725160162601924
11240.444501869131273 29.237149697006518778
11240.62499701741217 29.235575316790178846
11240.805494369296866 29.234002031831835211
11240.985993748387045 29.232429854834673932
11241.166494982902805 29.230858798885169136
11241.34699790562081 29.229288877451139683
11241.527502353801538 29.227720104379542931
11241.708008169105597 29.226152493894428375
11241.888515197508241 29.224586060594116788
11242.069023289230245 29.223020819447956598
11242.249532298659688 29.221456785792810251
11242.430042084277375 29.219893975329252811
11242.61055250858044 29.218332404117521861
11242.791063437998673 29.216772088573222277
11242.971574742819939 29.215213045462768093
11243.152086297097412 29.213655291898621869
11243.332597976339457 29.212098845353608567
11243.513109605863065 29.210543724101306395
11243.693621072305177 29.20898994624928946
11243.874132265711523 29.207437530232748912
11244.054643079438392 29.205886494808755316
11244.235153410061685 29.204336859050506803
11244.415663157276867 29.202788642341293013
11244.596172223829853 29.201241864365169221
11244.77668051544606 29.199696545097701517
11244.957187940726726 29.198152704799063883
11245.137694411054326 29.196610364006343019
11245.31819984048343 29.195069543526845024
11245.49870414562065 29.193530264431377219
11245.679207245515499 29.191992548047416278
11245.859709061533067 29.190456415952205305
11246.040209517255789 29.188921889964987599
11246.22070853835794 29.187388992139833732
11246.401206052481939 29.185857744756923182
11246.581701989125577 29.184328170311417239
11246.762196279500131 29.182800291505717638
11246.942688856377572 29.181274131241732306
11247.123179653932311 29.179749712612949253
11247.303668607572035 29.178227058896283097
11247.484155653763082 29.176706193543687107
11247.664640729854 29.175187140173477474
11247.845123773879095 29.173669922561352053
11248.025604724369259 29.172154564631064488
11248.206083520144603 29.170641090444693333
11248.386560100099814 29.169129524192499048
11248.567034402991339 29.167619890182297837
11248.747506367202732 29.166112212828355865
11248.927975930542743 29.164606516640578349
11249.10844303002159 29.163102826213318508
11249.288907601609026 29.161601166212491876
11249.469369579977865 29.160101561362044009
11249.649828898245687 29.1586040364297574
11249.830285487712899 29.157108616212351393
11250.01073927759353 29.155615325519882219
11250.191190194740557 29.154124189159411173
11250.37163816337852 29.152635231917951586
11250.552083104817939 29.151148478544691045
11250.732524937133348 29.149663953730680532
11250.912963574879541 29.148181682089475686
11251.093398928802344 29.146701688137216735
11251.273830905553041 29.145223996272122235
11251.454259407370046 29.143748630753556483
11251.63468433179878 29.142275615680478751
11251.815105571426102 29.140804974969487517
11251.995523013616548 29.139336732332619562
11252.175936540250405 29.13787091125496076
11252.356346027481777 29.136407534972285305
11252.536751345502125 29.134946626448822826
11252.717152358314706 29.133488208355352356
11252.897548923532668 29.13203230304774749
11253.077940892246261 29.130578932547940951
11253.258328108957357 29.12912811852691064
11253.438710411428474 29.127679882285651303
11253.619087630553622 29.126234244737243984
11253.799459590261904 29.124791226390261301
11253.979826107452027 29.123350847333856706
11254.16018699201959 29.12191312722712766
11254.340542046875271 29.120478085288358017
11254.520891067972116 29.119045740285123713
11254.701233844381932 29.117616110526299167
11254.881570158391696 29.116189213856017659
11255.061899785650894 29.114765067649582164
11255.242222495342503 29.113343688811315957
11255.422538050393996 29.111925093774342344
11255.602846207722905 29.1105092985022047
11255.783146718511489 29.109096318492252209
11255.963439328506865 29.107686168780688263
11256.143723778353888 29.106278863949203384
11256.323999803948027 29.104874418133025671
11256.504267136808267 29.103472845030275096
11256.684525504464546 29.102074157912532826
11256.864774630867032 29.100678369636387544
11257.045014236797215 29.099285492655901919
11257.225244040291727 29.097895539035857126
11257.405463757069811 29.096508520465658165
11257.585673100957138 29.09512444827380051
11257.765871784316914 29.093743333442773746
11257.946059518464608 29.092365186624355999
11258.126236014082679 29.090990018155174823
11258.306400981620754 29.089617838072523881
11258.486554131688536 29.088248656130293313
11258.666695175426867 29.086882481815024448
11258.846823824867897 29.085519324361996496
11259.026939793277052 29.08415919277132744
11259.207042795471352 29.08280209582405007
11259.387132548123191 29.081448042098116957
11259.56720877004409 29.080097039984323715
11259.747271182455734 29.078749097701379611
11259.927319509244626 29.077404223310423959
11260.107353477189463 29.076062424730402256
11260.287372816148491 29.07472370975322562
11260.467377259237765 29.073388086058692181
11260.647366542982127 29.072055561228847154
11260.827340407442534 29.070726142762257638
11261.007298596325199 29.069399838087885968
11261.187240857081633 29.068076654578526075
11261.367166940970492 29.066756599563738916
11261.547076603117603 29.06543968034221237
11261.726969602550525 29.064125904193502947
11261.906845702209466 29.062815278389088292
11262.086704668958191 29.061507810202670044
11262.266546273558561 29.060203506919641825
11262.446370290652339 29.058902375845711674
11262.626176498710265 29.057604424314590119
11262.805964679981116 29.056309659694701253
11262.985734620455332 29.055018089395549197
11263.165486109792255 29.053729720872475184
11263.345218941230996 29.05244456163036304
11263.524932911495853 29.051162619226278849
11263.70462782069626 29.049883901271048359
11263.884303472210377 29.048608415429804097
11264.063959672574128 29.0473361694214951
11264.243596231357515 29.046067171017430297
11264.423212961042736 29.044801428038869773
11264.602809676891411 29.043538948353713636
11264.782386196817242 29.04227973987237732
11264.961942341253234 29.041023810542871075
11265.141477933020724 29.039771168345147601
11265.320992797196595 29.038521821284817293
11265.500486760984131 29.037275777386252429
11265.679959653658443 29.036033044686053728
11265.859411306544644 29.034793631226285981
11266.03884155295782 29.033557545043667147
11266.21825022809935 29.032324794160551562
11266.397637168936853 29.031095386575920259
11266.577002214091408 29.029869330256055093
11266.756345203730234 29.028646633124914445
11266.935665979472105 29.027427303054462726
11267.114964384360064 29.026211347857383771
11267.294240262803214 29.024998775277708774
11267.473493460487589 29.023789592980225649
11267.652723824294299 29.022583808539700101
11267.831931202228589 29.021381429429901289
11268.011115443348899 29.020182463012496044
11268.190276397719572 29.018986916525779662
11268.369413916354461 29.017794797073282353
11268.548527851178733 29.016606111612254892
11268.727618055003404 29.015420866942083222
11268.906684381510786 29.014239069692756345
11269.085726685316331 29.013060726313828042
11269.264744821974091 29.011885843062813706
11269.443738647983992 29.010714425993501919
11269.62270802081548 29.00954648094384325
11269.801652799016665 29.008382013520328968
11269.980572842265246 29.007221029085638264
11270.159468011415811 29.006063532747401013
11270.33833816855622 29.004909529347187913
11270.517183177065817 29.00375902344981327
11270.69600290168637 29.002612019332982385
11270.874797208600285 29.001468520977333299
11271.053565965517919 29.000328532056983022
11271.232309041764893 28.999192055930581802
11271.411026308378496 28.998059095632758186
11271.589717638216825 28.996929653866139631
11271.768382906060651 28.995803732993937984
11271.947021988728011 28.994681335033135383
11272.125634765190625 28.993562461648302531
11272.304221116693952 28.992447114146028042
11272.482780926879059 28.991335293470086754
11272.661314081979071 28.990227000199766394
11272.839820470970153 28.989122234547576085
11273.018299985706108 28.988020996356404169
11273.196752521049348 28.98692328509730487
11273.375177974994585 28.985829099867899572
11273.5535762487998 28.984738439391403375
11273.731947247113567 28.983651302016220086
11273.910290878091473 28.982567685716091432
11274.088607053521628 28.981487588090793395
11274.266895688937439 28.98041100636720202
11274.445156703739485 28.979337937400334368
11274.623390021299201 28.978268377675334477
11274.801595569058918 28.977202323309924736
11274.979773278630091 28.976139770056633438
11275.157923085873335 28.975080713306251567
11275.33604493099665 28.974025148090067461
11275.514138758615445 28.972973069083824527
11275.692204517816208 28.97192447061192766
11275.870242162196519 28.970879346651873476
11276.048251649910526 28.96983769083887239
11276.226232943688956 28.968799496470616361
11276.404186010857302 28.967764756512195845
11276.582110823346738 28.966733463601105569
11276.760007357686845 28.965705610052388863
11276.937875594991056 28.964681187863792644
11277.115715520938465 28.963660188720968591
11277.293527125739274 28.962642604002713398
11277.471310404096585 28.961628424786219682
11277.649065355111816 28.960617641855293414
11277.826791982224677 28.959610245705881937
11278.004490293142226 28.958606226551506069
11278.182160299771567 28.957605574328674436
11278.359802018139817 28.956608278702248072
11278.537415468312247 28.955614329070780144
11278.715000674304974 28.954623714571813053
11278.892557663995831 28.953636424086926837
11279.070086469027956 28.952652446247068241
11279.247587124720667 28.951671769437865578
11279.425059669965776 28.950694381804943589
11279.60250414714028 28.949720271259206328
11279.779920601999038 28.948749425482141362
11279.957309083582004 28.947781831931109764
11280.134669644170572 28.946817477845712574
11280.312002339233004 28.945856350254697276
11280.489307227326208 28.944898435981425422
11280.666584369992052 28.943943721649553424
11280.843833831660959 28.942992193688535707
11281.021055679551864 28.94204383833910299
11281.198249983575806 28.941098641658754786
11281.375416816301367 28.940156589526470299
11281.552556252925569 28.939217667643767129
11281.729668371188382 28.938281861540147588
11281.90675325128359 28.937349156578566323
11282.083810975769666 28.936419537960979653
11282.26084162949337 28.93549299073391623
11282.437845299498804 28.934569499794122294
11282.614822074954645 28.933649049894263783
11282.791772047068662 28.932731625648706597
11282.968695309016766 28.931817211539353707
11283.145591955862983 28.93090579192157108
11283.32246208441029 28.929997351039720144
11283.499305793115127 28.929091873034305848
11283.676123182007359 28.928189341949057223
11283.852914352610242 28.927289741738064777
11284.029679407864023 28.926393056272978299
11284.20641845204409 28.925499269350286369
11284.383131590686389 28.924608364698705998
11284.559818930503752 28.923720325986661095
11284.736480579313138 28.922835136829828429
11284.913116645953778 28.921952780798843463
11285.089727240214415 28.921073241427063039
11285.265759237938255 28.920199244833860064
11285.441029458026605 28.919331655591264507
11285.615576173400768 28.918470236520594341
11285.789440212511181 28.917614740628675207
11285.96266510289388 28.916764910539946243
11286.135297185501258 28.915920478080245459
11286.307385736061406 28.915081163832795141
11286.478988819975712 28.914246648859727173
11286.650166896442897 28.913416606230420314
11286.820982567411193 28.912590702336945725
11286.991501906275516 28.911768590583093896
11287.161794864900003 28.910949909607598585
11287.331935598012933 28.910134281935260248
11287.502002801960771 28.909321312585063879
11287.67207549037812 28.908510609427189308
11287.842203221254749 28.907701924472792854
11288.01247884375698 28.906894807524903257
11288.183002842288261 28.906088777318927896
11288.353885447419088 28.905283312041824217
11288.525249664920921 28.904477835711102074
11288.697235381403516 28.903671699756944946
11288.870004591459292 28.902864159698509638
11289.043747614185122 28.90205434763652903
11289.218689909246677 28.901241242470245396
11289.394713784657142 28.900425423004193703
11289.570715073978135 28.899612014377055402
11289.746693886125286 28.898801002113586378
11289.922650329137468 28.897992371912707199
11290.098584510105866 28.897186109650867536
11290.274496535115759 28.896382201385502952
11290.450386509190139 28.89558063335781668
11290.626254536246051 28.894781391995156383
11290.802100719207374 28.893984463913504612
11290.977925160002997 28.893189835918487773
11291.153727959530443 28.892397495005152308
11291.329509217619488 28.891607428357101384
11291.505269033006698 28.890819623344885514
11291.681007503317232 28.890034067523700401
11291.856724725039385 28.889250748630445287
11292.032420793510028 28.888469654580408275
11292.20809580290188 28.88769077346310965
11292.383749846225328 28.886914093537562565
11292.559383015330241 28.886139603227146466
11292.734995400905973 28.885367291114068422
11292.91058709248864 28.884597145933419426
11293.086158178468395 28.883829156566967811
11293.261708746083968 28.883063312038601111
11293.437238881440862 28.882299601507689601
11293.437238881440862 28.882299601507689601
11293.437238881440862 28.882299601507689601
11293.437238881440862 28.882299601507689601
11293.437238881440862 28.882299601507689601
11293.437238881440862 28.882299601507689601
11293.437238881440862 28.882299601507689601
11293.437238881440862 28.882299601507689601
11293.612748669534994 28.881538014262268632
11293.788238194272708 28.880778539712189001
11293.963707538505332 28.880021167382235348
11294.13915678405283 28.879265886905226779
11294.31458601174927 28.878512688015042897
11294.489995301521049 28.87776156053900678
11294.665384732448729 28.877012494389873609
11294.840754382801606 28.876265479560910165
11295.016104330072267 28.875520506119560338
11295.191434651022064 28.874777564201266955
11295.366745421719315 28.874036644003442831
11295.542036717584779 28.873297735779662077
11295.71730861342985 28.872560829834096552
11295.892561183507496 28.871825916516137056
11296.067794501557728 28.871092986215277421
11296.243008640853077 28.870362029356236633
11296.418203674249526 28.869633036394358072
11296.59337967423744 28.868905997811292963
11296.768536712988862 28.868180904110964491
11296.943674862410262 28.867457745815823245
11297.118794194191651 28.866736513463415292
11297.293894779862967 28.866017197603241584
11297.468976690843192 28.865299788793269187
11297.644039998504013 28.864584277596947004
11297.819084774213479 28.863870654581063491
11297.994111089390572 28.863158910313895689
11298.169119015550677 28.862449035363656691
11298.344108624354703 28.861741020297401406
11298.519079987701843 28.861034855682117239
11298.694033177787787 28.860330532084613964
11298.868968267144737 28.859628040070983701
11299.043885328790566 28.858927370206988172
11299.218784436303395 28.858228513058456599
11299.393665663843421 28.857531459191243073
11299.568529086178387 28.85683619917154985
11299.743374778696307 28.85614272356639276
11299.918202817423662 28.855451022944219375
11300.093013279049046 28.85476108787662497
11300.267806240937716 28.854072908940096909
11300.44258178113887 28.853386476716938347
11300.617339978378368 28.852701781796202596
11300.79208091205146 28.85201881477489394
11300.966804662210052 28.851337566259104506
11301.141511309549969 28.850658026865378503
11301.316200935387315 28.849980187221696326
11301.490873621636638 28.849304037968746428
11301.665529450785471 28.848629569761246927
11301.84016850586886 28.847956773269086028
11302.014790870465731 28.847285639177332683
11302.189396628655231 28.846616158187828205
11302.363985864983988 28.84594832102082762
11302.538558664415177 28.84528211841669787
11302.713115112297601 28.844617541137690608
11302.887655294309297 28.843954579969864227
11303.062179296422983 28.843293225724959683
11303.236687204851478 28.842633469242329625
11303.41117910601497 28.84197530139087462
11303.585655086668339 28.841318713068702095
11303.760115233935721 28.840663695204579398
11303.934559635263213 28.840010238760154238
11304.108988378378854 28.839358334732288824
11304.283401551245333 28.83870797415538334
11304.457799242021792 28.838059148103756257
11304.632181539021985 28.837411847694138345
11304.806548530666987 28.836766064088088513
11304.980900305450632 28.836121788494413209
11305.155236951895859 28.835479012171600033
11305.329558558520148 28.834837726430261995
11305.503865213791869 28.834197922635539157
11305.678157006099354 28.833559592209454081
11305.852434023707247 28.832922726633213983
11306.026696354721935 28.832287317449452502
11306.200944087058815 28.831653356264368426
11306.375177308407729 28.831020834749775617
11306.549396106196582 28.830389744645032124
11306.723600567565882 28.829760077758848524
11306.897790779332354 28.829131825970961245
11307.071966827967117 28.828504981233656679
11307.246128799564758 28.827879535573128322
11307.420276779817868 28.827255481090688249
11307.594410853995214 28.826632809963808057
11307.768531106921728 28.82601151444697507
11307.9426376229585 28.825391586872381566
11308.116730485986409 28.824773019650415051
11308.290809779395204 28.824155805269967345
11308.464875586068956 28.823539936298555375
11308.638927988371506 28.822925405382260777
11308.812967068141006 28.822312205245466998
11308.986992906686282 28.821700328690443627
11309.161005584775921 28.821089768596735325
11309.335005182676468 28.820480517920472607
11309.508991780270662 28.819872569693693265
11309.682965457070168 28.819265917023315637
11309.856926292217395 28.818660553089898713
11310.030874364492774 28.81805647114629565
11310.204809752322035 28.817453664516154532
11310.378732533779839 28.816852126592340966
11310.552642786613433 28.816251850835168824
11310.726540588335411 28.815652830770044801
11310.900426016245547 28.815055059985535735
11311.074299147441707 28.814458532131485669
11311.248160058827125 28.81386324091707607
11311.422008827121317 28.813269180108857626
11311.595845528869177 28.81267634352875362
11311.769670240450068 28.812084725052052647
11311.943483038092381 28.811494318605429754
11312.117283997877166 28.810905118164942706
11312.291073195754507 28.810317117754060234
11312.464850707550795 28.809730311441708039
11312.638616608977827 28.809144693340375198
11312.812370975647354 28.808560257604248989
11312.986113883072903 28.807976998427420767
11313.159845406689783 28.807394910042141589
11313.333565621853268 28.806813986717138221
11313.507274603862243 28.806234222755946917
11313.680972427962843 28.805655612495371543
11313.854659169383012 28.805078150303092599
11314.028334903332507 28.804501830576441535
11314.201999705011985 28.803926647741267431
11314.375653649605738 28.803352596250867634
11314.549296812292596 28.80277967058508537
11314.722929268249572 28.802207865249517482
11314.896551092670052 28.80163717477483587
11315.07016236076015 28.801067593716094706
11315.243763147740538 28.800499116652083842
11315.417353528844615 28.79993173818480301
11315.59093357931124 28.799365452938985754
11315.76450337438655 28.798800255561719297
11315.938062989318496 28.798236140722135445
11316.111612499351395 28.79767310311120454
11316.285151979725924 28.797111137441586237
11316.458681505653658 28.796550238447910175
11316.632201152320704 28.795990400886761762
11316.80571099487679 28.795431619536721257
11316.97921110842799 28.794873889198477457
11317.152701568031262 28.794317204695026646
11317.326182448685358 28.793761560871903527
11317.49965382532173 28.793206952597504511
11317.673115772793608 28.792653374763435892
11317.846568365865096 28.792100822284979245
11318.020011679192976 28.79154929010154973
11318.193445787321252 28.790998773177197023
11318.366870764662963 28.790449266501141778
11318.540286685492902 28.789900765088333401
11318.713693623927611 28.789353263980029141
11318.887091653914467 28.788806758244394501
11319.060480849306259 28.788261242977558396
11319.233861283941224 28.787716713304703831
11319.407233031628493 28.787173164380671864
11319.58059616612627 28.786630591390547806
11319.75395076112909 28.786088989550243866
11319.927296890245998 28.785548354107042712
11320.100634626984174 28.78500868033997051
11320.273964044730747 28.784469963559594419
11320.447285216734599 28.783932199108395622
11320.620598216091821 28.783395382361185
11320.793903115716603 28.782859508725472608
11320.96719998833214 28.782324573641773213
11321.140488906448809 28.781790572583478394
11321.31376994234779 28.781257501057158521
11321.487043168059245 28.780725354602822108
11321.660308655344124 28.780194128794128972
11321.833566475672342 28.779663819238574973
11322.006816700208219 28.779134421577634129
11322.180059399783204 28.778605931486868741
11322.353294644884954 28.778078344676035982
11322.526522505631874 28.777551656889144738
11322.699743051756741 28.777025863904487579
11322.872956352590336 28.77650096153467274
11323.046162477043254 28.775976945626563719
11323.219361493584074 28.775453812061275727
11323.39255347022663 28.774931556754154371
11323.565738474511818 28.774410175654757893
11323.738916573489405 28.773889664746828743
11323.912087833707119 28.773370020048279372
11324.085252321188818 28.772851237611156705
11324.258410101423578 28.772333313521613718
11324.431561239347502 28.771816243899888121
11324.604705799332805 28.771300024900263281
11324.777843845169627 28.770784652711036244
11324.950975440056936 28.770270123554496422
11325.124100646586157 28.769756433686890063
11325.297219526724803 28.769243579398374067
11325.470332141811014 28.768731557012987565
11325.643438552537191 28.768220362888591524
11325.816538818933623 28.767709993416982428
11325.989633000363028 28.767200445023771493
11326.162721155504187 28.76669171416828874
11326.335803342344661 28.766183797343469308
11326.508879618171704 28.765676691075700688
11326.681950039557705 28.765170391924669957
11326.85501466236019 28.764664896482571521
11327.028073541716367 28.764160201373421444
11327.201126732037665 28.763656303252805202
11327.374174286997004 28.763153198807600575
11327.547216259526977 28.762650884755757374
11327.720252701816207 28.76214935784594573
11327.893283665309355 28.761648614857715955
11328.066309200730757 28.761148652603502285
11328.23932935808989 28.760649467927944301
11328.412344186679547 28.760151057707105338
11328.585353735066747 28.759653418847840101
11328.758358051094547 28.759156548287137412
11328.931357181883868 28.758660442991430983
11329.104351173826217 28.758165099955888877
11329.27734007259096 28.757670516203688749
11329.450323923121687 28.757176688785275331
11329.623302769639849 28.756683614777617919
11329.796276655653855 28.756191291283453637
11329.96924562395543 28.75569971543054848
11330.142209716677826 28.755208884370187405
11330.31516897534857 28.754718795275621801
11330.488123440898562 28.754229445341398019
11330.661073153665711 28.753740831782735654
11330.834018153404031 28.753252951835143847
11331.006958479338209 28.752765802756975688
11331.179894170179978 28.752279381829897176
11331.352825264131752 28.751793686358446678
11331.525751798899364 28.751308713669686767
11331.698673811688423 28.75082446111300527
11331.871591339211591 28.750340926059834601
11332.044504417704957 28.749858105902223571
11332.217413082935309 28.749375998052169479
11332.390317370216508 28.748894599941209549
11332.563217314414942 28.74841390902002658
11332.736112949964081 28.747933922758129199
11332.909004310879027 28.747454638643592517
11333.08189143076379 28.746976054182869831
11333.254774342824021 28.746498166900646964
11333.427653079877928 28.746020974339771215
11333.600527674367186 28.745544474061230034
11333.773398158400596 28.74506866364405866
11333.946264563841396 28.74459354068514827
11334.11912692232363 28.744119102799388088
11334.291985265257608 28.743645347619874997
11334.46483962383536 28.743172272798169331
11334.637690029034275 28.742699876004671466
11334.810536511626196 28.742228154928966433
11334.983379102177423 28.741757107280207606
11335.156217831054164 28.741286730787518167
11335.329052728426177 28.74081702320043874
11335.501883824292236 28.740347982287708817
11335.674711148505594 28.739879605836645027
11335.847534730772168 28.739411891653642073
11336.020354600654173 28.738944837564709189
11336.193170787570125 28.738478441416024367
11336.36598332079484 28.738012701074506339
11336.538792229455794 28.73754761442840433
11336.711597542534946 28.737083179387877152
11336.884399288868735 28.736619393885600715
11337.057197497140805 28.736156255877354226
11337.229992195880186 28.735693763342624152
11337.402783413457655 28.735231914285201071
11337.5755711780821 28.734770706733762324
11337.748355517795062 28.734310138742447549
11337.921136460465277 28.733850208391405801
11338.093914033781402 28.733390913787339116
11338.266688265244738 28.732932253064010553
11338.439459182163773 28.73247422438273091
11338.612226811648725 28.73201682593293782
11338.784991180598809 28.731560055932753528
11338.957752315700418 28.731103912629382791
11339.130510243414392 28.730648394299450388
11339.303264989968739 28.73019349924931376
11339.476016581344084 28.729739225815315251
11339.648765043270032 28.729285572364013035
11339.821510401214255 28.728832537292337435
11339.994252680369755 28.728380119027729478
11340.166991905647592 28.727928316028187083
11340.339728101662331 28.727477126782293482
11340.512461292728403 28.727026549809185241
11340.685191502840098 28.72657658365849187
11340.857918755671562 28.726127226910222134
11341.03064307456043 28.725678478174597075
11341.203364482498728 28.725230336091836847
11341.376083002121959 28.724782799331908478
11341.54879865570183 28.724335866594238098
11341.721511465135336 28.723889536607359219
11341.894221451932026 28.723443808128532595
11342.066928637212186 28.72299867994333411
11342.239633041692286 28.722554150865203582
11342.412334685677706 28.722110219734950931
11342.585033589055456 28.72166688542020907
11342.757729771285085 28.721224146814861911
11342.93042325139686 28.720782002838454616
11343.103114047975396 28.720340452435586087
11343.275802179161474 28.71989949457528013
11343.448487662642947 28.719459128250317548
11343.621170515649283 28.719019352476578888
11343.793850754946106 28.71858016629234811
11343.966528396833382 28.718141568757616255
11344.139203457138137 28.717703558953360243
11344.311875951212642 28.71726613598081812
11344.484545893932591 28.716829298960750094
11344.657213299691648 28.716393047032696018
11344.829878182403263 28.715957379354222212
11345.002540555495216 28.715522295100161188
11345.175200431911435 28.715087793461847809
11345.347857824110179 28.714653873646355464
11345.520512744062216 28.714220534875718016
11345.693165203256285 28.713787776386165973
11345.865815212691814 28.713355597427341337
11346.038462782889837 28.712923997261530218
11346.211107923883901 28.712492975162881237
11346.383750645230975 28.712062530416641692
11346.556390956007817 28.711632662318368858
11346.729028864816428 28.711203370173169702
11346.901664379784052 28.710774653294929948
11347.074297508570453 28.710346511005436554
11347.246928258438857 28.709918942631837524
11347.419556636279594 28.709491947505288323
11347.592182648615562 28.709065524960237781
11347.764806301600402 28.708639674333745972
11347.937427601022137 28.708214394964794991
11348.110046552308631 28.707789686193596168
11348.282663160527591 28.707365547360932823
11348.455277430399292 28.70694197780682444
11348.627889366322052 28.706518976868071746
11348.800498972374044 28.706096543877499983
11348.973106252322395 28.705674678163337177
11349.145711209621368 28.705253379048595974
11349.318313847419631 28.704832645850459016
11349.490914168565723 28.704412477879696297
11349.663512175608048 28.7039928744400612
11349.836107870802152 28.703573834827725619
11350.008701256114364 28.703155358330732838
11350.181292333225429 28.702737444228453967
11350.353881103537788 28.702320091791090562
11350.526467568177395 28.701903300279170139
11350.699051727997357 28.701487068942970637
11350.871633583587027 28.701071397022058562
11351.044213135275641 28.700656283744876873
11351.216790383170519 28.700241728326513879
11351.389365327213454 28.699827729966159495
11351.56193796718253 28.699414287846817473
11351.734508302693939 28.699001401135035394
11351.907076333209261 28.69858906898068085
11352.079642058039099 28.698177290516742488
11352.252205476343079 28.69776606485916659
11352.424766587140766 28.697355391106722067
11352.597325389306206 28.696945268340897428
11352.76988188157884 28.696535695625826179
11352.942436062565321 28.696126672008265501
11353.114987930797724 28.695718196516850185
11353.28753748478448 28.695310268161630773
11353.460084723010368 28.694902885934155279
11353.632629643940163 28.694496048807586419
11353.805172246020447 28.694089755736836622
11353.977712527683252 28.693684005658745662
11354.150250487349695 28.693278797492286714
11354.322786123431797 28.692874130138804389
11354.495319434330668 28.692470002482298952
11354.667850418445596 28.692066413389724744
11354.840379074170414 28.691663361711338354
11355.012905399891679 28.691260846281068098
11355.185429393995946 28.690858865916926135
11355.357951054867954 28.690457419421441898
11355.530470380888801 28.690056505582138158
11355.702987370435949 28.689656123172028401
11355.875502021883221 28.689256270950149741
11356.048014333602623 28.688856947662120689
11356.220524303960701 28.688458152040748672
11356.393031931318546 28.688059882806619783
11356.565537214028154 28.687662138668752476
11356.738040150432425 28.687264918325254826
11356.910540738866985 28.686868220463995982
11357.083038977651086 28.686472043763313167
11357.25553486508943 28.686076386892711554
11357.428028399473988 28.685681248513596131
11357.600519579074899 28.68528662728000711
11357.773008402142295 28.684892521839344681
11357.945494866902663 28.684498930833264296
11358.117978971558841 28.684105852898408529
11358.290460714286382 28.683713286667138931
11358.462940093228099 28.68332123076826079
11358.635417106499517 28.682929683827726564
11358.807891752177966 28.682538644469339317
11358.980364028304393 28.68214811131541353
11359.152833932881549 28.681758082987446556
11359.325301463870346 28.681368558106736799
11359.497766619186223 28.680979535294998328
11359.670229396697323 28.680591013174939974
11359.842689794226317 28.680202990370815996
11360.015147809541304 28.679815465508966099
11360.187603440357634 28.67942843721830215
11360.360056684334268 28.679041904130798457
11360.532507539070139 28.678655864881921644
11360.704956002124163 28.678270318112513593
11360.877402071047982 28.677885262471736638
11361.049845743378683 28.677500696617475029
11361.222287016640621 28.677116619216679538
11361.394725888338144 28.676733028945676551
11361.567162355959226 28.676349924490462939
11361.73959641696274 28.67596730454699383
11361.91202806878573 28.67558516782145972
11362.084457308834317 28.675203513030517399
11362.256884134483698 28.67482233890152088
11362.429308543072693 28.674441644172773636
11362.60173053190374 28.67406142759375598
11362.774150098239261 28.673681687925355988
11362.946567239299839 28.673302423940096872
11363.118981952255126 28.6729236344223537
11363.291394234229301 28.672545318168573658
11363.463804082293791 28.672167473987489217
11363.636211493461815 28.6717901007003384
11363.808616464690203 28.671413197141070839
11363.981018992872123 28.671036762156493438
11364.153419074835256 28.670660794606153132
11364.325816707339982 28.670285293362500312
11364.498211887073921 28.669910257311094881
11364.670604610650116 28.669535685350830079
11364.842994874599754 28.669161576394156299
11365.015382675373985 28.668787929367290701
11365.187768009333013 28.668414743210451689
11365.36015087274609 28.668042016878054312
11365.532531261809709 28.667669749337488128
11365.704909172656699 28.66729793956858785
11365.877284601352585 28.666926586563810986
11366.049657543888316 28.666555689328433232
11366.222027996182078 28.666185246880750981
11366.394395954072024 28.66581525825227672
11366.566761413314453 28.665445722487934432
11366.739124369578349 28.665076638646279861
11366.91148481844175 28.664708005799699464
11367.083842755389924 28.664339823034630683
11367.256198175808095 28.663972089451789316
11367.428551074995994 28.66360480416583556
11367.600901448317018 28.663237966302418158
11367.77324929122733 28.662871574997616619
11367.945594599279502 28.662505629398200568
11368.117937368151615 28.662140128664887584
11368.290277593676365 28.661775071974727069
11368.462615271870163 28.661410458523118194
11368.634950399071386 28.661046287531529941
11368.807282971944005 28.660682558248268492
11368.979612987468499 28.660319269948423937
11369.151940442929117 28.659956421933543425
11369.324265335906603 28.659594013530863776
11369.496587664274557 28.659232044093219116
11369.668907426175792 28.658870512998987579
11369.841224620025969 28.658509419651689853
11370.013539244526328 28.658148763477818477
11370.185851298656416 28.657788543926514535
11370.358160781659535 28.657428760469603191
11370.530467693028186 28.657069412601618552
11370.702772032491339 28.65671049983982499
11370.875073799996244 28.656352021724238455
11371.047372995726619 28.655993977816546447
11371.219669620195418 28.655636367696157407
11371.391963674239378 28.655279190959873858
11371.564255159006279 28.654922447221956361
11371.736544075933125 28.654566136114148378
11371.908830426733402 28.654210257285729568
11372.081114213391629 28.653854810402506814
11372.253395438174266 28.653499795144718121
11372.425674103611527 28.653145211206950904
11372.597950212484648 28.652791058298078042
11372.770223767809512 28.652437336141222346
11372.942494772816644 28.652084044473710378
11373.114763230938479 28.651731183047015605
11373.287029145794804 28.651378751626690899
11373.459292521174575 28.651026749992304588
11373.631553361017723 28.650675177937362292
11373.80381166940424 28.650324035269235878
11373.976067450537812 28.649973321809063975
11374.148320708727624 28.649623037391670266
11374.320571448392002 28.649273181864518989
11374.492819674052953 28.648923755086848075
11374.665065390323434 28.648574756929555463
11374.837308601896439 28.648226187275078303
11375.009549313524985 28.647878046017382303
11375.181787530013025 28.647530333062352526
11375.354023256206347 28.647183048327672594
11375.526256496972564 28.646836191742650612
11375.698487257193847 28.646489763248027316
11375.870715541752361 28.646143762795766463
11376.04294135552118 28.645798190348820356
11376.215164703349728 28.645453045880898912
11376.387385590058329 28.645108329376210321
11376.559604020423649 28.644764040829180374
11376.731819999175059 28.644420180244139829
11376.904033530983725 28.644076747634990454
11377.076244620455327 28.643733743024856864
11377.248453272122788 28.643391166445692164
11377.420659490442631 28.643049017937876499
11377.592863279787707 28.642707297549790724
11377.765064644445374 28.642366005337354551
11377.93726358861386 28.642025141363554042
11378.109460116398623 28.641684705697933566
11378.281654231810535 28.641344698416084213
11378.453845938767699 28.641005119599103779
11378.62603524109727 28.64066596933304254
11378.798222142531813 28.64032724770831706
11378.970406646714764 28.639988954819131095
11379.142588757202248 28.639651090762857422
11379.314768477468533 28.639313655639423217
11379.486945810909674 28.638976649550691889
11379.659120760847145 28.638640072599848452
11379.831293330536937 28.638303924890763597
11380.003463523175014 28.637968206527393278
11380.175631341902772 28.637632917613153438
11380.347796789817949 28.637298058250312494
11380.519959869980084 28.636963628539401583
11380.692120585423254 28.63662962857861416
11380.864278939159703 28.636296058463251768
11381.036434934196222 28.635962918285173373
11381.208588573541419 28.635630208132262453
11381.380739860212998 28.635297928087915409
11381.552888797252308 28.634966078230572606
11381.725035387733442 28.634634658633245863
11381.897179634774147 28.634303669363113443
11382.069321541548561 28.633973110481115043
11382.241461111294484 28.633642982041582314
11382.413598347331572 28.633313284091887141
11382.585733253064973 28.632984016672125449
11382.757865831999879 28.632655179814840096
11382.929996087750624 28.632326773544747311
11383.10212402405341 28.631998797878516427
11383.274249644777228 28.63167125282456027
11383.446372953932951 28.631344138382885944
11383.618493955700615 28.631017454546984879
11383.790612654456709 28.630691201305200622
11383.962729054781448 28.630365378640522778
11384.134843161466051 28.630039986530409379
11384.306954979520015 28.629715024946634117
11384.479064514180209 28.629390493855154887
11384.651171770916335 28.629066393216000108
11384.82327675544002 28.628742722983183455
11384.995379473706635 28.628419483104643462
11385.167479931928028 28.628096673522193782
11385.339578136570708 28.627774294171487668
11385.511674094368573 28.627452344982014409
11385.683767812321094 28.627130825877106446
11385.855859297702409 28.626809736773953574
11386.027948558063144 28.626489077583634923
11386.200035601234049 28.626168848211172246
11386.372120435333272 28.625849048555590315
11386.544203068760908 28.625529678509977316
11386.716283510209905 28.62521073796155946
11386.888361768662435 28.624892226791775585
11387.060437853391704 28.624574144876390847
11387.232511773967417 28.624256492085603298
11387.404583540250314 28.623939268284150472
11387.576653162395814 28.623622473331451488
11387.748720650854011 28.623306107081727845
11387.920786016367856 28.622990169384149084
11388.092849269971339 28.622674660082953579
11388.264910422998582 28.622359579018503695
11388.436969487094757 28.622044926030014267
11388.609026474219718 28.621730700955868798
11388.781081396644367 28.621416903633768669
11388.95313426694338 28.621103533900900118
11389.1251850979952 28.620790591594087005
11389.297233902974767 28.620478076549947133
11389.469280695351699 28.620165988605055674
11389.641325488881193 28.619854327596097932
11389.813368297600391 28.619543093360032771
11389.98540913582292 28.61923228573424538
11390.157448018133437 28.618921904556700042
11390.329484959376714 28.618611949666082239
11390.501519974654002 28.618302420901944316
11390.673553079333942 28.617993318104979039
11390.845584289052567 28.61768464111723631
11391.017613619702388 28.617376389782268831
11391.189641087432392 28.617068563945263548
11391.361666708631674 28.616761163453173111
11391.533690499923978 28.616454188154857974
11391.70571247816406 28.616147637901200085
11391.877732660419497 28.615841512545230785
11392.049751063970689 28.615535811942258704
11392.221767706294486 28.615230535949976343
11392.393782605058732 28.61492568442857376
11392.565795778111351 28.614621257240845154
11392.737807243473071 28.614317254252298994
11392.909817019324692 28.614013675331261055
11393.081825123999806 28.613710520348980992
11393.253831575973891 28.613407789179699847
11393.425836393857026 28.613105481700753074
11393.597839596381164 28.612803597792655808
11393.769841202391035 28.612502137339184571
11393.941841230835053 28.612201100227455441
11394.113839700756216 28.611900486347995098
11394.2858366312812 28.611600295594794119
11394.457832041613074 28.611300527865370924
11394.629825951022212 28.611001183061191
11394.801818378864482 28.610702261089961951
11394.973809344575784 28.61040376186612022
11395.14579886766478 28.61010568531091991
11395.317786967703796 28.609808031352518043
11395.48977366431609 28.609510799926074043
11395.661758977172212 28.609213990973817232
11395.833742925977276 28.608917604445117888
11396.005725530465497 28.608621640296551192
11396.177706810389282 28.608326098491971834
11396.349686785513768 28.608030979002563754
11396.521665475635018 28.607736281808826106
11396.693642900612758 28.607442006903241349
11396.865619080363103 28.607148154290396036
11397.0375940348531 28.60685472398706608
11397.209567784087994 28.60656171602231268
11397.38154034811123 28.606269130437567583
11397.553511746993536 28.605976967286704138
11397.72548200082565 28.605685226636119012
11397.897451129714682 28.605393908564789029
11398.069419153775016 28.605103013164335124
11398.241386093126494 28.604812540539068522
11398.413351967881681 28.604522490806036927
11398.585316798147687 28.604232864095063604
11398.757280604013431 28.60394366054876869
11398.929243405547822 28.603654880322604726
11399.101205222797944 28.603366523584870862
11399.273166075776317 28.603078590516748392
11399.445125984460901 28.602791081312300747
11399.61708496879146 28.602503996178494816
11399.78904304866046 28.602217335335215154
11399.961000243913077 28.601931099015260429
11400.132956574341733 28.601645287464357637
11400.304912059680646 28.601359900941162095
11400.476866719604004 28.601074939717264556
11400.648820573718695 28.600790404077205409
11400.820773641564301 28.600506294318492451
11400.992725942607649 28.600222610751586672
11401.164677496237346 28.599939353699920019
11401.336628321765602 28.599656523499888294
11401.508578438419136 28.599374120500861807
11401.680527865337353 28.59909214506518893
11401.852476621570531 28.598810597568203207
11402.024424726072539 28.598529478398237558
11402.196372197700839 28.598248787956649153
11402.368319055211032 28.597968526657840727
11402.540265317255034 28.597688694929221498
11402.712211002375625 28.597409293210692027
11402.884156129006442 28.597130321954534082
11403.056100715470166 28.596851781625449718
11403.228044779971242 28.596573672700614566
11403.399988340588607 28.596295995669731127
11403.571931415279323 28.59601875103509272
11403.743874021865849 28.595741939311665192
11403.91581617803422 28.595465561027175738
11404.087757901328587 28.595189616722205272
11404.259699209145765 28.594914106950280797
11404.431640118744326 28.594639032277356705
11404.603580647266426 28.594364393280933712
11404.775520811726892 28.594090190550172537
11404.947460629038687 28.593816424684849409
11405.11940011603474 28.593543096294308015
11405.291339289457028 28.59327020599764424
11405.463278165952943 28.592997754423862489
11405.635216762066193 28.592725742212053319
11405.807155094229529 28.59245417001158529
11405.979093178757466 28.592183038482275492
11406.151031031837192 28.591912348294545865
11406.322968669523107 28.591642100129600834
11406.494906107724091 28.591372294679558763
11406.666843362201689 28.591102932647579848
11406.838780448559191 28.590834014748015335
11407.010717382230723 28.590565541706496333
11407.182654178477605 28.590297514260040401
11407.354590852381079 28.590029933157122599
11407.526527418831392 28.589762799157679041
11407.698463892558721 28.589496113032051738
11407.870400288169549 28.589229875560189242
11408.042336620137576 28.58896408753159335
11408.214272902803714 28.588698749745269367
11408.386209150368813 28.588433863009651503
11408.558145376884568 28.588169428142517603
11408.730081596251694 28.58790544597088612
11408.902017818971217 28.587641917335847808
11409.073954055087597 28.587378843088828262
11409.24589031812684 28.587116224087580463
11409.417826621478525 28.586854061201584898
11409.589762978390354 28.586592355311790215
11409.761699401964506 28.586331107310485322
11409.933635905159463 28.586070318101533871
11410.105572500780909 28.585809988600100695
11410.277509201483554 28.585550119732292984
11410.449446019769312 28.585290712434819227
11410.621382967983664 28.585031767654577095
11410.793320058310201 28.584773286348276855
11410.965257302776081 28.584515269482015043
11411.137194713242934 28.584257718030869455
11411.309132301408681 28.584000632978472822
11411.481070078805715 28.583744015316547404
11411.653008056802719 28.583487866044450243
11411.824946246597392 28.583232186168682887
11411.996884659218267 28.582976976702425986
11412.16882330552653 28.582722238665027703
11412.340762196208743 28.582467973081502777
11412.512701341784123 28.582214180982020935
11412.684640752595442 28.581960863401366879
11412.856580438812671 28.581708021378425144
11413.028520410431156 28.581455655955618766
11413.200460677269803 28.581203768178369273
11413.372401248972892 28.580952359094528248
11413.544342135006445 28.580701429753816001
11413.716283344656404 28.580450981207246031
11413.888224887032266 28.580201014506553037
11414.060166771059812 28.57995153070359251
11414.232109005488383 28.579702530849765196
11414.40405159887996 28.57945401599541313
11414.575994559616447 28.579205987189212124
11414.747937895894211 28.57895844547758557
11414.91988161572408 28.578711391904100481
11415.091825726931347 28.578464827509012736
11415.263770237181234 28.578218753332023994
11415.435715154017089 28.577973170413095261
11415.607660484869484 28.577728079792706239
11415.779606237074404 28.577483482511858881
11415.951552417865969 28.577239379611516057
11416.123499034385532 28.57699577213204023
11416.295446093670762 28.576752661112671206
11416.467393602661105 28.57651004759100033
11416.63934156819596 28.57626793260247311
11416.811289997011045 28.576026317179891834
11416.983238895740215 28.575785202352960823
11417.15518827091546 28.575544589147821029
11417.327138128966908 28.575304478586623702
11417.499088476219185 28.575064871687111179
11417.671039318896874 28.57482576946222963
11417.842990663119053 28.574587172919756028
11418.01494251490476 28.574349083061935772
11418.186894880169348 28.574111500885166492
11418.358847764729944 28.573874427379671204
11418.530801174298176 28.573637863529135927
11418.702755114491083 28.573401810310439686
11418.874709590822022 28.573166268693384495
11419.046664608706124 28.572931239640471546
11419.218620173463933 28.572696724106680932
11419.390576290315948 28.572462723039286914
11419.562532964389902 28.57222923737780107
11419.734490200717119 28.571996268053840851
11419.906448004234335 28.571763815991001678
11420.078406379789158 28.571531882104714839
11420.250365332136425 28.571300467302137349
11420.422324865940027 28.571069572482063137
11420.594284985772902 28.570839198534812908
11420.766245696120677 28.570609346342166646
11420.938207001376213 28.570380016777285448
11421.110168905848695 28.570151210704661793
11421.28213141375636 28.56992292898005914
11421.454094529230133 28.569695172450479959
11421.626058256311808 28.569467941954119539
11421.798022598957687 28.569241238320326914
11421.969987561033122 28.569015062369572888
11422.141953146314336 28.568789414913428715
11422.313919358492058 28.568564296754541232
11422.48588620116243 28.568339708686611544
11422.657853677830644 28.568115651494387919
11422.829821791916402 28.56789212595332117
11423.001790546763004 28.567669132828562795
11423.173759945646452 28.567446672874847735
11423.3457299917809 28.56722474683648727
11423.517700688315017 28.567003355447351254
11423.689672038326535 28.566782499430857456
11423.861644044827699 28.5665621794999538
11424.033616710759816 28.56634239635710415
11424.205590038995069 28.56612315069428476
11424.377564032332884 28.565904443192966511
11424.549538693496288 28.565686274524114907
11424.721514025137367 28.565468645348175869
11424.893490029828172 28.565251556315146786
11425.065466710062537 28.565035008065056132
11425.237444068254263 28.564819001228066497
11425.409422106737111 28.564603536424481689
11425.581400827759353 28.564388614264732524
11425.753380233483767 28.56417423534939104
11425.92536032598764 28.563960400269163387
11426.097341107257307 28.563747109604882723
11426.269322579188156 28.563534363927509219
11426.441304743586443 28.563322163798101627
11426.613287602160199 28.563110509767813738
11426.785271156522867 28.562899402377873059
11426.957255408189667 28.562688842159559499
11427.129240358579409 28.562478829634187605
11427.301226009005404 28.562269365313074587
11427.473212360680918 28.562060449697497688
11427.645199414713716 28.561852083278672865
11427.81718717210606 28.561644266537690839
11427.989175633752893 28.561436999945470916
11428.161164800440019 28.561230283962714793
11428.333154672844103 28.561024119039860381
11428.505145251529029 28.560818505616992979
11428.677136536947728 28.560613444124054894
11428.849128529445807 28.560408934981097673
11429.021121229259734 28.560204978598147108
11429.193114636516839 28.560001575375085991
11429.36510875123713 28.559798725701519118
11429.537103573322383 28.559596429956652486
11429.709099102559776 28.559394688509165405
11429.881095338620071 28.559193501717082597
11430.053092281055797 28.558992869927656955
11430.225089929293972 28.558792793477262961
11430.397088282641562 28.558593272691268794
11430.569087340278202 28.558394307883926189
11430.741087101256198 28.558195899358270964
11430.91308756449871 28.557998047406009334
11431.085088728797928 28.55780075230742554
11431.257090592813256 28.557604014331296582
11431.429093155067676 28.557407833734817615
11431.601096413947744 28.557212210763537996
11431.773100367699953 28.557017145651279577
11431.945105014427099 28.556822638620094068
11432.117110352091913 28.556628689880216854
11432.28911637850797 28.556435299630127389
11432.461123091343325 28.556242468056531436
11432.633130488113238 28.556050195334336195
11432.805138566181995 28.555858481626650303
11432.977147322757446 28.555667327084787388
11433.149156754887372 28.555476731848298044
11433.321166859477671 28.555286696046010775
11433.493177633312371 28.555097219797278996
11433.665189073093643 28.554908303211050224
11433.837201175489099 28.554719946383780638
11434.009213937175446 28.554532149399353358
11434.181227354843941 28.554344912330101636
11434.353241425229498 28.554158235238503494
11434.525256145117964 28.553972118177195938
11434.697271511351573 28.553786561188996274
11434.869287520819853 28.553601564306937632
11435.041304170463263 28.553417127554300947
11435.213321457262282 28.553233250944696664
11435.38533937824468 28.553049934482135797
11435.557357930474609 28.552867178161111639
11435.729377111054418 28.552684981966702793
11435.9013969171192 28.552503345874665541
11436.073417345831331 28.552322269851547532
11436.24543839438229 28.552141753854815676
11436.417460060010853 28.551961797836295176
11436.589482340066752 28.551782401747697548
11436.761505232043419 28.551603565541057606
11436.933528733574349 28.551425289168854249
11437.105552842425823 28.551247572584124157
11437.277577556496908 28.551070415740760211
11437.449602873868571 28.550893818598979124
11437.621628792890988 28.55071778112777281
11437.793655312198098 28.550542303304993652
11437.965682430702145 28.55036738511744332
11438.137710147580947 28.550193026560950926
11438.309738462270616 28.550019227640440533
11438.481767374452829 28.549845988369987992
11438.65379688404937 28.549673308772863578
11438.825826991207578 28.549501188881556857
11438.997857696291248 28.549329628737794451
11439.169888999866089 28.549158628392547143
11439.341920902694255 28.548988187906008562
11439.513953405717984 28.548818307347591627
11439.685986510050498 28.548648986795893023
11439.858020216961449 28.548480226338661225
11440.030054527866014 28.548312026072768077
11440.202089444312151 28.548144386104176817
11440.374124967969692 28.547977306547910104
11440.546161100613972 28.547810787528018039
11440.718197844114911 28.5476448291775462
11440.890235200426105 28.54747943163849655
11441.06227317156663 28.547314595061806131
11441.234311759610137 28.547150319607276003
11441.406350966675745 28.546986605443546381
11441.578390794909865 28.546823452748050443
11441.750431246471635 28.546660861706971701
11441.922472323523834 28.546498832515201372
11442.094514028218327 28.546337365376281525
11442.266556362683332 28.546176460502355354
11442.438599329025237 28.546016118113620053
11442.610642929354071 28.545856338436056632
11442.782687165810785 28.545697121701564924
11442.954732040563613 28.545538468148230038
11443.126777555798981 28.545380378020119849
11443.298823713712409 28.545222851567078948
11443.470870516497598 28.545065889044543894
11443.642917966337336 28.544909490713337163
11443.81496606539622 28.544753656839468192
11443.987014815809744 28.544598387693930874
11444.159064219675201 28.544443683552504609
11444.331114279044414 28.544289544695541139
11444.503164995912812 28.544135971407779806
11444.6752163722158 28.543982963978127287
11444.847268409814205 28.543830522699472851
11445.019321110494275 28.543678647868294007
11445.191374475958582 28.543527339783448582
11445.363428507820572 28.543376598745812345
11445.535483207604557 28.543226425058033868
11445.707538576731167 28.543076819024303603
11445.87959461652099 28.542927780950172689
11446.051651328194566 28.542779311141636356
11446.223708712932421 28.542631409901563444
11446.395766771931449 28.542484077529053366
11446.567825506404915 28.54233731431926202
11446.739884917582458 28.542191120563241924
11446.911945006702808 28.542045496547913785
11447.084005775059268 28.541900442560216078
11447.256067224050639 28.541755958889240219
11447.428129355204874 28.541612045826141753
11447.600192170175433 28.541468703664104822
11447.772255670734012 28.54132593269831375
11447.944319858775998 28.541183733225867769
11448.116384736307737 28.541042105545781027
11448.288450305451988 28.540901049959000346
11448.460516568442472 28.540760566768415885
11448.632583527620227 28.540620656278580469
11448.804651185435432 28.540481318795212218
11448.976719544447405 28.540342554625141247
11449.148788607322786 28.540204364076277699
11449.320858376842807 28.540066747458492813
11449.492928855950595 28.539929705087281775
11449.665000047796639 28.539793237284168725
11449.837071955738793 28.539657344376767156
11450.009144583344096 28.539522026698850965
11450.181217934388769 28.53938728459040064
11450.353292012852762 28.539253118397667208
11450.525366822923388 28.539119528473218423
11450.697442368993507 28.538986515176024028
11450.869518655657885 28.538854078871487729
11451.041595687713198 28.538722219931493385
11451.213673470158028 28.538590938734433422
11451.38575200818741 28.538460235665226605
11451.557831307194647 28.538330111115342902
11451.729911372767674 28.538200565482807036
11451.901992210683602 28.538071599172216253
11452.074073826914173 28.537943212594740316
11452.246156227614847 28.537815406168135723
11452.418239419124802 28.537688180316727937
11452.590323407968754 28.53756153547121599
11452.762408200853315 28.537435472067471665
11452.934493804670637 28.537309990546312122
11453.106580226494771 28.537185091353485689
11453.278667473576206 28.537060774939643437
11453.450755553343697 28.536937041760321421
11453.622844473396981 28.536813892275919358
11453.794934241503142 28.536691326951657999
11453.967024865592975 28.536569346257557811
11454.139116353759164 28.536447950668396345
11454.311208714247186 28.536327140663640733
11454.483301955457137 28.536206916727415717
11454.655396085936445 28.53608727934846101
11454.827491114370787 28.535968229020099329
11454.999587049589536 28.535849766240133363
11455.171683900551216 28.535731891510859981
11455.343781676347135 28.5356146053390205
11455.515880386188655 28.535497908235758047
11455.687980039407194 28.535381800716582035
11455.86008064545058 28.535266283301314871
11456.032182213872147 28.535151356514049326
11456.20428475432891 28.535037020883070369
11456.376388276576108 28.534923276940808989
11456.548492790459932 28.53481012522376048
11456.720598305915701 28.534697566272427594
11456.892704832956952 28.534585600631196201
11457.064812381673619 28.534474228848253574
11457.236920962222939 28.534363451475485363
11457.409030584827633 28.534253269068379666
11457.581141259764991 28.53414368218588848
11457.753252997394156 28.534034691388630023
11457.925365808183415 28.533926297237826475
11458.097479702721103 28.53381850029522937
11458.269594691711973 28.533711301122988147
11458.441710785962641 28.533604700283518696
11458.613827996381588 28.533498698339350597
11458.785946333971879 28.533393295852789606
11458.958065809887557 28.533288493383945905
11459.130186435486394 28.53318429149008395
11459.302308222333522 28.533080690725491024
11459.474431182192347 28.532977691641324469
11459.64655532701363 28.532875294785451814
11459.818680668924571 28.532773500702290903
11459.990807220221541 28.532672309932625154
11460.162934993359158 28.53257172301348632
11460.335064000941202 28.532471740477809874
11460.507194255718787 28.532372362854111714
11460.679325770579453 28.532273590666278551
11460.851458558541708 28.532175424433333433
11461.023592632744112 28.532077864669222578
11461.195728006445279 28.53198091188323815
11461.367864693023876 28.531884566581062757
11461.540002705989536 28.531788829264559837
11461.712142058966492 28.531693700431574712
11461.884282765691751 28.531599180575746288
11462.056424840007821 28.531505270186283241
11462.228568295859077 28.531411969748081248
11462.400713147306305 28.531319279745321893
11462.572859408552176 28.531227200662328869
11462.74500709394124 28.531135732983251785
11462.917156217949014 28.531044877191767739
11463.089306795178345 28.530954633770779338
11463.261458840353953 28.530865003202151797
11463.433612368315153 28.530775985966386088
11463.6057673940104 28.530687582542359593
11463.777923932491831 28.530599793407070308
11463.950081998911628 28.530512619035391708
11464.122241608512923 28.530426059899838265
11464.294402776631614 28.530340116470327416
11464.466565518709103 28.530254789213927324
11464.638729850346863 28.530170078594572658
11464.810895787353729 28.530085985072734189
11464.983063345740447 28.530002509105244712
11465.155232541712394 28.52991965114513917
11465.327403391665939 28.529837411641512546
11465.499575912188448 28.529755791039388413
11465.671750120043725 28.529674789779608801
11465.843926032179297 28.529594408298731167
11466.016103665711853 28.529514647028939578
11466.016103665711853 28.529514647028939578
11466.016103665711853 28.529514647028939578
11466.016103665711853 28.529514647028939578
11466.016103665711853 28.529514647028939578
11466.016103665711853 28.529514647028939578
11466.016103665711853 28.529514647028939578
11466.016103665711853 28.529514647028939578
11466.188283037929068 28.529435506397977207
11466.360464166282327 28.529356986829100151
11466.532647068384904 28.529279088741045456
11466.704831762006506 28.529201812548013351
11466.877018265067818 28.529125158659716988
11467.049206595660507 28.529049127480490711
11467.221396772150911 28.528973719404863374
11467.393588813285533 28.528898934817117805
11467.565782738212874 28.5288247740914791
11467.737978566481615 28.528751237592256729
11467.910176318036974 28.528678325674462712
11468.082376013213434 28.528606038684308999
11468.254577672729283 28.52853437695939931
11468.426781317681161 28.528463340828938755
11468.598986969533144 28.528392930613957645
11468.771194650111283 28.528323146627577955
11468.9434043815927 28.528253989175272665
11469.115616186503757 28.528185458555164189
11469.287830087703696 28.528117555058344124
11469.460046108382812 28.528050278969189435
11469.632264272053362 28.527983630565696416
11469.804484602538651 28.527917610119821745
11469.976707123969391 28.527852217897830656
11470.148931860770972 28.527787454160662861
11470.321158837658004 28.527723319164312699
11470.493388079623401 28.527659813160205715
11470.665619611934744 28.527596936395564597
11470.837853460128827 28.527534689113686284
11471.010089650011651 28.527473071554524608
11471.182328207685714 28.527412083958004985
11471.35456915958639 28.527351726567498957
11471.526812532507392 28.527291999630190134
11471.699058353589862 28.527232903397969466
11471.871306650331462 28.527174438130266765
11472.043557450591834 28.527116604094810981
11472.215810782585322 28.527059401568045871
11472.388066674870061 28.527002830835559877
11472.560325156335239 28.52694689219251245
11472.732586256192008 28.526891585944071039
11472.904850003960746 28.526836912405826752
11473.077116429461967 28.526782871904210026
11473.249385562801763 28.52672946477690985
11473.421657434362714 28.52667669137328943
11473.593932074791155 28.526624552054791195
11473.766209514989896 28.52657304719534892
11473.938489786100035 28.526522177181785622
11474.110772919493684 28.526471942414211469
11474.28305894676123 28.526422343306418128
11474.455347899700428 28.526373380286258907
11474.627639810303663 28.526325053796036002
11474.799934710745219 28.526277364292869976
11474.972232633374006 28.526230312249062138
11475.144533610695362 28.526183898152460472
11475.316837675363786 28.526138122506811357
11475.4891448601702 28.526092985832097071
11475.661455198027397 28.526048488664887515
11475.833768721960951 28.526004631558649294
11476.006085465118304 28.525961415082935702
11476.178405460841532 28.525918839820889161
11476.350728742714637 28.525876906369393993
11476.52305534455445 28.525835615339097728
11476.695385300405178 28.525794967353345299
11476.867718644531124 28.525754963048086665
11477.040055411405774 28.525715603072100635
11477.212395635699067 28.525676888087193817
11477.38473935226466 28.525638818768442206
11477.55708659613083 28.525601395804340399
11477.72943740248229 28.525564619896989882
11477.901791806649271 28.525528491762269567
11478.07414984409661 28.525493012129999215
11478.246511550412833 28.525458181744081543
11478.41887696129379 28.525424001362637227
11478.591246112529916 28.525390471758104383
11478.763619039998957 28.525357593717362903
11478.935995779651421 28.525325368041805518
11479.108376367494202 28.525293795547440823
11479.280760839583309 28.525262877064943012
11479.453149232012947 28.525232613439694518
11479.625541580899153 28.525203005531814426
11479.797937922370693 28.525174054216186903
11479.970338292556335 28.525145760382468296
11480.142742727573932 28.525118124935172403
11480.315151263521329 28.525091148793762841
11480.487563936489096 28.525064832892972788
11480.659980782620551 28.525039178183224209
11480.832401838140868 28.525014185630304553
11481.0048271393498 28.524989856215334783
11481.177256722603488 28.524966190934719634
11481.349690624310824 28.524943190800087223
11481.522128880911623 28.524920856838193117
11481.694571528871165 28.524899190090849288
11481.867018604665645 28.524878191614831735
11482.039470144771258 28.524857862481788118
11482.211926185651464 28.524838203778134726
11482.384386763749717 28.524819216604928585
11482.55685191547127 28.524800902077721787
11482.729321677174084 28.524783261326525974
11482.901796085159731 28.524766295495680879
11483.074275175660659 28.524750005743737091
11483.246758984827466 28.524734393243317498
11483.419247548719795 28.524719459180989389
11483.591740903293612 28.524705204757093924
11483.764239084393921 28.524691631185611129
11483.936742127738398 28.524678739693996476
11484.109250068910114 28.524666531522978374
11484.28176294334844 28.524655007926401851
11484.454280786334493 28.524644170170638802
11484.626803632994779 28.524634019533390727
11484.799331518290273 28.524624557303507544
11484.971864477012787 28.524615784780881
11485.144402543770411 28.52460770327629902
11485.316945752978427 28.524600314111339117
11485.489494138862938 28.52459361861624032
11485.662047735488159 28.524587618126737709
11485.834606576765509 28.524582313983401605
11486.007170696444518 28.524577707531392434
11486.179740128111007 28.524573800119991773
11486.352314905219828 28.52457059309827514
11486.524895061142161 28.524568087812586015
11486.697480629183701 28.524566285605253313
11486.870071642575567 28.52456518781420769
11487.04266813452341 28.524564795770530168
11487.215270138309279 28.524565110795087719
11487.387877687384389 28.52456613419669651
11487.560490815390949 28.524567867271304777
11487.733109556163981 28.524570311301584269
11487.905733943724044 28.524573467556496809
11488.078364012275415 28.5245773372909035
11488.250999796273391 28.524581921745067348
11488.423641330546161 28.524587222144173637
11488.596288650322094 28.524593239697868086
11488.768941791227917 28.524599975599819857
11488.941600789274162 28.524607431027579452
11489.114265680849712 28.524615607142202123
11489.286936502712706 28.524624505087714965
11489.459613291981441 28.52463412599062309
11489.632296086150745 28.524644470962410736
11489.804984923173834 28.52465554110474244
11489.97767984150596 28.524667337509075793
11490.150380880100784 28.524679861256121427
11490.323088078392175 28.524693113415306556
11490.495801476285123 28.524707095044249172
11490.668521114146643 28.524721807187852107
11490.841247032798492 28.524737250876917471
11491.013979273504447 28.524753427127546246
11491.186717877964838 28.524770336940594717
11491.359462888300186 28.524787981301074069
11491.532214347043919 28.524806361177578395
11491.704972297131462 28.524825477521673633
11491.877736781889325 28.524845331267311366
11492.050507845022366 28.524865923330221307
11492.223285530608337 28.524887254607303788
11492.396069883081509 28.524909325976416596
11492.568860947229041 28.524932138295749695
11492.74165876817824 28.524955692403192842
11492.914463391382014 28.524979989115717416
11493.087274862617051 28.525005029228729825
11493.260093227965626 28.525030813515410699
11493.432918533810152 28.525057342726046983
11493.60575082682044 28.525084617587367575
11493.778590153942787 28.52511263880187542
11493.951436562396339 28.525141407047151176
11494.124290099653081 28.525170922975153331
11494.297150813441476 28.525201187211376208
11494.470018751802854 28.525232200352164114
11494.642893963175084 28.525263962963382625
11494.815776496401668 28.525296475579704492
11494.988666400717193 28.525329738703899096
11495.16156372574369 28.525363752806924822
11495.334468521501549 28.525398518330533193
11495.507380838424069 28.525434035686920708
11495.68030072734291 28.525470305258039616
11495.853228239480813 28.525507327394922896
11496.026163426440689 28.525545102417002141
11496.199106340194703 28.525583630611439645
11496.37205703307518 28.525622912232485362
11496.545015557772786 28.525662947500620703
11496.717981967411106 28.525703736601695226
11496.890956315652147 28.525745279686844924
11497.063938656719984 28.525787576871820761
11497.236929045386205 28.525830628236359843
11497.409927536966279 28.52587443382357435
11497.582934187308638 28.525918993639386656
11497.7559490527874 28.525964307651975105
11497.928972190298737 28.526010375791290841
11498.102003657255409 28.52605719794857464
11498.275043511604963 28.526104773975934137
11498.448091811826089 28.526153103685992107
11498.621148616926803 28.526202186851609355
11498.79421398643899 28.526252023205618258
11498.967287980414767 28.526302612440407103
11499.140370659431937 28.526353954206165042
11499.313462084597631 28.526406048110398928
11499.486562317548305 28.526458893717776988
11499.659671420444283 28.52651249054990501
11499.832789455977036 28.526566838084733035
11500.005916487370996 28.526621935756597992
11500.179052578394476 28.526677782956948448
11500.352197793357846 28.526734379034298428
11500.525352197118991 28.52679172329451518
11500.698515855090591 28.526849815001192212
11500.871688833241933 28.526908653375656399
11500.871688833241933 28.526908653375656399
11500.871688833241933 28.526908653375656399
11500.871688833241933 28.526908653375656399
11500.871688833241933 28.526908653375656399
11500.871688833241933 28.526908653375656399
11500.871688833241933 28.526908653375656399
11500.871688833241933 28.526908653375656399
