# Fix print output for fix log_pen
13501.560319638956571 38.420203826559003346
13501.60582042869828 38.413132758747138951
13501.651321218441808 38.406061690935274555
13501.696822008183517 38.39899062312341016
13501.742322797927045 38.391919555311545764
13501.787823587668754 38.384848487499681369
13501.833324377412282 38.377777419687816973
13501.878825167153991 38.370706351875952578
13501.9243259568957 38.363635284064088182
13501.969826746639228 38.356564216252223787
13502.015327536380937 38.349493148440359391
13502.060828326124465 38.342422080628494996
13502.106329115866174 38.3353510128166306
13502.151829905609702 38.328279945004766205
13502.197330695351411 38.321208877192901809
13502.24283148509312 38.314137809381037414
13502.288332274836648 38.307066741569173018
13502.333833064578357 38.299995673757308623
13502.379333854321885 38.292924605945444227
13502.424834644063594 38.285853538133579832
13502.470335433807122 38.278782470321715437
13502.515836223548831 38.271711402509851041
13502.561337013292359 38.264640334697986646
13502.606837803034068 38.25756926688612225
13502.652338592775777 38.250498199074257855
13502.697839382519305 38.243427131262393459
13502.743340172261014 38.236356063450529064
13502.788840962004542 38.229284995638664668
13502.834341751746251 38.222213927826800273
13502.879842541489779 38.215142860014935877
13502.925343331231488 38.208071792203071482
13502.970844120973197 38.201000724391207086
13503.016344910716725 38.193929656579342691
13503.061845700458434 38.186858588767478295
13503.107346490201962 38.1797875209556139
13503.152847279943671 38.172716453143749504
13503.198348069687199 38.165645385331885109
13503.243848859428908 38.158574317520020713
13503.289349649170617 38.151503249708156318
13503.334850438914145 38.144432181896291922
13503.380351228655854 38.137361114084427527
13503.425852018399382 38.130290046272563131
13503.471352808141091 38.123218978460698736
13503.516853597884619 38.11614791064883434
13503.562354387626328 38.109076842836969945
13503.607855177368037 38.10200577502510555
13503.653355967111565 38.094934707213241154
13503.698856756853274 38.087863639401376759
13503.744357546596802 38.080792571589512363
13503.789858336338511 38.073721503777647968
13503.835359126082039 38.066650435965783572
13503.880859915823748 38.059579368153919177
13503.926360705567276 38.052508300342054781
13503.971861495308985 38.045437232530190386
13504.017362285050694 38.03836616471832599
13504.062863074794222 38.031295096906461595
13504.108363864535931 38.024224029094597199
13504.15386465427946 38.017152961282732804
13504.199365444021169 38.010081893470868408
13504.244866233764697 38.003010825659004013
13504.290367023506406 37.995939757847139617
13504.335867813248115 37.988868690035275222
13504.381368602991643 37.981797622223410826
13504.426869392733352 37.974726554411546431
13504.47237018247688 37.967655486599682035
13504.517870972218589 37.96058441878781764
13504.563371761962117 37.953513350975953244
13504.608872551703826 37.946442283164088849
13504.654373341445535 37.939371215352224453
13504.699874131189063 37.932300147540360058
13504.745374920930772 37.925229079728495662
13504.7908757106743 37.918158011916631267
13504.836376500416009 37.911086944104766872
13504.881877290159537 37.904015876292902476
13504.927378079901246 37.896944808481038081
13504.972878869642955 37.889873740669173685
13505.018379659386483 37.88280267285730929
13505.063880449128192 37.875731605045444894
13505.10938123887172 37.868660537233580499
13505.154882028613429 37.861589469421716103
13505.200382818356957 37.854518401609851708
13505.245883608098666 37.847447333797987312
13505.291384397840375 37.840376265986122917
13505.336885187583903 37.833305198174258521
13505.382385977325612 37.826234130362394126
13505.42788676706914 37.81916306255052973
13505.473387556810849 37.812091994738665335
13505.518888346554377 37.805020926926800939
13505.564389136296086 37.797949859114936544
13505.609889926039614 37.790878791303072148
13505.655390715781323 37.783807723491207753
13505.700891505523032 37.776736655679343357
13505.74639229526656 37.769665587867478962
13505.791893085008269 37.762594520055614566
13505.837393874751797 37.755523452243750171
13505.882894664493506 37.748452384431885775
13505.928395454237034 37.74138131662002138
13505.973896243978743 37.734310248808156985
13506.019397033720452 37.727239180996292589
13506.06489782346398 37.720168113184428194
13506.110398613205689 37.713097045372563798
13506.155899402949217 37.706025977560699403
13506.201400192690926 37.698954909748835007
13506.246900982434454 37.691883841936970612
13506.292401772176163 37.684812774125106216
13506.337902561917872 37.677741706313241821
13506.3834033516614 37.670670638501377425
13506.428904141403109 37.66359957068951303
13506.474404931146637 37.656528502877648634
13506.519905720888346 37.649457435065784239
13506.565406510631874 37.642386367253919843
13506.610907300373583 37.635315299442055448
13506.656408090115292 37.628244231630191052
13506.70190887985882 37.621173163818326657
13506.747409669600529 37.614102096006462261
13506.792910459344057 37.607031028194597866
13506.838411249085766 37.59995996038273347
13506.883912038829294 37.592888892570869075
13506.929412828571003 37.585817824759004679
13506.974913618314531 37.578746756947140284
13507.02041440805624 37.571675689135275888
13507.065915197797949 37.564604621323411493
13507.111415987541477 37.557533553511547098
13507.156916777283186 37.550462485699682702
13507.202417567026714 37.543391417887818307
13507.247918356768423 37.536320350075953911
13507.293419146511951 37.529249282264089516
13507.33891993625366 37.52217821445222512
13507.384420725995369 37.515107146640360725
13507.429921515738897 37.508036078828496329
13507.475422305482425 37.500965011016759831
13507.520923095227772 37.493893943205733876
13507.566423884980395 37.486822875396313748
13507.611924674749389 37.479751807589678947
13507.657425464543849 37.472680739787307402
13507.702926254378326 37.465609671990975471
13507.748427044269192 37.458538604202743727
13507.793927834236456 37.451467536424956961
13507.839428624301945 37.444396468660244182
13507.884929414489307 37.437325400911525719
13507.930430204827644 37.43025433318199191
13507.975930995346062 37.423183265475124415
13508.021431786077301 37.416112197794682004
13508.066932577057742 37.409041130144686349
13508.112433368323764 37.401970062529443339
13508.157934159915385 37.39489899495352887
13508.203434951876261 37.387827927421788843
13508.248935744251867 37.380756859939339165
13508.294436537089496 37.373685792511558645
13508.339937330438261 37.366614725144081888
13508.385438124352731 37.35954365784301956
13508.430938918889296 37.352472590615164449
13508.476439714111621 37.345401523467828042
13508.521940510090644 37.338330456408812097
13508.567441306900946 37.331259389446422858
13508.612942104624381 37.324188322589471056
13508.658442903348259 37.317117255847243484
13508.703943703163532 37.310046189229531421
13508.749444504170242 37.302975122746609316
13508.794945306472073 37.295904056409234784
13508.840446110176345 37.288832990228641506
13508.885946915399472 37.281761924216539228
13508.931447722259691 37.274690858385113756
13508.97694853088251 37.267619792747019858
13509.022449341398897 37.260548727315381257
13509.067950153941638 37.25347766210378353
13509.113450968652614 37.246406597126274107
13509.158951785675526 37.239335532397362272
13509.204452605159531 37.232264467932004948
13509.249953427259243 37.225193403745606702
13509.295454252134732 37.218122339854033953
13509.340955079949708 37.211051276273586552
13509.386455910871518 37.203980213021011991
13509.431956745072966 37.196909150113498299
13509.477457582730494 37.189838087568666936
13509.522958424026001 37.182767025404579897
13509.568459269146842 37.175695963639711294
13509.613960118280374 37.168624902292982881
13509.659460971623048 37.16155384138373563
13509.704961829371314 37.154482780931729735
13509.75046269172708 37.147411720957137504
13509.795963558897711 37.140340661480564677
13509.84146443109239 37.133269602523014896
13509.88696530852576 37.126198544105911026
13509.932466191416097 37.119127486251080938
13509.9779670799835 37.112056428980757516
13510.023467974453524 37.104985372317578651
13510.068968875053542 37.097914316284587244
13510.114469782016386 37.090843260905209888
13510.159970695578522 37.083772206203285293
13510.20547161597824 37.076701152203028755
13510.250972543457465 37.069630098929053474
13510.29647347826176 37.062559046406377661
13510.341974420640327 37.055487994660623485
13510.387475370847824 37.048416943718045502
13510.432976329140729 37.041345893605495121
13510.478477295779157 37.034274844350413503
13510.523978271030501 37.027203795980838663
13510.569479255163969 37.020132748525391264
13510.614980248452412 37.013061702013274612
13510.660481251172314 37.005990656474274658
13510.705982263603801 36.998919611938745788
13510.751483286032453 36.991848568437617928
13510.796984318745672 36.984777526002382331
13510.842485362032676 36.97770648466509158
13510.88798641618996 36.970635444458359586
13510.93348748151584 36.963564405415354486
13510.978988558310448 36.956493367569791531
13511.024489646879374 36.949422330955933091
13511.069990747530028 36.942351295608588657
13511.115491860571638 36.935280261563093518
13511.160992986320707 36.928209228855337187
13511.206494125091922 36.921138197521727875
13511.251995277205424 36.914067167599199593
13511.297496442984993 36.906996139125226364
13511.34299762275441 36.899925112137786698
13511.388498816842912 36.892854086675384906
13511.434000025579735 36.885783062777043995
13511.479501249299574 36.878712040482298562
13511.525002488338941 36.871641019831180586
13511.57050374303617 36.864570000864233634
13511.61600501373141 36.857498983622512867
13511.661506300768451 36.850427968147556612
13511.707007604492901 36.843356954481407683
13511.752508925254006 36.836285942666606275
13511.798010263401011 36.829214932746182853
13511.84351161928862 36.822143924763643952
13511.889012993269716 36.815072918763000587
13511.934514385702641 36.808001914788732734
13511.980015796945736 36.800930912885839064
13512.025517227362798 36.793859913100149583
13512.071018677317625 36.786788915478283002
13512.116520147181291 36.77971792006764673
13512.16202163732487 36.77264692691639425
13512.207523148126711 36.765575936073446428
13512.253024679966984 36.758504947588470202
13512.298526233229495 36.751433961511899895
13512.344027808301689 36.74436297789490169
13512.38952940557283 36.737291996789394943
13512.435031025437638 36.730221018248023768
13512.480532668294472 36.723150042324185449
13512.526034334541691 36.716079069071987817
13512.571536024583111 36.709008098546277665
13512.617037738826184 36.701937130802619436
13512.662539477678365 36.694866165897302324
13512.708041241552564 36.687795203887333173
13512.75354303086533 36.680724244830415159
13512.799044846033212 36.673653288784983317
13512.844546687478214 36.666582335810161908
13512.890048555622343 36.659511385965785735
13512.935550450893061 36.652440439312385934
13512.98105237371783 36.645369495911197077
13513.02655432452957 36.638298555824142966
13513.072056303761201 36.631227619113836624
13513.11755831184928 36.624156685843587411
13513.163060349232182 36.617085756077386804
13513.208562416350105 36.61001482987991551
13513.2540645136487 36.602943907316536354
13513.299566641571801 36.595872988453287178
13513.345068800568697 36.588802073356887945
13513.39057099108868 36.581731162094740739
13513.436073213584677 36.574660254734908449
13513.481575468511437 36.567589351346200033
13513.527077756327344 36.560518451998326839
13513.572580077490784 36.553447556761852866
13513.618082432467418 36.54637666570820187
13513.663584821726545 36.539305778909650257
13513.709087245735645 36.532234896439327088
13513.754589704971295 36.52516401837121407
13513.800092199910068 36.518093144780181092
13513.845594731033998 36.511022275742192278
13513.891097298828754 36.50395141133427046
13513.936599903785464 36.496880551634475864
13513.98210254640253 36.489809696721906107
13514.027605227180175 36.482738846676703304
13514.073107946624077 36.475668001580075384
13514.118610705247193 36.468597161514281879
13514.164113503567933 36.461526326562655242
13514.209616342106528 36.45445549680959374
13514.255119221390487 36.447384672340582767
13514.300622141952772 36.440313853242201958
13514.346125104329985 36.433243039602110969
13514.391628109066005 36.426172231509077903
13514.437131156708347 36.419101429052979313
13514.482634247809983 36.4120306323248073
13514.528137382929344 36.40495984141668373
13514.573640562630317 36.397889056421853127
13514.619143787482244 36.390818277434703987
13514.664647058058108 36.383747504550768781
13514.710150374938166 36.37667673786674527
13514.755653738706314 36.369605977480482295
13514.801157149951905 36.362535223491015302
13514.846660609271566 36.355464475998545026
13514.892164117265565 36.348393735104465918
13514.937667674539625 36.341323000911550878
13514.983171281708564 36.334252273524171528
13515.028674939394477 36.327181553048148999
13515.074178648228553 36.320110839590768137
13515.119682408851077 36.313040133260763298
13515.165186221911426 36.30596943416833966
13515.210690088066258 36.298898742425187436
13515.256194007981321 36.291828058144474767
13515.301697982331461 36.28475738144086904
13515.347202011800618 36.277686712430543992
13515.392706097078189 36.270616051231172605
13515.438210238866304 36.263545397961962635
13515.483714437870731 36.256474752743642398
13515.52921869480997 36.249404115698482087
13515.574723010409798 36.242333486950293775
13515.620227385403268 36.235262866624452727
13515.665731820532528 36.228192254847904508
13515.711236316547001 36.221121651749164982
13515.756740874207026 36.214051057458334526
13515.802245494280214 36.20698047210711934
13515.847750177539638 36.199909895828824347
13515.893254924771099 36.192839328758381612
13515.93875973676586 36.185768771032336133
13515.984264614324275 36.178698222788888472
13516.029769558255794 36.17162768416787344
13516.075274569375324 36.164557155310795622
13516.120779648508687 36.15748663636082938
13516.1662847964908 36.150416127462825955
13516.211790014160215 36.143345628763341892
13516.25729530236822 36.136275140410631934
13516.302800661973379 36.129204662554677441
13516.348306093841529 36.122134195347179286
13516.393811598845787 36.115063738941579174
13516.439317177868361 36.107993293493088061
13516.484822831798738 36.10092285915867194
13516.530328561537317 36.093852436097073166
13516.575834367989955 36.086782024468874397
13516.621340252071604 36.079711624436491491
13516.666846214704492 36.072641236164230349
13516.712352256818122 36.065570859818258498
13516.75785837935473 36.058500495566640609
13516.803364583258372 36.051430143579345611
13516.848870869485836 36.044359804028253791
13516.894377239001187 36.037289477087178113
13516.939883692773947 36.030219162931871324
13516.98539023178455 36.023148861740033055
13517.030896857018888 36.016078573691338249
13517.076403569473769 36.009008298967444262
13517.121910370153273 36.001938037751997967
13517.167417260066941 35.994867790230657079
13517.212924240235225 35.987797556591097248
13517.258431311684035 35.980727337023033385
13517.303938475450195 35.97365713171823387
13517.349445732575987 35.966586940870527656
13517.394953084110966 35.959516764675825584
13517.440460531115605 35.9524466033321346
13517.485968074657649 35.945376457039564855
13517.531475715810302 35.938306326000358126
13517.576983455655864 35.931236210418887822
13517.622491295283908 35.924166110501694504
13517.667999235794923 35.917096026457478786
13517.713507278293037 35.91002595849712975
13517.759015423893288 35.902955906833753374
13517.804523673716176 35.895885871682651214
13517.850032028891292 35.888815853261384348
13517.895540490555504 35.881745851789744961
13517.941049059852958 35.874675867489813186
13517.986557737936891 35.867605900585935785
13518.032066525967821 35.860535951304775892
13518.077575425113537 35.853466019875313009
13518.123084436549107 35.846396106528864323
13518.168593561456873 35.839326211499098918
13518.214102801030094 35.832256335022059091
13518.259612156465664 35.825186477336181667
13518.305121628969573 35.818116638682312214
13518.350631219755087 35.811046819303712141
13518.396140930044567 35.803977019446094232
13518.44165076106583 35.796907239357636854
13518.48716071405579 35.789837479289005273
13518.532670790258635 35.782767739493351655
13518.57818099092583 35.775698020226357698
13518.623691317316116 35.768628321746241738
13518.669201770695508 35.761558644313780064
13518.714712352337301 35.754488988192328236
13518.760223063522062 35.747419353647835294
13518.805733905539455 35.740349740948865076
13518.8512448796846 35.733280150366631744
13518.896755987259894 35.72621058217499268
13518.942267229576828 35.719141036650484011
13518.98777860795235 35.712071514072349032
13519.033290123712504 35.705002014722531101
13519.07880177818879 35.69793253888573048
13519.124313572719984 35.690863086849390129
13519.169825508653958 35.683793658903745438
13519.215337587344038 35.676724255341824232
13519.260849810149011 35.66965487645947519
13519.306362178438576 35.662585522555396267
13519.351874693587888 35.6555161939311418
13519.397387356977561 35.648446890891158034
13519.442900169997301 35.641377613742797337
13519.488413134042275 35.634308362796339509
13519.533926250514924 35.627239138365013105
13519.579439520824963 35.620169940765016747
13519.624952946389385 35.613100770315554655
13519.670466528630641 35.60603162733887217
13519.715980268978456 35.598962512160397864
13519.761494168869831 35.591893425108729332
13519.807008229750863 35.584824366515661609
13519.852522453071288 35.57775533671620849
13519.898036840288114 35.570686336048666476
13519.943551392869267 35.563617364855033998
13519.989066112289947 35.556548423480975885
13520.034581000038088 35.549479512275759419
13520.080096057607079 35.542410631592311177
13520.125611286503045 35.535341781787224136
13520.171126688239383 35.528272963220771885
13520.216642264342227 35.521204176256944152
13520.262158016343164 35.514135421263453907
13520.307673945786519 35.507066698611772892
13520.353190054223887 35.499998008677131622
13520.398706343214144 35.492929351838618857
13520.444222814328896 35.485860728479416082
13520.489739469148844 35.478792138986761984
13520.535256309261968 35.471723583751973763
13520.580773336268976 35.464655063170475557
13520.626290551777856 35.457586577641791337
13520.671807957407509 35.450518127569630167
13520.717325554784111 35.443449713362070952
13520.762843345546571 35.436381335431526907
13520.808361331344713 35.429312994194752662
13520.853879513837455 35.422244690072872686
13520.89939789469463 35.415176423491395497
13520.944916475593345 35.408108194880242081
13520.990435258225261 35.401040004673753003
13521.035954244289314 35.393971853310731035
13521.081473435493535 35.386903741234448262
13521.12699283355505 35.379835668892660294
13521.172512440203718 35.3727676367376489
13521.218032257174855 35.365699645226222003
13521.26355228621469 35.358631694819742108
13521.30907252907673 35.35156378598415472
13521.354592987527212 35.344495919190002553
13521.400113663336015 35.337428094912439747
13521.445634558283928 35.330360313631260283
13521.491155674159018 35.323292575830919304
13521.536677012760265 35.316224882000540219
13521.582198575890288 35.30915723263395023
13521.62772036536262 35.302089628229687435
13521.673242382998069 35.29502206929103636
13521.7187646306229 35.287954556326027955
13521.764287110072473 35.280887089847475124
13521.809809823189426 35.273819670372979829
13521.85533277182185 35.266752298424954404
13521.900855957825115 35.25968497453063577
13521.946379383061867 35.252617699222128067
13521.991903049398388 35.245550473036381334
13522.037426958710057 35.238483296515234144
13522.082951112877709 35.231416170205434923
13522.128475513785816 35.224349094658641945
13522.174000163327946 35.217282070431451757
13522.219525063397668 35.210215098085406282
13522.265050215899464 35.203148178187014139
13522.310575622737815 35.196081311307771955
13522.356101285826298 35.189014498024171473
13522.401627207078491 35.181947738917713764
13522.447153388415245 35.174881034574937644
13522.492679831759233 35.167814385587405468
13522.538206539038583 35.160747792551752866
13522.583733512183244 35.153681256069667427
13522.629260753128619 35.14661477674793133
13522.674788263811934 35.139548355198428453
13522.720316046172229 35.13248199203815858
13522.765844102152187 35.125415687889251615
13522.811372433696306 35.118349443378974684
13522.856901042750906 35.111283259139746349
13522.902429931264123 35.104217135809136607
13522.947959101187735 35.097151074029888207
13522.993488554469877 35.090085074449916647
13523.039018293064146 35.083019137722324388
13523.084548318922316 35.075953264505393747
13523.130078633997982 35.068887455462615321
13523.17560924024292 35.061821711262680878
13523.221140139610725 35.054756032579582836
13523.266671334053171 35.047690420092884267
13523.312202825525674 35.04062487448766916
13523.357734615983645 35.033559396454506896
13523.403266707380681 35.026493986689480664
13523.448799101670375 35.019428645894166152
13523.494331800808141 35.012363374775645752
13523.539864806747573 35.005298174046494353
13523.585398121442267 34.998233044424779337
13523.630931746840361 34.991167986634067688
13523.676465684891809 34.984103001403411781
13523.721999937544751 34.97703808946734938
13523.767534506741868 34.969973251565889427
13523.813069394424019 34.962908488444512045
13523.858604602530249 34.955843800854168535
13523.904140132994144 34.948779189551267166
13523.94967598774565 34.941714655297651859
13523.995212168711078 34.934650198860609294
13524.040748677809461 34.927585821012847589
13524.086285516958014 34.9205215225324892
13524.131822688066677 34.913457304203056708
13524.177360193039931 34.906393166813451501
13524.222898033774982 34.899329111157953776
13524.268436212163579 34.892265138036194116
13524.313974730088376 34.885201248253139283
13524.359513589424751 34.878137442619070896
13524.405052792042625 34.871073721949578328
13524.450592339801005 34.864010087065530286
13524.496132234551624 34.856946538793046386
13524.541672478135297 34.849883077963475841
13524.587213072383747 34.842819705413397458
13524.632754019117783 34.835756421984555686
13524.678295320150937 34.828693228523867731
13524.72383697728219 34.821630125883380913
13524.769378992299607 34.814567114920244251
13524.814921366982162 34.807504196496672932
13524.860464103094273 34.800441371479934105
13524.906007202387627 34.793378640742297137
13524.95155066659936 34.786316005161012299
13524.99709449745751 34.779253465618268137
13525.04263869667011 34.772191023001155941
13525.088183265936095 34.765128678201634216
13525.133728206936212 34.758066432116486055
13525.179273521336654 34.751004285647283609
13525.224819210787246 34.743942239700331243
13525.270365276921439 34.736880295186651324
13525.315911721356315 34.729818453021906066
13525.361458545690766 34.722756714126369104
13525.407005751507313 34.715695079424882863
13525.452553340368468 34.708633549846787503
13525.498101313820371 34.701572126325892498
13525.543649673387335 34.694510809800412687
13525.589198420575485 34.687449601212911432
13525.634747556870934 34.680388501510257981
13525.680297083737969 34.673327511643563525
13525.725847002619048 34.66626663256811014
13525.77139731493844 34.659205865243315259
13525.816948022094948 34.652145210632653516
13525.862499125467366 34.645084669703791747
13525.908050626410841 34.638024243428532145
13525.953602526260511 34.630963932782726999
13525.999154826326048 34.623903738746193426
13526.044707527893479 34.616843662302670737
13526.090260632228819 34.60978370443974228
13526.135814140570801 34.602723866148750176
13526.181368054134509 34.595664148424752682
13526.226922374109563 34.588604552266417613
13526.272477101660115 34.581545078675972604
13526.318032237924854 34.574485728659119843
13526.363587784015181 34.567426503224950807
13526.409143741015214 34.560367403385868101
13526.454700109981786 34.553308430157507303
13526.500256891942627 34.546249584558644585
13526.545814087899998 34.539190867611125668
13526.591371698825242 34.532132280339766339
13526.636929725660593 34.525073823772260084
13526.682488169317367 34.518015498939099928
13526.728047030677772 34.510957306873478956
13526.773606310593095 34.503899248611183737
13526.819166009883702 34.496841325190523264
13526.864726129339033 34.489783537652215273
13526.910286669715788 34.482725887039286761
13526.955847631736106 34.475668374396981619
13527.001409016091202 34.468611000772646946
13527.046970823439551 34.46155376721563357
13527.092533054405067 34.454496674777196574
13527.138095709577101 34.447439724510381609
13527.183658789512265 34.4403829174699041
13527.229222294727151 34.433326254712063985
13527.274786225709249 34.426269737294617812
13527.32035058290603 34.419213366276665056
13527.365915366728586 34.412157142718527325
13527.411480577555267 34.405101067681648885
13527.457046215722585 34.398045142228461657
13527.502612281532492 34.390989367422278633
13527.548178775248743 34.383933744327158877
13527.593745697096892 34.376878274007786729
13527.639313047264295 34.369822957529365226
13527.68488082589829 34.362767795957466888
13527.730449033108016 34.355712790357927133
13527.776017668962595 34.34865794179669507
13527.82158673349295 34.341603251339719804
13527.867156226686348 34.334548720052822546
13527.912726148493675 34.327494349001540286
13527.958296498823984 34.320440139251026324
13528.003867277544487 34.313386091865893945
13528.049438484480561 34.306332207910081422
13528.095010119415747 34.299278488446724111
13528.095010119415747 34.299278488446724111
13528.095010119415747 34.299278488446724111
13528.095010119415747 34.299278488446724111
13528.095010119415747 34.299278488446724111
13528.095010119415747 34.299278488446724111
13528.140582182093567 34.292224934538012349
13528.186154672215707 34.285171547245049339
13528.231727589440197 34.278118327627723261
13528.277300933383231 34.271065276744558048
13528.322874703617344 34.26401239565256418
13528.36844889967324 34.256959685407110783
13528.414023521037961 34.249907147061783519
13528.459598567154899 34.242854781668221165
13528.505174037423785 34.235802590276001922
13528.550749931202517 34.228750573932465784
13528.596326247805337 34.221698733682586635
13528.64190298649919 34.21464707056882304
13528.687480146509188 34.207595585630933499
13528.733057727016785 34.200544279905834344
13528.778635727159781 34.193493154427436309
13528.82421414602868 34.18644221022650953
13528.869792982673971 34.179391448330527226
13528.915372236097028 34.172340869763530691
13528.960951905259208 34.165290475545951665
13529.006531989074574 34.158240266694484433
13529.052112486413534 34.151190244221936609
13529.097693396102841 34.144140409137072822
13529.14327471692377 34.137090762444458392
13529.188856447613944 34.130041305144324326
13529.234438586867327 34.1229920382324039
13529.280021133330592 34.115942962699797647
13529.325604085608575 34.108894079532817045
13529.371187442262453 34.101845389712842405
13529.416771201806114 34.094796894216152339
13529.462355362713424 34.087748594013810077
13529.507939923412778 34.080700490071485831
13529.553524882288912 34.073652583349321787
13529.599110237681089 34.066604874801768688
13529.644695987888554 34.059557365377443716
13529.690282131166896 34.052510056019002604
13529.73586866572623 34.045462947662983311
13529.781455589736652 34.038416041239656806
13529.827042901324603 34.031369337672892073
13529.872630598572869 34.024322837880028203
13529.918218679526035 34.01727654277172519
13529.963807142183214 34.010230453251807603
13530.00939598450168 34.003184570217158011
13530.054985204402328 33.996138894557567767
13530.100574799760579 33.989093427155602001
13530.146164768411836 33.982048168886471728
13530.191755108155121 33.975003120617891739
13530.237345816743982 33.967958283209966908
13530.282936891897407 33.96091365751505009
13530.328528331292546 33.953869244377628434
13530.374120132568351 33.946825044634188373
13530.419712293327393 33.939781059113101946
13530.465304811130409 33.932737288634498896
13530.510897683505391 33.92569373401015298
13530.556490907938496 33.918650396043354078
13530.602084481883139 33.911607275528822925
13530.647678402756355 33.904564373252554788
13530.693272667936981 33.897521689991748417
13530.73886727477111 33.890479226514685251
13530.784462220568457 33.88343698358060152
13530.830057502605996 33.876394961939624295
13530.875653118127957 33.869353162332636487
13530.921249064342192 33.862311585491191579
13530.966845338427447 33.85527023213742126
13531.012441937529729 33.848229102983943051
13531.058038858762302 33.841188198733867409
13531.103636099211144 33.834147520080719573
13531.149233655927674 33.827107067708340082
13531.194831525937843 33.820066842290813725
13531.240429706236682 33.813026844492391376
13531.286028193791935 33.805987074967390527
13531.331626985545881 33.798947534360145539
13531.377226078409876 33.791908223304922387
13531.422825469271629 33.784869142425854704
13531.468425154993383 33.77783029233685852
13531.514025132411916 33.770791673641596731
13531.55962539833854 33.763753286933400943
13531.605225949560918 33.756715132795221734
13531.650826782846707 33.749677211799557597
13531.696427894936278 33.742639524508412308
13531.742029282551812 33.7356020714732594
13531.787630942393662 33.72856485323497111
13531.833232871142172 33.721527870323782849
13531.87883506545586 33.714491123259264782
13531.924437521975051 33.707454612550257878
13531.970040237321882 33.70041833869487391
13532.0156432081003 33.693382302180431509
13532.061246430897882 33.68634650348344195
13532.10684990228583 33.679310943069573625
13532.152453618817162 33.672275621393652045
13532.198057577033978 33.665240538899602996
13532.24366177346019 33.658205696020466746
13532.289266204606974 33.651171093178369631
13532.334870866970959 33.644136730784502731
13532.380475757039676 33.637102609239143192
13532.426080871287922 33.630068728931611588
13532.471686206175946 33.623035090240293243
13532.517291758158535 33.616001693532624017
13532.562897523675929 33.608968539165104517
13532.608503499162907 33.60193562748329299
13532.654109681043337 33.594902958821840855
13532.69971606573381 33.587870533504663229
13532.745322649645459 33.580838351844960243
13532.790929429182142 33.573806414145231258
13532.836536400742261 33.566774720697274859
13532.882143560722398 33.559743271782224383
13532.927750905510038 33.55271206767055503
13532.973358431494489 33.545681108622112276
13533.018966135057781 33.53865039488614741
13533.064574012581943 33.531619926701331735
13533.110182060447187 33.524589704295784998
13533.155790275030085 33.517559727887132226
13533.20139865271085 33.510529997682503733
13533.247007189866054 33.503500513878606171
13533.292615882872269 33.496471276661736738
13533.338224728109708 33.489442286207847133
13533.383833721958581 33.482413542682564866
13533.429442860802737 33.475385046241243003
13533.475052141026026 33.468356797029031213
13533.520661559015934 33.461328795180897089
13533.566271111163587 33.454301040821682989
13533.611880793865566 33.447273534066169987
13533.657490603520273 33.440246275019120503
13533.703100536533384 33.433219263775342256
13533.748710589316033 33.426192500419737996
13533.794320758282993 33.419165985027376564
13533.83993103985631 33.412139717663535521
13533.88554143046531 33.405113698383779308
13533.931151926544771 33.398087927234008987
13533.976762524538572 33.391062404250547502
13534.022373220896043 33.384037129460175208
13534.067984012079251 33.377012102880222244
13534.113594894553898 33.369987324518625371
13534.159205864796604 33.362962794373991926
13534.20481691929308 33.355938512435677978
13534.250428054539952 33.348914478683859386
13534.296039267041124 33.341890693089588638
13534.341650553313229 33.334867155614901435
13534.387261909882 33.32784386621285222
13534.432873333284078 33.320820824827599438
13534.478484820067024 33.313798031394497912
13534.524096366791127 33.306775485840141471
13534.569707970025775 33.29975318808246243
13534.615319626354903 33.292731138030795535
13534.660931332371547 33.28570933558594902
13534.70654308468329 33.278687780640289873
13534.752154879910449 33.27166647307780778
13534.797766714684258 33.2646454127742075
13534.843378585648679 33.257624599596965709
13534.88899048946223 33.25060403340541626
13534.93460242279798 33.243583714050828348
13534.98021438233809 33.236563641376470457
13535.025826364781096 33.229543815217702729
13535.071438366840084 33.222524235402040915
13535.117050385239054 33.215504901749227429
13535.162662416718376 33.208485814071309505
13535.208274458031156 33.201466972172724468
13535.253886505945047 33.194448375850363675
13535.299498557242259 33.187430024893643576
13535.34511060800105 33.180411919195137216
13535.390722654159617 33.173394058663767225
13535.436334692549281 33.166376443065828994
13535.481946720015912 33.159359072160427218
13535.527558733423575 33.152341945699561165
13535.573170729647245 33.145325063428167311
13535.61878270557645 33.138308425084218811
13535.664394658118908 33.131292030398775239
13535.710006584193252 33.124275879096060748
13535.755618480736302 33.11725997089352802
13535.801230344695796 33.110244305501915107
13535.846842173037658 33.103228882625337803
13535.892453962740547 33.096213701961325171
13535.938065710799492 33.089198763200897702
13535.983677414224076 33.082184066028624159
13536.029289070036612 33.075169610122692632
13536.074900675275785 33.068155395154960274
13536.120512226994833 33.061141420791024359
13536.166123722261545 33.054127686690264909
13536.211735158158262 33.047114192505922858
13536.257346531781877 33.04010093788514979
13536.302957840243835 33.033087922469043463
13536.348569080670131 33.026075145892733076
13536.394180250201316 33.019062607785414798
13536.439791345992489 33.012050307770415714
13536.485402365213304 33.005038245465222246
13536.531013305046145 32.998026420481558318
13536.576624162691587 32.991014832425420877
13536.622234935359302 32.984003480897122529
13536.667845620277149 32.97699236549134838
13536.713456214685721 32.969981485797205778
13536.759066715838344 32.96297084139825273
13536.804677121004715 32.95596043187255475
13536.850287427467265 32.948950256792727487
13536.895897632522974 32.941940315725965149
13536.941507733481558 32.934930608234097349
13536.987117727667282 32.927921133873617521
13537.032727612417148 32.920911892195732662
13537.078337385084524 32.913902882746384648
13537.123947043033695 32.906894105066299971
13537.169556583643498 32.899885558691025267
13537.215166004305502 32.89287724315094863
13537.260775302425827 32.885869157971349352
13537.306384475425148 32.878861302672419242
13537.35199352073505 32.871853676769298147
13537.397602435801673 32.864846279772109483
13537.443211218083889 32.857839111185981551
13537.48881986505512 32.850832170511083064
13537.534428374199706 32.843825457242651567
13537.580036743018354 32.836818970871021861
13537.625644969022687 32.829812710881654425
13537.67125304973888 32.822806676755142519
13537.716860982705839 32.815800867967269028
13537.762468765475205 32.808795283989013569
13537.80807639561317 32.801789924286580913
13537.853683870696841 32.794784788321415192
13537.899291188317875 32.787779875550235431
13537.944898346080663 32.780775185425056861
13537.990505341602329 32.773770717393212237
13538.036112172514549 32.766766470897366048
13538.081718836461732 32.759762445375542939
13538.1273253310992 32.752758640261149026
13538.172931654100466 32.74575505498298611
13538.218537803146319 32.738751688965287201
13538.264143775935736 32.73174854162771652
13538.30974957017861 32.724745612385405025
13538.355355183597567 32.717742900648957516
13538.400960613931602 32.710740405824473953
13538.446565858928807 32.703738127313592088
13538.492170916355462 32.696736064513466147
13538.537775783988764 32.68973421681681657
13538.583380459618638 32.682732583611937116
13538.628984941051385 32.675731164282709074
13538.674589226104217 32.668729958208636788
13538.720193312610718 32.66172896476484766
13538.765797198417204 32.654728183322106361
13538.811400881384543 32.647727613246857459
13538.857004359388156 32.640727253901218319
13538.902607630316197 32.633727104643021732
13538.94821069207137 32.626727164825815919
13538.993813542570933 32.619727433798900051
13539.039416179748514 32.612727910907331363
13539.085018601550473 32.605728595491946464
13539.130620805937724 32.598729486889396867
13539.17622279088755 32.591730584432156093
13539.221824554389968 32.584731887448548093
13539.267426094453185 32.577733395262761462
13539.313027409096321 32.570735107194877855
13539.358628496358506 32.563737022560893308
13539.40422935429342 32.556739140672746657
13539.449829980967479 32.549741460838340856
13539.495430374465286 32.542743982361550081
13539.541030532887817 32.535746704542276575
13539.586630454350598 32.528749626676457751
13539.632230136985527 32.521752748056087512
13539.677829578942692 32.514756067969251774
13539.723428778386733 32.507759585700163996
13539.769027733500479 32.500763300529179389
13539.814626442481313 32.493767211732830447
13539.860224903546623 32.486771318583855361
13539.905823114930172 32.479775620351233556
13539.951421074882091 32.472780116300206998
13539.997018781670704 32.465784805692322834
13540.042616233582521 32.458789687785461808
13540.088213428920426 32.451794761833866687
13540.13381036600731 32.444800027088191996
13540.179407043182437 32.437805482795532441
13540.225003458805077 32.430811128199451332
13540.270599611252692 32.423816962540023212
13540.316195498920933 32.416822985053883599
13540.361791120225462 32.409829194974250299
13540.407386473598308 32.402835591530973147
13540.452981557493331 32.395842173950576637
13540.498576370384399 32.388848941456295449
13540.544170910763569 32.381855893268117086
13540.589765177141089 32.37486302860283871
13540.635359168050854 32.367870346674095572
13540.68095288204313 32.360877846692417847
13540.726546317691827 32.353885527865273275
13540.77213947358905 32.346893389397109786
13540.817732348348727 32.339901430489412348
13540.863324940604798 32.3329096503407456
13540.90891724901303 32.325918048146817796
13540.954509272249197 32.318926623100502127
13541.000101009010905 32.311935374391929088
13541.045692458015765 32.304944301208507795
13541.091283618005036 32.297953402734997042
13541.136874487741807 32.290962678153540821
13541.182465066009172 32.283972126643760703
13541.228055351613875 32.276981747382770038
13541.273645343382668 32.269991539545252124
13541.31923504016595 32.263001502303531254
13541.364824440837765 32.256011634827608248
13541.410413544292169 32.249021936285231504
13541.456002349446862 32.242032405841953846
13541.501590855243194 32.235043042661210677
13541.547179060644339 32.228053845904348407
13541.592766964637121 32.221064814730695502
13541.63835456623201 32.214075948297406171
13541.683941864463122 32.207087245759510097
13541.72952885839004 32.200098706269940863
13541.775115547097812 32.193110328979621215
13541.820701929695133 32.186122113037427539
13541.866288005317983 32.179134057590232487
13541.911873773124171 32.172146161783004459
13541.957459232300607 32.16515842475883602
13542.003044382057851 32.158170845659036274
13542.048629221631927 32.151183423623180602
13542.094213750286144 32.144196157789203028
13542.139797967307459 32.137209047293445963
13542.185381872010112 32.13022209127072415
13542.23096546373381 32.123235288854417036
13542.276548741845545 32.116248639176511404
13542.322131705735956 32.109262141367707954
13542.367714354822965 32.102275794557449728
13542.413296688549963 32.095289597874028686
13542.458878706387623 32.088303550444642553
13542.504460407833903 32.081317651395465873
13542.550041792408592 32.074331899851721062
13542.595622859662399 32.067346294937763673
13542.641203609169679 32.060360835777146349
13542.686784040532075 32.05337552149268987
13542.732364153376693 32.046390351206568425
13542.777943947357926 32.039405324040359346
13542.823523422155631 32.032420439115149691
13542.869102577476951 32.02543569555158598
13542.914681413054495 32.018451092469952357
13542.960259928644518 32.011466628990262961
13543.005838124034199 32.004482304232304557
13543.051415999034361 31.997498117315743116
13543.096993553479479 31.990514067360173556
13543.142570787234945 31.983530153485212111
13543.188147700187983 31.97654637481056028
13543.233724292254919 31.969562730456079436
13543.279300563373909 31.96257921954186898
13543.324876513512208 31.955595841188340955
13543.370452142662543 31.948612594516291097
13543.416027450841284 31.941629478646969886
13543.461602438090267 31.934646492702167819
13543.507177104478615 31.927663635804275799
13543.552751450099095 31.920680907076363297
13543.598325475069942 31.913698305642249409
13543.643899179533037 31.906715830626584562
13543.689472563659365 31.899733481154907366
13543.73504562763992 31.892751256353733424
13543.780618371691162 31.885769155350608628
13543.826190796056835 31.878787177274197973
13543.871762901000693 31.871805321254342402
13543.917334686813774 31.86482358642213697
13543.962906153810763 31.857841971910001888
13544.008477302329993 31.850860476851742931
13544.054048132731623 31.84387910038263314
13544.099618645401279 31.836897841639466122
13544.145188840748233 31.829916699760637755
13544.190758719201767 31.822935673886203034
13544.236328281218448 31.815954763157954233
13544.281897527273031 31.808973966719470639
13544.327466457865739 31.801993283716200267
13544.373035073518622 31.795012713295516704
13544.418603374775557 31.788032254606779503
13544.464171362202251 31.781051906801408791
13544.509739036386236 31.774071669032938559
13544.555306397935055 31.767091540457080612
13544.600873447479898 31.760111520231788518
13544.646440185671963 31.753131607517318002
13544.692006613182457 31.746151801476287346
13544.737572730702595 31.739172101273730675
13544.783138538947242 31.732192506077165461
13544.828704038647629 31.72521301505663871
13544.874269230555001 31.718233627384801565
13544.919834115444246 31.711254342236944836
13544.965398694104806 31.704275158791066502
13545.010962967346131 31.697296076227924999
13545.0565269359995 31.690317093731092513
13545.102090600910742 31.683338210487001163
13545.147653962945697 31.676359425685006954
13545.193217022990211 31.669380738517432405
13545.238779781942867 31.662402148179612738
13545.284342240725891 31.655423653869956269
13545.329904400272426 31.648445254789983494
13545.37546626153744 31.641466950144380377
13545.421027825490455 31.634488739141037428
13545.466589093117364 31.627510620991102996
13545.512150065420428 31.620532594909029456
13545.557710743418284 31.613554660112605177
13545.603271128144115 31.60657681582300782
13545.648831220645661 31.599599061264843414
13545.69439102198703 31.592621395666188988
13545.739950533246883 31.585643818258624549
13545.785509755518433 31.578666328277286368
13545.831068689907625 31.571688924960888301
13545.876627337534956 31.564711607551778627
13545.922185699533657 31.557734375295957818
13545.96774377705151 31.550757227443121167
13546.013301571249031 31.54378016324670142
13546.058859083299467 31.536803181963890097
13546.1044163143888 31.529826282855673014
13546.149973265712106 31.522849465186869367
13546.195529938479012 31.515872728226153043
13546.241086333910062 31.508896071246088155
13546.286642453236709 31.501919493523157456
13546.332198297701325 31.494942994337790765
13546.377753868557193 31.487966572974386281
13546.423309167066691 31.480990228721346114
13546.468864194503112 31.474013960871094042
13546.514418952150663 31.467037768720103941
13546.559973441300826 31.460061651568924646
13546.605527663254179 31.453085608722194166
13546.651081619322213 31.446109639488675214
13546.696635310823694 31.439133743181265856
13546.742188739086487 31.432157919117020839
13546.787741905443909 31.425182166617172896
13546.833294811240194 31.418206485007150519
13546.878847457825032 31.411230873616595716
13546.924399846555389 31.404255331779378224
13546.969951978797326 31.397279858833485378
13547.015503855922361 31.390304454120986577
13547.061055479312927 31.383329116988047502
13547.106606850355092 31.376353846784944324
13547.152157970444023 31.369378642866085016
13547.19770884098034 31.362403504590027126
13547.243259463371942 31.355428431319488425
13547.288809839032183 31.348453422421357573
13547.334359969381694 31.341478477266708325
13547.379909855844744 31.334503595230813744
13547.425459499851058 31.327528775693156859
13547.471008902837639 31.320554018037441324
13547.516558066243306 31.313579321651594967
13547.562106991512337 31.306604685927794662
13547.607655680092648 31.299630110262455673
13547.653204133437612 31.292655594056252966
13547.698752353002419 31.285681136714117656
13547.744300340247719 31.278706737645258329
13547.789848096634159 31.27173239626315393
13547.835395623627846 31.264758111985560873
13547.880942922696704 31.257783884234523697
13547.926489995308657 31.250809712436371512
13547.972036842937086 31.243835596021728662
13548.017583467057193 31.236861534425511167
13548.063129869142358 31.229887527086933829
13548.108676050669601 31.222913573449510238
13548.154222013115941 31.215939672961049212
13548.199767757960217 31.208965825073669009
13548.245313286681267 31.201992029243779569
13548.290858600757929 31.195018284932096719
13548.336403701669042 31.188044591603631517
13548.381948590895263 31.181070948727693803
13548.427493269913612 31.174097355777892204
13548.473037740201107 31.16712381223212347
13548.518582003234769 31.160150317572579581
13548.564126060491617 31.153176871285737093
13548.609669913445032 31.146203472862360684
13548.655213563566576 31.139230121797488948
13548.700757012327813 31.132256817590434395
13548.746300261198485 31.125283559744786999
13548.791843311644698 31.11831034776839644
13548.837386165128919 31.111337181173368549
13548.882928823113616 31.10436405947606886
13548.928471287057619 31.097390982197104847
13548.974013558416118 31.090417948861322373
13549.019555638640668 31.083444958997802132
13549.065097529179184 31.076472012139848999
13549.110639231475943 31.069499107824984918
13549.156180746971586 31.062526245594938246
13549.201722077103113 31.055553424995640199
13549.247263223303889 31.048580645577210646
13549.292804187000002 31.041607906893958102
13549.3383449696139 31.034635208504358417
13549.383885572564395 31.027662549971054773
13549.429425997263024 31.020689930860839922
13549.474966245117685 31.013717350744656187
13549.520506317530817 31.006744809197574142
13549.566046215897586 30.999772305798718008
13549.611585941611338 30.992799840131024069
13549.657125496061781 30.985827411781215801
13549.702664880631346 30.978855020339786108
13549.748204096698828 30.97188266540099022
13549.793743145641201 30.964910346562824373
13549.839282028826347 30.957938063427015152
13549.884820747620324 30.950965815598998176
13549.930359303383739 30.943993602687914546
13549.975897697471737 30.93702142430658597
13550.021435931234009 30.930049280071504114
13550.06697400601297 30.92307716960281283
13550.112511923149214 30.916105092524293951
13550.158049683974241 30.909133048463353077
13550.203587289815914 30.90216103705099826
13550.249124741994819 30.895189057921829345
13550.294662041827905 30.888217110714023761
13550.340199190621206 30.881245195069311649
13550.385736189678937 30.874273310632968759
13550.431273040296219 30.867301457053748948
13550.476809743764534 30.860329633983830888
13550.522346301366269 30.8533578410787932
13550.567882714378356 30.846386077997603792
13550.613418984070449 30.839414344402602097
13550.658955111706746 30.832442639959481312
13550.704491098544167 30.825470964337281288
13550.75002694583236 30.818499317208356558
13550.795562654813693 30.811527698248372786
13550.841098226723261 30.804556107136289
13550.8866336627907 30.797584543554332726
13550.932168964234734 30.790613007187992878
13550.977704132270446 30.783641497725998448
13551.023239168103828 30.776670014860307845
13551.068774072931774 30.769698558286087575
13551.114308847945722 30.762727127701694485
13551.159843494328015 30.755755722808665098
13551.205378013253721 30.7487843433116943
13551.250912405888812 30.741812988918603367
13551.296446673395621 30.73484165934019785
13551.34198081692557 30.727870354290232058
13551.387514837626441 30.720899073485398389
13551.433048736638739 30.713927816645320235
13551.478582515095695 30.706956583492534207
13551.524116174125083 30.699985373752479489
13551.569649714843763 30.693014187153483618
13551.615183138364955 30.686043023426755383
13551.660716445792787 30.679071882306363506
13551.706249638224108 30.672100763529233092
13551.751782716748494 30.665129666835134969
13551.797315682448243 30.658158591966660822
13551.842848536396559 30.65118753866922674
13551.888381279661189 30.644216506691048352
13551.933913913300785 30.63724549578313372
13551.979446438366722 30.630274505699080834
13552.0249788559031 30.623303536195003005
13552.070511166946744 30.616332587029518209
13552.11604337252902 30.609361657963727765
13552.161575473672201 30.602390748761212791
13552.207107471391282 30.595419859188009326
13552.252639366695803 30.588448989012601231
13552.298171160586207 30.581478138005902423
13552.343702854057483 30.574507305941249768
13552.389234448093703 30.56753649259438177
13552.434765943673483 30.560565697743427904
13552.480297341768164 30.553594921168901521
13552.525828643339992 30.546624162653678525
13552.571359849343935 30.539653421982990267
13552.616890960727687 30.532682698944402233
13552.662421978431667 30.52571199332781049
13552.707952903385376 30.518741304925427471
13552.753483736511043 30.511770633531764219
13552.799014478725439 30.504799978943623273
13552.844545130934421 30.497829340960009858
13552.890075694040206 30.49085871938186898
13552.935606168939557 30.483888114012046344
13552.981136556525598 30.476917524655277703
13553.026666857682358 30.469946951118167533
13553.072197073293864 30.462976393209185488
13553.117727204235052 30.456005850738634422
13553.163257251377217 30.449035323518611307
13553.208787215588018 30.442064811362978816
13553.254317097727835 30.435094314087347556
13553.299846898657051 30.428123831509065411
13553.345376619226954 30.421153363447203333
13553.390906260285192 30.414182909722541126
13553.436435822675776 30.407212470157556794
13553.481965307239079 30.400242044576415879
13553.52749471480638 30.393271632804950144
13553.573024046208957 30.386301234670650473
13553.618553302270811 30.379330850002652653
13553.664082483810489 30.372360478631726721
13553.709611591642897 30.365390120390266304
13553.755140626577486 30.358419775112270855
13553.800669589418249 30.351449442633334996
13553.846198480965541 30.344479122790637859
13553.891727302012441 30.337508815422935982
13553.937256053350211 30.330538520370541988
13553.982784735762834 30.323568237475321041
13554.028313350030658 30.316597966580673074
13554.073841896926751 30.309627707531557661
13554.119370377224186 30.302657460174714288
13554.164898791690575 30.29568722435869077
13554.210427141089895 30.288716999933832597
13554.255955426186119 30.281746786752272271
13554.301483647739587 30.27477658466791155
13554.347011806505179 30.267806393536385912
13554.392539903235956 30.26083621321505035
13554.438067938683162 30.253866043562968713
13554.483595913594399 30.246895884440899493
13554.529123828711818 30.239925735711281618
13554.574651684777564 30.232955597238223788
13554.620179482528329 30.225985468887500929
13554.665707222697165 30.21901535052653287
13554.711234906015306 30.212045242024380798
13554.75676253320853 30.205075143251729486
13554.802290105000793 30.198105054080880194
13554.847817622112416 30.191134974385743561
13554.893345085258261 30.184164904041821842
13554.938872495151372 30.177194842926205354
13554.984399852501156 30.170224790917561819
13555.029927158009741 30.163254747896118602
13555.075454412379258 30.156284713743659154
13555.120981616306381 30.149314688343515911
13555.166508770484143 30.142344671580552529
13555.212035875601941 30.135374663341163881
13555.257562932341898 30.128404663513258299
13555.303089941386133 30.121434671986254017
13555.348616903411312 30.114464688651064961
13555.394143819086821 30.107494713400097197
13555.43967068908205 30.100524746127241826
13555.485197514059109 30.093554786727853667
13555.530724294678294 30.086584835098761914
13555.576251031592619 30.079614891138241717
13555.621777725451466 30.072644954746024837
13555.667304376898755 30.06567502582327478
13555.712830986576591 30.058705104272590347
13555.758357555119801 30.051735189997994979
13555.803884083159573 30.044765282904926096
13555.849410571319822 30.037795382900231544
13555.894937020222642 30.030825489892158942
13555.94046343048467 30.02385560379035212
13555.985989802717086 30.016885724505840471
13556.031516137523795 30.00991585195103184
13556.077042435506883 30.002945986039712523
13556.122568697262977 29.995976126687029506
13556.168094923381432 29.989006273809494019
13556.213621114446141 29.98203642732496732
13556.259147271037364 29.975066587152664255
13556.3046733937299 29.968096753213131933
13556.350199483093093 29.961126925428260392
13556.39572553968901 29.954157103721264832
13556.441251564076083 29.947187288016685613
13556.486777556807283 29.940217478240384708
13556.532303518428307 29.933247674319527931
13556.577829449479395 29.926277876182656001
13556.623355350498969 29.919308083759908357
13556.668881222027267 29.912338296983168817
13556.714407064606348 29.905368515786062034
13556.759932878778272 29.89839874010394638
13556.805458665090555 29.891428969873913957
13556.85098442409253 29.884459205034779927
13556.896510156333534 29.877489445527093181
13556.942035862368357 29.870519691293139886
13556.987561542759067 29.86354994227673032
13557.033087198075009 29.856580198423170458
13557.07861282889462 29.849610459679247754
13557.124138435799978 29.842640725993231143
13557.169664019382253 29.835670997314867492
13557.215189580238075 29.828701273595370935
13557.260715118973167 29.821731554787419327
13557.30624063619689 29.814761840845157792
13557.351766132524062 29.807792131724184514
13557.397291608580417 29.800822427381550739
13557.442817064993505 29.793852727775753664
13557.488342502398154 29.78688303286673289
13557.533867921432829 29.77991334261587042
13557.579393322745091 29.772943656985987104
13557.624918706986136 29.765973975941331986
13557.670444074810803 29.759004299447582298
13557.715969426881202 29.752034627471843464
13557.761494763863084 29.745064959982645547
13557.807020086427656 29.738095296949936142
13557.852545395251582 29.731125638345076823
13557.898070691013345 29.72415598414083604
13557.943595974398704 29.717186334311350038
13557.989121246098875 29.710216688832129961
13558.034646506806894 29.703247047680054749
13558.080171757224889 29.696277410833374688
13558.125696998054991 29.689307778271700755
13558.171222230006606 29.682338149976011721
13558.216747453790958 29.675368525928650598
13558.26227267012473 29.668398906113324642
13558.307797879728241 29.661429290515098245
13558.353323083325449 29.654459679120396487
13558.398848281642131 29.647490071917008692
13558.444373475411339 29.640520468894081318
13558.489898665364308 29.633550870042121517
13558.535423852237727 29.626581275352993572
13558.580949036771926 29.619611684819926012
13558.626474219707234 29.612642098437497395
13558.671999401789435 29.605672516201654076
13558.717524583764316 29.598702938109703098
13558.763049766061158 29.591733364209428458
13558.808574949374815 29.584763794509200352
13558.85410013445653 29.577794229010546445
13558.899625322061183 29.570824667716344436
13558.945150512941836 29.563855110630825607
13558.990675707857008 29.55688555775957127
13559.036200907563398 29.549916009109519877
13559.081726112819524 29.542946464688970565
13559.127251324385725 29.535976924507576058
13559.172776543022337 29.529007388576346216
13559.218301769491518 29.522037856907534348
13559.263827004555424 29.515068329514527079
13559.309352248979849 29.508098806411812376
13559.354877503530588 29.501129287614979546
13559.400402768977074 29.494159773140722791
13559.445928046088738 29.487190263006841207
13559.491453335636834 29.480220757232235229
13559.536978638392611 29.473251255836906637
13559.582503955129141 29.46628175884197276
13559.628029286619494 29.459312266269648717
13559.673554633640379 29.452342778143258073
13559.719079996964865 29.445373294487239946
13559.764605377367843 29.438403815327138346
13559.810130775626021 29.431434340689669682
13559.855656192517927 29.424464870603099342
13559.901181628825725 29.417495405097078276
13559.94670708533522 29.410525944202600357
13559.992232562835852 29.403556487951998832
13560.037758062120702 29.396587036378949875
13560.083283583988305 29.389617589518476137
13560.128809129239016 29.382648147406943195
13560.174334698675011 29.375678710082059553
13560.219860293102101 29.368709277582887296
13560.265385913331556 29.361739849949827885
13560.310911560172826 29.35477042722464347
13560.356437234442637 29.347801009450439125
13560.401962936955897 29.340831596671677062
13560.44748866853115 29.333862188934180182
13560.493014429988762 29.32689278628512497
13560.538540222152733 29.319923388773052153
13560.584066045845248 29.312953996447863148
13560.629591901892127 29.305984609360830717
13560.675117791121011 29.299015227564595421
13560.720643714359539 29.292045851113169164
13560.766169672435353 29.285076480061942306
13560.811695666177911 29.278107114467687211
13560.857221696418492 29.271137754388561802
13560.902747763988373 29.264168399884191274
13560.948273869718832 29.257199051015792435
13560.993800014442968 29.250229707846127525
13561.039326198993876 29.243260370439518425
13561.084852424206474 29.236291038861857317
13561.130378690915677 29.229321713180610232
13561.175904999954582 29.222352393464817055
13561.221431352161744 29.215383079785109288
13561.26695774837026 29.2084137722137136
13561.312484189416864 29.201444470824451827
13561.358010676136473 29.194475175692765845
13561.403537209362185 29.187505886895706908
13561.449063789930733 29.180536604511953414
13561.494590418675216 29.173567328621818007
13561.54011709642873 29.166598059307254687
13561.585643824022554 29.159628796651869465
13561.631170602287966 29.152659540740927469
13561.676697432054425 29.145690291661363602
13561.72222431415139 29.138721049501956628
13561.76775124940832 29.13175181435384431
13561.813278238658313 29.124782586310384858
13561.858805282736284 29.117813365467132058
13561.90433238247897 29.11084415192206265
13561.949859538730379 29.10387494577562606
13561.995386752334525 29.096905747130687558
13562.040914024142694 29.089936556092546027
13562.086441355007992 29.082967372768944614
13562.131968745788981 29.075998197270084944
13562.177496197346045 29.069029029708733702
13562.22302371054684 29.062059870200425138
13562.268551286260845 29.05509071886340422
13562.314078925364811 29.0481215758187723
13562.359606628744586 29.041152441190362765
13562.405134397298752 29.034183315104474588
13562.450662231936803 29.027214197689815478
13562.496190133584605 29.020245089077313594
13562.541718103180756 29.013275989400121091
13562.587246141678406 29.00630689879362123
13562.632774250045259 28.999337817395446137
13562.678302429261748 28.992368745345491021
13562.723830680322862 28.985399682785935482
13562.76935900423814 28.978430629861243517
13562.814887402029854 28.971461586718199044
13562.860415874733008 28.964492553505905903
13562.905944423397159 28.957523530375958387
13562.951473049086417 28.950554517482672168
13562.997001752883079 28.943585514982984819
13563.042530535882179 28.936616523036441606
13563.088059399196936 28.929647541805135091
13563.133588343956944 28.922678571453552365
13563.179117371311804 28.915709612148553731
13563.224646482427488 28.90874066405937981
13563.270175678488158 28.901771727357669306
13563.315704960696166 28.894802802217473214
13563.361234330268417 28.887833888815272587
13563.406763788443641 28.880864987329989191
13563.452293336475122 28.873896097943006822
13563.497822975632516 28.866927220838189072
13563.543352707205486 28.859958356201886431
13563.588882532500065 28.852989504222964712
13563.634412452836841 28.846020665092812152
13563.679942469556408 28.839051839005364286
13563.725472584015733 28.832083026157121708
13563.771002797586334 28.825114226747157176
13563.816533111659737 28.818145440977151139
13563.862063527640203 28.811176669051395294
13563.907594046951999 28.804207911176824553
13563.953124671035766 28.797239167563020601
13563.998655401346696 28.790270438422250976
13564.044186239358169 28.783301723969607622
13564.089717186565395 28.776333024422950047
13564.135248244483591 28.769364340002720581
13564.180779414649805 28.762395670931976355
13564.226310698624729 28.755427017436407056
13564.271842097985427 28.74845837974435625
13564.317373614334429 28.741489758086846251
13564.362905249292453 28.734521152697602986
13564.408437004502048 28.727552563813077313
13564.453968881627588 28.720583991672469892
13564.499500882353459 28.713615436517756052
13564.545033008384053 28.706646898593707107
13564.590565261443771 28.699678378147922331
13564.636097643278845 28.692709875430846722
13564.681630155655512 28.685741390695802977
13564.72716280036002 28.678772924199016359
13564.772695579198626 28.671804476199636014
13564.818228493999413 28.664836046959766946
13564.863761546606838 28.657867636744501993
13564.909294738887183 28.650899245821936034
13564.95482807272856 28.643930874463208625
13565.00036155003545 28.636962522942525311
13565.045895172734163 28.629994191537182502
13565.091428942771017 28.623025880527606546
13565.136962862110522 28.616057590197382154
13565.182496932739014 28.609089320833458459
13565.228031156662837 28.602121072726497175
13565.273565535915623 28.595152846171167482
13565.319100072556466 28.588184641465922198
13565.364634768673568 28.581216458913029754
13565.410169626378774 28.574248298818609726
13565.455704647813036 28.567280161492654145
13565.501239835144588 28.560312047249073686
13565.546775190565313 28.55334395640572609
13565.592310716298016 28.546375889284771432
13565.637846414592786 28.539407846212654363
13565.683382287736094 28.532439827519983311
13565.728918338041694 28.525471833541569566
13565.774454567857902 28.518503864616455701
13565.819990979562135 28.511535921087954648
13565.865527575562737 28.504568003303685231
13565.911064358300791 28.497600111615604135
13565.956601330248304 28.490632246380080517
13566.002138493908205 28.483664407958105613
13566.047675851816166 28.4766965967153034
13566.09321340653878 28.469728813022026515
13566.13875116068084 28.462761057253263886
13566.1842891168817 28.455793329788516388
13566.229827277818913 28.448825631011821713
13566.275365646202772 28.441857961311804104
13566.320904224785409 28.434890321081713438
13566.366443016349876 28.427922710719464305
13566.411982023715609 28.420955130627685747
13566.457521249740239 28.413987581213753231
13566.503060697315959 28.407020062889845491
13566.548600369369524 28.40005257607298006
13566.594140268862247 28.393085121185055897
13566.639680398793644 28.386117698652906682
13566.685220762195968 28.379150308908339895
13566.730761362137855 28.37218295238818655
13566.776302201720682 28.365215629534347386
13566.821843284082206 28.358248340793913655
13566.867384612398382 28.351281086619490424
13566.912926189879727 28.344313867469288937
13566.958468019776774 28.337346683806991621
13567.004010105383713 28.330379536101776949
13567.049552450029296 28.323412424828358525
13567.095095057085928 28.316445350467041919
13567.140637929964214 28.309478313503774416
13567.186181072114778 28.302511314430184086
13567.231724487028259 28.29554435374364374
13567.277268178233498 28.288577431947288687
13567.32281214930299 28.281610549550062927
13567.368356403847429 28.274643707066758225
13567.413900945517526 28.267676905018067401
13567.45944577800401 28.260710143930637628
13567.504990905039449 28.253743424337130818
13567.550536330394607 28.246776746776266265
13567.596082057883905 28.239810111792884584
13567.641628091358143 28.232843519937997456
13567.687174434711778 28.225876971768851575
13567.732721091877465 28.218910467848981938
13567.778268066831515 28.211944008748293555
13567.823815363588437 28.204977595043320804
13567.869362986206397 28.198011227317245186
13567.914910938785397 28.191044906159952177
13567.960459225469094 28.184078632168088063
13568.006007850439346 28.177112405945127449
13568.051556817925302 28.17014622810143365
13568.097106132196132 28.163180099254322641
13568.142655797562838 28.156214020028134115
13568.188205818381903 28.149247991054295426
13568.233756199051641 28.142282012971378435
13568.279306944012205 28.135316086425184778
13568.324858057749225 28.128350212068795599
13568.370409544790164 28.121384390562649713
13568.415961409706142 28.114418622574611106
13568.461513657113755 28.107452908780036438
13568.507066291671435 28.100487249861846095
13568.552619318083089 28.093521646510591694
13568.598172741098097 28.086556099424534239
13568.643726565505858 28.079590609309708071
13568.689280796144885 28.072625176879999032
13568.734835437899164 28.065659802857219063
13568.780390495694519 28.058694487971266085
13568.825945974509523 28.051729232960045834
13568.871501879370044 28.044764038569503839
13568.917058215349243 28.037798905553703577
13568.962614987571214 28.030833834674893978
13569.008172201209163 28.023868826703587587
13569.053729861487227 28.016903882418631611
13569.099287973676837 28.009939002607282532
13569.144846543103995 28.002974188065280714
13569.190405575141995 27.996009439596964086
13569.235965075218701 27.98904475801545999
13569.28152504881291 27.982080144142724265
13569.327085501456168 27.975115598809622952
13569.372646438732772 27.968151122855999802
13569.418207866285229 27.961186717130914303
13569.463769789810613 27.954222382492638133
13569.509332215066024 27.947258119808598309
13569.554895147866773 27.940293929955448249
13569.600458594090014 27.933329813819163689
13569.646022559669291 27.92636577229511019
13569.691587050601811 27.919401806288171031
13569.737152072944809 27.912437916712807606
13569.782717632815547 27.905474104493151799
13569.828283736393132 27.898510370563091243
13569.873850389918516 27.891546715866340378
13569.919417599696317 27.884583141356536373
13569.964985372094816 27.877619647997306629
13570.010553713542322 27.870656236762439306
13570.056122630536265 27.863692908636181755
13570.101692129639559 27.856729664613194331
13570.147262217482421 27.849766505698635655
13570.192832900764188 27.842803432908240779
13570.238404186253319 27.835840447268573428
13570.283976080789216 27.828877549817203629
13570.329548591285857 27.821914741602714827
13570.375121724729979 27.814952023684792692
13570.420695488186539 27.807989397134303289
13570.46626988879143 27.801026863033388992
13570.511844933760585 27.794064422475567966
13570.557420630384513 27.78710207656580522
13570.60299698603194 27.78013982642062274
13570.648574008151627 27.773177673168174096
13570.694151704270553 27.766215617948340366
13570.739730081995731 27.759253661912826061
13570.785309149014211 27.752291806225237281
13570.830888913094896 27.745330052061181192
13570.876469382090363 27.738368400608351294
13570.922050563935045 27.731406853066619789
13570.967632466648865 27.724445410648151267
13571.013215098340879 27.717484074577395603
13571.058798467207453 27.710522846091127036
13571.104382581535901 27.703561726438554302
13571.14996744970631 27.696600716881807358
13571.195553080196987 27.689639818695848561
13571.24113948158265 27.682679033168440696
13571.286726662538058 27.675718361600218032
13571.332314631841655 27.668757805304778685
13571.377903398368289 27.661797365608752131
13571.423492971100131 27.65483704385193775
13571.469083359123033 27.647876841387311941
13571.514674571628348 27.640916759581234174
13571.560266617914749 27.633956799813663707
13571.605859507393689 27.626996963478568148
13571.651453249589395 27.6200372519838524
13571.697047854142511 27.613077666751379979
13571.742643330810097 27.606118209217044068
13571.788239689465627 27.599158880830827911
13571.833836940102628 27.592199683056868764
13571.879435092834683 27.585240617373528949
13571.925034157895425 27.578281685273449142
13571.970634145640361 27.571322888263608775
13572.016235066548688 27.564364227865386425
13572.061836931225116 27.557405705614616664
13572.107439750399863 27.550447323061646898
13572.153043534930475 27.543489081771383553
13572.19864829580365 27.536530983323356025
13572.244254044135232 27.529573029311759313
13572.289860791173851 27.522615221345539283
13572.33546854830638 27.515657561048403323
13572.381077327056119 27.508700050058603637
13572.426687139090063 27.501742690028979865
13572.472297996215275 27.494785482626991069
13572.517909910386152 27.487828429534769015
13572.563522893698973 27.480871532449139494
13572.609136958400995 27.473914793081668506
13572.654752116886812 27.466958213158690683
13572.700368381701992 27.460001794421341259
13572.745985765544901 27.453045538625580946
13572.791604281268519 27.446089447542224349
13572.837223941884076 27.439133522956957734
13572.882844760557418 27.432177766670363894
13572.928466750618099 27.425222180497929259
13572.974089925557564 27.418266766270061652
13573.019714299030966 27.411311525832203984
13573.065339884864443 27.404356461045058069
13573.110966697058757 27.397401573784311068
13573.156594749791111 27.390446865940624832
13573.202224057415151 27.383492339419625239
13573.24785463446824 27.376537996141902198
13573.29348649566964 27.369583838042995438
13573.33911965592597 27.362629867073344769
13573.38475413033666 27.355676085198194158
13573.430389934190316 27.348722494397570415
13573.476027082973815 27.341769096666300953
13573.52166559237412 27.33481589401401024
13573.567305478280105 27.327862888464945712
13573.612946756789825 27.320910082057931589
13573.658589444208701 27.313957476846322692
13573.658589444208701 27.313957476846322692
13573.658589444208701 27.313957476846322692
13573.658589444208701 27.313957476846322692
13573.658589444208701 27.313957476846322692
13573.658589444208701 27.313957476846322692
13573.704233557058615 27.307005074897958252
13573.749879112074268 27.300052878295101522
13573.795526126210461 27.293100889134393583
13573.841174616643912 27.286149109526778744
13573.886824600778709 27.279197541597440591
13573.932476096249957 27.272246187485727376
13573.978129120921949 27.265295049345070311
13574.023783692900906 27.258344129342898299
13574.069439830529518 27.251393429660545564
13574.115097552397856 27.24444295249315573
13574.160756877345193 27.237492700049575234
13574.206417824463642 27.230542674552246751
13574.252080413103613 27.223592878237095505
13574.297744662877449 27.216643313353397815
13574.343410593663066 27.209693982163660309
13574.389078225611229 27.202744886943481362
13574.434747579149189 27.195796029981440967
13574.480418674987959 27.188847413579011913
13574.526091534127772 27.181899040050275573
13574.571766177863537 27.174950911721747815
13574.617442627788478 27.168003030932268871
13574.663120905806863 27.161055400032861229
13574.708801034130374 27.154108021386537786
13574.75448303529447 27.147160897368088683
13574.800166932154752 27.140214030363889464
13574.845852747901517 27.133267422771687905
13574.891540506061574 27.126321077000369542
13574.93723023050552 27.119374995469737399
13574.982921945458656 27.112429180610270407
13575.028615675504625 27.105483634862967079
13575.074311445594503 27.098538360679317094
13575.1200092810559 27.091593360520946021
13575.165709207602049 27.084648636859324
13575.211411251339086 27.077704192175474418
13575.257115438773326 27.070760028959679033
13575.302821796820353 27.063816149711158232
13575.348530352815942 27.056872556937754837
13575.394241134523327 27.049929253155607256
13575.4399541701423 27.042986240888801319
13575.485669488321946 27.036043522669011452
13575.531387118167913 27.029101101035141852
13575.577107089253332 27.02215897853294635
13575.622829431629725 27.015217157714630503
13575.668554175839745 27.008275641138556722
13575.714281352929902 27.001334431369016897
13575.760010994459662 26.994393530975642648
13575.805743132519638 26.987452942532957678
13575.851477799742497 26.980512668619926586
13575.897215029312065 26.973572711819588932
13575.942954854983327 26.96663307471897042
13575.988697311096985 26.95969375990839012
13576.034442432592186 26.952754769980906246
13576.080190255024718 26.945816107531758377
13576.125940814577916 26.938877775157791916
13576.171694148084498 26.93193977545692519
13576.217450293035654 26.925002111027620089
13576.263209287601057 26.918064784468235473
13576.308971170650693 26.911127798376398346
13576.354735981763952 26.904191155348385678
13576.400503761255095 26.897254857978840192
13576.446274550191447 26.890318908860130875
13576.492048390413402 26.883383310581578485
13576.537825324552614 26.876448065728741454
13576.583605396057465 26.869513176882705352
13576.629388649205794 26.862578646619340361
13576.675175129135823 26.855644477508548107
13576.72096488185889 26.848710672113476505
13576.76675795429037 26.84177723298971685
13576.812554394269682 26.834844162684476032
13576.858354250582124 26.827911463735745201
13576.904157572991608 26.820979138671436459
13576.94996441226067 26.814047190008711397
13576.995774820179577 26.807115620253043176
13577.041588849597247 26.800184431897250192
13577.087406554448535 26.793253627420494212
13577.133227989786974 26.786323209287122182
13577.17905321181388 26.779393179945643055
13577.224882277907454 26.772463541827679734
13577.270715246662803 26.765534297346999182
13577.316552177917401 26.758605448898414636
13577.362393132789293 26.751676998856627421
13577.40823817371529 26.744748949575058106
13577.454087364485531 26.737821303384723848
13577.499940770287139 26.730894062592760463
13577.545798457740602 26.723967229481051078
13577.591660494941607 26.717040806304908074
13577.637526951504697 26.710114795291730161
13577.683397898603289 26.703189198639609714
13577.729273409016969 26.696264018515908134
13577.775153557173326 26.689339257055820553
13577.821038419200704 26.682414916361025803
13577.866928072977316 26.675490998498002426
13577.912822598180355 26.668567505496412195
13577.958722076338745 26.661644439347444546
13578.00462659088771 26.654721802002125486
13578.050536227223347 26.647799595369580317
13578.096451072762648 26.640877821315314122
13578.142371216998072 26.633956481659364357
13578.188296751564849 26.627035578174393038
13578.234227770301004 26.6201151125837292
13578.280164369312843 26.613195086559350955
13578.326106647040433 26.606275501719817811
13578.372054704332186 26.599356359628135493
13578.418008644512156 26.592437661789546155
13578.463968573456441 26.585519409649261746
13578.509934599671396 26.578601604590126328
13578.555906834370035 26.571684247930196676
13578.601885391553878 26.564767340920262484
13578.647870388100273 26.557850884741270647
13578.693861943851516 26.550934880501678492
13578.739860181696713 26.544019329234718185
13578.785865227677277 26.537104231895579431
13578.831877211072424 26.530189589358492697
13578.877896264506489 26.523275402413720059
13578.923922524050795 26.516361671764446584
13578.969956129327329 26.509448398023575777
13579.015997223621525 26.502535581710397139
13579.062045953995039 26.495623223247175559
13579.108102471407619 26.488711322955587946
13579.154166930833526 26.48179988105306748
13579.200239491390676 26.47488889764900577
13579.246320316471611 26.467978372740837756
13579.292409573876284 26.461068306209970302
13579.338507435955762 26.454158697817589996
13579.384614079750463 26.447249547200300412
13579.430729687142957 26.440340853865627935
13579.476854445014396 26.433432617187346381
13579.522988545402768 26.426524836400648866
13579.569132185664785 26.419617510597127819
13579.615285568654144 26.412710638719591572
13579.661448902890697 26.405804219556671342
13579.70762240275144 26.398898251737350051
13579.753806288661508 26.391992733725277986
13579.80000078728699 26.38508766381248094
13579.846206131747749 26.378183040113125202
13579.89242256181933 26.371278860557023194
13579.938650324156697 26.364375122882915292
13579.984889672517966 26.357471824631481638
13580.031140867995418 26.350568963138087497
13580.077404179262885 26.343666535525244399
13580.123679882819488 26.336764538694783511
13580.169968263255214 26.329862969319709265
13580.216269613518307 26.322961823835854034
13580.262584235191753 26.316061098433220167
13580.308912438784319 26.309160789046782014
13580.355254544028867 26.302260891346943339
13580.401610880195221 26.295361400729632351
13580.447981786403034 26.288462312306016599
13580.494367611963753 26.281563620891756017
13580.540768716717139 26.274665320995808315
13580.58718547139506 26.267767406808790298
13580.633618257987109 26.260869872190824026
13580.680067470126232 26.253972710658899814
13580.726533513487084 26.247075915373685007
13580.773016806195301 26.240179479125796291
13580.819517779258604 26.233283394321471604
13580.866036877006991 26.226387652967638076
13580.912574557556582 26.219492246656333378
13580.959131293282553 26.212597166548519567
13581.005707571317544 26.205702403357399533
13581.052303894064607 26.198807947330632118
13581.09892077972836 26.191913788231978799
13581.145558762871588 26.185019915322012451
13581.192218394993688 26.178126317337770956
13581.238900245114564 26.171232982471757111
13581.285604900400358 26.164339898350025493
13581.332332966798276 26.157447052009281663
13581.379085069700523 26.15055442987302925
13581.425861854631876 26.14366201772654108
13581.47266398796819 26.136769800690704102
13581.519492157676723 26.129877763194727436
13581.566347074081932 26.122985888947667377
13581.613229470671286 26.116094160908605915
13581.660140104913808 26.109202561255493436
13581.707079759131375 26.102311071352591654
13581.754049241382745 26.095419671716431509
13581.80104938639488 26.088528341980211422
13581.848081056525189 26.081637060856575516
13581.8951451427547 26.074745806098690082
13581.942242565732158 26.067854554459604088
13581.989374276847229 26.060963281649875967
13582.036541259347359 26.054071962292976394
13582.083744529501928 26.047180569878690903
13582.130985137802782 26.04028907671440507
13582.17826417021206 26.033397453874133731
13582.225582749466412 26.026505671145212517
13582.272942036417589 26.019613696972577088
13582.320343231436709 26.012721498400310338
13582.367787575862167 26.005829041010514402
13582.415276353507579 25.99893628885957142
13582.462810892227935 25.992043204411402257
13582.510392565534858 25.985149748467623709
13582.558022794284625 25.978255880094529573
13582.605703048422583 25.97136155654673928
13582.653434848794859 25.964466733187350655
13582.701219769023737 25.957571363404486675
13582.749059437461256 25.950675398524406745
13582.796955539208284 25.94377878772046131
13582.844909818215456 25.936881477917665961
13582.892924079447766 25.929983413693161509
13582.941000191138301 25.92308453717224026
13582.989140087116539 25.916184787919792853
13583.037345769223975 25.909284102827008667
13583.08561930981341 25.902382415993439935
13583.133962854339188 25.895479658603584028
13583.182378624034754 25.888575758798168636
13583.230868918677515 25.881670641540058142
13583.279436119457387 25.874764228474539607
13583.328082691925374 25.867856437783842694
13583.376811189058571 25.860947184035712354
13583.425624254403374 25.854036378025917031
13583.474524625333288 25.847123926614553824
13583.523515136401329 25.840209732556001399
13583.572598722790644 25.833293694322446044
13583.621778423872456 25.826375705920888493
13583.671057386858593 25.819455656703556912
13583.7204388705577 25.812533431171718945
13583.769926249231503 25.805608908772853738
13583.819523016540188 25.79868196369125144
13583.869232789595117 25.791752464632111241
13583.919059313087928 25.784820274599280054
13583.969006463514233 25.777885250667015526
13584.019078253482803 25.77094724374557444
13584.069278836084777 25.764006098341230455
13584.119612509344734 25.757061652311520561
13584.170083720720868 25.750113736615254822
13584.220697071656105 25.743162175058529328
13584.271457322154674 25.736206784037406692
13584.322369395387796 25.729247372278145178
13584.373438382304812 25.722283740576358468
13584.424669546226141 25.715315681535223291
13584.476068327396206 25.708342979304745768
13584.527640347490888 25.701365409323553735
13584.579391414030397 25.694382738065097982
13584.631327524681183 25.687394722789978374
13584.683454871414142 25.680401111306512263
13584.735779844482749 25.673401641742167101
13584.78830903618109 25.666396042328575078
13584.841049244341775 25.659384031203160248
13584.894007475522812 25.652365316230707037
13584.94719094784341 25.64533959484856851
13585.000607093403232 25.638306553939486321
13585.054263560232357 25.631265869736573393
13585.108168213721001 25.624217207764704796
13585.162329137439883 25.617160222823720517
13585.216754633303935 25.610094559018882876
13585.2714532209975 25.603019849844230293
13585.326433636579168 25.595935718324934527
13585.381704830209856 25.588841777224981655
13585.437275962909553 25.581737629326770644
13585.493156402259046 25.57462286778942584
13585.549355716984792 25.567497076592722749
13585.605883670334151 25.560359831073572678
13585.662750212150058 25.553210698562381253
13585.719965469590534 25.546049239128628017
13585.777539736460312 25.538875006436082771
13585.835483461065451 25.531687548716938352
13585.893807232556355 25.524486409871805392
13585.952521765742858 25.517271130695323933
13586.011637884361335 25.510041250233339127
13586.071166502770211 25.502796307274827825
13586.131118606168457 25.495535841979769742
13586.19150522932614 25.488259397635886216
13586.252337433890716 25.480966522549834963
13586.313626284405473 25.47365677206459722
13586.375382823171094 25.466329710695646327
13586.437618044119517 25.458984914375864861
13586.500342865907442 25.451621972796996118
13586.563568104604201 25.444240491826892736
13586.627304446152266 25.436840095978553222
13586.690344580807505 25.429560665348684978
13586.752127844820279 25.422464951178643133
13586.812742505546339 25.415540412496657297
13586.872269081002742 25.408775643188857174
13586.930780285769288 25.402160347420977615
13586.988342378133893 25.395685159017144628
13587.045015944853731 25.389341529464836356
13587.100856494162144 25.383121640867951641
13587.155914997218133 25.377018327421918542
13587.210238589594155 25.371024981774684903
13587.263870462909836 25.365135552967505106
13587.316851523402875 25.359344351932136874
13587.369218464707956 25.353646251758611641
13587.421005218668142 25.348036517598618644
13587.472243220081509 25.342510768899654039
13587.522961489046793 25.337064962290412495
13587.573186858257031 25.331695359553837221
13587.622944067010394 25.326398510674422937
13587.67225585234155 25.321171237702333912
13587.721143025109996 25.316010620681151266
13587.7696244975632 25.310913989080251696
13587.817717334235567 25.305878911056339575
13587.865436730588044 25.300903190546481625
13587.912796118516781 25.295984851324945453
13587.95980727818278 25.29112212082944211
13588.006480447165814 25.2863134146769859
13588.052824499805865 25.281557314383807267
13588.098847536301037 25.27685250382288018
13588.144557166087907 25.272197738246877208
13588.189960933299517 25.267591799655786389
13588.235066724993885 25.26303345493453989
13588.279883005503507 25.2585214324275249
13588.324418982494535 25.254054405888869184
13588.368684617609688 25.249630994303679188
13588.412690489523811 25.245249776392451935
13588.456447553244288 25.240909315083950304
13588.499966865047099 25.236608184853235315
13588.54325931909807 25.2323449973297258
13588.58633543124779 25.228118421740575172
13588.629205185034152 25.223927198853903775
13588.671877943190339 25.219770148258401576
13588.714362408682064 25.215646170696313533
13588.756666625627986 25.211554246497250631
13588.798798004752825 25.207493431689044883
13588.840763366542888 25.203462852493061064
13588.882568988276034 25.199461699565866013
13588.924220653518205 25.195489222126987272
13588.965723699835507 25.191544722376555399
13589.007083067592248 25.18762754992702213
13589.048303339526683 25.183737097218109824
13589.089388777065324 25.179872795333128721
13589.130343158554751 25.17603412843376276
13589.17117017140481 25.172220596246035029
13589.21187325786741 25.168431728090283173
13589.252455636740706 25.164667080330097804
13589.292920327041429 25.160926233691757403
13589.333270157516381 25.157208791940480097
13589.373507791051452 25.153514379217092767
13589.413635730930764 25.149842639087715668
13589.453656341373062 25.146193232311720323
13589.493571865150443 25.142565834918144674
13589.533384439891961 25.138960136442030091
13589.573096099868053 25.135375839504366269
13589.61270880990196 25.131812656515240434
13589.652224478335484 25.128270308319162751
13589.691644990674831 25.124748521022617354
13589.73097221750686 25.121247025174859857
13589.77020801955041 25.117765555218433349
13589.809354288623581 25.114303845782085745
13589.848413259662266 25.110861604202661113
13589.887386961956508 25.107438559083899321
13589.926277467413456 25.104034438224168468
13589.965086906462602 25.100648967228938346
13590.003817433447693 25.097281872538456327
13590.042471192273297 25.093932884375337977
13590.081050263986981 25.090601741193239604
13590.119556587238549 25.087288196368930926
13590.157991883865179 25.083992024322121495
13590.196357594812071 25.08071302563081062
13590.234654838706774 25.077451030115518904
13590.272884388936291 25.074205898291307193
13590.31104669749584 25.070977518836333076
13590.349141957865868 25.067765802822680854
13590.38717017003728 25.064570677879036253
13590.425131213150962 25.061392081832003953
13590.463024966407829 25.058229952450929545
13590.500851354998304 25.055084223624287887
13590.538610473158769 25.051954815231166407
13590.576302595667585 25.048841632419094339
13590.613928208993457 25.045744563282180906
13590.651488012570553 25.042663479036498586
13590.688982895962909 25.039598236162351697
13590.726413887599847 25.036548680817013235
13590.763782104320853 25.033514653095522817
13590.801088620470182 25.03049599770492506
13590.838334525458777 25.027492559247686899
13590.875520843837876 25.024504188633958535
13590.912648523835742 25.021530743888085624
13590.949718453992318 25.018572088700054223
13590.986731527289521 25.015628087235317167
13591.023688645856964 25.012698603752472337
13591.060590754514124 25.009783499956530051
13591.097438881140988 25.00688263187045024
13591.13423415793477 25.003995848269696012
13591.170977811349076 25.001122991595007505
13591.207671120981104 24.998263901264014208
13591.244315473370079 24.995418409560162587
13591.280912345644538 24.992586343026292894
13591.317463283176039 24.989767524293316825
13591.35396992524511 24.986961770190042387
13591.390433983868206 24.984168893473416517
13591.426857243915947 24.981388702904236965
13591.463241578654561 24.978621002150440233
13591.499588900860545 24.975865593590967251
13591.535901186125557 24.973122276597738534
13591.572180448667496 24.970390849424376256
13591.608428806081065 24.96767110439486359
13591.644648350542411 24.964962837639863125
13591.680841205434263 24.962265844840537454
13591.717009511065044 24.959579922316997624
13591.753155427204547 24.956904866851935765
13591.789281122912143 24.954240476454561559
13591.82538877017214 24.951586550829176758
13591.861480546212988 24.948942891199564542
13591.897558633534572 24.946309300304381651
13591.933625255125662 24.943685579836699873
13591.969682614719204 24.941071534810074439
13592.005732790637921 24.938466981181385052
13592.041777817501497 24.935871739814341908
13592.077819532101785 24.933285647457307022
13592.113859737677558 24.930708544766037704
13592.149900081829401 24.928140284941520122
13592.185941535239181 24.925580770489773386
13592.221985708445573 24.92302985936249371
13592.258034072570808 24.920487420601425299
13592.294087937110817 24.917953335722952346
13592.33014842659577 24.915427500152397045
13592.366216449730928 24.912909825148918941
13592.402292715947624 24.910400236396931462
13592.438377719372511 24.907898674877792189
13592.474471684085074 24.905405100390730411
13592.510574573856502 24.9029194905662834
13592.546686104886248 24.90044183969144953
13592.582805747380917 24.89797215831750421
13592.618932742549077 24.895510471824309207
13592.655066132647335 24.893056818126979124
13592.691204785631271 24.890611245792044315
13592.727347417207056 24.888173812364719595
13592.763492624964783 24.885744581919993834
13592.799638920852885 24.883323622772543615
13592.835784137034352 24.880911046987005619
13592.871926529353004 24.878506936349271683
13592.908064617016862 24.8761113534843048
13592.944196884838675 24.873724361814993244
13592.980321827657463 24.871346022624138072
13593.016437979884358 24.868976393152109949
13593.052543970698025 24.866615523059163451
13593.088638482751776 24.864263457238209298
13593.124720368759881 24.861920228335822713
13593.160788467121165 24.859585868871942438
13593.196841656683318 24.857260407715674688
13593.232878939343209 24.854943864847015789
13593.268899368096754 24.852636256109342128
13593.304902076726648 24.850337591388662162
13593.340886280244376 24.8480478746881559
13593.37685127693112 24.845767104100232814
13593.412796463540872 24.843495270949762954
13593.448721311116969 24.841232361431980991
13593.484625394876275 24.838978354828906703
13593.520508386438451 24.836733224114929897
13593.556370052625425 24.834496936141189138
13593.592210238764892 24.83226945277862896
13593.628028890680071 24.830050729646039542
13593.66382605434228 24.827840716240373808
13593.699601872802305 24.825639356231750554
13593.735356572966339 24.823446588375212229
13593.771090470379932 24.8212623463050015
13593.80680395811396 24.819086559300341577
13593.842497528941749 24.816919151017234668
13593.878171765849402 24.814760040159182353
13593.913827342574223 24.812609140529477969
13593.949465028754275 24.810466360805950359
13593.985085672749847 24.808331605654473151
13594.020690227920568 24.806204774229062338
13594.056279979125975 24.804085746797362333
13594.091856106966588 24.80197441086621879
13594.127419999749691 24.799870642638733642
13594.162973189691911 24.797774310950654097
13594.198517407288819 24.79568527419743873
13594.23405452197585 24.79360338397420449
13594.269586307629652 24.791528498859765506
13594.305114162314567 24.789460500598426762
13594.340639088350144 24.787399294893265989
13594.376162002034107 24.785344793150223097
13594.41168391627798 24.783296901885748298
13594.44720587505617 24.781255526576348558
13594.482728499151563 24.779220597666522963
13594.518252974914503 24.777192013811035309
13594.55378058624774 24.775169668984002413
13594.589312713549589 24.773153452620871207
13594.624850822277949 24.771143250343396147
13594.660396519664573 24.769138940834015017
13594.6959516351817 24.767140391435489732
13594.73151816328209 24.765147461538596474
13594.767098194053688 24.763160006580729799
13594.802693925368658 24.761177877438900197
13594.838307582564084 24.759200924959227308
13594.873941297886631 24.757229006625351531
13594.909596990037244 24.755261993097299467
13594.945276315886076 24.753299770665616819
13594.980980768976224 24.751342235624147037
13595.016711879445211 24.749389283210565083
13595.052471533361313 24.747440790254415788
13595.088262084933376 24.745496609378538011
13595.124086132360389 24.743556581496132907
13595.159946286759805 24.741620548452623041
13595.195845025942617 24.739688360876844087
13595.231784637735473 24.73775988109078483
13595.26776720869384 24.735834983541550969
13595.303794661349457 24.733913552639748445
13595.339868784873033 24.731995480985954572
13595.375991264179902 24.730080667711959563
13595.412163718496231 24.728169016351706944
13595.448387716949583 24.726260433959591722
13595.484664805269858 24.724354829661503885
13595.520996552231736 24.722452112200034691
13595.557384524099689 24.720552191276642162
13595.593830254658315 24.718654979099913049
13595.630335272097 24.716760388959389871
13595.666901094198693 24.714868335462430338
13595.703529290605729 24.712978731311650904
13595.740221490019394 24.711091486968520314
13595.776979274785845 24.709206516088755734
13595.813804191857344 24.707323734920503711
13595.85069781263519 24.705443059224045044
13595.887661749802646 24.703564403429897567
13595.924697670174282 24.70168768001300208
13595.961807288116688 24.699812799858310797
13595.998992355707742 24.697939672784425369
13596.036254694427043 24.696068205975137744
13596.073596219288447 24.694198302816914747
13596.111018969611905 24.692329861425879045
13596.148525042559413 24.690462778034920177
13596.186116543020034 24.688596949510799305
13596.223795642743426 24.686732270428638714
13596.261564578897378 24.684868633182610154
13596.299425646911914 24.683005928375365556
13596.337381183937396 24.681144045660623476
13596.375433537939898 24.679282875272637199
13596.413585053551287 24.677422308713062193
13596.451838073726321 24.675562238658219627
13596.490194905232784 24.673702560618856694
13596.528657785034738 24.671843174528024889
13596.567228855104986 24.669983985895051148
13596.60591011127508 24.668124908184999811
13596.644703440264493 24.666265860932909959
13596.683610566591597 24.664406772180484495
13596.722632917564624 24.662547584788107713
13596.761771654333643 24.66068825475416304
13596.801027759303906 24.658828746894776884
13596.840401945411941 24.656969038997711863
13596.87989458055381 24.655109125190861619
13596.919505747900985 24.653249012878841739
13596.959235252345024 24.651388722250271002
13596.999082631253259 24.649528285591408405
13597.039047161431881 24.64766774678640715
13597.079127880926535 24.645807160138147651
13597.119323638868082 24.643946587911873536
13597.159633135361219 24.642086098379216708
13597.200054951112179 24.640225764367286843
13597.240587587626578 24.638365661347584989
13597.281229527628966 24.636505864633658547
13597.321979294836638 24.634646446655896312
13597.362835505922703 24.63278747463805729
13597.403797011793358 24.630929004267080984
13597.444862866213953 24.629071081270772936
13597.486032287813941 24.627213743268079327
13597.527304798788464 24.625357013650127413
13597.568680274454891 24.623500899558955268
13597.610158979747212 24.621645390484459881
13597.651741617639345 24.619790456353957353
13597.693429354847467 24.617936046663956517
13597.73522392371342 24.616082086252728089
13597.77712756029905 24.6142284783791645
13597.819142986754741 24.612375105800794017
13597.861273500218886 24.610521827155363184
13597.9035228527664 24.608668482556492307
13597.945895399416258 24.606814887387326252
13597.988396129911052 24.604960831261880827
13598.031030530011776 24.603106084410999443
13598.073804709096294 24.601250392427321145
13598.116725271071118 24.599393482188524729
13598.159799426199243 24.597535057304622086
13598.203034897207544 24.59567480248190563
13598.246439732136423 24.593812391812800655
13598.290022559389399 24.591947478036544794
13598.333792640565662 24.590079690595253226
13598.377759953980785 24.588208632421395095
13598.421935287231463 24.586333876398139608
13598.46633033721082 24.584454961567640652
13598.51095782115226 24.582571388942191959
13598.555831570864029 24.580682618097213776
13598.600966662248538 24.578788062349076426
13598.646379569026976 24.576887083010209523
13598.692088261492245 24.574978986041084994
13598.738112296648978 24.573063019129708806
13598.784472512445063 24.571138385248186609
13598.831191505163588 24.569204223624364403
13598.878294120288047 24.567259590492582788
13598.925807097619327 24.565303474960508368
13598.973759107862861 24.563334798591718311
13599.022180772346474 24.561352415715713704
13599.071104688906416 24.55935511351469458
13599.120565610775884 24.557341605926655603
13599.170601446503497 24.555310494412815103
13599.221256869928766 24.553260123955080729
13599.272579887525353 24.551188725450149519
13599.324604314859243 24.549095121976350242
13599.377355534710659 24.546978489889855979
13599.430867786784802 24.544837663261844796
13599.485179589339168 24.542671321575944887
13599.540328993029107 24.540478180876789338
13599.596351746404252 24.538257066265288131
13599.653279794290938 24.536006969914776477
13599.711139670136617 24.533727112129078307
13599.769950717811298 24.531417007850226497
13599.829723395656401 24.529076528556089443
13599.890457637355212 24.526705960581942634
13599.952141726822447 24.524306042137961725
13600.014751733289813 24.521877977681960203
13600.078251296663439 24.519423438257351933
13600.142592224348846 24.516944530401456603
13600.207716095546857 24.514443726875356333
13600.273556384241601 24.511923778842827915
13600.340040929984752 24.509387616517127384
13600.407095054069941 24.50683822732319328
13600.473322584457492 24.504328553010687131
13600.538242590017035 24.501876334925025702
13600.602042860486108 24.499473959744378249
13600.664885362517452 24.497114887329345834
13600.726910884039171 24.494793456518234365
13600.788242655637077 24.492504733847269449
13600.848989215046458 24.490244394021750907
13600.909247077608597 24.48800861035681109
13600.969102525383278 24.485793980175117213
13601.028631901173867 24.483597506941876532
13601.087903336632735 24.481416530311925328
13601.146977985859849 24.479248675685418846
13601.205910477678117 24.477091833318887382
13601.264749713043784 24.47494412533230701
13601.32353911618884 24.472803893213537663
13601.382317219808101 24.470669673492295715
13601.441105596824855 24.468540631513015171
13601.499925483516563 24.466415953515660675
13601.558794897226107 24.464294950010014418
13601.617720406360604 24.462177349513297031
13601.676692229309992 24.460063468666220388
13601.735677054261032 24.457954461214040265
13601.794596195744816 24.455853085645866685
13601.853382073104513 24.453761678615798303
13601.911981423270845 24.451682046635646373
13601.970376957198823 24.449614707150509219
13602.028593547947821 24.44755868608721272
13602.086683707302655 24.445512046802928552
13602.144706591949216 24.443472638346001702
13602.20271345328365 24.441438607329835975
13602.260732238621131 24.439408932290000109
13602.318789751298027 24.437382641331403477
13602.376912340532726 24.435358787485121468
13602.435120597334389 24.433336632410210143
13602.493432163084435 24.431315546716160014
13602.551865157643988 24.429294890274874774
13602.610442088784112 24.427273877591829887
13602.66918112219355 24.425251879609923833
13602.728074438304247 24.423229164420487081
13602.78710273869001 24.421206390597522073
13602.846263386765713 24.419183641757417291
13602.9055655231532 24.417160599461048776
13602.965020473548066 24.415136873830530106
13603.024639102692163 24.413112094100522853
13603.084431404748102 24.411085922264497583
13603.144406441908359 24.409058054780604863
13603.204572337917853 24.407028222406481177
13603.264936311023121 24.404996188711681526
13603.325504700713282 24.402961748819375742
13603.386283003374047 24.400924727867057129
13603.447275915004866 24.398884979252017047
13603.508487520153722 24.396842378026352804
13603.569921255664667 24.394796821868137471
13603.631579086995771 24.392748258173899245
13603.693462338858808 24.390696656013862054
13603.755572481077252 24.388641979930248738
13603.817910547155407 24.386584209159813952
13603.880477550936121 24.384523323767702152
13603.943274206811111 24.38245931382646603
13604.006300683524387 24.380392187376102697
13604.069556949154503 24.378321958955350368
13604.133043037703828 24.376248640836507775
13604.196758851807317 24.37417224947319383
13604.26070391725807 24.372092813431134317
13604.32487772346758 24.370010362224093114
13604.389279959203122 24.367924918679026547
13604.453909973552072 24.365836516406421453
13604.518766891889754 24.363745195951693745
13604.583850382026867 24.361650980095557628
13604.649160805431165 24.359553869189504383
13604.714699619853491 24.357453828501952842
13604.780469837904093 24.355350773936294217
13604.846476342230744 24.353244562497671666
13604.912725550506366 24.351135003561481085
13604.97922436718909 24.349021892642706888
13605.045978778505742 24.346905056048051108
13605.11299246865201 24.344784394304522124
13605.180265666509513 24.342659917777645262
13605.247794071206954 24.340531779366180842
13605.315568086951316 24.338400297075530432
13605.38357250973786 24.336265962144832287
13605.45178797357039 24.334129392021996097
13605.520192663778289 24.331991275578467082
13605.588749719110638 24.329852764954083
13605.657410419787993 24.32771537172773435
13605.726139952130325 24.325580163709101811
13605.794916306553205 24.323447803593815308
13605.863717924126831 24.321318934924313737
13605.932519299340129 24.319194317969639485
13606.001296669492149 24.317074653441594023
13606.070034927968663 24.314960370699569836
13606.138722152511036 24.312851798259394798
13606.207347833649692 24.310749219029283097
13606.275905454782333 24.308652791954376227
13606.344390677468255 24.306562608559129757
13606.41280129867846 24.304478694902282854
13606.481136926666295 24.302401022048794488
13606.54939882823237 24.300329511218979661
13606.61758953775643 24.298264046082792333
13606.685713011213011 24.296204468450081748
13606.7537742646673 24.294150589546838148
13606.821779516973038 24.292102185989559615
13606.889735769609615 24.290059012708287156
13606.957650772394118 24.288020804155898702
13607.025532583704262 24.285987287638548082
13607.093390894960976 24.28395814379280182
13607.161235401186786 24.281933055580182668
13607.229076233132218 24.279911695383756154
13607.296920485468945 24.277893828253361619
13607.364776571173934 24.275879181903604831
13607.432654915650346 24.273867426477007569
13607.50056585827042 24.271858237065384145
13607.568519720274708 24.2698512916493776
13607.636526294114447 24.267846286103129216
13607.704594649312639 24.265842939737005679
13607.772733205763871 24.26384099293400709
13607.840949666900997 24.261840208919238648
13607.909250934630109 24.259840376045865185
13607.977642501016817 24.25784132534067794
13608.046128528778354 24.255842927789679209
13608.114712229275028 24.2538450829945198
13608.183395976426254 24.251847715618914947
13608.252181347603255 24.249850773989791719
13608.321069513485781 24.247854218608669186
13608.39006103315478 24.245858027973380189
13608.459156026949131 24.243862193439412067
13608.528354542972011 24.241866708553274634
13608.597656688642019 24.239871565251863927
13608.667063871267601 24.237876718251484931
13608.736579161235568 24.235882074944285591
13608.806206458495581 24.233887519646522435
13608.875950084626311 24.231892925445890796
13608.945815194112583 24.22989814256023422
13609.015807031741133 24.227903019675125051
13609.085930439494405 24.225907417977694536
13609.156189485267532 24.223911221594836007
13609.226588561932658 24.221914306256355331
13609.297133202317127 24.219916516302813392
13609.367828687174551 24.217917704266010759
13609.438680034947538 24.215917731092147847
13609.509691994853711 24.213916466269747474
13609.580869058256212 24.211913787442448154
13609.652215530048124 24.209909578341502367
13609.723735620556909 24.20790372616379571
13609.79543353999361 24.205896118904327352
13609.867313454391478 24.203886646584493292
13609.939379318080682 24.201875205912703137
13610.011635129711067 24.199861693107155958
13610.084084829200947 24.197846006767679938
13610.15673208991393 24.195828053624076404
13610.229580624609298 24.1938077399907705
13610.302634115070759 24.191784973716107032
13610.375896154888324 24.189759665752170292
13610.449370322923642 24.187731728106946605
13610.523060237799655 24.185701072339320206
13610.596969530803108 24.183667610311616158
13610.671101805817671 24.18163125529109081
13610.745460366526459 24.179591929418894125
13610.820048521733042 24.177549555290564598
13610.89486987638702 24.175504048007805835
13610.969928012355012 24.173455323948818574
13611.045226302137962 24.171403305836062003
13611.120768104481613 24.16934791737300614
13611.196556914897883 24.167289079155981568
13611.272596173756028 24.16522671390539756
13611.348889299808434 24.163160745547408226
13611.425439562093743 24.161091102670898323
13611.502250103378174 24.159017717864209374
13611.579324004069349 24.156940525968494171
13611.65666420951311 24.154859466021221692
13611.734273566766205 24.152774480242104715
13611.812154801647921 24.150685514629543604
13611.89031046256423 24.148592520441312104
13611.968742941438904 24.146495453600127945
13612.047454458319407 24.144394275073992162
13612.12644704937702 24.142288951161830823
13612.20572258618995 24.14017945294512657
13612.285282779726913 24.138065756150250962
13612.365129193534813 24.135947840768491091
13612.445263237665131 24.133825691188878437
13612.525686163227874 24.131699296313147585
13612.606399095306188 24.129568648657805596
13612.687403142339463 24.127433741450705185
13612.768699313277466 24.125294570809174388
13612.850288418714626 24.123151138317819431
13612.932171161528458 24.121003448615059739
13613.014348170843732 24.118851508485512625
13613.096820034681514 24.116695325995234356
13613.179587318745689 24.114534909997264123
13613.262650594357183 24.112370269404273415
13613.346010420296807 24.110201413665514281
13613.429667330770826 24.108028353079649975
13613.513621863816297 24.105851098055808279
13613.59787439334832 24.10366966346150619
13613.682425334967775 24.10148406327439119
13613.767275311067351 24.099294306335291793
13613.852424894526848 24.097100402991671331
13613.937874731425836 24.094902361934732227
13614.023625535175597 24.092700190366247881
13614.109678030030409 24.090493895460863172
13614.19603292526881 24.088283485029396758
13614.282690697284124 24.086068973080042355
13614.369651828199494 24.083850373686843227
13614.456916869126871 24.081627699381023433
13614.5444864311321 24.079400961394746616
13614.632361105093878 24.077170171706143265
13614.720541352649889 24.074935345795807962
13614.809027684128523 24.072696498120567554
13614.897820571004559 24.070453644331259113
13614.986920332437876 24.068206804121484055
13615.076327358134222 24.065955995588169003
13615.166041953274544 24.063701239138826082
13615.256064855459044 24.061442544512114949
13615.346396521226779 24.05917992872323552
13615.437036314106081 24.056913436287569397
13615.527983414725895 24.054643116286751336
13615.619236823096799 24.052369022269612486
13615.710795344977669 24.050091212549510544
13615.802657622030893 24.047809749410934188
13615.89482160839907 24.04552471203686892
13615.987284963597631 24.043236186642033658
13616.080045527358379 24.040944254682418801
13616.173100852818607 24.038649004392631525
13616.266448308131658 24.036350528219525557
13616.360084449775968 24.034048938167806853
13616.454004281620655 24.031744383784165109
13616.548202572172158 24.029437019582061907
13616.642674705639365 24.027126984192587855
13616.737415516510737 24.024814428911579256
13616.832419295507862 24.02249951743039702
13616.927680049080664 24.020182419406282293
13617.023191676928036 24.01786330608699771
13617.118947957982527 24.015542350620137313
13617.214942382292065 24.013219732084376545
13617.311168252097559 24.010895632981320347
13617.407618953215206 24.008570232651109677
13617.50428801108319 24.006243705935737864
13617.601169234472763 24.003916219753094197
13617.698256130863228 24.001587947158334657
13617.795541465817223 23.999259077811611718
13617.893018026072241 23.996929799594880706
13617.990675971179371 23.99460036172570554
13618.088505807882029 23.992271003433994991
13618.186501028958446 23.989941891369209515
13618.284655516472412 23.987613181785778949
13618.382963020510942 23.985285032955182771
13618.48141710517848 23.982957606408938034
13618.580011255335194 23.980631064378414408
13618.678738957776659 23.978305567863877457
13618.777594229899478 23.975981264212663291
13618.876571313490786 23.973658294408650704
13618.975664644209246 23.971336793830502643
13619.07486894477006 23.969016890113209683
13619.174179305806319 23.966698701319700149
13619.273591140647113 23.964382337068766304
13619.373100203581998 23.962067898175376968
13619.472702957831643 23.959755468184638971
13619.572396550482154 23.957445114097819072
13619.672177855567497 23.955136908625309644
13619.772043755148843 23.952830923642110861
13619.871991710027942 23.950527217044268014
13619.972019498352893 23.948225838875206506
13620.072125230282836 23.945926831051195904
13620.172307335367805 23.943630227716372616
13620.272564552058611 23.941336055545800576
13620.372895915204936 23.939044334091470034
13620.473300741547064 23.936755076169827561
13620.57377863050715 23.934468287898454264
13620.674329241091982 23.932183973814783684
13620.774952522635431 23.929902131657357245
13620.875649341198368 23.927622738255468704
13620.976420570006667 23.925345770246639887
13621.077266640595553 23.923071214188677658
13621.178188164793028 23.920799052475672397
13621.279182546402808 23.918529339449698057
13621.380247850489468 23.916262114028118191
13621.481386097513678 23.913997326137735655
13621.5825992922164 23.911734926194004203
13621.683889425723464 23.909474865046984604
13621.785258487981991 23.907217093698260868
13621.886708469737641 23.904961563252857815
13621.988241330573146 23.902708225624461846
13622.089858994526367 23.900457033622036107
13622.191563362803208 23.898207940658220849
13622.293356318255974 23.895960900642556624
13622.395239732233676 23.893715867823349441
13622.497215457015045 23.891472796947780921
13622.599285326399695 23.889231643241522818
13622.701451162020021 23.886992362263438139
13622.803714769852377 23.884754909976066983
13622.906077933421329 23.882519242887592981
13623.008542421055608 23.880285317886350782
13623.111109988229146 23.878053092185282935
13623.213782375851224 23.875822523353257054
13623.316561311108671 23.873593569290786576
13623.419448507233028 23.871366188229114158
13623.522445663396866 23.869140338726815287
13623.625554464895686 23.866915979660106473
13623.728776586056483 23.864693070155279742
13623.832113691329141 23.862471569560117501
13623.93556577506024 23.860251473036893088
13624.039132533125667 23.858032781889924934
13624.142815018180045 23.855815468141948088
13624.246614197267263 23.853599505551105864
13624.35053094450268 23.851384869749747253
13624.454566203607101 23.849171534771567593
13624.558721167031763 23.846959469262849041
13624.662996941739038 23.844748643607225347
13624.767394340977262 23.842539034312856927
13624.871914048530016 23.840330620491879898
13624.976556772528056 23.838123380595487077
13625.081323136715582 23.835917294706458591
13625.186213550288812 23.833712347258810382
13625.291228321180824 23.831508524625213852
13625.396367655244831 23.829305815117763245
13625.501631655601159 23.827104208985538492
13625.607020313060275 23.82490369859829471
13625.712533520945726 23.822704278120031773
13625.818171078568412 23.820505943422066508
13625.923932677356788 23.81830869235681547
13626.029817906162862 23.816112524631900982
13626.135826252897459 23.813917441762029625
13626.241844448639313 23.811725774015908286
13626.347728642025686 23.809540466770165779
13626.453487656131983 23.807361302713836437
13626.559130294908755 23.805188066216654619
13626.664665339716521 23.803020543379101781
13626.770101545816942 23.800858522082506852
13626.875447638762125 23.798701792041050851
13626.98071231067297 23.796550144855753928
13627.085904216650306 23.794403374065122847
13627.191031970554832 23.792261275208559823
13627.296104141580145 23.790123645873393343
13627.401129250911254 23.78799028573964236
13627.506115769016105 23.785860996611734919
13627.611072113679256 23.783735582436293043
13627.716006649230621 23.78161384929432387
13627.820927687573203 23.779495605357421795
13627.925843492168497 23.777380660784928068
13628.030761071342567 23.775268851972683137
13628.135685747649404 23.773160049999731314
13628.240625768459722 23.771054067908053753
13628.345589692726207 23.768950713453307344
13628.450585782307826 23.766849801307419199
13628.555621703219003 23.764751158966312516
13628.660705083102584 23.762654615536469294
13628.765843449344175 23.760560002949048908
13628.871044300927679 23.758467154505819252
13628.976315183163024 23.756375903379215231
13629.08166362873817 23.754286083776445793
13629.187097165049636 23.752197530781568702
13629.292623321694919 23.750110080195799611
13629.398247022580108 23.748023620006691203
13629.50397334801346 23.745938035573420422
13629.609810181447756 23.743853157540613097
13629.715765423459743 23.741768816979238466
13629.821846998040201 23.739684845254924284
13629.928062858250996 23.737601073909271321
13630.03442099115091 23.735517334556551106
13630.140929421902911 23.733433458797144056
13630.247596217001046 23.731349278148936577
13630.354334264782665 23.729266480836216147
13630.461072651121867 23.727186430560092134
13630.567811371995049 23.725109104640122126
13630.674550423214896 23.723034480468033536
13630.781289800430386 23.720962535511358027
13630.888029499117692 23.718893247317357265
13630.994769514582003 23.716826593516564969
13631.101509841952065 23.714762551826172654
13631.208250476176545 23.712701100053536152
13631.314991412022209 23.710642216099799384
13631.421732644126678 23.708585877962178756
13631.528474167118475 23.706532063735117788
13631.635215975686151 23.704480751612567957
13631.741958064569189 23.702431919891100875
13631.848700428563461 23.700385546973151918
13631.955443062521226 23.698341611370260296
13632.062185961347495 23.696300091706167024
13632.168929120001849 23.69426096672004789
13632.275672533500256 23.69222421526968958
13632.382416196911436 23.69018981633518095
13632.489160105356859 23.688157749022089149
13632.595904254014386 23.686127992564461664
13632.702648638114624 23.684100526328013103
13632.809393252940936 23.682075329813550013
13632.91613809383125 23.680052382660235821
13633.02288315617443 23.678031664648852228
13633.129628435413906 23.67601315570543008
13633.236373927042223 23.673996835905388281
13633.343119626606494 23.671982685476940844
13633.449865529702947 23.669970684804354732
13633.556611631980559 23.667960814431367567
13633.663357929137419 23.665953055064615995
13633.77010441692255 23.663947387577120907
13633.876851091132266 23.661943793011690929
13633.983597947613816 23.659942252584301059
13634.09034498226174 23.657942747687425111
13634.197092191017873 23.655945259893226051
13634.303839569873162 23.65394977095675344
13634.410587114860391 23.651956262818966792
13634.517334822061457 23.649964717609570641
13634.624082687601913 23.647975117649725263
13634.730830707650966 23.645987445454739628
13634.837578878421482 23.644001683736412645
13634.94432719616816 23.642017815405527159
13635.05107565718572 23.640035823573786189
13635.157824257810717 23.638055691555560855
13635.264572994417904 23.636077402869478448
13635.371321863422054 23.634100941239537974
13635.478070861274318 23.632126290596239926
13635.58481998446041 23.630153435077264845
13635.691569229504239 23.628182359028610193
13635.79831859296246 23.626213047004597456
13635.905068071426285 23.624245483767492004
13636.011817661516034 23.622279654286728601
13636.118567359884764 23.620315543738122699
13636.22531716321464 23.618353137502865025
13636.332067068216929 23.616392421166246152
13636.438817071628364 23.614433380516249628
13636.545567170212962 23.612476001541526927
13636.652317360758389 23.610520270429546486
13636.759067640077774 23.60856617356457221
13636.865818005006076 23.606613697525595796
13636.972568452400083 23.60466282908407365
13637.079318979134769 23.602713555202100792
13637.186069582105119 23.600765863030279235
13637.29282025822431 23.598819739905589898
13637.399571004420068 23.596875173348983878
13637.50632181763649 23.594932151062934622
13637.613072694830407 23.592990660928869318
13637.719823632973203 23.591050691004685547
13637.826574629045354 23.589112229522353203
13637.933325680036432 23.587175264885381409
13638.040076782946926 23.585239785666342271
13638.146827934782777 23.583305780604511881
13638.253579132557206 23.581373238603742237
13638.360330373288889 23.57944214873099753
13638.467081653996502 23.577512500214922397
13638.57383297170054 23.575584282443845296
13638.680584323425137 23.573657484963682407
13638.787335706190788 23.571732097476097323
13638.894087117014351 23.569808109836131393
13639.000838552912683 23.567885512049986829
13639.107590010893546 23.56596429427282402
13639.214341487957427 23.564044446806544642
13639.321092981097536 23.562125960097542787
13639.42784448729617 23.560208824734498734
13639.534596003524712 23.558293031446620347
13639.641347526739992 23.556378571101717512
13639.748099053884289 23.554465434704038529
13639.854850581539722 23.552553613398277577
13639.961602105402562 23.550643098476744086
13640.068353622349605 23.548733881340439211
13640.175105129232179 23.546825953518268904
13640.281856622877967 23.544919306665100578
13640.388608100087367 23.543013932559475165
13640.495359557631673 23.5411098231012339
13640.602110992251255 23.539206970308676148
13640.708862400653743 23.537305366316015665
13640.815613779510386 23.535405003370943433
13640.922365125457873 23.533505873832268662
13641.029116435094693 23.531607970167350175
13641.135867704973862 23.529711284948810146
13641.242618931608376 23.5278158108515143
13641.349370111463941 23.525921540649246566
13641.456121240958964 23.524028467211678617
13641.562828036618157 23.522137367998968926
13641.669187453835548 23.52025360018198441
13641.775197344744811 23.518377183455974944
13641.88085576933554 23.516508133999035834
13641.986161284270565 23.514646459374255016
13642.091112884985705 23.512792159575027995
13642.195710011539632 23.510945226939998776
13642.29995318893998 23.509105634874742918
13642.403842276620708 23.507273368766995247
13642.507377400450423 23.505448409523292952
13642.610559590044431 23.50363072235327877
13642.713389915827065 23.501820271998777656
13642.815869906416992 23.500017015387619779
13642.918001581514545 23.498220901072407685
13643.019787463657849 23.496431869042719853
13643.121230599168484 23.494649850375640909
13643.222334555492125 23.492874767301117345
13643.323103445904053 23.491106532786769634
13643.423542030972385 23.489345048777934721
13643.523653892099901 23.487590238227603834
13643.623444801469304 23.485841986011433136
13643.722921242204393 23.484100164927795618
13643.822090158802894 23.482364640089159025
13643.920959255539856 23.480635263716877148
13644.019536411078661 23.478911885398964898
13644.117829770520984 23.477194350481589424
13644.215847707648209 23.475482500732141489
13644.313598778255255 23.473776175155649071
13644.411092473852477 23.472075196848088297
13644.508337333476447 23.4703794059478561
13644.605341828913879 23.468688644161048273
13644.702114680039813 23.467002749259290084
13644.798664046627891 23.465321569153061887
13644.894997866773338 23.463644955972728923
13644.991123948122549 23.461972764466374031
13645.087049711308282 23.460304856448203736
13645.182782253366895 23.458641099675173081
13645.278328364543995 23.456981367536588579
13645.373694538982818 23.455325538851131029
13645.468888128938488 23.45367347782386247
13645.563918285099135 23.452025017768551862
13645.658789773258832 23.450380068360740182
13645.753507101959258 23.448738543939814605
13645.848074526593336 23.447100363424731029
13645.94249561673314 23.445465457791822672
13646.036773729963897 23.443833761846704533
13646.130912207785514 23.442205210825534323
13646.224914471958982 23.440579738726842862
13646.318784133920417 23.438957276421813702
13646.412522458991589 23.437337795459704637
13646.506132036915005 23.43572124460469297
13646.599614945313078 23.434107581579372237
13646.692973141422044 23.432496766286632806
13646.786208665851518 23.430888757290851743
13646.879323428240241 23.429283515514146785
13646.97231909061702 23.427681006239929218
13647.065197302676097 23.426081195050958428
13647.157960494279905 23.424484034186040304
13647.250609997659922 23.422889494878329941
13647.343147087956822 23.421297549417772643
13647.435572967606277 23.41970817141553951
13647.527888789203644 23.418121335407697359
13647.620095674090408 23.416537016533851556
13647.71219472123812 23.414955190383015093
13647.804187019815799 23.413375832776850416
13647.896073679861729 23.411798919242631456
13647.987855838793621 23.410224424902057905
13648.079534777445588 23.408652322482456754
13648.171111478439343 23.407082589889760982
13648.262587270148288 23.405515199166522677
13648.353963864581601 23.403950115854183167
13648.445242601426799 23.402387311945947346
13648.536425703156056 23.400826744397328127
13648.62751420980203 23.399268390480063573
13648.718509353115223 23.397712224247573687
13648.809412542041173 23.396158216789316953
13648.900225330615285 23.394606336784647738
13648.990946252326466 23.393056604573686741
13649.081577687633398 23.391508974812946775
13649.172122069729085 23.389963401351625549
13649.262581941120516 23.388419836267313912
13649.352959975652993 23.386878229492943149
13649.443258953680925 23.385338529243433925
13649.533481766782643 23.383800681937835009
13649.62363141698188 23.382264632215253641
13649.713711059977868 23.380730322201070948
13649.803723898859971 23.379197693320350027
13649.893673246675462 23.3776666852335957
13649.983559993504969 23.376137278928872831
13650.073387173562878 23.374609418981499687
13650.163157846116519 23.37308304964157557
13650.252875071892049 23.371558115234776665
13650.342541894018723 23.370034560485443365
13650.432161367374647 23.368512330016770306
13650.521745955169536 23.36699120882622438
13650.611300873655637 23.36547110521256343
13650.700831469086552 23.36395192541274568
13650.790342917413 23.362433578697274328
13650.87984075012173 23.36091596844874374
13650.96933073384389 23.359398994211009182
13651.058818916693781 23.357882550909014441
13651.148309361635256 23.356366567246190868
13651.237807070234339 23.354850956143323515
13651.327318555406237 23.353335605068899383
13651.416850870093185 23.351820392514781588
13651.506411479595045 23.350305190168835878
13651.596008246187921 23.348789863184489235
13651.685649422341157 23.347274270304421151
13651.775343712180984 23.345758262830539564
13651.865100311804781 23.344241683953413258
13651.954928904853659 23.342724368838243976
13652.044839979211247 23.341206139288917853
13652.134844688875091 23.339686806098491445
13652.224954375733432 23.338166177133523149
13652.315183211658223 23.336644012771074586
13652.405547194153769 23.335120042906318361
13652.49606035126817 23.333594030971259059
13652.586736021106844 23.33206575231886859
13652.677587862694054 23.330534977173218891
13652.768629431269801 23.329001477788320784
13652.859874043881064 23.327465030706303395
13652.9513371246303 23.325925377276316652
13653.043034612202973 23.324382250501553671
13653.134980290575186 23.322835419949779379
13653.227187429814876 23.321284664104737772
13653.319668762231231 23.319729770752140041
13653.412436538446855 23.318170536021721517
13653.505501925315912 23.316606774488018772
13653.598875619893079 23.315038308829198144
13653.692571299961855 23.313464911878607921
13653.786604563178116 23.311886324505231016
13653.880989196604787 23.310302318257122067
13653.975736480773776 23.30871270698749953
13654.070855283167475 23.307117345221165294
13654.166351974645295 23.305516129492300337
13654.262230013169756 23.303909005255739828
13654.358490330718269 23.302295960328475388
13654.455130940874369 23.300677031396496375
13654.552146448571875 23.299052312148209154
13654.649529033857107 23.297421936719064917
13654.747268599079689 23.295786077165750783
13654.845351803101948 23.294144959564153652
13654.943762691949814 23.292498853379452584
13655.042483267181524 23.290848061897580834
13655.141493159748279 23.289192927625514073
13655.240770600550604 23.287533816015898225
13655.340293069062682 23.285871104598978576
13655.440037828697314 23.284205174026077145
13655.539982330650673 23.282536401325089059
13655.640104354060895 23.280865157569529345
13655.740382469632095 23.279191800155007996
13655.840796459982812 23.277516665811671004
13655.941327704475043 23.275840064221224424
13656.041959467609558 23.274162273252777311
13656.142677923618976 23.272483521937683548
13656.243471341675104 23.270804004118751607
13656.344329318015298 23.269123891293677531
13656.445243354386548 23.267443323018618173
13656.546203871621401 23.265762456669957459
13656.647200097890163 23.264081469281958192
13656.748222358137355 23.262400519433512613
13656.849262152230949 23.260719745977787909
13656.950313194309274 23.259039250791261111
13657.05137018123969 23.257359119300403449
13657.152428566787421 23.255679424260328858
13657.253483248954581 23.254000247583871186
13657.354531305127239 23.252321634901946368
13657.455570143692967 23.250643626308125533
13657.556598044380735 23.248966247398318075
13657.657612904818961 23.247289530095198273
13657.758612292278485 23.245613511783265182
13657.859593801018491 23.243938229376290394
13657.960554707089614 23.242263725044360001
13658.061491871847466 23.240590047808669993
13658.162402271964311 23.238917244749409008
13658.263281973340781 23.237245378013032138
13658.364083151327577 23.235575236821201628
13658.464773473235255 23.233907353038450339
13658.565352683182937 23.232241726889753863
13658.665821726963259 23.23057833874021938
13658.766181160857741 23.228917175453471344
13658.866432430106215 23.22725820922937956
13658.966576947243084 23.225601412867096229
13659.06661634898046 23.22394675551500498
13659.166552588085324 23.222294201154550564
13659.266386313125622 23.220643735388186712
13659.366120798153133 23.218995300469249088
13659.465758492206078 23.217348852362128753
13659.565302193215757 23.215704341332997984
13659.664754611778335 23.214061719158905817
13659.764119151737759 23.212420926235964203
13659.863399221922009 23.210781902951755029
13659.962600442391704 23.209144553272629707
13660.061726947193165 23.207508805786574158
13660.160782566987109 23.205874594164306757
13660.259771228278623 23.204241850567445482
13660.35869573879063 23.202610525676025333
13660.457558931801032 23.200980569801604503
13660.556363191963101 23.199351940701028241
13660.65511044597406 23.197724603720327963
13660.753802037213973 23.19609853385023257
13660.852439177111592 23.194473708279840451
13660.951022016244679 23.192850121689566834
13661.049550268282474 23.19122777595875462
13661.148022385825243 23.189606693723298747
13661.246435659726558 23.187986916718607233
13661.344786333571392 23.18636850387563797
13661.443069906430537 23.184751526322664006
13661.541281046995209 23.183136068785010764
13661.639413375016375 23.181522233165605229
13661.737460294503762 23.179910124829973483
13661.835414838475117 23.178299855155419351
13661.933268916556699 23.176691553891362929
13662.031014506279462 23.175085349568753657
13662.128643245730927 23.173481376194288828
13662.226146724997307 23.171879768459817228
13662.323516310458217 23.170280664628531753
13662.420743521279292 23.168684200351822966
13662.517820129847678 23.167090507024916235
13662.614738477321225 23.165499706613619679
13662.711491656629732 23.163911908661891204
13662.80807356594778 23.162327209427481023
13662.904478966396709 23.160745690948939313
13663.000703324370988 23.159167423645591555
13663.096743008409248 23.157592463100687752
13663.192595153557704 23.156020852298969004
13663.288257560285274 23.154452623295270541
13663.38372883802549 23.152887794872061278
13663.479008250627885 23.151326375083620235
13663.574096251071751 23.149768352504711544
13663.668993435790981 23.148213713376115663
13663.763700916408197 23.1466624355179178
13663.858220362073553 23.14511448764289625
13663.952554308312756 23.143569824306624128
13664.046705746721273 23.14202839263516509
13664.140677808072724 23.140490137517069513
13664.234474241276985 23.138954993766066792
13664.328099378604747 23.137422886696977997
13664.421558069148887 23.135893733220605384
13664.514855831592286 23.134367439349876605
13664.607998828634663 23.132843900624965983
13664.700993992100848 23.131323000073525264
13664.793848949339008 23.129804609421579897
13664.886572241648537 23.128288585528796517
13664.979173316492961 23.126774770524196612
13665.071662216090772 23.125262996903998669
13665.164049752596839 23.123753084672966196
13665.256347559707137 23.122244840507036656
13665.348568382327358 23.12073805302701146
13665.440725558015401 23.119232501278347058
13665.532832962198881 23.117727955629074899
13665.624905184431555 23.116224174893432064
13665.716957414242643 23.114720908199750227
13665.809001500472732 23.113217959334392049
13665.90104746473844 23.111715161996929879
13665.993103164830245 23.110212385274387259
13666.085181223928885 23.108709420521410749
13666.17729516687541 23.107206044459214667
13666.269459716835627 23.105702014340288031
13666.36169108195827 23.104197063279322322
13666.454008430924659 23.102690876190600022
13666.546432853168881 23.101183106771941311
13666.638986360585477 23.099673393800053134
13666.731693476218425 23.098161335223078794
13666.824581459388355 23.096646484505296115
13666.917680302345616 23.095128350698612252
13667.011023207118342 23.093606390683635965
13667.104647038546318 23.092080001802791855
13667.198592295084381 23.090548522357121186
13667.292903464811388 23.089011225822641649
13667.387629530645427 23.087467312637187433
13667.482824577853535 23.085915900323424665
13667.578548581996074 23.084356010675708859
13667.674868405796587 23.082786553547745001
13667.771858152915229 23.081206321124454917
13667.86960147848913 23.079613950317622084
13667.96819418150335 23.078007880587627199
13668.067745199665296 23.076386337803473481
13668.168378746626331 23.074747299502217146
13668.2702366256799 23.07308845728775637
13668.373480834490692 23.071407174504127369
13668.478296533787216 23.069700437998122311
13668.584895440144464 23.067964802994257667
13668.693520091152095 23.066196323786915201
13668.804448520633741 23.064390477782374944
13668.918000368155845 23.062542066220856896
13669.034544388188806 23.060645092153102098
13669.154508661820728 23.05869259447697317
13669.278390557708917 23.056676486116010949
13669.406773776850969 23.054587276980853972
13669.535734692595724 23.05248881976755726
13669.66400809778861 23.050401695204019603
13669.79161278456013 23.048325588841723999
13669.918567760816586 23.046260183107911246
13670.04489266265773 23.044205150582907748
13670.170607594254761 23.042160156592988329
13670.295732983415292 23.040124861547095492
13670.420291965701836 23.03809888214648538
13670.544305143859674 23.036081876613838659
13670.667793306749445 23.034073500450404026
13670.790778023059829 23.032073396768009133
13670.913279900511043 23.030081224587394928
13671.035313014916028 23.028096749414103783
13671.156898953517157 23.026119614851040751
13671.278055838909495 23.024149521084098069
13671.398802425343092 23.022186158256889854
13671.519156972994097 23.020229224766065812
13671.639140010447591 23.018278382335310539
13671.758773542693234 23.016333268887393615
13671.878075789913055 23.014393584076270116
13671.99706427680394 23.012459039045324971
13672.115755284265106 23.010529365333141527
13672.234164449249874 23.008604305113934174
13672.352307542749259 23.00668359854248024
13672.470199577564927 23.004766998253462162
13672.587854746672747 23.002854270357847355
13672.705070057429111 23.000948711858558937
13672.821941413600143 22.999048760718462603
13672.938680877186925 22.997150966756983337
13673.05545980311399 22.995252541756826759
13673.17212601690153 22.993355957098277287
13673.2886286445937 22.991462037444186706
13673.404979362840095 22.989570590713938714
13673.521189118580878 22.987681436803136137
13673.637268798371224 22.985794396699887443
13673.753229428222767 22.983909289233157125
13673.869084341406051 22.982025895829217177
13673.984848357791634 22.980143973849475714
13674.100531460264392 22.97826335938742659
13674.216144015064856 22.976383882402277692
13674.331697174033252 22.974505360177676749
13674.44719707324839 22.972627691631672064
13674.56265699459982 22.970750659606455457
13674.678091021934961 22.968874033995696493
13674.79351395287631 22.966997573175625291
13674.908939591025046 22.965121051767056315
13675.02437857377663 22.963244295949181151
13675.139848498491119 22.961367018831523978
13675.255368207223 22.95948891336622566
13675.370958064751903 22.957609647825041321
13675.486640217008244 22.955728861594220547
13675.602438841282492 22.953846161103854229
13675.718380373218679 22.951961116134484087
13675.834493876638589 22.950073253801502204
13675.95081144055257 22.948182052097195083
13676.067368491561865 22.946286934808345137
13676.184204189159573 22.944387265085946837
13676.301361801661187 22.942482339329863805
13676.418888560707273 22.940571389551756454
13676.536836786892309 22.9386535650701191
13676.655264599905422 22.936727920960699123
13676.774235371685791 22.934793426946182393
13676.893818017078956 22.932848962669073245
13677.014087087845837 22.930893316163057705
13677.135122598478119 22.928925186686534232
13677.257009790486336 22.926943188558173148
13677.379838726741582 22.924945857757570877
13677.503703696740558 22.922931661602440556
13677.628702211866766 22.920899015095137941
13677.754933626009006 22.918846303363658023
13677.882497829648855 22.916771902911516889
13678.011493602196424 22.914674208427861402
13678.142016475638229 22.912551667547280232
13678.274156718138329 22.910402813661370658
13678.407997407926814 22.908226297264018712
13678.543610994673145 22.906020941894453813
13678.68105625471253 22.903785793675602633
13678.820376038036557 22.90152015797574947
13678.961594130363665 22.899223650458527146
13679.104312621013378 22.896902744749755954
13679.24758676210331 22.89457280741300238
13679.391457275065477 22.892233179307808655
13679.535964959519333 22.889883200160991095
13679.681150892214646 22.887522205335478986
13679.827060924055331 22.88514945270523171
13679.973740330131477 22.882764209661864641
13680.121229383094033 22.88036582510219219
13680.269568943111153 22.877953638529017866
13680.418800547593492 22.875526978596393946
13680.568966498287409 22.873085161697915169
13680.717782549358162 22.870665334964765947
13680.86526580341706 22.868267222756287538
13681.011619011695075 22.865887530640272018
13681.157034308082075 22.863523136883319609
13681.30169223311168 22.861171108340052172
13681.44576107116518 22.858828711243557308
13681.589396612123892 22.856493415088223742
13681.732742278294609 22.85416289056945871
13681.875929579946387 22.851835002176908773
13682.019078848506979 22.849507796270657423
13682.162264624521413 22.847180063743579126
13682.305572765511897 22.844850411579610494
13682.449099603583818 22.842517276584565877
13682.592933842788625 22.840179219681388645
13682.737158156111036 22.837834899942446754
13682.881849845938632 22.835483063847153318
13683.02708168727986 22.833122531570257507
13683.172922588368237 22.830752186237710077
13683.319438051930774 22.828370966423058519
13683.4666904351634 22.825977861916246781
13683.614739021832065 22.8235719125438834
13683.763639911687278 22.821152209957151769
13683.913445824884548 22.81871790079903306
13684.06420588515175 22.816268190216149492
13684.215965405432144 22.813802345326802623
13684.368765793948114 22.811319696729764672
13684.522644684433544 22.808819636369133121
13684.676688132904019 22.806317015367117307
13684.830677267946157 22.803815390489010184
13684.984624329727012 22.801314563426128501
13685.138543153241699 22.798814309831165303
13685.292448341642739 22.796314392753060929
13685.446355322519594 22.793814561726950529
13685.600271036937556 22.791314704000502189
13685.754208794442093 22.788814603248145119
13685.908182391374794 22.786314035112901877
13686.062205932652432 22.783812770102265688
13686.216288581254048 22.781310658848710204
13686.370440234475609 22.778807539921182013
13686.524676174361957 22.776303164318100869
13686.679011033102142 22.773797293464685509
13686.833458747440091 22.771289699948916052
13686.98803258366388 22.768780167111074775
13687.142745218976415 22.766268487718939184
13687.297608872431738 22.763754461837603316
13687.452635467336222 22.761237894189708442
13687.607836792079979 22.758718591540525011
13687.763224646014351 22.756196360326168104
13687.918810802133521 22.753671007255391601
13688.074607249896872 22.751142335364360036
13688.230626266060426 22.748610142863672223
13688.386880383948665 22.7460742236334994
13688.543382549823946 22.743534364681931237
13688.700145960227019 22.74099034877883696
13688.857183973055726 22.73844195589397188
13689.014510052678816 22.735888964082544561
13689.172129176193266 22.733331288925658242
13689.330044619489854 22.730768873393060403
13689.488266120191838 22.728201555384060839
13689.646800664455441 22.725629217224842193
13689.805653778625128 22.723051764700603172
13689.964872897289752 22.720468423404039271
13690.124512517724725 22.717878304141621015
13690.284590496352394 22.715281111985618168
13690.445121253789694 22.71267660748813455
13690.606116952916636 22.710064587553116411
13690.767590814379219 22.707444831633658566
13690.929553462539843 22.704817161004310577
13691.092010803260564 22.702181473179809501
13691.254967416129148 22.699537686870201014
13691.418424543846413 22.696885774594292684
13691.582379150919223 22.69422577794361473
13691.746824180894691 22.691557803405494553
13691.911749673437953 22.688882004239829371
13692.077144051316282 22.686198559597521296
13692.24299537331899 22.683507654192020198
13692.409288204915356 22.680809529075052211
13692.576004655082215 22.678104464821881692
13692.743127577956329 22.675392729589724183
13692.910639580268253 22.672674595227444883
13693.078523190486521 22.669950334536824954
13693.246760959131279 22.667220219650154434
13693.415342173173485 22.664484413068951341
13693.584256200694654 22.661743075655333968
13693.753485584127702 22.658996478732106539
13693.923012203234975 22.656244904081390246
13694.092816972332002 22.653488648867615041
13694.262879502037322 22.650728031139539809
13694.433177789049296 22.64796339488439969
13694.603685999560184 22.645195146033689326
13694.774375662040256 22.642423733129838581
13694.945217848206084 22.639649611940782847
13695.116186557868787 22.636873190508342901
13695.287252602573062 22.634094928482756615
13695.458377920085695 22.631315429518323867
13695.629511591803748 22.62853550606581976
13695.800590978456967 22.625756161064437322
13695.971567971957484 22.622978161528614294
13696.142391825605955 22.62020231747179011
13696.313008400229592 22.617429494226055198
13696.483361531994888 22.61466059028876785
13696.653394172921253 22.611896518852294236
13696.82304862777346 22.609138204014254114
13696.992265897553807 22.606386591515487794
13697.160987526711324 22.603642618768361672
13697.329155763216477 22.600907212305060057
13697.496714248705757 22.598181276604140777
13697.663608041602856 22.595465693753467917
13697.829784205057877 22.592761313918106936
13697.995192936086823 22.590068936985034043
13698.159787496579156 22.587389313692902704
13698.323518776263882 22.58472323417630534
13698.486345762810743 22.582071357515136611
13698.648231607254274 22.579434275749751038
13698.809144171773369 22.576812504926490277
13698.969055906116409 22.574206487069215399
13699.127943500112451 22.57161659579529811
13699.285788450340988 22.569043127026510831
13699.442576956575067 22.566486300609629012
13699.59829894298673 22.563946276213904696
13699.752948888541141 22.561423139725135911
13699.90652524154757 22.558916912722818182
13700.059029970680058 22.556427559737780797
13700.210468031347773 22.553954996898223584
13700.360848457265092 22.551499074039526249
13700.510192619485679 22.549059439681929717
13700.658513437494548 22.546635880492107873
13700.80582634611892 22.544228142186007346
13700.952159570675576 22.541835761454915854
13701.097528845286433 22.53945847916179801
13701.241951237425383 22.537096014439367053
13701.385445211464685 22.534748063608393664
13701.528029883378622 22.532414312334012152
13701.669725189090968 22.530094432841252683
13701.810551707223567 22.527788086785424326
13701.950530401509241 22.525494929443222958
13702.089682611738681 22.523214609837530986
13702.228029804042308 22.520946774807804047
13702.365593562835784 22.518691069124454174
13702.502395500387138 22.516447136954862884
13702.638447176681439 22.514214787270667273
13702.773770086529112 22.511993665994356917
13702.908379898581188 22.509783514540465887
13703.042298169964852 22.507583977523857754
13703.175546248174214 22.505394702792703043
13703.308145200482613 22.50321534257965439
13703.440115803161461 22.501045553672749833
13703.57147855664698 22.498884997160022436
13703.702253696594198 22.49673333824182464
13703.832461217474702 22.494590245836576514
13703.962121003925859 22.492455390412036564
13704.091252601105225 22.490328447758304975
13704.219875437491282 22.488209095313003161
13704.348008581257091 22.486097016168585583
13704.475671273499756 22.483991890275976999
13704.602882764007518 22.481893397135987556
13704.729662219000602 22.479801217308519767
13704.856028831580261 22.477715030577890332
13704.982001828726425 22.475634515822964232
13705.107600544004526 22.473559349801536911
13705.232844420370384 22.471489207086936091
13705.35775323211783 22.469423756380269452
13705.482346338829302 22.467362672830009984
13705.606644837625936 22.46530560240631047
13705.730669094087716 22.463252202713743344
13705.854439236138205 22.46120213481966843
13705.977979347806468 22.459154993739204542
13706.101309301086076 22.457110443716416626
13706.224450485637135 22.455068123311455963
13706.347422940412798 22.453027692933428483
13706.470246748396676 22.450988811716417359
13706.592942017789028 22.44895113781457141
13706.715528850087139 22.446914328915205772
13706.838027326824886 22.444878042443139776
13706.960457252502238 22.442841939821033037
13707.082838701187939 22.440805677366451931
13707.205192444765999 22.438768899133460621
13707.327538431460198 22.436731262211715432
13707.449891190188282 22.434692513336994324
13707.572267637131517 22.432652358921551183
13707.694689509253294 22.430610424340166276
13707.817177216535129 22.428566356328818898
13707.939751276004245 22.426519799071606087
13708.062429451876596 22.424470441962593981
13708.185226648756725 22.422418021491605344
13708.308160609798506 22.420362226038932363
13708.431252021775435 22.418302693972943729
13708.554521960588318 22.416239056272260655
13708.677991912614743 22.414170936127160161
13708.80168532389871 22.412097922925902083
13708.925627117539989 22.410019580231917757
13709.049841888696392 22.407935475978028705
13709.174354420818418 22.405845173782669377
13709.299190368361451 22.403748221437890464
13709.424376548282453 22.401644145932721131
13709.549940894543397 22.399532454125033354
13709.675912565804538 22.397412630834395486
13709.802322073557661 22.395284136580443146
13709.929201654504141 22.393146401192662864
13710.056585069378343 22.390998827064770182
13710.184507633068279 22.388840788513313385
13710.313006974738528 22.386671618802065353
13710.442122890985047 22.384490612435307355
13710.571910524198756 22.382296802140395187
13710.702425800714991 22.380089204304741912
13710.833711678600594 22.377867051678471455
13710.96581350120141 22.375629533888734102
13711.098778986724938 22.373375797384394303
13711.23265812410682 22.371104946960954862
13711.367499198795485 22.368816112997823353
13711.503352716023073 22.366508384782477492
13711.640275004430805 22.364180748967925183
13711.778323423182883 22.361832170635807415
13711.917555826017633 22.359461602209822928
13712.05802995522572 22.357067993597954825
13712.199802727140195 22.354650304227870805
13712.34292938681574 22.352207517369986789
13712.48746251702687 22.349738657016644083
13712.633451095938653 22.34724280401904295
13712.78093981532038 22.344719107853890705
13712.926082134925309 22.342233384718724665
13713.068964928999776 22.3397842293594735
13713.209944410802564 22.337365608962581831
13713.349298589007958 22.334972813417234505
13713.487245773794712 22.332602143037075137
13713.623958707652491 22.330250669847590217
13713.759576859052686 22.327916029221373861
13713.894215430673285 22.325596267038161358
13714.02797168320285 22.323289732350691139
13714.16093053682016 22.320994981960367909
13714.293173717200261 22.318710623242218105
13714.424769328763432 22.316435494689557117
13714.555779999469451 22.314168525896327822
13714.686264490539543 22.311908710040778914
13714.816278796477491 22.309655085065454472
13714.945877611138712 22.30740670840510731
13715.075113932573004 22.305162663913904453
13715.204040204678677 22.302922042107653056
13715.332708824467773 22.300683931340454791
13715.461172621853621 22.298447409411320308
13715.589485401982529 22.296211534033677282
13715.717702650586943 22.293975330406684776
13715.845882506682756 22.291737774046666232
13715.974074786963683 22.289497982377003638
13716.102325752068282 22.287255131939861741
13716.230707279770286 22.285007947747903501
13716.359300612513834 22.282754986036891864
13716.488199302910289 22.280494581735684534
13716.617512531549437 22.278224789078887369
13716.747368758615266 22.275943315980757831
13716.87792022206304 22.273647443089632958
13717.009344695925392 22.271333990556826166
13717.141847835335284 22.268999274171331848
13717.275667865704236 22.266639019743191596
13717.411078200482734 22.264248313394826795
13717.548389736815807 22.26182155702190002
13717.687953141046819 22.259352423374959784
13717.830161578012849 22.256833802631948771
13717.975451855512802 22.254257776289122717
13718.124353189157773 22.251614744567412174
13718.277736925552745 22.248888973628236698
13718.430024763578331 22.246179468227207821
13718.580376528898341 22.243501251413515973
13718.728848587374159 22.240853418794582552
13718.875502853514263 22.238234962234852077
13719.020405519609994 22.2356447920316036
13719.163620674207777 22.233081850770837207
13719.305220339703737 22.230544933637055749
13719.44527725282569 22.228032817207893146
13719.583863374158682 22.225544286201689204
13719.721050883332282 22.223078115695621193
13719.856910613720174 22.220633099328377824
13719.991511675418224 22.218208056267339856
13720.124921301412542 22.21580183418957688
13720.257204256495243 22.213413320175934729
13720.388422896658085 22.211041439906839656
13720.518637316761669 22.208685155248179655
13720.647904519946678 22.206343479546951869
13720.776279407740731 22.204015459984333347
13720.903815762545491 22.20170015994754209
13721.030564048243832 22.199396699140333311
13721.156573022473822 22.197104224565066488
13721.28189047986416 22.19482189714927145
13721.406559938479404 22.192548952285022779
13721.530624867446022 22.190284623042916934
13721.654128142625268 22.188028150124946336
13721.777111108045574 22.185778799093657909
13721.89961451083218 22.183535843387936382
13722.021679288511223 22.181298549935227982
13722.143345847087403 22.179066192376719613
13722.264655570359537 22.176838023370347486
13722.385651276003045 22.17461326609202743
13722.506378489088092 22.172391090626604182
13722.626883109414848 22.170170656689386135
13722.747214936071032 22.167951048518762747
13722.867425755135628 22.165731309796580462
13722.987573225298547 22.163510371555350531
13723.107718695304357 22.161287091967629692
13723.227899828973023 22.159060763318787934
13723.348189020656719 22.156830030436811541
13723.468663917972663 22.154593434693769183
13723.589410840928394 22.152349349810918966
13723.710525839980619 22.150095961176280213
13723.832115834460637 22.147831243500476717
13723.954299218519736 22.145552948223091505
13724.077207957598148 22.143258562950244084
13724.200988340446202 22.140945295700145579
13724.325803809959325 22.138610020050450089
13724.451837408829306 22.136249227032141818
13724.579291283152997 22.133859031769237191
13724.708389330999125 22.13143512092787546
13724.839379481643846 22.128972706546598204
13724.97253638715847 22.126466471525002788
13725.108164762361412 22.123910502180525128
13725.24660412459707 22.121298193482296313
13725.38823237077122 22.118622175044201583
13725.533470278485765 22.115874218417456376
13725.682789754448095 22.113045071791749052
13725.83672226887029 22.110124288754253286
13725.995867927988002 22.107100042084148583
13726.160905687724153 22.103958912380640811
13726.327257921799173 22.100787663820732121
13726.488050062183902 22.097717506823194356
13726.64380242869629 22.094738949757228852
13726.795008186882114 22.091842950584993588
13726.942128419497749 22.089021018690495168
13727.085590768487236 22.086265248291276464
13727.225790482358207 22.083568305198692627
13727.363091039655046 22.080923421070533408
13727.497827505399982 22.078324334370091009
13727.630307564832037 22.075765275320073044
13727.760814912837304 22.073240904794950268
13727.889609358577218 22.070746316097810791
13728.016939210134296 22.068276798192311361
13728.143021686484644 22.06582821818709661
13728.268056281393001 22.063396765503032526
13728.392225847854206 22.060978933127447732
13728.515697703047408 22.058571498219677665
13728.63862470960521 22.056171502946181562
13728.761146355918754 22.053776235121382854
13728.883383123389649 22.051383340148262846
13729.005451837367218 22.048990522227967404
13729.127459162029481 22.046595672425141288
13729.249484839439901 22.044197199474353965
13729.371591626262671 22.041793837477705154
13729.493865783791989 22.03938384943458928
13729.616387290465354 22.036965612152084049
13729.739230940620473 22.034537595132032806
13729.862467289816777 22.032098342315926232
13729.986163575093087 22.029646454168066327
13730.110384558189253 22.027180571130042352
13730.235193289319795 22.02469935850520244
13730.360651792958379 22.022201492755133501
13730.486821680837238 22.0196856491143933
13730.613764698344312 22.017150490409889585
13730.74154321352944 22.01459465690909667
13730.870220658343897 22.012016757010403722
13730.999861932126805 22.00941535857873177
13731.130533777910387 22.006788980715938919
13731.262305140939134 22.004136085776060838
13731.395247518381439 22.001455071441345268
13731.529435308180837 21.998744262693332274
13731.664946162836713 21.996001903552389933
13731.80186135330041 21.993226148470530035
13731.940266146872091 21.990415053285943259
13732.080250202028765 21.987566565663897222
13732.221907982371704 21.984678514964262064
13732.365339191379462 21.981748601480134653
13732.510649229323462 21.978774384998477132
13732.657949673437543 21.975753272636055158
13732.80735878212181 21.97268250590851224
13732.959002023482753 21.969559146996960664
13733.113012627758508 21.966380064189944932
13733.269532163158146 21.963141916475770188
13733.428711127631686 21.959841137402673183
13733.590709536127179 21.956473918594475947
13733.755697360989871 21.953036195856892476
13733.92385525224563 21.949523628966225886
13734.095375233546292 21.945931581378019359
13734.270460988558625 21.942255107918136048
13734.449328134141979 21.9384889422213476
13734.632204243693195 21.93462748889253433
13734.819328493376815 21.93066482316195831
13735.010950755968224 21.926594701917530017
13735.207329906028463 21.922410591419254189
13735.408731024152075 21.918105718809599125
13735.615421099642845 21.913673156678882492
13735.819551369357214 21.909280790191605348
13736.020612028496544 21.904940061748739311
13736.218756219603165 21.900648186738866485
13736.410142783352057 21.896489284087365945
13736.594696870721236 21.892466298778661127
13736.772922752730665 21.88856948923615775
13736.945363130964324 21.884788113087640937
13737.112569119446562 21.881111082920497779
13737.275080544979573 21.87752740582580202
13737.433413057826328 21.874026478955514108
13737.588049622805556 21.870598291615575448
13737.739434912327852 21.867233564731012763
13737.887972232025277 21.863923834666007195
13738.034022165047645 21.860661498625223231
13738.177903086563674 21.857439817661351356
13738.319893229718218 21.854252883864571544
13738.460233988549589 21.851095558372787053
13738.599134104986661 21.847963387849262062
13738.736774371713182 21.844852507561714816
13738.873312504609203 21.841759538840545218
13739.008887887423043 21.838681487707699347
13739.143625945844178 21.83561565032594487
13739.277642074022879 21.832559527218762696
13739.411044959218998 21.829510749993339402
13739.543939467052041 21.826467017085381173
13739.676429240083962 21.823426035193421058
13739.808619312751034 21.820385459543508944
13739.940619124092336 21.817342824187264227
13740.072546335202787 21.81429545279836546
13740.204503003913487 21.8112410088734201
13740.336592889867461 21.808177097779914533
13740.468979074168601 21.805099925709207298
13740.601854280273983 21.802004977422736687
13740.735447392697097 21.798886856787088817
13740.870028052957423 21.795739170298613629
13741.005908175113291 21.792554481306648739
13741.143440544610712 21.789324332003936036
13741.283015764425727 21.786039304264999572
13741.425060034523995 21.782689061076514037
13741.570036680421254 21.779262299151138649
13741.718453950476032 21.775746551487703329
13741.871310329215703 21.772117587595403165
13742.030209175949494 21.768336543203922417
13742.197018365026452 21.764357861193129651
13742.373967726702176 21.760126846840609716
13742.557433560512436 21.755728705489339347
13742.74073110126119 21.751323172469266609
13742.923899535424425 21.746909408137408803
13743.10697150298256 21.742486720434090586
13743.289985386203625 21.738054268811058733
13743.472979915230098 21.733611193576265919
13743.655986089070211 21.729156812670382237
13743.839031801931924 21.724690510980963154
13744.022157029079608 21.720211369406996482
13744.205402505192978 21.715718439276177065
13744.388358246067583 21.711221851738518041
13744.562068427421764 21.70694260266002118
13744.729316653476417 21.702813482876404549
13744.8924747367073 21.698776824423184451
13745.052290595034719 21.694814739123135183
13745.209473867333145 21.690910122366606316
13745.364688697967722 21.687046851282712367
13745.518554162286819 21.68320979190376363
13745.671629360147563 21.679385187623921638
13745.824400927196621 21.675560989629790498
13745.977229458752845 21.671728220875138504
13746.130337162700016 21.667881317175083922
13746.284024656057227 21.664012697734634116
13746.438539054244757 21.660116076881028135
13746.591828731181522 21.65624325446633236
13746.743576634882629 21.652402464353112777
13746.894017724016521 21.648587985782100418
13747.043365618435928 21.644794595435588036
13747.191813679331972 21.641017545969237545
13747.339536445490012 21.637252534867016607
13747.486690987019756 21.63349567477843749
13747.633418413621257 21.629743459345448287
13747.779845370811017 21.625992728786716413
13747.926085561932268 21.622240634307853924
13748.072241254931214 21.618484602414241635
13748.218401429727237 21.614722385305149999
13748.364611308246822 21.610952850051500462
13748.510950839216093 21.607173959451269951
13748.65749316604888 21.603383840061972876
13748.804305715128066 21.599580755521422759
13748.951451132385046 21.595763083513617175
13749.098988060928605 21.591929296619301937
13749.246971766438946 21.588077946925622541
13749.395454623381738 21.584207654102073093
13749.54448647535537 21.580317096637198659
13749.694114882919166 21.576405005923891878
13749.844385282958683 21.572470162596182774
13749.995341076662953 21.568511394695256911
13750.147023678982805 21.564527576821397759
13750.299472534732558 21.56051763014730227
13750.452725096545691 21.556480523428451335
13750.606816798601358 21.552415274126520472
13750.761781030751081 21.548320949524189416
13750.917649113584048 21.544196667817193003
13751.074450278958466 21.540041599062870858
13751.232206465325362 21.535855103834666835
13751.390936401841827 21.531636626040548066
13751.550661041148487 21.527385548860426212
13751.711398950163129 21.523101317273372501
13751.873166295354167 21.518783438923460238
13752.035976833480163 21.514431484840255138
13752.199841907611699 21.510045090017335667
13752.364776673999586 21.505623786837844591
13752.52990730248348 21.501190987823218137
13752.693849919811328 21.496783957998367498
13752.856641346848846 21.492401896536545536
13753.018320935023439 21.488043925336985041
13753.178929071984385 21.483709129188316211
13753.338507941492935 21.479396535299638771
13753.497101208751701 21.475105121773385264
13753.654750839767075 21.470833903846649804
13753.81150348817755 21.466581761076863444
13753.967407542515502 21.462347517064923608
13754.122514142014552 21.458129911798963008
13754.276872109181568 21.45392773951063603
13754.430532073331051 21.449739736845391036
13754.583542344662419 21.445564695468554817
13754.735949158761287 21.441401455972904699
13754.887795466043826 21.437248941531620972
13755.039110217128837 21.433106452076426507
13755.189927923873256 21.428973130148026627
13755.340281678933025 21.424848151827905696
13755.490194832658744 21.420730955784634375
13755.6396875184073 21.416621065290556203
13755.788792277295215 21.412517658548104293
13755.93752711110028 21.408420309774040646
13756.085905663823723 21.404328710398523583
13756.233939290659691 21.400242612585660851
13756.381638496637606 21.396161789826418698
13756.529014384674156 21.392085997032872058
13756.676079694459986 21.388014941733633378
13756.822851341743444 21.383948213518287673
13756.969351966137765 21.379885240609542763
13757.115611163964786 21.375825254964102129
13757.261669702953441 21.371767174324801886
13757.407588382491667 21.367709354425976187
13757.553430180021678 21.36365008379920738
13757.69927236937292 21.359587245924014809
13757.845164803964508 21.355519481304924057
13757.991211961631052 21.351443900393899611
13758.137539944469609 21.347356999298401803
13758.284299629576708 21.343254569308182766
13758.431667990202186 21.339131657205872017
13758.579852034054056 21.334982452088773641
13758.729096599121476 21.330800063479035344
13758.87969402336239 21.326576245726986514
13759.032000635243094 21.322300929439716555
13759.18645737143197 21.317961634453450159
13759.343616682219363 21.31354270276159113
13759.504176788839686 21.309024320154545507
13759.669024981090843 21.304381277344806023
13759.839296718560945 21.299581277581470573
13760.016461726308989 21.294582470890340176
13760.202446407942261 21.289329944542515705
13760.388926761412222 21.284058469614716813
13760.574068263977097 21.278819993446958847
13760.574068263977097 21.278819993446958847
13760.574068263977097 21.278819993446958847
13760.574068263977097 21.278819993446958847
13760.574068263977097 21.278819993446958847
13760.574068263977097 21.278819993446958847
13760.757699242503804 21.273619538216163249
13760.939656219796234 21.268461907265418631
13761.119865620354176 21.263349364354908744
13761.298429371852762 21.258279190584573826
13761.475652530161824 21.25324287819396929
13761.651971346311257 21.248228154408437263
13761.827818469801059 21.243222806237319844
13762.003510422502586 21.238217889197681387
13762.179208354747971 21.233208860779527072
13762.354935612333065 21.228195097000771341
13762.530695340259626 21.223176548564925525
13762.706414038488219 21.218155356623682906
13762.882021262450507 21.213133580952824531
13763.057466145091894 21.208112726457162722
13763.232716029724543 21.203093780131172963
13763.40775060161468 21.198077377312937841
13763.582545200957611 21.19306427910810342
13763.756386952762114 21.188075006804016454
13763.927419432109673 21.183162990970732409
13764.096333340652563 21.178308575688632232
13764.263665498248884 21.173496474201868978
13764.429847891255122 21.168714374032237657
13764.59525478696014 21.163951591291656484
13764.760185054503381 21.159199586673182125
13764.924908481143575 21.154450637353175324
13765.089649573232236 21.149698307643774342
13765.254523945533947 21.144939290061191883
13765.419732094453138 21.140167816846055615
13765.585457273633438 21.13537860511244304
13765.751868484210718 21.130566772091388117
13765.919122826089733 21.125727768502326143
13766.087366417763405 21.120857353089537156
13766.256755311382221 21.115950987700085051
13766.427433282447964 21.111004480469073741
13766.599512612481703 21.106014544360867546
13766.773099186177205 21.100978071451145013
13766.948293156725413 21.095892114200186285
13767.12518000531054 21.090754145745130188
13767.30384656199567 21.085561595400108104
13767.484395404240786 21.080311429787716548
13767.66693155763096 21.075000538671897488
13767.851564534354111 21.06962567545551579
13768.038312552778734 21.064186247450098932
13768.225025841802562 21.058744861075798127
13768.411705148506371 21.053301535666893329
13768.598351213440765 21.047856290201476526
13768.784964770737133 21.042409143297916785
13768.971546548364131 21.036960113214622226
13769.158097268214988 21.031509217846775073
13769.344617646172992 21.026056474722722101
13769.52781713742479 21.020698188627513048
13769.705475653878239 21.01549951428166807
13769.879114529152503 21.010416159466380748
13770.049938945045142 21.005413004478697303
13770.218598289153306 21.000471151413027115
13770.38558825297514 20.995576172717527186
13770.551300701979926 20.990716659513822151
13770.71604039534941 20.985883738333399151
13770.880044370755058 20.981070507983172746
13771.043499333121872 20.976271533364542421
13771.206556064964388 20.971482425391037907
13771.369340923478376 20.966699505414752025
13771.53196496279088 20.961919538611144986
13771.694531159308099 20.957139522496568418
13771.857119592337767 20.952357123488614121
13772.019801901333267 20.947570252763139109
13772.182682656604811 20.942775848827004381
13772.34587258062129 20.937970664564119261
13772.509491025253737 20.933151194055856337
13772.673667847955585 20.928313616967066935
13772.838545904614875 20.923453724642044449
13773.004284813900085 20.918566808557041981
13773.171066735889326 20.9136474891308346
13773.339105107897922 20.908689456930645179
13773.508656671794597 20.903685116202542105
13773.680062943565645 20.898624358271245427
13773.853746523307564 20.893494666495751488
13774.030186609359589 20.888281835905349482
13774.20992571496754 20.882969771868179265
13774.393540736846262 20.87754134233438208
13774.579481841539746 20.872042299813827526
13774.765411656178912 20.866541761467370719
13774.951330814274115 20.861039734661623868
13775.137239951403899 20.855536226521696364
13775.323139705640642 20.850031243933088376
13775.509030717859787 20.844524793545819108
13775.694913632025418 20.839016881777286727
13775.880789095323053 20.833507514818496276
13776.066657758250585 20.827996698640671269
13776.252520274660128 20.822484439001822665
13776.438377301748915 20.816970741453101112
13776.624229500026559 20.811455611345344607
13776.810077533245931 20.805939053834077157
13776.995922068301297 20.800421073885701162
13777.181763775111904 20.794901676283323866
13777.3676033265765 20.789380865629091488
13777.553441398513314 20.783858646349429478
13777.739278669463602 20.778335022702467683
13777.92511582046609 20.772809998785177754
13778.11095325383576 20.767283586897715253
13778.29679159324769 20.761755792676776622
13778.482631524946555 20.756226619812128575
13778.66847373687051 20.750696071858307334
13778.854318918445642 20.745164152241951427
13779.040167760358599 20.739630864267887489
13779.226020954318301 20.734096211125496723
13779.411879192868582 20.72856019589747234
13779.597743169355454 20.723022821573596985
13779.78361357790709 20.7174840910524658
13779.969491113231925 20.711944007144385438
13780.155376470358533 20.706402572575690613
13780.341270344357326 20.700859789992499316
13780.527173430074981 20.695315661964123422
13780.713086421850676 20.689770190985800724
13780.899010013235966 20.684223379480879856
13781.084944896725574 20.678675229802280455
13781.27089176352456 20.673125744232095258
13781.456851303330041 20.667574924981128248
13781.642824204132921 20.662022774192998043
13781.828811152019625 20.656469293942812726
13782.01481283101748 20.650914486234018597
13782.200829922981939 20.645358352998165685
13782.386863107583849 20.639800896098694949
13782.572913062267617 20.634242117324458121
13782.75898046209295 20.628682018386609087
13782.945065979603896 20.623120600915331835
13783.131170284701511 20.617557866456646565
13783.317294044545633 20.611993816469244223
13783.503215654522137 20.606435098185247767
13783.6883333419064 20.600899730351361683
13783.872687733010025 20.595386527472179239
13784.056320822601265 20.58989426181170046
13784.239276658729068 20.584421642948999676
13784.421599712906755 20.578967366570623199
13784.603336887161277 20.573530054475327233
13784.78453508360144 20.568108327324882367
13784.96524203797162 20.56270077976198607
13785.145507684763288 20.557305939604333389
13785.32538311791177 20.551922298980219495
13785.504920223193039 20.546548325374619282
13785.684171631619392 20.541182463070477127
13785.863190689795374 20.535823134083216246
13786.042031313154439 20.53046874260090604
13786.220748246525545 20.525117667228869323
13786.39936397447309 20.519769251893752227
13786.576047899625337 20.514478333730487236
13786.751201323753776 20.509232921043292208
13786.925153974927525 20.504023161759523219
13787.098177723830304 20.498840933604355996
13787.270507493731202 20.493679218547111276
13787.442334796051 20.488532296962123525
13787.613830238378796 20.483395073877783688
13787.785139601950505 20.478263196778748068
13787.95639550476335 20.473132706480193121
13788.127686780462682 20.468000954714785422
13788.299102596116427 20.462865282655041455
13788.470753977560889 20.457722376032151601
13788.642747743777363 20.452569046091980454
13788.81518830562527 20.447402175788514711
13788.98817980149397 20.442218655865502797
13789.161827782034379 20.437015334438367375
13789.3362421178972 20.431788929917608755
13789.511537496844539 20.426536016162735621
13789.687834632642989 20.42125298631264485
13789.865266684533708 20.415935860462809615
13790.043971360544674 20.410580522353072297
13790.224094241400962 20.405182619823069246
13790.405801060258455 20.399737196879776491
13790.589276196515129 20.39423873889979788
13790.774724745697313 20.388681110686217579
13790.962187087572602 20.383063113723121518
13791.14969449088494 20.377443760451527055
13791.337247483803367 20.371823047215556812
13791.524846588265063 20.366200970243962587
13791.712492319846206 20.360577525653496878
13791.900185187665556 20.354952709448852488
13792.086259424861055 20.349376451917223108
13792.269922995323213 20.343872497193551396
13792.451725161117793 20.338424392595285894
13792.632173676651291 20.333016929254789318
13792.811756207234794 20.327635500479669162
13792.990967612962777 20.322265284376889838
13793.170247906215081 20.316893103202215087
13793.3499351678729 20.31150883424275122
13793.530597262648371 20.306095470244194701
13793.712862415415657 20.300634196801183862
13793.897435982369643 20.29510389032329698
13794.085123445242061 20.289480429679819906
13794.273452096471374 20.283837913256544283
13794.461834109088159 20.27819396064303703
13794.650269884283261 20.272548566483933996
13794.838759815405865 20.266901725354955488
13795.02730428797986 20.26125343176474658
13795.215903679709299 20.25560368015731072
13795.404558360514784 20.249952464914507289
13795.59326869258075 20.244299780358236518
13795.78203503043369 20.238645620752574672
13795.970857721040375 20.232989980305120525
13796.159737103918815 20.227332853168167759
13796.34867351128014 20.221674233439276946
13796.537667268183213 20.216014115161616616
13796.726718692711074 20.210352492324012985
13796.915828096165569 20.204689358860594695
13797.10483489577382 20.199029526349715269
13797.291790111041337 20.193431355866358956
13797.477256606349329 20.187877988820968511
13797.661771900504391 20.18235332794686343
13797.845844413337545 20.17684214955640698
13798.029830401022991 20.171333787762648626
13798.213045191823767 20.165848740676228346
13798.39577262999228 20.160378509391772894
13798.578264256593684 20.154915563212391305
13798.760748096001407 20.149453076455539957
13798.943339963045219 20.14398758310355575
13799.126243797654752 20.138512979905204503
13799.30965625558747 20.133023382507630572
13799.493775680666658 20.127512856895918958
13799.678779187128384 20.121976105275102498
13799.864824659412989 20.116408406100383388
13800.052069366203796 20.110805056944940361
13800.240669502189121 20.105161388215353924
13800.430787007431718 20.099472559102309788
13800.621083617284967 20.093778616788089408
13800.811443582448192 20.088083024409495891
13801.001867142595074 20.082385774235124387
13801.192354538225118 20.076686858428441695
13801.382906010952865 20.070986269044180261
13801.573521803737094 20.065283998026782086
13801.764202161088178 20.059580037209396863
13801.95494732924999 20.053874378313256699
13802.144210207734432 20.048213295059550632
13802.330043235140693 20.042655031039050328
13802.513034940111538 20.03718197073860452
13802.693768436327446 20.031776663662316906
13802.872801881876512 20.026422408554861221
13803.050652479860219 20.021103731613390408
13803.227807711404239 20.015806050269773664
13803.40473804044268 20.010515293063569686
13803.581769870688731 20.0052216982724822
13803.759184238953821 19.999916862132852913
13803.937367212385652 19.994589241832024129
13804.116703637482715 19.989227332794136771
13804.297592584789527 19.983819206942449398
13804.480447126936269 19.978352519442715618
13804.66570077184042 19.972814316507726318
13804.853851867625053 19.967189708153309624
13805.041616789581894 19.961576859034114051
13805.229081585031963 19.955973195238595252
13805.416491852471154 19.950371374402561031
13805.604011513261867 19.944766496691986646
13805.791898263976691 19.939150860469641913
13805.980474134907126 19.933514842782923182
13806.170105320270522 19.927847502563736271
13806.361210510151068 19.922136331944269472
13806.553591880980093 19.916387248787078335
13806.746045112478896 19.910636246570213359
13806.938570533620805 19.904883317529247222
13807.131168478113977 19.899128454143831135
13807.323839284708811 19.893371649152868486
13807.516583297532634 19.887612895563346882
13807.709400866300712 19.881852186663284243
13807.902292346416289 19.876089516039009197
13808.095258099099738 19.870324877587957957
13808.288298491494061 19.864558265532259895
13808.481413896852246 19.858789674435431749
13808.674604694984737 19.853019099217100063
13808.867871272579578 19.847246535159474234
13809.061214023335197 19.841471977925149162
13809.254633348175048 19.835695423573199037
13809.44812965541314 19.829916868569341659
13809.641703360923202 19.824136309798756628
13809.835354888415168 19.818353744575496478
13810.02908466970257 19.812569170648274053
13810.222893144828049 19.806782586205194718
13810.416780762101553 19.800993989879568602
13810.610747978165818 19.795203380752752764
13810.804795258080048 19.789410758352840247
13810.998923075399944 19.783616122655111269
13811.193069187882429 19.777821346181980289
13811.385537978359935 19.772077048478504224
13811.576747499135308 19.766370758255327189
13811.767058108674973 19.760691729574141107
13811.95680287938012 19.755030034130445671
13812.146264428396535 19.749377252409942685
13812.335705669571325 19.743725555895341728
13812.525263020354032 19.738070892630940278
13812.715169746130414 19.732406324066047887
13812.905667235254441 19.726724672705472585
13813.096998158320275 19.721018726479659477
13813.289411077792465 19.715281101602702307
13813.483164761732041 19.709504114374482242
13813.678453477763469 19.703682008784149104
13813.873830750184425 19.697857939793724569
13814.069297194848332 19.692031913894442852
13814.264853437014608 19.686203937923416163
13814.460500111403235 19.68037401905481687
13814.656237862220223 19.674542164790207011
13814.851065112261495 19.668738237467771057
13815.043495071364305 19.663006534327660546
13815.234165232375744 19.657328066467233185
13815.423682663333238 19.651684761072591101
13815.61269454041576 19.646057361551388709
13815.801814653841575 19.640427616772097252
13815.991568138621005 19.634779925959573887
13816.182887281705916 19.629086584205726496
13816.376935893134942 19.62331301911170911
13816.573599352897872 19.617462712802868907
13816.770361433300423 19.611610570736687009
13816.967222892133577 19.605756603744307398
13817.164184496941743 19.59990082289757396
13817.361247025000921 19.594043239503953657
13817.558411263325979 19.58818386510179721
13817.755678008663381 19.582322711455152131
13817.953048067491181 19.576459790548749851
13818.150522256006298 19.57059511458332679
13818.348101400126325 19.564728695970927674
13818.542671953362515 19.558952984794274244
13818.731971291979789 19.553335091339565821
13818.916787889382249 19.547851543637026595
13819.097734294287875 19.542484108099895224
13819.271542890590354 19.537329623722666128
13819.439079149982717 19.532362308966028763
13819.601229368088752 19.527555788697341654
13819.758850433023326 19.522884582826126376
13819.91272718071923 19.51832536825846276
13820.063559493934008 19.513857358335418013
13820.211959237105475 19.509462390661958864
13820.358453113492942 19.505124839610122223
13820.503493667476505 19.500831287937444358
13820.647466771175459 19.49657030292912907
13820.790711828880376 19.49233183659715607
13820.933501398858425 19.488107827084338197
13821.076066103987614 19.483891459941553137
13821.218605132007724 19.479676856445440336
13821.361219372782216 19.475461048976470124
13821.504062082778546 19.471239525496674361
13821.64728509550514 19.467007820695691578
13821.791030285488887 19.462761768238095783
13821.935433649192419 19.45849738008505625
13822.080628835501557 19.454210742250722888
13822.226750322808584 19.449897921161017678
13822.373936355268597 19.445554877285182727
13822.522331626294545 19.44117738638944104
13822.672089605328438 19.436760971477678339
13822.823374294624955 19.43230085169778576
13822.976361157576321 19.427791915809915935
13823.131237006189622 19.423228726435080915
13823.288198777001526 19.418605557108879367
13823.44745126890848 19.413916459909355439
13823.609196057439476 19.409155592710362725
13823.773613439965629 19.404317750852776214
13823.940865139220477 19.399398287225874782
13824.111107184344291 19.394392733287968866
13824.284492572265663 19.389296721238295618
13824.461174768159253 19.384105881749778888
13824.641311748639055 19.378815726060537372
13824.825069686481584 19.373421538953831345
13825.012626704185095 19.367918270103107403
13825.204176405952239 19.362300432347865353
13825.399931189791459 19.356562006886793625
13825.600125509814461 19.350696350444618332
13825.802312916663141 19.344775333462383315
13826.004645658875233 19.338853164958248243
13826.207125059732789 19.332929863094538092
13826.409752456849674 19.327005446262415234
13826.612529202020596 19.321079933100090642
13826.815456661037388 19.31515334251276883
13827.018536213496191 19.309225693694227033
13827.221769252575541 19.303297006150003767
13827.425157184807176 19.297367299721784661
13827.62870142985048 19.291436594606352628
13827.832403420487026 19.28550491133671585
13828.036264602695155 19.279572270789643085
13828.240286435600865 19.273638694207800626
13828.44357663046685 19.267730171589267485
13828.644805202271527 19.261885335208447145
13828.844548720226157 19.256087392466088914
13829.043290642770444 19.250322292907195987
13829.24142485565244 19.244578617616362237
13829.439287919889466 19.238846637524662953
13829.637166592674475 19.233118090977903591
13829.835194907360346 19.22738915604791643
13830.033614286980082 19.221652918638358898
13830.232639998144805 19.215903240669810259
13830.432466313321129 19.210134609169699615
13830.633270879796328 19.204342008828078292
13830.835221067411112 19.198520738053314716
13831.038477695816255 19.192666301285687069
13831.243197897198115 19.186774326681721448
13831.449536338855978 19.180840531361710077
13831.656453772673558 19.174894943155710081
13831.863559609242657 19.168948878764375365
13832.070855526886589 19.163002370738109192
13832.278343213374683 19.15705545250200359
13832.486024365549383 19.151108158384875679
13832.69390068897701 19.145160523646989503
13832.901973897754942 19.139212584518517701
13833.110245714407938 19.133264378228385993
13833.318717869762622 19.127315943035458901
13833.52739210274558 19.121367318255199308
13833.736270160134154 19.115418544286129077
13833.945353796269046 19.109469662632797338
13834.15464477266687 19.10352071592786416
13834.364144857652718 19.097571747957005073
13834.573855825996361 19.091622803683339527
13834.783779458524805 19.085673929270097204
13834.993917541773044 19.079725172111821507
13835.204271867760326 19.073776580863722074
13835.414844233760959 19.067828205459434798
13835.625636441933239 19.061880097124621614
13835.836650298999302 19.055932308401008157
13836.047887616021399 19.049984893167927424
13836.259350208287287 19.044037906668751958
13836.471039895226568 19.038091405528824396
13836.680145766860733 19.032224321037148229
13836.886876794440468 19.026430631144460648
13837.091645608970794 19.020698641121853711
13837.294837232637292 19.015017479634238384
13837.496809231517545 19.009377090409472544
13837.697841684839659 19.003769623006814271
13837.898173878316811 18.998188398904066077
13838.097996928972861 18.992628110383027007
13838.297497110032054 18.987083609617069868
13838.496842254478906 18.981550285603852046
13838.696186355717145 18.976023934119002234
13838.895602517988664 18.970502611148454264
13839.095228370830228 18.964982600633682353
13839.29519428274034 18.959460407632274581
13839.49562244937988 18.953932782741194529
13839.696627584129601 18.948396702205482001
13839.898317026858422 18.942849364152561265
13840.100790869628327 18.937288184364899024
13840.304142159971889 18.931710789929841354
13840.50845710824251 18.92611501279702324
13840.713815357259591 18.920498881651553802
13840.920290530175407 18.914860606224809914
13841.12795080811884 18.909198560893081265
13841.336859498049307 18.903511268654238364
13841.54645980497844 18.897814109967963958
13841.753862997946271 18.892185606525654151
13841.959363452308025 18.886617602788241754
13842.163188495464055 18.881103803796648322
13842.365527793561341 18.875638967896108511
13842.566539536639539 18.870218732207135304
13842.766356863225155 18.864839433234710242
13842.965115037060968 18.859497371815791666
13843.162899885814113 18.854190196277446745
13843.359783004440033 18.848915949474893239
13843.55582446131848 18.843672993493569834
13843.751075834872609 18.838459926218636298
13843.945582915841442 18.833275507592567521
13844.139388128176506 18.828118594068069314
13844.332532249511132 18.822988092291083717
13844.525056464388399 18.817882904417452039
13844.716985915092664 18.812802363354258262
13844.908367353044014 18.807745235082123259
13845.099248566541064 18.802710265954413416
13845.289678748618826 18.797696173391372554
13845.479708060069242 18.792701657822654226
13845.669385419210812 18.787725460995922333
13845.858762272628155 18.782766267170789121
13846.047890634788928 18.777822755075582961
13846.236823321391057 18.772893592123864437
13846.425614476132978 18.767977421074871103
13846.614320409942593 18.763072838748428239
13846.80300075838386 18.75817836676077377
13846.991706673641602 18.753292757983714978
13847.180486770983407 18.748414841101993744
13847.369415965564258 18.743542777256024578
13847.558578254287568 18.738674509759327691
13847.748068511988095 18.733807720729103607
13847.937994316143886 18.728939787647167492
13848.128477910640868 18.72406773707624339
13848.319658494216128 18.719188190883279788
13848.511695396646246 18.71429729080955795
13848.70477244446738 18.70939059413734995
13848.899103672107231 18.704462937056955951
13849.094940776714793 18.699508256335114709
13849.292582075331666 18.69451937626037008
13849.492382340155018 18.689487777454296236
13849.694761331078553 18.684403403007834754
13849.900212081280188 18.679254475436390948
13850.109304103161776 18.67402744558484784
13850.322675348470511 18.668707225406073746
13850.541010342560185 18.663277764052626395
13850.762865759956185 18.657775925274705742
13850.984417206931539 18.65229700045448169
13851.206015435183872 18.646832406481617994
13851.427891788474881 18.641376589427849808
13851.650428748467675 18.635920360227871129
13851.873993504046666 18.630455013427177136
13852.098964300537773 18.624971683331512651
13852.32575965965043 18.619460642523286253
13852.553117293935429 18.613952949063801157
13852.778752899508618 18.608503927590060556
13853.002881254142267 18.60310814261848833
13853.225771457056908 18.597758918153626695
13853.447606684421771 18.592451708316840353
13853.668617386378173 18.587180893755469668
13853.889049087340027 18.581940564206689714
13854.109168147053424 18.576724388535197363
13854.329267694729424 18.571525483587784322
13854.5495253395693 18.566339770179535407
13854.770271569150282 18.561159641728192327
13854.991890118206356 18.555976351469894325
13855.214252776062494 18.550793187839694554
13855.435264272122367 18.545659017762442744
13855.65537360930648 18.540563240399688283
13855.874973315530951 18.535496695771414011
13856.094417477208481 18.53045122920361365
13856.313950780448067 18.525421300114572887
13856.533816843770182 18.52040147030538364
13856.75433164790411 18.515384737226536771
13856.9758139941423 18.510364138739372919
13857.198597763815997 18.505332480223682268
13857.423043088281702 18.500282092795444555
13857.649550073474529 18.495204540768863666
13857.878579189020456 18.490090188739461752
13858.110675836958762 18.484927688188154349
13858.346502344889814 18.479703315581744505
13858.586879938367929 18.474400112138713581
13858.831629335181788 18.469023388373980055
13859.076858084030391 18.463659461652088822
13859.322570295504192 18.458308502725053302
13859.568770125608353 18.452970684505171306
13859.815461775793665 18.447646182190990061
13860.061288134782444 18.442364356828999661
13860.30499136382241 18.437151920060166788
13860.546955614370745 18.43200021165462843
13860.787563717754892 18.426900747469893815
13861.027257271460257 18.421843953684810202
13861.266225927103733 18.416825705306248295
13861.503890295914971 18.411857987217530308
13861.740384156846631 18.406937754575206867
13861.973475901822894 18.40211088095670533
13862.203701378241021 18.397365470201407334
13862.431659308143935 18.392688547812625188
13862.657871302031708 18.388068939689617309
13862.882782663453327 18.383497217069358243
13863.106768036221183 18.378965545418559202
13863.330137324983298 18.374467531834753231
13863.553144573243117 18.36999801712660485
13863.775998659319157 18.365552836970209682
13863.998871342257189 18.361128641696886632
13864.221836811229878 18.356724070463659615
13864.445024103415562 18.352336715884447926
13864.668546155064178 18.347964535470122627
13864.892502589933429 18.343605790281692691
13865.11698390750098 18.339258958116740672
13865.342075292192021 18.334922656398934038
13865.567873676520321 18.33059531396411046
13865.794474279724454 18.326275433559299444
13866.021958279708997 18.321961824855673484
13866.250411201082898 18.317653252153480281
13866.479924975952599 18.313348398790061822
13866.710600380949472 18.30904582594568808
13866.942549534824138 18.304743932016744878
13867.175898858879009 18.300440905271230463
13867.410771628703515 18.296135051744798261
13867.647316189322737 18.291824282330175322
13867.885734594419773 18.28750561097973204
13868.126237420436155 18.283175997721169637
13868.364761117682065 18.278908731229112306
13868.601305234315078 18.274703271603076615
13868.835915805608238 18.270558259377366994
13869.068679579699165 18.266471642367314132
13869.299725560287698 18.262440671148500115
13869.529191964285928 18.258462493030148011
13869.757225409855891 18.254534170681068872
13869.983985290296914 18.250652611757974597
13870.209640354867588 18.246814633570838993
13870.434366859077272 18.24301699913260677
13870.657715845292842 18.239267009876680703
13870.87736831408256 18.235602864093777953
13871.093508466972708 18.23202041053496103
13871.306303917806872 18.228515858450343501
13871.515916109794489 18.225085597008188643
13871.722501342239411 18.221726173719364539
13871.926205682077125 18.218434372171380176
13872.127161211759812 18.215207265451560659
13872.325492039150049 18.212042112247647907
13872.52131484612255 18.208936343100756261
13872.714739666809692 18.205887543524728045
13872.90587037354635 18.202893442262354284
13873.094805379225363 18.19995189660106405
13873.281638420321542 18.197060876951386632
13873.466459013990971 18.194218456956036789
13873.64935322896963 18.191422799151933276
13873.830404035466927 18.188672147503591958
13874.009692581228592 18.185964806243251957
13874.187299737108333 18.183299115426962089
13874.36330144805288 18.180673519495563539
13874.537773180189106 18.178086498879753918
13874.710788744097954 18.175536586685819174
13874.882426412459608 18.173022278239578498
13875.052766340852031 18.170542070149444669
13875.221878890586595 18.168094629261982931
13875.389833703118711 18.16567865790497649
13875.55669913805832 18.163292901304156857
13875.722544448708504 18.160936115945737868
13875.887437664567187 18.158607099537949381
13876.05144544301038 18.15630469233075317
13876.21463797974684 18.1540277080140946
13876.37708023012965 18.151775056396374453
13876.538836512609123 18.149545677741670602
13876.699970500663767 18.147338542453685051
13876.860545322966573 18.145152649301934389
13877.020624527651307 18.142987012062651075
13877.180270510491027 18.140840680649599648
13877.339545353570429 18.138712729361397891
13877.498511468982542 18.136602248147923433
13877.657231602039246 18.134508342638092415
13877.815768765576649 18.132430135082373113
13877.974186497631308 18.130366761076274429
13878.132548713530923 18.128317371659619539
13878.290916269736044 18.126281177496416319
13878.449324815213913 18.124257729582140541
13878.607838052663283 18.122246235044663365
13878.766518342603376 18.12024593824968477
13878.925425659395842 18.118256133298640265
13879.084615826659501 18.116276184942311289
13879.244138262063643 18.114305554647867069
13879.404033715652986 18.112343825599424463
13879.564331705143559 18.110390730218693278
13879.72504799386661 18.108446175843756265
13879.886182368829395 18.106510265496581269
13880.047717129371449 18.104583309027621141
13880.209616592646853 18.1026658214470757
13880.371827715414838 18.100758507891274718
13880.534282050879483 18.098862233365824892
13880.696899153674167 18.09697797678055764
13880.859592864295337 18.09510675376840183
13881.022234419453525 18.093250033811067112
13881.184734920761912 18.091408791232119313
13881.347021622974353 18.089583788000961562
13881.509037949583217 18.087775580603736358
13881.670738226674075 18.085984585178657369
13881.832107965639807 18.084210860201434201
13881.993155301168372 18.082454212763384049
13882.153917901223394 18.08071413359791535
13882.314444059080415 18.078990011680726724
13882.474799171350242 18.077281069797916047
13882.635062382831165 18.075586406873703993
13882.79532316852783 18.073905039247783577
13882.955632264287487 18.072236413534991328
13883.116085280496918 18.070579530565858306
13883.276783766787048 18.068933361055215414
13883.437830131802912 18.067296899389880593
13883.599326173474765 18.065669178699831576
13883.761372138524166 18.064049279973655615
13883.924066227855292 18.062436336343946408
13884.087504577557411 18.060829532504151018
13884.251781257931725 18.059228103974813706
13884.416988465565737 18.057631334535034995
13884.583217100929687 18.056038550097717632
13884.75055729298947 18.054449113394696269
13884.919098975697125 18.052862418459479699
13885.088932482978635 18.051277885248627086
13885.260149152500162 18.04969495450670891
13885.432841930720315 18.048113082953722852
13885.607105975022932 18.046531738844365123
13885.783039250991351 18.044950397910170636
13885.960743118785103 18.043368539747348223
13886.14032290403884 18.041785644693362656
13886.32188844796292 18.040201191239258804
13886.505554631243285 18.038614654020236117
13886.691441866418245 18.03702550242593361
13886.879676565205955 18.035433199768004187
13887.070391647452198 18.033837202446683534
13887.26372693639496 18.032236960436797801
13887.459829546953188 18.030631918166577066
13887.658854401477583 18.02902151471802128
13887.860964775787579 18.02740518421906657
13888.066332882988718 18.025782356407219709
13888.275140510440906 18.024152457299138064
13888.487579703170923 18.022514910074871608
13888.703853457695004 18.020869136513898212
13888.924176407781488 18.019214559153979849
13889.148775436120559 18.017550604688267413
13889.377890131852837 18.015876709164732716
13889.609525306088472 18.014208396014382174
13889.843374515565301 18.012548462970414676
13890.080056416627485 18.010893156678303484
13890.320282411832522 18.009238348043172806
13890.564888617351244 18.007579370839533084
13890.8148770570333 18.005910823398131981
13891.06815483738319 18.004247899310186654
13891.321183070740517 18.002614139661488935
13891.574287217614255 18.001007223931910772
13891.827723088012135 17.999425403285925995
13892.081885553669053 17.99786619214859229
13892.337199604005946 17.996327091602712045
13892.594116219348507 17.994805628156097299
13892.853118501145218 17.993299331442024425
13893.114736701667425 17.991805666190735735
13893.379571831010253 17.990321927166704086
13893.648293860072954 17.988845288824919066
13893.92164176172264 17.987372845849012748
13894.200439462500071 17.985901572951796368
13894.485604158711794 17.984428337211870286
13894.778162027028884 17.982949882935891139
13895.079297514528662 17.98146266837433771
13895.380813541269163 17.980008421017480202
13895.682563869539081 17.978587646646012388
13895.985049966820952 17.977197845092067752
13896.288877607581526 17.975836280955299173
13896.594652250796571 17.974500490338094494
13896.902441446603916 17.973190535878192264
13897.203358959302932 17.97194311743315609
13897.496042728909742 17.970761125453041274
13897.779666871099835 17.969644907253247368
13898.053931786802423 17.968592614521249118
13898.318931340058043 17.967600967506889731
13898.575052845482787 17.966665798135107224
13898.822866136280936 17.965782557925461305
13899.063040778863069 17.964946659837234932
13899.296282775509098 17.964153708234338325
13899.523291150140722 17.963399632425662844
13899.744687851129129 17.962680887559535847
13899.961099494903465 17.961994151501361472
13900.173108930888702 17.961336459824178036
13900.381254592193727 17.960705179271279519
13900.586033303634395 17.960097973506215396
13900.787954621055178 17.959512624601533304
13900.987452019604461 17.958947278514131085
13901.184933114696832 17.958400276884969315
13901.380781884179669 17.95787013810234356
13901.57536240252557 17.957355536256653039
13901.769026588888664 17.956855272069059737
13901.962114986947199 17.956368264710548033
13902.154963798922836 17.955893529251301999
13902.347873260356209 17.955430248808049498
13902.541059022285481 17.95497787503929743
13902.734869790398079 17.954535612056751859
13902.929670221719789 17.954102712420414889
13903.125854670943227 17.953678452403398325
13903.323846086979756 17.953262143409634888
13903.524116647336996 17.952853099803725456
13903.727183187507762 17.952450664122093116
13903.933599934753147 17.952054236669141574
13904.143988722387803 17.951663235068711089
13904.35902996207551 17.95127713580405171
13904.579459991089607 17.950895503434619371
13904.806059143749735 17.950518036126791088
13905.039616345524337 17.950144645582213343
13905.280871691547873 17.949775557589532582
13905.525208568651578 17.949418865363160336
13905.769911778223104 17.949078802480190831
13906.015205045083349 17.948755067321663148
13906.261340689456119 17.948447387457708402
13906.508582591068262 17.948155548760663436
13906.757228200553072 17.947879375556848203
13907.007627663297171 17.947618723126748108
13907.260163006345465 17.947373515940061139
13907.515231690162182 17.947143773835048108
13907.773214018114231 17.94692964457054174
13908.034439089558873 17.946731423975773367
13908.299137342384711 17.946549570321913336
13908.567380092528765 17.946384705292722117
13908.839013639617406 17.946237590265532447
13909.113601936784107 17.946109068220089
13909.390398912817545 17.94599996793147767
13909.668373686565246 17.945910979992707013
13909.94582065794566 17.945842632068060851
13910.221346614795038 17.945794909454043875
13910.487438036330786 17.945767802457346818
13910.744578658088358 17.945759255816181366
13910.994901326183026 17.945767533883461908
13911.239946071218583 17.945791438663960093
13911.480845665044399 17.945830121718216787
13911.718399182613211 17.945882955442201023
13911.953259957768751 17.945949477658253102
13912.185946982401219 17.946029344326380084
13912.416888396954164 17.946122303158507094
13912.646453013727296 17.946228178760918581
13912.874972003026414 17.946346864676307575
13913.102754466533952 17.946478320029530806
13913.330099345868803 17.946622569625738208
13913.557320844105561 17.946779718217364064
13913.784639144141693 17.946949869048783199
13914.012312381171796 17.94713320653430344
13914.240684383381449 17.947330049094425419
13914.468807485662182 17.947539569120344538
13914.696717373342835 17.947761710676015667
13914.924719495675163 17.947996711024362781
13915.153130652672189 17.94824488762411363
13915.382463006621037 17.948506856072238946
13915.612267372440328 17.948782166121791448
13915.842256865835225 17.949070474013630871
13916.072778806343194 17.949372218747591035
13916.304193049234527 17.949687932180374617
13916.536871984028039 17.950018242154062165
13916.771214421361947 17.950363896756002191
13917.007655567973416 17.950725787402681988
13917.246679485213463 17.951104979655539751
13917.488857927322897 17.951502792830915212
13917.734851698898638 17.951920828823034526
13917.985415803508658 17.952361009430003236
13918.241454879946104 17.952825709868204029
13918.504057183752593 17.953317873465909571
13918.774565296100263 17.953841214698893936
13919.05467550274625 17.954400512539468338
13919.332768461012165 17.954973150040597574
13919.599738398281261 17.955539046108004442
13919.85710961640325 17.956099478871131225
13920.106796701367784 17.956657045196728006
13920.350687546797417 17.957214762114197981
13920.590444962088441 17.95777555470054665
13920.827444615897548 17.958342021996926974
13921.062787497563477 17.958916378039400996
13921.297345722950922 17.959500488157509324
13921.530993810902146 17.960093835285956487
13921.761016330427083 17.960689114524118537
13921.988064774264785 17.961287463056724079
13922.212657968997519 17.961889794281042043
13922.435223513466553 17.96249687592636235
13922.656126479241721 17.963109385867927159
13922.875694585420206 17.963727966910507661
13923.094204653547422 17.964353177415741669
13923.311909224816191 17.964985556491527063
13923.529044029093711 17.965625639720833817
13923.745834505300081 17.966273974238411881
13923.962501809079185 17.966931134118134139
13924.179199203084863 17.967597521889604906
13924.396070907972899 17.968273538513980014
13924.613360790868683 17.968959926820311068
13924.828808927915816 17.969649406188608509
13925.042630194333469 17.9703423994686311
13925.255305125027007 17.971040246634345294
13925.467311573931511 17.971744359759597387
13925.679132054023285 17.972456245416758236
13925.89111131257232 17.973177017139384759
13926.103656084414979 17.973908058477665151
13926.317299130007086 17.974651258774049012
13926.532606618411592 17.975408710176978389
13926.75020785889501 17.976182821070537443
13926.970828266503304 17.976976449056529361
13927.195306526768036 17.977792985215693022
13927.424635900342764 17.978636533573705947
13927.660017250635065 17.979512147241965891
13927.902930337699217 17.980426151196745366
13928.155231907156121 17.981386592798628499
13928.405230448641305 17.982349394352144856
13928.649224211456385 17.983299714615522902
13928.888373679263168 17.984241340939728815
13929.123623229206714 17.985177412996129931
13929.355745982502413 17.986110549371694844
13929.585381260161739 17.987042958943185056
13929.813057093435418 17.987976502334856121
13930.039218286266987 17.988912783569539044
13930.264243383111534 17.989853202933687726
13930.488462548715688 17.990799018460396752
13930.712165048247698 17.991751367633543879
13930.935608585074078 17.992711299196887609
13931.159025754763206 17.993679794830249818
13931.382544283562311 17.994657413739147955
13931.60634615510935 17.995644977521195074
13931.830619906942957 17.996643367490001708
13932.055534723493111 17.997653409258646207
13932.281253276531061 17.998675927594618429
13932.507920385714897 17.9997116933820962
13932.735673074052102 18.000761466946222811
13932.964666186602699 18.001826116476880912
13933.195054835390692 18.002906539356260396
13933.42699641289073 18.004003672292192562
13933.66068604388056 18.005118662245692462
13933.896357784738939 18.006252880739143762
13934.134242326228559 18.007407726738751563
13934.374576624162728 18.008584674513166135
13934.617622941039372 18.009785370797217752
13934.863673369825847 18.011011664506149543
13935.11305442410594 18.012265638424377556
13935.366127089380825 18.013549619548804515
13935.62328016045285 18.014866155588212138
13935.884911020742948 18.016217925143777734
13936.151386788478703 18.017607540187047022
13936.422830991472438 18.01903641471085038
13936.692513210909965 18.020469414224486115
13936.960246447843019 18.021905326605441644
13937.225877689725166 18.023343087708862953
13937.489275476220428 18.024781721628258424
13937.750334743413987 18.026220372924992574
13938.008977042763945 18.027658314453411492
13938.265151401148614 18.029094958792796888
13938.518835492141079 18.030529871649758178
13938.77003658054673 18.03196278421572174
13939.018791900938595 18.0333936024395598
13939.26516873397668 18.034822414528626666
13939.509261912213333 18.036249483277039474
13939.749735008701464 18.03766662136095178
13939.983411534723928 18.039054425329954512
13940.210978310069549 18.040416131699448243
13940.43311786166305 18.041755089823844571
13940.650495166048131 18.043074673905689309
13940.863721960809926 18.044378054881008211
13941.073363428802622 18.045668226020900704
13941.279950651032777 18.046948067133538274
13941.483989582879076 18.048220390930008961
13941.685969824466156 18.049487990946115445
13941.886380644578821 18.050753738083209043
13942.085726395343954 18.052020677559735162
13942.28454314163173 18.053292137746023371
13942.483388038475823 18.054571667508973576
13942.682612655804405 18.055861568408001716
13942.882902192019174 18.057166377747201125
13943.085019792733874 18.058491255586538671
13943.289812842369429 18.059842044777496994
13943.49821244701161 18.061225289036794805
13943.710583446165401 18.062643900896528493
13943.923433624431709 18.064074850447678244
13944.137324933311902 18.065522026338420858
13944.352806992897968 18.066989330153056414
13944.570423619485155 18.068480720347999124
13944.790716668057939 18.070000239850703139
13945.014222170950234 18.071551991561101147
13945.241455999652317 18.073140039864892259
13945.472884351796893 18.074768201468767614
13945.70670913768663 18.076424299170966492
13945.939431795506607 18.078083653318334001
13946.17094617992916 18.079745348984094022
13946.401248384872815 18.081409191849697748
13946.630432501144242 18.083075701486212239
13946.858680286219169 18.084746058421369952
13947.086246517585096 18.086422016170708105
13947.313475933204245 18.088106043874653039
13947.54072742646531 18.08980077986153745
13947.768213341983937 18.091507825207042259
13947.996354165245066 18.093230396096075197
13948.225597119180748 18.094971990210986235
13948.455075579535333 18.096726114764269511
13948.684814138274305 18.098492989121705676
13948.915410344967313 18.100277283396327022
13949.146684517294489 18.102077710628467599
13949.375630419532172 18.103870746092159294
13949.602699075763667 18.105659621627296474
13949.828328562256502 18.107447551850768264
13950.052942714606615 18.109237719284696055
13950.276946905878503 18.111033236010865011
13950.500736024026992 18.112837203172990286
13950.724614560076589 18.114652058536588441
13950.948860901820808 18.116480081377613232
13951.173866711593291 18.118324532290380091
13951.400030398450326 18.120188798717865808
13951.627763072412563 18.122076446584131304
13951.857492110413659 18.123991253948275926
13952.089661877971594 18.125937222136741411
13952.324735925849382 18.127918599984123915
13952.563193971076544 18.129939864874671684
13952.79979115021888 18.131956654456359956
13953.033752601466404 18.133962029572177954
13953.265673500200137 18.135960748319206459
13953.496157752351792 18.137957758819517551
13953.725792479050142 18.13995797597307913
13953.955135259153394 18.14196616389170913
13954.184600505808703 18.143985925410770932
13954.414542641110529 18.146020406744206355
13954.645441913560717 18.148073940577312158
13954.877756638359642 18.150150750950114542
13955.111932289459219 18.152255030866474073
13955.348411027562179 18.154391026702136003
13955.587641192663796 18.156563125293359917
13955.83008585062089 18.158775935409003921
13956.076231738474235 18.161034375774516292
13956.326600763854003 18.163343789858753752
13956.581762883623014 18.165710077583963056
13956.839699847263546 18.168115063864114234
13957.089200595295551 18.170453769081998274
13957.332505675723951 18.172746097133877896
13957.571338776086122 18.175007503308744816
13957.807046229374464 18.177250181716868127
13958.040701597634325 18.179483968068289812
13958.273184590689198 18.181717030359848764
13958.505240869524641 18.183956399679608751
13958.737413818897039 18.186207275111470949
13958.970116339774904 18.188473678461850369
13959.203930529829449 18.190761363697031783
13959.439414284646773 18.193075949761961851
13959.677110420776444 18.195423006211004946
13959.917557721757476 18.197808160891149498
13960.161285475847762 18.200237046185129941
13960.408800003313445 18.202715163768633744
13960.660612225394289 18.205248159687684506
13960.917179081419818 18.207841234739941427
13961.178850459940804 18.210498594158416097
13961.445859522138562 18.213223324961944627
13961.718345891318677 18.216017607039074022
13961.996383779023745 18.218882980938417404
13962.279943206311145 18.221819928544558564
13962.568908873685359 18.224828042237732006
13962.863113007222637 18.227906345516085906
13963.162377124539489 18.231053717462568642
13963.466554076718239 18.234269333433484661
13963.775562780396285 18.237553041830626199
13964.088078711214621 18.240891355952740582
13964.402944447449045 18.244272290579768736
13964.721555694199196 18.247711225870862251
13965.035783225763225 18.251120244502271106
13965.344189585719505 18.254482792497601196
13965.647186176835021 18.257802336641844931
13965.945181427752686 18.261082422269247161
13966.238590006169034 18.264326769427459141
13966.527843510766616 18.26753938857786963
13966.813400276996617 18.270724689666867135
13967.095742657489609 18.273887453461060915
13967.37540344118861 18.277033130580498721
13967.652975834160316 18.280167961792205489
13967.929142755257999 18.283299320344131189
13968.204695356576849 18.286435939175586185
13968.473689350190398 18.289509581696187013
13968.735961632541148 18.292517436436423139
13968.992486355778965 18.295469810697944979
13969.24412717913583 18.298375918628146053
13969.491653765629962 18.301244040066961816
13969.735754704743158 18.304081644544364593
13969.977066495579493 18.306895708019649049
13970.216171922374997 18.309692679059967446
13970.453626261087265 18.312478772948299621
13970.689960064568368 18.315259996272736487
13970.925690412546828 18.31804227285150688
13971.16133412634008 18.320831595841056583
13971.397241124506763 18.323632044827682819
13971.633929127603551 18.326449746547055497
13971.871934486447572 18.32929111876742212
13972.111841668302077 18.332163226041899406
13972.354291589601416 18.335073887392184133
13972.600002634819248 18.338031938982684466
13972.849793930845408 18.341047528814605982
13973.10459313526917 18.344132229137478873
13973.36548040233356 18.3472995913582686
13973.633755340548305 18.350565991929371989
13973.910971744395283 18.353951100660328422
13974.190793325427876 18.357378041579856642
13974.464784159246847 18.360743207292500756
13974.734856276079881 18.364069456299709771
13975.002650758035088 18.367376573625794123
13975.269345737697222 18.370678831007740683
13975.535954311581008 18.373988606122683365
13975.802976590788603 18.377312014711364441
13976.0712167455913 18.38065903414259239
13976.339534982216719 18.384015393600645183
13976.60512026941251 18.387345698222496537
13976.868759327971929 18.390659493883838138
13977.131242115538043 18.393966467828214206
13977.393394718283162 18.397276860431947654
13977.65583782230533 18.400598406290569642
13977.919365908101099 18.403941117511930514
13978.185148431339258 18.407319866299232558
13978.450888128048973 18.410705437430401332
13978.715470847921097 18.414083483438897559
13978.979397095064996 18.417460218796616545
13979.243120492481466 18.420841312136101209
13979.506989706260356 18.424231131257148064
13979.771368149167756 18.427634270443217446
13980.0367086257138 18.431056514812883762
13980.303446169838935 18.434503464188328081
13980.572003463601504 18.43798059992807481
13980.842797634941235 18.441493370669579832
13981.116249018887174 18.445047304761605034
13981.392791010785004 18.448648138317039979
13981.672879980118523 18.452301945578064135
13981.957006297756379 18.456015285311423213
13982.245705718680256 18.459795353509036886
13982.539571517329023 18.463650147638929866
13982.839267591680255 18.467588645439089845
13983.145544483422782 18.471621024096307906
13983.453828349653122 18.475687233479639815
13983.753755142875889 18.479650207140235096
13984.049920474439205 18.483570116870687627
13984.346044326901392 18.487495943793344821
13984.643779794760121 18.49144952746582149
13984.933855349494479 18.495307436220510766
13985.21333290523944 18.499029921938419108
13985.484742164755517 18.502650033085970449
13985.750013039960322 18.506193023504422968
13986.010668975202861 18.509678866836679845
13986.267956439363843 18.513123944359946904
13986.522934753502341 18.516542218721852464
13986.776540915987425 18.519946083625889344
13987.029638174144566 18.523347002978020726
13987.282858580472748 18.526753382749134857
13987.53671528650375 18.530172064393347853
13987.792017698928248 18.533613914373393783
13988.049644776827336 18.537090782572452241
13988.310542085038833 18.540615465471439904
13988.575713303067459 18.544201594127123656
13988.846250475849956 18.547864046260865933
13989.123441922445636 18.551620413837586199
13989.408895861552082 18.55549269287566716
13989.703450081791743 18.559492490484956306
13989.999388995547633 18.563515123278566676
13990.289184557199405 18.567458038468952708
13990.572585543388413 18.571317452681910254
13990.850286103555845 18.575102481415047606
13991.122919843564887 18.578821463523027546
13991.391047749240897 18.582481788393664601
13991.655180544019458 18.586090193931156023
13991.915770001918645 18.589652642111708758
13992.173214848911812 18.59317439434585495
13992.427876342868331 18.596660220274436881
13992.68011171938997 18.600114852551481448
13992.930282215207626 18.603543094984377859
13993.178739930955999 18.606949640919939526
13993.425833606415836 18.610339150666000307
13993.671873011835487 18.61371576117010207
13993.917207292197418 18.617084159419576395
13994.162184076958511 18.620449020573843768
13994.40715659444686 18.623815104412944521
13994.652312902655467 18.627184906476898618
13994.898021697206786 18.630563408866699149
13995.144676239830005 18.633955936179582125
13995.392692711488053 18.637368131928148784
13995.642527936599436 18.640806201373312234
13995.894689351740453 18.64427704772159089
13996.149734293228903 18.647788261104011553
13996.40828046597926 18.651348261116947214
13996.67103020068862 18.654966628890658598
13996.938806579128141 18.658654602212433105
13997.21258502641831 18.662425507509173173
13997.491049348009255 18.666261091517245774
13997.768933104180178 18.670088672647807471
13998.046618863976619 18.673913375916871615
13998.324416923162062 18.677739330096365222
13998.602629862019967 18.681570555388272936
13998.881693360570353 18.685412900598397101
13999.162063124813358 18.689272483129439451
13999.444244814911144 18.69315609806302092
13999.728768365635915 18.697070861220666416
14000.016160100072739 18.701023821999726238
14000.306969599834702 18.705022329410891047
14000.601777468873479 18.709074134381268095
14000.901207218761556 18.713187547799343236
14001.20592141905945 18.717371381315082601
14001.516622355116851 18.721634949185425256
14001.834062456517131 18.725988202952063233
14002.159061701719111 18.730441959755893322
14002.49249094658262 18.735007661438036308
14002.835259145567761 18.739697185912479682
14003.179821879080919 18.744406822850940841
14003.525519844732116 18.749127205293635967
14003.872279387516755 18.753856979466554833
14004.220046962307606 18.758595063094745115
14004.568799405653408 18.763340784071129264
14004.912551607309069 18.768012492999677221
14005.248055662703337 18.772566102685409817
14005.576645845017993 18.777019854806848542
14005.89953472916568 18.781390272686596887
14006.217848861582752 18.7856926476885846
14006.519224284025768 18.789760255103573172
14006.807550366847863 18.793646248144881383
14007.086511270004848 18.797400740890800819
14007.358941258557024 18.801062169550981196
14007.627114270109814 18.804661253718855107
14007.892962532574529 18.808223972778367994
14008.158245862212425 18.81177385672143032
14008.424115829402581 18.815326177006543418
14008.692068928665321 18.818900707378077186
14008.964071649750622 18.822523343111924987
14009.242445944290012 18.826224513678976535
14009.530098172926955 18.830042155584809649
14009.83085914777439 18.834026106382154353
14010.150043365900274 18.838245310212467842
14010.462040279120629 18.842360540220703058
14010.766738161952162 18.846370733268454245
14011.066073711865101 18.850301726846382167
14011.361804587490042 18.854176805559891505
14011.655489025311908 18.858016456763770918
14011.948602510025012 18.861839914534023421
14012.242164319040967 18.865660310731684035
14012.537373993593064 18.869492991407643245
14012.835797438607187 18.873357888247916492
14013.125893427251867 18.877105608606903786
14013.408293184817012 18.880744920776507456
14013.684555738562267 18.884296432178661718
14013.956034961476689 18.887777932952630522
14014.223939137007619 18.891205190294783733
14014.489373577875085 18.894592514295919017
14014.753385090620213 18.897953338253774547
14015.016982972982078 18.901300492122036445
14015.280845973675241 18.90464249868487201
14015.545727602231636 18.907988737732040363
14015.812637645532959 18.911351714495477694
14016.082632974352236 18.914744386523189235
14016.356865649044266 18.918180750436434323
14016.636616670746662 18.921676236998163034
14016.92229505346404 18.925235224553340174
14017.204886839164828 18.928745150465893232
14017.484523906814502 18.932207888662340167
14017.761357337458321 18.935625536053962037
14018.035563765506595 18.939000486651444533
14018.307345669099959 18.942335430046217226
14018.576933731535973 18.945633375165225942
14018.844580657045299 18.948897569464314472
14019.110550476361823 18.952131364748645126
14019.375101458768768 18.955338008021787033
14019.638468525883582 18.958520430127524747
14019.900846979333437 18.961681054122998091
14020.162369239713371 18.964821523557141347
14020.423097310449521 18.967942623960599491
14020.683020719274282 18.97104427136708793
14020.942065044046103 18.974125627069252431
14021.200110698982826 18.977185331950995106
14021.457019231331287 18.980221825147634007
14021.712662632557112 18.983233692139396709
14021.966950470919983 18.986219980591265255
14022.219850440020309 18.989180433075752319
14022.471399762320289 18.992115608653829639
14022.72170545139852 18.995026872594380052
14022.970942159186961 18.997916358179846696
14023.219337238899243 19.000786781572891471
14023.467158268051207 19.003641288352351779
14023.714696957060369 19.006483261379152339
14023.962247652436417 19.009316070433364132
14024.209972539005321 19.012141536409234988
14024.458173084485679 19.014963036494879844
14024.707139244193968 19.017783771685230931
14024.957144210233309 19.020606709118791144
14025.208440469978086 19.023434540247627922
14025.461250817685141 19.026269583381413497
14025.715756381603569 19.029113655048625731
14025.972079981016577 19.031967892378371943
14026.230260395621372 19.034832479021947194
14026.490234689101271 19.037706466531080451
14026.751854620424638 19.040587975324250181
14027.014940972578188 19.043474807459727316
14027.279340710383622 19.046365077124548293
14027.544951484576814 19.049257471944237352
14027.811713795003016 19.052151157781402446
14028.079594232749514 19.055045589099318448
14028.348571978420296 19.057940358331862285
14028.618628060157789 19.060835078152127409
14028.889738921474418 19.063729312460637288
14029.161873240795103 19.066622543566438708
14029.434990518844643 19.069514158921542446
14029.709040950829149 19.072403451802522056
14029.982839576126935 19.075277829385353101
14030.255540961819861 19.078128450749709089
14030.527445897518191 19.080958530070404322
14030.798877412327784 19.083771456154945412
14031.070161480940442 19.086570588478497967
14031.341547509391603 19.089358440979484755
14031.613275810828782 19.092137387420571315
14031.885675031215214 19.094910652469302192
14032.159073652668667 19.097681395543052218
14032.433802176617974 19.10045273152803702
14032.710183033774229 19.103227627696181656
14032.988530555110628 19.106008903590989689
14033.269189661492419 19.108799614810649814
14033.552511142665026 19.111602799278657017
14033.838597628411662 19.114418978925183268
14034.12667790721207 19.117240109403056181
14034.417211422485707 19.1200702523933046
14034.710750668218679 19.122914264353298108
14035.007954573335155 19.125777896210756523
14035.309601684346489 19.128667884666782584
14035.612289656462963 19.131551068653369185
14035.908702479482599 19.134358082212646224
14036.199523521769152 19.137096266838788949
14036.485394943609208 19.139772424641154913
14036.766923660525208 19.142392888610647361
14037.044688848820442 19.144963604340031083
14037.319248832131052 19.14749020295184323
14037.591147313876718 19.149978065270527594
14037.860917373263874 19.152432363248607317
14038.129093186786122 19.154858169285208902
14038.396173458761041 19.157260128359705931
14038.662703952682932 19.159643202967899356
14038.929242920463366 19.162012353841237911
14039.196088724371293 19.164370136054717619
14039.463845183781814 19.166721716873343695
14039.733159498404348 19.169072511866744435
14040.004728973970487 19.171428228288331042
14040.279336036466702 19.173795147998912825
14040.557856668519889 19.176180170061190466
14040.838678733469351 19.17856889078471383
14041.119036456851973 19.180937555401200711
14041.39951693724106 19.183291084535348148
14041.680567209197761 19.185633102370122316
14041.962851385007525 19.187968920721996113
14042.247021488141399 19.19030359718290768
14042.533724012133462 19.192641988615633863
14042.823603270284366 19.194988775682514159
14043.117301877817226 19.197348462426091942
14043.415456391567204 19.199725336459291469
14043.718688823695629 19.202123397564623275
14044.02759487539879 19.204546263359357994
14044.342724800939322 19.206997022113920792
14044.656684005112766 19.209417608058306115
14044.970032073992115 19.211812465735079059
14045.283527968353155 19.214187397876784757
14045.597757769819509 19.216546715120632172
14045.913617384143436 19.218896868004179623
14046.232030141396535 19.221244266497066633
14046.553970333094185 19.223595436609318909
14046.880553304667046 19.225957644073925934
14047.213004652905511 19.228338614993930378
14047.549213610836887 19.230722173870596237
14047.886870198026372 19.233091357268623511
14048.226203283435098 19.235447411028165021
14048.568770682071772 19.237800593881285494
14048.911787979544897 19.24013135676582209
14049.255606777067442 19.242441938140085966
14049.601702803309308 19.244741900899175135
14049.951678875817379 19.247041193014965188
14050.299710299021172 19.249301320162565787
14050.641214525234318 19.251493473150038227
14050.977623683804268 19.253628134540690553
14051.310218726746825 19.255714405210518692
14051.640103822903257 19.257759913966605581
14051.967795451259008 19.259768385301072158
14052.284954650598593 19.261690051557398107
14052.593980188235946 19.263541377920155639
14052.896873977173527 19.265335793741591885
14053.195376469349867 19.267084646414076587
14053.491031477818979 19.268797681199838934
14053.7852537303188 19.270483502247607532
14054.079400091726711 19.272150021902550776
14054.374191625254753 19.27380126267557614
14054.670971065959748 19.275444482934258161
14054.971235114109732 19.277087428096571387
14055.272825848120192 19.278717809197456035
14055.569118943467402 19.280300195431369303
14055.860694368262557 19.281838648298499805
14056.14813188482367 19.283337065372826657
14056.432010574106243 19.284799183436668102
14056.712898760508324 19.286228532504598121
14056.991362581809881 19.287628485974671833
14057.267967825124288 19.28900227363986275
14057.543233184427663 19.290352756450563021
14057.817728420523054 19.291682915301599621
14058.092039945344368 19.292995673210111107
14058.366566981640062 19.294292933807692947
14058.641873325332199 19.29557726816707941
14058.918665761138982 19.296851765832450099
14059.197671925690884 19.298119438649454338
14059.47967619292649 19.299383371317247793
14059.765528834943325 19.300646739874554925
14060.056153643259677 19.301912817942923795
14060.352558084608972 19.303184988481071116
14060.655829254972559 19.304466688879944769
14060.961903701259871 19.305739794271882914
14061.263332992404685 19.306973517532796336
14061.561463963284041 19.308174171047664203
14061.857518669343335 19.309347216547791959
14062.152609447950454 19.310497371819490553
14062.447736086947771 19.311628639769583771
14062.743397670425111 19.312742896120756342
14063.040530626625696 19.31384349537668399
14063.34003985054369 19.314933437079528034
14063.642822691255788 19.316015458073046318
14063.949791764398469 19.317092109751076379
14064.261898463964826 19.318165826953247688
14064.580133355291764 19.319238908205775829
14064.905564407792554 19.320313617104382331
14065.239388260401029 19.321392306320273491
14065.582945334617762 19.322477402242075328
14065.919665359233477 19.323516313378693354
14066.247364779215786 19.324504078753754754
14066.56469002148151 19.325438715856318339
14066.869232186874797 19.326315533642912214
14067.163921389768802 19.327145230564923395
14067.450868246334721 19.327935455782583318
14067.731645477793791 19.328691860638478772
14068.007462620949809 19.329418743979687179
14068.279279807407875 19.330119466449964705
14068.547875939082587 19.330796703691348171
14068.813850376616756 19.331452509528880057
14069.077763767036231 19.332088706718938198
14069.340068202520342 19.332706738769012134
14069.60115923192825 19.333307820557934065
14069.861336153368029 19.333892867373272395
14070.120937315215997 19.334462815482346798
14070.380274061662931 19.335018473127707495
14070.639641432859207 19.335560550712326489
14070.89918328782187 19.336089394557774312
14071.159221903750222 19.336605672706287606
14071.420092959093381 19.337110014104933242
14071.682097701306702 19.337602916831130528
14071.945553159541305 19.338084847902081265
14072.210792243691685 19.338556239607694209
14072.478170264166693 19.339017496497831416
14072.748094954080443 19.33946903885430757
14073.021018019773692 19.339911275208105934
14073.297446672377191 19.340344607975268332
14073.57795633238311 19.340769436755135047
14073.863228881662508 19.341186193601199506
14074.154073414474624 19.341595340835805672
14074.451431810395661 19.341997340504878622
14074.75643078209032 19.342392678894654523
14075.070447699252327 19.342781887218446712
14075.395208656580508 19.343165572172782873
14075.727086502010934 19.343538070437681142
14076.053990114192857 19.343885823995112361
14076.376563132422234 19.344210527915603137
14076.695473800178661 19.344513730558297482
14077.011423404777815 19.344796842666603709
14077.325157745248362 19.345061145796083935
14077.637484418537497 19.345307801194795871
14077.949296949393101 19.345537857847890706
14078.261359605950929 19.34575209464769685
14078.574502569412289 19.345951177893166317
14078.889999550428911 19.346135860462975842
14079.209367424960874 19.346306772292034992
14079.53444101695095 19.346464396784849527
14079.86417096342484 19.346607681472427487
14080.195707558455979 19.346735153206338964
14080.52964057286772 19.346846986572298732
14080.866526917941883 19.346943244012468455
14081.206878741335458 19.34702388443432497
14081.55114713983312 19.347088774358457641
14081.893725104504483 19.347137006384507174
14082.235894908553746 19.347169224957582401
14082.575200744453468 19.347185741949889604
14082.910521537665772 19.347187278317363734
14083.243715926582809 19.347174552571285489
14083.576461669965283 19.347147974324176545
14083.909809643571862 19.34710776373693264
14084.237432353398617 19.347055306508067929
14084.558130564479143 19.346991834118011155
14084.874648517998139 19.34691771446770403
14085.189733440756754 19.346832890500550661
14085.505614188648906 19.346737080098193928
14085.824863502004519 19.346629582110765
14086.151553859488558 19.346508789517326221
14086.491065801408695 19.346372036318136622
14086.82883479029806 19.346225002233250478
14087.161022773174409 19.346070068853897794
14087.489023214699046 19.345907381496441957
14087.814023855582491 19.345737002014374184
14088.137055697552569 19.345558927149070882
14088.459092552957372 19.345373064098058791
14088.781070862492925 19.345179236727101824
14089.103546526388527 19.344977418742107744
14089.42741203215337 19.344767311868711346
14089.753512945908369 19.344548576119027672
14090.082732275008311 19.344320783248342366
14090.414958075443792 19.344084166167196059
14090.743862697521763 19.343843590545365174
14091.069620730164388 19.343599452591799803
14091.392414486432244 19.343352107615999103
14091.708767091427944 19.34310476745389451
14092.019926951501475 19.342857019818694653
14092.32801228599601 19.342607636391687009
14092.634666528323578 19.342355649810283325
14092.941246849251911 19.342100242542667132
14093.248388397383678 19.341841146147551456
14093.55634246937916 19.341578396037601095
14093.862959377443985 19.341314100444819246
14094.168444315700981 19.341048376331194447
14094.47300692184217 19.340781322493725725
14094.776862107064517 19.340513020567556168
14095.080229565375703 19.340243537182100653
14095.383299687679028 19.339972956258240089
14095.686306582540055 19.339701315726554043
14095.989402578943555 19.339428721583363568
14096.292800105600691 19.339155222413918267
14096.596750511132996 19.338880829463072075
14096.901512950154938 19.338605546406327562
14097.207355209506204 19.338329370617337588
14097.514554635403329 19.33805229445405871
14097.823399187045652 19.337774306557928838
14098.134188605217787 19.337495393222798867
14098.447235781639392 19.337215539805200137
14098.76286815435742 19.336934732382548674
14099.081430346263005 19.336652958595763607
14099.403284834561418 19.33637021063753636
14099.728812582987302 19.336086488685033657
14100.058415885579961 19.335801802902039981
14100.39252023921108 19.335516176749084849
14100.731577334829126 19.335229650199941887
14101.074347812362248 19.334943709442796944
14101.415838382927177 19.334662871665184269
14101.757541562205006 19.334386199811241625
14102.100455234909532 19.334113223094707479
14102.439132826712012 19.333848520445293673
14102.766787969841971 19.333597352777108114
14103.085174895139062 19.333358183146032161
14103.395782456085726 19.333129742823469854
14103.699863862470011 19.33291099779291855
14103.99848182673486 19.332701105277475762
14104.292540866488707 19.33249938178437688
14104.582823404658484 19.332305270634030592
14104.87001674644489 19.332118317996886958
14105.154708728285186 19.331938170692566814
14105.437420502657915 19.331764550364894717
14105.718663355573881 19.331597216703730879
14105.998912663857482 19.331435983846269266
14106.278615172232094 19.331280715417733518
14106.558195080902806 19.331131320909694438
14106.837919098268685 19.330987823546326609
14107.118125409064305 19.330850235342889931
14107.399204046305385 19.330718575909344281
14107.681539291881563 19.330592905727936426
14107.965513783388815 19.330473326440390736
14108.251545736004118 19.330359969183035673
14108.540069640081128 19.330253009123026686
14108.831506330983757 19.330152681089511901
14109.126291726250201 19.330059272915839585
14109.424880922842931 19.329973130637217338
14109.727746374441267 19.329894666431481909
14110.035370306983168 19.329824368155627212
14110.348222556915061 19.329762810766524694
14110.659225738032546 19.329711771625799344
14110.968619039187615 19.329671261617843214
14111.27539682612769 19.329641416502159501
14111.576723347121515 19.32962231215854132
14111.873696191349154 19.32961357775134914
14112.167230470571667 19.329614976087338363
14112.458209428736154 19.329626383164043801
14112.747477377270116 19.329647784695431767
14113.035780077329036 19.329679264857034582
14113.323852973175235 19.329721006565304009
14113.612184754711052 19.329773246162659461
14113.901395706383482 19.329836321159131529
14114.192255405800097 19.329910703049073106
14114.481672095635076 19.329995774273641018
14114.769196511873815 19.330091368852240663
14115.055883302558868 19.330197832316400763
14115.342707616729967 19.330315635633290583
14115.630421223817393 19.330445296503636854
14115.920357235787378 19.33058775107846472
14116.21409475731889 19.330744295386917742
14116.513568556572864 19.330916716404956901
14116.821223955630558 19.33110749037655296
14117.138807534463922 19.331319098677727908
14117.460277217442126 19.331548665447073176
14117.786211403139532 19.331797392954769066
14118.117236987856813 19.332066657556637779
14118.450623633296345 19.33235499539932789
14118.788282017987513 19.332664766297046555
14119.132360840789261 19.332998987695386717
14119.478523811032574 19.33335433735298281
14119.826744118832721 19.333731327285352819
14120.178192956233033 19.334131865872141276
14120.517447580670705 19.334537797049431873
14120.841984344020602 19.334944006927351268
14121.155867002969899 19.335353655644901494
14121.462218975759242 19.335769500166357204
14121.763496704237696 19.336194003559430854
14122.061679308819294 19.336629426790945985
14122.358402299216323 19.337077904698947606
14122.655054078122703 19.337541510244975029
14122.952287369818805 19.338021392123714293
14123.251200476541271 19.338519586791758087
14123.548885463327679 19.339031367897074887
14123.844812220781023 19.339555670420683242
14124.140120975853279 19.340094405068839478
14124.435633732540737 19.340649113596111164
14124.731983698522527 19.341221139953738373
14125.030021112464965 19.341812398394210959
14125.330524569106274 19.342424839277924775
14125.634212262251822 19.343060458303220628
14125.941739313610015 19.343721279494136667
14126.253672909811939 19.344409287804285924
14126.567044576051558 19.345118506475920128
14126.873637173383031 19.345829947065482202
14127.173754994726551 19.346543249354958505
14127.467741248710809 19.347258231203120715
14127.755955428598099 19.347974839988786755
14128.03875725603757 19.348693113218619288
14128.31650102698768 19.349413161195183619
14128.589556483577326 19.350135218861680642
14128.858377401220423 19.350859834025325057
14129.123599910237317 19.351588158647242466
14129.386018168646842 19.352321923056695852
14129.646379300211265 19.353062883494850155
14129.905260599662142 19.353812449354776959
14130.163109337327114 19.354571758021677397
14130.42031064789262 19.355341847106831921
14130.67722776296614 19.356123762380967435
14130.934184078090766 19.356918496530298057
14131.191408005401172 19.35772680492836173
14131.447640826350835 19.358544704033345596
14131.701407793851104 19.359367254967615679
14131.953843372404663 19.360197878509104896
14132.206116298082634 19.36104033353419851
14132.458915138753582 19.361896968924558138
14132.713390093405906 19.362771867575744977
14132.970804669652352 19.363669740294071175
14133.232422679824595 19.36459555805539523
14133.499447565518494 19.36555434255621222
14133.772921613748622 19.366550793142227604
14134.048381321394118 19.367569347344637976
14134.324833556311205 19.368606599791089451
14134.601550533905538 19.369659947015726686
14134.877592502994958 19.370725801951959255
14135.152359750138203 19.371801712248583272
14135.425383642412271 19.37288561833384648
14135.696356545109666 19.373976011261099472
14135.965135718848614 19.375071993229191492
14136.231727557591512 19.376173256964957403
14136.496260186862855 19.377280010268201238
14136.758953884218499 19.378392881852398943
14137.020093573806662 19.379512826317444762
14137.280006551294719 19.380641043081713093
14137.539046294050422 19.381778915199387114
14137.797581997201632 19.382927968848214562
14138.055996786835749 19.384089868997573802
14138.314549991851891 19.385265792963966902
14138.573566187060351 19.386457272921337136
14138.833446145616108 19.387666264374782799
14139.094602874587508 19.388894864045720823
14139.357465616474656 19.390145333165474284
14139.622484478704791 19.391420125462481394
14139.890136013176743 19.392721921749647152
14140.160929476132878 19.394053670249871146
14140.435413783730837 19.395418633134021036
14140.714185841985454 19.396820443168248715
14140.997900813325032 19.398263174168064893
14141.287284805832314 19.399751428905990025
14141.583150900554756 19.401290450742688876
14141.886419737002143 19.402886267550741195
14142.198146428849213 19.404545880335060559
14142.512322369597314 19.406238311941393704
14142.825120777280972 19.407943039409968122
14143.135189933023867 19.409652297438192647
14143.44202356965252 19.411362724619610987
14143.745210199027497 19.413071376309211757
14144.044478826945124 19.414776018770460553
14144.339630944235978 19.416474780820141888
14144.630567303469434 19.418166333945478641
14144.917280951049179 19.419849881602612385
14145.199847969068287 19.421525131180473522
14145.478418370836152 19.423192262543853559
14145.753206178609616 19.424851887523669092
14146.02448047393591 19.426505011244508125
14146.292558635805108 19.428153003415310707
14146.557798880783594 19.429797562643376097
14146.820597464591629 19.431440707372210852
14147.081383833872678 19.433084752862963995
14147.340631881015725 19.434732389444345557
14147.598841893437566 19.436386575841765989
14147.856580897421736 19.438050805777109531
14148.114404706397181 19.439728614361584391
14148.372779476199867 19.441423058099022825
14148.632514497432567 19.443139563180501739
14148.894532828368028 19.44488447973806089
14149.159950185905473 19.44666564446968593
14149.430132871635578 19.448492828050461867
14149.706763312453404 19.450378257532989323
14149.991907752031693 19.452337182324910714
14150.277287039814837 19.454313399608373913
14150.563356980790559 19.456310099701557448
14150.851179388304445 19.458334851399531118
14151.141958190262812 19.460396467745468385
14151.437041595365372 19.462505064232153984
14151.737883342215355 19.464671825633395486
14152.045927181176012 19.466908204679857164
14152.362375164941113 19.469224230828793054
14152.687809224566081 19.471625650037548638
14153.003293950490843 19.473972576845810067
14153.30149910963155 19.476208022790377328
14153.58674000427709 19.478361745007973127
14153.862317454901131 19.480456809120354933
14154.130769653003881 19.482511174793948783
14154.394124422407913 19.484539404173357724
14154.653980180566577 19.486553137511183564
14154.911668207176263 19.488562242317357232
14155.168342820383259 19.490575449784998341
14155.425038661638609 19.492600761063908266
14155.682258355711383 19.49464213451604877
14155.940966863119684 19.496707321992669648
14156.202105916914661 19.498804066230572829
14156.46660681744288 19.500940200533172231
14156.735387768068904 19.503123627457615186
14157.009333344698462 19.505362151565208251
14157.289254020164663 19.50766314279429281
14157.575828074965102 19.510033042242220347
14157.869520752567041 19.512476660056449873
14158.164842477428465 19.51494890910495883
14158.461825193315235 19.517450227308547284
14158.760781480636069 19.519983441577799965
14159.061949700691912 19.522550805342898883
14159.365488950334111 19.525153936175993152
14159.671470160266836 19.527793718425627389
14159.979865222307126 19.530470185841114272
14160.290461557449817 19.533181747868063383
14160.59911594705045 19.535892148818945202
14160.90743284760174 19.538615198256945149
14161.216435041276782 19.541359849089630529
14161.527717630500774 19.544140384204123251
14161.843207245936355 19.546974389850035436
14162.158884200827742 19.549825971702457394
14162.469247434219142 19.552644934990031089
14162.775383475453054 19.555440330819461536
14163.078549948964792 19.558223011953494108
14163.380154439926628 19.561005466733906388
14163.681799971236615 19.56380226718544435
14163.981478708419672 19.566594553499022879
14164.27553692235233 19.56934765743102389
14164.56556258504861 19.572075699177908348
14164.853140632818395 19.574793063594906783
14165.139260861144066 19.577508753806664998
14165.42478395271246 19.580230710260025262
14165.710403450264494 19.582965414421128258
14165.996544803318102 19.585716878531524543
14166.283911642045496 19.588491875336764281
14166.573245207451691 19.591297655818305401
14166.865303676164331 19.594141754144548173
14167.160886250927433 19.597032226876439864
14167.46085908794339 19.599977916830187752
14167.766174163847609 19.602988654366871657
14168.077919294904859 19.606075773580396771
14168.397379166279279 19.6092527522724005
14168.723264464957538 19.612507524834988715
14169.034795643241523 19.615631912898425782
14169.337077536192737 19.618675537294631539
14169.633977995692476 19.621676363159053835
14169.928668060061682 19.624665892888810248
14170.223671176489006 19.627669507041627384
14170.520652644370784 19.630704174877955381
14170.822417143093844 19.633798813236346348
14171.123147187607174 19.636893850449023802
14171.422944830190318 19.639990110695780601
14171.723007871498339 19.643099810778164027
14172.024405599911915 19.646233999378679869
14172.328885728797104 19.649410964864614471
14172.638558131367972 19.652653036201499503
14172.952040843743816 19.655946093511797557
14173.265135250245294 19.659246079720631428
14173.57817741508552 19.662556380396399192
14173.891376938256144 19.665879084123908171
14174.205051754270244 19.669217462655041118
14174.519577229224524 19.672575443784136695
14174.835344850014735 19.675957176525905368
14175.152761467777964 19.679367024328257685
14175.472256932473101 19.682809648725203999
14175.794283719085797 19.686290007835737015
14176.119316738535417 19.689813356813353096
14176.447853641171605 19.693385253655357303
14176.780409063181651 19.697011498947642139
14177.108843685575266 19.700603174830558117
14177.422825310946791 19.704046278603865261
14177.724292505368794 19.707360741089086531
14178.015069824041348 19.710565531288359864
14178.296782996667389 19.71367767289875772
14178.570835806551258 19.716711939109597296
14178.838518534887044 19.719682012244529545
14179.1009915489376 19.722600274091629302
14179.359328702803396 19.725478264509938242
14179.614583067877902 19.728327397983552061
14179.867791588942055 19.73115900677852963
14180.120052357606255 19.733985200263788329
14180.372455433003779 19.736818089417610622
14180.62585969643078 19.7396672711323653
14180.881860877632789 19.742550715534278538
14181.14242619131619 19.74549071058249794
14181.410033192420087 19.748515468639016746
14181.687840634098393 19.751661115507669564
14181.97989072485143 19.754974062874026686
14182.277278214003672 19.758353779375422477
14182.572053744777804 19.761709878487515368
14182.865401711853337 19.765055592274432428
14183.15835773798608 19.768402549925244926
14183.451612023822236 19.771758505571401798
14183.74586397879284 19.775131370179863666
14184.041954064610763 19.778530724520368977
14184.340676577081467 19.781965674709045544
14184.642783022551157 19.785444884292346046
14184.949029525774677 19.78897711527411829
14185.260191142664553 19.792571391687069138
14185.577042264187185 19.796236772057294928
14185.900399312951777 19.79998284197802505
14186.229914700590598 19.803805713061677807
14186.562852375638613 19.807673690534087996
14186.902451111669507 19.811624447992191023
14187.245864128912217 19.815624907797872112
14187.590879013436279 19.819649208176375765
14187.930238173743419 19.823612393195563897
14188.263848181206413 19.827512928357371891
14188.592139066971868 19.831355429302469418
14188.915635846282385 19.835145669081590825
14189.234949945752305 19.838890478795335071
14189.55072271975223 19.842597084438352795
14189.863619653777278 19.846273035733183576
14190.174299917976896 19.849925844849902745
14190.483504496214664 19.853564019415884445
14190.792033463345433 19.857196794432010023
14191.100655556339916 19.860833064815977878
14191.409888223828602 19.864478786445058489
14191.720650026547446 19.868144662447718929
14192.033928107635802 19.87184222735281125
14192.350812616259645 19.875584251586630558
14192.672542406668072 19.87938527989245685
14192.997494878902216 19.883226043854989484
14193.324017986940817 19.887086885330514718
14193.652832922691232 19.890976188026943561
14193.984716204171491 19.89490299645666127
14194.320513308619411 19.898877174473007301
14194.655547787988326 19.902843211360337961
14194.987631626314396 19.906775015770257653
14195.317116590669684 19.910676564858622584
14195.641564447741985 19.914518805236767207
14195.961805376477059 19.918311397869100432
14196.279809841831593 19.922077522932724492
14196.597516444879147 19.925839990671875057
14196.916201206442565 19.929613763695346762
14197.235592757626364 19.93339547718762006
14197.553905566546746 19.937163841997460167
14197.871208110940643 19.940919527589720417
14198.187537209498259 19.944662831107439871
14198.502905560457293 19.948393766645672542
14198.817304064128621 19.9521120928893545
14199.130720227140046 19.955817530951890149
14199.44314785838651 19.959509878943158867
14199.753105999041509 19.963171519006561283
14200.059169077301704 19.966785522016870402
14200.361802598625218 19.970357311772829689
14200.661484136729996 19.973892451362214473
14200.958713994086793 19.977396766468896061
14201.253963218068748 19.980875730286356884
14201.547762620020876 19.984335510561361815
14201.840677371659694 19.987782666540283572
14202.133306254965646 19.991224136607367967
14202.426117828084898 19.994665309767732708
14202.719618030516358 19.998111996406461088
14203.014524526519381 20.001572469296821311
14203.310830590540718 20.005046479714671648
14203.604803885245929 20.008490150011276398
14203.897928933582079 20.011920787151801449
14204.191267240896195 20.015350691774667524
14204.485582691000673 20.018788640328374129
14204.781974447050743 20.0222472796110047
14205.081506927661394 20.025738790019595115
14205.383842679633744 20.029258972175760789
14205.686066743213814 20.032773675302095739
14205.988161576768107 20.03628254034740408
14206.290098859955833 20.039785081882516948
14206.591841819345063 20.043280715877564546
14206.893325950235521 20.046768537610759608
14207.19450125311414 20.050247811731480851
14207.495327368267681 20.05371791524595082
14207.795781692606397 20.057178430334776209
14208.095869098900948 20.060629254610983452
14208.39563092285789 20.064070701722727108
14208.695153838625629 20.067503599385950963
14208.99457173641531 20.070929306017330163
14209.294079969868108 20.074349867869067054
14209.593839115896117 20.07776691549826964
14209.89415404846477 20.081183701765052518
14210.195392955070929 20.084604165480563154
14210.497930777810325 20.088032281394678336
14210.802174360307617 20.091472340442699362
14211.108574807241894 20.094929081699138607
14211.41761403941382 20.098407531524077996
14211.729808911441069 20.101913040871501437
14212.045717345925368 20.10545134349359131
14212.365935079489645 20.109028507133995589
14212.6910936239492 20.112650897411828765
14213.018087266553266 20.116283311657177535
14213.345967093820946 20.119914780504601026
14213.676994176643348 20.123569839908920898
14214.009710112866742 20.127231822008905482
14214.339652276785273 20.130851348228855358
14214.667671785047787 20.13443769442473652
14214.994612584390779 20.137999940077737193
14215.321329064143356 20.141547154033450084
14215.648380432070553 20.145085085003277214
14215.976553316888385 20.14862183547449348
14216.30680776218469 20.152167229158926887
14216.640183284540399 20.15573176129687738
14216.977804469919647 20.159326626938426585
14217.318384674774279 20.162937278332226043
14217.655925925702832 20.16649976864851368
14217.991438696792102 20.170024762071577129
14218.325894595742284 20.173522333224912728
14218.660282383820231 20.177002550110280765
14218.995069317916204 20.180469895185787266
14219.331078505350888 20.183932409863061253
14219.66915815532775 20.187398211167923989
14220.010157282949876 20.190875226567516876
14220.354939298906174 20.194371318141747906
14220.70438479033146 20.197894291529390642
14221.049120033510917 20.201349245219475392
14221.389268329470724 20.20473785190407412
14221.725695480625291 20.208069104146897388
14222.059233122150545 20.211351467102879553
14222.390714974259026 20.214593237728323061
14222.721015850438562 20.217802916544549419
14223.051101129585732 20.220989664209639614
14223.381639315193752 20.224159561008800523
14223.710863850126771 20.227295398313216879
14224.034636187088836 20.230358075036118493
14224.35384916843941 20.233356690495941876
14224.669281088074058 20.236299060088196455
14224.981611934665125 20.239191901088045
14225.291472171953501 20.242041309875599353
14225.599427670236764 20.244852638797926403
14225.906012962244858 20.247630815236423274
14226.211706307178247 20.250380125739269488
14226.517055913527656 20.253105354255971804
14226.822491677306971 20.255810093670369554
14227.128410656468986 20.258497531166316463
14227.43548672288307 20.261173143220034376
14227.74448086645134 20.263842958061548671
14228.05624505405649 20.266513547954168928
14228.371745509954053 20.269192180476775178
14228.692111338927134 20.271887166737919017
14229.018704222306042 20.274608354622753126
14229.349603623526491 20.277338156980533768
14229.682365188171389 20.280055331410359543
14230.018936936372484 20.282774752148405639
14230.361382550883718 20.285511518018747523
14230.703734392354818 20.288216852153681202
14231.046798090861557 20.290896725512780563
14231.392094973507483 20.293562313860562085
14231.741386416268142 20.296226046509008967
14232.096705638678031 20.298901703320588297
14232.460499891400104 20.301605290907037471
14232.814456614334631 20.304200617208092439
14233.157600045702566 20.306683295919636834
14233.492413013875193 20.309073814650318468
14233.82107557227755 20.311389580080110306
14234.14567511893074 20.313646539880021891
14234.468301615950622 20.31585989087334454
14234.79106352105191 20.318044190499254142
14235.115386971319822 20.320208698507666867
14235.44432394220712 20.322372761624141191
14235.782159400219825 20.324562474180734029
14236.135571791408438 20.326817321268293881
14236.493917018802676 20.329066076124231444
14236.84819936365966 20.331252004201818551
14237.199476166164459 20.333382610684992642
14237.548750683690741 20.335464647423496132
14237.897056645602788 20.337504634885263499
14238.245367227265888 20.339508327909925356
14238.594189970564912 20.341478478810454789
14238.944468970616072 20.343420032013458609
14239.297193504824463 20.34533778253037184
14239.653387825681421 20.347236290342898712
14240.014129047831375 20.349119943083550766
14240.380560594094277 20.350992981074867316
14240.73191296690311 20.352750727583867274
14241.06562346283863 20.354385542061695702
14241.387899967334306 20.355932253860576253
14241.702555518311783 20.357411951333226341
14242.01212585243411 20.358838370726264344
14242.318452756771876 20.360221164610887712
14242.622966757100585 20.361567489081913607
14242.926852658487405 20.362882915289251429
14243.230941167124911 20.364171093484642938
14243.535900694672819 20.365434703196442001
14243.842649671569234 20.36667717802987454
14244.152065341084381 20.36790144698671412
14244.465003963312483 20.369110024837489448
14244.782352917329263 20.370305207720804219
14245.105011229563388 20.371488977221538619
14245.429848892712471 20.372648757145736198
14245.756054637793568 20.373781133011696909
14246.084242671004176 20.374887746477277517
14246.415050800755125 20.375970068330413909
14246.749147302956771 20.377029403873248015
14247.087249277876253 20.378066927186143431
14247.430165412702991 20.379083773268167334
14247.760026503539848 20.380028232556306023
14248.073802843449812 20.380896004861064341
14248.374196364524323 20.381698793247927881
14248.663276842311461 20.382445521568410385
14248.942678777295441 20.383143185900781447
14249.213727930622554 20.383797399161384334
14249.477521480324867 20.384412742889892911
14249.734993973564997 20.384993033845358212
14249.986949868147349 20.385541478287581896
14250.234098693978012 20.386060810059980497
14250.477071955403517 20.386553371836647841
14250.716445420490345 20.387021195886422475
14250.952750430742526 20.387466052421594043
14251.186486325579608 20.38788949328935729
14251.41813233056746 20.388292888111397616
14251.648133631333621 20.38867741212672513
14251.876962998350791 20.389044157405717073
14252.105106535782397 20.38939410407932229
14252.333101433712727 20.389728171306234827
14252.561326357197686 20.390046915042645992
14252.790395658512352 20.390351092557526869
14253.021140429833395 20.390641557448962118
14253.254554817587632 20.390919120096810957
14253.491886533867728 20.391184583022454291
14253.734750056199118 20.391438754413957923
14253.985289595404538 20.391682447394440914
14254.246438760173987 20.391916467430931448
14254.522364904882124 20.392141579489592829
14254.819291144844101 20.392358428942682025
14255.142882789228679 20.392564811235807554
14255.467209647753407 20.392740373320044966
14255.793099138809339 20.392885278460745724
14256.121417001271766 20.392999383347028441
14256.453084411692544 20.3930822195061765
14256.789096569285903 20.393132962205022807
14257.130542844901356 20.393150385093335331
14257.476698776970807 20.393132994200563246
14257.81412689093122 20.393082149284790461
14258.144088935672698 20.393000148249139869
14258.467676090614987 20.392888805655324802
14258.785854752311934 20.392749537731631904
14259.099505906960985 20.392583417636142684
14259.409435606768966 20.392391222852747745
14259.716403295029522 20.392173459482247466
14260.021136822217159 20.391930379658560923
14260.324356955843541 20.391661979939829763
14260.626757666905178 20.391368030015307511
14260.929050205624662 20.391048039872980979
14261.231662665699332 20.390701611982276376
14261.535315296689078 20.390327831781160484
14261.840852310111586 20.389925371006551558
14262.149218512413427 20.389492467048036417
14262.461468786717887 20.389026861617889352
14262.778809822810217 20.388525678793037343
14263.102753157754705 20.387985085403762753
14263.430231999889656 20.387408953256457522
14263.758002679996935 20.38680259738324807
14264.086959696698614 20.386164294456200707
14264.418313939591826 20.385491344697054927
14264.753156082286296 20.384780873861313211
14265.092521689926798 20.384029736914744291
14265.43745870935345 20.383234378232462092
14265.78362185955848 20.38240403892732644
14266.130045607264037 20.381540999133495262
14266.477549567836832 20.380643205072793478
14266.822618472178874 20.379720101271853849
14267.163595635471211 20.378777183858947097
14267.502226214755865 20.377810663377267986
14267.840172110449203 20.376816367843247235
14268.178605426142894 20.375791043885392639
14268.513040963875028 20.374748906209266153
14268.843939771715668 20.373689653072940331
14269.171837920879625 20.372612556967141018
14269.497259142159237 20.371516737820062559
14269.820707491076973 20.370401199886817523
14270.142658715409198 20.369264875828832828
14270.463569413130244 20.368106609024103193
14270.783877273306643 20.366925163850442715
14271.103998824992232 20.365719244621327988
14271.424253517852776 20.364487801074520945
14271.744907613598116 20.363229893913938895
14272.066335131965388 20.361944066387053454
14272.38888614447751 20.360628845688641064
14272.707377471651853 20.359305850975715657
14273.02192166201894 20.357975666124314529
14273.334116111896947 20.356632375870901797
14273.645539429911878 20.355269665002690971
14273.957354861078784 20.353882616355345903
14274.270665206229751 20.352466250450000018
14274.58700511758434 20.351013270570934566
14274.907995307676174 20.349515530528456964
14275.235453206434613 20.347963467479711852
14275.571552084860741 20.346345242670430764
14275.91894674215655 20.34464596228490052
14276.25991638135929 20.34295191544634207
14276.594452169318174 20.34126477156341295
14276.924660226704873 20.339575258035264227
14277.252406743353276 20.337874712037873337
14277.57945903770451 20.336154443594509189
14277.902586728456299 20.33443207121609575
14278.215441810960328 20.332743037114621387
14278.521530461928705 20.33107025413866964
14278.823429349020444 20.329400827592927214
14279.123231958978067 20.327723891064049866
14279.422734567449879 20.326029725997621256
14279.722876495818127 20.324313086084249136
14280.02509847721376 20.322565573552765272
14280.331039628557846 20.320777262673644259
14280.642441564685214 20.318937202326143421
14280.961231178704111 20.317032875650216539
14281.289618731527298 20.315049526191661045
14281.630227520332483 20.31296923870681681
14281.986276764546346 20.310769616757895051
14282.347653275193807 20.308511074911464789
14282.715097729580521 20.306187903455345634
14283.090438564648139 20.303787171385476285
14283.469387313825791 20.301335202013646608
14283.82813301655915 20.298988042621573413
14284.167099291158593 20.296747270598366697
14284.490208482953676 20.294590611857149298
14284.800370639128232 20.292501452747675472
14285.099818511253034 20.29046696730344479
14285.390314536904043 20.288476956714632138
14285.673291826593413 20.286523047098196315
14285.949954299798264 20.284598108903402647
14286.221325246518973 20.282695996434405572
14286.488289123513823 20.280811313134975649
14286.751626379906156 20.278939209028312263
14287.012031439962811 20.277075285385919301
14287.270138715282883 20.275215433672343579
14287.526529594479143 20.273355803690623844
14287.781752705017425 20.271492671250662454
14288.036335626999062 20.269622362167766028
14288.290729070176894 20.267741673114137768
14288.545285643649549 20.265848049146715226
14288.800389466923662 20.263938633996506411
14289.056511607388529 20.262009844581793772
14289.314144095171287 20.260057852784989052
14289.573784487516605 20.258078698566926334
14289.835945189348422 20.256068216513529734
14290.101157943032376 20.254021996750967816
14290.370015732221873 20.251935052829018957
14290.643159552750149 20.24980190899766086
14290.921252367512352 20.247616791387141433
14291.205026008234199 20.245373247333017019
14291.495304255900919 20.243063939988068967
14291.793023163350881 20.240680456521999986
14292.099265225073395 20.238212995898720692
14292.415306014347152 20.235649941361984361
14292.742682800284456 20.232977233295304842
14293.083287377761735 20.230177512765820325
14293.439512163757172 20.227228780109992812
14293.806248104803672 20.22417117062641978
14294.173498217573069 20.221087201192652572
14294.543524048835025 20.217957745611606413
14294.920030898047116 20.214750797723990416
14295.305438966493966 20.21144451844153167
14295.686535774737422 20.208152016899298076
14296.063658256318377 20.204871313376891351
14296.43716146774932 20.201600169666296125
14296.800226182509505 20.198399696349547128
14297.145005992822917 20.195341615365165922
14297.478435752595033 20.192366919677258608
14297.805523009246826 20.189432410440232957
14298.130266699674394 20.186502971381191429
14298.455724263811135 20.183551251605010179
14298.784496290349125 20.180553480620737616
14299.12069453795084 20.177471491229511003
14299.469355276647548 20.174257750925495003
14299.828152176822186 20.170932108669369143
14300.187298534212459 20.167584601690315083
14300.547221375425579 20.164211300103090707
14300.908354267983668 20.160808123371442235
14301.271154006173674 20.157370680975770227
14301.636108108943517 20.153894195516624421
14301.986805804250253 20.150536035056632045
14302.317646909883479 20.147352418309477429
14302.634550978400512 20.144288806621222676
14302.941623039247133 20.141307154279523672
14303.241831683804776 20.138379762059273048
14303.537465994908416 20.135485076434477492
14303.830253488453309 20.1326066906336969
14304.121596684532051 20.129731130311210308
14304.412683374446715 20.126846829974482489
14304.704174141990734 20.12394729300388363
14304.996956855133249 20.121023646270938201
14305.292000783912954 20.118066062207642375
14305.590266455610617 20.115064651602214241
14305.892749864246071 20.112009016250620874
14306.185236200966756 20.109043142348330235
14306.468301529348537 20.106162338272014267
14306.742642670242276 20.103360547119468293
14307.008907228173484 20.100632079593715673
14307.267695675098366 20.097971609924030645
14307.519564512211218 20.095374158645000762
14307.76503173020501 20.092835049590448193
14308.004576672938128 20.09034992287088528
14308.238638668255589 20.087914759737138581
14308.467620494035145 20.08552585629833942
14308.691896446824103 20.083179747667120552
14308.911818782569753 20.080873147223634589
14309.127710270946409 20.078603030545071562
14309.339861460093744 20.076366670378948953
14309.548550644854913 20.074161431421192248
14309.7540381817671 20.071984833754772382
14309.956574167730651 20.069834474866432572
14310.156387888177051 20.067708144543669135
14310.353695915770004 20.065603741978435437
14310.548706790028518 20.063519228117389304
14310.74161806860684 20.061452659030123868
14310.932618062372057 20.059402169240414082
14311.121888689294792 20.057365942665764891
14311.309607055187371 20.055342196823584544
14311.495947109993722 20.053329165938663436
14311.681081479440763 20.051325081871411271
14311.865188567189762 20.04932809752942191
14312.048443588959344 20.047336384124470499
14312.231025356310056 20.045348057872836023
14312.413122100524561 20.043361116262332189
14312.594927335596367 20.041373482548252127
14312.776647323191355 20.039382923533334946
14312.95843414517185 20.037387783616914305
14313.140467994715436 20.035386084856206423
14313.322993824782316 20.033375119893513272
14313.50628285741368 20.031351870419879191
14313.690641011249681 20.029312911044961254
14313.876427063489245 20.027254204010255023
14314.064074367079229 20.025170851894703361
14314.254118858360016 20.023056777192731914
14314.447234033599671 20.02090432001603304
14314.64427427220653 20.018703737063514581
14314.846322463503384 20.016442645210840823
14315.054735472895118 20.014105480580898444
14315.271225511933153 20.011672543712997197
14315.497955900562374 20.009118864885341083
14315.737608990764784 20.006413360299614368
14315.993396003124872 20.003518621394071886
14316.268824055403456 20.000393441312837695
14316.566741829203238 19.997003581699456021
14316.886905778073924 19.993349633178816305
14317.196898206926562 19.989800993901102544
14317.47535523985789 19.986604352827381348
14317.730799658644173 19.983664425515645036
14317.969424921588143 19.98091163663740133
14318.195680000450011 19.978295827472987156
14318.412818179118403 19.975780198040091307
14318.623279312436352 19.973337055316818578
14318.82891309110164 19.970945333551668455
14319.031155789112745 19.968588613212666871
14319.231131824168187 19.966253987642236467
14319.429737491162086 19.963931121010805469
14319.627706376941205 19.961611507980066449
14319.825652957668353 19.959287980022583753
14320.023858650072725 19.956957236708838366
14320.222829124701093 19.954613309790442344
14320.423048518036012 19.95225044277340487
14320.624992303661202 19.949862940623571461
14320.829145544415951 19.9474449538205576
14321.036018344449985 19.944990293083950661
14321.246163297861131 19.942492218044602481
14321.460185008992994 19.939943317734638129
14321.678763577656355 19.93733522248479062
14321.902682615371305 19.934658257678780302
14322.132857891529056 19.931901084989721795
14322.370387111239324 19.929050084078156146
14322.616629495796587 19.926088365824480064
14322.873312996340246 19.922994436341070923
14323.142680113905953 19.91974037101476469
14323.427743173482668 19.916288627223032393
14323.732718746372484 19.912586616937673512
14324.057939957408962 19.90862846401779862
14324.391383899719585 19.904559145996788772
14324.732612156591131 19.900383248349502452
14325.081310886131178 19.896103871359212434
14325.436153233444202 19.891736631799464163
14325.776087132318935 19.887541128098316534
14326.104920519714142 19.883471722980146978
14326.425916482074172 19.879488995913757066
14326.74244850841751 19.875551706646472638
14327.056920185821582 19.871630289488614096
14327.371538322324341 19.867697339064701367
14327.687543524496505 19.863737298721726887
14328.007193434565124 19.859721664585308076
14328.332875770714963 19.855620007757540435
14328.667223071095577 19.851398493363255682
14329.012237521494171 19.847030917620674728
14329.343335846111586 19.842828660893779613
14329.663961576879956 19.8387492112057231
14329.976788697424126 19.834759411405730845
14330.283933343298486 19.830832895325926302
14330.580494181163886 19.827033049293309119
14330.860646085127883 19.823435667719230935
14331.127428120589684 19.820002941455392431
14331.38310357217415 19.816706697908848867
14331.629422627855092 19.813525132869802547
14331.867836723598884 19.810440115736863476
14332.099456333931812 19.807437785091476457
14332.325223611180263 19.804506352552998294
14332.545937598857563 19.801635799279953432
14332.762265085922991 19.798817754331441421
14332.974793896957635 19.796044815989766619
14333.184041154960141 19.793310454292271316
14333.390467879642529 19.790608828858474055
14333.594495606539567 19.787934577920719192
14333.796500312439093 19.785282903117138886
14333.996847943402827 19.782649107372446196
14334.19588641226801 19.780028701952009129
14334.393949167084429 19.77741736160881203
14334.591364707426692 19.774810800585761683
14334.788461543512312 19.772204707707530247
14334.985565016620967 19.769594788639860639
14335.1828450108369 19.766978787051893818
14335.380639172381052 19.76435220411188709
14335.579305587225463 19.761710242942335469
14335.779235568274089 19.759047635954956945
14335.980846668880986 19.756358734436801683
14336.184584942135189 19.753637475135565893
14336.390957736655764 19.750876937534080469
14336.600555408984292 19.748069045405273414
14336.814070793654537 19.745204295220087687
14337.032356037385398 19.742270978743221121
14337.256497065829535 19.739254159476832484
14337.487892285347698 19.736134579802619982
14337.728392625787819 19.732886724295415348
14337.980523353377066 19.729475749053268174
14338.247857625648976 19.725852306623856691
14338.535683283609615 19.721943300342505978
14338.837907968758373 19.717829983845806652
14339.135535662857365 19.713770442083706769
14339.429381408250265 19.709753899783674314
14339.720069709481322 19.705772094893681867
14340.008170970626452 19.701817433229283694
14340.294215075693501 19.697882810462399306
14340.57857310194413 19.693963250838915968
14340.86158208046254 19.690054205263283649
14341.143559026484581 19.686151361955364081
14341.424825011124994 19.682250315142123753
14341.705658134009354 19.678347218665049212
14341.986277243628138 19.674439018927095901
14342.26696927060766 19.670521684297025189
14342.547895426803734 19.666592908033436515
14342.829156862126183 19.662651205180562641
14343.099892116042611 19.65884918976410134
14343.361441175546133 19.65516884263331221
14343.615127262915848 19.651592211421156975
14343.86216906757727 19.648102663431295412
14344.103668324825776 19.644685083171509632
14344.340613136113461 19.641325846224891194
14344.573887585724151 19.638012701271748028
14344.804286956783471 19.634734569439189045
14345.032524438216569 19.631481461641207886
14345.259295108175138 19.62824357557045829
14345.485211825889564 19.625012216189968939
14345.710849029355813 19.621779177918753589
14345.936620271419088 19.618538508424087752
14346.162921373668723 19.615284468145890884
14346.390275587604265 19.612009438940752659
14346.61920094906236 19.608705822452563439
14346.850218154273534 19.605365925258155357
14347.0838585891197 19.601981840192038931
14347.320670519271516 19.598545352675998288
14347.561224129744005 19.595047862277141348
14347.806116157398719 19.591480308741402894
14348.055992852427153 19.587832828694978105
14348.311511252821219 19.584095310552452673
14348.573301638753037 19.58025793816011273
14348.841953632454533 19.576311393191058841
14349.118014896846944 19.572246874391769467
14349.401976533421475 19.568056313683005243
14349.694178104620732 19.563733786057987629
14349.994731581513406 19.559276660399827819
14350.303437872540599 19.554686881104977658
14350.619712286661525 19.549972140786287866
14350.942544165074651 19.545146565906186709
14351.270518536288364 19.540230488218394811
14351.601925116561688 19.535248901375943831
14351.935011263351043 19.530227718777496193
14352.267355193791445 19.525203283409769739
14352.597376120618719 19.520199592012140499
14352.9240329428103 19.515232702439877954
14353.24668933382236 19.510312675642516922
14353.564939756442982 19.505446150651774673
14353.878847912579658 19.500632631849274645
14354.188704483189213 19.495868118514319889
14354.494968002976748 19.491145969985886666
14354.798218989195448 19.48645758133151773
14355.099129982030718 19.481792823882212673
14355.398450064698409 19.477140267762969472
14355.697005230937066 19.472487160554361907
14355.995658135983831 19.467820040720713592
14356.294964325505134 19.46313012258834263
14356.596040738006195 19.458399695462894385
14356.900200550473528 19.453607761630625106
14357.208945714028232 19.448730105673476487
14357.524020500257393 19.443738393183497948
14357.847548888348683 19.438597914416103407
14358.182046534100664 19.43326728078233856
14358.530536189655322 19.427696445369324607
14358.896684248145903 19.421824325726053218
14359.280567892368708 19.415646783940601949
14359.665329236082471 19.40943348442730354
14360.049626394320512 19.403205990184890339
14360.41429519844678 19.397276465439468041
14360.763222644332927 19.391584517683671862
14361.099263115105714 19.386085762816129829
14361.4245929149929 19.380746320432354679
14361.740921893244376 19.375539529357844515
14362.049621709777057 19.370443962928721504
14362.351823634498942 19.365441902888822057
14362.64848780806642 19.360518254290511209
14362.940450090591185 19.355659811119693359
14363.228455191618195 19.350854736027589098
14363.51318522764268 19.34609210619238695
14363.795192949493867 19.341363051202726808
14364.075060983233925 19.336658102423321282
14364.353370513032132 19.331967716955954728
14364.630689020705177 19.32728248672608018
14364.90764765332824 19.322591830344652664
14365.184761835416793 19.31788702971946492
14365.462549006248082 19.313159247873425528
14365.741815307890647 19.308394630958090943
14366.023492892563809 19.303577032720159679
14366.308702855320007 19.298686905082128362
14366.598880297346113 19.293699100945193692
14366.89590629167833 19.288580520965528109
14367.202301367600739 19.283286652615004186
14367.521512107130548 19.277756425330117906
14367.858354600599341 19.271904225047347126
14368.219623058988873 19.265608834420945072
14368.592998536369123 19.259082025366215163
14368.96796538343915 19.25250651469710661
14369.345329515615958 19.245867869648918713
14369.725942725935965 19.239150668361148178
14370.110732830698907 19.232337949985730319
14370.500747222778955 19.225410414689132921
14370.887340484023298 19.218521522445598748
14371.242063871290156 19.212181206256619959
14371.575424728969665 19.206205904900560455
14371.894268592559456 19.200475602785481044
14372.203310718738066 19.194907301908468611
14372.506063236874979 19.189438847906330921
14372.805350942895529 19.184019899105749118
14373.103667923223838 19.178605622206433168
14373.40270917531052 19.173165306705129751
14373.7044342490899 19.167663121305505314
14374.01150564370073 19.162050031182456422
14374.326999737235383 19.156268936506055667
14374.654635922199304 19.15025034130579229
14374.982943111670465 19.14420414132429471
14375.308444723443245 19.138194574948791171
14375.63209922653914 19.132204333771511529
14375.955065721391293 19.126212207070345528
14376.278323890335741 19.120200117580402832
14376.602811953142009 19.114150589654396839
14376.929911613529839 19.108037686406394329
14377.261146829530844 19.10183255998332541
14377.584638748799989 19.09575807521360602
14377.899540945885747 19.089831293752112629
14378.20847749128734 19.084003847860447678
14378.513888874849727 19.078230382403660315
14378.817866170134948 19.072471760375957928
14379.12217671759754 19.066694659016320657
14379.428196197766738 19.060872935194790756
14379.738029095919046 19.054966323526304706
14380.053869177439992 19.048932520689000114
14380.378327535236167 19.04272087493171739
14380.714493042738468 19.036271127087442068
14381.066104448706028 19.029509974392983196
14381.438161525635223 19.022339097553473408
14381.820104263855683 19.014960181757487589
14382.197592742499182 19.007650122510412416
14382.573238253798991 19.00035900982584991
14382.94650960960098 18.993097663924743301
14383.317102756345776 18.985872557546539241
14383.685783671771787 18.978669277583058772
14384.053296319178116 18.971473708268646874
14384.420341061315412 18.964272465324629735
14384.781877999868811 18.957165013587889746
14385.136398270926293 18.950181965328855682
14385.485139600004914 18.943299872628102776
14385.829185804805093 18.936498121071736023
14386.169497553784822 18.929758360788977001
14386.506943823529582 18.923063913586556595
14386.842321435977283 18.916399408176868491
14387.176375369837842 18.909750394250231409
14387.509814315875701 18.90310304615560355
14387.843288578947977 18.89644461507663209
14388.171090371999526 18.889889514855671138
14388.493267267554984 18.883437481960882565
14388.81140668441185 18.877057320228693982
14389.127000073731324 18.870719567607153522
14389.441389860168783 18.864397589826896962
14389.755811274924781 18.858066767361215454
14390.070917371982432 18.851714099101236854
14390.388032942315476 18.845312954674714234
14390.706410477148893 18.838878487245168003
14391.022584620723137 18.832480957598587423
14391.336981611779265 18.826112074664642648
14391.650160230792608 18.819760814666295801
14391.962822816945845 18.813413186097189822
14392.275664046548627 18.807055293385417372
14392.58551097806594 18.800751907130493379
14392.886731260907254 18.794618152184661142
14393.180106561276261 18.788638763693150224
14393.466603612088875 18.782794605554727241
14393.747332191693204 18.777063523038872717
14394.023504204416895 18.771421178109225281
14394.296412424166192 18.765841486640965741
14394.567428352489515 18.76029666603609769
14394.838013052118185 18.754757016843090156
14395.109182229827638 18.749201886818486429
14395.382369775983534 18.743601999256426893
14395.659423684634021 18.737919516920378271
14395.942446529390509 18.732111299353586986
14396.233876597696508 18.726127229750463954
14396.536581050128007 18.719908290420438135
14396.853905840842344 18.713385523126142118
14397.189727568775197 18.70647894962289115
14397.54825757792787 18.699101593273478983
14397.898100354737835 18.691899586205305894
14398.236416536865363 18.68493198138739686
14398.566029755585987 18.678141165211190611
14398.889305451375549 18.671478834348974374
14399.208275629564014 18.66490346518250476
14399.524731570389122 18.658378431330877589
14399.840308592603833 18.651870276938844029
14400.156256431233487 18.645353469650778777
14400.473188375641257 18.63881559225738016
14400.784070960276949 18.63240198707108064
14401.091066817012688 18.626068284862874691
14401.395909505496093 18.619778943738719335
14401.700073436026287 18.613503757651372439
14402.004577146544761 18.607221924974428617
14402.310353545875842 18.600914416867489365
14402.618643999398046 18.594555855786040865
14402.930693895061268 18.58812080576762682
14403.247798597045403 18.581582835124354602
14403.571358661991326 18.574913390742977981
14403.902994474676234 18.568079452277089558
14404.244538542463488 18.56104371468947889
14404.598056924789489 18.553764176943111863
14404.951986782560198 18.546479437383712963
14405.304576748440013 18.53922588158800977
14405.657582661640845 18.531967727990352302
14406.008896236053261 18.524748660645773413
14406.359428945641412 18.517550263140194033
14406.710078625401366 18.510354447825978497
14407.061451507041056 18.50314916218820116
14407.414625062036066 18.495912750030434779
14407.768896566716649 18.488660073356477653
14408.119864096332094 18.481481585691508229
14408.467627520543829 18.474375453865906849
14408.812196209340982 18.467341685753623892
14409.153492336568888 18.460382053863970242
14409.491367845861532 18.453499739952871295
14409.825635784734914 18.446698688706444358
14410.156111769683775 18.439982759425188164
14410.482658596874899 18.433354819842548977
14410.805225711330422 18.426815951246616976
14411.123876598936477 18.420364904959161123
14411.43880129975696 18.413997865003988608
14411.750315121318636 18.407708492598867878
14412.058847620304732 18.401488167835967857
14412.3649267812998 18.395326327396031019
14412.669162860698634 18.389210807460258934
14412.972235150491542 18.383128126321299334
14413.274883554602638 18.377063669397806223
14413.577722232525048 18.371005430526448521
14413.881359807121044 18.364941598916210808
14414.186683099851507 18.358854913432743672
14414.494645741804561 18.352726924131726349
14414.806275782932062 18.346537866172209164
14415.119695218405468 18.340325704401269746
14415.435551324440894 18.334078223617950698
14415.75386678108589 18.327795649650315823
14416.066161996996016 18.321645483611938232
14416.373629694828196 18.315603882792096613
14416.677238274656702 18.309651584556384307
14416.977888826524577 18.303770794563547497
14417.276410040407427 18.297945276574257178
14417.573617955731606 18.292159179972298233
14417.870334864532197 18.286396676535947137
14418.167260605565389 18.28064445938396787
14418.46502998581127 18.274890612401254231
14418.76454210385964 18.269118262718532009
14419.066811126158427 18.263308522367349696
14419.373000745104946 18.257439872931492175
14419.684457397126607 18.251487590711562348
14420.002785438073261 18.245422393050137799
14420.33004477261602 18.239206801391389945
14420.669050932268874 18.232789663036339078
14421.00783672741818 18.226399050101850463
14421.341323536791606 18.220130641909630498
14421.671087396636722 18.213954321407271664
14421.998553525647367 18.207843183144703403
14422.325057884911075 18.201772349043217503
14422.651731805102827 18.195721082706818095
14422.979329034633338 18.189675916449949966
14423.309156759554753 18.183613449269973472
14423.642636645736275 18.177508585029325872
14423.981230997516832 18.171335944473547386
14424.326583838957959 18.165067358621179494
14424.680625512994084 18.158670098759785105
14425.045743717493679 18.152103987009862607
14425.424911131560293 18.145319405623936859
14425.818298669619253 18.138317811275953773
14426.217176712290893 18.131258089359384655
14426.61450141601199 18.12426617806514173
14427.009210965041348 18.117360805809632041
14427.401122288347324 18.110545011368291313
14427.788480156212245 18.103848836364377917
14428.166690356358231 18.097350201074224429
14428.53699835574298 18.091025659526440705
14428.900502773605695 18.084854749611434244
14429.258186647766706 18.078819388439654858
14429.610936927778312 18.072903486032483755
14429.959775735198491 18.067089053714830982
14430.30548599726535 18.061362458123202401
14430.648793176740583 18.055711319207919274
14430.990385222426994 18.050124159650909661
14431.330912483388602 18.04459039215914018
14431.670995384849448 18.039100182579286269
14432.01116521248332 18.033645387658729931
14432.351787735666221 18.028220726526591022
14432.690973886245047 18.022856621390864973
14433.028127428935477 18.017562421052552679
14433.363570555971819 18.012332931320123919
14433.697628477464605 18.007163049015883161
14434.030628991800768 18.002047773224454374
14434.362902302569637 17.996982212846017291
14434.694808967193239 17.991961170478713683
14435.026704316978794 17.986979696483668789
14435.35878912606313 17.982035305130942504
14435.691394384106388 17.977123697184993034
14436.024885862276278 17.972240235574538758
14436.359638944188191 17.967380336899413606
14436.696038594574929 17.96253948499191111
14437.034478280775147 17.957713260318154624
14437.375358372250048 17.95289737694291432
14437.719090183869412 17.948087640737320214
14438.066090910057028 17.943280037709783414
14438.416792512452957 17.938470629045621507
14438.77165356484511 17.933655415361759111
14439.131152511266919 17.928830461495063986
14439.49579191029261 17.92399187284861739
14439.86610375503551 17.919135764296925117
14440.242656479009383 17.914258215640625593
14440.626065722248313 17.909355190108378508
14441.008567814442358 17.90452821704939268
14441.390654862792871 17.899771511321418416
14441.771449822093928 17.895096301323007992
14442.150554562897014 17.890507434531023989
14442.528835085084211 17.885994484597592447
14442.907160271841349 17.881547574643768428
14443.286027189611559 17.877161697129551499
14443.666351724130436 17.87282745366369241
14444.049026641507226 17.86853636417324509
14444.414495061584603 17.864504318215669088
14444.76535188546768 17.860694749208594345
14445.104319229812972 17.857071727551325324
14445.433534191788567 17.853607382851219398
14445.754742823262859 17.850279340122529703
14446.069551041728118 17.847067808011079393
14446.379241982638632 17.843957249282855315
14446.684937651310975 17.840934516564946222
14446.987644705686762 17.837988269736019475
14447.288294170739391 17.835108500340112414
14447.587785987974712 17.832286052335796001
14447.887003125741103 17.829512467623210625
14448.186538818603367 17.826782440238517324
14448.487184632529534 17.824089261047891597
14448.789935933331435 17.821424931739887398
14449.095901848009817 17.818781108728352081
14449.40639549228581 17.816148455672593087
14449.722991236330927 17.813516367766954573
14450.047650782193159 17.810872218855184457
14450.38302672537975 17.808199372632689261
14450.732922270941344 17.80547437995835125
14451.103139303864737 17.802661913754295853
14451.493812057311516 17.799773075667573607
14451.882172354973591 17.796981831622510128
14452.270509610398221 17.794271025126530361
14452.660113365232974 17.791632025228853564
14453.053710751320978 17.789047944345522723
14453.454662588883366 17.786500192519302033
14453.867222930704884 17.783967668286148722
14454.272436440156525 17.781567909766025082
14454.666045734789805 17.779319830995039098
14455.050387013781801 17.777203328010870109
14455.427492610360787 17.775201932273272831
14455.799235040565691 17.773301683870148082
14456.167320662785642 17.771490932450397793
14456.533275366718954 17.769760191470616917
14456.898506574530984 17.76810165588878121
14457.2640428367813 17.766510177535931092
14457.630754755631642 17.764981998639576943
14457.999845780845135 17.763512690777709224
14458.372428310758551 17.76209903185399952
14458.74744086647479 17.760746240513757499
14459.120603293187742 17.759469425491037242
14459.484653933899608 17.758289917459023854
14459.843578592861377 17.757190480517834885
14460.201024382004107 17.756157721044477427
14460.559556443968177 17.755183637303197486
14460.922260417408324 17.754260702079793788
14461.293556429052842 17.753380450916509403
14461.67853292633481 17.752536113403390772
14462.0500674525465 17.751786618311669486
14462.41103934349303 17.751119348999669256
14462.764140577186481 17.750524184944236339
14463.111613231276351 17.749993567366736613
14463.455491670407355 17.749521718846651197
14463.797593011840945 17.74910441888685142
14464.139644807075456 17.748738662196632987
14464.476498152585918 17.748428304641677755
14464.802033045220014 17.748174931366218487
14465.117827139292785 17.747972469459828204
14465.425660699216678 17.747815818066044358
14465.727299394284273 17.74770096149311982
14466.024385571725361 17.747624905078705382
14466.318390762142371 17.747585543933102059
14466.610605605625096 17.747581517023352404
14466.902147739412612 17.747612072059268939
14467.193834654744933 17.747676909307156023
14467.486218780371928 17.74777600906888253
14467.780057143714657 17.747909712857239839
14468.075991262136085 17.74807863713510514
14468.374562715682259 17.748283615970226634
14468.676226924309958 17.748525654507311344
14468.98137991222211 17.748805905486548795
14469.290351265091886 17.749125627774752445
14469.603397378437876 17.749486140371711684
14469.920726569251201 17.749888813740664517
14470.242508504265061 17.750335055756398361
14470.568884970805811 17.750826306136097799
14470.899982281347548 17.751364040979648706
14471.235925286184283 17.751949788878988556
14471.576852685231643 17.752585159485541055
14471.920684037639148 17.753267286112777157
14472.263044291814367 17.753987331304184494
14472.604548411825817 17.754745764697350552
14472.945782331735245 17.755543286952775617
14473.287176913769144 17.756380488340237633
14473.629170899568635 17.757258181420542797
14473.972322850358978 17.758177707532425416
14474.317178928982685 17.759140623769283707
14474.664264657501917 17.760148668105930625
14475.014083114770983 17.761203739830929038
14475.367114144852167 17.762307882877273357
14475.723804317247414 17.763463238888434148
14476.083910106854091 17.764669790804212823
14476.435785358016801 17.765887314470649727
14476.781921905319905 17.76712178301942302
14477.124503037493923 17.768379155100856082
14477.465492825342153 17.76966549811782059
14477.806641500501428 17.770986860215913339
14478.1490430916474 17.772347360267307437
14478.494616490146655 17.773754955588078275
14478.845429920025708 17.775218996535986804
14479.203875066374167 17.776751059405007993
14479.571644387402557 17.778360600342931974
14479.933006991674119 17.779978845350306926
14480.287425949800308 17.781601023661711025
14480.634848261455772 17.783224522345925322
14480.975615384346384 17.784848690051020981
14481.310334171888826 17.786474379025143833
14481.639760305055461 17.788103467929971657
14481.964703978339458 17.78973843063071314
14482.285966787503639 17.79138201642120265
14482.604304122565736 17.793037033789548929
14482.920406101990011 17.79470621704650668
14483.234891397531101 17.796392156301074294
14483.548306063617929 17.798097254627510466
14483.861134826916896 17.799823756210379599
14484.173806600456373 17.801573749030936256
14484.486592017556177 17.803348554586467145
14484.799773271693994 17.805149648076149305
14485.11367657781193 17.806978851815657094
14485.428599469780238 17.808837918756751151
14485.744816839080158 17.810728556880938811
14486.062585791052697 17.81265244946257198
14486.381709357881846 17.814608557074556927
14486.702051701400705 17.81659616299103277
14487.02485686719956 17.818623226967460482
14487.351143295694783 17.82069663938794335
14487.680105174669734 17.822811798320884691
14488.011947403945669 17.824970472071267835
14488.346869471337413 17.827174454477734855
14488.685065884603318 17.829425565884537974
14489.026726317477369 17.831725652408728422
14489.37203579781999 17.834076585590324271
14489.721175077906082 17.836480263402027191
14490.074321218195109 17.838938612915260506
14490.431648402120118 17.841453594849305375
14490.788936041853958 17.843995782328935462
14491.146371404100137 17.846566321794782084
14491.504848491389566 17.849171581429562394
14491.860714932554401 17.851784644364872889
14492.211233733527479 17.854384334034769211
14492.557701432158865 17.856979053520070977
14492.9013370604589 17.859577016632524504
14493.242110262903225 17.862177221878599909
14493.573573233001298 17.864729047090978753
14493.896827597038282 17.867239055257876146
14494.213076960744729 17.869714965862947054
14494.523496873231124 17.87216463308405423
14494.829173288922902 17.874595524808267299
14495.131083898448196 17.877014528443574193
14495.430097230964748 17.879427898523132967
14495.726978356255131 17.881841261653267594
14496.022394572339181 17.884259626337165372
14496.316917934507728 17.886687370933316288
14496.611023260997172 17.889128196573121699
14496.905081219230851 17.891585039511650024
14497.199274709601013 17.894059334959820262
14497.493748821350891 17.896552237860543499
14497.788569063739487 17.899064255001579937
14498.083673494584218 17.901594811178370037
14498.378825547768429 17.904141806181300467
14498.673661075526979 17.906701977803489712
14498.96783834638336 17.909272183219783869
14499.261019903473425 17.911849246524134571
14499.552922296816178 17.91443040254746677
14499.843309816527835 17.917013256687269518
14500.132030289772956 17.919596119844207749
14500.419016555930284 17.92217804416418403
14500.704279823936304 17.924758784836914316
14500.98789737464358 17.927338707585196431
14501.269998191868581 17.929918672881022701
14501.550749111725963 17.93249992025258166
14501.830343010320576 17.935083967147594564
14501.830343010320576 17.935083967147594564
14501.830343010320576 17.935083967147594564
14501.830343010320576 17.935083967147594564
14501.830343010320576 17.935083967147594564
14501.830343010320576 17.935083967147594564
