# Fix print output for fix log_pen
12001.538951677825025 38.84495589661307946
12001.584452467566734 38.837884828801215065
12001.629953257310262 38.830813760989350669
12001.675454047051971 38.823742693177486274
12001.720954836795499 38.816671625365621878
12001.766455626537208 38.809600557553757483
12001.811956416280736 38.802529489741893087
12001.857457206022445 38.795458421930028692
12001.902957995764154 38.788387354118164296
12001.948458785507682 38.781316286306299901
12001.993959575249391 38.774245218494435505
12002.039460364992919 38.76717415068257111
12002.084961154734629 38.760103082870706714
12002.130461944478157 38.753032015058842319
12002.175962734219866 38.745960947246977923
12002.221463523961575 38.738889879435113528
12002.266964313705103 38.731818811623249132
12002.312465103446812 38.724747743811384737
12002.35796589319034 38.717676675999520342
12002.403466682932049 38.710605608187655946
12002.448967472675577 38.703534540375791551
12002.494468262417286 38.696463472563927155
12002.539969052160814 38.68939240475206276
12002.585469841902523 38.682321336940198364
12002.630970631644232 38.675250269128333969
12002.67647142138776 38.668179201316469573
12002.721972211129469 38.661108133504605178
12002.767473000872997 38.654037065692740782
12002.812973790614706 38.646965997880876387
12002.858474580358234 38.639894930069011991
12002.903975370099943 38.632823862257147596
12002.949476159841652 38.6257527944452832
12002.99497694958518 38.618681726633418805
12003.040477739326889 38.611610658821554409
12003.085978529070417 38.604539591009690014
12003.131479318812126 38.597468523197825618
12003.176980108555654 38.590397455385961223
12003.222480898297363 38.583326387574096827
12003.267981688039072 38.576255319762232432
12003.3134824777826 38.569184251950368036
12003.358983267524309 38.562113184138503641
12003.404484057267837 38.555042116326639245
12003.449984847009546 38.54797104851477485
12003.495485636753074 38.540899980702910455
12003.540986426494783 38.533828912891046059
12003.586487216236492 38.526757845079181664
12003.63198800598002 38.519686777267317268
12003.677488795721729 38.512615709455452873
12003.722989585465257 38.505544641643588477
12003.768490375206966 38.498473573831724082
12003.813991164950494 38.491402506019859686
12003.859491954692203 38.484331438207995291
12003.904992744435731 38.477260370396130895
12003.95049353417744 38.4701893025842665
12003.995994323919149 38.463118234772402104
12004.041495113662677 38.456047166960537709
12004.086995903404386 38.448976099148673313
12004.132496693147914 38.441905031336808918
12004.177997482889623 38.434833963524944522
12004.223498272633151 38.427762895713080127
12004.26899906237486 38.420691827901215731
12004.314499852116569 38.413620760089351336
12004.360000641860097 38.40654969227748694
12004.405501431601806 38.399478624465622545
12004.451002221345334 38.392407556653758149
12004.496503011087043 38.385336488841893754
12004.542003800830571 38.378265421030029358
12004.58750459057228 38.371194353218164963
12004.633005380313989 38.364123285406300568
12004.678506170057517 38.357052217594436172
12004.724006959799226 38.349981149782571777
12004.769507749542754 38.342910081970707381
12004.815008539284463 38.335839014158842986
12004.860509329027991 38.32876794634697859
12004.9060101187697 38.321696878535114195
12004.951510908511409 38.314625810723249799
12004.997011698254937 38.307554742911385404
12005.042512487996646 38.300483675099521008
12005.088013277740174 38.293412607287656613
12005.133514067481883 38.286341539475792217
12005.179014857225411 38.279270471663927822
12005.22451564696712 38.272199403852063426
12005.270016436708829 38.265128336040199031
12005.315517226452357 38.258057268228334635
12005.361018016194066 38.25098620041647024
12005.406518805937594 38.243915132604605844
12005.452019595679303 38.236844064792741449
12005.497520385422831 38.229772996980877053
12005.54302117516454 38.222701929169012658
12005.588521964908068 38.215630861357148262
12005.634022754649777 38.208559793545283867
12005.679523544391486 38.201488725733419471
12005.725024334135014 38.194417657921555076
12005.770525123876723 38.18734659010969068
12005.816025913620251 38.180275522297826285
12005.86152670336196 38.17320445448596189
12005.907027493105488 38.166133386674097494
12005.952528282847197 38.159062318862233099
12005.998029072588906 38.151991251050368703
12006.043529862332434 38.144920183238504308
12006.089030652074143 38.137849115426639912
12006.134531441817671 38.130778047614775517
12006.18003223155938 38.123706979802911121
12006.225533021302908 38.116635911991046726
12006.271033811044617 38.10956484417918233
12006.316534600786326 38.102493776367317935
12006.362035390529854 38.095422708555453539
12006.407536180271563 38.088351640743589144
12006.453036970015091 38.081280572931724748
12006.4985377597568 38.074209505119860353
12006.544038549500328 38.067138437307995957
12006.589539339242037 38.060067369496131562
12006.635040128983746 38.052996301684267166
12006.680540918727274 38.045925233872402771
12006.726041708468983 38.038854166060538375
12006.771542498212511 38.03178309824867398
12006.81704328795422 38.024712030436809584
12006.862544077697748 38.017640962624945189
12006.908044867439457 38.010569894813080793
12006.953545657182985 38.003498827001216398
12006.999046446924694 37.996427759189352003
12007.044547236666403 37.989356691377487607
12007.090048026409931 37.982285623565623212
12007.13554881615164 37.975214555753758816
12007.181049605895168 37.968143487941894421
12007.226550395636878 37.961072420130030025
12007.272051185380406 37.95400135231816563
12007.317551975122115 37.946930284506301234
12007.363052764863824 37.939859216694436839
12007.408553554607352 37.932788148882572443
12007.454054344349061 37.925717081070708048
12007.499555134092589 37.918646013258843652
12007.545055923834298 37.911574945446979257
12007.590556713577826 37.904503877635114861
12007.636057503319535 37.897432809823250466
12007.681558293061244 37.89036174201138607
12007.727059082804772 37.883290674199521675
12007.772559872546481 37.876219606387657279
12007.818060662290009 37.869148538575792884
12007.863561452031718 37.862077470763928488
12007.909062241775246 37.855006402952064093
12007.954563031516955 37.847935335140199697
12008.000063821258664 37.840864267328335302
12008.045564611002192 37.833793199516470906
12008.091065400743901 37.826722131704606511
12008.136566190487429 37.819651063892742116
12008.182066980229138 37.81257999608087772
12008.227567769972666 37.805508928269013325
12008.273068559714375 37.798437860457148929
12008.318569349456084 37.791366792645284534
12008.364070139199612 37.784295724833420138
12008.409570928941321 37.777224657021555743
12008.455071718684849 37.770153589209691347
12008.500572508426558 37.763082521397826952
12008.546073298170086 37.756011453585962556
12008.591574087911795 37.748940385774098161
12008.637074877655323 37.741869317962233765
12008.682575667397032 37.73479825015036937
12008.728076457138741 37.727727182338504974
12008.773577246882269 37.720656114526640579
12008.819078036623978 37.713585046714776183
12008.864578826367506 37.706513978902911788
12008.910079616109215 37.699442911091047392
12008.955580405852743 37.692371843279182997
12009.001081195594452 37.685300775467318601
12009.046581985336161 37.678229707655454206
12009.092082775079689 37.67115863984358981
12009.137583564821398 37.664087572031725415
12009.183084354564926 37.657016504219861019
12009.228585144306635 37.649945436407996624
12009.274085934050163 37.642874368596132229
12009.319586723791872 37.635803300784267833
12009.365087513533581 37.628732232972403438
12009.410588303277109 37.621661165160539042
12009.456089093018818 37.614590097348674647
12009.501589882762346 37.607519029536810251
12009.547090672504055 37.600447961724945856
12009.592591462247583 37.59337689391308146
12009.638092251989292 37.586305826101217065
12009.683593041731001 37.579234758289352669
12009.729093831474529 37.572163690477488274
12009.774594621216238 37.565092622665623878
12009.820095410959766 37.558021554853759483
12009.865596200701475 37.550950487041895087
12009.911096990445003 37.543879419230030692
12009.956597780186712 37.536808351418166296
12010.00209856993024 37.529737283606301901
12010.047599359671949 37.522666215794437505
12010.093100149413658 37.51559514798257311
12010.138600939157186 37.508524080170708714
12010.184101728898895 37.501453012358844319
12010.229602518642423 37.494381944546979923
12010.275103308384132 37.487310876735115528
12010.32060409812766 37.480239808923251132
12010.366104887869369 37.473168741111386737
12010.411605677611078 37.466097673299522341
12010.457106467354606 37.459026605487657946
12010.502607257096315 37.451955537675793551
12010.548108046839843 37.444884469863929155
12010.593608836581552 37.43781340205206476
12010.63910962632508 37.430742334240200364
12010.684610416066789 37.423671266428335969
12010.730111205808498 37.416600198616471573
12010.775611995552026 37.409529130804607178
12010.821112785293735 37.402458062992742782
12010.866613575037263 37.395386995180878387
12010.912114364778972 37.388315927369013991
12010.9576151545225 37.381244859557149596
12011.003115944264209 37.3741737917452852
12011.048616734005918 37.367102723933420805
12011.094117523749446 37.360031656121556409
12011.139618313491155 37.352960588309692014
12011.185119103234683 37.345889520497827618
12011.230619892976392 37.338818452685963223
12011.27612068271992 37.331747384874098827
12011.321621472461629 37.324676317062234432
12011.367122262205157 37.317605249250370036
12011.412623051946866 37.310534181438505641
12011.458123841688575 37.303463113626641245
12011.503624631432103 37.29639204581477685
12011.549125421173812 37.289320978002912454
12011.59462621091734 37.282249910191048059
12011.640127000659049 37.275178842379183664
12011.685627790402577 37.268107774567319268
12011.731128580144286 37.261036706755454873
12011.776629369885995 37.253965638943590477
12011.822130159629523 37.246894571131726082
12011.867630949371232 37.239823503319861686
12011.91313173911476 37.232752435507997291
12011.958632528856469 37.225681367696132895
12012.004133318599997 37.2186102998842685
12012.049634108341706 37.211539232072404104
12012.095134898083415 37.204468164260539709
12012.140635687826943 37.197397096448675313
12012.186136477568652 37.190326028636810918
12012.23163726731218 37.183254960824946522
12012.277138057053889 37.176183893013082127
12012.322638846797418 37.169112825201217731
12012.368139636539127 37.162041757389353336
12012.413640426280836 37.15497068957748894
12012.459141216024364 37.147899621765624545
12012.504642005766073 37.140828553953760149
12012.550142795509601 37.133757486141895754
12012.59564358525131 37.126686418330031358
12012.641144374994838 37.119615350518166963
12012.686645164736547 37.112544282706302567
12012.732145954478256 37.105473214894438172
12012.777646744221784 37.098402147082573777
12012.823147533963493 37.091331079270709381
12012.868648323707021 37.084260011458844986
12012.91414911344873 37.07718894364698059
12012.959649903192258 37.070117875835116195
12013.005150692933967 37.063046808023251799
12013.050651482677495 37.055975740211387404
12013.096152272419204 37.048904672399523008
12013.141653062160913 37.041833604587658613
12013.187153851904441 37.034762536775794217
12013.23265464164615 37.027691468963929822
12013.278155431389678 37.020620401152065426
12013.323656221131387 37.013549333340201031
12013.369157010874915 37.006478265528336635
12013.414657800616624 36.99940719771647224
12013.460158590358333 36.992336129904607844
12013.505659380101861 36.985265062092743449
12013.55116016984357 36.978193994280879053
12013.596660959587098 36.971122926469014658
12013.642161749328807 36.964051858657150262
12013.687662539072335 36.956980790845285867
12013.733163328814044 36.949909723033421471
12013.778664118555753 36.942838655221557076
12013.824164908299281 36.93576758740969268
12013.86966569804099 36.928696519597828285
12013.915166487784518 36.92162545178596389
12013.960667277526227 36.914554383974099494
12014.006168067269755 36.907483316162235099
12014.051668857011464 36.900412248350370703
12014.097169646753173 36.893341180538506308
12014.142670436496701 36.886270112726641912
12014.18817122623841 36.879199044914777517
12014.233672015981938 36.872127977102913121
12014.279172805723647 36.865056909291048726
12014.324673595467175 36.85798584147918433
12014.370174385208884 36.850914773667319935
12014.415675174952412 36.843843705855455539
12014.461175964694121 36.836772638043591144
12014.50667675443583 36.829701570231726748
12014.552177544179358 36.822630502419862353
12014.597678333921067 36.815559434607997957
12014.643179123664595 36.808488366796133562
12014.688679913406304 36.801417298984269166
12014.734180703149832 36.794346231172404771
12014.779681492891541 36.787275163360540375
12014.82518228263325 36.78020409554867598
12014.870683072376778 36.773133027736811584
12014.916183862118487 36.766061959924947189
12014.961684651862015 36.758990892113082793
12015.007185441603724 36.751919824301218398
12015.052686231347252 36.744848756489354002
12015.098187021088961 36.737777688677489607
12015.14368781083067 36.730706620865625212
12015.189188600574198 36.723635553053760816
12015.234689390315907 36.716564485241896421
12015.280190180059435 36.709493417430032025
12015.325690969801144 36.70242234961816763
12015.371191759544672 36.695351281806303234
12015.416692549286381 36.688280213994438839
12015.46219333902809 36.681209146182574443
12015.507694128771618 36.674138078370710048
12015.553194918513327 36.667067010558845652
12015.598695708256855 36.659995942746981257
12015.644196497998564 36.652924874935116861
12015.689697287742092 36.645853807123252466
12015.735198077483801 36.63878273931138807
12015.78069886722551 36.631711671499523675
12015.826199656969038 36.624640603687659279
12015.871700446710747 36.617569535875794884
12015.917201236454275 36.610498468063930488
12015.962702026195984 36.603427400252066093
12016.008202815939512 36.596356332440201697
12016.053703605681221 36.589285264628337302
12016.099204395424749 36.582214196816472906
12016.144705185166458 36.575143129004608511
12016.190205974908167 36.568072061192744115
12016.235706764651695 36.56100099338087972
12016.281207554393404 36.553929925569015325
12016.326708344136932 36.546858857757150929
12016.372209133878641 36.539787789945286534
12016.417709923622169 36.532716722133422138
12016.463210713363878 36.525645654321557743
12016.508711503105587 36.518574586509693347
12016.554212292849115 36.511503518697828952
12016.599713082590824 36.504432450885964556
12016.645213872334352 36.497361383074100161
12016.690714662076061 36.490290315262235765
12016.736215451819589 36.48321924745037137
12016.781716241561298 36.476148179638506974
12016.827217031303007 36.469077111826642579
12016.872717821046535 36.462006044014778183
12016.918218610788244 36.454934976202913788
12016.963719400531772 36.447863908391049392
12017.009220190273481 36.440792840579184997
12017.054720980017009 36.433721772767320601
12017.100221769758718 36.426650704955456206
12017.145722559500427 36.41957963714359181
12017.191223349243955 36.412508569331727415
12017.236724138985664 36.405437501519863019
12017.282224928729192 36.398366433707998624
12017.327725718470901 36.391295365896134228
12017.373226508214429 36.384224298084269833
12017.418727297956139 36.377153230272405438
12017.464228087699667 36.370082162460541042
12017.509728877441376 36.363011094648676647
12017.555229667183085 36.355940026836812251
12017.600730456926613 36.348868959024947856
12017.646231246668322 36.34179789121308346
12017.69173203641185 36.334726823401219065
12017.737232826153559 36.327655755589354669
12017.782733615897087 36.320584687777490274
12017.828234405638796 36.313513619965625878
12017.873735195380505 36.306442552153761483
12017.919235985124033 36.299371484341897087
12017.964736774865742 36.292300416530032692
12018.01023756460927 36.285229348718168296
12018.055738354350979 36.278158280906303901
12018.101239144094507 36.271087213094439505
12018.146739933836216 36.26401614528257511
12018.192240723577925 36.256945077470710714
12018.237741513321453 36.249874009658846319
12018.283242303063162 36.242802941846981923
12018.32874309280669 36.235731874035117528
12018.374243882548399 36.228660806223253132
12018.419744672291927 36.221589738411388737
12018.465245462033636 36.214518670599524341
12018.510746251775345 36.207447602787659946
12018.556247041518873 36.200376534975795551
12018.601747831260582 36.193305467163931155
12018.64724862100411 36.18623439935206676
12018.692749410745819 36.179163331540202364
12018.738250200489347 36.172092263728337969
12018.783750990231056 36.165021195916473573
12018.829251779972765 36.157950128104609178
12018.874752569716293 36.150879060292744782
12018.920253359458002 36.143807992480880387
12018.96575414920153 36.136736924669015991
12019.011254938943239 36.129665856857151596
12019.056755728686767 36.1225947890452872
12019.102256518428476 36.115523721233422805
12019.147757308172004 36.108452653421558409
12019.193258097913713 36.101381585609694014
12019.238758887655422 36.094310517797829618
12019.28425967739895 36.087239449985965223
12019.329760467140659 36.080168382174100827
12019.375261256884187 36.073097314362236432
12019.420762046625896 36.066026246550372036
12019.466262836369424 36.058955178738507641
12019.511763626111133 36.051884110926643245
12019.557264415852842 36.04481304311477885
12019.60276520559637 36.037741975302914454
12019.648265995338079 36.030670907491050059
12019.693766785081607 36.023599839679185663
12019.739267574823316 36.016528771867321268
12019.784768364566844 36.009457704055456873
12019.830269154308553 36.002386636243592477
12019.875769944050262 35.995315568431728082
12019.92127073379379 35.988244500619863686
12019.966771523535499 35.981173432807999291
12020.012272313279027 35.974102364996134895
12020.057773103020736 35.9670312971842705
12020.103273892764264 35.959960229372406104
12020.148774682505973 35.952889161560541709
12020.194275472247682 35.945818093748677313
12020.23977626199121 35.938747025936812918
12020.285277051732919 35.931675958124948522
12020.330777841476447 35.924604890313084127
12020.376278631218156 35.917533822501219731
12020.421779420961684 35.910462754689355336
12020.467280210703393 35.90339168687749094
12020.512781000446921 35.896320619065626545
12020.55828179018863 35.889249551253762149
12020.603782579930339 35.882178483441897754
12020.649283369673867 35.875107415630033358
12020.694784159415576 35.868036347818168963
12020.740284949159104 35.860965280006304567
12020.785785738900813 35.853894212194440172
12020.831286528644341 35.846823144382575776
12020.87678731838605 35.839752076570711381
12020.922288108127759 35.832681008758846986
12020.967788897871287 35.82560994094698259
12021.013289687612996 35.818538873135118195
12021.058790477356524 35.811467805323253799
12021.104291267098233 35.804396737511389404
12021.149792056841761 35.797325669699525008
12021.19529284658347 35.790254601887660613
12021.240793636325179 35.783183534075796217
12021.286294426068707 35.776112466263931822
12021.331795215810416 35.769041398452067426
12021.377296005553944 35.761970330640203031
12021.422796795295653 35.754899262828338635
12021.468297585039181 35.74782819501647424
12021.51379837478089 35.740757127204609844
12021.559299164522599 35.733686059392745449
12021.604799954266127 35.726614991580881053
12021.650300744007836 35.719543923769016658
12021.695801533751364 35.712472855957152262
12021.741302323493073 35.705401788145287867
12021.786803113236601 35.698330720333423471
12021.83230390297831 35.691259652521559076
12021.877804692721838 35.68418858470969468
12021.923305482463547 35.677117516897830285
12021.968806272205256 35.670046449085965889
12022.014307061948784 35.662975381274101494
12022.059807851690493 35.655904313462237099
12022.105308641434021 35.648833245650372703
12022.15080943117573 35.641762177838508308
12022.196310220919258 35.634691110026643912
12022.241811010660967 35.627620042214779517
12022.287311800402676 35.620548974402915121
12022.332812590146204 35.613477906591050726
12022.378313379887913 35.60640683877918633
12022.423814169631441 35.599335770967321935
12022.46931495937315 35.592264703155457539
12022.514815749116678 35.585193635343593144
12022.560316538858388 35.578122567531728748
12022.605817328600097 35.571051499719864353
12022.651318118343625 35.563980431907999957
12022.696818908085334 35.556909364096135562
12022.742319697828862 35.549838296284271166
12022.787820487570571 35.542767228472406771
12022.833321277314099 35.535696160660542375
12022.878822067055808 35.52862509284867798
12022.924322856797517 35.521554025036813584
12022.969823646541045 35.514482957224949189
12023.015324436282754 35.507411889413084793
12023.060825226026282 35.500340821601220398
12023.106326015767991 35.493269753789356002
12023.151826805511519 35.486198685977491607
12023.197327595253228 35.479127618165627212
12023.242828384994937 35.472056550353762816
12023.288329174738465 35.464985482541898421
12023.333829964480174 35.457914414730034025
12023.379330754223702 35.45084334691816963
12023.424831543965411 35.443772279106305234
12023.470332333708939 35.436701211294440839
12023.515833123450648 35.429630143482576443
12023.561333913194176 35.422559075670712048
12023.606834702935885 35.415488007858847652
12023.652335492677594 35.408416940046983257
12023.697836282421122 35.401345872235118861
12023.743337072162831 35.394274804423254466
12023.788837861906359 35.38720373661139007
12023.834338651648068 35.380132668799525675
12023.879839441391596 35.373061600987661279
12023.925340231133305 35.365990533175796884
12023.970841020875014 35.358919465363932488
12024.016341810618542 35.351848397552068093
12024.061842600360251 35.344777329740203697
12024.107343390103779 35.337706261928339302
12024.152844179845488 35.330635194116474906
12024.198344969589016 35.323564126304610511
12024.243845759330725 35.316493058492746115
12024.289346549072434 35.30942199068088172
12024.334847338815962 35.302350922869017325
12024.380348128557671 35.295279855057152929
12024.425848918301199 35.288208787245288534
12024.471349708042908 35.281137719433424138
12024.516850497786436 35.274066651621559743
12024.562351287528145 35.266995583809695347
12024.607852077269854 35.259924515997830952
12024.653352867013382 35.252853448185966556
12024.698853656755091 35.245782380374102161
12024.744354446498619 35.238711312562237765
12024.789855236240328 35.23164024475037337
12024.835356025983856 35.224569176938508974
12024.880856815725565 35.217498109126644579
12024.926357605469093 35.210427041314780183
12024.971858395210802 35.203355973502915788
12025.017359184952511 35.196284905691051392
12025.062859974696039 35.189213837879186997
12025.108360764437748 35.182142770067322601
12025.153861554181276 35.175071702255458206
12025.199362343922985 35.16800063444359381
12025.244863133666513 35.160929566631729415
12025.290363923408222 35.153858498819865019
12025.335864713149931 35.146787431008000624
12025.381365502893459 35.139716363196136228
12025.426866292635168 35.132645295384271833
12025.472367082378696 35.125574227572407437
12025.517867872120405 35.118503159760543042
12025.563368661863933 35.111432091948678647
12025.608869451605642 35.104361024136814251
12025.654370241347351 35.097289956324949856
12025.699871031090879 35.09021888851308546
12025.745371820832588 35.083147820701221065
12025.790872610576116 35.076076752889356669
12025.836373400317825 35.069005685077492274
12025.881874190061353 35.061934617265627878
12025.927374979803062 35.054863549453763483
12025.972875769544771 35.047792481641899087
12026.018376559288299 35.040721413830034692
12026.063877349030008 35.033650346018170296
12026.109378138773536 35.026579278206305901
12026.154878928515245 35.019508210394441505
12026.200379718258773 35.01243714258257711
12026.245880508000482 35.005366074770712714
12026.291381297742191 34.998295006958848319
12026.336882087485719 34.991223939146983923
12026.382382877227428 34.984152871335119528
12026.427883666970956 34.977081803523255132
12026.473384456712665 34.970010735711390737
12026.518885246456193 34.962939667899526341
12026.564386036197902 34.955868600087661946
12026.60988682594143 34.94879753227579755
12026.655387615683139 34.941726464463933155
12026.700888405424848 34.93465539665206876
12026.746389195168376 34.927584328840204364
12026.791889984910085 34.920513261028339969
12026.837390774653613 34.913442193216475573
12026.882891564395322 34.906371125404611178
12026.92839235413885 34.899300057592746782
12026.973893143880559 34.892228989780882387
12027.019393933622268 34.885157921969017991
12027.064894723365796 34.878086854157153596
12027.110395513107505 34.8710157863452892
12027.155896302851033 34.863944718533424805
12027.201397092592742 34.856873650721560409
12027.24689788233627 34.849802582909696014
12027.292398672077979 34.842731515097831618
12027.337899461819688 34.835660447285967223
12027.383400251563216 34.828589379474102827
12027.428901041304925 34.821518311662238432
12027.474401831048453 34.814447243850374036
12027.519902620790162 34.807376176038509641
12027.56540341053369 34.800305108226645245
12027.610904200275399 34.79323404041478085
12027.656404990017109 34.786162972602916454
12027.701905779760637 34.779091904791052059
12027.747406569502346 34.772020836979187663
12027.792907359245874 34.764949769167323268
12027.838408148987583 34.757878701355458873
12027.883908938731111 34.750807633543594477
12027.92940972847282 34.743736565731730082
12027.974910518216348 34.736665497919865686
12028.020411307958057 34.729594430108001291
12028.065912097699766 34.722523362296136895
12028.111412887443294 34.7154522944842725
12028.156913677185003 34.708381226672408104
12028.202414466928531 34.701310158860543709
12028.24791525667024 34.694239091048679313
12028.293416046413768 34.687168023236814918
12028.338916836155477 34.680096955424950522
12028.384417625897186 34.673025887613086127
12028.429918415640714 34.665954819801221731
12028.475419205382423 34.658883751989357336
12028.520919995125951 34.65181268417749294
12028.56642078486766 34.644741616365628545
12028.611921574611188 34.637670548553764149
12028.657422364352897 34.630599480741899754
12028.702923154094606 34.623528412930035358
12028.748423943838134 34.616457345118170963
12028.793924733579843 34.609386277306306567
12028.839425523323371 34.602315209494442172
12028.88492631306508 34.595244141682577776
12028.930427102808608 34.588173073870713381
12028.975927892550317 34.581102006058848986
12029.021428682292026 34.57403093824698459
12029.066929472035554 34.566959870435120195
12029.112430261777263 34.559888802623255799
12029.157931051520791 34.552817734811391404
12029.2034318412625 34.545746666999527008
12029.248932631006028 34.538675599187662613
12029.294433420747737 34.531604531375798217
12029.339934210489446 34.524533463563933822
12029.385435000232974 34.517462395752069426
12029.430935789974683 34.510391327940205031
12029.476436579718211 34.503320260128340635
12029.52193736945992 34.49624919231647624
12029.567438159203448 34.489178124504611844
12029.612938948945157 34.482107056692747449
12029.658439738688685 34.475035988880883053
12029.703940528430394 34.467964921069018658
12029.749441318172103 34.460893853257154262
12029.794942107915631 34.453822785445289867
12029.84044289765734 34.446751717633425471
12029.885943687400868 34.439680649821561076
12029.931444477142577 34.43260958200969668
12029.976945266886105 34.425538514197832285
12030.022446056627814 34.418467446385967889
12030.067946846369523 34.411396378574103494
12030.113447636113051 34.404325310762239098
12030.15894842585476 34.397254242950374703
12030.204449215598288 34.390183175138510308
12030.249950005339997 34.383112107326645912
12030.295450795083525 34.376041039514781517
12030.340951584825234 34.368969971702917121
12030.386452374566943 34.361898903891052726
12030.431953164310471 34.35482783607918833
12030.47745395405218 34.347756768267323935
12030.522954743795708 34.340685700455459539
12030.568455533537417 34.333614632643595144
12030.613956323280945 34.326543564831730748
12030.659457113022654 34.319472497019866353
12030.704957902764363 34.312401429208001957
12030.750458692507891 34.305330361396137562
12030.7959594822496 34.298259293584273166
12030.841460271993128 34.291188225772408771
12030.886961061734837 34.284117157960544375
12030.932461851478365 34.27704609014867998
12030.977962641220074 34.269975022336815584
12031.023463430963602 34.262903954524951189
12031.068964220705311 34.255832886713086793
12031.11446501044702 34.248761818901222398
12031.159965800190548 34.241690751089358002
12031.205466589932257 34.234619683277493607
12031.250967379675785 34.227548615465629211
12031.296468169417494 34.220477547653764816
12031.341968959161022 34.213406479841900421
12031.387469748902731 34.206335412030036025
12031.43297053864444 34.19926434421817163
12031.478471328387968 34.192193276406307234
12031.523972118129677 34.185122208594442839
12031.569472907873205 34.178051140782578443
12031.614973697614914 34.170980072970714048
12031.660474487358442 34.163909005158849652
12031.705975277100151 34.156837937346985257
12031.75147606684186 34.149766869535120861
12031.796976856585388 34.142695801723256466
12031.842477646327097 34.13562473391139207
12031.887978436070625 34.128553666099527675
12031.933479225812334 34.121482598287663279
12031.978980015555862 34.114411530475798884
12032.024480805297571 34.107340462663934488
12032.06998159503928 34.100269394852070093
12032.115482384782808 34.093198327040205697
12032.160983174524517 34.086127259228341302
12032.206483964268045 34.079056191416476906
12032.251984754009754 34.071985123604612511
12032.297485543753282 34.064914055792748115
12032.342986333494991 34.05784298798088372
12032.3884871232367 34.050771920169019324
12032.433987912980228 34.043700852357154929
12032.479488702721937 34.036629784545290534
12032.524989492465465 34.029558716733426138
12032.570490282207174 34.022487648921561743
12032.615991071950702 34.015416581109697347
12032.661491861692411 34.008345513297832952
12032.706992651435939 34.001274445485968556
12032.752493441177648 33.994203377674104161
12032.797994230919358 33.987132309862239765
12032.843495020662886 33.98006124205037537
12032.888995810404595 33.972990174238510974
12032.934496600148123 33.965919106426646579
12032.979997389889832 33.958848038614782183
12033.02549817963336 33.951776970802917788
12033.070998969375069 33.944705902991053392
12033.116499759116778 33.937634835179188997
12033.162000548860306 33.930563767367324601
12033.207501338602015 33.923492699555460206
12033.253002128345543 33.91642163174359581
12033.298502918087252 33.909350563931731415
12033.34400370783078 33.902279496119867019
12033.389504497572489 33.895208428308002624
12033.435005287314198 33.888137360496138228
12033.480506077057726 33.881066292684273833
12033.526006866799435 33.873995224872409437
12033.571507656542963 33.866924157060545042
12033.617008446284672 33.859853089248680647
12033.6625092360282 33.852782021436816251
12033.708010025769909 33.845710953624951856
12033.753510815511618 33.83863988581308746
12033.799011605255146 33.831568818001223065
12033.844512394996855 33.824497750189358669
12033.890013184740383 33.817426682377494274
12033.935513974482092 33.810355614565629878
12033.98101476422562 33.803284546753765483
12034.026515553967329 33.796213478941901087
12034.072016343710857 33.789142411130036692
12034.117517133452566 33.782071343318172296
12034.163017923194275 33.775000275506307901
12034.208518712937803 33.767929207694443505
12034.254019502679512 33.76085813988257911
12034.29952029242304 33.753787072070714714
12034.345021082164749 33.746716004258850319
12034.390521871908277 33.739644936446985923
12034.436022661649986 33.732573868635121528
12034.481523451391695 33.725502800823257132
12034.527024241135223 33.718431733011392737
12034.572525030876932 33.711360665199528341
12034.61802582062046 33.704289597387663946
12034.663526610362169 33.69721852957579955
12034.709027400105697 33.690147461763935155
12034.754528189847406 33.683076393952070759
12034.800028979589115 33.676005326140206364
12034.845529769332643 33.668934258328341969
12034.891030559074352 33.661863190516477573
12034.93653134881788 33.654792122704613178
12034.982032138559589 33.647721054892748782
12035.027532928303117 33.640649987080884387
12035.073033718044826 33.633578919269019991
12035.118534507786535 33.626507851457155596
12035.164035297530063 33.6194367836452912
12035.209536087271772 33.612365715833426805
12035.2550368770153 33.605294648021562409
12035.300537666757009 33.598223580209698014
12035.346038456500537 33.591152512397833618
12035.391539246242246 33.584081444585969223
12035.437040035983955 33.577010376774104827
12035.482540825727483 33.569939308962240432
12035.528041615469192 33.562868241150376036
12035.57354240521272 33.555797173338511641
12035.619043194954429 33.548726105526647245
12035.664543984697957 33.54165503771478285
12035.710044774439666 33.534583969902918454
12035.755545564183194 33.527512902091054059
12035.801046353924903 33.520441834279189663
12035.846547143666612 33.513370766467325268
12035.89204793341014 33.506299698655460872
12035.937548723151849 33.499228630843596477
12035.983049512895377 33.492157563031732082
12036.028550302637086 33.485086495219867686
12036.074051092380614 33.478015427408003291
12036.119551882122323 33.470944359596138895
12036.165052671864032 33.4638732917842745
12036.21055346160756 33.456802223972410104
12036.256054251349269 33.449731156160545709
12036.301555041092797 33.442660088348681313
12036.347055830834506 33.435589020536816918
12036.392556620578034 33.428517952724952522
12036.438057410319743 33.421446884913088127
12036.483558200061452 33.414375817101223731
12036.52905898980498 33.407304749289359336
12036.574559779546689 33.40023368147749494
12036.620060569290217 33.393162613665630545
12036.665561359031926 33.386091545853766149
12036.711062148775454 33.379020478041901754
12036.756562938517163 33.371949410230037358
12036.802063728258872 33.364878342418172963
12036.8475645180024 33.357807274606308567
12036.893065307744109 33.350736206794444172
12036.938566097487637 33.343665138982579776
12036.984066887229346 33.336594071170715381
12037.029567676972874 33.329523003358850985
12037.075068466714583 33.32245193554698659
12037.120569256458111 33.315380867735122195
12037.16607004619982 33.308309799923257799
12037.211570835941529 33.301238732111393404
12037.257071625685057 33.294167664299529008
12037.302572415426766 33.287096596487664613
12037.348073205170294 33.280025528675800217
12037.393573994912003 33.272954460863935822
12037.439074784655531 33.265883393052071426
12037.48457557439724 33.258812325240207031
12037.530076364138949 33.251741257428342635
12037.575577153882477 33.24467018961647824
12037.621077943624186 33.237599121804613844
12037.666578733367714 33.230528053992749449
12037.712079523109423 33.223456986180885053
12037.757580312852951 33.216385918369020658
12037.80308110259466 33.209314850557156262
12037.848581892336369 33.202243782745291867
12037.894082682079897 33.195172714933427471
12037.939583471821607 33.188101647121563076
12037.985084261565135 33.18103057930969868
12038.030585051306844 33.173959511497834285
12038.076085841050372 33.166888443685969889
12038.121586630792081 33.159817375874105494
12038.16708742053379 33.152746308062241098
12038.212588210277318 33.145675240250376703
12038.258089000019027 33.138604172438512308
12038.303589789762555 33.131533104626647912
12038.349090579504264 33.124462036814783517
12038.394591369247792 33.117390969002919121
12038.440092158989501 33.110319901191054726
12038.485592948733029 33.10324883337919033
12038.531093738474738 33.096177765567325935
12038.576594528216447 33.089106697755461539
12038.622095317959975 33.082035629943597144
12038.667596107701684 33.074964562131732748
12038.713096897445212 33.067893494319868353
12038.758597687186921 33.060822426508003957
12038.804098476930449 33.053751358696139562
12038.849599266672158 33.046680290884275166
12038.895100056413867 33.039609223072410771
12038.940600846157395 33.032538155260546375
12038.986101635899104 33.02546708744868198
12039.031602425642632 33.018396019636817584
12039.077103215384341 33.011324951824953189
12039.122604005127869 33.004253884013088793
12039.168104794869578 32.997182816201224398
12039.213605584611287 32.990111748389360002
12039.259106374354815 32.983040680577495607
12039.304607164096524 32.975969612765631211
12039.350107953840052 32.968898544953766816
12039.395608743581761 32.96182747714190242
12039.395608743581761 32.96182747714190242
12039.395608743581761 32.96182747714190242
12039.395608743581761 32.96182747714190242
12039.395608743581761 32.96182747714190242
12039.395608743581761 32.96182747714190242
12039.44110953332347 32.954756409330038025
12039.486610323066998 32.94768534151817363
12039.532111112808707 32.940614273706309234
12039.577611902552235 32.933543205894444839
12039.623112692293944 32.926472138082580443
12039.668613482037472 32.919401070270716048
12039.714114271779181 32.912330002458851652
12039.75961506152089 32.905258934646987257
12039.805115851264418 32.898187866835122861
12039.850616641006127 32.891116799023258466
12039.896117430749655 32.88404573121139407
12039.941618220491364 32.876974663399529675
12039.987119010234892 32.869903595587665279
12040.032619799976601 32.862832527775800884
12040.07812058971831 32.855761459963936488
12040.123621379461838 32.848690392152072093
12040.169122169203547 32.841619324340207697
12040.214622958947075 32.834548256528343302
12040.260123748688784 32.827477188716478906
12040.305624538432312 32.820406120904614511
12040.351125328174021 32.813335053092750115
12040.396626117917549 32.80626398528088572
12040.442126907659258 32.799192917469021324
12040.487627697400967 32.792121849657156929
12040.533128487144495 32.785050781845292533
12040.578629276886204 32.777979714033428138
12040.624130066629732 32.770908646221563743
12040.669630856371441 32.763837578409699347
12040.715131646114969 32.756766510597834952
12040.760632435856678 32.749695442785970556
12040.806133225598387 32.742624374974106161
12040.851634015341915 32.735553307162241765
12040.897134805083624 32.72848223935037737
12040.942635594827152 32.721411171538512974
12040.988136384568861 32.714340103726648579
12041.033637174312389 32.707269035914784183
12041.079137964054098 32.700197968102919788
12041.124638753795807 32.693126900291055392
12041.170139543539335 32.686055832479190997
12041.215640333281044 32.678984764667326601
12041.261141123024572 32.671913696855462206
12041.306641912766281 32.66484262904359781
12041.352142702509809 32.657771561231733415
12041.397643492251518 32.650700493419869019
12041.443144281993227 32.643629425608004624
12041.488645071736755 32.636558357796140228
12041.534145861478464 32.629487289984275833
12041.579646651221992 32.622416222172411437
12041.625147440963701 32.615345154360547042
12041.670648230707229 32.608274086548682646
12041.716149020448938 32.601203018736818251
12041.761649810192466 32.594131950924953856
12041.807150599934175 32.58706088311308946
12041.852651389675884 32.579989815301225065
12041.898152179419412 32.572918747489360669
12041.943652969161121 32.565847679677496274
12041.989153758904649 32.558776611865717143
12042.034654548648177 32.551705544054435393
12042.080155338395343 32.544634476244326038
12042.125656128151604 32.537563408436312784
12042.171156917920598 32.530492340631568027
12042.21665770771142 32.523421272831598117
12042.262158497533164 32.516350205038371257
12042.307659287396746 32.509279137254260661
12042.353160077314897 32.502208069482051656
12042.398660867305807 32.495137001724941683
12042.444161657387667 32.488065933986518985
12042.489662447578667 32.480994866270776811
12042.535163237902452 32.473923798582092104
12042.58066402838449 32.466852730925246817
12042.626164819050246 32.459781663305399491
12042.671665609928823 32.452710595728092358
12042.717166401049326 32.445639528199244239
12042.762667192444496 32.438568460725157649
12042.808167984148895 32.431497393312504585
12042.853668776197082 32.424426325968326523
12042.899169568627258 32.417355258700020215
12042.944670361479439 32.410284191515358998
12042.990171154793643 32.403213124422471481
12043.035671948613526 32.396142057429827332
12043.081172742982744 32.389070990546265705
12043.126673537948591 32.381999923780959705
12043.17217433355836 32.374928857143430605
12043.217675129859344 32.367857790643547844
12043.263175926904296 32.36078672429150771
12043.308676724744146 32.353715658097847552
12043.354177523431645 32.346644592073431568
12043.399678323023181 32.339573526229457912
12043.445179123575144 32.332502460577437375
12043.490679925143922 32.325431395129207601
12043.536180727789542 32.318360329896925975
12043.581681531570212 32.311289264893055417
12043.627182336549595 32.304218200130378591
12043.672683142789538 32.297147135621983693
12043.718183950353705 32.29007607138125735
12043.763684759305761 32.283005007421891719
12043.809185569713009 32.275933943757870281
12043.85468638164275 32.268862880403524684
12043.900187195164108 32.261791817373797642
12043.945688010349841 32.254720754684207407
12043.991188827272708 32.247649692350798034
12044.036689646010927 32.240578630390153592
12044.082190466646352 32.233507568819376843
12044.127691289260838 32.226436507656103458
12044.173192113939876 32.219365446918473594
12044.218692940772598 32.212294386625146103
12044.264193769849953 32.205223326795284322
12044.309694601264709 32.198152267448548969
12044.355195435111455 32.191081208605098141
12044.400696271488414 32.18401015028558021
12044.446197110497451 32.176939092511148033
12044.491697952240429 32.169868035303814224
12044.537198796826488 32.162796978686571947
12044.582699644370223 32.155725922683664919
12044.628200494993507 32.148654867320402673
12044.673701348825489 32.141583812623160554
12044.719202206002592 32.134512758619365513
12044.764703066666698 32.127441705337474787
12044.810203930968783 32.120370652806990108
12044.855704799065279 32.113299601058436394
12044.901205671118078 32.106228550123347532
12044.946706547298163 32.099157500034266377
12044.992207427781977 32.092086450824730548
12045.037708312753239 32.085015402529265316
12045.083209202397484 32.077944355183369396
12045.128710096911163 32.070873308823522052
12045.174210996496186 32.063802263487154676
12045.219711901356277 32.056731219212650785
12045.265212811704259 32.049660176039331816
12045.310713727758412 32.04258913400747133
12045.356214649742469 32.035518093158245279
12045.401715577883806 32.028447053533760425
12045.447216512415253 32.02137601517702592
12045.492717453576915 32.0143049781319462
12045.538218401612539 32.00723394244332809
12045.583719356771326 32.000162908156852382
12045.629220319306114 31.993091875319073836
12045.674721289475201 31.986020843977417627
12045.72022226754234 31.978949814180158029
12045.765723253774922 31.971878785976425519
12045.811224248445797 31.964807759416192567
12045.85672525182963 31.957736734550255875
12045.902226264208366 31.950665711430247029
12045.947727285867586 31.943594690108607637
12045.99322831709469 31.936523670638592876
12046.038729358180717 31.929452653074253732
12046.084230409423981 31.922381637470436999
12046.129731471124614 31.915310623882778174
12046.175232543588209 31.908239612367683691
12046.220733627120353 31.901168602982334477
12046.266234722032095 31.894097595784675292
12046.31173582863812 31.887026590833400519
12046.357236947256752 31.879955588187957716
12046.402738078208131 31.872884587908526299
12046.448239221816038 31.865813590056028204
12046.493740378407892 31.858742594692103012
12046.53924154831293 31.851671601879107953
12046.584742731865845 31.84460061168012146
12046.63024392940315 31.837529624159266461
12046.675745141264997 31.830458639381795649
12046.721246367802451 31.823387657413956475
12046.766747609368394 31.816316678322984046
12046.812248866324808 31.80924570217709757
12046.857750139037307 31.802174729045482593
12046.903251427876967 31.795103758998290999
12046.948752733223955 31.788032792106623248
12046.99425405546026 31.780961828442528372
12047.039755394973326 31.773890868078993321
12047.085256752157875 31.766819911089932305
12047.130758127414083 31.759748957550176129
12047.176259521143947 31.752678007535472204
12047.22176093375856 31.745607061122470327
12047.267262365669012 31.738536118388712026
12047.31276381729549 31.731465179412634114
12047.358265289061819 31.724394244273543819
12047.403766781393642 31.717323313051625888
12047.449268294723879 31.710252385827928379
12047.494769829487268 31.703181462684355552
12047.540271386125823 31.696110543703660767
12047.58577296508156 31.689039628969435825
12047.631274566805587 31.681968718566107412
12047.676776191747194 31.674897812578926448
12047.722277840364768 31.667826911093968079
12047.767779513116693 31.660756014198128128
12047.813281210464993 31.653685121979158623
12047.858782932877148 31.646614234525642928
12047.904284680824276 31.63954335192699574
12047.949786454777495 31.632472474273455987
12047.9952882552152 31.625401601656072614
12048.040790082617605 31.618330734166704588
12048.08629193746674 31.611259871898010232
12048.131793820248276 31.604189014943436575
12048.177295731451522 31.597118163397372115
12048.222797671571243 31.590047317355477219
12048.268299641105841 31.582976476914542019
12048.313801640560996 31.575905642172457988
12048.359303670446025 31.568834813228214387
12048.404805731275701 31.56176399018189116
12048.450307823572075 31.554693173134644724
12048.495809947859016 31.547622362188697309
12048.541312104667668 31.540551557447329856
12048.586814294532815 31.533480759014878458
12048.632316517994695 31.526409966996716605
12048.677818775597189 31.519339181499251623
12048.723321067889628 31.512268402629910469
12048.768823395423169 31.505197630497136174
12048.81432575875624 31.498126865210380743
12048.859828158449091 31.491056106880090937
12048.905330595067426 31.483985355617701174
12048.950833069178771 31.476914611535629973
12048.996335581356107 31.469843874747265744
12049.041838132176053 31.462773145366966787
12049.08734072221705 31.455702423510039978
12049.132843352061172 31.448631709292744318
12049.178346022295955 31.441561002832283833
12049.22384873350893 31.434490304246793357
12049.26935148629309 31.427419613655334985
12049.314854281243242 31.420348931177887408
12049.360357118957836 31.413278256935345922
12049.405860000037137 31.406207591049504657
12049.45136292508505 31.399136933643060132
12049.496865894709117 31.392066284839597046
12049.542368909515062 31.384995644763588274
12049.587871970115884 31.377925013540380661
12049.633375077122764 31.370854391296198571
12049.678878231152339 31.363783778158122573
12049.724381432821247 31.356713174254100096
12049.769884682749762 31.349642579713066226
12049.815387981561798 31.342571994665316737
12049.860891329888545 31.33550141924227006
12049.906394728366649 31.328430853576435311
12049.951898177640032 31.32136029780141584
12049.997401678358074 31.314289752051895022
12050.04290523117561 31.307219216463629152
12050.088408836752933 31.300148691173443893
12050.133912495755794 31.293078176319223616
12050.1794162088554 31.286007672039911398
12050.224919976730234 31.278937178475494818
12050.270423800062417 31.271866695767002398
12050.315927679539527 31.264796224056507157
12050.36143161585278 31.257725763487183457
12050.406935609698849 31.250655314203307
12050.452439661781682 31.243584876350293911
12050.497943772810686 31.236514450074878368
12050.543447943497085 31.229444035525066425
12050.588952174563019 31.222373632850125347
12050.634456466732445 31.2153032422005694
12050.679960820738415 31.20823286372817762
12050.725465237315802 31.201162497585972488
12050.770969717208573 31.194092143928234151
12050.816474261164331 31.187021802910489754
12050.861978869936138 31.179951474689516999
12050.907483544282513 31.172881159423337039
12050.952988284967432 31.165810857271218026
12050.998493092760327 31.158740568393671566
12051.043997968434269 31.151670292952456265
12051.089502912765965 31.144600031110577731
12051.135007926541221 31.137529783032448449
12051.180513010547656 31.130459548883901988
12051.226018165578353 31.123389328832178791
12051.271523392433664 31.116319123045926176
12051.317028691919404 31.109248931695212548
12051.362534064845022 31.102178754951513184
12051.408039512023606 31.095108592987720897
12051.45354503427734 31.088038445978149582
12051.499050632428407 31.080968314098612382
12051.544556307309904 31.073898197526446552
12051.590062059754928 31.066828096440563201
12051.635567890603852 31.059758011021486368
12051.681073800704326 31.052687941451345921
12051.726579790905816 31.045617887913874
12051.77208586206325 31.038547850594412125
12051.817592015038827 31.031477829679921854
12051.863098250696567 31.02440782535897057
12051.908604569909585 31.017337837821749247
12051.954110973550996 31.01026786726007245
12051.999617462501192 31.003197913867371227
12052.0451240376442 30.996127977838764167
12052.090630699871326 30.989058059371288323
12052.136137450079332 30.981988158663845923
12052.181644289168617 30.974918275917193711
12052.227151218050494 30.967848411333953607
12052.272658237638097 30.960778565118619809
12052.318165348853654 30.953708737477569457
12052.363672552623029 30.946638928619062625
12052.409179849879365 30.939569138753263644
12052.454687241563079 30.932499368092241099
12052.500194728620045 30.92542961684998204
12052.545702311999776 30.918359885242399088
12052.59120999265906 30.911290173487333988
12052.636717771561962 30.904220481804582477
12052.682225649676184 30.897150810415890732
12052.727733627978523 30.890081159544966027
12052.773241707447596 30.883011529417490948
12052.818749889069295 30.875941920261134044
12052.864258173834969 30.868872332305556938
12052.909766562741424 30.861802765782424984
12052.955275056792743 30.854733220925421477
12053.000783656996646 30.847663697970251206
12053.046292364368128 30.840594197154654665
12053.091801179925824 30.833524718718422264
12053.137310104695644 30.82645526290339788
12053.182819139707135 30.819385829953500178
12053.228328285997122 30.812316420114722604
12053.273837544606067 30.805247033635154708
12053.319346916581708 30.798177670764985692
12053.36485640297542 30.791108331756522176
12053.410366004844036 30.784039016864195304
12053.455875723251665 30.776969726344574951
12053.501385559266055 30.769900460456380387
12053.546895513958589 30.762831219460498033
12053.592405588409747 30.755762003619985023
12053.637915783701828 30.748692813200090512
12053.683426100924407 30.741623648468259233
12053.728936541170697 30.73455450969414926
12053.774447105541185 30.727485397149649771
12053.81995779513818 30.720416311108884599
12053.865468611073084 30.713347251848230002
12053.910979554459118 30.706278219646328864
12053.956490626414961 30.699209214784104915
12054.002001828066568 30.692140237544769832
12054.047513160541712 30.685071288213848106
12054.093024624975442 30.678002367079180601
12054.138536222508264 30.670933474430938759
12054.184047954282505 30.663864610561649471
12054.229559821449584 30.656795775766202183
12054.27507182516274 30.649726970341866661
12054.320583966580671 30.642658194588474174
12054.366096246869347 30.635589448808467239
12054.411608667200198 30.628520733306885404
12054.457121228750111 30.621452048391386569
12054.502633932703247 30.614383394372257641
12054.548146780247407 30.607314771562439404
12054.593659772577666 30.600246180277540731
12054.639172910894558 30.593177620835881214
12054.684686196405892 30.586109093558960126
12054.730199630330389 30.579040598771467074
12054.775713213897689 30.571972136801200293
12054.82122694834834 30.564903707979322434
12054.866740834937445 30.557835312640353465
12054.912254874929204 30.550766951122142245
12054.957769069606002 30.54369862376588074
12055.003283420257503 30.536630330916128884
12055.048797928191561 30.529562072920835902
12055.094312594725125 30.522493850131358073
12055.139827421189693 30.515425662902476489
12055.185342408931319 30.508357511592425482
12055.23085755930515 30.501289396562913936
12055.276372873682703 30.494221318179302926
12055.32188835344823 30.48715327681085796
12055.367404000000533 30.480085272830670817
12055.412919814754787 30.473017306615666655
12055.458435799138897 30.465949378546639537
12055.503951954597142 30.458881489008259535
12055.54946828258835 30.451813638389097605
12055.594984784585904 30.444745827081650447
12055.640501462075918 30.437678055482354722
12055.686018316562695 30.430610323991608368
12055.731535349561454 30.423542633013795466
12055.777052562603785 30.416474982957304007
12055.822569957234009 30.409407374234547206
12055.868087535014638 30.402339807261981264
12055.913605297517279 30.3952722824601409
12055.959123246331728 30.388204800253642901
12056.004641383060516 30.381137361071218095
12056.050159709320724 30.374069965345732669
12056.095678226742166 30.367002613514213039
12056.141196936971028 30.359935306017860057
12056.186715841666228 30.352868043302080991
12056.232234942501236 30.345800825816503732
12056.277754241164075 30.338733654015008767
12056.3232737393555 30.331666528355746948
12056.368793438790817 30.324599449301160803
12056.414313341199886 30.317532417318016513
12056.459833448323479 30.310465432877414571
12056.50535376192056 30.303398496454832411
12056.550874283761004 30.296331608530131518
12056.596395015629241 30.289264769587589399
12056.641915959324251 30.282197980115920899
12056.687437116657748 30.275131240608313732
12056.732958489455996 30.268064551562435582
12056.778480079556175 30.26099791348047674
12056.824001888813655 30.253931326869164309
12056.869523919094718 30.246864792239794184
12056.91504617227838 30.239798310108248813
12056.96056865025821 30.232731880995036278
12057.006091354942328 30.225665505425304502
12057.051614288251585 30.218599183928873231
12057.097137452119568 30.211532917040262447
12057.142660848496234 30.204466705298713691
12057.188184479340634 30.197400549248222035
12057.233708346628191 30.190334449437560949
12057.27923245234706 30.183268406420314278
12057.324756798499948 30.17620242075489756
12057.370281387100476 30.169136493004593547
12057.415806220178638 30.162070623737573527
12057.461331299775338 30.155004813526929297
12057.506856627944217 30.147939062950701583
12057.552382206755283 30.140873372591908463
12057.59790803829128 30.133807743038577343
12057.643434124645864 30.12674217488376982
12057.688960467929064 30.119676668725620772
12057.734487070261821 30.112611225167352558
12057.780013933779628 30.105545844817324763
12057.825541060630712 30.098480528289044855
12057.871068452977852 30.091415276201217921
12057.916596112994739 30.084350089177760879
12057.962124042873256 30.077284967848129327
12058.0076522448162 30.070219912847491628
12058.053180721044555 30.063154924816643643
12058.098709473797499 30.056090004402040705
12058.144238505326939 30.049025152255826043
12058.189767817902975 30.041960369035855649
12058.235297413812077 30.034895655405740911
12058.280827295357085 30.02783101203501559
12058.326357464859029 30.020766439599448461
12058.371887924664406 30.013701938781078837
12058.417418677141541 30.006637510268106439
12058.462949724686041 29.999573154754813231
12058.508481069718982 29.992508872941577636
12058.554012714686905 29.985444665534917164
12058.599544662061817 29.978380533247523942
12058.645076914341189 29.971316476798289585
12058.69060947404796 29.96425249691234427
12058.736142343728716 29.957188594321081609
12058.781675525955507 29.950124769762208388
12058.827209023324031 29.943061023979758772
12058.87274283845727 29.935997357724144052
12058.918276974001856 29.928933771752184612
12058.963811432628063 29.921870266827141904
12059.009346217031634 29.914806843718753981
12059.054881329931959 29.907743503203278124
12059.100416774072073 29.900680246063519263
12059.145952552220479 29.893617073088872615
12059.191488667167505 29.88655398507536276
12059.237025121730767 29.879490982825672063
12059.282561918749707 29.872428067149193964
12059.328099061087414 29.865365238862061403
12059.373636551630625 29.858302498787185897
12059.419174393291541 29.851239847754300172
12059.464712589004193 29.844177286600000798
12059.510251141726258 29.837114816167787268
12059.555790054440877 29.830052437308101076
12059.601329330151202 29.82299015087846783
12059.646868971889489 29.815927957743767251
12059.69240898271164 29.808865858776147917
12059.737949365700842 29.801803854855080544
12059.783490123963929 29.794741946867397075
12059.82903126063502 29.787680135707347517
12059.874572778875518 29.780618422276646129
12059.920114681870473 29.773556807484521158
12059.96565697283404 29.766495292247764581
12060.011199655002201 29.759433877490792497
12060.056742731640043 29.752372564145687761
12060.102286206039935 29.745311353152256828
12060.147830081516076 29.738250245458083043
12060.19337436141177 29.731189242018579932
12060.238919049097603 29.724128343797051599
12060.28446414796781 29.717067551764742461
12060.330009661445729 29.710006866900897649
12060.375555592978344 29.702946290192819845
12060.421101946039926 29.69588582263592258
12060.466648724133847 29.688825465233794176
12060.512195930787129 29.681765218998254596
12060.557743569554077 29.674705084949419387
12060.603291644016281 29.667645064115756526
12060.648840157780796 29.660585157534153922
12060.694389114485602 29.653525366249972706
12060.739938517792325 29.646465691317121838
12060.785488371389874 29.639406133798118503
12060.831038678994446 29.632346694764152062
12060.876589444351339 29.625287375295147996
12060.922140671231318 29.618228176479842517
12060.967692363436072 29.611169099415846517
12061.013244524790935 29.60411014520971662
12061.058797159150345 29.597051314977015579
12061.104350270397845 29.589992609842397542
12061.149903862446081 29.582934030939671999
12061.195457939233165 29.575875579411878391
12061.241012504726314 29.568817256411357164
12061.286567562923665 29.561759063099831479
12061.332123117848823 29.554701000648474718
12061.377679173558136 29.547643070237999297
12061.423235734133414 29.540585273058724169
12061.468792803687393 29.533527610310660094
12061.514350386363731 29.526470083203587791
12061.55990848633337 29.519412692957139654
12061.605467107798177 29.512355440800888573
12061.651026254989119 29.505298327974571748
12061.696585932173548 29.498241355728282542
12061.742146143649734 29.491184525322392318
12061.78770689375051 29.484127838027642809
12061.83326818684327 29.477071295125238493
12061.878830027329968 29.47001489790693185
12061.924392419648939 29.462958647675208113
12061.969955368273077 29.455902545743406051
12062.015518877720751 29.448846593435568764
12062.061082952544893 29.441790792086514728
12062.106647597342089 29.434735143041915961
12062.152212816750762 29.427679647658393947
12062.197778615447533 29.420624307303608447
12062.243344998149041 29.413569123356374746
12062.288911969617402 29.406514097206752467
12062.334479534654747 29.399459230256102416
12062.380047698105045 29.392404523917040393
12062.425616464859559 29.38534997961352957
12062.471185839855025 29.378295598781104303
12062.516755828070018 29.371241382866987379
12062.562326434530405 29.364187333330185936
12062.607897664307529 29.357133451641619359
12062.653469522518208 29.350079739284236524
12062.699042014324732 29.343026197753133033
12062.744615144938507 29.33597282855568622
12062.790188919616412 29.328919633211668838
12062.835763343660801 29.321866613253387612
12062.881338422421322 29.314813770225800482
12062.926914161296736 29.307761105686655156
12062.972490565731277 29.300708621206627669
12063.018067641220114 29.293656318369446723
12063.063645393303887 29.286604198772096197
12063.109223827575988 29.279552264025181074
12063.154802949680743 29.272500515752920336
12063.200382765313407 29.265448955593363678
12063.245963280227443 29.258397585198615332
12063.291544500230884 29.251346406234851827
12063.337126431188153 29.244295420382481865
12063.382709079021879 29.237244629336295532
12063.428292449709261 29.230194034805627723
12063.473876549289344 29.22314363851452157
12063.519461383857561 29.216093442201909625
12063.565046959574829 29.20904344762158189
12063.610633282663912 29.201993656542281741
12063.656220359413055 29.194944070748007903
12063.701808196175989 29.18789469203817788
12063.747396799370108 29.180845522227816247
12063.792986175478291 29.17379656314772518
12063.838576331054355 29.1667478166446692
12063.884167272713967 29.159699284581563461
12063.92975900714373 29.152650968837669154
12063.975351541097552 29.14560287130880667
12064.020944881398464 29.138554993907753499
12064.066539034940433 29.131507338564421872
12064.112134008686553 29.124459907226036393
12064.157729809674493 29.117412701857347201
12064.203326445009225 29.110365724440846691
12064.248923921873939 29.103318976976975563
12064.294522247520945 29.09627246148434665
12064.340121429278952 29.08922617999996163
12064.385721474549428 29.082180134579438402
12064.431322390810237 29.075134327297238457
12064.476924185615644 29.068088760246890701
12064.522526866592671 29.061043435541233038
12064.568130441448375 29.053998355312646851
12064.613734917966212 29.046953521713298585
12064.659340304009675 29.039908936915388438
12064.70494660751865 29.032864603111388391
12064.750553836513063 29.025820522514301558
12064.796161999092874 29.018776697357917982
12064.841771103439896 29.011733129897070427
12064.887381157817799 29.004689822407900834
12064.932992170570287 28.997646777188119671
12064.978604150126557 28.990603996557435806
12065.02421710499766 28.983561482858082314
12065.069831043783779 28.976519238454969241
12065.115445975172406 28.969477265735967819
12065.161061907936528 28.96243556711219469
12065.206678850940079 28.955394145018573226
12065.252296813137946 28.948353001914263416
12065.297915803581418 28.941312140282771992
12065.343535831414556 28.934271562632233099
12065.389156905879645 28.927231271495720932
12065.434779036311738 28.920191269431551717
12065.480402232147753 28.913151559023592796
12065.526026502915556 28.906112142881585925
12065.571651858246696 28.899073023641456359
12065.617278307869128 28.892034203965643258
12065.662905861609033 28.884995686543415871
12065.708534529392637 28.877957474091221712
12065.754164321248027 28.870919569353006295
12065.799795247303337 28.863881975100564858
12065.845427317788563 28.856844694133876317
12065.891060543035564 28.849807729281458535
12065.936694933479885 28.842771083400716492
12065.982330499658929 28.835734759378304659
12066.027967252215603 28.828698760130478718
12066.073605201894679 28.821663088603468594
12066.119244359548247 28.814627747773844391
12066.164884736133899 28.807592740648889418
12066.21052634271291 28.800558070266980337
12066.256169190455694 28.793523739697963748
12066.301813290639984 28.786489752043543433
12066.347458654649017 28.779456110437671157
12066.393105293973349 28.772422818046941018
12066.438753220216313 28.765389878070980245
12066.484402445086744 28.758357293742857763
12066.530052980402616 28.751325068329489199
12066.57570483809468 28.744293205132038338
12066.621358030201009 28.737261707486336348
12066.667012568872451 28.730230578763290339
12066.712668466368996 28.723199822369313239
12066.758325735063409 28.716169441746735913
12066.803984387439414 28.709139440374311647
12066.849644436097151 28.702109821767574971
12066.895305893749537 28.695080589479186273
12066.940968773227723 28.688051747099368782
12066.986633087475639 28.68102329825633845
12067.032298849553626 28.673995246616744481
12067.077966072638446 28.666967595886102771
12067.123634770025092 28.659940349809254201
12067.169304955123152 28.652913512170833599
12067.214976641464091 28.645887086795994492
12067.260649842697603 28.638861077550746614
12067.306324572600715 28.631835488342339602
12067.352000845075963 28.624810323119760369
12067.397678674149574 28.617785585874109699
12067.443358073973286 28.610761280639071202
12067.489039058822527 28.603737411491362508
12067.534721643100056 28.596713982551193567
12067.580405841330503 28.589690997982721399
12067.626091668165827 28.582668461994519049
12067.67177913838168 28.575646378840016126
12067.717468266875585 28.568624752817974866
12067.763159068670575 28.561603588272934218
12067.808851558909737 28.554582889595671702
12067.854545752861668 28.547562661223661706
12067.900241665916838 28.540542907641874848
12067.945939313591225 28.533523633383353513
12067.991638711522683 28.5265048430295316
12068.037339875476391 28.519486541210671504
12068.083042821335766 28.512468732606315314
12068.128747565111553 28.505451421945714685
12068.17445412293273 28.498434614008271382
12068.220162511048329 28.491418313623963599
12068.265872745827437 28.484402525673775841
12068.311584843759192 28.477387255090121698
12068.35729882144733 28.470372506857248851
12068.40301469561382 28.463358286011665399
12068.448732483093409 28.456344597642534211
12068.49445220083544 28.449331446892067277
12068.540173865900215 28.44231883895592361
12068.585897495460813 28.435306779083585837
12068.631623106799452 28.428295272578740338
12068.677350717305671 28.421284324799643173
12068.723080344474511 28.414273941159464698
12068.768812005906511 28.407264127126612863
12068.814545719307716 28.40025488822494637
12068.860281502487851 28.393246230034073108
12068.906019373356685 28.386238158189609493
12068.951759349925851 28.379230678383418507
12068.997501450305208 28.372223796363893911
12069.043245692699202 28.365217517936233804
12069.088992095408685 28.35821184896270708
12069.134740676825459 28.351206795363204094
12069.180491455437732 28.344202363115368115
12069.226244449824662 28.337198558254687697
12069.271999678656357 28.33019538687467076
12069.317757160690235 28.323192855126926304
12069.363516914772845 28.316190969221263884
12069.409278959828953 28.309189735425842827
12069.455043314868817 28.302189160067300122
12069.500809998979094 28.295189249530864117
12069.546579031322835 28.288190010260450435
12069.592350431134037 28.281191448758729479
12069.638124217717632 28.274193571587176166
12069.683900410445858 28.267196385366037958
12069.729679028754617 28.260199896774324202
12069.775460092139838 28.253204112549781257
12069.821243620159294 28.246209039488860526
12069.86702963242351 28.239214684446654502
12069.912818148595761 28.232221054336815058
12069.958609188388436 28.225228156131439761
12070.004402771559398 28.218235996860936865
12070.050198917908347 28.211244583613865444
12070.095997647276818 28.204253923536935389
12070.141798979544546 28.197264023834836877
12070.187602934629467 28.19027489176973944
12070.233409532484075 28.183286534660911826
12070.279218793095424 28.176298959884402251
12070.325030736479675 28.16931217487268313
12070.370845382678453 28.162326187114281595
12070.416662751755212 28.155341004153395801
12070.462482863793412 28.148356633589486364
12070.508305738894705 28.141373083076832273
12070.554131397171659 28.134390360324069036
12070.599959858749571 28.127408473093669983
12070.645791143757378 28.120427429201424019
12070.691625272331294 28.113447236515856531
12070.737462264605711 28.10646790295764319
12070.783302140715023 28.099489436498974015
12070.829144920786348 28.092511845162871253
12070.874990624939528 28.085535137022507257
12070.920839273281672 28.078559320200472627
12070.966690885908974 28.071584402868023034
12071.012545482899441 28.06461039324427631
12071.058403084312886 28.057637299595381108
12071.104263710185478 28.050665130233564781
12071.150127380533377 28.043693893516174143
12071.195994115347276 28.036723597844755318
12071.241863934588764 28.029754251664101616
12071.287736858190328 28.022785863461258771
12071.33361290605535 28.015818441764523072
12071.379492098050832 28.008851995142389768
12071.425374454011035 28.001886532202483693
12071.471259993733838 27.994922061590443718
12071.517148736980744 27.987958591988800094
12071.563040703475053 27.980996132115816266
12071.608935912898232 27.97403469072429516
12071.654834384895366 27.967074276600360605
12071.700736139069704 27.960114898562235197
12071.746641194982658 27.953156565458957772
12071.792549572157441 27.946199286169107978
12071.83846129007361 27.93924306959948467
12071.884376368174344 27.932287924683823377
12071.930294825860983 27.925333860381577722
12071.976216682498489 27.918380885676519654
12072.022141957413623 27.911429009575400073
12072.068070669902227 27.904478241106755121
12072.114002839225577 27.897528589319492198
12072.159938484621307 27.890580063281312562
12072.205877625297944 27.883632672077247605
12072.251820280444008 27.876686424808209352
12072.297766469228009 27.869741330589512529
12072.343716210802086 27.86279739854939308
12072.389669524303827 27.85585463782753024
12072.435626428865362 27.84891305757355795
12072.481586943611546 27.841972666945586923
12072.527551087672691 27.835033475108840406
12072.573518880184565 27.828095491233948877
12072.619490340302946 27.821158724495351322
12072.665465487203619 27.814223184069817307
12072.711444340089656 27.80728887913499392
12072.75742691819687 27.800355818867938495
12072.80341324080473 27.793424012443686877
12072.849403327238178 27.786493469033814563
12072.895397196878548 27.779564197805004966
12072.941394869172655 27.772636207917617668
12072.987396363636435 27.765709508524324178
12073.033401699867682 27.758784108768743693
12073.079410897555135 27.751860017784146351
12073.125423976485763 27.744937244692145839
12073.17144095655749 27.738015798601459494
12073.217461857786475 27.731095688606675509
12073.263486700319845 27.724176923787073434
12073.309515504448427 27.717259513205473098
12073.355548290617662 27.71034346590714037
12073.401585079434881 27.703428790918742664
12073.447625891689313 27.696515497247570892
12073.493670748361183 27.689603593880562471
12073.539719670638078 27.682693089783359852
12073.585772679929505 27.675783993899454316
12073.631829797881437 27.668876315149155687
12073.677891046392688 27.661970062428775208
12073.723956447631281 27.655065244609968289
12073.770026024043545 27.648161870539119889
12073.816099798379582 27.641259949036822263
12073.862177793702358 27.634359488897420221
12073.908260033405895 27.627460498888602558
12073.954346541233463 27.620562987751103634
12074.000437341290308 27.61366696419844402
12074.046532458070942 27.606772436916820368
12074.092631916470054 27.599879414565087643
12074.138735741806158 27.592987905774638335
12074.184843959837963 27.586097919149487723
12074.230956596789838 27.579209463266469271
12074.277073679362729 27.572322546675501087
12074.323195234757804 27.565437177899962506
12074.3693212907001 27.558553365437145288
12074.415451875453073 27.551671117758822049
12074.461587017842248 27.544790443311903516
12074.507726747277047 27.537911350519195253
12074.553871093770795 27.53103384778026097
12074.600020087960729 27.524157943472395971
12074.646173761135287 27.517283645951689408
12074.692332145252294 27.510410963554239316
12074.738495272958971 27.503539904597467114
12074.78466317762468 27.496670477381378817
12074.830835893353651 27.48980269018998257
12074.877013455015913 27.482936551292901584
12074.923195898265476 27.476072068947114957
12074.969383259567621 27.469209251398805094
12075.015575576220726 27.462348106885475119
12075.061772886381732 27.455488643638293667
12075.107975229093427 27.448630869884187433
12075.154182644302637 27.44177479384815399
12075.200395172891149 27.434920423755709606
12075.246612856693901 27.428067767835457857
12075.292835738529902 27.421216834321779032
12075.339063862222247 27.414367631457640329
12075.385297272623575 27.407520167497541053
12075.43153601564336 27.4006744507105644
12075.477780138267917 27.393830489383578453
12075.524029688589508 27.38698829182452954
12075.570284715829985 27.380147866365877718
12075.616545270364441 27.373309221368163691
12075.662811403750311 27.366472365223707186
12075.709083168745565 27.359637306360493625
12075.755360619339626 27.352804053246135396
12075.801643810775204 27.345972614391936162
12075.847932799577393 27.3391429983570724
12075.894227643571867 27.332315213753023642
12075.940528401917618 27.325489269248329549
12075.986835135130605 27.318665173572938443
12076.033147905111036 27.311842935522808062
12076.079466775168839 27.305022563964659099
12076.125791810043665 27.298204067840863729
12076.172123075933996 27.291387456174529547
12076.218460640517151 27.284572738074714948
12076.264804572974754 27.277759922741761756
12076.311154944018199 27.270949019472762842
12076.357511825908659 27.264140037667161209
12076.403875292480734 27.257332986832462751
12076.450245419164276 27.250527876590091125
12076.496622283011675 27.243724716681359865
12076.543005962712414 27.236923516973590154
12076.589396538622168 27.230124287466320965
12076.635794092779179 27.223327038297675529
12076.682198708927899 27.216531779750830822
12076.728610472539003 27.20973852226061851
12076.775029470827576 27.202947276420260891
12076.821455792778579 27.19615805298821698
12076.867889529161403 27.189370862895149372
12076.914330772549874 27.182585717251040336
12076.960779617340449 27.175802627352389607
12077.007236159774038 27.169021604689557847
12077.053700497945101 27.162242660954213136
12077.100172731827115 27.155465808046930221
12077.146652963283486 27.148691058084875039
12077.193141296083922 27.141918423409631345
12077.239637835920803 27.13514791659519787
12077.28614269042555 27.12837955045593219
12077.33265596918136 27.121613338054618936
12077.379177783734121 27.114849292710736961
12077.425708247608782 27.108087428008847297
12077.472247476314806 27.101327757807091245
12077.518795587358909 27.094570296245777286
12077.565352700252333 27.087815057756134962
12077.61191893652358 27.081062057069285487
12077.65849441971659 27.074311309225105759
12077.705079275405296 27.067562829581241601
12077.751673631191807 27.060816633822192045
12077.798277616715495 27.054072737968684947
12077.844891363647548 27.047331158386924699
12077.891515005696419 27.040591911797932312
12077.938148678606012 27.033855015286981427
12077.984792520155679 27.027120486313098269
12078.031446670149307 27.020388342718632657
12078.078111270418958 27.013658602738878756
12078.124786464810313 27.006931285011710031
12078.171472399179038 27.000206408587445139
12078.218169221385324 26.993483992938401173
12078.264877081279337 26.986764057968642305
12078.311596130684848 26.980046624023806601
12078.358326523386495 26.973331711900875973
12078.4050684151116 26.966619342858269448
12078.451821963511975 26.959909538625662861
12078.498587328140275 26.95320232141381922
12078.545364670422714 26.94649771392447235
12078.59215415363542 26.939795739360157256
12078.638955942866232 26.933096421434040479
12078.685770204991059 26.926399784379668745
12078.732597108628397 26.919705852960650105
12078.779436824110235 26.913014652480264033
12078.826289523431115 26.906326208790989796
12078.873155380209937 26.89964054830386786
12078.920034569642667 26.892957697997665889
12078.9669272684514 26.886277685427945272
12079.013833654829796 26.879600538736035276
12079.060753908388506 26.872926286657843775
12079.107688210087872 26.866254958532458375
12079.154636742183357 26.859586584310537916
12079.201599688149145 26.852921194562473062
12079.248577232612661 26.846258820486209373
12079.295569561272714 26.839599493914661821
12079.34257686082492 26.832943247323083114
12079.389599318874389 26.826290113836023465
12079.43663712385387 26.819640127233938642
12079.483690464927349 26.812993321959343263
12079.530759531900912 26.806349733122413426
12079.577844515122706 26.799709396506237624
12079.624945605379253 26.793072348571719488
12079.672062993788131 26.786438626461990253
12079.719196871685199 26.779808268006252803
12079.766347430508176 26.773181311723266873
12079.813514861672957 26.766557796824042015
12079.860699356451732 26.759937763213955009
12079.90790110584021 26.753321251494199373
12079.955120300424824 26.746708302962534987
12080.002357130244491 26.74009895961374994
12080.049611784645094 26.733493264138846968
12080.096884452133963 26.726891259923505118
12080.144175320225258 26.720292991045763387
12080.191484575288996 26.713698502273125257
12080.238812402389158 26.707107839058227938
12080.286158985116344 26.700521047533676722
12080.333524505424066 26.693938174505934313
12080.380909143450481 26.687359267448162115
12080.428313077341954 26.680784374492002797
12080.475736483072978 26.674213544418243771
12080.523179534258816 26.66764682664634023
12080.570642401971782 26.661084271222911468
12080.618125254544793 26.65452592880882321
12080.665628257380376 26.647971850665069127
12080.713151572752395 26.641422088637408905
12080.760695359602323 26.634876695139645619
12080.808259773339159 26.628335723135730717
12080.855844965635697 26.621799226120291593
12080.90345108422116 26.615267258098004532
12080.951078272672021 26.608739873561251699
12080.998726670206452 26.602217127466317947
12081.046396411471505 26.595699075208170115
12081.094087626330293 26.589185772593694423
12081.141800439650979 26.582677275813441753
12081.18953497109942 26.576173641411827475
12081.237291334920883 26.569674926255785863
12081.285069639734502 26.563181187501797353
12081.33286998832773 26.556692482561423674
12081.380692477443517 26.550208869065269113
12081.428537197582045 26.54373040482539281
12081.476404232798814 26.537257147796161405
12081.524293660502735 26.530789156033574017
12081.57220555126878 26.524326487653038242
12081.620139968650619 26.517869200785565198
12081.668096968991449 26.51141735353246176
12081.716076601254827 26.5049710039187012
12081.764078906844588 26.498530209844897598
12081.812103919448418 26.49209502903794089
12081.860151664874138 26.48566551900031385
12081.908222160906007 26.479241736958151421
12081.956315417157384 26.472823739808124088
12082.004431434943399 26.466411584063202156
12082.052570207159079 26.46000532579733644
12082.100731718164752 26.453605020589197494
12082.148915943687825 26.447210723465072846
12082.197122850733649 26.440822488841025262
12082.245352397512761 26.4344403704640456
12082.293604533373582 26.428064421352807756
12082.341879198749666 26.42169469373797952
12082.390176325117864 26.415331239002046715
12082.438495834974674 26.408974107618899296
12082.486837641818056 26.402623349092806393
12082.535201650158342 26.39627901189847492
12082.583587755525514 26.389941143420795555
12082.63199584450922 26.383609789894741482
12082.680425794796975 26.377284996345672141
12082.728877475237823 26.370966806530141469
12082.777350745920558 26.364655262877164432
12082.825845458264666 26.358350406430293589
12082.874361455125836 26.352052276790804086
12082.922898570916004 26.345760912062011982
12082.971456631745241 26.339476348794811145
12083.020035455569086 26.333198621934609918
12083.068634852357718 26.326927764769781248
12083.11725462427421 26.320663808881789691
12083.165894565876442 26.314406784097432279
12083.214554464320827 26.308156718442667454
12083.263234099596957 26.301913638098593395
12083.311933244754982 26.295677567359629023
12083.360651666165722 26.289448528594245857
12083.409389123773508 26.283226542207835053
12083.458145371378123 26.277011626608484107
12083.506920156918568 26.270803798174902965
12083.555713222767736 26.26460307122750848
12083.604524306034364 26.258409458002194725
12083.6533531388759 26.25222296862698812
12083.702199448818646 26.246043611101935511
12083.751062959086994 26.239871391281905488
12083.79994338893448 26.233706312862590693
12083.848840453987577 26.227548377369522825
12083.897753866587664 26.221397584150231808
12083.946683336145725 26.215253930370085556
12083.995628569486144 26.209117411011160215
12084.044589271201403 26.202988018874361131
12084.093565144008608 26.196865744584837188
12084.142555889096911 26.190750576600631661
12084.191561206487677 26.184642501224317357
12084.240580795380083 26.178541502619054882
12084.28961435450401 26.172447562826800294
12084.338661582463828 26.16636066178967468
12084.387722178080367 26.160280777374367744
12084.436795840727427 26.154207885399472389
12084.485882270662842 26.148141959665796463
12084.534981169354069 26.142082971989470508
12084.5840922397947 26.136030892237762657
12084.633215186815505 26.12998568836746216
12084.682349717390025 26.123947326465586372
12084.731495540927426 26.117915770792674124
12084.780652369554446 26.111890983828441648
12084.829819918395515 26.105872926319481309
12084.878997905829237 26.099861557329042228
12084.928186053748504 26.093856834288772006
12084.977384087795144 26.087858713052263226
12085.026591737596391 26.081867147950362096
12085.075808736981344 26.075882091848047395
12085.125034824188333 26.069903496202460502
12085.174269742061369 26.063931311122896517
12085.223513238233863 26.057965485431019204
12085.27276506529779 26.052005966722031616
12085.322024980967399 26.046052701426681608
12085.371292748221094 26.040105634874009866
12085.420568135443318 26.034164711354517152
12085.469850916542782 26.02822987418373657
12085.519140871068885 26.022301065766139772
12085.568437784309936 26.016378227659181732
12085.617741447380467 26.010461300637349069
12085.667051657301272 26.004550224756137311
12085.716368217064883 25.998644939415726185
12085.765690935693783 25.992745383424288974
12085.815019628285881 25.986851495060811601
12085.864354116054528 25.98096321213732196
12085.913694226348525 25.975080472060454895
12085.96303979267941 25.969203211892278205
12086.012390654726914 25.963331368410301536
12086.061746658337142 25.957464878166547351
12086.111107655522574 25.951603677545616478
12086.160473504442052 25.945747702821545744
12086.209844069380779 25.939896890213596237
12086.259219220726663 25.93405117594091891
12086.308598834928489 25.928210496276012265
12086.35798279446135 25.922374787597590284
12086.407370987775721 25.916543986441098468
12086.456763309251983 25.910718029547862074
12086.506159659136756 25.904896853912973143
12086.555559943490152 25.899080396831475781
12086.60496407411847 25.893268595943077059
12086.654371968505075 25.887461389275333801
12086.703783549741274 25.881658715285304595
12086.753198746451744 25.875860512899645727
12086.80261749271267 25.870066721553140354
12086.852039727977171 25.86427728122578884
12086.901465396993444 25.858492132478254177
12086.950894449722909 25.852711216485730006
12087.0003268412529 25.846934475069986092
12087.049762531716624 25.8411618507299643
12087.099201486202219 25.835393286670758073
12087.148643674667255 25.829628726831078467
12087.198089071847789 25.823868115909299092
12087.247537657167413 25.818111399388168792
12087.296989414644486 25.81235852355790783
12087.346444332799365 25.806609435537762209
12087.395902404563458 25.800864083296133344
12087.445363627186453 25.79512241566964903
12087.494828002147187 25.789384382380738714
12087.544295535062702 25.78364993405330452
12087.593766235593648 25.777919022227532508
12087.643240117347887 25.772191599373300619
12087.692717197789534 25.76646761890218329
12087.742197498144378 25.760747035178024333
12087.79168104330347 25.755029803526547028
12087.841167861732174 25.7493158802438451
12087.890657985368307 25.743605222603690663
12087.940151449534824 25.737897788863747905
12087.989648292837956 25.732193538270731636
12088.039148557074441 25.726492431064517774
12088.0886522871333 25.72079442848125197
12088.13815953089761 25.715099492755506105
12088.187670339148099 25.709407587121486216
12088.237184765463098 25.703718675813334471
12088.286702866116684 25.698032724064585608
12088.336224699982267 25.692349698106763611
12088.385750328427093 25.686669565167228768
12088.435279815210379 25.680992293466204046
12088.484813226379629 25.675317852213083825
12088.534350630165136 25.669646211602056951
12088.58389209687266 25.66397734280701215
12088.633437698777925 25.658311217975800389
12088.682987510013845 25.652647810223790259
12088.732541606463201 25.646987093626972154
12088.782100065649502 25.641329043214700079
12088.831662966616932 25.635673634961801071
12088.881230389821212 25.630020845779952765
12088.930802417015002 25.624370653508496076
12088.980379131120571 25.618723036904992085
12089.029960616115204 25.613077975635292205
12089.079546956905688 25.60743545026314294
12089.129138239199165 25.601795442239382083
12089.17873454938308 25.596157933890868463
12089.228335974390575 25.590522908409084835
12089.277942601569521 25.584890349838396162
12089.327554518551551 25.579260243064037894
12089.377171813110181 25.573632573799763179
12089.426794573029838 25.568007328575031778
12089.476422885963984 25.56238449472229135
12089.526056839293233 25.556764060363907021
12089.575696519985286 25.551146014398764095
12089.625342014453054 25.545530346488689588
12089.674993408410955 25.539917047044784937
12089.724650786722123 25.534306107213581072
12089.774314233256518 25.528697518863062044
12089.823983830739962 25.523091274568553644
12089.873659660606791 25.517487367598420178
12089.923341802845243 25.511885791899551634
12089.973030335853764 25.506286542082740709
12090.022725336280928 25.500689613407903522
12090.072426878881743 25.495095001769190191
12090.122135036363034 25.489502703679818296
12090.171849879230649 25.48391271625682819
12090.221571475640303 25.478325037205731718
12090.271299891253875 25.472739664805004622
12090.321035189090253 25.467156597890298286
12090.370777429374357 25.461575835838644366
12090.420526669400715 25.455997378552631005
12090.470282963382488 25.45042122644445115
12090.520046362313224 25.44484738041981231
12090.569816913828618 25.439275841861697103
12090.619594662070085 25.433706612614034981
12090.669379647550159 25.428139694965100404
12090.719171907030614 25.422575091630587707
12090.76897147339514 25.417012805736824532
12090.818778375525653 25.411452840803942621
12090.86859263819133 25.405895200728778605
12090.918414281928563 25.40033988976786361
12090.968243322939088 25.394786912520263655
12091.018079772986312 25.389236273910331221
12091.067923639295259 25.383687979170350246
12091.117774924465266 25.378142033823067436
12091.167633626382667 25.37259844366416317
12091.217499738146216 25.367057214744605176
12091.26737324799069 25.361518353352920485
12091.317254139223223 25.35598186599738213
12091.367142390166919 25.350447759388170965
12091.417037974106279 25.344916040419434466
12091.466940859250826 25.339386716151299339
12091.516851008691447 25.333859793791830839
12091.566768380378562 25.328335280678938801
12091.616692927102122 25.322813184262269459
12091.666624596473412 25.317293512085075946
12091.716563330932331 25.311776271766021296
12091.766509067743755 25.306261470981048944
12091.816461739015722 25.300749117445278102
12091.866421271719446 25.29523921889494531
12091.916387587722056 25.289731783069374416
12091.966360603822977 25.284226817692978528
12092.016340231804861 25.278724330457354341
12092.066326378489975 25.273224329003454613
12092.11631894580205 25.267726820903849472
12092.166317830842672 25.26223181364514403
12092.216322925969507 25.256739314610598512
12092.266334118889063 25.251249331062808778
12092.316351292749459 25.245761870126624871
12092.366374326251389 25.240276938772222337
12092.416403093757253 25.234794543798365396
12092.466437465416675 25.229314691815893923
12092.516477307292007 25.223837389231590578
12092.566522481494758 25.218362642232303727
12092.61657284633111 25.212890456769063263
12092.666628256452896 25.207420838541708008
12092.716688563003117 25.201953792983871949
12092.766753613785113 25.196489325248357716
12092.816823253420807 25.191027440192833353
12092.866897323525336 25.18556814236588437
12092.916975662876212 25.180111435993495661
12092.967058107598859 25.17465732496593489
12093.017144491344879 25.169205812825104829
12093.067234645477583 25.163756902752126621
12093.117328399268445 25.158310597555402666
12093.167425580084455 25.152866899659418465
12093.217526013579118 25.147425811094048953
12093.267629523894357 25.141987333484749456
12093.317735933853328 25.136551468043165869
12093.367845065164147 25.131118215557734175
12093.417956738614521 25.125687576385036692
12093.468070774268199 25.120259550441812024
12093.518186991659604 25.114834137197586728
12093.568305209986647 25.109411335667903842
12093.618425248303538 25.103991144408162484
12093.668546925713599 25.098573561508061402
12093.718670061554803 25.093158584586646498
12093.768794475581672 25.087746210787983614
12093.818919988152629 25.082336436777453059
12093.869046420404629 25.076929258738655193
12093.919173594431413 25.071524672370937736
12093.96930133344722 25.066122672887544809
12094.019429461959589 25.060723255014487165
12094.069557805927616 25.055326412989977314
12094.11968616347076 25.049932143732210221
12094.169814308537752 25.044540446454632843
12094.21994207334501 25.039151313815498412
12094.270069292218977 25.033764737982000526
12094.320195801730733 25.028380710632990969
12094.370321440814223 25.022999222962344135
12094.420446050891769 25.017620265682587899
12094.47056947598503 25.012243829029046083
12094.52069156282414 25.006869902764790936
12094.570812160942296 25.001498476185989972
12094.62093112277762 24.996129538127686232
12094.671048303747739 24.99076307697026067
12094.721163562338916 24.985399080646381265
12094.771276760171531 24.980037536648385554
12094.821387762069207 24.974678432036135689
12094.871496436117013 24.969321753445285594
12094.921602653716036 24.963967487095963804
12094.971706289627036 24.958615618801829328
12095.021807222014104 24.953266133979475683
12095.071905332475581 24.947919017657984142
12095.122000506078621 24.94257425448886778
12095.172092631375563 24.937231828756704743
12095.222181600423937 24.931891724389732445
12095.272267308797382 24.926553924970733078
12095.322349655591097 24.921218413748114529
12095.372428543425485 24.915885173647218664
12095.422503878438874 24.910554187281839233
12095.472575570282061 24.905225436965917396
12095.522643532101938 24.899898904725393578
12095.572707680525127 24.894574572310194327
12095.622767935637967 24.889252421206389698
12095.672824220957409 24.883932432648407485
12095.722876463407374 24.878614587631286525
12095.772924593278731 24.87329886692302594
12095.822968544198375 24.867985251076895281
12095.873008253091029 24.862673720443691394
12095.92304366013559 24.857364255184176471
12095.973074708723288 24.852056835281498337
12096.023101345408577 24.846751440553592971
12096.073123519860019 24.841448050665515979
12096.123141184812994 24.83614664514159287
12096.173154296018765 24.830847203377622634
12096.223162812186274 24.825549704653028016
12096.273166694931206 24.820254128142718031
12096.32316590872324 24.8149604529289185
12096.373160420827844 24.809668658012824949
12096.423150201248063 24.804378722326266171
12096.473135222662677 24.799090624743275413
12096.523115460369809 24.793804344091476821
12096.57309089222872 24.788519859163326231
12096.623061498594325 24.783237148726996679
12096.673027262264441 24.777956191537203523
12096.722988168416123 24.77267696634587324
12096.772944204549276 24.767399451912623931
12096.822895360421171 24.762123627015032667
12096.872841627997332 24.756849470458686113
12096.922783001384232 24.75157696108698957
12096.972719476780185 24.746306077790759304
12097.022651052415313 24.741036799517594602
12097.072577728493343 24.73576910528091588
12097.122499507144312 24.730502974169379371
12097.172416392366358 24.725238385355279291
12097.222328389982067 24.719975318102918038
12097.272235507582081 24.714713751776731243
12097.322137754477808 24.709453665849164139
12097.372035141652304 24.704195039908295684
12097.421927681711168 24.698937853665185571
12097.471815388842515 24.693682086960961897
12097.521698278767872 24.68842771977362105
12097.571576368702154 24.683174732224600234
12097.621449677313649 24.677923104585069325
12097.671318224680363 24.672672817281789293
12097.721182032259094 24.667423850902743254
12097.77104112284178 24.662176186202575678
12097.820895520528211 24.656929804107818427
12097.870745250684195 24.651684685721818369
12097.920590339917908 24.646440812329423409
12097.970430816043518 24.641198165401345221
12098.020266708057534 24.635956726598237765
12098.070098046106068 24.630716477774587503
12098.119924861463005 24.625477400982369147
12098.169747186506356 24.620239478474424288
12098.219565054692794 24.615002692707623311
12098.269378500535822 24.609767026345757301
12098.31918755958759 24.604532462262206138
12098.36899226841706 24.599298983542361441
12098.418792664597277 24.5940665734858257
12098.468588786685359 24.588835215608376927
12098.518380674206128 24.583604893643705935
12098.568168367643011 24.578375591544951106
12098.617951908423493 24.573147293486037768
12098.667731338911835 24.567919983862765321
12098.71750670239453 24.562693647293716737
12098.767278043074839 24.557468268620944229
12098.817045406056423 24.552243832910463084
12098.866808837343342 24.547020325452539424
12098.916568383829144 24.541797731761874957
12098.966324093287767 24.536576037577532361
12099.016076014373539 24.531355228862690154
12099.065824196613903 24.526135291804152416
12099.115568690402142 24.520916212811759038
12099.165309546999197 24.515697978517664524
12099.21504681852457 24.51048057577545336
12099.264780557959966 24.505263991659301581
12099.314510819143834 24.500048213462832791
12099.364237656769546 24.494833228697821426
12099.413961126383583 24.48961902509273969
12099.463681284387349 24.484405590591205026
12099.513398188031715 24.479192913350274807
12099.563111895417023 24.473980981738673535
12099.612822465494901 24.468769784334867268
12099.662529958062805 24.46355930992501726
12099.712234433773119 24.458349547500876753
12099.761935954133151 24.453140486257602504
12099.811634581503313 24.447932115591402891
12099.861330379100764 24.442724425097097196
12099.911023410995767 24.437517404565586077
12099.960713742113512 24.43231104398124387
12100.010401438234112 24.427105333519236297
12100.060086565990787 24.421900263542767107
12100.109769192868043 24.416695824600257225
12100.159449387205314 24.411492007422481265
12100.209127218193316 24.406288802919629433
12100.258802755872239 24.401086202178333906
12100.308476071133555 24.395884196458563764
12100.358147235716388 24.390682777190395569
12100.407816322211147 24.38548193597092606
12100.457483404054074 24.380281664561191945
12100.507148555521781 24.375081954883036417
12100.556811851736711 24.369882799015577746
12100.606473368661682 24.364684189191709862
12100.656133183101701 24.359486117794915572
12100.705791372693056 24.354288577356072665
12100.755448015901493 24.349091560550249369
12100.805103192016759 24.34389506019347138
12100.85475698114351 24.338699069239517314
12100.90440946419767 24.333503580776724817
12100.95406072289552 24.328308588024789572
12101.003710839748237 24.323114084331578511
12101.053359898050985 24.317920063169978562
12101.103007981877454 24.312726518134681442
12101.152655176067128 24.307533442938797918
12101.20230156621983 24.302340831410713662
12101.251947238681169 24.297148677491009039
12101.301592280531622 24.291956975229403781
12101.351236779571991 24.286765718781747836
12101.400880824310661 24.281574902407022876
12101.450524503950874 24.27638452046441131
12101.500167908372532 24.27119456741045056
12101.549811128121291 24.266005037796293919
12101.599454254386728 24.260815926264889697
12101.649097378989609 24.25562722754819589
12101.698740550453294 24.25043894105300879
12101.748383859190653 24.245251061952622251
12101.798027398506747 24.24006358525846494
12101.847671262268705 24.234876506059766399
12101.897315544883895 24.229689819520910277
12101.9469603412781 24.22450352087887282
12101.996605746875503 24.219317605440753738
12102.046251857565949 24.214132068581399437
12102.095898769688574 24.208946905741075994
12102.14554658000452 24.203762112423117259
12102.195195385669649 24.198577684191597825
12102.244845284205439 24.193393616669307988
12102.294496373473521 24.188209905535952515
12102.344148751641114 24.18302654652608652
12102.393802517153745 24.17784353542716147
12102.443457768697044 24.172660868077620933
12102.493114605167648 24.167478540364953687
12102.542773125634994 24.162296548223888948
12102.592433429306766 24.15711488763475856
12102.642095615492508 24.151933554621813016
12102.691759783565431 24.146752545251409572
12102.741426032922391 24.141571855630452603
12102.791094462947513 24.136391481905015155
12102.840765172966712 24.131211420259081279
12102.890438262204043 24.126031666913334561
12102.940113829741676 24.120852218124039013
12102.989791974470791 24.115673070181983917
12103.039472795049733 24.110494219411531702
12103.089156389858545 24.105315662169427782
12103.13884285694985 24.100137394843933691
12103.18853229400338 24.094959413854084573
12103.238224798269584 24.089781715649039029
12103.287920466520518 24.08460429670784464
12103.337619395006186 24.079427153539072037
12103.387321679394518 24.074250282680239366
12103.437027414718614 24.069073680697453455
12103.486736695322179 24.06389734418513271
12103.536449614803132 24.058721269765801054
12103.586166265955399 24.053545454089952926
12103.635886740708884 24.048369893836010647
12103.685611130073084 24.043194585710335076
12103.735339524075243 24.038019526447328644
12103.785072011700322 24.032844712809602328
12103.834808680829155 24.027670141588206576
12103.884549618178426 24.022495809602954608
12103.934294909238815 24.017321713702788344
12103.984044638207706 24.012147850766236701
12104.033798887930971 24.00697421770191653
12104.083557739837488 24.001800811449136575
12104.1333212738773 23.996627628978544067
12104.183089568452488 23.991454667292845926
12104.232862700360783 23.986281923427615226
12104.282640744730088 23.981109394452275296
12104.332423774958443 23.975937077470796055
12104.382211862648546 23.97076496962257508
12104.432005077549547 23.965593068083368422
12104.481803487489742 23.960421370066356417
12104.531607158318366 23.955249872823269897
12104.58141615383829 23.950078573645573243
12104.631230535749637 23.944907469865700733
12104.68105036358611 23.939736558858314197
12104.730875694658607 23.93456583804157134
12104.780706583995197 23.929395304878443795
12104.830543084286546 23.924224956878138215
12104.880385245824073 23.919054791597535115
12104.930233116456293 23.913884806642876413
12104.98008674153607 23.908714999671008883
12105.029946163875138 23.903545368390716419
12105.079811423691353 23.8983759105643081
12105.129682558563218 23.893206624009234673
12105.179559603384405 23.888037506599708593
12105.229442590318286 23.882868556268689986
12105.279331548761547 23.877699771009805119
12105.329226505307815 23.872531148878969987
12105.379127483709453 23.867362687996159565
12105.429034504846641 23.862194386547404434
12105.478947586698268 23.857026242786663062
12105.528866744312836 23.851858255037431178
12105.578791989790261 23.846690421694464845
12105.628723332252775 23.84152274122552484
12105.678660777828554 23.83635521217309261
12105.728604329640802 23.831187833156153744
12105.778553987795021 23.826020602871796683
12105.828509749373552 23.820853520096708422
12105.878471608433756 23.815686583688648881
12105.928439556006197 23.810519792588078047
12105.978413580098277 23.805353145819825755
12106.028393665699696 23.800186642494708167
12106.078379794795183 23.795020281811023466
12106.128371946384505 23.789854063055983602
12106.1783700964952 23.784687985607348537
12106.228374218204408 23.779522048934932599
12106.278384281667968 23.774356252602082407
12106.32840025414589 23.769190596267154802
12106.378422100036914 23.764025079684945041
12106.428449780916708 23.758859702708093664
12106.478483255579704 23.753694465288312188
12106.528522480084575 23.748529367477509311
12106.578567407806986 23.743364409429009498
12106.628617989486884 23.738199591398760901
12106.678674173286709 23.733034913746489991
12106.728735904851419 23.727870376936813557
12106.778803127370338 23.722705981540304521
12106.828875781648094 23.717541728234504461
12106.878953806168283 23.712377617804886398
12106.929037137169871 23.707213651145757183
12106.979125708723586 23.702049829261071068
12107.029219452815596 23.696886153265158015
12107.079318299427541 23.691722624383643847
12107.12942217662021 23.686559243954146581
12107.179531010626306 23.681396013426848413
12107.229644725935941 23.676232934365120997
12107.279763245391223 23.671070008446086774
12107.329886490275385 23.665907237461066615
12107.380014380412831 23.660744623316087853
12107.430146834265543 23.65558216803224667
12107.480283769029484 23.650419873746084676
12107.530425100734647 23.645257742709926418
12107.580570744346915 23.640095777292163604
12107.630720613866288 23.634933979977500229
12107.680874622432384 23.629772353367425097
12107.731032682426303 23.624610900180424977
12107.781194705572489 23.619449623252066317
12107.831360603038775 23.614288525535069851
12107.881530285545523 23.609127610099353234
12107.931703663458393 23.603966880132020378
12107.981880646895661 23.598806338937329485
12108.032061145819171 23.593645989936590013
12108.082245070143472 23.588485836668048989
12108.132432329823132 23.583325882786748906
12108.182622834952781 23.578166132064328764
12108.232816495861698 23.573006588388803806
12108.283013223201124 23.567847255764306169
12108.333212928040666 23.56268813831072606
12108.383415521955612 23.557529240263246351
12108.433620917108783 23.552370565971958882
12108.483829026337844 23.547212119901455907
12108.534039763226247 23.542053906630375337
12108.58425304218872 23.536895930850924685
12108.634468778538576 23.531738197368341048
12108.684686888556826 23.526580711100347543
12108.734907289564944 23.521423477076535136
12108.785129899981257 23.516266500437726705
12108.835354639384605 23.511109786435429925
12108.885581428570731 23.505953340431290144
12108.935810189603217 23.500797167896237738
12108.986040845866228 23.495641274409681643
12109.036273322104535 23.490485665658646042
12109.086507544467167 23.48533034743697101
12109.136743440547434 23.480175325644353279
12109.186980939412024 23.475020606285216473
12109.237219971637387 23.469866195467638192
12109.287460469324287 23.464712099402269985
12109.337702366126905 23.459558324401118767
12109.387945597269209 23.454404876876086661
12109.438190099554049 23.449251763337461085
12109.488435811379532 23.44409899039248657
12109.538682672740833 23.438946564743801559
12109.5889306252393 23.4337944931879818
12109.639179612076987 23.428642782613948725
12109.689429578056661 23.423491440001356523
12109.739680469570885 23.418340472418783804
12109.789932234587468 23.413189887021857771
12109.840184822636729 23.408039691051353515
12109.890438184789673 23.402889891831186731
12109.940692273632521 23.397740496766353147
12109.990947043246706 23.392591513340747156
12110.041202449176126 23.387442949114827684
12110.091458448398043 23.382294811723088657
12110.141714999288524 23.377147108871508152
12110.191972061589695 23.371999848334997552
12110.242229596367906 23.366853037954658845
12110.292487565977353 23.361706685634899827
12110.342745934016421 23.356560799340559953
12110.393004665278568 23.351415387094093035
12110.443263725714132 23.346270456972668228
12110.493523082377578 23.341126017104961932
12110.543782703380202 23.335982075667885738
12110.594042557839202 23.330838640883357016
12110.644302615835841 23.325695721014668038
12110.694562848357236 23.320553324362748526
12110.744823227249071 23.315411459262513461
12110.795083725157383 23.310270134079015492
12110.845344315479451 23.305129357203522744
12110.895604972305591 23.2999891370495682
12110.945865670366402 23.294849482048903155
12110.996126384736272 23.289710400672298363
12111.046387079572014 23.284571902570707636
12111.096647731428675 23.279433996181939648
12111.146908317257839 23.274296689947728822
12111.197168814362158 23.269159992309226936
12111.247429200340775 23.264023911702523151
12111.297689453043859 23.258888456554238644
12111.347949550527119 23.253753635276833478
12111.398209470997244 23.248619456263842409
12111.4484691927737 23.24348592788502188
12111.498728694245074 23.238353058481475699
12111.548987953827236 23.233220856360667028
12111.599246949926965 23.228089329791437478
12111.649505660898285 23.222958486998987127
12111.699764065009731 23.217828336159822555
12111.750022140409783 23.212698885396690685
12111.800279865088669 23.207570142773484179
12111.850537216856537 23.202442116290157514
12111.900794173310715 23.197314813877635942
12111.951050711806602 23.192188243392720892
12112.001306809443122 23.187062412613045126
12112.051562443033617 23.181937329232159328
12112.101817589094935 23.176813000854654234
12112.152072223825598 23.171689434991204593
12112.202326323096713 23.166566639053637999
12112.252579862437415 23.161444620350085444
12112.302832817029412 23.156323386080202908
12112.353085161696072 23.151202943330453365
12112.403336870902422 23.146083299069470485
12112.453587918755147 23.140964460143514714
12112.503838278998956 23.135846433272028833
12112.554087925025669 23.130729225043285879
12112.604336829874228 23.125612841910133
12112.654584966247057 23.120497290185543449
12112.704832306517346 23.115382576038491891
12112.755078822743599 23.11026870549013168
12112.805324486687823 23.105155684410249251
12112.855569269839179 23.100043518513611929
12112.905813143432169 23.094932213356582196
12112.956056078468464 23.089821774333852744
12113.006298045742369 23.08471220667535917
12113.056539015860835 23.079603515443366746
12113.10677895927256 23.074495705529713518
12113.157017846293456 23.069388781653259457
12113.207255647135753 23.064282748357577191
12113.257492331940739 23.059177610008795511
12113.307727870809686 23.054073370793588538
12113.35796223383295 23.048970034717363831
12113.408195391128174 23.043867605602649462
12113.45842731286757 23.038766087087672929
12113.508657969317937 23.033665482625142573
12113.558887330875223 23.028565795481224399
12113.609115368097264 23.023467028734724948
12113.659342051741987 23.018369185276476685
12113.709567352803788 23.013272267808901006
12113.759791242549909 23.00817627884576666
12113.810013692562279 23.003081220712083166
12113.860234674772073 22.997987095544278446
12113.91045416149791 22.992893905290578971
12113.960672125482233 22.987801651711592399
12114.010888539934967 22.982710336381042993
12114.061103378568077 22.977619960686727296
12114.11131661563013 22.972530525831661663
12114.161528225939037 22.96744203283541097
12114.211738184918431 22.96235448253558431
12114.261946468626775 22.957267875589508321
12114.312153053791917 22.952182212476060386
12114.362357917842019 22.947097493497537357
12114.412561038940112 22.942013718781552711
12114.462762396013204 22.936930888283342256
12114.512961968777745 22.931849001788215503
12114.563159737765091 22.926768058914145598
12114.613355684350608 22.921688059114508462
12114.663549790771867 22.916609001680914304
12114.713742040154102 22.911530885746202557
12114.763932416528405 22.906453710287504322
12114.814120904851734 22.901377474129450462
12114.864307491023283 22.896302175947447211
12114.914492161900853 22.891227814271065455
12114.964674905317224 22.886154387487493977
12115.014855710092888 22.881081893845006903
12115.065034566052418 22.876010331456132718
12115.115211464033564 22.870939698301267384
12115.165386395898167 22.865869992232401131
12115.215559354535799 22.860801210976887887
12115.265730333871034 22.855733352141257342
12115.31589932886709 22.850666413215055428
12115.366066335522191 22.845600391574716781
12115.416231350878661 22.840535284487447854
12115.466394373013827 22.835471089115127796
12115.516555401040023 22.83040780251821289
12115.566714435102767 22.825345421659623213
12115.616871476375309 22.820283943408373517
12115.667026527056805 22.815223364543292917
12115.717179590361411 22.810163681756876031
12115.767330670507363 22.805104891659119914
12115.817479772713341 22.800046990781304146
12115.867626903176642 22.794989975579749597
12115.917772069067723 22.789933842439541678
12115.96791527851201 22.784878587678196737
12116.018056540575344 22.77982420754927162
12116.068195865247617 22.774770698245941247
12116.118333263424574 22.769718055904476728
12116.168468746891449 22.764666276607691486
12116.21860232830295 22.759615356388295027
12116.268734021163255 22.754565291232211166
12116.318863839807818 22.749516077082116539
12116.368991799390642 22.744467709840915148
12116.419117915855168 22.739420185374822125
12116.469242205917908 22.734373499516316031
12116.519364687041161 22.729327648067023659
12116.569485377413002 22.724282626800505369
12116.619604295921818 22.719238431465004879
12116.669721462130838 22.714195057786049858
12116.71983689625813 22.709152501468953034
12116.769950619149313 22.704110758201313303
12116.82006265225391 22.699069823655459999
12116.870173017605339 22.694029693490691102
12116.920281737788173 22.688990363355397761
12116.970388835919948 22.683951828889078683
12117.02049433562388 22.678914085724255045
12117.070598261003397 22.673877129488282378
12117.120700636618494 22.668840955805091397
12117.170801487462086 22.663805560296815145
12117.22090083893454 22.658770938585320209
12117.270998716820031 22.65373708629363847
12117.321095147264714 22.648703999047299362
12117.371190156749435 22.643671672475576884
12117.421283772071547 22.638640102212637117
12117.471376020321259 22.633609283898589837
12117.52146692885799 22.628579213180458396
12117.571556525294 22.623549885713082119
12117.621644837472559 22.618521297159858818
12117.671731893453398 22.613493443193139143
12117.721817721494517 22.608466319494908703
12117.771902350037635 22.603439921757306763
12117.821985807688179 22.598414245682931778
12117.872068123202553 22.59338928698520732
12117.922149325466307 22.58836504138871959
12117.972229443479591 22.583341504629789398
12118.022308506346235 22.578318672456695992
12118.072386543261018 22.573296540629772977
12118.1224635834933 22.568275104921411867
12118.172539656376102 22.563254361116026558
12118.222614791293381 22.558234305009932541
12118.272689017661833 22.553214932411187021
12118.322762364930895 22.548196239139368657
12118.37283486256274 22.543178221025282681
12118.422906540028634 22.53816087391064471
12118.472977426798025 22.533144193647753895
12118.523047552340358 22.528128176098960012
12118.573116946115988 22.523112817136151875
12118.623185637574352 22.51809811264025285
12118.67325365614488 22.513084058500655971
12118.723321031236992 22.508070650614644848
12118.773387792229187 22.503057884886750628
12118.823453968470858 22.498045757228062769
12118.873519589284115 22.493034263555333752
12118.923584683963782 22.488023399789934587
12118.973649281779217 22.48301316185708032
12119.023713411972494 22.478003545685037778
12119.073777103756584 22.472994547204329763
12119.123840386315351 22.467986162346910817
12119.173903288809015 22.462978387045318129
12119.223965840370511 22.457971217231808225
12119.274028070110944 22.452964648837482997
12119.324090007119594 22.447958677791380211
12119.374151680467548 22.442953300019567564
12119.424213119211345 22.437948511444222532
12119.474274352398425 22.432944307982690901
12119.524335409072592 22.427940685546538191
12119.574396318272193 22.422937640040604634
12119.624457109042851 22.417935167362021076
12119.674517810437465 22.412933263399256845
12119.724578451525304 22.407931924031128545
12119.774639061401103 22.402931145125634771
12119.824699669190522 22.397930922538897391
12119.874760291040729 22.392931253414086967
12119.924820954567622 22.387932133739049334
12119.974881689005997 22.382933559330410844
12120.024942523647042 22.377935525989293808
12120.075003487841968 22.372938029500296864
12120.125064611020207 22.367941065630365216
12120.175125922693042 22.362944630127547185
12120.225187452468163 22.357948718720077608
12120.275249230051486 22.352953327115216098
12120.325311285265343 22.347958450997889912
12120.375373648052118 22.342964086029404314
12120.425436348486983 22.337970227846330573
12120.47549941678335 22.332976872059511209
12120.525562883300154 22.327984014253051015
12120.575626778549122 22.322991649983304541
12120.625691133200235 22.317999774777877775
12120.675755978092639 22.313008384134604967
12120.725821344236465 22.308017473520546758
12120.775887262820106 22.303027038371059376
12120.825953765222948 22.298037074089126719
12120.876020883022647 22.293047576044131119
12120.926088647996949 22.288058539570783978
12120.97615709213278 22.283069959968120344
12121.026226247633531 22.278081832498468629
12121.07629614691723 22.27309415238639545
12121.126366822625641 22.268106914817558106
12121.176438307631543 22.26312011493746823
12121.226510635042359 22.258133747850425976
12121.276583838200168 22.253147808618468417
12121.326657950687149 22.248162292260335704
12121.376733006327413 22.243177193750419463
12121.426809039185173 22.23819250801769698
12121.476886083572026 22.233208229944683154
12121.526964174041495 22.228224354366368232
12121.577043345398124 22.223240876069095151
12121.627123632693838 22.21825778978931254
12121.677205071229764 22.213275090212476925
12121.727287696556232 22.208292771971997581
12121.777371544476409 22.203310829648117419
12121.827456651044486 22.198329257766502565
12121.877543052567489 22.193348050797109039
12121.927630785599831 22.188367203153060103
12121.977719886937848 22.183386709189512942
12122.027810393617983 22.178406563202511137
12122.077902342914967 22.173426759427840693
12122.127995772330905 22.168447292039868302
12122.178090719593456 22.163468155150386707
12122.228187222646739 22.158489342807435207
12122.278285319649513 22.153510848994120153
12122.328385048966084 22.148532667627435444
12122.378486449157208 22.1435547925572358
12122.428589558974636 22.138577217565153177
12122.478694417355655 22.133599936363303584
12122.528801063412175 22.128622942593072054
12122.578909536421634 22.123646229823890508
12122.629019875816084 22.118669791552008519
12122.679132121174916 22.113693621199264072
12122.729246312210307 22.108717712111840115
12122.779362488761763 22.103742057559031764
12122.829480690777928 22.098766650732002859
12122.879600958307492 22.093791484742538955
12122.929723331488276 22.088816552621846512
12122.979847850538135 22.083841847319742868
12123.029974555740409 22.078867361703409244
12123.080103487436645 22.073893088556108211
12123.130234686012045 22.068919020576093004
12123.180368191890011 22.063945150375293025
12123.23050404551941 22.058971470477807486
12123.280642287358205 22.053997973318690384
12123.33078295786072 22.049024651242742578
12123.380926097463089 22.044051496503382026
12123.431071746563248 22.03907850126146073
12123.481219945515477 22.034105657584422744
12123.531370734614029 22.029132957445060725
12123.581524154080398 22.024160392720222745
12123.631680244046947 22.019187955189657657
12123.681839044538719 22.014215636534871123
12123.732000595455247 22.009243428337995852
12123.78216493655782 22.00427132208071157
12123.832332107447655 21.999299309143221848
12123.882502147551349 21.994327380803152749
12123.932675096102685 21.989355528234515447
12123.982850992126259 21.984383742506711457
12124.03302987441748 21.979412014583555646
12124.08321178152255 21.974440335322348972
12124.133396751723922 21.969468695472968989
12124.183584823018464 21.964497085677002985
12124.233776033102913 21.959525496466909544
12124.283970419348407 21.954553918265219181
12124.33416801878775 21.949582341383784723
12124.384368868093588 21.944610756023049447
12124.434573003560217 21.939639152271382727
12124.484780461083574 21.934667520104447647
12124.534991276143046 21.929695849384621908
12124.585205483783284 21.924724129860486244
12124.635423118592371 21.919752351166454929
12124.685644214687272 21.914780502822328145
12124.735868805693826 21.909808574232922496
12124.786096924724916 21.904836554687687311
12124.836328604373193 21.899864433360281879
12124.886563876681976 21.894892199308358727
12124.936802773134332 21.889919841473410855
12124.987045324631254 21.884947348680675816
12125.037291561471648 21.879974709639107289
12125.087541513337783 21.875001912941417714
12125.137795209273463 21.870028947064174218
12125.188052677667656 21.865055800367969141
12125.238313946238122 21.860082461097658069
12125.288579042009587 21.855108917382679579
12125.338847991301009 21.850135157237421168
12125.389120819705568 21.845161168561684661
12125.439397552072478 21.840186939141212008
12125.489678212490617 21.835212456648278589
12125.539962824277609 21.830237708642524552
12125.590251409956181 21.825262682572034834
12125.640543991252343 21.820287365773918253
12125.690840589075378 21.81531174547486529
12125.741141223506929 21.810335808792054024
12125.791445913788266 21.805359542734201739
12125.841754678298457 21.800382934202733765
12125.892067534550733 21.795405969993261408
12125.942384499176114 21.79042863679679698
12125.992705587910677 21.78545092120111093
12126.043030815581005 21.780472809692202674
12126.09336019609691 21.775494288655856678
12126.143693742433243 21.770515344379280265
12126.1940314666208 21.765535963052830226
12126.244373379737226 21.760556130771803396
12126.294719491892465 21.755575833538340902
12126.345069812221482 21.750595057263385712
12126.39542434886971 21.745613787768718339
12126.445783108991236 21.740632010789081363
12126.496146098732424 21.735649711974378562
12126.546513323228282 21.730666876891941541
12126.596884786593364 21.725683491028881633
12126.647260491914494 21.720699539794495081
12126.697640441243493 21.71571500852265757
12126.748024635595357 21.710729882474364416
12126.798413074939162 21.705744146840459052
12126.848805758192611 21.700757786744542699
12126.899202683223848 21.695770787245727718
12126.949603846844184 21.690783133341582811
12127.000009244809917 21.685794809970989405
12127.050418871818692 21.680805802017022899
12127.100832721511324 21.675816094309983129
12127.151250786468154 21.670825671630474574
12127.201673058209053 21.665834518712550505
12127.252099527195242 21.660842620246903323
12127.302530182829287 21.655849960884122396
12127.352965013458743 21.650856525237983874
12127.403404006376149 21.645862297888783132
12127.45384714782449 21.640867263386741826
12127.50429442299901 21.635871406255411387
12127.554745816052673 21.630874710995161792
12127.605201310105258 21.625877162086663219
12127.655660887241538 21.620878743994435212
12127.706124528524015 21.615879441170402941
12127.756592214000193 21.610879238057481899
12127.807063922708039 21.605878119093201661
12127.857539632685075 21.600876068713333211
12127.908019320981111 21.595873071355626394
12127.9585029636728 21.590869111463749874
12128.008990535876364 21.585864173490897144
12128.059482011765795 21.580858241903484895
12128.109977364596489 21.575851301184542308
12128.160476566710713 21.570843335837235344
12128.21097958955761 21.565834330388554463
12128.26148640370775 21.560824269393002339
12128.311996978864045 21.555813137436263816
12128.362511283881759 21.550800919138875855
12128.413029286784877 21.545787599159872627
12128.46355095477702 21.54077316220041638
12128.514076254265092 21.535757593007406996
12128.564605150877469 21.530740876377073789
12128.615137609480371 21.525722997158528216
12128.66567359419787 21.520703940257689624
12128.716213068439174 21.515683690640969417
12128.766755994913183 21.510662233338607052
12128.817302335653949 21.505639553448091306
12128.867852052040689 21.500615636137528242
12128.91840510482325 21.495590466648966554
12128.96896145413848 21.490564030301776199
12129.019521059539329 21.485536312496147815
12129.07008388002032 21.480507298716233322
12129.120649874041192 21.475476974533396657
12129.171218999550547 21.470445325609190945
12129.221791214014956 21.465412337698335676
12129.272366474438968 21.460377996651669008
12129.322944737396028 21.455342288419007701
12129.373525959050312 21.450305199051943106
12129.424110095180367 21.445266714706580302
12129.474697101211859 21.440226821646191979
12129.525286932239396 21.435185506243797704
12129.575879543053816 21.430142754984672138
12129.626474888169469 21.425098554468771539
12129.677072921851504 21.420052891413082108
12129.727673598143156 21.415005752653893722
12129.778276870891204 21.409957125148984858
12129.828882693780542 21.404906995979708029
12129.879491020352361 21.399855352353014837
12129.930101804036894 21.394802181603360225
12129.980714998182521 21.389747471194624495
12130.031330556084868 21.384691208721839928
12130.081948431015917 21.37963338191274687
12130.132568576249469 21.374573978629349824
12130.183190945092065 21.369512986869402482
12130.233815490908455 21.364450394767771968
12130.284442167150701 21.35938619059773913
12130.335070927387278 21.354320362772174491
12130.385701725324907 21.349252899844650244
12130.436334514843111 21.344183790510435017
12130.486969250016045 21.339113023607399811
12130.537605885143421 21.334040588116838677
12130.588244374775968 21.328966473164186368
12130.638884673740904 21.323890668019632955
12130.689526737169217 21.318813162098667391
12130.740170520522952 21.313733944962496736
12130.790815979622494 21.308653006318401424
12130.841463070668397 21.303570336019951981
12130.892111750272306 21.298485924067133368
12130.942761975478788 21.293399760606504856
12130.993413703794431 21.288311835931231997
12131.044066893220588 21.28322214048073846
12131.094721502269749 21.278130664840478659
12131.145377489992825 21.273037399741642872
12131.196034816006431 21.267942336060762898
12131.246693440511081 21.262845464819235985
12131.297353324316646 21.257746777182752851
12131.34801442886419 21.252646264460654635
12131.398676716247792 21.247543918105190386
12131.449340149238196 21.242439729710703489
12131.500004691301001 21.237333691012732828
12131.550670306623942 21.232225793887014476
12131.601336960129629 21.227116030348387454
12131.652004617502826 21.222004392549617791
12131.702673245206825 21.216890872780190591
12131.753342810507093 21.211775463465020408
12131.804013281484004 21.206658157163094103
12131.854684627056486 21.201538946566035548
12131.905356816996573 21.196417824496592175
12131.956029821953052 21.191294783907011379
12132.006703613464197 21.186169817877321009
12132.057378163977774 21.181042919613528142
12132.108053446867416 21.175914082445871145
12132.158729436445356 21.170783299826997137
12132.209406107980612 21.165650565330096811
12132.260083437713547 21.160515872646971758
12132.31076140287405 21.155379215586243902
12132.361439981692456 21.150240588071380188
12132.412119153415915 21.145099984138752802
12132.462798898326582 21.139957397935432937
12132.513479197750712 21.134812823717066266
12132.564160034084125 21.12966625584576974
12132.614841390799484 21.12451768878764824
12132.665523252469939 21.119367117110702026
12132.716205604776405 21.114214535482485502
12132.766888434523935 21.109059938667581235
12132.817571729648989 21.103903321525152137
12132.868255479233994 21.098744679006493641
12132.918939673510977 21.093584006152511279
12132.969624303874298 21.08842129809140431
12133.020309362889748 21.083256550036082899
12133.070994844303641 21.07808975728158174
12133.121680743050092 21.072920915202452363
12133.172367055258292 21.067750019250141236
12133.223053778261601 21.062577064950328776
12133.273740910604829 21.057402047900261266
12133.324428452053326 21.052224963766139609
12133.375116403600259 21.047045808280433477
12133.425804767482987 21.041864577238889922
12133.476493547183054 21.036681266497886611
12133.52718274743529 21.031495871971770839
12133.577872374235085 21.02630838963010973
12133.628562434842024 21.02111881549493333
12133.67925293778535 21.015927145637984808
12133.729943892871233 21.01073337617797776
12133.780635311188234 21.005537503277835754
12133.8313272051073 21.000339523141931863
12133.882019588290859 20.995139432013349534
12133.932712475698281 20.98993722617112212
12133.983405883585874 20.984732901927493742
12134.034099829515981 20.979526455625620684
12134.084794332362435 20.974317883637176863
12134.135489412316019 20.969107182359536523
12134.186185090888102 20.963894348213038654
12134.236881390917915 20.958679377638269159
12134.287578336568913 20.953462267093367899
12134.338275953343327 20.94824301305133929
12134.388974268078528 20.943021611997387765
12134.439673308959755 20.937798060426068503
12134.490373105520121 20.932572354838519857
12134.541073688651522 20.927344491740182519
12134.591775090606461 20.922114467638209589
12134.642477345005318 20.916882279038819803
12134.693180486836354 20.911647922444725367
12134.743884552464806 20.906411394352634403
12134.794589579638341 20.901172691251041158
12134.845295607496155 20.895931809617696473
12134.896002676572607 20.890688745917248781
12134.946710828804498 20.885443496598703916
12134.997420107538346 20.880196058092963085
12135.048130557530385 20.874946426810399913
12135.098842224959299 20.869694599138444602
12135.14955515742804 20.864440571439228478
12135.200269403971106 20.859184340047661976
12135.250985015069091 20.853925901269171561
12135.30170204265778 20.848665251377052954
12135.352420540135427 20.843402386610154764
12135.403140562371846 20.838137303170611858
12135.453862165712053 20.832869997221592939
12135.50458540798536 20.827600464884799436
12135.555310348516286 20.822328702238337428
12135.606037048126382 20.817054705314543384
12135.656765569148774 20.811778470097888061
12135.70749597543545 20.806499992522962117
12135.758228332368162 20.801219268472383561
12135.808962706869352 20.795936293774747838
12135.859699167407598 20.790651064202613441
12135.910437784017631 20.785363575470512387
12135.96117862830215 20.780073823232999786
12136.011921773453651 20.774781803082703391
12136.062667294258063 20.76948751054836606
12136.113415267116579 20.764190941092881104
12136.164165770058389 20.758892090111459083
12136.214918882747952 20.753590952929830138
12136.265674686508646 20.748287524802528026
12136.316433264335501 20.742981800911199031
12136.367194700911568 20.737673776362790079
12136.417959082627931 20.732363446187875411
12136.468726497596435 20.727050805339043649
12136.51949703567152 20.721735848689309734
12136.570270788466587 20.716418571030580154
12136.621047849374008 20.711098967072139487
12136.671828313583319 20.705777031439200897
12136.722612278101224 20.700452758671477937
12136.773399841778883 20.695126143221823867
12136.824191105326463 20.689797179454892273
12136.874986171340424 20.684465861645854545
12136.925785144327165 20.679132183979181292
12136.976588130724849 20.673796140547437972
12137.027395238932513 20.668457725350172893
12137.07820657933371 20.663116932292826533
12137.129022264323794 20.657773755185711906
12137.179842408339027 20.652428187743048227
12137.230667127889319 20.647080223582403136
12137.281496541590968 20.641729856223800965
12137.332330770197586 20.636377079088784825
12137.383169936634658 20.631021885499702506
12137.434014166034103 20.625664268679361868
12137.484863585770654 20.620304221750583196
12137.535718325503694 20.614941737735552607
12137.586578517211819 20.609576809555512966
12137.637444295238311 20.60420943003020966
12137.688315796323877 20.598839591877602828
12137.739193159653951 20.593467287713636438
12137.790076526895064 20.588092510052103279
12137.840966042243963 20.582715251304591675
12137.891861852469447 20.577335503780524562
12137.942764106959658 20.571953259687276727
12137.993672957769377 20.566568511130402186
12138.044588559669137 20.561181250113932606
12138.09551107020161 20.555791468540796529
12138.146440649730721 20.550399158213494388
12138.197377461498036 20.545004310834791283
12138.248321671684607 20.539606918008331604
12138.299273449469183 20.534206971239470363
12138.350232967090051 20.528804461936356773
12138.401200399915979 20.523399381410953879
12138.452175926509881 20.51799172088027845
12138.503159728699757 20.512581471467637328
12138.554151991644176 20.507168624204052065
12138.605152903906855 20.501753170029790141
12138.656162657529421 20.496335099796027635
12138.707181448109623 20.490914404266685978
12138.758209474877731 20.485491074120343313
12138.809246940780213 20.480065099952316388
12138.860294052567042 20.474636472276877441
12138.911351020871734 20.469205181529623871
12138.962418060309574 20.463771218069997104
12139.013495389566742 20.458334572183954236
12139.064583231496727 20.452895234086806653
12139.115681813218544 20.447453193926204307
12139.16679136622588 20.442008441785279871
12139.217912126487136 20.43656096768593855
12139.269044334558203 20.431110761592332636
12139.32018823569706 20.425657813414559882
12139.371344079978371 20.42020211301252175
12139.422512122418993 20.414743650199977054
12139.47369262310167 20.409282414748673773
12139.524885847309633 20.403818396392797041
12139.576092065661214 20.398351584833644523
12139.627311554251719 20.392881969744212967
12139.678544594795312 20.38740954077423595
12139.729791474775993 20.381934287555477425
12139.781052487598572 20.376456199707227768
12139.832327932746921 20.370975266842062723
12139.883618115949503 20.365491478571819073
12139.934923349344899 20.360004824513826094
12139.986243951658253 20.354515294297378603
12140.037580248383165 20.349022877570487111
12140.088932571965415 20.343527564006862463
12140.140301261997593 20.338029343313369424
12140.191686665415546 20.332528205237721863
12140.243089136713024 20.327024139576344908
12140.294509038147226 20.321517136182585261
12140.345946739969804 20.31600718497506719
12140.397402620656067 20.310494275946378906
12140.448877067134163 20.304978399172224357
12140.500370475032469 20.299459544820944501
12140.551883248932427 20.29393770316338319
12140.603415802621385 20.288412864583140305
12140.654968559367262 20.282885019587208575
12140.706541952195039 20.277354158816976337
12140.758136424168697 20.271820273059653061
12140.809752428691354 20.266283353260124755
12140.861390429814492 20.260743390533285435
12140.913050902550822 20.255200376176812682
12140.964734333203523 20.24965430168443703
12141.016441219702756 20.244105158759694518
12141.068172071960362 20.23855293933021926
12141.119927412226389 20.232997635562568917
12141.171707775469258 20.227439239877782029
12141.223513709759573 20.221877744967386548
12141.275345776675749 20.216313143809941266
12141.327204551711475 20.210745429688241614
12141.379090624712262 20.20517459620717915
12141.431004600310189 20.19960063731229738
12141.482947098389559 20.194023547309235767
12141.53491875455984 20.18844332088370308
12141.58692022064497 20.182859953122196828
12141.638952165194496 20.177273439533554011
12141.691015274003803 20.171683776071343885
12141.743110250659811 20.166090959157209284
12141.795237817106681 20.160494985704978887
12141.847398714220617 20.154895853145724516
12141.899593702415586 20.149293559453809621
12141.951823562267236 20.143688103173953863
12142.004089095153176 20.138079483449335072
12142.056391123920548 20.132467700050810322
12142.108730493575422 20.126852753407316499
12142.161108071999479 20.121234644637489453
12142.213524750686702 20.115613375582679367
12142.265981445512807 20.109988948841067469
12142.318479097522868 20.104361367803004867
12142.371018673753497 20.09873063668780091
12142.423601168078676 20.093096760581921956
12142.476227602088329 20.087459745478710715
12142.528899025995997 20.081819598319661679
12142.581616519577437 20.076176327037476455
12142.634381193149238 20.070529940600668084
12142.687194188574722 20.064880449059941725
12142.740056680308044 20.059227863596419184
12142.792969876476491 20.053572196571916919
12142.84593501999916 20.047913461580794348
12142.8989533897402 20.042251673504011933
12142.952026301703881 20.036586848565310248
12143.005155110280612 20.030919004389655669
12143.058341209520222 20.025248160063906511
12143.111586034459833 20.019574336199834619
12143.16489106249719 20.013897554999619643
12143.218257814809476 20.008217840323897718
12143.271687857823053 20.002535217762751785
12143.325182804730503 19.996849714708964996
12143.378744317064047 19.991161360434372085
12143.432374106321731 19.985470186169131068
12143.486073935651802 19.979776225185432281
12143.539845621600762 19.97407951288243666
12143.593691035906886 19.968380086874990553
12143.647612107359237 19.962677987085967857
12143.701610823723968 19.956973255842090254
12143.755689233721569 19.951265937973243325
12143.809849449078683 19.945556080915725516
12143.864093646650872 19.93984373481951522
12143.918424070605397 19.934128952659932565
12143.972843034685866 19.928411790352800637
12144.027352924538718 19.922692306874242973
12144.081956200128843 19.916970564385174214
12144.136655398211587 19.911246628359634769
12144.191453134899348 19.905520567718056668
12144.246352108286374 19.899792454965478328
12144.301355101166337 19.894062366334782865
12144.356464983822661 19.88833038193496705
12144.411684716906166 19.882596585904654063
12144.467017354387281 19.87686106657096019
12144.52246604659922 19.871123916613804283
12144.57803404335391 19.865385233235830498
12144.633724697152502 19.85964511833802959
12144.689541466468654 19.853903678701151136
12144.745487919120933 19.84816102617300615
12144.801567735721619 19.842417277861695624
12144.857784713203728 19.836672556334367101
12144.914142768424426 19.830926989822682316
12144.970645941850307 19.825180712434161023
12145.027298401309963 19.819433864369578657
12145.084104445817502 19.813686592146360965
12145.141068509457909 19.80793904882792944
12145.198195165341531 19.802191394260404422
12145.255489129605849 19.796443795313145131
12145.312955265460914 19.790696426125297336
12145.370598587274799 19.784949468357648783
12145.428424264691785 19.779203111450005537
12145.486437626761472 19.773457552882646837
12145.544644166080616 19.767712998441908212
12145.603049542920417 19.761969662489448751
12145.661659589328337 19.75622776823504978
12145.720480313199005 19.750487548011886219
12145.77951790224688 19.744749243547449424
12145.838778727911631 19.739013106243703533
12145.898269349178008 19.733279397453863169
12145.957996516257481 19.727548388758595621
12146.017967174118894 19.721820362239846247
12146.078188465831772 19.71609561075149486
12146.138667735684066 19.710374438185834123
12146.199412532045244 19.704657159731187477
12146.260430609931063 19.698944102120659494
12146.321729933228198 19.693235603869780448
12146.383318676536874 19.687532015501592042
12146.445205226569669 19.681833699756019485
12146.507398183062833 19.676141031781362756
12146.56990635913462 19.670454399305022264
12146.632738781048829 19.664774202780677115
12146.695904687294387 19.659100855511205452
12146.759413526937351 19.653434783736980052
12146.823274957168906 19.647776426697497243
12146.88749883998571 19.64212623665099855
12146.95209523790254 19.63648467885351323
12147.017074408615372 19.630852231492500692
12147.082446798556703 19.625229385570882812
12147.148223035253977 19.619616644742716716
12147.21441391841654 19.61401452508384935
12147.281030409623781 19.608423554801390765
12147.348083620578109 19.60284427387904671
12147.415584799835415 19.597277233646984484
12147.483545317891185 19.591722996276033086
12147.551976650573124 19.58618213419198284
12147.620890360656631 19.580655229406556117
12147.690298077659463 19.575142872759172974
12147.760211475750111 19.56964566306724862
12147.830642249775337 19.564164206184965877
12147.901602089299558 19.558699113954197912
12147.973102650619694 19.55325100305875452
12148.045155526793678 19.547820493776363548
12148.117772215713558 19.542408208627115584
12148.190964086254098 19.537014770917625839
12148.264742342413228 19.531640803156641084
12148.339117985624398 19.526286925403024242
12148.412353039586378 19.52107739382003615
12148.484362018603861 19.516015087511714654
12148.555214298834471 19.511091920942519096
12148.624973557571138 19.506300444782894488
12148.693698418144777 19.501633776895431538
12148.761443084371422 19.497085537516163356
12148.828257696031869 19.492649806183884209
12148.894188630572899 19.488321084176661202
12148.959279138925922 19.484094237081791334
12149.023569558105009 19.479964467476975187
12149.087097592597274 19.475927284453469213
12149.14989852603685 19.471978478940069834
12149.212005488634532 19.468114096693536652
12149.27344962045936 19.464330418964976843
12149.334260211047877 19.460623945454464945
12149.394464843349851 19.456991377744394356
12149.454090067772995 19.453429571958608335
12149.513160416261599 19.44993559168799635
12149.571699076333971 19.446506660874664618
12149.629727939176519 19.443140155369814437
12149.687267701739984 19.439833591726049633
12149.744338072689061 19.436584610597083866
12149.800957556350113 19.433390984625045661
12149.857143700426604 19.430250599988120541
12149.912913128209766 19.427161450731897929
12149.968281596235101 19.424121631927175002
12150.023264055065738 19.421129332942950185
12150.077874667811557 19.418182833272936705
12150.132126895894544 19.415280494934801681
12150.186033732690703 19.41242074738991974
12150.239607077572145 19.40960211820167558
12150.292858508913923 19.406823189456421375
12150.345799087872365 19.404082606219542839
12150.398439286000212 19.401379078220216456
12150.450789122580318 19.398711370785015617
12150.502857422965462 19.396078340445388477
12150.554653158404108 19.393478864848173515
12150.606184873795428 19.390911870682991491
12150.65746076195137 19.388376328499902002
12150.708488260426748 19.385871271092184998
12150.759274760988774 19.383395757044411312
12150.809827903012774 19.380948855878322945
12150.860154657722887 19.378529691713929139
12150.910261658335003 19.37613742585240928
12150.960155289178147 19.373771251452541975
12151.009841601891821 19.371430396532780094
12151.059326563088689 19.369114111387414567
12151.108616404657369 19.366821651722332831
12151.157716916792197 19.364552311126267625
12151.206633620246066 19.362305412064412025
12151.255372015300964 19.360080293713011201
12151.303937350852721 19.357876321942097064
12151.352334685516325 19.355692885804657521
12151.400569080215064 19.353529388268864153
12151.44864543067888 19.351385253279200782
12151.496568424030556 19.349259927088343858
12151.544342699729896 19.34715287055740518
12151.591972816124326 19.345063560212210518
12151.63946320665309 19.342991489713956099
12151.68681824923442 19.340936166383187356
12151.734042105492335 19.338897117745094789
12151.781138808886681 19.33687388720902689
12151.828112269497069 19.334866033435538668
12151.8749663169001 19.332873128107422644
12151.921704680968105 19.330894756388893541
12151.968331100521027 19.32893051199894785
12152.014849167328066 19.326980003495044969
12152.061262362567504 19.325042852368522261
12152.107573995504936 19.323118695248272303
12152.153787224946427 19.321207182632221588
12152.199905154378939 19.319307974628767255
12152.245930676677744 19.317420747058463348
12152.2918665968391 19.315545186074746908
12152.337715618972652 19.313680988432082586
12152.383480332284307 19.311827861790565208
12152.429163228909601 19.309985523734219726
12152.474766728553732 19.308153700542725062
12152.520293185787523 19.30633212668731602
12152.565744976533097 19.3045205411903531
12152.61112435983523 19.302718692974856651
12152.656433521806321 19.300926338901934542
12152.701674638923578 19.299143241094125045
12152.746849816860049 19.29736916919702594
12152.791961108112446 19.295603899515974433
12152.837010632540114 19.293847210167324846
12152.882000484236414 19.292098884620102694
12152.926932925987785 19.29035870404673858
12152.971810337750867 19.288626449306168098
12153.016635146019325 19.286901903620034204
12153.061409908434143 19.285184849251969297
12153.106137336497341 19.283475066612691506
12153.150820348484558 19.281772332231643219
12153.195462156310896 19.280076415476468554
12153.240066355185263 19.278387075224561187
12153.284636752712686 19.276704066413572036
12153.329177131161487 19.275027148984868575
12153.373690826903839 19.273356103522715443
12153.418180382850551 19.27169074390040393
12153.462647852435111 19.270030905436261293
12153.507095025661329 19.268376436158039411
12153.551523726830055 19.266727185562078972
12153.5959358748878 19.265083002334780105
12153.640333451328843 19.263443735519281574
12153.684718415517636 19.261809237597088185
12153.729092378871428 19.260179376367144499
12153.773457089369913 19.258554016995077518
12153.817814181877111 19.256933031134810363
12153.862165090615235 19.255316300010292707
12153.906511115874309 19.253703711852331537
12153.950853446191104 19.252095160988922373
12153.995193135700902 19.250490548571448812
12154.039531133634227 19.248889781411570254
12154.083868334852014 19.247292770079834412
12154.12820567111703 19.245699425569213759
12154.172543651930027 19.244109675719528241
12154.216882987469944 19.242523442752169416
12154.26122432471675 19.240940652727402949
12154.305568284911715 19.239361234154831237
12154.349915473803776 19.237785117588661166
12154.394266478664576 19.236212235697546902
12154.43862189547508 19.234642522267240139
12154.482982324061595 19.233075912346599523
12154.527348321893442 19.231512343847590785
12154.571720409179761 19.229951757323160422
12154.616099115932229 19.228394094276801241
12154.660484952368279 19.226839298175878668
12154.704878366545017 19.225287315898576423
12154.749279763094819 19.223738097034495098
12154.793689505029761 19.222191593783108488
12154.838107907220547 19.220647761142792831
12154.882535227001426 19.219106557197793705
12154.92697166414473 19.21756794307822247
12154.971417355516678 19.216031883104729872
12155.015872383119131 19.214498344470467117
12155.060336777843986 19.212967297074708739
12155.104810510829338 19.21143871378443535
12155.149293497577673 19.209912570255792019
12155.193785596049565 19.208388844964019881
12155.238286614241588 19.206867518909682246
12155.282796321160276 19.205348575212131124
12155.327314443025898 19.203831999210663639
12155.371840662668546 19.202317778455835651
12155.416374622145668 19.200805902592282592
12155.460915928726536 19.199296363128645737
12155.505464146594022 19.19778915369277783
12155.550018811720292 19.196284269502715603
12155.59457946076509 19.194781706370264374
12155.639145606064631 19.193281461528368226
12155.683716722094687 19.191783534064445149
12155.7282922486811 19.190287924788503204
12155.772871640603626 19.188794634549562801
12155.817454401298164 19.187303663100156115
12155.862040028963747 19.185815010894138766
12155.906627966791348 19.184328680729635153
12155.951217656480367 19.182844675941414181
12155.995808549276262 19.181363000021161014
12156.040400088875685 19.179883657173810718
12156.084991664260087 19.178406653863998343
12156.129582584237141 19.17693199963072459
12156.174172386297869 19.175459696864106007
12156.218760560846931 19.173989749936961147
12156.263346762631045 19.172522158226581013
12156.307930711072913 19.171056919417591047
12156.352512203324295 19.169594029078595554
12156.397091123224527 19.168133480376297939
12156.441667436172793 19.166675264253250077
12156.486241238408184 19.165219367828214558
12156.530812738703389 19.163765775013757775
12156.57538227508303 19.162314465988682599
12156.619950322896329 19.16086541695657175
12156.664517498100395 19.159418600061801641
12156.709084577632893 19.157973982753375708
12156.75365207998766 19.156531541377940897
12156.798220983704596 19.155091237904645851
12156.842792492616354 19.153653027596618585
12156.887367998235277 19.152216860266761955
12156.931949095866003 19.15078267979528448
12156.976537596527123 19.149350423787069531
12157.021135540606338 19.147920023176776994
12157.065745211453759 19.146491401840464164
12157.110369155578155 19.14506447600023975
12157.155010195338036 19.14363915387446724
12157.199671437061625 19.142215335477942517
12157.244356290442738 19.140792912065794695
12157.28906848969018 19.139371765528057523
12157.333812078770279 19.137951768929525542
12157.378591422224417 19.136532786236116976
12157.423411258785563 19.135114670692271233
12157.468276662888456 19.133697266121874492
12157.513193060374761 19.132280406511213755
12157.558166232431176 19.130863915967662336
12157.603202180955122 19.129447613035431175
12157.648306919239985 19.128031317316580129
12157.693486453317746 19.126614850060061457
12157.738746896318844 19.125198030585412567
12157.784094430402547 19.123780677501372338
12157.829535254979419 19.122362610342126032
12157.875075523936175 19.120943651531781882
12157.920721309084911 19.119523627516610276
12157.966478593532884 19.118102368958417969
12158.012353250132946 19.116679711389799934
12158.058351040408525 19.115255495229710903
12158.104477746484918 19.113829561691094483
12158.150739066522874 19.112401756022023847
12158.19714062609637 19.110971927146326976
12158.243688076989201 19.109539924621369522
12158.290387067881966 19.108105599557685395
12158.337243335028688 19.106668801854429063
12158.384262704777939 19.105229380159716612
12158.431451176442351 19.10378717937949844
12158.478815013895655 19.102342037947259712
12158.526360771369582 19.100893787125947654
12158.574095289817706 19.099442251214806987
12158.622025715241762 19.097987247091165131
12158.670159545452407 19.096528582899601645
12158.718504608441435 19.095066058825885591
12158.767069223120416 19.093599462364810648
12158.815862082743479 19.092128571995438335
12158.86489205890939 19.090653163211111831
12158.914168339548269 19.08917300446608678
12158.963700291715213 19.087687861414668333
12159.013497529100277 19.086197494987761303
12159.063569988491508 19.084701659227789605
12159.11392777293986 19.083200106103475946
12159.164581084069141 19.081692587625568081
12159.215540087599948 19.080178859925418067
12159.26681506940804 19.078658678684881522
12159.318416102401898 19.077131809084317382
12159.370352646148604 19.075598037620892455
12159.422633705160479 19.07405716733764578
12159.475267692463603 19.072509021766222759
12159.528262286965401 19.070953449001137869
12159.581624287129671 19.069390325826773847
12159.635359469964897 19.06781956163079883
12159.689472418020159 19.06624110319078369
12159.743966355961675 19.064654939108862663
12159.798843017757463 19.063061103285857456
12159.854102523338952 19.061459678057321554
12159.909743315587548 19.059850795524749145
12159.965762111249205 19.05823463844443566
12160.022153788499054 19.056611442900859288
12160.078911541559137 19.054981493256779146
12160.136026655511159 19.053345128015301668
12160.193488363845972 19.051702743209428803
12160.251284233065235 19.050054780702069479
12160.3094003084625 19.048401723410368191
12160.367821300034848 19.046744089436653979
12160.426530800434193 19.045082425358256017
12160.485511516129918 19.04341729922481008
12160.544745540228178 19.041749292474467126
12160.604214567638337 19.040078993578688937
12160.663900205467144 19.038406989113340728
12160.723783989202275 19.036733863174397641
12160.783847872357001 19.03506018362616814
12160.844074764594552 19.033386487226302108
12160.904448409772158 19.03171328326935452
12160.964953848566438 19.030041041049393868
12161.025577251475625 19.028370194873321708
12161.086305350709154 19.026701160016173731
12161.147126159683467 19.025034313181375722
12161.208029256840746 19.023369985194729992
12161.26900538796508 19.021708472386723798
12161.330046504852362 19.020050035958540491
12161.391145726300238 19.018394903476707469
12161.452297277010075 19.016743270953718081
12161.513496483221388 19.015095303382096859
12161.57473972554908 19.013451136421348764
12161.636024220935724 19.011810882636591913
12161.697348011615759 19.010174632121298544
12161.758709876870853 19.008542455171344443
12161.82010915167848 19.006914407385306021
12161.881545686032041 19.005290530966568951
12161.943019883676243 19.003670853919388151
12162.004533710172836 19.002055363853553871
12162.066096943028242 19.000443845317587233
12162.127752612026597 18.998835220534385115
12162.189569922498777 18.99722774766752309
12162.251518078239314 18.995622297107640719
12162.313490383001408 18.994021686220261103
12162.375438176459284 18.992427203893548437
12162.437358742561628 18.990838945543202954
12162.499252521658491 18.989256925276883692
12162.561121383878344 18.987681121201084977
12162.622968279485576 18.986111484924716564
12162.684796976864163 18.98454794866973927
12162.746611898222909 18.982990429787456321
12162.808418005281055 18.981438833937847477
12162.8702207037677 18.979893057740756745
12162.932024539977647 18.978353021421529689
12162.99383320745801 18.9768186682626947
12163.055652078990533 18.975289901721733798
12163.117486248591376 18.973766634385860641
12163.179340799537385 18.972248781296705999
12163.241220829557278 18.970736259352143804
12163.303131480852244 18.96922898660539758
12163.365078215425456 18.967726875645972484
12163.427066714662942 18.966229836199790526
12163.489102750874736 18.964737778346357544
12163.551192091481425 18.963250614881065559
12163.613340325102399 18.961768265480102968
12163.675552794178657 18.960290658234949746
12163.737834897805442 18.958817722407932393
12163.800191572789117 18.957349400680453044
12163.862627105874708 18.955885653333059082
12163.92514595583998 18.954426438784967246
12163.987753114291991 18.952971705338377717
12164.050454268397516 18.951521387724167056
12164.113255869851855 18.950075405911551485
12164.176165115519325 18.948633665990140429
12164.239189765654373 18.947196064744868949
12164.302337393446578 18.945762507000978303
12164.365615266260647 18.944332908245542058
12164.429030612034694 18.942907188530647034
12164.492590141784603 18.941485283151607177
12164.556299798099644 18.940067147985587326
12164.620164742391353 18.938652759378591384
12164.684189341474848 18.93724211402793145
12164.74837713852321 18.935835229186054107
12164.812730785524764 18.934432143669663873
12164.87725206396135 18.933032916901392895
12164.941941956116352 18.931637626863398793
12165.006800798779295 18.930246366326098695
12165.071828289619589 18.928859242308785582
12165.137023993629555 18.927476364957765753
12165.202387003615513 18.926097854573612267
12165.267915427501066 18.924723852006525959
12165.333606885536938 18.923354507675050229
12165.39945856443228 18.921989980094590322
12165.465467275484116 18.920630434356844773
12165.531629601997338 18.919276038824190067
12165.597941937452561 18.917926964146658975
12165.664400446878062 18.916583383852120903
12165.731001236741577 18.91524547072840079
12165.797740429412443 18.913913395232931691
12165.864613945732344 18.912587329728651753
12165.931617733680469 18.911267443791160758
12165.998747990000993 18.90995389983169872
12166.066000989176246 18.908646856502475231
12166.133373094226044 18.907346468470880296
12166.200860753559027 18.906052886470252616
12166.268460516565028 18.904766256994282259
12166.336169015183259 18.903486722646480445
12166.403982948762859 18.90221442241475458
12166.471899104175463 18.900949491281515691
12166.53991427987421 18.899692061621184536
12166.608025243298471 18.898442263927307749
12166.676228811131296 18.897200225276794328
12166.744522272589165 18.895966061687708759
12166.812902970972573 18.894739885869586971
12166.88136797545485 18.8935218130272915
12166.949914691536833 18.892311949886980926
12167.018540969522292 18.891110392993720524
12167.087245346443524 18.889917224796796802
12167.156027145339976 18.888732512392280682
12167.224886386533399 18.887556309553573897
12167.293823755964695 18.886388657728392815
12167.362840389458142 18.885229590091146434
12167.431937669467516 18.884079135205698918
12167.501117099842304 18.882937319232826923
12167.570380191844379 18.881804167847061393
12167.63972837296933 18.880679707687477276
12167.709162995555744 18.879563966133087405
12167.778685320947261 18.878456971473717374
12167.848296470487185 18.877358753588307394
12167.917997470516639 18.87626934311814253
12167.987789317974602 18.87518877036273679
12168.057672948163599 18.874117065727649134
12168.12764916553715 18.873054260703725049
12168.197718602568784 18.87200038836578031
12168.267881929710711 18.870955480115235048
12168.338139782339567 18.869919566756635732
12168.408492628785098 18.868892680371953219
12168.478940959954343 18.867874851456676311
12168.549485133484268 18.866866111140744522
12168.620125251454738 18.865866492799874266
12168.69086133163546 18.864876029471236762
12168.761693314108925 18.863894753691571538
12168.832620972694713 18.862922698640371522
12168.903643974805163 18.861959897204140901
12168.974761905978085 18.86100638156631959
12169.045974294109328 18.860062182824268717
12169.117280655944342 18.859127330338750994
12169.188680472527267 18.858201852041538871
12169.260173163047511 18.85728577474265677
12169.33175816333096 18.856379123097713801
12169.403434771678803 18.855481921543837842
12169.475202089937738 18.854594194927678075
12169.547059241169336 18.853715965722173564
12169.619005260758058 18.852847255356426359
12169.691039139286659 18.851988083651971095
12169.763159795076717 18.851138469121501373
12169.835366286637509 18.850298426471734814
12169.907657694251611 18.849467968070943158
12169.980032544472124 18.848647110464426646
12170.052489277242785 18.847835868792031988
12170.125026589505069 18.847034252972449053
12170.197643067331228 18.846242271895619069
12170.27033720851432 18.845459933122828744
12170.343107670900281 18.844687240227962377
12170.415952944294986 18.843924196350801736
12170.488871144470977 18.843170806216583912
12170.561860342253567 18.842427072568678881
12170.634918925441525 18.84169299255749408
12170.708045364606733 18.840968560300698442
12170.781238089391991 18.840253768173539584
12170.854496038036814 18.839548601562547958
12170.927818179574388 18.838853043753580607
12171.00120296854584 18.838167081045011031
12171.074648786039688 18.83749069839854684
12171.148154131420597 18.836823877700187069
12171.221717639533381 18.836166597727210359
12171.295338369209276 18.835518831760101222
12171.369015027899877 18.83488055457235788
12171.44274603924714 18.834251741658398771
12171.516530208797121 18.833632363539031473
12171.590365065829246 18.833022399644629985
12171.664247778135177 18.832421830135679386
12171.738177406588875 18.831830617833389852
12171.812153604423656 18.831248719654720247
12171.88617556904137 18.83067609507508422
12171.960242494456907 18.830112702455487295
12172.034353657312749 18.82955849843956031
12172.108508283268748 18.82901343901651714
12172.182705557355803 18.828477479450846488
12172.256944708989977 18.82795057369514069
12172.331224960604231 18.827432674809166713
12172.405545526036803 18.826923735002417004
12172.479905678897921 18.826423705208139125
12172.554304680768837 18.825932535624755104
12172.628741734413779 18.825450176043410977
12172.703215951867605 18.824976576047696142
12172.777726420610634 18.824511684584745552
12172.852272348336555 18.824055449107849114
12172.926852961432814 18.823607816284845029
12173.001467351468818 18.823168732935794623
12173.076114621177112 18.822738145152172251
12173.150793939708819 18.82231599802614852
12173.225504406173059 18.821902236468687875
12173.300244901640326 18.821496805995419521
12173.375014317898604 18.821099651433328859
12173.44981176334295 18.820710715900439425
12173.524636663181809 18.820329940453099482
12173.5994885240234 18.819957265447019523
12173.674366601855581 18.819592632206585847
12173.749270325297402 18.819235980923007645
12173.824199024726113 18.818887252020392253
12173.89915179799209 18.818546386733142839
12173.974127743427744 18.818213325987578344
12174.049125830559205 18.817888010984688663
12174.124145052590393 18.817570382523697958
12174.199184471677654 18.817260380857771196
12174.274243100937383 18.816957946225954856
12174.349320007404458 18.816663018455731304
12174.424414346651247 18.816375536885487918
12174.499525290957536 18.816095440697928609
12174.574652017663539 18.815822668993980926
12174.649793718681394 18.815557160784958768
12174.724949805546203 18.815298854327508593
12174.800119874767915 18.815047687364266693
12174.875303306003843 18.814803598516306238
12174.950499305978155 18.814566527062265067
12175.025707386415888 18.814336411437015073
12175.100927083774877 18.814113190209926785
12175.176157698388124 18.813896802850983647
12175.251398637174134 18.8136871887010102
12175.326649400105453 18.81348428707223519
12175.401909387692285 18.813288037798322705
12175.477177878383372 18.81309838126131595
12175.55245427707996 18.812915257759737386
12175.627738111663348 18.812738607585778539
12175.703027759936958 18.81256837391512704
12175.77832179908728 18.812404499455379181
12175.853620132242213 18.812246924239317991
12175.92892264004513 18.812095588844552907
12176.004229180622133 18.811950434391395248
12176.079539590731656 18.811811402538314297
12176.154853722520784 18.811678435416304467
12176.23017142108074 18.811551475678086831
12176.305492498660897 18.811430466541139594
12176.380816768991281 18.811315351728715939
12176.456144051246156 18.811206075469520727
12176.53147417305081 18.811102582500016211
12176.606806972507911 18.811004818068777666
12176.682142299547195 18.810912727942156408
12176.757480016965928 18.810826258410280332
12176.832820000669017 18.810745356293747221
12176.908162140063723 18.810669968949778053
12176.983506328386284 18.810600044287067334
12177.058852486443357 18.810535530748534683
12177.134200559470628 18.810476377323979591
12177.209550492392736 18.810422533575483328
12177.284902242505268 18.810373949629116908
12177.360255780111402 18.810330576178071027
12177.435611088534642 18.81029236448595654
12177.510968188367769 18.810259266379890875
12177.586327121263821 18.810231234266751699
12177.661687915660877 18.810208221147163954
12177.73705060253269 18.810190180604898558
12177.812415224334472 18.810177066802275192
12177.887781834591806 18.810168834480805344
12177.963150497629613 18.810165438961519158
12178.038521286840478 18.810166836144833979
12178.113894287242147 18.810172982510096062
12178.189269594820871 18.810183835115175555
12178.264647311825684 18.810199351594665274
12178.340027548862054 18.81021949015819672
12178.415410427183815 18.810244209589370712
12178.490796076175684 18.810273469243348643
12178.566184631154101 18.810307229043566224
12178.641576234098466 18.810345449479168423
12178.716971032768924 18.810388091601637939
12178.792369180537207 18.810435117021484075
12178.867770836330237 18.810486487904892527
12178.943176163827957 18.8105421669697499
12179.018585330926726 18.810602117481803219
12179.093998508722507 18.810666303249970355
12179.169415871449019 18.810734688622101629
12179.244837596459547 18.81080723848086933
12179.320263943174723 18.810883918322208075
12179.395695169841929 18.810964694181215862
12179.471131453490671 18.811049532534465101
12179.546572972572903 18.811138400372851009
12179.622019905687921 18.811231265195669238
12179.697472436742828 18.811328095012800787
12179.772930750199521 18.811428858335116132
12179.848395024091587 18.811533524160022779
12179.923865514694626 18.811642062089468652
12179.999342481520216 18.81175444223198312
12180.074826670836046 18.811870635955571629
12180.150318788833829 18.811990615154165596
12180.225818939910823 18.81211435129731413
12180.301327229311937 18.812241816309139608
12180.376843763231591 18.81237298256544932
12180.452368648659103 18.812507822890513154
12180.527901993340492 18.812646310554097084
12180.603443905063614 18.812788419267210571
12180.67899449223296 18.812934123180323098
12180.75455386505746 18.813083396883090614
12180.830122135868805 18.813236215402756812
12180.905699417367941 18.813392554198401285
12180.981285872599983 18.813552389265371545
12181.056881665401306 18.813715697035835461
12181.132486910059015 18.813882454264305721
12181.208101721746061 18.814052638128746509
12181.283726216335708 18.814226226228178973
12181.359360221538736 18.814403195898314891
12181.435003580123521 18.814583524875686749
12181.510656438133083 18.814767192005813712
12181.586318941541322 18.814954176551562881
12181.661991236323956 18.815144458191287669
12181.737673468544017 18.815338017017264605
12181.813365784619236 18.815534833534581338
12181.889068331180169 18.815734888659108037
12181.96478125485919 18.815938163715138387
12182.040504702581529 18.81614464043434154
12182.116238821648949 18.816354300954266421
12182.191983759694267 18.816567127816554716
12182.26773966467772 18.816783103965292412
12182.343506685492684 18.817002212747279799
12182.419284971256275 18.817224437908421919
12182.495074671331167 18.817449763592172474
12182.570875935920412 18.817678174339704356
12182.646688914659535 18.817909655084044118
12182.722513756236367 18.818144191147116118
12182.798350608703913 18.818381768238911178
12182.874199619458523 18.818622372455585889
12182.950060974526423 18.818865990404695765
12183.025934857783795 18.819112609077713216
12183.101821411204583 18.819362215716409992
12183.177720774947375 18.819614797937187944
12183.253633087766502 18.81987034373046086
12183.329558485798771 18.82012884145451892
12183.405497129586365 18.820390279926879629
12183.481449241569862 18.820654648558427624
12183.557415010360273 18.820921937024785109
12183.633394501679504 18.82119213493974641
12183.709387856286412 18.821465232545556034
12183.785395264168983 18.821741220631178493
12183.8614168289605 18.822020090040240348
12183.937452643935103 18.822301831936172789
12184.01350279475264 18.822586437808894289
12184.089567358383647 18.822873899467658987
12184.1656466626373 18.823164210032814481
12184.241741018417088 18.823457362943376125
12184.317850451527192 18.823753350904055992
12184.393974975453602 18.824052166907218719
12184.470114598481814 18.824353804257324185
12184.546269315756945 18.824658256536363155
12184.622439109027255 18.82496551759892256
12184.698624007824037 18.825275581817887627
12184.774824024490954 18.825588443823459528
12184.851039092523934 18.825904098242023821
12184.927269130159402 18.82622253994718875
12185.003514040230584 18.826543764054868291
12185.079773710491281 18.826867765920379583
12185.15604801196605 18.827194541126832661
12185.232336798979304 18.827524085480281002
12185.308639910414058 18.827856395010751811
12185.384957169058907 18.828191465965016249
12185.461288381218765 18.828529294797995419
12185.537633337789885 18.82886987817212443
12185.613991814916517 18.829213212956087631
12185.690363707550205 18.829559296828225712
12185.7667488926636 18.829908127668975482
12185.84314709631326 18.830259702942392153
12185.919558031657289 18.830614020310314061
12185.995981399386437 18.83097107763036604
12186.07241688879003 18.831330872957195766
12186.148864178790973 18.831693404543525361
12186.22532293911172 18.832058670841625769
12186.301792831060084 18.832426670503902955
12186.378273508387792 18.832797402384152008
12186.454764618785703 18.833170865542086858
12186.531265805144358 18.833547059247042199
12186.607776706796358 18.833925982981813974
12186.684296960722349 18.834307636446663281
12186.760826202742464 18.834692019564148069
12186.837364068866009 18.835079132484306541
12186.913910155391932 18.835468975379285439
12186.990464064287153 18.835861548668408005
12187.067025477595962 18.836256853403256173
12187.143594080642288 18.836654890879746205
12187.220169533648004 18.837055662488339181
12187.296751509324167 18.83745916990696756
12187.373339700772704 18.837865415143909331
12187.449934849661076 18.838274406048270748
12187.526537607742284 18.838686150354991611
12187.603147510322742 18.839100650095954137
12187.679764109090684 18.839517907590451529
12187.756386972605469 18.839937925449468992
12187.833015686672297 18.840360706579620143
12187.909649854507734 18.840786254185989179
12187.986289096894325 18.841214571775015685
12188.062933052167864 18.841645663156608492
12188.139579328719265 18.842079520819673633
12188.216225710672006 18.842516138169933981
12188.292872196647295 18.842955521283535347
12188.369518785275432 18.843397676490827308
12188.446165475197631 18.843842610376093205
12188.522812265064204 18.844290329777436455
12188.599459153532734 18.844740841786826735
12188.676106139275362 18.845194153750071564
12188.752753220973318 18.845650273267143149
12188.829400397316931 18.846109208192658002
12188.906047667009261 18.846570966636495115
12188.982695028764283 18.847035556964559788
12189.059342481306885 18.847502987799668261
12189.135990023372869 18.847973268022222726
12189.212637653712591 18.84844640677140859
12189.289285371085498 18.848922413446551616
12189.365933174265592 18.849401297708606506
12189.442581062037789 18.849883069481776943
12189.519229033199736 18.850367738955281283
12189.595877086559994 18.850855316585224841
12189.672525220941679 18.85134581309658941
12189.749173435182456 18.851839239485325805
12189.825821728129085 18.852335607020556552
12189.90247009864288 18.852834927246846064
12189.979118545597885 18.853337211986580968
12190.055767067880879 18.853842473342385944
12190.132415664393193 18.854350723699599968
12190.209064334047071 18.854861975728773871
12190.285713075771127 18.855376242388192765
12190.362361888504893 18.855893536926373599
12190.439010771200628 18.856413872884537852
12190.515659722825148 18.856937264099045137
12190.592308742358 18.857463724703624308
12190.668957828793282 18.857993269131632985
12190.745606981136007 18.85852591211822471
12190.822256198405739 18.859061668702416625
12190.898905479634777 18.859600554229000835
12190.975554823868151 18.860142584350253259
12191.052204230165444 18.860687775027525248
12191.128853697597151 18.861236142532657567
12191.205503225248322 18.861787703449042652
12191.282152812216736 18.862342474672622927
12191.358802457611091 18.862900473412690161
12191.435452160554632 18.863461717192464562
12191.512101920183341 18.864026223849762687
12191.588751735644109 18.864594011537647589
12191.665401606098385 18.865165098724379078
12191.742051530718527 18.865739504192930553
12191.818701508687809 18.866317247040377936
12191.895351539205876 18.866898346677093201
12191.972001621479649 18.867482822825575539
12192.048651754730599 18.868070695519133295
12192.125301938189295 18.868661985100349199
12192.201952171100857 18.869256712218852812
12192.278602452721316 18.869854897829661411
12192.355252782317621 18.87045656319154574
12192.431903159165813 18.87106172986511865
12192.508553582554669 18.871670419710707023
12192.585204051782057 18.872282654886145536
12192.6618545661604 18.87289845784436082
12192.738505125007578 18.873517851330621653
12192.815155727654201 18.874140858379526264
12192.891806373439977 18.874767502312018053
12192.968457061717345 18.875397806731914585
12193.045107791844202 18.876031795522919765
12193.121758563191179 18.876669492844683873
12193.19840937513618 18.87731092312863268
12193.275060227068025 18.877956111073544321
12193.351711118382809 18.878605081640877472
12193.428362048489362 18.87925786005022033
12193.505013016800149 18.879914471774139173
12193.58166402274037 18.880574942532696525
12193.658315065742499 18.881239298287763262
12193.73496614524629 18.881907565237039393
12193.811617260700586 18.882579769807726677
12193.888268411563331 18.883255938650030714
12193.96491959729974 18.883936098630321965
12194.041570817382308 18.884620276823934404
12194.118222071290802 18.885308500507608898
12194.194873358512268 18.88600079715171276
12194.271524678544665 18.886697194412231937
12194.34817603088959 18.887397720122446998
12194.424827415055915 18.888102402284523862
12194.501478830561609 18.888811269060671094
12194.578130276930096 18.889524348764062722
12194.654781753692077 18.890241669849455519
12194.731433260385529 18.890963260903678389
12194.808084796553885 18.891689150635766481
12194.884736361747855 18.892419367866882141
12194.961387955523605 18.893153941519958749
12195.03803957744276 18.893892900609266405
12195.114691227076037 18.894636274229792861
12195.191342903997793 18.895384091546475247
12195.26799460778966 18.896136381783318114
12195.344646338038729 18.896893174212365807
12195.421298094335725 18.897654498142603785
12195.497949876280472 18.898420382908746262
12195.57460168347643 18.899190857860009629
12195.651253515530698 18.899965952348804166
12195.727905372059467 18.900745695719468387
12195.804557252682571 18.901530117296939437
12195.881209157025296 18.902319246375483885
12195.957861084716569 18.90311311220756707
12196.034513035390773 18.903911743992729555
12196.111165008687749 18.904715170866634111
12196.187817004254612 18.905523421890194413
12196.264469021738478 18.90633652603882453
12196.341121060793739 18.907154512191972628
12196.417773121080245 18.90797740912273639
12196.494425202261482 18.908805245487748437
12196.571077304004575 18.909638049817456107
12196.647729425982106 18.910475850506585971
12196.724381567872115 18.91131867580491388
12196.801033729354458 18.912166553808237524
12196.877685910114451 18.913019512449757542
12196.954338109841046 18.913877579491895631
12197.030990328228654 18.914740782518567386
12197.107642564975322 18.915609148927892136
12197.184294819782735 18.916482705925194097
12197.260947092356218 18.91736148051646893
12197.337599382404733 18.918245499502248208
12197.414251689642697 18.919134789471900859
12197.490904013786349 18.920029376798304099
12197.567556354557382 18.920929287632908711
12197.644208711681131 18.921834547901237755
12197.720861084884746 18.922745183298744109
12197.797513473902654 18.923661219287161828
12197.874165878467466 18.924582681091074221
12197.950818298320883 18.925509593694822996
12198.027470733204609 18.926441981839651874
12198.104123182865806 18.927379870021141528
12198.104123182865806 18.927379870021141528
12198.104123182865806 18.927379870021141528
12198.104123182865806 18.927379870021141528
12198.104123182865806 18.927379870021141528
12198.104123182865806 18.927379870021141528
12198.180775647053451 18.928323282486587686
12198.257428125520164 18.929272243232848183
12198.334080618022199 18.930226776004300149
12198.410733124319449 18.931186904290946416
12198.487385644175447 18.932152651326571657
12198.564038177357361 18.933124040086941164
12198.64069072363236 18.934101093287960538
12198.717343282774891 18.93508383338381762
12198.793995854559398 18.936072282565081792
12198.870648438765784 18.937066462756696694
12198.947301035175769 18.938066395615830828
12199.023953643572895 18.939072102529539876
12199.100606263747977 18.940083604612237167
12199.177258895490013 18.94110092270292256
12199.253911538593456 18.942124077362173296
12199.330564192854581 18.943153088868861289
12199.407216858075117 18.944187977216532914
12199.483869534054975 18.945228762109540099
12199.560522220601342 18.9462754629587522
12199.637174917523225 18.947328098876859315
12199.71382762462963 18.948386688673362954
12199.790480341735019 18.94945125084912263
12199.867133068657495 18.950521803590483216
12199.943785805215157 18.951598364763007964
12200.020438551229745 18.952680951904788742
12200.097091306526636 18.953769582219351264
12200.173744070931207 18.954864272568180183
12200.250396844274292 18.95596503946279654
12200.327049626388543 18.957071899056440856
12200.403702417108434 18.958184867135354779
12200.480355216272073 18.959303959109714555
12200.557008023717572 18.960429190004184363
12200.633660839288495 18.961560574448142802
12200.710313662830231 18.962698126665564757
12200.786966494188164 18.963841860464608402
12200.863619333213137 18.96499178922690021
12200.940272179755993 18.966147925896553517
12201.016925033671214 18.967310282968991686
12201.093577894815098 18.96847887247957587
12201.170230763047584 18.969653705992293169
12201.24688363822861 18.970834794588082417
12201.323536520219932 18.972022148853078249
12201.400189408888764 18.973215778866830306
12201.47684230410232 18.974415694190383874
12201.553495205729632 18.97562190385445291
12201.630148113643372 18.976834416347557521
12201.706801027718029 18.978053239604225411
12201.783453947828093 18.979278380993299891
12201.860106873851691 18.98050984730635804
12201.936759805668771 18.981747644746270964
12202.013412743161098 18.982991778916034065
12202.090065686212256 18.984242254807750072
12202.166718634709468 18.985499076791736428
12202.243371588538139 18.986762248606016357
12202.320024547589128 18.988031773346111919
12202.396677511755115 18.989307653455153257
12202.473330480926961 18.99058989071432535
12202.549983455000984 18.991878486233648715
12202.6266364338735 18.993173440443197109
12202.703289417444466 18.99447475308472022
12202.779942405612019 18.995782423203678491
12202.856595398277932 18.997096449141729124
12202.933248395347618 18.998416828529769873
12203.009901396724672 18.999743558281416256
12203.086554402316324 19.00107663458692997
12203.163207412031625 19.002416052907744159
12203.239860425779625 19.003761807971478959
12203.316513443473013 19.005113893767472177
12203.393166465022659 19.006472303542867763
12203.469819490344889 19.007837029799237172
12203.546472519354211 19.009208064289648377
12203.623125551968769 19.010585398016448977
12203.69977858810671 19.011969021229603527
12203.776431627687998 19.01335892342558509
12203.853084670634416 19.014755093346892068
12203.929737716867749 19.016157518982154784
12204.006390766313416 19.017566187566842473
12204.083043818895021 19.018981085584528046
12204.159696874539804 19.020402198768731949
12204.236349933175006 19.021829512105366433
12204.313002994729686 19.023263009835464032
12204.389656059134722 19.024702675458193823
12204.466309126320994 19.026148491735106916
12204.542962196219378 19.027600440694943273
12204.619615268764392 19.02905850363901763
12204.696268343888732 19.030522661147145413
12204.772921421528736 19.031992893084119345
12204.849574501620737 19.033469178606587491
12204.926227584101071 19.034951496170656071
12205.002880668909711 19.036439823539978988
12205.079533755984812 19.03793413779441579
12205.156186845264529 19.039434415339428597
12205.232839936690652 19.040940631915749037
12205.309493030204976 19.042452762609467953
12205.386146125751111 19.04397078186257275
12205.462799223270849 19.045494663483964359
12205.539452322707803 19.047024380660875664
12205.616105424007401 19.048559905970734007
12205.692758527113256 19.050101211393403844
12205.769411631972616 19.051648268323813085
12205.846064738530913 19.053201047584906291
12205.922717846735395 19.054759519441137883
12205.999370956533312 19.056323653612093239
12206.076024067873732 19.057893419286472181
12206.152677180703904 19.059468785136530755
12206.229330294974716 19.06104971933279657
12206.305983410633416 19.062636189559029276
12206.382636527630893 19.064228163027433283
12206.459289645916215 19.06582560649406588
12206.535942765442087 19.067428486274422994
12206.612595886157578 19.069036768256868442
12206.689249008013576 19.070650417918525221
12206.765902130962786 19.072269400341433254
12206.842555254954277 19.073893680228678704
12206.919208379940756 19.075523221920558825
12206.995861505874927 19.077157989410800099
12207.07251463270768 19.078797946363625471
12207.14916776039172 19.080443056129862356
12207.225820888877934 19.082093281763217618
12207.302474018117209 19.083748586036623607
12207.379127148062253 19.085408931458491821
12207.45578027866577 19.087074280288923944
12207.53243340987683 19.088744594555652867
12207.609086541648139 19.090419836070129378
12207.685739673930584 19.092099966444653347
12207.762392806675052 19.09378494710842844
12207.839045939832431 19.095474739323403668
12207.915699073351789 19.097169304199965723
12207.992352207184013 19.098868602712435916
12208.069005341276352 19.100572595714385926
12208.145658475579694 19.102281243953715517
12208.222311610041288 19.103994508087520643
12208.298964744608384 19.105712348696727076
12208.37561787922823 19.107434726300471795
12208.452271013831705 19.109161601369962113
12208.528924148351507 19.110892934342722072
12208.605577282731247 19.112628685636547488
12208.682230416916354 19.114368815662654555
12208.758883550846804 19.116113284838856856
12208.835536684464387 19.117862053602479477
12208.912189817709077 19.119615082422985353
12208.988842950520848 19.121372331814292522
12209.065496082837853 19.123133762346785858
12209.14214921459461 19.124899334659033912
12209.218802345727454 19.126669009469189575
12209.295455476169082 19.128442747586070993
12209.37210860585401 19.130220509919883654
12209.448761734711297 19.132002257492658259
12209.525414862670004 19.133787951448557152
12209.602067989657371 19.135577553063662037
12209.678721115598819 19.137371023755427757
12209.75537424041795 19.139168325091830525
12209.832027364036549 19.140969418800210633
12209.908680486372759 19.142774266775777647
12209.985333607344728 19.144582831089753228
12210.061986726866962 19.146395073997197755
12210.138639844853969 19.148210957944659327
12210.2152929612148 19.150030445577375104
12210.291946075856686 19.151853499745932652
12210.36859918868322 19.153680083512778509
12210.445252299597996 19.155510160158506494
12210.52190540850097 19.157343693187787181
12210.598558515286641 19.159180646335023823
12210.675211619847687 19.161020983569763132
12210.75186472207497 19.162864669101729476
12210.828517821853893 19.164711667385603278
12210.905170919068041 19.16656194312547612
12210.981824013595542 19.168415461279067813
12211.058477105312704 19.170272187061673463
12211.135130194088561 19.172132085950096325
12211.211783279792144 19.173995123686083275
12211.288436362285211 19.175861266279476069
12211.36508944142588 19.177730480011110359
12211.441742517066814 19.179602731435569041
12211.518395589057036 19.181477987383626527
12211.595048657241932 19.183356214964341291
12211.671701721457794 19.185237381566988546
12211.748354781539092 19.187121454862822389
12211.825007837311205 19.189008402806354781
12211.901660888597689 19.190898193636776625
12211.978313935214828 19.192790795879105303
12212.054966976969808 19.194686178345147454
12212.131620013666179 19.196584310134166884
12212.208273045102032 19.19848516063339261
12212.284926071064547 19.200388699518331492
12212.361579091335443 19.202294896752899689
12212.438232105690986 19.204203722589411996
12212.514885113896526 19.206115147568407764
12212.591538115711955 19.20802914251830984
12212.668191110888074 19.209945678554923632
12212.744844099164766 19.21186472708082249
12212.821497080276458 19.213786259784583876
12212.898150053946665 19.215710248639805258
12212.974803019889805 19.21763666590407027
12213.051455977809383 19.219565484117758558
12213.128108927397989 19.221496676102720613
12213.204761868340938 19.223430214960810503
12213.281414800310813 19.225366074072418598
12213.358067722967462 19.227304227094808908
12213.43472063595982 19.229244647960388903
12213.51137353892409 19.231187310874865659
12213.588026431485559 19.233132190315156862
12213.664679313254965 19.235079261027379971
12213.741332183830309 19.237028498024610457
12213.817985042793225 19.238979876584743067
12213.894637889714431 19.240933372248271382
12213.971290724146456 19.24288896081593947
12214.047943545629096 19.244846618346411304
12214.124596353683955 19.246806321153854924
12214.20124914781627 19.248768045805480398
12214.277901927514904 19.250731769119028058
12214.354554692248712 19.252697468160203442
12214.431207441471997 19.254665120240101572
12214.507860174615416 19.256634702912563739
12214.584512891093254 19.258606193971573362
12214.661165590297969 19.26057957144856303
12214.737818271602009 19.262554813609582993
12214.814470934352357 19.26453189895256557
12214.891123577877806 19.26651080620456824
12214.967776201481684 19.268491514319006086
12215.044428804443669 19.270474002472916197
12215.121081386017977 19.272458250064204321
12215.197733945431537 19.274444236708934142
12215.274386481885813 19.27643194223858103
12215.351038994556802 19.278421346697282246
12215.427691482587761 19.280412430339101348
12215.504343945094661 19.282405173625306816
12215.58099638116073 19.284399557221686194
12215.657648789840096 19.286395561995870906
12215.73430117015414 19.288393169014657502
12215.810953521087868 19.290392359541357337
12215.887605841591721 19.29239311503319243
12215.964258130581584 19.294395417138673565
12216.040910386935138 19.296399247695013912
12216.11756260949187 19.29840458872559239
12216.194214797049426 19.300411422437445452
12216.270866948365438 19.302419731218794396
12216.347519062153879 19.30442949763659044
12216.424171137085068 19.306440704434063349
12216.50082317178385 19.308453334528326906
12216.577475164827774 19.310467371008012805
12216.65412711474346 19.312482797130950729
12216.730779020008413 19.314499596321880404
12216.807430879049207 19.316517752169936273
12216.884082690237847 19.318537248426334685
12216.960734451888129 19.320558069002096602
12217.037386162259281 19.322580197965937288
12217.114037819548685 19.324603619542170208
12217.190689421893694 19.326628318108681981
12217.267340967368 19.328654278194917993
12217.343992453977989 19.330681484480315646
12217.420643879662748 19.332709921792378793
12217.497295242292239 19.334739575105214016
12217.573946539661847 19.336770429537658345
12217.650597769494198 19.338802470351446061
12217.72724892943188 19.340835682949400365
12217.803900017039268 19.342870052873671227
12217.88055102979888 19.344905565804026537
12217.957201965104105 19.346942207556146798
12218.033852820264656 19.348979964079980221
12218.110503592495661 19.351018821458136898
12218.187154278919479 19.353058765904297189
12218.263804876562062 19.355099783761659182
12218.340455382345681 19.357141861501411029
12218.41710579309256 19.359184985721206829
12218.493756105515786 19.361229143143660281
12218.570406316217486 19.363274320614856094
12218.647056421687012 19.365320505102822324
12218.72370641829184 19.367367683696073755
12218.800356302283035 19.369415843602201477
12218.877006069780691 19.37146497214654417
12218.953655716779394 19.373515056770919784
12219.030305239135487 19.37556608503228972
12219.106954632567067 19.377618044601465641
12219.183603892652172 19.379670923261802074
12219.260253014817863 19.381724708907778876
12219.336901994342043 19.383779389543470018
12219.413550826340725 19.385834953281214865
12219.49019950577167 19.387891388340374732
12219.566848027421656 19.389948683046071665
12219.643496385906474 19.392006825827905914
12219.720144575660015 19.394065805218740906
12219.796792590936093 19.396125609853424265
12219.873440425795707 19.398186228467409364
12219.950088074103405 19.400247649895565161
12220.026735529521829 19.402309863070993146
12220.103382785504436 19.404372857023833632
12220.180029835290043 19.406436620880114674
12220.25667667189191 19.408501143860664939
12220.333323288097745 19.410566415280023023
12220.409969676455148 19.412632424545329002
12220.486615829269795 19.4146991611552302
12220.56326173859452 19.416766614698758531
12220.639907396223862 19.418834774854182967
12220.71655279368315 19.420903631387833599
12220.793197922223044 19.422973174152851072
12220.869834732269737 19.425043175872762191
12220.946456462877904 19.427113443906264934
12221.023060944078679 19.42918390958180197
12221.099645789036003 19.431254498391894003
12221.176208392413173 19.433325129941266596
12221.252750100153207 19.43539583076319488
12221.329268676448919 19.437466530596555714
12221.405761741110837 19.439537155301561455
12221.482229260345775 19.441607694309436027
12221.558669047510193 19.443678078834484069
12221.635078860150315 19.445748238613788317
12221.711456468332472 19.447818103758585551
12221.787799701367476 19.449887606022954856
12221.864106482196803 19.451956679740106892
12221.940374866715501 19.45402526289364431
12222.016603076857791 19.456093298021372107
12222.092789531303424 19.458160733055308356
12222.168932869761193 19.460227521988102239
12222.245031970674972 19.462293625361798632
12222.321085961664721 19.464359010559785901
12222.39709422242413 19.466423651893585145
12222.473056380176786 19.468487530487593062
12222.548972298200169 19.47055063397449004
12222.624842058228751 19.472612956023453989
12222.700665937793019 19.474674495729811241
12222.776444383714988 19.476735256898685122
12222.852177982993453 19.478795247256655898
12222.927867432339553 19.480854477625324961
12223.003513507466778 19.48291296108721582
12223.079117195902654 19.484970716601363705
12223.154679704603041 19.487027769214744666
12223.230202722585091 19.489084157218055537
12223.305687627786028 19.491139910553915371
12223.381135973164419 19.493195064048570941
12223.456548573216423 19.495249632524476624
12223.531926158708302 19.497303628621907023
12223.607269364294552 19.499357062457903567
12223.682578719053708 19.501409941364400424
12223.757854803163355 19.503462274156333933
12223.833098160735972 19.505514068754358448
12223.908309227505015 19.507565330210383081
12223.983488327621671 19.509616060616338018
12224.058635671672164 19.511666259046531735
12224.133751355728236 19.51371592152812795
12224.208835379220545 19.515765041525547474
12224.283887698116814 19.517813611389208006
12224.358908487243752 19.519861629515514068
12224.433897954730128 19.521909095283636049
12224.508855632700943 19.523955989684637302
12224.583780984796249 19.526002291900532271
12224.658673717265629 19.528047987800867702
12224.733533143682507 19.530093052590419944
12224.808358572501675 19.532137461391300803
12224.88314914836883 19.534181184905918371
12224.95790396627126 19.536224192533641286
12225.032621880391162 19.538266447144842175
12225.107301637068304 19.540307908711831431
12225.181941980003103 19.542348537183141133
12225.25654158468933 19.54438829069082928
12225.331099034119688 19.546427124884949933
12225.405612876033047 19.548464994498036873
12225.480081633015288 19.550501853620932735
12225.554503815941644 19.552537656070150263
12225.628877937857396 19.554572355767597003
12225.703202527762187 19.556605907117635468
12225.777476143719468 19.558638265365946296
12225.851697385145599 19.560669386936268666
12225.925864905470007 19.5626992297775395
12225.999975340459059 19.564727696658369638
12226.074027156299053 19.566754740482100061
12226.148018894404231 19.568780316257953444
12226.221949203001714 19.570804381966325991
12226.295816755291526 19.572826896319195811
12226.369620297453366 19.57484782007486146
12226.443360398110599 19.576867163948794115
12226.517036387636836 19.578884904806674427
12226.590647914545116 19.580901028279818377
12226.664194528810185 19.582915517354230417
12226.737675876416688 19.584928357698355939
12226.81109172152901 19.586939538270552674
12226.884441934047572 19.58894905097850625
12226.957726485874446 19.590956890577061245
12227.03094523708387 19.592963048809210136
12227.104098561623687 19.594967531549681183
12227.177186290198733 19.596970329839479064
12227.250208799916436 19.598971449742439432
12227.323166527097783 19.600970898996191494
12227.396059967162728 19.602968687008473836
12227.468889654590384 19.604964824307050009
12227.541656163650259 19.60695932255881857
12227.614360100902559 19.608952194363489241
12227.687002076738281 19.610943452472554327
12227.759582763357685 19.612933111377724771
12227.832102878472142 19.614921186863373492
12227.904563146088549 19.616907694930549866
12227.976964312632845 19.618892652238056229
12228.049307136381685 19.620876075811633399
12228.121592390012665 19.622857983112695024
12228.193821647522782 19.624838413614092758
12228.265995752683011 19.62681738680712229
12228.338115558326535 19.628794922469356976
12228.410181910076062 19.63077104021749264
12228.482195721540847 19.632745761568251908
12228.554157784597919 19.634719104734987383
12228.626069138852472 19.63669109475808483
12228.697930571099278 19.638661749778016485
12228.769742961714655 19.640631090533290148
12228.841507210463533 19.642599138324875696
12228.913224229178013 19.644565914814666741
12228.984894978149896 19.646531443022357877
12229.056520449612435 19.648495746871802226
12229.128101442609477 19.650458845015808862
12229.199638219597546 19.652420741417301997
12229.271128891006811 19.65438138104456911
12229.342573377101871 19.656340758525185919
12229.413971857931756 19.658298875635711767
12229.485324909624978 19.660255745039314945
12229.556633583175426 19.66221139244563787
12229.627899458675529 19.664165858097234718
12229.69912664068579 19.666119251490702169
12229.770318299422797 19.668071656516634249
12229.84147811355615 19.670023171026276287
12229.912610172676068 19.671973904154341994
12229.983719134630519 19.673923980631112585
12230.054810192494188 19.675873539873347084
12230.125888930941073 19.677822732042294263
12230.196961460622333 19.67977172172511402
12230.268034152390101 19.681720680642900589
12230.339110692606482 19.683669706899845409
12230.410198460971515 19.685618999872705359
12230.481305468440041 19.687568776234599
12230.552440369023316 19.689519270273247997
12230.623612495932321 19.691470734876002524
12230.694831917322517 19.693423443051695898
12230.766109481199237 19.695377689154710765
12230.837456850149465 19.697333789829446715
12230.908886519959196 19.699292084512112666
12230.980411810422083 19.701252935169708991
12231.052046888016775 19.70321672691201087
12231.123806733376114 19.705183867089569816
12231.195706959186282 19.707154780291155305
12231.26776374983092 19.709129906678764854
12231.339994202689923 19.71110971133182943
12231.412417078969156 19.71309470481263304
12231.485054253584167 19.715085482884056489
12231.557932181029173 19.71708276665284032
12231.631082768857596 19.719087426464859902
12231.704543632255081 19.721100488829861774
12231.778357659044559 19.723123124444757792
12231.852572636609693 19.725156637912323987
12231.927240796616388 19.72720245520626392
12232.002418641694021 19.729262118860319219
12232.078167448495151 19.731337301683371521
12232.154553606544141 19.733429815965504162
12232.231648924693218 19.735541621786943267
12232.309531079801673 19.73767483921154664
12232.388284024484165 19.739831759345655371
12232.4679983582555 19.742014854379725364
12232.548771361789477 19.744226778389194266
12232.630707705431632 19.746470386583396817
12232.713920191830766 19.748748755464326621
12232.79853025486409 19.751065196285772174
12232.884668278380559 19.753423263551606937
12232.972471719469468 19.75582670339164082
12233.062083404045552 19.758279406655304911
12233.153652379443884 19.760785431982075266
12233.247333682415046 19.763348999150636587
12233.34328508139879 19.765974399614830048
12233.44166284909079 19.768665880537891866
12233.542614458619937 19.771427444729347656
12233.646268226155371 19.774262567198523044
12233.75272059454619 19.777173847425991937
12233.862018765392349 19.780162534777637973
12233.974137111659729 19.783227884393742357
12234.088951131987415 19.786366446635760497
12234.206212109096668 19.789571376712515871
12234.325527538070673 19.792831903001822269
12234.446358136958224 19.796133249352198646
12234.568038844952753 19.79945721306856754
12234.689606066091073 19.802777451216080351
12234.810160834782437 19.806069405368798897
12234.929052728150054 19.809315321385991382
12235.04576539428308 19.812501118932836164
12235.159934948756927 19.815616890042154097
12235.271340639881601 19.818656640322956264
12235.379876724002315 19.821617517854427604
12235.485519431023931 19.824498909077448161
12235.588302964599279 19.82730178211539851
12235.688307859751148 19.830028367779487297
12235.785652581464092 19.832681929319825542
12235.880485036710525 19.835266530117912964
12235.972967526258799 19.837786622926401492
12236.063268241754486 19.840246817889468645
12236.151553927873465 19.842651682559836246
12236.237984567906096 19.845005597237665995
12236.322711055394393 19.847312691764663839
12236.405877777067872 19.849576916079922029
12236.487619845001973 19.851801965058651689
12236.568063241134951 19.853991282679981367
12236.647324913501507 19.856148064871632641
12236.725512904784409 19.858275263226015994
12236.802727044327185 19.860375604034089747
12236.879059472319568 19.862451602732793532
12236.95459510613 19.864505576761587236
12237.029412042413242 19.866539656658364521
12237.103582024368734 19.868555798912787225
12237.177170891069181 19.870555798318253693
12237.250238848317167 19.872541295461303434
12237.322840889304643 19.874513788272430759
12237.395027139507874 19.876474641507371643
12237.466843545704251 19.878425105563522379
12237.538331448002282 19.880366304949262712
12237.60952823057778 19.882299256049595471
12237.680467819311161 19.884224880718605277
12237.751180907156595 19.886144012469408437
12237.821695222703056 19.888057403830618597
12237.892035780978404 19.889965733214051369
12237.962225240680709 19.89186961466227288
12238.032284204411553 19.89376960604117528
12238.102231405044222 19.895666214136969785
12238.172083934152397 19.897559900888545315
12238.241857396717023 19.899451087615652511
12238.311566070473418 19.901340159368665184
12238.381223736500033 19.903227487459382417
12238.45084237764604 19.905113394213305611
12238.520432985520529 19.906998174865826456
12238.590005663792908 19.908882100380914437
12238.659569574905618 19.910765416027587094
12238.729133169048509 19.912648347598640441
12238.798700419840316 19.914530999564892255
12238.868278450252546 19.916413561507422259
12238.937873956771 19.918296211307268351
12239.007492876655306 19.920179106155703863
12239.077140551995399 19.922062387008455886
12239.146822002023328 19.923946185960872413
12239.216541770952972 19.925830622142459703
12239.28630391383922 19.927715801346220559
12239.35611207396687 19.929601818131210678
12239.425969617172086 19.93148875946082299
12239.495879536612847 19.933376702137508119
12239.56584438050777 19.935265710861674648
12239.635866351243749 19.937155840918588723
12239.70594732423524 19.939047138696484041
12239.776088882834301 19.940939642637381723
12239.846292379841543 19.942833384904233185
12239.916559113928088 19.944728396144689953
12239.986890745605706 19.946624716706409686
12240.057289712080092 19.948522407806645873
12240.127758221240583 19.950421524397871309
12240.198297814156831 19.952322103387437835
12240.26891004142999 19.954224181874913313
12240.339596413790787 19.956127795820798099
12240.410357499027668 19.958032955735717451
12240.481193923909814 19.959939673676892369
12240.552107226063526 19.961847986167423841
12240.623098825753914 19.963757926505849127
12240.694170041697362 19.965669525194677192
12240.765321417744417 19.967582791839816991
12240.836553316581558 19.96949773113546911
12240.907866593628569 19.97141436097965439
12240.979262002178075 19.973332696475349479
12241.050740195458275 19.975252749989223844
12241.122301727486047 19.977174531177780636
12241.193947052899603 19.97909804698601377
12241.265677606195823 19.981023330614359423
12241.33749495495249 19.982950418763817169
12241.409399665211822 19.984879321197354329
12241.481392185805817 19.986810044489448757
12241.553472888150282 19.988742593096990419
12241.625641939665002 19.990676965969761625
12241.697899355451227 19.992613157942567881
12241.770245085750503 19.99455116208375216
12241.842678872286342 19.996490965850959753
12241.915200289473432 19.99843255220261895
12241.987808786721871 20.000375900736873547
12242.060503722565045 20.002320988609682217
12242.133284365225336 20.004267790554248307
12242.206150295573025 20.006216289658702578
12242.279100730205755 20.008166459260991132
12242.352133976142795 20.01011824839300246
12242.425248090179593 20.012071599431710212
12242.498440849423787 20.014026447323640667
12242.571709718116836 20.015982718712283628
12242.645051833114849 20.017940331565156953
12242.71846325873048 20.019899175309348038
12242.791939899349018 20.021859135218740278
12242.865478378673288 20.023820115865774483
12242.939075339694682 20.025782022434750473
12243.012727610108414 20.027744765130588434
12243.086432325831993 20.029708262462698087
12243.160186981833249 20.031672442586927474
12243.233989408792695 20.033637242670153
12243.30783769973641 20.035602606924705071
12243.381730121556757 20.037568484244424383
12243.45566504073031 20.039534826222851649
12243.529640877102793 20.04150158592127795
12243.603656084822433 20.043468717360791942
12243.677709151879753 20.045436175509511401
12243.751798608811441 20.047403916513271582
12243.825923039612462 20.049371897984251234
12243.900081086805585 20.05134007913396843
12243.974271470000531 20.053308421263793093
12244.048492966092454 20.055276887237148742
12244.122744428441365 20.057245441986122358
12244.197024762466754 20.059214051861879113
12244.271333216996936 20.061182692350339352
12244.345669380269101 20.063151347950217485
12244.420032707626888 20.065119999656122474
12244.494422477213448 20.067088623793061686
12244.568838095510728 20.069057200106787064
12244.643279018426256 20.07102570967170152
12244.717744543066146 20.072994129385683948
12244.792233997211952 20.074962436984364444
12244.866746800009423 20.076930612642751584
12244.941282392863286 20.07889863714689227
12245.015840172105527 20.080866490116566325
12245.090419527241465 20.082834151016768942
12245.165019848715019 20.084801599363395042
12245.239640598976621 20.08676881659702218
12245.314281286733603 20.088735785401024003
12245.388941335644631 20.090702486241536207
12245.463620030832317 20.092668895964294506
12245.538316579346429 20.094634989393405533
12245.613029756801552 20.096600730040915295
12245.687758268086327 20.098566079614936797
12245.762501189456088 20.100531009644345914
12245.837257824072367 20.102495497664254032
12245.91202783735207 20.104459530758852281
12245.986810636997689 20.106423089267412507
12246.061605465325556 20.108386149221342265
12246.136411588160627 20.110348687308270854
12246.211228021373245 20.112310673701653485
12246.286053719291885 20.114272077012895323
12246.360887616352557 20.116232865386550088
12246.435728628761353 20.118193006545723733
12246.510575656795481 20.120152467853877454
12246.585427575235371 20.122111216066237205
12246.660283192195493 20.124069216255286108
12246.735141680435845 20.126026443089699569
12246.810002604286638 20.127982881517777258
12246.884865103756965 20.129938505436943075
12246.95972782406534 20.131893275878688598
12247.034589178030728 20.133847147884644357
12247.109447739710959 20.135800080787873867
12247.184302467236193 20.137752044013705444
12247.259152948454357 20.139703023459528453
12247.333998244697796 20.141652991341466361
12247.408837347331428 20.143601918112381099
12247.483669345754606 20.145549776838464595
12247.558493950215052 20.147496556793502265
12247.6333103143279 20.14944223280782154
12247.708117683405362 20.151386782150570554
12247.782915631667493 20.153330190686645551
12247.857703676074379 20.155272442830717949
12247.932481387286316 20.157213524430598994
12248.007247493729665 20.159153399523880523
12248.082000801070535 20.16109203422935181
12248.156740200824061 20.16302939696582186
12248.231464652862996 20.164965457994561859
12248.306171202812038 20.166900138084042027
12248.380861324983925 20.168833472774597482
12248.455534783051917 20.17076545330469628
12248.530191426298188 20.172696073156213714
12248.604831063763413 20.174625324797279546
12248.679453525179269 20.176553201258471404
12248.75405862050502 20.178479695087208512
12248.828646175872564 20.180404799276441707
12248.903216072618306 20.182328508270440892
12248.977768176902828 20.18425081614714145
12249.052302838850665 20.186171729479749359
12249.126820011275413 20.188091244610667729
12249.201319670408338 20.190009358506316062
12249.275801816213061 20.191926068763706326
12249.350266311046653 20.193841369460127311
12249.424713321001036 20.195755262505219463
12249.499143189981623 20.197667754386756656
12249.57355600072151 20.199578844887639661
12249.647951863807975 20.201488534520027684
12249.722330919006708 20.203396824557632527
12249.796693340897036 20.205303717178029643
12249.871039331861539 20.207209215280858672
12249.94536915210665 20.209113323254811689
12250.01968571472753 20.211016113400312122
12250.093988941140196 20.212917581343106121
12250.168278794655635 20.214817723802315896
12250.242555310047464 20.216716539343192238
12250.316818575094658 20.218614027901136154
12250.391068728004029 20.220510190712232657
12250.465305954710857 20.222405030241045409
12250.53952898816533 20.224298511903221254
12250.613738297543023 20.22619064545780887
12250.687934369481809 20.228081441101746663
12250.762117707110519 20.229970909443711236
12250.83628882883022 20.231859061471926253
12250.910448458362225 20.233745913387114257
12250.984597143082283 20.235631476885469482
12251.058735473669003 20.237515764751506708
12251.13286430498556 20.239398796464417529
12251.206984219214064 20.241280584553337007
12251.281095879232453 20.243161143580195471
12251.355199878982603 20.245040486340297292
12251.429296815616908 20.246918625695151661
12251.503387288123122 20.248795574537300723
12251.577471895991039 20.250671345756419583
12251.651551237931926 20.252545952206666868
12251.725625910634335 20.254419406675364002
12251.799696471462084 20.256291720940279077
12251.873763518886335 20.258162907803786368
12251.947827636564398 20.260032979678296527
12252.021889433901379 20.261901949610489737
12252.095949480421041 20.263769829624727947
12252.170008337159743 20.265636631516890986
12252.244066650053355 20.267502369207015533
12252.318125024523397 20.269367055576399395
12252.392183832633236 20.271230697618960903
12252.466243709393893 20.273093308936442014
12252.540305273700142 20.274954902707307269
12252.614369126287784 20.276815491636302369
12252.688435847660003 20.27867508790386708
12252.762506000326539 20.280533703223717623
12252.83658017419657 20.282391349982088258
12252.910658928203702 20.284248039773217442
12252.984742817676306 20.28610378408683701
12253.058832365533817 20.287958593587774203
12253.132928021217595 20.289812477091068388
12253.207030299116013 20.291665445027771142
12253.281139640041147 20.293517505979352222
12253.355256348142575 20.295368665107957895
12253.429380687761295 20.297218926583543208
12253.503512881718052 20.29906829354403186
12253.57765310963805 20.300916768056890049
12253.651801506148331 20.30276435107742472
12253.725957080130684 20.304611015546953467
12253.800118619197747 20.306456728980027293
12253.874285734349542 20.308301479457302463
12253.94845792504384 20.310145252331171406
12254.022634584418483 20.311988030363867352
12254.096815673636229 20.313829810473503557
12254.1710013650154 20.315670594839428276
12254.245191333260664 20.317510373315549543
12254.319385096330734 20.319349131913266859
12254.39358205274948 20.321186853737181366
12254.467781634417406 20.323023522775933714
12254.541983353232354 20.324859125052878284
12254.616186617045969 20.326693644071866629
12254.690390710118663 20.328527060342405974
12254.764594734297134 20.330359349937427993
12254.838797695289031 20.332190486635848714
12254.912998823905582 20.334020449850232382
12254.987197356809702 20.335849219207791094
12255.06139254397749 20.337676774734088525
12255.135583655528535 20.339503097020212863
12255.209769979115663 20.341328167157367801
12255.283950844372157 20.343151967336794428
12255.358125613551238 20.34497448061666347
12255.43229370716108 20.346795691549250051
12255.506454605812905 20.348615586221978191
12255.580607860325472 20.350434152500749718
12255.654753100798189 20.352251380246922707
12255.728890043932552 20.354067261490758511
12255.803018498298115 20.355881790553720379
12255.877138362719052 20.357694964002053695
12255.951249630132224 20.359506780734268006
12256.025352392787681 20.361317242100859914
12256.099446831485693 20.363126351634100786
12256.173533946082898 20.364934132860472715
12256.247614089632407 20.366740593503038781
12256.321687675226713 20.368545742751742011
12256.395755166571689 20.370349591029377478
12256.46981707013947 20.372152149796608711
12256.543873929131223 20.373953431401883307
12256.617926492777769 20.375753453192665177
12256.691975368281419 20.377552229046905552
12256.766021188015657 20.379349773441866489
12256.840064606189117 20.381146101371356849
12256.914106301535867 20.38294122840902034
12256.988146983007027 20.384735170844461294
12257.06218597212137 20.386527911365636356
12257.136223978992348 20.388319466319774875
12257.210261690572224 20.390109851476339031
12257.284299584811379 20.391899077539157759
12257.358338142425055 20.393687155275546985
12257.432377912791708 20.395474097106092159
12257.506419407334761 20.39725991452854359
12257.580463666121432 20.399044631773303848
12257.654511856044337 20.400828276086020452
12257.728564649358304 20.402610862762820432
12257.802622572922701 20.40439240358779216
12257.876686040641289 20.406172907624242185
12257.950755319754535 20.407952380413998839
12258.024830562180796 20.409730824741323829
12258.09891178482394 20.411508240169748518
12258.172998769310652 20.413284620649587708
12258.247091157736577 20.415059956830074128
12258.321188573156178 20.416834238954770342
12258.395290442073019 20.418607452616743814
12258.469395920137686 20.420379576998026749
12258.543503961127499 20.422150586539022044
12258.617613310063462 20.423920450790312486
12258.691722036310239 20.425689123289938465
12258.765828015488296 20.427456553106949855
12258.839929203961219 20.429222691397018963
12258.914023352714139 20.430987484583315705
12258.988107985964234 20.43275087386379596
12259.062180325110603 20.434512793420939403
12259.136237247828831 20.436273169473505362
12259.210275206094593 20.438031918357182803
12259.284290165602215 20.439788945120564989
12259.358277585248288 20.44154414307698886
12259.432232577983086 20.443297397656511549
12259.506150626875751 20.445048603391651199
12259.580027125275592 20.44679765300437424
12259.653858064690212 20.448544453681865463
12259.727640037506717 20.4502889270928776
12259.801370115035752 20.452031006458938123
12259.875045601067541 20.453770630698656419
12259.948663932715135 20.455507742069773514
12260.022222630264878 20.457242284975883706
12260.095719314131202 20.45897420635848718
12260.169151716476335 20.460703455961994024
12260.24251769192233 20.462429986576218255
12260.31581526055561 20.464153755036914362
12260.389042612552657 20.465874722320787527
12260.462198147868548 20.46759285446326615
12260.535279670193631 20.469308103629405338
12260.6082860022143 20.471020446032742512
12260.681216130851681 20.472729861826650222
12260.754069161346706 20.474436334015688743
12260.826844495384648 20.47613985261395797
12260.899541659837269 20.477840410616604316
12260.972160361714486 20.479538005273774104
12261.044700451808239 20.481232637226955973
12261.117161995654897 20.482924312153560464
12261.18954513087192 20.484613037422484183
12261.261850146107463 20.486298823928262181
12261.334077426216027 20.487981684802001325
12261.406227468043653 20.489661635771025061
12261.478300940527333 20.491338696548019982
12261.55029857732552 20.49301288832153034
12261.622221202351284 20.494684234343925056
12261.694069724113433 20.496352759792966225
12261.76584513054695 20.498018491645094485
12261.83754850996047 20.499681459154871277
12261.909180997008662 20.501341692595307364
12261.980743794511 20.502999223759289293
12262.052238170648707 20.504654085889505666
12262.123665413364506 20.506306312618928445
12262.195026867822889 20.507955938834808052
12262.266323936806657 20.509603000683529928
12262.337558078144866 20.511247535506697659
12262.408730801817001 20.512889581770309633
12262.479843826824435 20.514529182676334074
12262.550898754527225 20.516166378622756383
12262.621897247312518 20.517801211325160438
12262.692840981701011 20.519433722733378289
12262.763731662098508 20.521063955346427576
12262.834571013321693 20.522691952038812246
12262.905360976028533 20.524317760545915945
12262.976103365039307 20.525941425608341007
12263.046800020987575 20.527562992458772584
12263.117452798729573 20.529182506554388254
12263.188063501995202 20.530800012079478023
12263.258633909255877 20.532415552541198878
12263.329165778790411 20.534029170887411198
12263.399660621280418 20.535640904310731969
12263.470119687211991 20.537250783978961977
12263.540544261548348 20.53885884178052379
12263.610935638578667 20.540465109748112127
12263.68129516287263 20.542069620991714629
12263.751624233387702 20.543672409788342748
12263.821924310357645 20.545273511734972516
12263.892196924636664 20.546872963956676728
12263.962443686586994 20.548470805303637121
12264.032666291353962 20.550067076465129645
12264.102866522771365 20.551661820052288476
12264.173046239953692 20.553255080287193834
12264.243207451445414 20.554846904679312303
12264.313352229453812 20.556437342070893237
12264.383482746367008 20.558026443459525012
12264.453599572592793 20.559614223458428484
12264.523704823366643 20.561200731602575331
12264.593800683498557 20.562786018883908667
12264.663889404693691 20.564370137685902051
12264.733973302376398 20.565953141707169038
12264.804054752205047 20.567535085878468237
12264.874137118140425 20.569116047287767657
12264.944222753467329 20.570696080058375799
12265.014314691934487 20.572275253510774462
12265.08441608600333 20.573853639470019772
12265.154530187610362 20.575431311824832648
12265.224660361174756 20.577008346813155271
12265.294810090963438 20.578584823179884467
12265.364982985875031 20.580160822275978205
12265.435182648481714 20.581736425111536448
12265.505412873337264 20.583311716803233793
12265.575677723965782 20.584886788286166137
12265.645981344536267 20.58646173207737462
12265.71632802870954 20.588036643811264526
12265.786722224109326 20.589611622329105245
12265.857168551076029 20.591186770087652746
12265.927671699617349 20.592762190844982939
12265.99823653988642 20.594337992122078163
12266.068868201473379 20.595914286959345674
12266.139571942469047 20.597491190978860942
12266.210353173686599 20.59906882291525676
12266.281217454972648 20.60064730452268833
12266.352170477157415 20.602226760162654529
12266.423218032372461 20.603807316134531646
12266.494366032919061 20.605389101087759229
12266.565620486753687 20.606972245468533345
12266.636989001370239 20.608556914894485601
12266.70847901673551 20.610143270842794294
12266.780096152557235 20.611731434022601661
12266.851845930059426 20.613321522648529793
12266.9237337205941 20.614913651309379361
12266.995764674651582 20.616507929407617894
12267.067943760877824 20.618104462037123881
12267.140275720557838 20.619703348989784075
12267.212764169433285 20.621304664936062068
12267.285412177603575 20.622908472302416527
12267.358222940201813 20.624514836101518256
12267.431199019987616 20.626123807229092222
12267.504342281439676 20.627735421056783593
12267.57765381361969 20.629349695783886887
12267.651133885459785 20.630966631508716347
12267.724781907629222 20.632586209449044645
12267.798596388876831 20.634208391044239761
12267.872574883242123 20.635833116861036274
12267.946713946104865 20.637460305697945984
12268.021009132176914 20.639089854613189345
12268.095455005412077 20.640721639214099525
12268.170045130014842 20.642355513531885691
12268.24477207396194 20.643991310170996201
12268.319627457820388 20.645628841448925073
12268.394601996320489 20.64726790037322246
12268.469685563615712 20.648908262132408709
12268.544867327340398 20.65054968708226113
12268.620135839955765 20.652191922789011613
12268.69547907759079 20.653834704919837861
12268.77088452850694 20.655477759210732813
12268.846339296967926 20.657120803761696237
12268.921830246072204 20.658763552170057665
12268.997344134242667 20.660405716513359664
12269.072867730666985 20.662047009862860136
12269.148382016115647 20.663687020375835601
12269.223873831513629 20.665325464438815573
12269.299331019679812 20.666962080907897104
12269.374742003808933 20.668596621900640287
12269.450095954540302 20.670228856369170956
12269.525382881498444 20.671858572024724765
12269.600593748873507 20.67348557777443574
12269.675720574010484 20.675109705781451908
12269.750756503291996 20.676730813026626521
12269.82569585157762 20.678348782077744517
12269.900534164509736 20.679963522349247285
12269.975267949776025 20.681574964221564272
12270.049894460164069 20.68318305429924564
12270.124411191494801 20.684787744549662847
12270.198815526158796 20.686388984616154829
12270.273104260244509 20.687986711658236771
12270.347273502075041 20.689580848210660236
12270.421318955095558 20.691171308303616172
12270.495236446655326 20.69275800883599814
12270.569022529083668 20.694340882455573905
12270.64267484168704 20.695919885266224725
12270.71619222316076 20.697494999160717555
12270.789574700287631 20.699066231496985324
12270.86282344790925 20.700633614161606744
12270.935940335679334 20.702197193803396402
12271.008927761708037 20.703757028233486182
12271.081788953830255 20.705313192823410873
12271.154527309030527 20.706865766355736724
12271.227146531078688 20.708414833949177591
12271.29965054927743 20.709960485308233302
12271.372043500283326 20.711502814322546584
12271.444329688381913 20.713041918209235348
12271.516513519332875 20.714577896096251663
12271.588599510800123 20.71611084923906887
12271.660592255608208 20.717640880234259981
12271.732496619439189 20.719168097213902513
12271.804317305304721 20.720692604587469532
12271.876059035206708 20.722214506906343701
12271.947726522412268 20.723733908276532389
12272.019324433207657 20.725250911550457289
12272.090856061611703 20.726765590277071993
12272.162325838386096 20.728278041870950688
12272.233738159668064 20.729788362774378641
12272.305097297645261 20.73129664657324156
12272.376407423485944 20.732802984490390941
12272.44767260763183 20.734307465399204773
12272.518896748892075 20.735810174335565392
12272.590086174155658 20.737311247309605733
12272.661244961816919 20.738810772633453183
12272.732377002035719 20.740308834441165686
12272.803486046406761 20.741805513746705003
12272.874575701414869 20.74330088831560559
12272.94564899703073 20.744795023608560314
12273.016709134471967 20.746287988523775425
12273.087759304313295 20.747779851568843412
12273.158802566749728 20.74927067834995853
12273.229841796550318 20.750760530426553885
12273.300879561955298 20.752249462785819389
12273.371917810682135 20.753737517286978687
12273.442958166839162 20.755224728914267729
12273.514002862040797 20.756711145272713992
12273.585054039542229 20.758196812004438669
12273.656113749580982 20.759681772697135216
12273.727183948389211 20.761166068869478352
12273.79826657438025 20.762649741567116735
12273.869363422198148 20.764132828737238867
12273.94047619218145 20.765615366268864506
12274.011606656242293 20.767097391453901878
12274.082756541734852 20.768578940565451063
12274.153927486566317 20.770060047926861557
12274.225121073772243 20.77154074663642902
12274.296338883788849 20.773021069657158222
12274.367582917388063 20.774501058600321812
12274.438855155349302 20.775980754560649189
12274.510157358354263 20.777460193967129953
12274.581491253205968 20.778939412457049229
12274.652858376495715 20.780418441639429972
12274.724260197701369 20.781897311655711746
12274.795698209893089 20.783376053060990785
12274.867173879156326 20.784854695776854072
12274.93868766578089 20.786333248862039369
12275.010239988325338 20.787811720488775791
12275.081831910367328 20.789290132122864918
12275.153464271050325 20.790768500545681263
12275.225137819112206 20.792246840631555926
12275.29685373013308 20.793725176012763711
12275.368613134902262 20.795203529339989501
12275.440417308484029 20.796681926176791677
12275.512267512291146 20.798160391742182895
12275.584164309892003 20.799638936845358472
12275.65610820135953 20.801117570962240677
12275.72809964564658 20.80259630269874549
12275.800138454926127 20.80407512736414688
12275.872224400814957 20.805554039444050574
12275.944357910013423 20.807033046862013492
12276.016539451822609 20.808512158392552749
12276.088769395068084 20.809991380729510269
12276.161048010404556 20.811470718539336389
12276.233375584042733 20.812950176792700319
12276.30575242274972 20.814429760865930774
12276.378178880695486 20.815909477088005985
12276.450655872054995 20.817389343201334384
12276.52318405027836 20.818869371584550976
12276.595763341505517 20.820349559755843671
12276.668393583267971 20.82182990343131479
12276.741074311406919 20.823310392191260121
12276.813804977549808 20.824791013924642158
12276.886584238431169 20.826271740379365127
12276.959410794961514 20.827752544266523671
12277.032284229298966 20.829233416263033263
12277.105204005301857 20.830714344664194471
12277.178169491708104 20.832195315861316232
12277.251179991559184 20.833676314944234775
12277.324234653207895 20.835157323901700721
12277.397332454896969 20.836638321318481815
12277.47047228442716 20.838119283998288722
12277.543652891192323 20.839600185998939708
12277.616872875318222 20.84108099842111983
12277.69013086742234 20.842561693049560745
12277.76342538118115 20.844042239374047654
12277.83675472482355 20.845522602810131474
12277.910117136329063 20.847002747438466486
12277.983510927488169 20.848482638912877007
12278.056934470632768 20.849962244188557037
12278.130385850550738 20.851441524510065051
12278.203862946400477 20.852920437076846838
12278.277363639850591 20.854398939241061584
12278.350885816986192 20.855876988545514195
12278.42442737692727 20.857354542896388239
12278.497986246038636 20.858831560847573172
12278.571560343700185 20.860308000912105797
12278.645147582357822 20.861783821563566477
12278.718745910624421 20.863258982099836203
12278.792353319589893 20.864733442767157356
12278.865967875282877 20.866207165407047341
12278.939587701153869 20.867680113101322092
12279.013210942643127 20.869152249460150017
12279.086835830661585 20.870623539888764952
12279.160460269149553 20.872093943347554301
12279.234082286437115 20.873563421377657079
12279.307700457475221 20.875031946513367132
12279.381313464282357 20.876499493489237835
12279.454920041353034 20.877966038146119843
12279.528518975756015 20.879431557429864341
12279.602109128136362 20.880896029805903424
12279.675689421264906 20.882359435027083805
12279.749258799532981 20.883821753324919968
12279.822816536145183 20.885282971508786432
12279.896361795585108 20.886743074262554387
12279.969894405458035 20.888202059460688531
12280.043413717747171 20.889659915555057523
12280.11691908956891 20.891116631127594871
12280.190409876224294 20.892572194752215609
12280.263885476129872 20.894026595884071185
12280.337345327148796 20.895479824784281675
12280.410788933893855 20.896931873057233986
12280.484215877586394 20.89838273384128442
12280.557625633435237 20.899832398198945782
12280.631017579484251 20.901280855297642347
12280.704391113624297 20.90272809472245541
12280.777745760187827 20.90417410857558167
12280.851081020879064 20.905618888532966793
12280.924396717491618 20.907062432591331458
12280.997692329290658 20.908504732014481675
12281.07096735291816 20.909945778429037233
12281.144221833046686 20.911385574250051178
12281.217455280211652 20.912824111398364835
12281.290667227365702 20.914261382254352384
12281.36385720128601 20.915697379095547603
12281.437025135433942 20.917132102190326037
12281.510170550292969 20.918565543716045596
12281.583292965031433 20.919997695843072449
12281.656391949991303 20.921428551761909631
12281.729467086268414 20.922858104889680675
12281.802517891348543 20.924286347415915088
12281.875543961297808 20.925713273083776045
12281.948544824537748 20.927138874330683649
12282.021520012589463 20.928563143672526792
12282.094469062081771 20.929986073742462338
12282.167391510260131 20.931407657203056516
12282.24028688225917 20.932827886498351688
12282.313154676507111 20.934246753570366906
12282.385994620895872 20.935664254844258636
12282.45880666193807 20.937080391004393221
12282.531589786311088 20.938495144082022392
12282.604343544846415 20.939908507106597568
12282.67706752444974 20.941320473824049486
12282.749761351125926 20.942731038753372275
12282.822424692465574 20.944140197232538725
12282.895057208652361 20.945547944466870405
12282.967658655701598 20.946954277528536892
12283.040228852947621 20.94835919472192387
12283.112767522887225 20.94976269248215317
12283.185274578989265 20.951164770944298965
12283.257750077404125 20.952565432999573858
12283.330194045056487 20.953964680968038437
12283.40260865856726 20.955362558649564875
12283.47499357554625 20.95675906115860343
12283.547348548538139 20.958154185450489138
12283.619673388484443 20.959547929612380557
12283.691967987046155 20.960940293289588965
12283.764230569195206 20.962331244055793178
12283.836461445109308 20.963720789661238086
12283.908661224979369 20.965108943604708003
12283.980830321550457 20.966495715560846236
12284.052969220843806 20.967881116588714008
12284.125078489161751 20.969265159262164389
12284.197158775567004 20.970647857713192508
12284.269210826527342 20.972029227908098648
12284.341235478377712 20.973409287497894127
12284.413233652021518 20.974788055712060952
12284.48520634495253 20.976165553201447267
12284.557154621770678 20.977541801852783721
12284.629079604248545 20.978916824595444268
12284.70098246179441 20.980290645216246759
12284.772864402828418 20.981663288192443417
12284.844726667341092 20.98303477854776844
12284.91657052067967 20.984405141732409561
12284.988397248478577 20.985774403525198295
12285.060208152581254 20.987142589954959959
12285.132004547769611 20.988509727237556035
12285.20378775583049 20.989875841662435363
12285.275557941064108 20.991240937449699544
12285.347316330713511 20.992605039009838208
12285.419064148498364 20.993968170630992631
12285.490802613023334 20.995330356448899778
12285.562532936217394 20.996691620417788471
12285.634256321887733 20.998051986283385872
12285.705973964364603 20.999411477557700323
12285.777687047215295 21.000770117495331846
12285.849396742027238 21.002127929071189527
12285.921104933539027 21.003484948699821189
12285.992812992863037 21.004841203001468841
12286.064521716110903 21.00619670766977265
12286.136231555456106 21.007551471866516835
12286.207942865110454 21.008905502883045813
12286.279656686087037 21.010258820950777903
12286.351374054453117 21.01161144616171228
12286.423095976735567 21.012963398005396698
12286.494823429275129 21.014314695358336849
12286.566557318612467 21.015665355740033249
12286.638299358544828 21.017015411816792891
12286.710051401700184 21.018364898791112694
12286.781815832318898 21.019713861775667141
12286.853594913558481 21.02106234350697278
12286.925389533982525 21.022410360822505027
12286.997200593248635 21.023757930729029653
12287.069029004913318 21.025105070454728207
12287.140875698771197 21.026451797492249796
12287.212741621962778 21.027798129618727074
12287.284627059327249 21.029144072173124869
12287.356532389658241 21.030489632238872133
12287.428458762662558 21.031834831296173149
12287.500407337591241 21.033179690954074914
12287.572379285187708 21.034524232986470338
12287.644375789624974 21.035868479367678674
12287.716398050411954 21.037212452307414878
12287.788447284292488 21.038556174285332645
12287.86052472702977 21.039899668083496209
12287.932631635054349 21.041242956816141429
12288.004769287179442 21.042586063960492027
12288.076938986179812 21.04392901338502142
12288.149142060130544 21.045271829373035644
12288.221379863691254 21.046614536645350313
12288.2936537822643 21.047957160436144619
12288.365965229764697 21.049299726449991255
12288.438315646682895 21.050642260824435681
12288.510706502944231 21.051984790181695217
12288.583139297561502 21.053327341620654778
12288.65561555909153 21.05466994272388348
12288.728136845596964 21.056012621555321829
12288.80070474384047 21.057355406643917917
12288.873320868224255 21.058698326962481673
12288.945986909926432 21.06004141283424147
12289.018704427777266 21.061384692066852153
12289.091474945282243 21.062728191750046847
12289.164300157704929 21.064071942077401189
12289.23718182491757 21.065415974362025509
12289.310120844555058 21.066760303955319955
12289.383118070876662 21.068104945371587178
12289.456175108764 21.069449926903516257
12289.529293540630533 21.070795276362577653
12289.602474911744139 21.072141020810349232
12289.675720614990496 21.073487184443088438
12289.749032624999018 21.074833802080462419
12289.822413176254486 21.076180913227720026
12289.895864035297564 21.077528548712535894
12289.969386852879325 21.078876737165060717
12290.042983255558283 21.080225506702038984
12290.116655055655428 21.081574888772482979
12290.190404102979301 21.082924915434439583
12290.264232077166525 21.084275615554851413
12290.33814063193131 21.085627017455205845
12290.412131415290787 21.086979149282246482
12290.486206119108829 21.088332039912852878
12290.560366433557647 21.089685718120740887
12290.634614048320145 21.091040212598258563
12290.708950720727444 21.092395553198443281
12290.78337834723061 21.093751772233293451
12290.857898784128338 21.095108901202490159
12290.932513778338034 21.096466969535786262
12291.007225082696095 21.097826006695363787
12291.082034620683771 21.099186045169332715
12291.15694432933924 21.100547117609181669
12291.231956018567871 21.10190925427498243
12291.307071519870078 21.103272485740298237
12291.382292655151105 21.104636842325430024
12291.457621228200878 21.106002353943356553
12291.533059027846321 21.107369050157597457
12291.608607835392831 21.108736960317610709
12291.684269411516652 21.110106113321943866
12291.76004552158156 21.111476538076807685
12291.835937882102371 21.112848262528423504
12291.911948122145986 21.114221312968282973
12291.988077807796799 21.115595714479194811
12292.064328411677707 21.116971490388728228
12292.14070132994857 21.118348662580487485
12292.217197870080781 21.11972725127768058
12292.293819277954753 21.121107275535649705
12292.370566689987754 21.12248875238355339
12292.447441096981493 21.123871696179914892
12292.524443358212011 21.125256118873494415
12292.601574103457096 21.126642028250248728
12292.678833726078665 21.128029427821410025
12292.756222410198461 21.129418317323580112
12292.833740125130134 21.130808692630051127
12292.911386612900969 21.132200545538687209
12292.989161414787304 21.133593864259200501
12293.067063886617689 21.134988633697897598
12293.145093094028198 21.136384833594068056
12293.223247897272813 21.13778244005176532
12293.301526930221371 21.139181425175639362
12293.379928489941449 21.140581755111728768
12293.458450567146429 21.141983390609087934
12293.537090806745255 21.143386286332813029
12293.615846531927673 21.144790391312280775
12293.694714749099148 21.146195649046511278
12293.773692147320617 21.147601997511628724
12293.852775112454765 21.149009369429862204
12293.931959711200761 21.150417692002346115
12294.011241757985772 21.151826888115309089
12294.09061691158422 21.153236878069623828
12294.17008064743095 21.154647579098202925
12294.249628181019943 21.156058904017470468
12294.329254494881752 21.157470761719828545
12294.408954460677705 21.158883059349371081
12294.488722835934823 21.160295702250245142
12294.568554238408979 21.16170859351927902
12294.648443226376912 21.163121635433505219
12294.728384270438255 21.16453472895511112
12294.808371721182993 21.165947773165104451
12294.888399874258539 21.167360666418183257
12294.96846296457079 21.16877330624343756
12295.048555157565715 21.170185589193813769
12295.12867056403411 21.171597411110596454
12295.208803238070686 21.173008667090265078
12295.288947188722886 21.174419251692214061
12295.369096403930598 21.175829059361849005
12295.449242834098186 21.17723794899572809
12295.529379623412751 21.178645800802051724
12295.609500908909467 21.180052512708709145
12295.68960089216489 21.18145798402547797
12295.769673883480209 21.18286211621452253
12295.849714304486042 21.184264812929637145
12295.929716671314964 21.185665979715100349
12296.009675575351139 21.187065523663061839
12296.089585712903499 21.188463353927893706
12296.169441788359109 21.18985938002722591
12296.249238593696646 21.191253513229760586
12296.328971132585139 21.192645668715982765
12296.408634440982496 21.194035762436637782
12296.488223640137221 21.19542371203423059
12296.56773398858968 21.196809437743930005
12296.647160923939737 21.198192863112616635
12296.72650005788455 21.199573914902412497
12296.805747222380887 21.200952523883451306
12296.884898529593556 21.202328625863465561
12296.963950241581188 21.203702159408738481
12297.042898813699139 21.20507306658896951
12297.121739000227535 21.206441260101524193
12297.200467708926226 21.207806690191315369
12297.279082090861266 21.209169311437975125
12297.357579568122674 21.210529083222422031
12297.435957796456933 21.211885969065477298
12297.514214665117834 21.213239936612612979
12297.592351746854547 21.214591017257760086
12297.670368165896434 21.215939200017601252
12297.74826308023512 21.217284474515935244
12297.826035964819312 21.218626835868505509
12297.903686178931821 21.219966277206026461
12297.981213582108467 21.221302800295095636
12298.058617976506866 21.222636405907756796
12298.135899440829235 21.223967099572554673
12298.213058306539097 21.225294891151293086
12298.290095289105011 21.226619797082687313
12298.367011057540367 21.227941832966354951
12298.443806404888164 21.229261016493197189
12298.520482400794208 21.230577370057801545
12298.597040176297014 21.231890917053224399
12298.673480975403436 21.233201682752326889
12298.749806088848345 21.234509693167556321
12298.826016868166334 21.235814975289748929
12298.902114838278067 21.237117559012094858
12298.978100704003737 21.238417460131049808
12299.053976070146746 21.23971470978753473
12299.129742586132124 21.241009339810847933
12299.205402033814607 21.24230138421584968
12299.280956107379097 21.243590875441334731
12299.356406498982324 21.2448778458151466
12299.431754915540296 21.246162327840824702
12299.507003604592683 21.247444363153835667
12299.582154230551168 21.248723983366232915
12299.657208735672612 21.250001224743218842
12299.732169062275716 21.251276123466709578
12299.807036859883738 21.252548710659166176
12299.881814351501816 21.253819027110424145
12299.956504097093784 21.255087119235248849
12300.031107890166822 21.256353020339471271
12300.105627659844686 21.257616765951443227
12300.18006551597864 21.258878394579895144
12300.254423044832947 21.260137935778562479
12300.328701745131184 21.261395417551817388
12300.402903088985113 21.262650867389751852
12300.477028689498184 21.263904315103026477
12300.551080184746752 21.265155790856130835
12300.625059001618865 21.266405321178609711
12300.698966609956187 21.267652933264326265
12300.772804607131548 21.268898656396153513
12300.846574624738423 21.270142520367130601
12300.920278032894203 21.271384550497444366
12300.993916861498292 21.272624783158693873
12301.067493080196073 21.273863253625840741
12301.141007871943657 21.27509998386307899
12301.214462441006617 21.276334996143045686
12301.287858358522499 21.277568318850974549
12301.361196926269258 21.278799975785439358
12301.43447764278244 21.280029960433100911
12301.507700039359406 21.281258266845217264
12301.580865509726209 21.282484920302390918
12301.65397530339942 21.283709943612453941
12301.727030315159936 21.284933353592730754
12301.800031733455398 21.286155171936343322
12301.872983257238957 21.287375462269668702
12301.945886453548155 21.28859425244389314
12302.018742579983154 21.289811565078395006
12302.091552895750283 21.29102742276826632
12302.164318510578596 21.292241845563395941
12302.237040593252459 21.29345485445309194
12302.309720175619077 21.294666468096927758
12302.382358562619629 21.295876709660923609
12302.454956944289734 21.297085600345731393
12302.527516344021933 21.298293158531283353
12302.600037773312579 21.299499402357902511
12302.672522236036457 21.3007043497978934
12302.744970782969176 21.301908019561583529
12302.817384413754553 21.303110429467700726
12302.889764132838536 21.30431159737386082
12302.962110953851152 21.305511541249071428
12303.034425903282681 21.306710279234170713
12303.106710023752385 21.307907829695469815
12303.178964376817021 21.309104211270430085
12303.251190045239127 21.310299442904405254
12303.323388134684137 21.31149354387770245
12303.395559774802678 21.312686533822422064
12303.467706119676222 21.313878432728749601
12303.539828367909649 21.315069261275478851
12303.61192766788372 21.316259039264906505
12303.684005243425418 21.317447787697197725
12303.756062310980269 21.318635527402062024
12303.828100132524924 21.319822279910525253
12303.900120061662165 21.321008068211536823
12303.972123649464265 21.322192918489051294
12304.044112201676398 21.32337685283249229
12304.1160884781184 21.324559917173221635
12304.188053659057914 21.325742131395927004
12304.260009337023803 21.326923522104948461
12304.331957957732811 21.328104129838315828
12304.403900533112392 21.32928397153282063
12304.475838800410202 21.330463075969319675
12304.547773683258129 21.331641458536562794
12304.619706213889003 21.332819136363109891
12304.691637356614592 21.333996125424700807
12304.763567921350841 21.335172439133572198
12304.835497826077699 21.336348076294520126
12304.907427879043098 21.337523050249991741
12304.979358711580062 21.338697371421414317
12305.051291284684339 21.339871055580374559
12305.123225813504177 21.341044106299808192
12305.195162520181839 21.342216527254748826
12305.267102311383496 21.343388333254811329
12305.339046006169156 21.344559537646226488
12305.410994382065837 21.345730153065233026
12305.482948154241967 21.346900191101315869
12305.55490789398209 21.348069660975536266
12305.626874042147392 21.349238569765677909
12305.698846936433256 21.350406922854514136
12305.770826847208809 21.351574724515845816
12305.842813916908199 21.35274197693507503
12305.914808113184336 21.353908679456043984
12305.986809267697026 21.35507482921713418
12306.058817077022468 21.35624042117213861
12306.130831133305037 21.357405448592231778
12306.202850862198829 21.358569902067536361
12306.274875464470824 21.359733768571409485
12306.346903948417093 21.360897031994149131
12306.418935130022874 21.362059673154298878
12306.490967622597964 21.363221669640427791
12306.562999270510772 21.36438298669340341
12306.635027880229245 21.365543589017804038
12306.707051293182303 21.366703441956637732
12306.779067065288473 21.36786250633319284
12306.851072415949602 21.369020737643953822
12306.923064103057186 21.370178084065234003
12306.995038330236639 21.371334484984480184
12307.066990814024393 21.372489872104157627
12307.138916912030254 21.373644171520322033
12307.210812025152336 21.374797310188370147
12307.282672060977347 21.375949223346903949
12307.354493792388894 21.377099860237859019
12307.426274902984005 21.378249184793261861
12307.49801374857816 21.379397171777853259
12307.569709035245978 21.380543801610343735
12307.641359582428777 21.381689056561778983
12307.712964202357398 21.382832918824664858
12307.784521641466199 21.383975369578141823
12307.856030598291909 21.385116389276397797
12307.927488531764538 21.386255938652027453
12307.998893993386446 21.387393995932196589
12308.070245571359919 21.388530539974475175
12308.141541930694075 21.389665550903384172
12308.212781813983383 21.390799010119149415
12308.283964030144489 21.391930900115102787
12308.355087484640535 21.393061204954761934
12308.426151197101717 21.394189910547112277
12308.497154988612238 21.39531701554821197
12308.568098513558652 21.396442515969411602
12308.638981266592964 21.397566405295407321
12308.709802730847514 21.39868867683954079
12308.780562615111194 21.399809327499465184
12308.85126072210187 21.400928355662450997
12308.921896957421268 21.402045761342769481
12308.992471337642201 21.403161546304879437
12309.062983922489366 21.404275712987036684
12309.133434822640993 21.405388264622573047
12309.203824328784322 21.406499207273967045
12309.274152753097951 21.407608547324933568
12309.344420420407914 21.408716291340141424
12309.414627785683479 21.40982244791542044
12309.484775278448069 21.41092702522260538
12309.554861739658008 21.412030006418429906
12309.624887523194047 21.413131398483791656
12309.694853068815064 21.414231209729589267
12309.764758795559828 21.415329448118701094
12309.83460512117199 21.416426121571848995
12309.904393590846666 21.417521255675151082
12309.974125630560593 21.418614874083157673
12310.043802316420624 21.419706994910182374
12310.113424750932609 21.420797636638692296
12310.182994128223072 21.421886819139100311
12310.252511735739972 21.422974563692207539
12310.321979028618443 21.424060894147785916
12310.391397484192566 21.425145834643863907
12310.460768738270417 21.426229411733757502
12310.530094565643594 21.427311654074866709
12310.59937673352033 21.428392590136429163
12310.668617332688882 21.429472253362195744
12310.737818880777922 21.430550683764639786
12310.806983898803082 21.431627921312429663
12310.876115081046009 21.432704008573825405
12310.94521523399635 21.433778989759375122
12311.014287399422756 21.434852912629725807
12311.083334747783738 21.435925826829265617
12311.152360742074961 21.436997786424090151
12311.22136875011347 21.438068843872759572
12311.290362608593568 21.439139058777573865
12311.359346553284922 21.440208496781419711
12311.428324786244048 21.441277222846029105
12311.497301366980537 21.44234529956862545
12311.566279354015933 21.443412773907137847
12311.635262850526487 21.444479708855077149
12311.704256849656304 21.445546181003521724
12311.773266203632375 21.446612264579695051
12311.842295845663102 21.447678034877878162
12311.911350571381263 21.448743564883855584
12311.980435433853927 21.449808931370412779
12312.049555518316993 21.450874211414348025
12312.118715882779725 21.45193948147978702
12312.187921719623773 21.453004819905679312
12312.257178290959928 21.454070305904824778
12312.326490996534631 21.455136020603653435
12312.395865295087788 21.456202045827090785
12312.465306845344458 21.457268466259591833
12312.534820739678253 21.458335357676844524
12312.60441192039616 21.459402793354236394
12312.674086087297837 21.460470857981050585
12312.743848887863351 21.461539635221612343
12312.8137059662713 21.462609208466901123
12312.883663172246088 21.463679664028141758
12312.953727244836045 21.464751101579288672
12313.023905267524242 21.46582362578909553
12313.094203860675407 21.466897333972934092
12313.164629599898035 21.467972322496667203
12313.235189223440102 21.469048689939793206
12313.305889637573273 21.470126537167985248
12313.376737606640745 21.471205962602244455
12313.447739862469462 21.472287063888956027
12313.51890336246106 21.473369941825374951
12313.590235065457819 21.474454696939289988
12313.661741630552569 21.47554142491059892
12313.733429527374028 21.476630218257806604
12313.805305016892817 21.477721166053505897
12313.877374118419539 21.478814353431669559
12313.949642593799581 21.479909861357398881
12314.022116092379292 21.481007768832508731
12314.094799781592883 21.482108147307773294
12314.167699388686742 21.483211076459902245
12314.240819672320868 21.484316621060266073
12314.314162793101787 21.485424806408115472
12314.38772962805524 21.486535638299514517
12314.461519487056648 21.487649098813044191
12314.535530044899133 21.488765145364048692
12314.609757793645258 21.489883717601646396
12314.684199118177276 21.491004753661094639
12314.758851043474351 21.492128201412356248
12314.833712385410763 21.493254035729329132
12314.908783749522627 21.494382258380188233
12314.984065955652113 21.495512874284067095
12315.059559187020568 21.496645878732977053
12315.135262620777212 21.497781251885381693
12315.211174463824136 21.498918959355012959
12315.287292033019185 21.50005895346247442
12315.363611902941557 21.501201175493253714
12315.44013006543355 21.5023455581229328
12315.516842042447024 21.503492027135116871
12315.593742974006091 21.504640502760910437
12315.67082765878331 21.505790900306244851
12315.74809063768771 21.506943131417855852
12315.82552627000041 21.50809710523310514
12315.903128729503806 21.509252728334061544
12315.980892058048994 21.510409905556205246
12316.058810218510189 21.511568540784729464
12316.136877111532158 21.512728537209508062
12316.215086657175561 21.513889798542319198
12316.293432819649752 21.515052229384576066
12316.371911545056719 21.516215763945432116
12316.450518516347074 21.517380332686052213
12316.529247219328681 21.518545833715194249
12316.608091266460178 21.519712167275525161
12316.687044416637946 21.52087923603085784
12316.766100627337437 21.522046945829746534
12316.84525413346455 21.5232152068595326
12316.924499546428706 21.524383935093180042
12317.003831631289358 21.525553048986651561
12317.083245162259118 21.52672246734490713
12317.162734519146397 21.527892103386982114
12317.242294384677734 21.529061875018580707
12317.32192041691269 21.53023171469152075
12317.401608483907694 21.531401558118570705
12317.481354574156285 21.532571342949406556
12317.561154899512985 21.533741010272855476
12317.641005930390747 21.534910505120542723
12317.720904316993256 21.536079775300798644
12317.800846868871304 21.537248771090443
12317.880830613325088 21.538417446079542117
12317.960852779016932 21.539585756920548221
12318.040910799609264 21.54075366337050923
12318.121002312169367 21.541921128256671381
12318.201124893099404 21.543088113620775914
12318.281276215488106 21.54425458301230023
12318.36145425443101 21.545420504468090428
12318.441657077604759 21.546585847453638252
12318.521882834395001 21.547750582700459177
12318.602129701192098 21.548914681408756877
12318.682395802525207 21.550078114103637716
12318.76267921771796 21.551240850735254639
12318.842977925552987 21.552402859881588881
12318.923289676424247 21.553564106907192155
12319.003611947142417 21.554724553324664527
12319.083941860992127 21.555884155658151968
12319.164276138066271 21.557042864749007549
12319.244610241194096 21.558200613477197294
12319.324938959942301 21.55935732524331172
12319.40525779888776 21.560512933975797267
12319.485561977777252 21.561667369721792653
12319.565846470917677 21.562820559230825523
12319.646106013358803 21.563972426059319076
12319.726334991428303 21.56512288901705432
12319.80652759759505 21.56627186440716315
12319.886677771084578 21.567419265189116118
12319.966779193682669 21.568565000935084441
12320.046825328990963 21.569708978407319933
12320.126809393434087 21.570851101158531549
12320.206724451571063 21.571991270907091121
12320.286563331210345 21.573129386337608793
12320.366318869198949 21.574265346615369765
12320.445983863501169 21.575399050704994863
12320.525551044509484 21.576530396965647896
12320.60501330194711 21.577659286377908643
12320.684363874051996 21.578785625218827704
12320.763595777118098 21.579909316954118736
12320.842702417749024 21.581030270924010495
12320.921677817943419 21.582148405505130029
12321.000516354708452 21.583263644391479374
12321.079212737420676 21.584375916253012662
12321.157762043027105 21.585485155212399633
12321.236159811724065 21.586591302172045914
12321.314402372052427 21.587694309366820988
12321.392487121294835 21.588794144263907526
12321.470412739174208 21.589890792503886985
12321.548179166305999 21.590984257520133838
12321.625787381643022 21.592074557337074481
12321.703239128577479 21.593161720664337366
12321.78053664991603 21.594245783135338712
12321.857682506060883 21.595326784730552561
12321.934679499689082 21.596404768704328347
12322.011530050775036 21.597479772831842837
12322.088237181345903 21.598551843189500943
12322.164804012572858 21.599621027099026094
12322.241233732203909 21.600687372667408681
12322.317529385314629 21.601750925867364117
12322.393693992549743 21.602811732192208183
12322.469730534065093 21.60386983643404335
12322.545641861668628 21.604925281465195752
12322.621430701010468 21.605978108276534755
12322.697099618244465 21.607028355522544416
12322.772651043591395 21.608076059857683759
12322.848087431801105 21.609121258166808843
12322.923410939869427 21.610163983104349938
12322.998623685221901 21.611204266681646402
12323.073728537197894 21.612242151202167406
12323.148727856783808 21.613277671823230008
12323.223623673360635 21.614310859023756706
12323.298417947904454 21.615341742250475221
12323.373112553255851 21.616370349650377847
12323.447709240770564 21.617396707617416496
12323.522209854372704 21.618420843741070314
12323.596616268303478 21.619442785946056063
12323.670930369762573 21.620462562252463101
12323.745154172902403 21.621480202337103549
12323.819289731447498 21.622495736329341298
12323.893339342719628 21.623509197599858567
12323.967305099697114 21.624520616623282621
12324.041189169134668 21.625530024788577776
12324.114993722305371 21.626537453449561355
12324.18872095174811 21.627542934152831577
12324.26237305486211 21.628546498412930532
12324.335952216077203 21.629548177469459347
12324.409460587608919 21.630548002026039001
12324.482900269604215 21.631546001982549399
12324.556273290245372 21.632542206168203336
12324.629581561464875 21.633536641745319429
12324.702826910282965 21.63452933464084893
12324.776011028403445 21.635520308869274686
12324.849135474158174 21.636509586566976537
12324.922201619783664 21.637497187287994649
12324.995210703104021 21.638483128712891812
12325.0681637882426 21.6394674261270481
12325.141061757885836 21.640450092326929621
12325.213905318689285 21.641431137703893484
12325.286695013293865 21.642410570416508619
12325.359431203993154 21.643388396181077127
12325.432114099439787 21.644364618641084519
12325.504743767285618 21.645339239546213861
12325.577320163703916 21.646312259156449187
12325.649843252951541 21.647283677849763706
12325.722310704855772 21.64825346532252226
12325.794722196727889 21.649221618220789054
12325.867077501385211 21.650188134489280145
12325.939378421706351 21.651153039171646242
12326.011625571019977 21.652116341377357855
12326.083826871214114 21.653078147507279994
12326.15598427563782 21.654038484183018909
12326.228100517500934 21.654997388302398065
12326.300178682307887 21.655954901314199645
12326.37222071281758 21.656911049363220201
12326.444223580714606 21.657865792620960121
12326.51618482738013 21.658819098958481675
12326.588099502096156 21.659770903406993625
12326.659962159186762 21.660721134707088709
12326.731768352692598 21.661669735075797405
12326.803515429743129 21.662616670611456016
12326.875202632529181 21.663561932527350962
12326.946830618724562 21.664505530720067128
12327.018401160372377 21.665447489721088914
12327.089916823546446 21.666387844417798192
12327.16138071763271 21.667326636712424204
12327.232796319018234 21.668263913175366042
12327.304167341311768 21.669199723321614925
12327.375497623948831 21.67013411813728041
12327.446791029424276 21.671067148727235718
12327.518051348719382 21.671998865077547691
12327.589282248107338 21.672929315364992675
12327.66048717844933 21.673858544781374746
12327.731669348380819 21.67478659519716544
12327.80283168537062 21.675713504669186449
12327.873977240113163 21.676639312717522756
12327.945108527608681 21.677564051755410901
12328.016227875965342 21.678487751650322934
12328.08733686801861 21.679410432493437355
12328.158436945013818 21.680332112467617378
12328.22952892930698 21.681252801677725728
12328.30061330008175 21.682172505754497394
12328.371689970663283 21.683091222999006931
12328.442758196319119 21.684008943227809141
12328.513816679922456 21.684925649176690854
12328.584863107198544 21.685841310548372718
12328.655894612320481 21.686755890068230457
12328.72690733312993 21.687669337800578262
12328.79789711293779 21.688581600225553814
12328.868859010444794 21.689492613969250101
12328.939788659959959 21.690402323290221887
12329.010681800315069 21.691310674010509274
12329.081535031626117 21.692217623191307752
12329.152346084547389 21.693123142520558844
12329.223114657632323 21.69402722893404345
12329.293841202968906 21.694929889000828638
12329.364527719353646 21.695831148983874215
12329.435178091438502 21.696731059060301305
12329.505796381616165 21.69762967147767796
12329.576386904967876 21.698527041494816814
12329.646952185657938 21.699423201425243946
12329.717493832284163 21.700318171849918514
12329.788012766663087 21.701211964573040802
12329.858509286930712 21.702104583463928122
12329.928983241663445 21.702996026697547904
12329.999434181398101 21.703886288696669027
12330.069861369187493 21.704775360283864671
12330.14026398047281 21.705663231218959908
12330.210639381832152 21.706549868530036207
12330.280986301168014 21.707435256507871202
12330.351303469715276 21.708319379553902451
12330.421589655104981 21.709202222595095577
12330.491843708563465 21.71008377167358816
12330.562064577821729 21.710964014103144137
12330.63225308951769 21.711842960772091971
12330.702408976410879 21.712720608853523174
12330.772532161759955 21.713596957917715713
12330.84262294086875 21.714472012185282779
12330.912681939054892 21.715345779979617902
12330.982709889933176 21.716218270944754209
12331.052707731578266 21.717089497234734807
12331.122676526973009 21.71795947251182568
12331.192617378825162 21.718828210881021334
12331.262531483120256 21.71969572755147837
12331.332420461614674 21.720562042949900672
12331.402286092057693 21.721427179354279247
12331.472131352111319 21.722291173790665653
12331.541957685603847 21.723154044191989698
12331.611764683961155 21.724015785565015335
12331.681553734739282 21.724876415078291814
12331.751325960034592 21.725735946563627721
12331.82108130423876 21.726594379312409444
12331.890821446226255 21.727451733933193623
12331.960549517218169 21.728308048777751793
12332.030267783795352 21.72916335143801092
12332.099978226238818 21.730017665885142719
12332.169681978220979 21.730871005631680504
12332.239380791801523 21.73172339169248346
12332.309076321280372 21.732574843800477993
12332.378770209825234 21.73342538146945202
12332.448463785847707 21.734275020294958836
12332.518157807637181 21.735123768866113636
12332.587853068171171 21.735971636155930753
12332.657550533962421 21.736818633205388096
12332.727251157102728 21.737664770831656824
12332.796955506904851 21.73851005516431556
12332.866663946357221 21.739354489806288484
12332.936376757450489 21.740198077362819618
12333.006093908343246 21.741040816633613986
12333.075814800824446 21.741882699585346472
12333.145538757073155 21.742723717256460247
12333.215265147266109 21.743563861299037399
12333.284993358496649 21.744403123601895089
12333.354723095411828 21.745241499902089544
12333.424454881922429 21.746078995786785271
12333.494191357425734 21.746915642182695905
12333.563938933759346 21.747751515065022687
12333.633710563455679 21.748586768333009189
12333.703525534960136 21.74942163093535541
12333.773405773175909 21.750256362288173051
12333.843372716637532 21.751091214857353862
12333.913443488081612 21.75192638856736238
12333.983627931909723 21.752761995826830344
12334.053927967863274 21.753598054320438138
12334.124338574121793 21.754434499201316555
12334.194849968405833 21.755271209416868317
12334.265450170725671 21.756108038385221448
12334.336127182656128 21.756944839931474434
12334.406870519960648 21.757781486407299809
12334.477671988952352 21.758617877758823056
12334.548525785014135 21.759453942537835047
12334.619428498244815 21.760289637810306118
12334.690379096264223 21.76112494879479442
12334.761378779379811 21.761959887001591341
12334.832430648204536 21.762794486181018527
12334.903539484374051 21.763628799624108012
12334.974711738901533 21.764462899912409455
12335.045956185196701 21.765296886444261304
12335.117282968149084 21.766130874164286269
12335.188702865862069 21.766964984851199461
12335.260228122015178 21.767799356776301067
12335.331872378334083 21.768634143814395543
12335.403650749458393 21.769469516215352201
12335.475579925927377 21.770305661695299904
12335.547677755668701 21.771142780466455235
12335.619963578179522 21.771981089023931588
12335.692460779515386 21.772820849612561034
12335.765196244523395 21.77366236360338192
12335.838198575269416 21.77450595066277117
12335.91149897467767 21.775351958808975894
12335.985131514098612 21.776200767293211413
12336.059133047558134 21.777052785387855494
12336.133543192298021 21.777908451938088774
12336.208404166469336 21.778768233269342858
12336.283760646012524 21.779632621321557195
12336.359659553249003 21.780502131006663546
12336.436149776636739 21.781377296789290909
12336.513282268077091 21.782258673595308096
12336.591109856610274 21.783146834468425368
12336.669687407782476 21.784042372170937085
12336.749072245265779 21.78494590374273443
12336.829324327678478 21.785858072229295601
12336.910506656029611 21.78677955099587038
12336.992686756257172 21.78771106016546355
12337.075940686059766 21.788653411448585473
12337.160350449450561 21.789607478099085824
12337.24600143087082 21.790574165305983456
12337.332984580811171 21.791554434316008582
12337.421393004267884 21.792549263367686052
12337.511318725582896 21.79355961092148064
12337.602850126986596 21.794586386758172836
12337.696068051187467 21.795630408392604238
12337.791040954547498 21.796692347314053251
12337.88782062993414 21.797772682154388235
12337.986438120855382 21.798871654536913667
12338.086898032617682 21.799989207676933489
12338.189169930552453 21.801124893461953036
12338.293179914304346 21.802277782681162677
12338.398803969528672 21.803446396139086971
12338.505862176260052 21.804628646274831993
12338.614116717593788 21.805821821576561348
12338.72327472172401 21.807022624540060463
12338.832996978257142 21.808227273774736688
12338.942870324495743 21.809431207250547402
12339.052363652263011 21.810628610014475726
12339.161115146182055 21.811815558842045704
12339.268800831141562 21.812988573207210408
12339.375146883730849 21.8141447444509744
12339.479936765319508 21.81528180719670118
12339.583039802926578 21.816398442008043901
12339.684343269203964 21.817493532559360858
12339.783784750861741 21.818566512368075649
12339.881343239501803 21.819617263646197358
12339.977032141981908 21.82064603804537839
12340.070890290058742 21.821653356950225344
12340.162974893244609 21.822639933743495533
12340.253358723499332 21.823606642185268356
12340.342123951060785 21.824554449448097415
12340.429358401979698 21.825484375655904046
12340.515151104067627 21.826397446271258218
12340.599593508113685 21.827294705200550595
12340.68277831854175 21.828177202425791847
12340.764795931343542 21.829045956420877417
12340.84573426699535 21.829901952781305852
12340.925677948556768 21.830746135938131403
12341.004707750187663 21.831579403777791271
12341.082900427756613 21.832402606311422488
12341.160328570735146 21.833216544562137784
12341.237064108401682 21.834022007775732988
12341.313170940922646 21.834819696388947818
12341.388708830352698 21.835610263420861088
12341.463733554417558 21.836394316461223752
12341.538297288288959 21.837172422009526684
12341.612448056574067 21.837945100086784578
12341.686230285687998 21.838712830328972814
12341.759684955342891 21.839476053860032323
12341.832849675212856 21.840235174368604731
12341.905758894523387 21.84099056054840915
12341.978444056592707 21.841742547945848685
12342.050933823544256 21.842491441514379602
12342.123254286869269 21.84323751799979263
12342.195429191044241 21.843981028438740566
12342.2674800495206 21.844722199528934681
12342.339426599568469 21.845461238465723852
12342.411286896136517 21.846198334037232769
12342.483077754097394 21.846933661276040084
12342.554814210074255 21.847667376050580401
12342.626510124295237 21.848399621338518983
12342.698178748998544 21.84913053310565445
12342.769833163596559 21.849860244778412266
12342.841483358168261 21.850588857618966188
12342.913135893848448 21.85131643750580821
12342.984796980421379 21.852043046368279988
12343.056473857206583 21.852768756182616272
12343.1281726668185 21.853493627414323441
12343.19989847222314 21.854217709270372438
12343.271655051927155 21.85494103771511476
12343.343445481785238 21.855663641416647636
12343.415272652708154 21.856385546997778135
12343.487138962846075 21.85710677596230056
12343.559046406682683 21.857827345623327631
12343.630996626352498 21.858547269645992372
12343.702990934029003 21.859266558296958749
12343.77503031732158 21.85998521852253873
12343.847115439890331 21.860703253978869043
12343.919246130531974 21.861420659978350045
12343.991421551072563 21.862137425218389097
12344.063640794045568 21.862853537753711208
12344.135902862553849 21.86356898480250166
12344.208206932040412 21.864283755339176452
12344.28055327722177 21.864997849223794191
12344.352943321946441 21.865711277609960916
12344.425378892419758 21.86642405551468471
12344.497862023348716 21.867136199884360082
12344.570394852386016 21.86784772854381842
12344.642979540820306 21.868558659411739598
12344.715618107502451 21.869269008875551918
12344.788312344580845 21.869978790979665462
12344.861063778267635 21.870688017060185615
12344.933873653020783 21.871396695611021954
12345.006742916611984 21.872104832160147225
12345.079672233472593 21.87281242942148296
12345.152662002243233 21.873519487486444035
12345.225712346975342 21.874226003759183357
12345.298823120545421 21.874931973010717456
12345.371993906803255 21.875637387420606927
12345.445224027458607 21.876342236664129359
12345.518512571099564 21.877046508211357434
12345.591858392916038 21.877750187342883237
12345.66526014707415 21.878453257478039262
12345.738716374291471 21.879155701027773517
12345.812225567771748 21.879857500032727557
12345.885786220909722 21.880558636621724844
12345.959396865020608 21.881259093370793778
12346.033056113103157 21.881958853715982372
12346.106762668554438 21.882657902029805541
12346.180515308180475 21.883356223453684919
12346.25431286597086 21.88405380373923137
12346.328154191385693 21.884750628850689225
12346.40203812719119 21.885446684755290647
12346.475963485190732 21.886141957196048935
12346.549929050239371 21.886836431732096031
12346.623933557146302 21.887530093524791397
12346.697975657452844 21.888222927031346643
12346.772053936980228 21.888914916175536973
12346.846166906982035 21.889606044270841778
12346.920312973628825 21.890296293742821376
12346.99449055500736 21.890985647224294297
12347.068698071028848 21.891674087461129972
12347.142933888133484 21.892361596800821388
12347.21719641908021 21.893048158118837421
12347.29148409746449 21.893733754580292583
12347.365795328898457 21.894418369189139639
12347.440128471045682 21.895101984607336476
12347.514481854321275 21.89578458334890243
12347.58885380524589 21.896466147996253682
12347.663242680348048 21.897146661510706878
12347.73764704842506 21.897826108893216457
12347.812065591993814 21.898504476269913255
12347.886496960711156 21.899181749550443499
12347.886496960711156 21.899181749550443499
12347.886496960711156 21.899181749550443499
12347.886496960711156 21.899181749550443499
12347.886496960711156 21.899181749550443499
12347.886496960711156 21.899181749550443499
12347.960939937467629 21.89985791593822384
12348.035392572293858 21.900532956074179936
12348.109852937908727 21.901206850928698344
12348.184320039383238 21.901879590010587151
12348.258793000522928 21.902551163960790603
12348.333271040984982 21.903221564337073346
12348.407753493615019 21.903890783761926997
12348.48224169025525 21.904558832810824498
12348.556737430311841 21.905225726151204668
12348.631241063578273 21.905891465388236838
12348.705753025553349 21.906556052865063577
12348.780274032955276 21.907219493394670451
12348.854804977698223 21.907881793295306494
12348.929346788347175 21.908542959148160634
12349.003900433401213 21.909202997823228998
12349.078466828188539 21.909861915653888076
12349.153047135161614 21.910519721087233336
12349.227642601783373 21.911176423237563426
12349.302254245381846 21.911832029112513709
12349.376883147318949 21.91248654620946823
12349.451530503136382 21.913139982948564466
12349.526197600918749 21.913792348474085969
12349.600885796591683 21.914443652431298659
12349.675596164022863 21.915093901918037744
12349.750328008247379 21.915743088605019295
12349.825080281148985 21.916391201146062429
12349.899852899219695 21.917038236599839962
12349.974645471245822 21.917684189371311021
12350.04946000146083 21.918329074515504828
12350.124299149372746 21.918972912579910428
12350.199163368906738 21.919615705009274365
12350.274052966957242 21.920257451954018535
12350.348969059117735 21.92089816044817141
12350.423912400103291 21.921537834367914144
12350.498882735570078 21.922176468945778538
12350.573880687345081 21.922814066867495342
12350.648907380831588 21.923450635039358758
12350.723962938076511 21.924086171797988243
12350.799046731437556 21.924720669136913642
12350.874157677730182 21.92535411524865907
12350.949294463935075 21.925986496461341346
12351.024455270766339 21.926617794939030404
12351.099638692268854 21.927247996425673904
12351.174845379036924 21.927877103941522563
12351.250075690253652 21.928505118026425436
12351.32532865403482 21.92913202811251594
12351.400603353422412 21.929757824149149315
12351.475898902688641 21.930382496401943371
12351.551214446553786 21.931006035443697755
12351.626549543425426 21.931628435314763692
12351.701903850596864 21.932249690894728644
12351.777277503111691 21.932869801007484512
12351.852670686252168 21.933488764873686705
12351.928082751015609 21.934106574867502815
12352.003512890161801 21.934723222109845153
12352.078961612116473 21.935338708492974291
12352.154429566509862 21.935953037015657685
12352.229915784539116 21.936566197492787467
12352.305418802718123 21.937178175795011725
12352.380936927673247 21.937788956031486265
12352.456468236225192 21.938398520570775219
12352.532011691990192 21.939006859043239217
12352.607565745791362 21.939613957029585833
12352.683127309996053 21.940219787891592773
12352.758692907731529 21.940824322091359022
12352.83425808366519 21.941427522527781946
12352.909815726819943 21.942029331279481852
12352.985362273766441 21.942629719083416973
12353.060893967260199 21.943228655388139714
12353.136406921175876 21.943826108884515236
12353.211896952198003 21.944422046190343423
12353.287359150905104 21.945016428502448491
12353.362790879475142 21.945609235193451525
12353.438187037249008 21.946200426529518523
12353.513542456235882 21.946789962608672653
12353.588851903306931 21.947377803384238604
12353.664110037920182 21.947963908342128292
12353.739311414386975 21.948548236528235833
12353.814448828063178 21.949130733751655242
12353.889516921381073 21.949711360600474563
12353.964510274565328 21.950290077561078306
12354.03942340685353 21.950866845033097263
12354.114250813188846 21.95144162361631146
12354.188986970499172 21.952014374160835786
12354.263626383171868 21.952585058115790417
12354.338163600094049 21.953153637656541264
12354.412593243569063 21.953720075900257314
12354.486910040062867 21.954284337132271787
12354.561108895444704 21.954846387365709148
12354.635184840653892 21.955406193915035118
12354.709133109136019 21.955963725967645672
12354.782948875015791 21.956518952598319316
12354.856627923432825 21.957071847798221853
12354.930166328114865 21.957622388009351511
12355.003560479923181 21.958170552311500501
12355.07680711438843 21.95871632259860462
12355.149903329353037 21.959259683678915565
12355.222846605314771 21.959800623393274321
12355.29563481938203 21.960339132684122632
12355.368266254647097 21.96087520562937101
12355.440738938963477 21.96140883454348014
12355.51305194131055 21.961940019510855393
12355.585204734294166 21.962468763628255175
12355.657197185148107 21.962995072903673588
12355.729029541971613 21.963518956121507841
12355.800702416388958 21.964040424683386021
12355.872216763338656 21.964559492430009158
12355.943573858665331 21.965076175449397056
12356.01477527528732 21.965590491877222235
12356.085822858640313 21.966102461694575254
12356.156718702086437 21.96661210652807128
12356.227465122814465 21.9671194494561135
12356.298064638418509 21.967624514822581716
12356.368519945213848 21.968127328065310877
12356.438833896667347 21.968627915547770613
12356.50901006971435 21.969126308563033945
12356.579051619020902 21.969622535164408106
12356.648961693399542 21.970116623141823453
12356.718743597513821 21.970608601161494278
12356.788400658626415 21.97109849781692148
12356.857936186106599 21.971586341343670057
12356.927353424896864 21.9720721592960615
12356.9966554921848 21.972555978111557806
12357.065845372393596 21.973037823087278042
12357.134925694777849 21.973517716848661507
12357.203898936506448 21.973995680785851192
12357.272767619297156 21.974471736424593615
12357.341534340161161 21.974945905634374554
12357.410201786287871 21.975418210724459556
12357.478771462470831 21.975888665716169612
12357.547246109776097 21.976357292976789637
12357.615628548495806 21.976824115224776079
12357.683921677549733 21.977289155519116548
12357.752127309753632 21.97775242935151141
12357.820248309451927 21.978213959204186523
12357.888287611136548 21.978673767836063746
12357.956248230340861 21.979131878350209206
12358.024134769617376 21.97958832429972631
12358.091950770440235 21.980043131814891666
12358.159699876832747 21.980496327468134865
12358.227385874635729 21.980947938526906427
12358.295012714625045 21.981397993095107779
12358.362585613542251 21.981846527397777891
12358.430109144832386 21.982293573048107049
12358.497588089772762 21.982739162715475345
12358.565027468795961 21.983183330313341486
12358.632432565465933 21.983626111135542658
12358.699808942737945 21.984067541939566581
12358.767162464780995 21.984507661064284889
12358.834499313607012 21.98494650851150567
12358.901826009185243 21.985384126048227671
12358.969149429316531 21.985820557305093104
12359.036474847122008 21.986255835073020393
12359.103808075196866 21.986689995247928664
12359.171156979871739 21.987123086507192937
12359.238529861908319 21.987555159758773726
12359.305935482738278 21.987986268268954859
12359.373383166965141 21.988416468272721005
12359.44088274708156 21.988845818570663226
12359.508444510041954 21.98927438014295177
12359.576079302349171 21.98970221676971093
12359.643798556224283 21.990129395142613333
12359.711614315952829 21.990555984974111681
12359.779539266326537 21.99098205911616688
12359.847586764579319 21.991407693696945813
12359.915770875284579 21.991832968271619819
12359.984106411897301 21.992257966009546521
12360.05260896064101 21.992682773766496496
12360.121294995715289 21.993107482716730772
12360.190181894686248 21.993532188356613943
12360.259288006573115 21.993956990828205988
12360.328632815128003 21.994381995816009834
12360.398236983208335 21.99480731469805761
12360.468122433110693 21.995233064908166654
12360.538312454262268 21.995659370452216308
12360.608831804564034 21.996086362370657952
12360.679706750372134 21.996514178816003238
12360.750965090323007 21.996942965024274486
12360.822636115593923 21.997372872898303342
12360.894750550267418 21.997804060471462861
12360.967340394678104 21.998236690795451409
12361.040438617084874 21.998670929940800534
12361.114078740021796 21.999106944405241393
12361.188294444764324 21.999544898672368731
12361.263118794526235 21.999984950574550169
12361.338583118056704 22.000427244759514167
12361.414716068140478 22.000871907312149034
12361.491542587684307 22.001319039958524115
12361.569082747266293 22.001768713661380872
12361.647350571633069 22.002220962309415597
12361.726353073556311 22.002675777763425202
12361.806089487206918 22.003133106189618928
12361.88655072021902 22.00359284576426333
12361.967719234384276 22.004054846912325161
12362.049569314369364 22.004518914785631267
12362.132067758317135 22.004984814109857183
12362.215174875715093 22.005452275686931074
12362.298845700370293 22.005921003983427653
12362.383031345911149 22.006390685359747295
12362.467680398793163 22.006860996327851865
12362.552740215311132 22.007331611087820988
12362.638158018042304 22.007802207778166093
12362.72388178680194 22.008272473441621742
12362.809860922046937 22.008742107617081274
12362.896046681753432 22.009210824599293232
12362.982392456744492 22.009678354754363738
12363.068853923132338 22.010144445126137214
12363.155389521711186 22.010608861763238053
12363.241960351171656 22.011071388844900554
12363.328518656011511 22.011531767291035777
12363.415029190693531 22.011989808702509208
12363.501466770809202 22.012445380988818755
12363.587811505291029 22.01289838220494488
12363.674048880429837 22.01334874035358169
12363.760169549803322 22.013796411648364426
12363.846168441619739 22.014241375283088331
12363.932045522666158 22.014683636841166248
12364.017804303444791 22.015123220043307128
12364.103451730463348 22.015560165771592693
12364.188997429913798 22.01599452782333799
12364.274453475083646 22.016426371414627994
12364.359832949887277 22.016855765676769607
12364.445150105695575 22.017282784315593602
12364.53042000547066 22.017707503699867289
12364.615658422751949 22.018130002260562605
12364.700881266997385 22.018550357573463572
12364.786104261193032 22.018968644759670639
12364.871335365151026 22.019384899591621263
12364.956590077181318 22.019799193605201992
12365.041883504243742 22.020211594931396348
12365.127228833262052 22.020622161001980999
12365.212638651961242 22.021030945083069241
12365.298126411280464 22.021438003287148177
12365.383705113314136 22.021843388260577967
12365.469387374007056 22.022247149525458809
12365.555185427016113 22.022649333536971739
12365.641111200351588 22.023049984078550523
12365.727176235493971 22.023449141916888294
12365.813392859785381 22.023846850234519934
12365.899772988424957 22.024243149040660938
12365.986326650687261 22.024638068506732225
12366.073063133264441 22.025031634367511657
12366.159991045335119 22.025423868298727115
12366.247118355380735 22.025814788159085111
12366.334452389077342 22.026204408054173456
12366.421999823502119 22.026592738385048165
12366.50976667661962 22.026979785877756512
12366.597758294132291 22.027365553603790005
12366.68597934056379 22.027750041021782579
12366.774433800124825 22.028133244063852203
12366.863124975130631 22.028515155212154752
12366.952055654590367 22.028895764302873772
12367.04122784347237 22.02927505744169423
12367.130642480939059 22.02965301591660463
12367.220299822440211 22.030029617936744302
12367.310199643960004 22.030404839571744446
12367.400341346645291 22.030778655247551967
12367.490723881721351 22.03115103748807968
12367.581344961728973 22.031521953758268495
12367.672201419132762 22.031891368086057525
12367.763290141903781 22.032259244950086696
12367.854607538205528 22.03262554713481336
12367.94615071561384 22.03299024048082444
12368.037918544841887 22.033353297985058816
12368.129911299056403 22.033714698146670941
12368.222133336865227 22.034074435200512454
12368.314592566664942 22.034432516477515662
12368.407297284449669 22.034788949786840107
12368.500255821336395 22.035143742010713908
12368.593476279947936 22.035496898093565932
12368.686966343662789 22.035848420348880694
12368.780733231904378 22.036198308341507612
12368.874783706298331 22.036546558965973475
12368.96912406802403 22.036893166492184548
12369.063760204289792 22.037238122790629546
12369.158697680277328 22.037581417713987264
12369.25394177256203 22.037923039254216917
12369.349497517643613 22.038262973747723805
12369.445369772058257 22.038601206113089148
12369.541563391483578 22.038937720492917549
12369.638083393723718 22.039272500808177568
12369.734935227221285 22.039605531644344438
12369.832125456063295 22.039936800501660485
12369.929661956917698 22.040266298278240242
12370.027554467564187 22.040594020885919235
12370.125814735838503 22.040919969442196447
12370.22445461834468 22.041244143723513815
12370.323481994859321 22.041566528889131149
12370.422896463554935 22.041887082265393616
12370.522690194593451 22.042205737340847094
12370.62285387439988 22.042522423636469853
12370.723381839927242 22.042837082941421301
12370.824272670924984 22.043149670570702625
12370.925527680952655 22.043460150090236738
12371.027149889037901 22.043768489773249541
12371.129142961581238 22.044074659160667551
12371.231510742361934 22.044378627560405448
12371.334257236690974 22.044680363963475855
12371.437386360841629 22.044979836284834818
12371.540901725180447 22.045277010749764202
12371.644806589014479 22.045571851808102082
12371.749103875159562 22.045864322224815623
12371.85379611549979 22.046154382978425446
12371.95888541122622 22.046441993211324473
12372.064373377976153 22.046727110148712114
12372.170261190774909 22.047009689294544188
12372.276549499625617 22.047289684281178523
12372.383237919169915 22.047567045637880057
12372.490325232725809 22.047841721487529298
12372.597809823490024 22.04811365877424123
12372.705689627906395 22.048382803218558479
12372.813962223801354 22.0486490996135025
12372.922624797065509 22.048912491810316538
12373.031674109624873 22.049172922715637668
12373.141106535689687 22.049430334456136649
12373.250918093792279 22.049684668526793985
12373.361104493726089 22.049935865967064785
12373.471661082201535 22.05018386730252189
12373.582582866294615 22.050428612669630724
12373.693864604185364 22.050670042081154776
12373.805500784963442 22.050908095437868894
12373.917485679896345 22.051142712693760473
12374.029813417522746 22.051373834059134538
12374.142477978099123 22.051601400025983679
12374.255473128792801 22.051825351278736775
12374.368792423223567 22.052045628744270545
12374.482429297704584 22.05226217382510967
12374.59637707785987 22.052474928445253255
12374.710628989083489 22.052683835101671406
12374.825178228202276 22.05288883702195335
12374.940017933755371 22.053089878129885193
12375.055141214499599 22.05328690311643669
12375.170541239202066 22.053479857605655212
12375.286211238337273 22.053668688157014088
12375.402144550267622 22.053853342337273347
12375.518334635564315 22.054033768732342224
12375.634775085371075 22.05420991694639099
12375.751459664055801 22.054381737648434125
12375.868382332524561 22.054549182580938549
12375.985537263361039 22.054712204551044863
12376.102918895532639 22.054870757470176557
12376.22052196272125 22.055024796345684024
12376.338341491136816 22.055174277226754498
12376.456372795097195 22.055319157147476261
12376.574611490181269 22.055459394090810576
12376.693053516893997 22.055594946960471958
12376.811695103475358 22.05572577548031532
12376.930532804068207 22.055851840180682899
12377.049563537231734 22.055973102374721861
12377.168784540492197 22.056089524044192984
12377.288193352731469 22.056201067761548984
12377.407787815329357 22.056307696632234894
12377.527566065240535 22.056409374229303921
12377.647526392505824 22.05650606442318562
12377.767667230178631 22.056597731345597424
12377.887987268630241 22.056684339442757192
12378.008485449994623 22.056765853420294832
12378.129160943524766 22.056842238177360116
12378.250013136630514 22.056913458755580848
12378.371041667669488 22.056979480311934338
12378.492246394613176 22.057040268052080734
12378.613627351556715 22.057095787166151268
12378.735184775290691 22.057146002803225571
12378.856919040352295 22.057190880006722011
12378.978830808926432 22.057230383731862844
12379.100921105193265 22.057264478802917296
12379.223191098677489 22.05729312978862211
12379.345642125181257 22.057316300975173817
12379.468275831173742 22.057333956348927018
12379.591094064393474 22.057346059519701953
12379.714098762604408 22.057352573673643548
12379.837292249105303 22.057353461549968898
12379.960677284498161 22.057348685350991246
12380.084256960088169 22.057338206654478086
12380.20803481400435 22.05732198632048835
12380.332015009789757 22.057299984352695787
12380.456202322146055 22.05727215975658595
12380.580602020150764 22.05723847043058683
12380.705220124336847 22.057198872961251368
12380.830063541881827 22.057153322393141082
12380.955140079171542 22.057101772010749841
12381.080458487853321 22.057044173098535822
12381.206028402300944 22.056980474743355103
12381.331860300833796 22.05691062363843713
12381.457965347723075 22.056834563970831198
12381.584355150176634 22.056752237410016448
12381.711041450700577 22.056663583212127833
12381.838035907872836 22.056568538344581754
12381.965349997724843 22.056467037575703927
12382.092990224560708 22.056359017678428103
12382.220958751471699 22.056244418065894308
12382.349258863789146 22.056123176569009559
12382.477892177437752 22.055995232012705287
12382.606862961489242 22.055860520018089943
12382.736181137634048 22.055718968989825868
12382.86585739738257 22.055570504411612376
12382.995902023474628 22.055415050084874906
12383.126323929931459 22.055252529447020748
12383.257134865076296 22.055082860357025254
12383.38834707119895 22.054905957582377596
12383.519969365170255 22.054721738250684382
12383.652009862085833 22.054530118704146702
12383.784475487498639 22.054331015427337093
12383.917372975491162 22.054124343781026596
12384.050709600975097 22.053910016860793775
12384.184493772116184 22.053687944361040962
12384.3187378015391 22.053458027460933977
12384.453456403954988 22.053220160483178347
12384.588664756496655 22.052974233827463024
12384.72437934179834 22.052720132234448158
12384.860618416709258 22.052457733507356608
12384.997402070070166 22.052186907901763391
12385.134751891460837 22.051907518292175325
12385.272692224456478 22.051619417088012653
12385.41125051920244 22.051322444686800139
12385.550457060839108 22.051016429189015611
12385.690345529837941 22.050701184292986312
12385.830953976608725 22.050376506021745371
12385.972322378738681 22.050042177284051803
12386.114491463744343 22.049697970140634595
12386.257504452634748 22.049343641139987682
12386.40140738116861 22.048978929697920393
12386.54624903257718 22.048603557370302752
12386.6920806200269 22.048217227802023643
12386.838956683041033 22.047819623447740156
12386.986934625205322 22.047410405758363083
12387.136073748208219 22.046989216945203083
12387.286435696765693 22.046555677957126562
12387.438084806517509 22.04610938657068786
12387.591087327553396 22.045649918745439777
12387.745510560453113 22.045176830510758492
12387.901422832610479 22.044689657501976399
12388.058893121638903 22.044187915629521513
12388.217991010442347 22.043671100791648598
12388.378785888040511 22.043138691119104067
12388.541346411604536 22.042590148629965796
12388.705740230361698 22.04202492018600168
12388.872033185123655 22.0414424404202407
12389.040288700507517 22.040842134297758292
12389.210567476295182 22.04022341884431313
12389.382927088690849 22.039585705366445012
12389.557420206134339 22.038928407137355237
12389.734094959207141 22.038250939516984772
12389.912995813934685 22.03755271799850135
12390.094162534911447 22.036833163604210739
12390.277631163417027 22.036091700555363815
12390.463435056202798 22.03532775333691518
12390.651604850483636 22.03454074789997108
12390.842168921048142 22.033730110810243019
12391.035161009647709 22.032895236951514306
12391.230616063256093 22.032035506219976639
12391.428567711625874 22.031150294632453779
12391.629062650028573 22.030238909087831445
12391.832148675615827 22.029300638419297087
12392.037868290646657 22.028334783407931496
12392.246271076075573 22.02734059946099876
12392.457414802191124 22.02631728869458172
12392.671366073554964 22.025263993767438819
12392.88820045407374 22.024179793996125909
12393.107986873199479 22.02306378179335411
12393.3308011546942 22.021914995101234069
12393.55673868840131 22.020732348010213286
12393.785891183330023 22.01951474760328864
12394.017737869869961 22.018264403147224328
12394.251290818137932 22.016986269885592264
12394.486979993662317 22.015677694567457934
12394.725226996279162 22.014335940744864217
12394.966451698661331 22.012958153774189185
12395.211078573944178 22.011541324113704121
12395.45954594673276 22.010082229970731049
12395.712309276648739 22.008577410901295934
12395.968968324932575 22.007028462946998104
12396.225388748031037 22.005460112341918233
12396.481999813950097 22.00386996423815944
12396.739259254100034 22.002255307788050942
12396.997665044464156 22.00061303265130519
12397.25442489381021 21.998961173960200455
12397.508062644550591 21.99731000783580015
12397.758940236310082 21.995658065209781284
12398.007403624711515 21.994003854789657026
12398.253777585161515 21.992345909902564216
12398.498363963144584 21.990682813099066806
12398.741442235346767 21.989013204663297785
12398.983271465767757 21.987335780367594396
12399.224092895539798 21.985649283309975033
12399.46413604868394 21.983952469185094714
12399.703614337220642 21.982244143967154315
12399.942731206147073 21.980523126722633975
12400.181682437239942 21.978788237758852375
12400.42064630362438 21.977038375002084791
12400.659727877577097 21.975272933747763915
12400.899112598208376 21.973490682025698106
12401.13898454873015 21.9716903530224279
12401.379530917753073 21.969870612720690417
12401.620940082568268 21.968030074680072516
12401.863399294930787 21.966167318508247774
12402.107098269791095 21.964280863201832261
12402.352229227901262 21.962369166928073838
12402.598986438057182 21.960430630691387677
12402.847565235124421 21.958463606273202373
12403.098160533236296 21.956466408499494491
12403.350964843737529 21.954437331962857627
12403.605710630756221 21.952378364107779873
12403.855373150257947 21.950346733109537212
12404.100119378748786 21.948342073386278628
12404.340132973698928 21.946363807921311917
12404.575603887862599 21.944411234718945281
12404.806721882217971 21.942483583735594266
12405.033673278710921 21.94058004822817054
12405.256635330220888 21.938699836861477621
12405.475710213837374 21.936842740104520288
12405.690471798370709 21.935013020237189352
12405.898906161883133 21.933228612922430756
12406.10153916991294 21.931485850151545947
12406.298888545077716 21.929781015117022491
12406.491455051762387 21.928110429396440395
12406.679723467168515 21.926470455461910092
12406.864140601390318 21.924857698950571461
12407.045120888700694 21.923268971771147307
12407.223045802427805 21.92170130747382828
12407.398265569430805 21.920151955408400113
12407.571099039709225 21.918618390134970042
12407.741830503222445 21.917098347383106471
12407.910706945975107 21.915589856033296456
12408.077930942949024 21.914091309183273637
12408.243659422261771 21.91260148305275024
12408.407991903273796 21.911119650676468495
12408.570961137038466 21.909645675313200286
12408.732623186093406 21.908179201516961854
12408.893037146928691 21.906719837065224965
12409.052290528183221 21.905266921030953853
12409.210497342319286 21.903819538009742018
12409.367791553011557 21.902376575449558516
12409.524325284999577 21.900936738196360665
12409.680268379428526 21.89949855094337039
12409.835834137382335 21.898060118324504941
12409.99122889055252 21.896619588428169578
12410.146657461878931 21.895175103389238558
12410.302294446863016 21.893725067964318498
12410.458454504720066 21.892266560977876821
12410.615527020341688 21.890795932146524194
12410.773997200136364 21.889308595729314533
12410.93447349640519 21.887798761528717506
12411.096024607832078 21.886275124254076729
12411.259078783079531 21.884733595687812624
12411.42419368307128 21.883168821657722702
12411.591964301571352 21.88157504307453749
12411.763008681440624 21.879946227486811949
12411.937945013669378 21.878276284551144926
12412.117348036104886 21.876559482665182799
12412.301694540214157 21.874790976210523041
12412.4912385949483 21.872968017610254776
12412.685817887349913 21.8710918534373846
12412.88466304587746 21.869169621898375766
12413.086275215193382 21.867215618045101166
12413.287984729628079 21.86525567936585901
12413.486770326424448 21.863319335561126167
12413.680722294870066 21.861425532233837998
12413.868615648994819 21.85958666655136895
12414.049899692878171 21.857808600525572729
12414.224541715248051 21.856092120306513493
12414.39284066550681 21.854434719443414536
12414.555268260588491 21.852832138958998343
12414.712365706420314 21.851279377855409081
12414.864677074034262 21.849771352250851209
12415.012726603901683 21.848303125057576324
12415.157007720357797 21.846870020818617064
12415.297984165244998 21.845467620208797399
12415.436090019104086 21.84409176487156401
12415.571730025725628 21.842738558667392113
12415.705285042547985 21.841404317173260807
12415.837111491098767 21.840085576402923806
12415.96754616978069 21.838779047497951069
12416.096902874440275 21.83748165298889532
12416.225473065605911 21.836190522427177285
12416.353523393077921 21.834903019388065104
12416.481290760064439 21.833616793275766099
12416.608983411068039 21.832329770594700591
12416.73673287848942 21.831040642202637514
12416.864685182919857 21.829747946177207041
12416.993009979551061 21.828449974550871104
12417.121865672446802 21.827145125555805549
12417.251407690784617 21.825831820470401823
12417.381792024192691 21.824508468008083639
12417.513180878786443 21.823173406881881675
12417.645748848855874 21.821824842717145287
12417.779686029136428 21.820460815704198154
12417.915201732728747 21.819079161847845683
12418.05253124894989 21.817677442901064921
12418.191940994849574 21.816252892236541072
12418.3337357095279 21.814802339422961097
12418.478269394034214 21.813322095874585926
12418.625954414428634 21.811807858512487712
12418.777260586248303 21.810254715580239093
12418.932695385730767 21.80865734645028553
12419.092841932591909 21.807009627940114882
12419.258507627004292 21.805303097129417722
12419.430774666576326 21.80352641524259738
12419.610973076818482 21.801665627253047575
12419.800764995208738 21.79970327095228555
12420.002294152282047 21.797616801615212978
12420.207552865054822 21.795488863356951015
12420.409625220252565 21.793391204372962733
12420.608750618492195 21.791321522545832323
12420.805151539016151 21.789277672316089252
12420.999035565017039 21.787257645911317638
12421.19058725116156 21.785259660241607094
12421.379989167167878 21.783281939350843004
12421.567413710472465 21.781322801010400525
12421.750803259543318 21.779403897272231916
12421.92953455465431 21.777531928256575355
12422.104399928961357 21.775698762252837071
12422.276116844281205 21.773897015167147373
12422.445330550366634 21.772120029299642852
12422.612626413299949 21.770361749474449908
12422.778541283956656 21.768616607986114531
12422.943562103706427 21.766879542893153854
12423.108136481812835 21.765145889837068438
12423.272683246079396 21.763411273351465525
12423.437413819667199 21.761673493817848879
12423.602703544693213 21.759928614451858664
12423.768934508578241 21.75817261679462078
12423.936488847009969 21.756401471890704613
12424.105754348845949 21.754611081547277962
12424.27714405169354 21.752797071213990421
12424.451126014315378 21.750954474270198347
12424.626957030632184 21.749091154065627762
12424.803457198224351 21.747219626978623097
12424.980825499214916 21.745337806163444583
12425.159276610140296 21.743443434194471564
12425.339043519261395 21.741534055189219998
12425.520380548799949 21.739606982580827577
12425.703566935624622 21.737659260906134762
12425.888911012916651 21.73568762115003139
12426.07676121154509 21.73368836344219801
12426.267507784250483 21.731657338331299201
12426.461584044285701 21.72958993331705102
12426.659481871491153 21.727480907417948686
12426.861764850680629 21.725324250756525402
12427.069084089895114 21.723113015472456766
12427.282199502662479 21.720839088266004069
12427.501043202082656 21.718503189114183982
12427.717775675917437 21.716189043337575271
12427.932557209162042 21.713895028291425149
12428.145548776066789 21.71161950802484597
12428.356936961605243 21.70936056754815624
12428.566882121380331 21.707116567306098176
12428.775538540829075 21.704885928529222383
12428.983057427012682 21.702667101828122753
12429.189586752610921 21.700458569379740936
12429.395273945254303 21.698258816655162207
12429.599516434587713 21.696074348918429564
12429.801814019996527 21.69391057597547956
12430.002187774756749 21.691767329724093827
12430.200650306542229 21.689644529466832523
12430.397207071911907 21.687542167964654283
12430.59186785563179 21.68546018874230441
12430.784643673638129 21.683398519310504327
12430.975554749853472 21.681356985965990702
12431.164633482419958 21.679335282231402715
12431.351936252933228 21.677332842818707093
12431.53748448081933 21.675349474011529338
12431.721320649809059 21.673384754772264671
12431.903477185484007 21.671438369592248563
12432.083993335336345 21.669509928201488691
12432.262913093967654 21.667598987927469523
12432.440285117076201 21.665705054801541962
12432.616154978277336 21.663827666400162997
12432.790586865563455 21.661966160418689498
12432.963651936513997 21.660119799314678346
12433.135427742588945 21.658287776713684991
12433.305995542828896 21.65646924631408865
12433.475447526065182 21.654663245154466722
12433.643903991180196 21.652868510982624883
12433.811504789504397 21.651083574127088838
12433.978381569662815 21.649307053543459745
12434.14466125645049 21.64753761985783953
12434.310476162398118 21.645773887948436709
12434.475976627227283 21.644014282935803095
12434.641316729814207 21.642257192658277631
12434.806666224092623 21.640500841268039522
12434.9721354688063 21.638744086721960258
12435.137939505764734 21.636984678789055181
12435.30431840347228 21.635220106827897979
12435.471550679136271 21.633447458702203647
12435.639946112491089 21.631663498548931557
12435.809838510658665 21.629864744951742495
12435.981585331479437 21.628047476439935082
12436.155551443120203 21.626207904823008477
12436.332083595434597 21.624342446118127725
12436.511488688633108 21.622447950366815661
12436.694001491916424 21.620522041723702955
12436.87973167848395 21.618563674852659062
12437.068611491004049 21.616573681648869609
12437.260342599814976 21.614555323013018295
12437.454355834421222 21.612514701382728788
12437.649804536966258 21.610460816623273672
12437.845350435201908 21.608407797688414576
12438.039453007828342 21.60637184206903072
12438.231024887800231 21.604364338297244785
12438.419235277553526 21.602393944201956799
12438.603586544533755 21.60046579866405736
12438.783895272483278 21.598581736396610609
12438.960239939106032 21.596740849944737306
12439.132884772303441 21.594940296767482835
12439.302214562905647 21.593175987513347991
12439.46868913155231 21.591443065821117386
12439.632783010738422 21.589736539074571908
12439.794971349925618 21.588051425594358079
12439.955702445598945 21.58638303981938833
12440.115394917695085 21.584727020456416113
12440.274434178236334 21.583079365839882513
12440.433171111615593 21.581436446235684912
12440.591918202580928 21.579795042460592214
12440.750833412188513 21.578153543176082252
12440.910203070538046 21.576509019474698903
12441.070294706742061 21.574858748250147045
12441.23136137351139 21.57320016710963273
12441.393649867819477 21.571530789514337556
12441.557401040678087 21.569848201722319203
12441.722848779858396 21.568150073391912258
12441.890225321370963 21.566434103291918234
12442.059759689262137 21.564698035742079441
12442.231671773246489 21.562939721567314422
12442.406171742473816 21.561157124157354303
12442.583455602756658 21.559348364804328924
12442.763695664396437 21.55751181951136175
12442.947033338092297 21.555646191310341209
12443.133570898808102 21.553750592357641125
12443.32337294383251 21.551824526868184506
12443.51644968783512 21.549868057884680184
12443.712740918488635 21.547881965633759904
12443.912124896007299 21.545867652260511704
12444.114422325430496 21.543827096674288413
12444.319401858412675 21.541762794054395869
12444.526802560183569 21.539677525177591377
12444.736359789183552 21.537574093575717171
12444.947821329727958 21.535455162859840073
12445.160967185309346 21.533323059189868331
12445.375626066093901 21.531179608939549297
12445.591686265643148 21.529026034187321414
12445.80910123977992 21.526862902267779987
12446.027892609832634 21.524690101733032321
12446.248150655192148 21.5225068437474647
12446.470035007445404 21.520311661815362925
12446.693774609293541 21.518102419121170499
12446.916203668086382 21.515910419424699285
12447.133906696830309 21.513769174810317253
12447.347388952923211 21.511673485279523277
12447.557159146905178 21.509618156641117537
12447.763699071540032 21.5075982965804684
12447.967401164189141 21.505609920254766365
12448.168619552190648 21.503649444651898648
12448.367679421386129 21.501713593669339986
12448.56487663225198 21.499799398916824344
12448.760481882702152 21.497904156568004908
12448.954765125949052 21.496025189029328573
12449.147961536646108 21.494160173024777549
12449.340295349989901 21.492306906965168878
12449.531976550199033 21.490463341800026598
12449.723203483194084 21.488627554729340829
12449.914165091713585 21.486797726838172906
12450.10504258342371 21.484972126413957483
12450.295966013483849 21.48314952245802445
12450.487066962579775 21.481328678748496941
12450.678516275933362 21.479507995547454158
12450.870482294194517 21.477685909420571875
12451.063146211254207 21.475860747866910572
12451.256687282657367 21.474030870469508869
12451.451268321890893 21.472194805722583766
12451.647054769526221 21.47035107039112134
12451.844216936386147 21.468498149021950638
12452.042930247684126 21.466634492484811148
12452.243362027358671 21.464758642431501556
12452.445687642157282 21.462869080323404347
12452.650103197043791 21.460964110528959026
12452.856813029204204 21.459041979142917
12453.066034020661391 21.457100835514275161
12453.277994398044029 21.455138745393696809
12453.492935588423279 21.453153675864985672
12453.711118668436029 21.451143438384264073
12453.932822438115181 21.449105709737327885
12454.158341450121952 21.447038053360433452
12454.388000603508772 21.444937789326814936
12454.622152378608007 21.4428020248126181
12454.861174424762794 21.440627681341265287
12455.105488622282792 21.438411327540144669
12455.355561313983344 21.436149185414326013
12455.610876368993559 21.433846388028435115
12455.864213167304115 21.431568225517956705
12456.115936225121914 21.429311309369403205
12456.366416332193694 21.427072233336577511
12456.616018518425335 21.424847681226868445
12456.865095000610381 21.42263448869794118
12457.113957082136039 21.420429890199741862
12457.362883073794364 21.418231443810089587
12457.612075318249481 21.416037404818471401
12457.861812826882669 21.413845377970645245
12458.112357192911077 21.411653150203967755
12458.363959578444337 21.409458627803580555
12458.616857407927455 21.407259864090899981
12458.871268046186742 21.405055112659564287
12459.127381334628808 21.402842889362055701
12459.385371611593655 21.400621865504191987
12459.645406371040735 21.398390791848335368
12459.907631917927574 21.396148620452589029
12460.172171044800052 21.393894521671729336
12460.430105543242462 21.391704315366855127
12460.679667732383678 21.389592373952964977
12460.92197169704923 21.3875486187650381
12461.157918371423875 21.385564899283817653
12461.388291051021952 21.383634158405236292
12461.61376260976067 21.381750351762164541
12461.834909844588765 21.379908310393776816
12462.052235440116419 21.378103543587823054
12462.266209537359828 21.376331883787241139
12462.477229143443765 21.374589815453319375
12462.685646775411442 21.372874229416016334
12462.891779772742666 21.371182340192081739
12463.095918502389395 21.3695116139503547
12463.298334825336497 21.367859695701771017
12463.499277021177477 21.366224447866684955
12463.698979118385978 21.364603871526103518
12463.897663982514132 21.362996079498611124
12464.09554681463851 21.361399266608358971
12464.292839357492994 21.359811674805467163
12464.489750305909183 21.358231589322194566
12464.686496040983911 21.356657252436018979
12464.883266010512671 21.355087140110434518
12465.080191398727038 21.353520207877792814
12465.277496081842401 21.351954688230495805
12465.475412605384918 21.350388764909492778
12465.674179438086867 21.348820595597704397
12465.874043968315164 21.347248289191270487
12466.075265186898832 21.345669885999956961
12466.278115961413278 21.344083341583257152
12466.482885070614429 21.342486512859963455
12466.689885305497228 21.34087709751531392
12466.899451508574202 21.33925265255859216
12467.111932882597102 21.337610656996620406
12467.327688683746601 21.335948547556082389
12467.547062826975889 21.334263915633759012
12467.770344421282061 21.332554808135444802
12467.997703816232388 21.33082020884558716
12468.229096176326493 21.329060756135337584
12468.46415202809294 21.32727954338916021
12468.702088772159186 21.325482742853203888
12468.941696816444164 21.323679653609818985
12469.180912079722475 21.321885843264116289
12469.417904163907224 21.3201149183859755
12469.651493889432459 21.318375455057196888
12469.881001489935443 21.316672212446501788
12470.106140053461786 21.31500698668562066
12470.327000940224025 21.313378768955235643
12470.543960572098513 21.311784475306623676
12470.757560795025711 21.310219854007101503
12470.968419446200642 21.308680154607134938
12471.177164011929563 21.307160616512899054
12471.384400319073393 21.30565669492084524
12471.590692569805469 21.304164201058156891
12471.796554186719732 21.302679362391089057
12472.00244296753408 21.301198851101972309
12472.208570393280752 21.299721142537567431
12472.415327826054636 21.29824344668409708
12472.623065099011001 21.296763302957749886
12472.832096582376835 21.295278532686879203
12473.042708575327197 21.293787183097947491
12473.255173359306355 21.292287425385602262
12473.469730366547083 21.290777685717497292
12473.686570942500111 21.289256748554553411
12473.905860552304148 21.287723596494593892
12474.127742271610259 21.286177383274505814
12474.352332423568441 21.284617461654864456
12474.579720833386091 21.283043378730074124
12474.809959815207549 21.281454948792482895
12475.043079172915895 21.279852145995874935
12475.279101557371177 21.278234996610322582
12475.518032867839793 21.276603643506604158
12475.759867540102277 21.274958308112864813
12476.004594458556312 21.273299248868017486
12476.252202670470069 21.271626721842110896
12476.502688984161068 21.269940929525734674
12476.752029265097008 21.268268985695119255
12476.997549738282032 21.26662860418570844
12477.23977538309191 21.265015988465254537
12477.47917066327318 21.26342779767279012
12477.716143753203141 21.261861109580227236
12477.951057444681283 21.260313340749224409
12478.184222519710602 21.258782283535527569
12478.415905531313911 21.257266048431915806
12478.646342679807276 21.255762968038141025
12478.875740871197195 21.254271586241220149
12479.104275281155424 21.252790670298828957
12479.332094208932176 21.251319175746480994
12479.559323572964786 21.24985621433296501
12479.786065442083782 21.248401060828705056
12480.012406668565745 21.246953095207402384
12480.238421359326821 21.245511785178187836
12480.464166851574191 21.244076710289146348
12480.689687132287872 21.242647538494971116
12480.91501550060093 21.241224007952848041
12481.140175818853095 21.239805918047022004
12481.365184299414977 21.238393117229037443
12481.590045196975552 21.236985529186615196
12481.814755575844174 21.235583122004175749
12482.039311951730269 21.234185866247923258
12482.263700247216548 21.232793797178082684
12482.487902827659127 21.231406970373324583
12482.711899743322647 21.230025453837154004
12482.93566981244112 21.228649321231213065
12483.159191799601103 21.227278644650567685
12483.382449538696164 21.225913463443369267
12483.605424182980641 21.224553831942621684
12483.828099335260049 21.223199788188907178
12484.050460772752558 21.221851355907290326
12484.272502369989525 21.220508509014116783
12484.494217281171586 21.219171225473608899
12484.715602439033319 21.217839460285567554
12484.936659811166464 21.216513138324327059
12485.157393823563325 21.215192170182000098
12485.377812903010636 21.213876443207077216
12485.597929379451671 21.212565822416085126
12485.817758646759103 21.211260155777708292
12486.0373206515942 21.209959265629770186
12486.256638700682743 21.208662956041067105
12486.475738366798396 21.207371019475004914
12486.694648068425522 21.206083233516785924
12486.913398715094445 21.204799363116094923
12487.132023491711152 21.203519161977570917
12487.350559777982198 21.202242361465835074
12487.569045027617904 21.200968694823750127
12487.787518810440815 21.199697885256089336
12488.00601082212961 21.198429715522788541
12488.224555287733892 21.19716394393948633
12488.443198347780708 21.195900261966318823
12488.661988788768213 21.194638348274477124
12488.880977845125017 21.193377869966848692
12489.100218891890108 21.192118484407615142
12489.319767071798196 21.190859841397674757
12489.539678857820036 21.189601585688901508
12489.760011653046604 21.188343359253654086
12489.980823176150807 21.187084804747467359
12490.202170864586151 21.185825568830882304
12490.424111502192318 21.184565304183013978
12490.646700789267925 21.183303671816549496
12490.869992732641549 21.182040344386820152
12491.094039615705697 21.180775006195180055
12491.318892186722223 21.179507351966499584
12491.544599496084629 21.178237087616349044
12491.771209240610915 21.176963928166376405
12491.998767787968973 21.175687597481022806
12492.227320912792493 21.174407824022996039
12492.456913935540797 21.17312433998943888
12492.686712201535556 21.171841786036868172
12492.916628374568973 21.170560611904136294
12493.146816144102559 21.169279924647554481
12493.377193315252953 21.168000146223445057
12493.607866487374849 21.166720649650795139
12493.838966500501556 21.165440677523463364
12494.070585638719422 21.16415968985534235
12494.302828984236839 21.162877078968989508
12494.535805673527648 21.161592218043768554
12494.769622999301646 21.16030449358482457
12495.004386230784803 21.159013306195582516
12495.240202944851262 21.157718046589536698
12495.477188675009529 21.156418064568800474
12495.715473482539892 21.155112633187783899
12495.955187762128844 21.153801026705320254
12496.196476415458164 21.152482443021302316
12496.439518756098551 21.151155895415360675
12496.684515386048588 21.149820284982592256
12496.931689559924052 21.148474393667385129
12497.181287237213837 21.1471168844453139
12497.433680345240646 21.145745741094092551
12497.689298112740289 21.144358644128427471
12497.94852262551467 21.142953537912561046
12498.211749345784483 21.141528301302052739
12498.469179496063589 21.140135927847403252
12498.721415944835826 21.138773020611107967
12498.969018807851171 21.137436433854041695
12499.212512699832587 21.13612323097912693
12499.45237750027627 21.134830731821491412
12499.689051423376441 21.133556493759851236
12499.922946767695976 21.132298224988584678
12500.154452430579113 21.131053769514704044
12500.383926302776672 21.129821146707222113
12500.611704682483833 21.128598499480556683
12500.838128845760366 21.127383950815126212
12501.063513441302348 21.126175772671995645
12501.288161859871252 21.124972302737855756
12501.512381116141114 21.123771864166158707
12501.736466945811117 21.122572844961851501
12501.960632176809668 21.121374080380931559
12502.185110832269856 21.120174295149823251
12502.410228809369073 21.118971726059537986
12502.636333773523802 21.117764497155338432
12502.863798290993145 21.116550602970608708
12503.093038279967004 21.115327810094687067
12503.324528560688123 21.114093574440499168
12503.558800441940548 21.112845054381509158
12503.558800441940548 21.112845054381509158
12503.558800441940548 21.112845054381509158
12503.558800441940548 21.112845054381509158
12503.558800441940548 21.112845054381509158
12503.558800441940548 21.112845054381509158
12503.796433693434665 21.11157915368454141
12504.038060059907366 21.11029250282138392
12504.284396146083964 21.108981283949781016
12504.533391874723748 21.107656401044110339
12504.780773881397181 21.106340564097759938
12505.026830398679522 21.105032201461497721
12505.271825343092132 21.103729874100238817
12505.516029343736591 21.102432110156293277
12505.759677140074928 21.101137630957783387
12506.002994770602527 21.099845206070234838
12506.246204326200314 21.098553627729334181
12506.489489647121445 21.097261892683302875
12506.733013339844547 21.095969111458430234
12506.97699408880726 21.094674097755234499
12507.221645341338444 21.093375693848173569
12507.46718368474103 21.09207272590179727
12507.713822680783778 21.09076403647775777
12507.961782077791213 21.089448435440615981
12508.211287262580299 21.088124702661101395
12508.462561219295822 21.086791630462702329
12508.715836052766463 21.085447962262222177
12508.971347208202133 21.084092423004271666
12509.229330168964225 21.082723736434655137
12509.490028651882312 21.081340581365498821
12509.753692021215102 21.079941605117372916
12510.020568534868289 21.078525459060703184
12510.290912409227531 21.077090760817405624
12510.564987687335815 21.075636073387190805
12510.843079010552174 21.074159847569834625
12511.125567164459426 21.07266002034365826
12511.412016803806182 21.071138858914537195
12511.703180828004406 21.069592317630554845
12511.997114188952764 21.068030679759562673
12512.289512030551123 21.066476779549120124
12512.580339075890151 21.064930777369475834
12512.86962842723733 21.063392471393576955
12513.157368947226132 21.061861896098140079
12513.44370005498422 21.06033828586164347
12513.728808755025966 21.058820621628768777
12514.012921553066917 21.057307673270489801
12514.296647139741253 21.055796172963095358
12514.580346640199423 21.054284167538281025
12514.864231963110797 21.052770496297288361
12515.148698590821368 21.051253016798899154
12515.423014656887972 21.049788983656657848
12515.689878591783781 21.048364034739659445
12515.951614525711193 21.046965782836878134
12516.210113346012804 21.04558413457627708
12516.466933136927764 21.044210757819310942
12516.723363050154148 21.042838743249181022
12516.980164657648857 21.041463992046725906
12517.238220010367513 21.040081750515494008
12517.498536830702506 21.038686579501231222
12517.762105859603253 21.03727311647914533
12518.029953718039906 21.035835790664197731
12518.303187244791843 21.034368582562152028
12518.583025902671579 21.032864846266225101
12518.870834007231679 21.031317131330069969
12519.165790123073748 21.029729724472542074
12519.464077910046399 21.028123056364503185
12519.765263430226696 21.026499379851891547
12520.062457880361762 21.024895797231135219
12520.356125704114675 21.023309815100148512
12520.646757061749668 21.021738794274238415
12520.934863736347324 21.020179970909659062
12521.22094109113641 21.018630661649840619
12521.505467456436236 21.01708826693000276
12521.788867576951816 21.015550469419334689
12522.071542777192008 21.014015071090085485
12522.353872184366992 21.012479986775186802
12522.636219148285818 21.010943209416051758
12522.918798992228403 21.009403531063391313
12523.202006714989693 21.007858758437400581
12523.486221314915383 21.006306776295176064
12523.771841220141141 21.004745353623896165
12524.059289095148415 21.003172116176671125
12524.348526258996571 21.001587207477250274
12524.630358259833883 21.00004103167605507
12524.90731398205935 20.998519804553545498
12525.181454505787769 20.997012251889895396
12525.45452962948184 20.995508762063430197
12525.727852976244321 20.994002084146444531
12526.002396499809038 20.992486819273977972
12526.279650499449417 20.990954675543214591
12526.561163872855104 20.989396993596461272
12526.848621034014286 20.987804315259783294
12527.140819009013285 20.98618315793136091
12527.434720029641539 20.984550272497610734
12527.731571035135858 20.982898647064729403
12528.032734409032855 20.981220584704384891
12528.33972985109358 20.979507462344784585
12528.645944199915903 20.977796089127213719
12528.950495353316001 20.976091396631868946
12529.254769863835463 20.974385620446557965
12529.559613115712636 20.972673990176847525
12529.866288117122167 20.970949356125540675
12530.176160124019589 20.969203947211894956
12530.490457322852308 20.967430715634883143
12530.810087203331932 20.965624379446321512
12531.135490059588847 20.963782265628925217
12531.46650815823341 20.961905074031914609
12531.802261280476159 20.959997614820174761
12532.141240259912593 20.958068313901851099
12532.476391041571333 20.956157304280132792
12532.804839738961164 20.954281113563030914
12533.128244115938287 20.952430432037612462
12533.448098154336549 20.950596821818869842
12533.765733560107037 20.948772717414716027
12534.082401032708731 20.946950966285559304
12534.399197517785069 20.94512525238640066
12534.716856267144976 20.943291316550809
12535.036613570353438 20.941441957141606167
12535.353910122184971 20.939603530485992877
12535.657192166565437 20.937843214998721919
12535.949207704034052 20.936145424051211705
12536.232091668633075 20.93449802680593308
12536.507554274498034 20.932891284491354611
12536.776925534075417 20.931317613984401049
12537.041373011934411 20.929770332656907783
12537.301905055661337 20.928243648419094569
12537.559428369651869 20.926732329777220087
12537.814752306232549 20.925231685795118608
12538.068630009720437 20.923737328419111492
12538.321809607061368 20.922244873124409281
12538.575015104946942 20.920750052012184739
12538.828627615206642 20.919250600822010711
12539.083390256259008 20.917742096834533783
12539.340082446657107 20.91621987539310723
12539.599571982596899 20.914678718090506493
12539.862816697848757 20.913112837907309682
12540.130891434311707 20.911515712864556349
12540.405033016568268 20.909879809982498955
12540.686692275508904 20.908196263518210145
12540.97398283675102 20.906476141383727452
12541.258459633179882 20.90476995435983909
12541.540439893489747 20.903075871191951762
12541.820260470974972 20.901391929525932056
12542.0981819495737 20.899716613562574707
12542.374443261916895 20.898048527915417338
12542.649255375279608 20.896386436948894527
12542.922825131578065 20.894729121652073189
12543.195333941312128 20.893075509237686305
12543.466925390815959 20.89142474978163122
12543.737720521630763 20.889776124984933858
12544.007822229807061 20.888129022402061707
12544.277316660140059 20.886482927775215757
12544.546260076094768 20.88483750621812618
12544.814714426205683 20.883192385524491641
12545.081579309327935 20.881554331249553513
12545.344880052623921 20.879935532136450149
12545.605763482799375 20.878329017060234918
12545.865239418513738 20.876728614673030648
12546.124223884629828 20.875128693351044262
12546.383401299963225 20.873525019191742302
12546.643319611737752 20.871914177131003498
12546.90472824958124 20.870291477807541014
12547.168303589376592 20.868652655157195142
12547.434653966540282 20.86699383798814722
12547.703090723545756 20.865319225585505336
12547.972195432894296 20.863637608176865967
12548.24209884350239 20.861948129311247868
12548.51294065248112 20.86024986964952177
12548.784895800105005 20.858541681000517087
12549.058171998563921 20.856822199749352365
12549.333012440760285 20.855089827691760007
12549.609728076391548 20.853342525712733391
12549.888677165814443 20.851577938919472643
12550.170275413514901 20.849793329012523913
12550.455008556520625 20.847985490117739715
12550.743448590326807 20.846150640253167552
12551.036277860570408 20.844284260999472735
12551.334315017988047 20.842380922860243686
12551.638548723354688 20.840434058110954396
12551.948822499192829 20.83844438858695014
12552.260062068429761 20.836444271969600806
12552.564386255646241 20.834484436353729819
12552.864801813120721 20.832545700513673381
12553.16362937305712 20.830613162427003004
12553.462619320358499 20.82867549433854748
12553.757795680325216 20.826758501705455728
12554.048366043676651 20.824867467852005376
12554.334807580306006 20.822999431593110842
12554.617589499213864 20.821151458624076014
12554.897175076053827 20.819320629004131717
12555.1740255051227 20.817504012418286408
12555.448602289588962 20.815698652709180294
12555.721369066217449 20.813901555829925627
12555.992793167552009 20.812109679320201394
12556.263345484279853 20.810319932831326639
12556.533521637178637 20.808529037177894594
12556.803752122586957 20.806734119752640311
12557.07433210290219 20.804933186302715598
12557.345763296072619 20.803122847169248644
12557.618518025241428 20.801299881063801678
12557.893088306384016 20.799460907234646356
12558.170028311571514 20.797602097844073654
12558.449918666397934 20.795719412752575295
12558.733373549990574 20.793808548222106225
12559.021048748645626 20.791864878279568529
12559.313650610240074 20.789883388718632062
12559.611945797943918 20.787858604248601324
12559.916771633917961 20.785784510004241099
12560.229046611975718 20.783654469985265223
12560.545631012773811 20.781489558314156341
12560.853125073057527 20.779381488568350989
12561.15283249499771 20.777321716578189381
12561.445928640643615 20.775302490335850081
12561.733473732170751 20.773316772548913178
12562.016443449487269 20.771358040325335281
12562.295720552510829 20.769420351812716063
12562.572114389962735 20.76749821890076575
12562.846423569217222 20.765586176367499149
12563.119417940508356 20.763678908955501612
12563.391862035619852 20.761771089237466725
12563.664418287380613 20.759858057654689389
12563.937600416222267 20.757936158425007278
12564.212237329233176 20.755999475790858355
12564.487233459922209 20.754055656483259895
12564.761784563434048 20.752110353114943564
12565.036641021555624 20.750158217594162124
12565.312577976741522 20.748193673559448769
12565.590633418685684 20.746209211660140426
12565.871946577333802 20.744196522048085285
12566.157773130909845 20.742146372714998392
12566.448362490526051 20.740056678283238512
12566.736018153154873 20.737982691719835771
12567.022436512545028 20.735912256007420496
12567.308992098276576 20.733835423059268521
12567.596536489762002 20.731745945737824144
12567.886507007020555 20.729633237413892743
12568.180377960212354 20.72748632618632314
12568.479757677307134 20.725293134018784258
12568.786380674162501 20.723040513121450346
12569.099747452712108 20.720731637889979737
12569.407551501988564 20.7184570896046516
12569.710819022788201 20.716209558203399155
12570.010562933728579 20.713981744844325306
12570.307725058708456 20.711766795901265681
12570.603185527552341 20.709558240614704516
12570.897756233080145 20.707350046704068092
12571.192195371973867 20.705136517677114938
12571.486940231747212 20.702914315267435086
12571.78098871183829 20.700690962646280724
12572.074619086048187 20.69846434810357394
12572.357567751187162 20.6963126198782561
12572.631534046195156 20.69422344564323879
12572.899012492807742 20.692178251456390115
12573.161937438459063 20.690162554090509417
12573.421890116876966 20.688164430474081712
12573.680227206292329 20.686173564183022222
12573.938217155291568 20.684180214362765327
12574.196617349078224 20.682178504216970794
12574.456408827258201 20.680160757960187823
12574.718772831909519 20.678117659772205172
12574.984937728979276 20.676039427720219521
12575.256233222098672 20.673915380234163308
12575.534193415991467 20.671733110056631944
12575.820680242120943 20.66947748157302911
12576.117964618102633 20.667129941301819684
12576.428882166337644 20.664667218460717635
12576.756950120536203 20.662060300425302728
12577.085026104943609 20.6594447444748468
12577.413309561956339 20.656818959539513969
12577.742182566460542 20.654179873264858713
12578.065707882429706 20.651575337342318761
12578.383524571052476 20.649008710836241676
12578.696433598144722 20.646473959131405707
12579.005118479619341 20.643965921556922893
12579.3102436793979 20.641479525351183355
12579.612383101350133 20.639010375465577596
12579.912064170379381 20.636554405334358364
12580.209787827881883 20.634107719279427329
12580.506013406858983 20.63166672173825944
12580.801173134843339 20.629228003193347263
12581.095708147984624 20.626788045581207598
12581.390005223089247 20.624343748589943459
12581.684390829061158 20.621892486112656684
12581.979107004330217 20.619432315061477112
12582.274525860208087 20.616960187676838245
12582.571025408904461 20.614472981967100651
12582.869025178837546 20.611967202362016849
12583.168974459551464 20.60943907593822999
12583.470135507554005 20.606894842361146658
12583.76046391345335 20.604436648022414147
12584.041335729954881 20.602053513858063383
12584.313919753783921 20.599736091427825357
12584.579200917865819 20.597476492725178332
12584.838061529399056 20.595267620068852921
12585.091265871831638 20.593103312796635862
12585.339479798216416 20.590978193651981343
12585.583301026257686 20.588887420163441533
12585.823262298368718 20.586826665699483385
12586.059842360205948 20.584792032139073825
12586.293474715706907 20.582779980222788652
12586.524555113590395 20.580787269715425936
12586.753449083034866 20.578810898213596658
12586.980497672191632 20.576848054683047451
12587.20602149160004 20.574896087062629846
12587.430324662476778 20.572952470243386358
12587.653694931423161 20.571014806935224328
12587.876402907648298 20.569080836015313452
12588.098694597589201 20.56714849909379339
12588.320796213665744 20.565215900515109837
12588.542884363168923 20.56328156865002299
12588.765053692515721 20.561344740702363509
12588.987347784293888 20.559405096623450504
12589.209754210756728 20.55746280448472163
12589.432087670078545 20.555519544450664426
12589.654095065519869 20.553577595128633249
12589.875614921435044 20.551638439230874411
12590.096274984540287 20.549705410066415823
12590.315678407499945 20.547782064609741326
12590.533446533696406 20.545871807658308228
12590.749256831499224 20.543977557104302178
12590.962871744346558 20.542101487967141082
12591.174156758723257 20.540244870671820365
12591.383077503727691 20.538408093666962628
12591.589695752503758 20.536590696257366773
12591.794155621997561 20.534791488243584467
12591.996664365820834 20.533008717863339143
12592.197456257430531 20.531240389359247445
12592.396805868882439 20.529484146158328173
12592.595001656534805 20.527737503763493265
12592.792336591730418 20.525997932866722806
12592.989103033394713 20.524262905189353035
12593.1855831963112 20.522529978223278846
12593.382069822337144 20.520796613576376188
12593.578721832482188 20.519061451259574369
12593.775834230535111 20.517321929113762735
12593.973677615837005 20.515575698923633752
12594.172520805581371 20.513820427421489256
12594.372634355246191 20.512053765758018642
12594.574291981249189 20.510273337480612099
12594.777777219262134 20.508476680297768269
12594.983388890414062 20.506661198386570533
12595.191443129293475 20.504824145113815348
12595.402272761290078 20.502962629245555348
12595.616230605624878 20.501073586590283782
12595.833699429069384 20.499153693051585634
12596.055093125876738 20.497199355321605196
12596.280850946848659 20.495206763117408855
12596.511444580419266 20.493171828183470495
12596.742404031079786 20.491134068400835844
12596.97157449320548 20.489112550442250438
12597.199453773240748 20.487102930698512182
12597.426539166277507 20.485100872092278479
12597.653340598408249 20.483101929507288474
12597.880273470545944 20.481102495172368805
12598.107764697890161 20.479098864589740714
12598.336447245519594 20.477085525422914714
12598.567061828864098 20.475056027456389529
12598.800481187621699 20.473002773064408188
12599.037753469003292 20.47091664098848085
12599.280198273849237 20.468786149608366287
12599.52951667274283 20.466596501922929008
12599.787954058061587 20.464328173098305541
12600.058556409880111 20.461954689149035147
12600.345571499197831 20.459439153739847228
12600.655201933361241 20.456727727811998108
12600.979329555311779 20.453892076528347843
12601.303953484421072 20.451055035633920909
12601.63009654896814 20.448207854424762075
12601.958893652730694 20.445340851737999088
12602.291605330830862 20.44244331044765417
12602.629616707947207 20.439503501818204967
12602.964151183370632 20.436597978971693834
12603.294417533114029 20.433733659529856652
12603.61985850561905 20.43091538800501894
12603.935246002123677 20.428188326970733613
12604.242092542199316 20.425539197155650584
12604.543842760129337 20.422938143714784331
12604.843090455156926 20.420362805695269515
12605.141872465188499 20.417795743540342102
12605.436177953935839 20.415271462180573536
12605.725873478137146 20.412791053705682032
12606.011358494473825 20.410351043614049615
12606.293075981464426 20.407947603571095385
12606.571500189411381 20.405576660309368009
12606.847141191781702 20.403233860859817383
12607.120537142754984 20.400914642619476069
12607.392255657539863 20.398614225731755312
12607.662895775041761 20.396327600974686334
12607.933102492643229 20.394049412331632709
12608.203451587587551 20.391774931735955789
12608.474446312104192 20.389500083289298971
12608.746890945147243 20.387218314227048666
12609.021688081880711 20.384922319934041468
12609.299883683008375 20.382603684685918211
12609.582713565730955 20.380252518423333186
12609.871675565771511 20.37785689066828354
12610.168655938212396 20.37540183216824019
12610.476069043730604 20.37286825465676543
12610.797232755194273 20.370229974233591719
12611.118251412559403 20.367601938861984223
12611.439385284242235 20.364982264202499351
12611.761451222293545 20.362364581889490722
12612.085859065644399 20.359737833761112569
12612.414008949164781 20.357091226174905074
12612.747408278621151 20.354413306261317729
12613.087756094964789 20.351691325654254427
12613.432839475419314 20.348943895083198896
12613.77957183887338 20.346196245414944315
12614.128382383303688 20.343445499030057277
12614.479745297423506 20.340688503798332931
12614.834181460995751 20.337921834119477182
12615.184654172395312 20.335200687320607926
12615.529845649256458 20.332535032129502639
12615.868439641793884 20.3299345847927313
12616.194826628283408 20.327441525025804481
12616.511540031708137 20.325035392965975944
12616.821425953947255 20.322693781154288928
12617.126735506228215 20.320399195390482561
12617.429341085389751 20.318137320666775025
12617.730888697489718 20.315895818348106872
12618.032672970279236 20.313665207364792309
12618.335651782672358 20.311438691291495928
12618.641317648736731 20.309205747489876615
12618.951237355560806 20.306955588692208181
12619.267096823594329 20.304676875213850451
12619.590392952011825 20.302359967610438929
12619.911605311272069 20.300073707231735654
12620.231499646049997 20.297812618763920511
12620.550814768927012 20.295571560961146673
12620.870206658481038 20.293346112203966669
12621.190117502865178 20.291133456443681382
12621.511289334361209 20.28892881971152562
12621.834485439687342 20.28672744416687479
12622.16050805802297 20.284524482128439615
12622.490203513816596 20.282314981440421775
12622.824509973232125 20.280093592781756939
12623.1525269419908 20.277932847580725451
12623.472583238230072 20.275842767490573237
12623.785613691074104 20.273816194988416584
12624.092446129119708 20.271846865654364223
12624.393836949273464 20.269929149908058719
12624.690472533744469 20.268058022205472923
12624.982996780190661 20.266228868954101472
12625.27207670192729 20.264437071234652876
12625.55828962018677 20.262678700812383426
12625.842186320547626 20.260950113007883289
12626.124254976097291 20.259248156826881626
12626.404996640314494 20.257569709510125477
12626.684902107193921 20.255911818015551518
12626.964458935965013 20.254271657107253191
12627.244091564267364 20.25264687718787826
12627.524109330428473 20.251035886638163674
12627.805010649219184 20.249436097754429653
12628.087306961973809 20.247844972377638584
12628.371530707841885 20.246259986314584012
12628.658242097273614 20.244678604261967081
12628.948071305456324 20.243098066522630774
12629.241724988403803 20.241515384825564894
12629.533315926386422 20.239962677680235714
12629.819796974632482 20.23845569760173646
12630.103014998736398 20.236984136582631066
12630.384484763220826 20.235539854560428807
12630.665515906164728 20.234116135525219704
12630.946943453283893 20.2327089660301489
12631.229765661088095 20.231313760608202301
12631.515202550721369 20.229925143793622055
12631.804528304122869 20.228537839655320596
12632.099130619060816 20.227146434513798567
12632.394011718897673 20.225775419072164141
12632.682899900461052 20.224453608007841865
12632.967117528414747 20.22317405110906563
12633.247768262646787 20.221931142216178046
12633.525774459181775 20.220720375878791231
12633.801927067652286 20.219538069780824685
12634.077003048378174 20.218380828973209873
12634.351914154569386 20.217244935332654876
12634.627136363833415 20.216128696993287406
12634.903269507438381 20.215030082668313582
12635.180900822128024 20.213947302275439455
12635.460612693945222 20.21287878012845951
12635.742992852407042 20.211823123765341848
12636.028660039695751 20.210779043094483143
12636.318283804337625 20.209745305035056617
12636.612592805067834 20.208720740676966443
12636.912407534126032 20.207704178904467796
12637.218665084345048 20.206694429050589434
12637.532440269207655 20.205690296526636729
12637.855002085674641 20.204690513190655565
12638.187884581113394 20.203693674364981092
12638.512029803106998 20.202757514481231027
12638.827199083112646 20.201880306537272958
12639.135164563844228 20.201054943981407774
12639.437501312191671 20.200275546954166828
12639.735594173396748 20.199537330066689833
12640.030684476461829 20.198836389170431005
12640.323905450602979 20.198169546949319653
12640.616336189803405 20.197534184459208007
12640.908901492857694 20.196928419832918422
12641.202266124077141 20.196351238005320283
12641.49754095136268 20.195801083781262264
12641.795901968560429 20.195276755321170725
12642.098714685496816 20.194777257495388767
12642.407542108014241 20.194301917729589491
12642.724107071566323 20.193850583450696945
12643.050470374339056 20.19342354091717695
12643.372188329120036 20.193040780066187523
12643.690170704116099 20.192699895213642947
12644.007082350979545 20.192397323885678873
12644.32078304726565 20.192134481032219639
12644.628981573576311 20.19191187231255924
12644.932386655982555 20.191727298253272949
12645.231611504472312 20.191578929554456323
12645.527260467097221 20.191465217821999545
12645.81993558058457 20.191384883324239752
12646.110239670724695 20.19133690830646799
12646.398785043054886 20.191320533121828618
12646.686204164632727 20.191335259051037099
12646.973164720762725 20.191380859841778772
12647.26025778955227 20.191457363315841178
12647.548017838294982 20.191565018259215236
12647.83730945170646 20.191704471710920643
12648.129138127580518 20.191876827701104702
12648.424704797635059 20.192083770687485611
12648.723560269263544 20.192326083897995659
12649.019200544700652 20.192598433222379128
12649.31251753646211 20.192900647692088256
12649.604335437086775 20.193232866985589169
12649.895451918417166 20.193595550675023986
12650.186636654769245 20.193989456702098551
12650.478309994094161 20.194415137178758357
12650.771245268486382 20.194873888213965785
12651.066230228685527 20.195367353684915201
12651.364078319209511 20.195897555228874864
12651.66564240635671 20.196466936338737241
12651.971831360833676 20.197078423617433884
12652.283618861731156 20.197735485008042389
12652.602053826723932 20.198442201241789462
12652.928277417511708 20.199203364512946735
12653.263584547426944 20.200024706146784581
12653.609385257443137 20.200912912409037858
12653.95352138423732 20.201838092042869732
12654.295210223473987 20.202797163756969212
12654.635345845681513 20.203791693294633092
12654.974859398203989 20.204823791118379006
12655.314551597410173 20.205895586903658057
12655.655107482150925 20.207009197903509801
12655.997584705171903 20.20816834040996568
12656.343112505615863 20.209377471856832642
12656.692915132733106 20.210641920629512924
12657.048355172821175 20.211968112422660226
12657.410976813602247 20.213363833259762714
12657.78251038468261 20.214838376419379529
12658.152441130088846 20.216351081131744394
12658.514651848456197 20.217875028716225216
12658.871046211221255 20.219415629838291437
12659.221592212556061 20.2209705338401875
12659.567602566865389 20.222543614570600568
12659.911409836422536 20.224144162771889199
12660.255061201260105 20.225781121001233487
12660.599697485462457 20.227459848817904486
12660.947284578462131 20.229190339308296132
12661.300082112782547 20.230984930906455332
12661.655699128878041 20.232832515822003927
12662.010480743287189 20.234714160152030615
12662.3656167205354 20.236635814975009851
12662.722167240362978 20.238603205526295881
12663.076145951785293 20.24059384087220792
12663.426100216245686 20.242598194637285047
12663.772538642346262 20.244617690133384968
12664.116103484262567 20.246654772491222474
12664.457529611721839 20.248712715400632334
12664.797590223039151 20.250795320401891786
12665.137076353734301 20.252906796566033876
12665.476677643084258 20.255051001296919821
12665.816885167861983 20.257230758342117838
12666.148336513198956 20.25938457552509675
12666.465962208665587 20.261476137670637598
12666.772313104485875 20.263518719983000693
12667.069482542545302 20.265523501893980551
12667.359166561343955 20.26749971455245003
12667.642739488130246 20.26945495602439351
12667.921323173353812 20.271395518339303976
12668.195788971877846 20.273326284122539676
12668.466015255280581 20.275245323597950176
12668.732389620521644 20.277154373174983704
12668.995497052763312 20.279056731965500404
12669.25588251256886 20.280955576980034039
12669.514038885792615 20.282853853420082402
12669.770414467899172 20.28475430778214772
12670.025423345376112 20.286659546961434586
12670.279453687875503 20.288572086397678618
12670.532874902157346 20.290494393318496691
12670.786043357858944 20.292428922154162052
12671.039263383905563 20.294377806917129448
12671.292750323105793 20.29634255735649262
12671.546844399455949 20.298325708257628719
12671.801882217327147 20.300329838237711755
12672.058196570260407 20.302357565664802763
12672.316114590425059 20.304411531491723508
12672.575954966252539 20.306494374274297599
12672.838032202360409 20.308608761540327237
12673.102636149602404 20.310757221251662941
12673.37001404487637 20.312941987687576528
12673.640373016713056 20.315165010789666411
12673.913869846517628 20.317427860696962938
12674.190604481318587 20.319731660615666158
12674.470616836926638 20.322077045489056246
12674.753886237671395 20.324464142128903177
12675.040338415412407 20.326892613622732142
12675.329647430631667 20.329359951860187294
12675.620299849158982 20.331853363044970706
12675.913263605980319 20.334381222736663375
12676.209602811144578 20.336952936330728647
12676.510064139545648 20.339575341192855262
12676.813104336089964 20.342235265053947302
12677.118775558394191 20.344933352758225453
12677.427208086428436 20.347670956180014201
12677.738613574141709 20.350450182831906432
12678.053286183425371 20.353273926170608377
12678.371603295065142 20.356145892312259349
12678.694027314619234 20.359070636964258227
12679.021109824028827 20.362053624564296683
12679.353499118173204 20.365101320184244571
12679.685198599185242 20.368158903116665215
12680.001815607132812 20.371092406932344687
12680.305981749545026 20.373924171992090493
12680.599841769444538 20.3766725513672462
12680.885124994440048 20.379352427873978826
12681.163268007090664 20.381976253536176813
12681.435482431907076 20.384554610821542298
12681.702956013705261 20.387098068153576946
12681.966649022109777 20.389615215003921378
12682.227421646495714 20.392113833723655603
12682.486075998829619 20.394601279441729957
12682.743375789095808 20.397084654918895552
12683.000021371137336 20.399570557837986229
12683.256713599113937 20.402065688866109383
12683.513875662725695 20.404574131683162364
12683.772291045022939 20.4071035599309063
12684.032801947620101 20.409662330278685261
12684.296341765437319 20.412259812823130289
12684.564061485078128 20.414907659677659524
12684.837338827546773 20.417619935480868065
12685.11777646790506 20.420413143546948476
12685.407394991703768 20.423308205695466455
12685.708818238555978 20.426332414070650145
12686.025534348118526 20.429522200713918778
12686.347224617944448 20.432774706983678925
12686.67211200454949 20.436072327063175891
12687.000966640889601 20.439423174439333764
12687.334636681986012 20.442836277640886067
12687.674062209471231 20.446321739046346977
12688.018855346770579 20.449876088320440459
12688.361038488548729 20.453417092097279095
12688.70091572054298 20.45694744647942187
12689.03876871178727 20.460469666649004239
12689.374888984957579 20.463986418913506782
12689.709570297962273 20.467500440605665091
12690.043119115860463 20.471014649337710978
12690.375858195016917 20.474532181602352665
12690.708128599802876 20.478056415475034413
12691.04029549715051 20.481591033970424576
12691.369638697186019 20.485106781029362111
12691.689383056909719 20.488530555704564051
12692.001853643434515 20.49188629417739449
12692.309003208187278 20.495194245976399827
12692.612516212006085 20.498472019614865758
12692.913882670141902 20.501735328087111299
12693.214499854262613 20.504999055589067325
12693.515439776430867 20.508274702585744365
12693.817729323995081 20.511573396345621489
12694.122828136449243 20.51491111594362593
12694.43229678570242 20.518305105375734598
12694.747894433894544 20.521774961171239227
12695.071669053195365 20.525343656007628113
12695.406106648586501 20.529039233055858205
12695.740262074119528 20.532741029414076195
12696.073246137040769 20.536438981425334305
12696.406061706551554 20.540144022172814431
12696.739339308438502 20.543863035599912337
12697.074097316239204 20.54760731672398677
12697.411577758117346 20.551390776272448591
12697.753219790176445 20.555229668059954662
12698.100779993272226 20.559143968312614703
12698.45645018479081 20.563158746651154729
12698.799424637050834 20.567038819637446068
12699.12836227826665 20.570767894094917239
12699.44676977411109 20.574384746295486082
12699.757419614370519 20.577920153579064788
12700.062582619457316 20.581399437181197243
12700.36420920029741 20.584844462299162871
12700.664048878850735 20.588274961326472834
12700.96377847389158 20.591709975537114019
12701.264300801800346 20.59515978481394427
12701.567310227124835 20.59864384676403759
12701.874753521140519 20.60218465445242586
12702.188926646820619 20.605808876214393166
12702.512694213090072 20.609549927442781581
12702.849825288676584 20.613451919668065671
12703.19070810903213 20.617403995606490952
12703.532678284091162 20.62137529504407496
12703.876152870181613 20.62537062488484807
12704.217268986149065 20.629344917826326622
12704.556067447059831 20.633298412761064355
12704.894273581743619 20.637251060385466417
12705.232993145236833 20.641215680488066653
12705.573587764309195 20.645208173018815501
12705.917819749953196 20.64924923861349626
12706.265678133302572 20.653338833628485105
12706.606561174367016 20.657352132329517502
12706.942806766513968 20.661316275342368698
12707.276758929632706 20.665258639432082077
12707.610826278334571 20.669207519045293964
12707.946558479441592 20.673181185764008205
12708.287248083730447 20.677218672633912888
12708.637236358523296 20.681371661107046833
12708.988485997646421 20.685544925150551876
12709.338598437580004 20.689709875136198747
12709.688263490988902 20.693874589364323668
12710.038026383295801 20.698045463297095381
12710.388315436704943 20.702227528365344966
12710.739827573610455 20.706429053131014228
12711.093270967814533 20.710658479247204156
12711.449377937226018 20.714924575383175664
12711.804532719002964 20.719183972075143174
12712.148264534338523 20.723310767356913686
12712.473695837408741 20.727221762862246379
12712.783773160168494 20.730951718104957848
12713.080971090377716 20.734529884024322399
12713.367355417107319 20.737980719515533679
12713.644651393060485 20.741324680606009423
12713.914308219631494 20.744578972915807213
12714.177546354638253 20.747758103585017153
12714.435410803447667 20.750874510440365128
12714.688804708464886 20.753938957202130666
12714.93852319679354 20.75696093463876224
12715.185275269695921 20.759948919310865278
12715.42971998613757 20.762910807173923899
12715.672455560388698 20.765853778171877053
12715.914047280304658 20.7687846317511422
12716.155040389094211 20.771709941247930686
12716.395969804536435 20.774636170570392579
12716.637139746202593 20.777566994414677026
12716.879062684360179 20.7805086287683487
12717.122306652967382 20.783467979550561466
12717.367465181061561 20.786452278005778993
12717.615182913090393 20.789469393384280238
12717.86619019841055 20.792528256040714751
12718.121337914117248 20.79563928480328272
12718.381617714770982 20.798814638016576595
12718.648199278582979 20.802068673068809801
12718.922516398903099 20.805419004390699911
12719.206360483265598 20.808887655919015458
12719.502037979616944 20.812503000016281618
12719.81260350530647 20.816302630763818371
12720.142263928060856 20.820338343151494342
12720.496886029235611 20.82468240427045103
12720.864417265082011 20.829187548428489407
12721.224094053790395 20.833599238673059517
12721.576828725101223 20.837928416163070011
12721.924685984138705 20.842200216369086263
12722.265520110802754 20.84638809248349034
12722.593660798367637 20.850422109477779742
12722.911596544543499 20.854332584275560691
12723.221435026223844 20.858145223505836441
12723.524969154601422 20.861881917810698894
12723.823727408342165 20.86556134745601554
12724.119031640055255 20.869199683591084238
12724.412034801634945 20.872811045063841107
12724.703757471399513 20.876407942504638271
12724.995112655205958 20.880001579441799464
12725.286706365948703 20.88359938755002787
12725.579169646396622 20.887209117906451183
12725.873284497174609 20.890840395732571011
12726.169821444569607 20.894502716119809804
12726.469557406977401 20.898205663733616433
12726.773316501294175 20.901959416505235367
12727.081958288512396 20.905774600405163
12727.396366584354837 20.909662150942828873
12727.71748407508494 20.913633741011516065
12728.04631818152302 20.917701853644022236
12728.383957671992903 20.921879987851220051
12728.731576856902393 20.926182710949397858
12729.089920128089943 20.93061927629159058
12729.451262281525487 20.935094042307170525
12729.816209294582222 20.939614481627611298
12730.177857148999465 20.944095019198581298
12730.527756056391809 20.948430855370595793
12730.868277662171749 20.952651254398389824
12731.201354415967216 20.956780067993229011
12731.528621220866626 20.960837482453484881
12731.851503572697766 20.964841105485110262
12732.171216050099247 20.968805943133066449
12732.485834632381739 20.97270808260755004
12732.793783016586531 20.976527917006286827
12733.096724128916321 20.980286021569423127
12733.396173097173232 20.984001149582162782
12733.693480922704111 20.98769002705829223
12733.989951243704127 20.991368799308784077
12734.286648287643402 20.995050646152730423
12734.58447826083102 20.998746789928343759
12734.884838337851761 21.002474548831692402
12735.18923527025072 21.006252603770381171
12735.499383109059636 21.010102210379304921
12735.817277961503351 21.014048125993262772
12736.136325963176205 21.018008477876776396
12736.455141762507992 21.021966037675507977
12736.772172362820129 21.025901493974142653
12737.08724494379203 21.029812667695836126
12737.402406616798544 21.033724937424427281
12737.718745814543581 21.037651780298194382
12738.038309117822791 21.041618564777266442
12738.360291855169635 21.045615262737943141
12738.683548270202664 21.049627611003515426
12739.008532399839169 21.053661202283301179
12739.335671739632744 21.057721296325038196
12739.665366299790549 21.061812807598919051
12739.997986656604553 21.065940280525513373
12740.333876370223152 21.070107918901509692
12740.673353469728681 21.074319603750371499
12741.013858977641576 21.078543522856417525
12741.355961145609399 21.082786662176445702
12741.702220714134455 21.087080708243089333
12742.055608600234336 21.091462407495846776
12742.413438516528913 21.095898346712829152
12742.767241200059289 21.100283462927365008
12743.11871190360398 21.104638722683553453
12743.469491174699215 21.108984398452964371
12743.820893065072596 21.113336700780411803
12744.168925703745117 21.117646132542954973
12744.513492980277078 21.121911470937817512
12744.855350026269662 21.126142031335621851
12745.195287131151417 21.130347556614001547
12745.534007689859209 21.13453670619816549
12745.868886058226053 21.138676979121292732
12746.191849852328232 21.142668614518999703
12746.505088266594612 21.146538755185254388
12746.810417321872592 21.150309905490445317
12747.109414079624912 21.154001594829658472
12747.403481784911492 21.157631185529641726
12747.693888661688106 21.161214354221648648
12747.981802961501671 21.164765526112560678
12748.268311175184863 21.168298100872522838
12748.554475455546708 21.171825161262159298
12748.841023930837764 21.175355657983523372
12749.128843898530249 21.178900489700595244
12749.419033015787136 21.182473128718285693
12749.712770316618844 21.186088027963336344
12750.011354740177921 21.189761091581775787
12750.316239362609849 21.19351009116032003
12750.629100088017367 21.197355503739736093
12750.951924044411498 21.201321588768635706
12751.287112326188435 21.205437636852824568
12751.625150563428178 21.209586661040905398
12751.964272852830618 21.213746934018931967
12752.30530997387541 21.217928604063480691
12752.64920334827184 21.222143155336084419
12752.997056849000728 21.22640403795196562
12753.350220806587458 21.230727689748444931
12753.710415225503311 21.235135033794541926
12754.079901318247721 21.239653560594756954
12754.46171226210754 21.244320124804268346
12754.84118515848786 21.248955392344509363
12755.219110151363566 21.253569040664146428
12755.597161811263504 21.258181511377124195
12755.976306395819847 21.262804562442660483
12756.358257257248624 21.267459023169472232
12756.736212376232288 21.272061995690169312
12757.10184810566534 21.276512266096652581
12757.457301688993539 21.280836067968088798
12757.804392377587646 21.285055704528705434
12758.144722525028556 21.289190790221287131
12758.4796576635581 21.29325801792456474
12758.810436271101935 21.297272499821023217
12759.138188226444981 21.301247995968907389
12759.463961598539754 21.305197242755337328
12759.788745542762626 21.309132232781475835
12760.113514675133047 21.313064753523178751
12760.438778602383536 21.31700093726628964
12760.765515651177338 21.32095256640700498
12761.094762156224533 21.32493209249207311
12761.427619777274231 21.328952720628400641
12761.750023957025405 21.332844598637311861
12762.060169615173436 21.336586154224061573
12762.359803478006143 21.34019867600065723
12762.650531669001793 21.343701705488150822
12762.933820566267968 21.347113054351542161
12763.210984088438636 21.350448657680399123
12763.483208733192441 21.3537228812325246
12763.751578853507453 21.356948830060936473
12764.017096499272157 21.360138590480946874
12764.28070835132894 21.363303556069958233
12764.543321133558493 21.366454614080101493
12764.805815137882746 21.369602308346760111
12765.068704849656569 21.372752773577879282
12765.33276373010267 21.375915228547714975
12765.598814591474365 21.379099457011015772
12765.867641550779808 21.382314751553629151
12766.139945193724998 21.385569377695329507
12766.416281412330136 21.388869845231219813
12766.697008559534879 21.392220282140588239
12766.982234040751791 21.395621805132183368
12767.271772817684905 21.399072035941593128
12767.565156281116288 21.402565220722738815
12767.861698816597709 21.406093036353926351
12768.160609465996458 21.409645929663355446
12768.461146753359571 21.413214962741719205
12768.762744335765092 21.416793302403988264
12769.065071865321443 21.42037693328937209
12769.368038231605169 21.423964684059743746
12769.671753576976698 21.427557764994222822
12769.976474043343842 21.431159103423503609
12770.282387639816079 21.434770807616626342
12770.584579989705162 21.438334828510427599
12770.884150977919489 21.441864181959129354
12771.182096823031316 21.44537061122725774
12771.479381077495418 21.448865426243063581
12771.776823417369087 21.452358198663553424
12772.07507681250172 21.455856501716780826
12772.375172779145942 21.459372303722034303
12772.678201450615234 21.462918197689010213
12772.985329181889028 21.466507598672379231
12773.297843536593064 21.470155257727316922
12773.617193994534318 21.473877720140997383
12773.945043653680841 21.477693905088198534
12774.283334889307298 21.481625838507920179
12774.634366936235892 21.485699511860396171
12774.995166199385494 21.489879656912254546
12775.361964184885437 21.494122006374681177
12775.73555399979341 21.498435187780177813
12776.116679011151064 21.50282716367393121
12776.499120807518921 21.507225809200633648
12776.882392471479761 21.51162527098349031
12777.267802715796279 21.516040285078098293
12777.655196471105228 21.520468741785904854
12778.039051311192452 21.524847379461437669
12778.420158804639868 21.529185272356311742
12778.792535683276583 21.533414561623281713
12779.152345714423063 21.537492294951029237
12779.501132564657382 21.541436674457241196
12779.840608639349739 21.545267658058516957
12780.172530854002616 21.549005545012743568
12780.498606235423722 21.552669913427056514
12780.8193889940394 21.556267271738718705
12781.132704428302532 21.559773574425754816
12781.439948334711517 21.563204815857783814
12781.742434295503699 21.566575949556558101
12782.041326360293169 21.569900150707287168
12782.337683684183503 21.573189328389325681
12782.63251377936831 21.576454726249991722
12782.926779556921247 21.579707005035853484
12783.221263957999327 21.582954754704164912
12783.516673996142345 21.58620565738904773
12783.814013879074992 21.589470586827566478
12784.114352976010196 21.592761029603813938
12784.418860032523298 21.596089445814875774
12784.728838529345012 21.599469635205434059
12785.045770240189086 21.602917184290539865
12785.371391297656373 21.606450255021236728
12785.707846491897726 21.610091200602379757
12786.055334713571938 21.613841109354119396
12786.412534504584983 21.617684659384199364
12786.784445497183697 21.621674357445289871
12787.171737677552301 21.625815746294890118
12787.551724634127822 21.62986567623777745
12787.926489281737304 21.633846866465546555
12788.298067843812532 21.637781255724274132
12788.668194413730816 21.64168731952794289
12789.038343021449691 21.645580562358102128
12789.4047071124387 21.649421020736845378
12789.75825965580043 21.653114821908776122
12790.099213821293233 21.656665397886296631
12790.431220686921733 21.660111758690383965
12790.75699214368251 21.663482715760441266
12791.078646518026289 21.666800609626786667
12791.397958440164075 21.670083977514323692
12791.71649307476946 21.673348984129670924
12792.035382571804803 21.676607173847216359
12792.355638565364643 21.679868716313389854
12792.678818461086848 21.683149174788297842
12793.006660217486569 21.686465718779302847
12793.340912622245014 21.689835373498091542
12793.68346602506972 21.693276313273688771
12794.035127197694237 21.696795577795995769
12794.38297979028539 21.700263498485512059
12794.728850616978889 21.70369850900414832
12795.074466926544119 21.707117783331760563
12795.420797174103427 21.710530767732429069
12795.76942545224847 21.713952787505480302
12796.122165138325727 21.717401150060911874
12796.481017289028387 21.720894682635730533
12796.848283593737506 21.724454767976638436
12797.226723093042892 21.728106762588975442
12797.616560788537754 21.731851191625874975
12797.997445469469312 21.73549225478841862
12798.370526551383591 21.739041922297786869
12798.736802277364404 21.742510524347750334
12799.097141940164875 21.74590699817187911
12799.452304233862378 21.749239091376836086
12799.802952176678446 21.752513527297125506
12800.149665503102369 21.755736142091041785
12800.492947556820582 21.758911967259514597
12800.83324270477533 21.762045406602858577
12801.170938962466607 21.765140273138769089
12801.506373777507179 21.768199853884780737
12801.839851440099665 21.771227078306555569
12801.839851440099665 21.771227078306555569
12801.839851440099665 21.771227078306555569
12801.839851440099665 21.771227078306555569
12801.839851440099665 21.771227078306555569
12801.839851440099665 21.771227078306555569
12802.171650373576995 21.774224590949117442
12802.502022795135417 21.777194753686739404
12802.83122340610862 21.780139907103183816
12803.159531068873548 21.78306256197007329
12803.486978770773931 21.785963007388673418
12803.813636823651905 21.788841854758857153
12804.140155415927438 21.791704774240450604
12804.466952958522597 21.794555301252103163
12804.794641115640843 21.797398565481188371
12805.123776009873836 21.800239102523370605
12805.454241659099353 21.803075586038804801
12805.786447958616918 21.805911182477341725
12806.120818070035966 21.808749085701816028
12806.457787417111831 21.811592502379003378
12806.797803338440644 21.814444642692205178
12807.141334227342668 21.817308789508050637
12807.488139752447751 21.820182261033515658
12807.830500463336648 21.823001031081869172
12808.170445753572494 21.825782190384995118
12808.509875263149297 21.828541358250429738
12808.847527401649131 21.831268309950917939
12809.183529473002636 21.833964196900833343
12809.516271825263175 21.836616348561303624
12809.844342313412199 21.839213996882850921
12810.168444010620078 21.841763255620961104
12810.489187059911274 21.844269370552257925
12810.807113645856589 21.846736937945607337
12811.122757475404796 21.849170379819359056
12811.436527870477221 21.851573061767979311
12811.748826938333877 21.8539482132855305
12812.060031017399524 21.856298789671047444
12812.370495389412099 21.858627513496792005
12812.680560128943398 21.860936922916238245
12812.990558663899719 21.863229437999493143
12813.300696202812105 21.865506472252892678
12813.611237672679636 21.86776983080269332
12813.922488481559412 21.870021554922544738
12814.234764912354876 21.872263698238985086
12814.548382563059931 21.874498240403450922
12814.863657487798264 21.876727093840383276
12815.180906370826051 21.878952103196990464
12815.497326485763551 21.881153426228451053
12815.810575031773624 21.88331501682434066
12816.122206079990065 21.885447921993431919
12816.433681549078756 21.88756221922050571
12816.745720850522048 21.889662681737831917
12817.059564517445324 21.891757384380344575
12817.37664013662652 21.893855348834961205
12817.698517356770026 21.895966186261070163
12818.026996785132724 21.898100615656559853
12818.364167786598045 21.900270742264602575
12818.712515433277076 21.902490613029584665
12819.072184688991911 21.904758878980345571
12819.436142801590904 21.90702953704657574
12819.803022672562292 21.909293232944932583
12820.168779225443359 21.911524736405290525
12820.534271111311682 21.913729347192216323
12820.900035154731086 21.91591022307546055
12821.266708108938474 21.918070960703616379
12821.635010874690124 21.920215467308718615
12822.00562014449315 21.922347194229690359
12822.379175648447927 21.924469189479058429
12822.756287334361332 21.926584146458100832
12823.137540733378046 21.928694439233765934
12823.523501765537731 21.930802152125281168
12823.898220166602187 21.932820836394295583
12824.262639421744097 21.934757865267144439
12824.620165369240567 21.936633120945511877
12824.97364842605748 21.938462650398427911
12825.32560004354491 21.940259984260482184
12825.676595277560409 21.942028272286371759
12826.016907594317672 21.943719661966618162
12826.348925075022635 21.945347891983175259
12826.67455118878388 21.94692370518835034
12826.995338487249683 21.948455666987431556
12827.312591726571554 21.949950776509371764
12827.627438395275021 21.951414880490474957
12827.940932240435359 21.952853206316092383
12828.253958412373322 21.954269961681113443
12828.567188668888775 21.955668189363098719
12828.881141904177639 21.95705009775863914
12829.196548817360963 21.958418678521482548
12829.514104449968727 21.959776587911044032
12829.834480687221003 21.961126207301258972
12830.158376661902366 21.962469854201952302
12830.486486615234753 21.963809638461853524
12830.819476105660215 21.965147363209318598
12831.158037607814549 21.966484745464128991
12831.495565762259503 21.967795213441892344
12831.83107199243932 21.969075217167993941
12832.165898309489421 21.970330128680330972
12832.501051582798027 21.971563736686835711
12832.837370749897673 21.972778957621731166
12833.175933823011292 21.973979319626035789
12833.51777613122249 21.975167907089716124
12833.863891856284681 21.976347373926660822
12834.215164603669109 21.977519720229846456
12834.571573534693016 21.978683757676332533
12834.928103391010154 21.979822515670747407
12835.28569132568191 21.980938833588613335
12835.631655546840193 21.981994228653487511
12835.968827881730249 21.982999467175286412
12836.300742340317811 21.983966509048109117
12836.630454265930894 21.984904991837641575
12836.957331875795717 21.985813603999133647
12837.279318913206225 21.986687380872528053
12837.597750210290542 21.987530760539783614
12837.913887691011041 21.988347641635336061
12838.228926850781136 21.989141430279271816
12838.54401333259375 21.989915105586369748
12838.859801212121965 21.990670194864097908
12839.177550607855665 21.991409449558037892
12839.498616948339986 21.992135507821636509
12839.824508821753625 21.992850981558390799
12840.156969429994206 21.993558564589829274
12840.498085953850023 21.994261156254285794
12840.848142495811771 21.9949575188365678
12841.190336429555828 21.995614129800035386
12841.52604030002658 21.996235142563076437
12841.856391869705476 21.99682389574074648
12842.182328972647156 21.997383065887483156
12842.504637291773179 21.997914821392079432
12842.824040468731255 21.998421019301186874
12843.141148542248629 21.99890315380179473
12843.456345550202968 21.99936223622734488
12843.769863438898028 21.99979896986567951
12844.081909435652051 22.000213964553925194
12844.392754640188286 22.000607854546878173
12844.702671171522525 22.000981205353969727
12845.011822434815258 22.001334392023448316
12845.320232298074188 22.001667600886491982
12845.627806376154695 22.001980893806255324
12845.934435891222165 22.002274340623596771
12846.239980549891698 22.002548008389656076
12846.544296919284534 22.002801993416806425
12846.847248709043924 22.003036429427975662
12847.148717057467366 22.003251491989480826
12847.448617145339085 22.003447403205790067
12847.746876487539339 22.003624408977696447
12848.04345847152581 22.003782786989120268
12848.338361763961075 22.003922835706504202
12848.631638418717557 22.004044871021179119
12848.923383982966698 22.004149207529156484
12849.213748008962284 22.004236149035858006
12849.502935449192591 22.004305973629776361
12849.791200928675607 22.004358917303555643
12850.078862626105547 22.004395161508217171
12850.366297108965227 22.004414815090285629
12850.653862436805866 22.004417899134256942
12850.941884601375932 22.004404353329231725
12851.230898509960753 22.004374012712734299
12851.521512829322091 22.004326572230677783
12851.81441099933545 22.004261563218431519
12852.110368363009911 22.00417832321731737
12852.410248917585704 22.004075965489288791
12852.715012673928868 22.003953342809019489
12853.02576514676548 22.003808984758990164
12853.336569675293504 22.003645062137973554
12853.647069158749218 22.003461765941406014
12853.958057131523674 22.003258589944103107
12854.270675438623584 22.003034567912337138
12854.586272271044436 22.002788275889543002
12854.906280427841921 22.002517866575754368
12855.232254658498277 22.002220995845078733
12855.565924142758377 22.001894713304427142
12855.905442063813098 22.001539435919735155
12856.238760640413602 22.001167799132968383
12856.567818356883436 22.000778706148917507
12856.894558422543923 22.000370523336400197
12857.22103800181867 21.999940944080471183
12857.548595119871607 21.999488135752415019
12857.879645416785934 21.999008314667538144
12858.217511497128726 21.998495639026305781
12858.551170067388739 21.99796659343462224
12858.881051250808014 21.997421334935303605
12859.209285750108393 21.996856917357053618
12859.537705351111072 21.996270370070465816
12859.867468714970528 21.995659507757668649
12860.200574266245894 21.9950201997516821
12860.53908061077891 21.994347657462178347
12860.885170471368838 21.993636265272829888
12861.241262569052196 21.992879271455425538
12861.598446220254118 21.992094504328061788
12861.948012044171264 21.991301855787014574
12862.29164131739708 21.990498994452593706
12862.630744658015828 21.989683759404460517
12862.964407124627542 21.988859414962249161
12863.285712722066819 21.988044854098944825
12863.599187565563625 21.987230583315561461
12863.908044391651856 21.986409463954039722
12864.214643634713866 21.985575898034650066
12864.520866545091849 21.984725059991973239
12864.827705860752758 21.983854222958374436
12865.136499258833283 21.982959415017628402
12865.448686027657459 21.982036042259753827
12865.765704256333265 21.981079167202235425
12866.089066713908323 21.980083264904919815
12866.414209412358105 21.979061709561879212
12866.740080013223633 21.978017647397923184
12867.067659242276932 21.976947785607638508
12867.386660355225104 21.975886430943305072
12867.691917296862812 21.974852851690453548
12867.986704161578018 21.973838122977909393
12868.273603545567312 21.972834943099751825
12868.554671054578648 21.971837288333965432
12868.831601930178294 21.970839981478025749
12869.105860030595068 21.96983833144928866
12869.378732745473826 21.968828000399522438
12869.651371983331046 21.96780490112213613
12869.92446950321937 21.966766477828272741
12870.19905884747277 21.965708713371363103
12870.476325001194709 21.96462679186857514
12870.757526991945269 21.963515367013801693
12871.044070217099943 21.96236824776568497
12871.337579891407586 21.961178053674636601
12871.640008656744612 21.959935700515362811
12871.953789470439006 21.95862965288883828
12872.273938552860272 21.957279296891691445
12872.594452625386111 21.955909502438071712
12872.915896566169977 21.954517862754350688
12873.238200943042102 21.95310464887900892
12873.559724789603933 21.951677172476266264
12873.881029962001776 21.950233147209392115
12874.202511626144769 21.948770929570912358
12874.524545509400923 21.947288884209910975
12874.847647785454683 21.945784641904293011
12875.172325898010968 21.944255769857488048
12875.499058161305584 21.942699872911610726
12875.82832562587646 21.941114447879581206
12876.16061719971367 21.939496858349432529
12876.496450492595613 21.937844229829149612
12876.83637445909153 21.936153429022123618
12877.174349848221027 21.934454507571924609
12877.50632740918627 21.932768622370186762
12877.832815311316153 21.931094244435300311
12878.154358938856603 21.929429519437949381
12878.471534533819067 21.927772299085500407
12878.784951480396558 21.926120128586401137
12879.095259723037088 21.924470205949042168
12879.403154700119558 21.922819352471101695
12879.709393040773648 21.921163923283586428
12880.014810470887824 21.919499701432815897
12880.320319592508895 21.91782189798367142
12880.626524920571683 21.916127278523887867
12880.934603880281429 21.91440929974961449
12881.245934202943317 21.912660092336160744
12881.562221382186181 21.910869695691072678
12881.88564213573045 21.909025165734291818
12882.219130938065064 21.907108814742151992
12882.566913706294145 21.905094927341377087
12882.934340787673136 21.90295041103878404
12883.303576526919642 21.900778089421333306
12883.675591254199389 21.8985721506442097
12884.044393183023203 21.896368370492293565
12884.405018133396879 21.89419739175086832
12884.759733682183651 21.892046685762352354
12885.110717791396382 21.889903847573886964
12885.460088739457206 21.887756455479607354
12885.809740341235738 21.885593124311018443
12886.161053960096979 21.883405361983864879
12886.516405637365096 21.881178202839613789
12886.878544671631971 21.878893943658333399
12887.224594202280059 21.876697616058319085
12887.557009193536942 21.874575505510470919
12887.875911670089408 21.872528450036885062
12888.181467714328392 21.870556892258967707
12888.477586741917548 21.868636834975664129
12888.766961639857982 21.866751678466645359
12889.051561739119279 21.864889211433581551
12889.332949953541174 21.863039650246903989
12889.612404155415788 21.861194907472274451
12889.891025924047426 21.859347917914984549
12890.169735279461747 21.857492703670001077
12890.449078083836866 21.855625692480888489
12890.729975803209527 21.853740729135992638
12891.013336778381927 21.85183165095941149
12891.300085635706637 21.849892091719905096
12891.591191856434307 21.847915285962169918
12891.886424783637267 21.8459025677904215
12892.186345459836957 21.843849872431086112
12892.492180442042809 21.841748499419480822
12892.805320578501778 21.839588487293863039
12893.127352654912102 21.83735837060133278
12893.460200936413457 21.835044164571183245
12893.805499857220639 21.832633701952822491
12894.157415511957879 21.830167088444969892
12894.512815496200346 21.82766604973903668
12894.872538307297873 21.825124562321022381
12895.237513514986858 21.822535872282227132
12895.608768375341242 21.819892437669128782
12895.987432730909859 21.817185881996142172
12896.363274423705661 21.814489393413225571
12896.737110143551035 21.811797541040657933
12897.109790023232563 21.809104555995769914
12897.47726913760016 21.80644012837485235
12897.838414919691786 21.803813099372479911
12898.195620376289298 21.801206619892273153
12898.550992373768167 21.798605701738182461
12898.906450193129785 21.795996540667779584
12899.263001935318243 21.793371882015840413
12899.619550678964515 21.790739946930624882
12899.965378838793185 21.788180344946333378
12900.302059030464079 21.785682167497355977
12900.630910387006224 21.783236235021988136
12900.953099086931616 21.780834383621783701
12901.26963977514788 21.778469478400083403
12901.581491815451955 21.776134712896961787
12901.889507224361296 21.773824011232623121
12902.194484080835537 21.77153163981480688
12902.497179114470782 21.769252120794686078
12902.798303866489732 21.766980267624138179
12903.098598286645938 21.764710634422314683
12903.398816912254915 21.762437621410434474
12903.699377351520525 21.76015814445482377
12904.001041689120029 21.757866477389470106
12904.3046859051301 21.755555987733750101
12904.611259487483039 21.753219439294980475
12904.92182204301389 21.750848709379969392
12905.237586989176634 21.748434448938329666
12905.55998285429996 21.745965604363149737
12905.87745631522921 21.743530701422098872
12906.18766463211432 21.741147998546072273
12906.491925750313385 21.73880766506529838
12906.791247167164329 21.736502191923868565
12907.086566302468782 21.73422455808194087
12907.378744481153262 21.731968284505640554
12907.668595179500699 21.729727222521844965
12907.956907319487073 21.727495378213681931
12908.244533858118302 21.725266228682329483
12908.532200147250478 21.723034208797301403
12908.820330542248485 21.720796065950953135
12909.109730285557816 21.718545568536086421
12909.401267740613548 21.716275965655423619
12909.696022344718585 21.713978831728415031
12909.995236191245567 21.711644436410299619
12910.300261544587556 21.709262148596767616
12910.612765555126316 21.706818830775954865
12910.934879242035095 21.704297659093381156
12911.269443992863671 21.701676170506672747
12911.620418693561078 21.698923034768952789
12911.987468458008152 21.696040521225718578
12912.359122208004919 21.69311851864255658
12912.733266913419357 21.69017363086418726
12913.110580742662933 21.687200533286297599
12913.491750224360658 21.684193815538623795
12913.877481690344212 21.681147892078520556
12914.260302851260349 21.678121841929002045
12914.6371570839583 21.675140025892506657
12915.009168824408334 21.672193760916218963
12915.37739031142155 21.669274895328186403
12915.742821058807749 21.666375660445009288
12916.106417750695982 21.663488596828525345
12916.469130524385037 21.660606269903873056
12916.831873380564502 21.657721507939758254
12917.195135868189027 21.654830496782189186
12917.559864065029615 21.651925774803139291
12917.92686618429434 21.649000960380639924
12918.286440098183448 21.646133500753705903
12918.639638749218648 21.643315184324070088
12918.98742741890419 21.640538468815563533
12919.330667276148233 21.637796617865653559
12919.670147336028094 21.635083450343355338
12920.006594134776606 21.632393266535544285
12920.340688152296934 21.629720719710444854
12920.673075616476126 21.627060723972778788
12921.004379723748571 21.624408366305267748
12921.335209852919434 21.621758834286751494
12921.666109734991551 21.619107832619370413
12921.99745039253321 21.616452443026680896
12922.329846524566165 21.613787788591107386
12922.663929404077862 21.611108852858333051
12923.000401817289458 21.608410039699329275
12923.340008585348187 21.60568540985488184
12923.68354903999716 21.602928581158217014
12924.022932628335184 21.600204528533510029
12924.358747555952505 21.597508596017895854
12924.691651332803303 21.594835561973216187
12925.022183675053384 21.592181142364641033
12925.35092566253843 21.589540713975299724
12925.678425965203132 21.586909907598702318
12926.005240951875749 21.584284286612966497
12926.331856707691259 21.581659974109463462
12926.658608406083658 21.579034301552646014
12926.985852345631429 21.57640442702334127
12927.314034139419164 21.573766787246643872
12927.64359153859732 21.571117878549042501
12927.974950150621225 21.568454291405000589
12928.308532170678518 21.565772640303020324
12928.644765122307945 21.563069493438568713
12928.98405192687278 21.560341613282748341
12929.326809771575427 21.557585643944705112
12929.673500021452128 21.554797870357450762
12930.024593446036306 21.551974497480525628
12930.380965536774966 21.549108470509281688
12930.743629793409127 21.546191618295747361
12931.113330833039072 21.543217925006814539
12931.483354717014663 21.540241368004387823
12931.845946451328928 21.53732431590383456
12932.202456794359023 21.53445589340925892
12932.554236919339019 21.531625216740707174
12932.902438999406513 21.528822998237764352
12933.248166512450553 21.526040337055277973
12933.592490719214766 21.523268586242430445
12933.93650069836076 21.520498949406739797
12934.27605820230383 21.517764718907066879
12934.608054891283246 21.515090914141204337
12934.928753859352582 21.512507637739854971
12935.238157766598306 21.510014886676309231
12935.538717364854165 21.507592932826884891
12935.832359607386024 21.505226258236959325
12936.120779000941184 21.502901209257920812
12936.405460204630799 21.500605815245631192
12936.687726803247642 21.498329396045601669
12936.968816393306042 21.496061956787968938
12937.249982177732818 21.4937933679883173
12937.5319450246825 21.491517787141340534
12937.816059474467693 21.489224249414718315
12938.103825921978569 21.486900599437174009
12938.397004250642567 21.484532570118982875
12938.697759476837746 21.482102600509531243
12939.008871560452462 21.479588131571315301
12939.334053391285124 21.47695902167721016
12939.678453989718037 21.474173454328330024
12940.017044452386472 21.47143376191818831
12940.349505130348916 21.468742549558154309
12940.677632057449955 21.46608529344874583
12941.0030452145038 21.463448874745871819
12941.327233551055542 21.460821216429685876
12941.651517978518314 21.458191584590213807
12941.976686029449411 21.455553554964890139
12942.289686945463473 21.453013039400076423
12942.590424061689191 21.45057093417343097
12942.88177487669418 21.448203970836431154
12943.16610270378078 21.445893020196628243
12943.44536710353168 21.443622204004423537
12943.721234680690031 21.44137800084154577
12943.995226418674065 21.439148051912155779
12944.268645059795745 21.436921754811820051
12944.54240451910664 21.434691657069521398
12944.817460415513779 21.43244995337921921
12945.095107414723316 21.430186059280671884
12945.376759000122547 21.427888400883119857
12945.664040279449182 21.425543653821872425
12945.958665343157918 21.423137739257587242
12946.262349632757832 21.420656536297563832
12946.577010992292344 21.418084235697612883
12946.904923041303846 21.415402077587319951
12947.248816847430135 21.412587506839514617
12947.612081903862418 21.409612509884659914
12947.987156969185889 21.406538759994269583
12948.365663292093814 21.403434796171172394
12948.745504907175928 21.400317769700748727
12949.122662302264871 21.397220682113609058
12949.500385277691748 21.394116873067545725
12949.8720836324228 21.391060550710541577
12950.235473524520785 21.388070621928910953
12950.591885147339781 21.385136275539174733
12950.942519134245231 21.382247738566697137
12951.288497977140651 21.379395856817520638
12951.630885214173759 21.376571939543840273
12951.970718664473679 21.373767487408976251
12952.309052105669252 21.370973849626061281
12952.647009298912963 21.368181777795044241
12952.985415341339831 21.365384473010379907
12953.325473993829291 21.362571989560823482
12953.668882897092772 21.359730273151566138
12954.01765463177253 21.356842632147696293
12954.373946244102626 21.353891143199909664
12954.727961734553901 21.350956943466535165
12955.079157336163917 21.348044596126175776
12955.429623468282443 21.345136811149387768
12955.78084538002804 21.342221287314238509
12956.134703893980259 21.339282412337293948
12956.493684006502008 21.336299521561155501
12956.858961304305922 21.333262798337337074
12957.218928361249709 21.330268757135151247
12957.569014377129861 21.327355528118150829
12957.911528676129819 21.324504014690102593
12958.24847772974681 21.321697603667221443
12958.581505230393304 21.318922673080709984
12958.912010312313214 21.316167614876327718
12959.241254984799525 21.313421944409967068
12959.570528218819163 21.310674934597813035
12959.900393451205673 21.307921897815397472
12960.231998848896183 21.305153256554028474
12960.566563835560373 21.302358824010415361
12960.905428817264692 21.299527387922285726
12961.25010449704132 21.29664629687305677
12961.602348859467384 21.293700814258517795
12961.958679631597988 21.290720028310712308
12962.301820409495122 21.287848529173725609
12962.634056636783498 21.28506732560641268
12962.957507821951367 21.28235878331671671
12963.273921191343106 21.279708359388276762
12963.584771050836935 21.27710377699727573
12963.891355634577849 21.274534218868147661
12964.19484231030583 21.271989951822074971
12964.496342447500865 21.269461701604615911
12964.79688769321001 21.266940853618955032
12965.097477624101884 21.264419054936155362
12965.398667656609177 21.261891673948795756
12965.701505573586473 21.259349943993438359
12966.007100165390511 21.256784581581399607
12966.316686409330941 21.254185239855953427
12966.631803003509049 21.251539018145681581
12966.954219918214221 21.248831070334777138
12967.285924457792134 21.246044723033900681
12967.629417292786457 21.243158990502550409
12967.968261282519961 21.240312015005237356
12968.300598606614585 21.237519482964305695
12968.627608717439216 21.234771557254173757
12968.950195742876531 21.232060708341478517
12969.269183623810022 21.229380076566940261
12969.585314136946181 21.226723490271375283
12969.899284880129926 21.224085147863874568
12970.211755085538243 21.221459570118550886
12970.523391539152726 21.218841215428021485
12970.834813449449939 21.216224944123560192
12971.146433019599499 21.213607358481631593
12971.458741406428089 21.210984400913954318
12971.772325030720822 21.208351218404018823
12972.08777111010204 21.205702957346673543
12972.405690380588567 21.203034574097927134
12972.726716693658091 21.200340839951898886
12973.051508042701244 21.197616334320432685
12973.380738453937738 21.194855514752482861
12973.715073761524764 21.192052922136660698
12974.0552268841966 21.189202719633701832
12974.399804048960505 21.186316730747105197
12974.744615210940538 21.183430169056283177
12975.086494781309739 21.180569611720763135
12975.416264057308581 21.17781185006510114
12975.738623221523085 21.175117529228515423
12976.057229990266933 21.172456077801886209
12976.375143621216921 21.169801984107028403
12976.694094665792363 21.167140878824287853
12977.016469942271215 21.164452960535072634
12977.345057521595663 21.161715144174046088
12977.682916984069379 21.158902161966224753
12978.027783518922661 21.156033119864769532
12978.374001650854552 21.153155252239539408
12978.721941793770384 21.150265616746587227
12979.071985913249591 21.147361190949212073
12979.424526964341567 21.144438878987994457
12979.779933316505776 21.141495808186473226
12980.138558014883529 21.138529253212933412
12980.500755563332859 21.135536498673076267
12980.866885118130085 21.132514814806668824
12981.237315780377685 21.129461416303247034
12981.61243003672098 21.126373436880889756
12981.992629286152805 21.123247887199877226
12982.378338423761306 21.120081621307974729
12982.770003736859508 21.116871358548856108
12983.167670695276684 21.113617140818071505
12983.561924871180963 21.110396253605937744
12983.954188531219188 21.107197159287867549
12984.344035133290163 21.104023435277259324
12984.730452400070135 21.100883385398823577
12985.113766551483423 21.097774400328681565
12985.491760133831121 21.094714456247384504
12985.856127297616695 21.091770525072274012
12986.209774960649156 21.088918712743868866
12986.555250824261748 21.086138182777485639
12986.894740660629395 21.08341115146024336
12987.230119767553333 21.080722449933020357
12987.563018371640283 21.078058980197621253
12987.894887794978786 21.075409171553690868
12988.226925153998309 21.072763569647406712
12988.559897008195549 21.070116220177158795
12988.895058386820892 21.067457352790910363
12989.23366971300311 21.064777248440083923
12989.577040308955475 21.062065903496758779
12989.926572500438851 21.059312695478975996
12990.283758311226848 21.056506428082023774
12990.65027929855205 21.053634571531919306
12991.014478724264336 21.050788847872226484
12991.373627480808864 21.047990498840515983
12991.729474408904935 21.045225774549685127
12992.083634705255463 21.042482107183939632
12992.437668900429344 21.039747491473516305
12992.792454659358555 21.037015314709986313
12993.149444634269457 21.034274640277804025
12993.510225573843854 21.031513651894698569
12993.876440063366317 21.028720276242491849
12994.249744080478195 21.025882525204504958
12994.631687151946608 21.022989419808059353
12995.0234543898423 21.020032937114670801
12995.422822547767282 21.01703081281297969
12995.816631452884394 21.014082283290630215
12996.206071299873656 21.011178208835623593
12996.58762429010676 21.008344481659737113
12996.952562851656694 21.005645022401747468
12997.304301285721522 21.003053443075522466
12997.645496568502494 21.000549308129848214
12997.978279527849736 20.998116326584959523
12998.304356566264687 20.995741531520202727
12998.625128365740238 20.993414357746182475
12998.941776769977878 20.991125971227646119
12999.255369977907321 20.988868482787601977
12999.566856946898042 20.986634973209913113
12999.8770753424742 20.984419421336912848
13000.186821663126466 20.982216192446969671
13000.496724787539279 20.980020928714207429
13000.807291246794193 20.977830208462247441
13001.119274317885356 20.975638943432251438
13001.433435486647795 20.973442084029507271
13001.750562986471778 20.971234496328150954
13001.750562986471778 20.971234496328150954
13001.750562986471778 20.971234496328150954
13001.750562986471778 20.971234496328150954
13001.750562986471778 20.971234496328150954
13001.750562986471778 20.971234496328150954
