# Fix print output for fix log_pen
40504.148981038408238 41.518331449296255187
40504.194481828148128 41.511260381484390791
40504.239982617895294 41.504189313672526396
40504.285483407635184 41.497118245860662
40504.330984197375074 41.490047178048797605
40504.37648498712224 41.482976110236933209
40504.42198577686213 41.475905042425068814
40504.467486566609296 41.468833974613204418
40504.512987356349186 41.461762906801340023
40504.558488146089076 41.454691838989475627
40504.603988935836242 41.447620771177611232
40504.649489725576132 41.440549703365746836
40504.694990515316022 41.433478635553882441
40504.740491305063188 41.426407567742018045
40504.785992094803078 41.41933649993015365
40504.831492884542968 41.412265432118289255
40504.876993674290134 41.405194364306424859
40504.922494464030024 41.398123296494560464
40504.967995253769914 41.391052228682696068
40505.01349604351708 41.383981160870831673
40505.05899683325697 41.376910093058967277
40505.104497623004136 41.369839025247102882
40505.149998412744026 41.362767957435238486
40505.195499202483916 41.355696889623374091
40505.240999992231082 41.348625821811509695
40505.286500781970972 41.3415547539996453
40505.332001571710862 41.334483686187780904
40505.377502361458028 41.327412618375916509
40505.423003151197918 41.320341550564052113
40505.468503940937808 41.313270482752187718
40505.514004730684974 41.306199414940323322
40505.559505520424864 41.299128347128458927
40505.605006310164754 41.292057279316594531
40505.65050709991192 41.284986211504730136
40505.69600788965181 41.27791514369286574
40505.741508679398976 41.270844075881001345
40505.787009469138866 41.263773008069136949
40505.832510258878756 41.256701940257272554
40505.878011048625922 41.249630872445408158
40505.923511838365812 41.242559804633543763
40505.969012628105702 41.235488736821679367
40506.014513417852868 41.228417669009814972
40506.060014207592758 41.221346601197950577
40506.105514997332648 41.214275533386086181
40506.151015787079814 41.207204465574221786
40506.196516576819704 41.20013339776235739
40506.242017366559594 41.193062329950492995
40506.28751815630676 41.185991262138628599
40506.33301894604665 41.178920194326764204
40506.378519735793816 41.171849126514899808
40506.424020525533706 41.164778058703035413
40506.469521315273596 41.157706990891171017
40506.515022105020762 41.150635923079306622
40506.560522894760652 41.143564855267442226
40506.606023684500542 41.136493787455577831
40506.651524474247708 41.129422719643713435
40506.697025263987598 41.12235165183184904
40506.742526053727488 41.115280584019984644
40506.788026843474654 41.108209516208120249
40506.833527633214544 41.101138448396255853
40506.879028422954434 41.094067380584391458
40506.9245292127016 41.086996312772527062
40506.97003000244149 41.079925244960662667
40507.015530792188656 41.072854177148798271
40507.061031581928546 41.065783109336933876
40507.106532371668436 41.05871204152506948
40507.152033161415602 41.051640973713205085
40507.197533951155492 41.04456990590134069
40507.243034740895382 41.037498838089476294
40507.288535530642548 41.030427770277611899
40507.334036320382438 41.023356702465747503
40507.379537110122328 41.016285634653883108
40507.425037899869494 41.009214566842018712
40507.470538689609384 41.002143499030154317
40507.51603947935655 40.995072431218289921
40507.56154026909644 40.988001363406425526
40507.60704105883633 40.98093029559456113
40507.652541848583496 40.973859227782696735
40507.698042638323386 40.966788159970832339
40507.743543428063276 40.959717092158967944
40507.789044217810442 40.952646024347103548
40507.834545007550332 40.945574956535239153
40507.880045797290222 40.938503888723374757
40507.925546587037388 40.931432820911510362
40507.971047376777278 40.924361753099645966
40508.016548166517168 40.917290685287781571
40508.062048956264334 40.910219617475917175
40508.107549746004224 40.90314854966405278
40508.15305053575139 40.896077481852188384
40508.19855132549128 40.889006414040323989
40508.24405211523117 40.881935346228459593
40508.289552904978336 40.874864278416595198
40508.335053694718226 40.867793210604730803
40508.380554484458116 40.860722142792866407
40508.426055274205282 40.853651074981002012
40508.471556063945172 40.846580007169137616
40508.517056853685062 40.839508939357273221
40508.562557643432228 40.832437871545408825
40508.608058433172118 40.82536680373354443
40508.653559222912008 40.818295735921680034
40508.699060012659174 40.811224668109815639
40508.744560802399064 40.804153600297951243
40508.79006159214623 40.797082532486086848
40508.83556238188612 40.790011464674222452
40508.88106317162601 40.782940396862358057
40508.926563961373176 40.775869329050493661
40508.972064751113066 40.768798261238629266
40509.017565540852956 40.76172719342676487
40509.063066330600122 40.754656125614900475
40509.108567120340012 40.747585057803036079
40509.154067910079903 40.740513989991171684
40509.199568699827068 40.733442922179307288
40509.245069489566959 40.726371854367442893
40509.290570279306849 40.719300786555578497
40509.336071069054015 40.712229718743714102
40509.381571858793905 40.705158650931849706
40509.427072648541071 40.698087583119985311
40509.472573438280961 40.691016515308120916
40509.518074228020851 40.68394544749625652
40509.563575017768017 40.676874379684392125
40509.609075807507907 40.669803311872527729
40509.654576597247797 40.662732244060663334
40509.700077386994963 40.655661176248798938
40509.745578176734853 40.648590108436934543
40509.791078966474743 40.641519040625070147
40509.836579756221909 40.634447972813205752
40509.882080545961799 40.627376905001341356
40509.927581335701689 40.620305837189476961
40509.973082125448855 40.613234769377612565
40510.018582915188745 40.60616370156574817
40510.064083704935911 40.599092633753883774
40510.109584494675801 40.592021565942019379
40510.155085284415691 40.584950498130154983
40510.200586074162857 40.577879430318290588
40510.246086863902747 40.570808362506426192
40510.291587653642637 40.563737294694561797
40510.337088443389803 40.556666226882697401
40510.382589233129693 40.549595159070833006
40510.428090022869583 40.54252409125896861
40510.473590812616749 40.535453023447104215
40510.519091602356639 40.528381955635239819
40510.564592392103805 40.521310887823375424
40510.610093181843695 40.514239820011511028
40510.655593971583585 40.507168752199646633
40510.701094761330751 40.500097684387782238
40510.746595551070641 40.493026616575917842
40510.792096340810531 40.485955548764053447
40510.837597130557697 40.478884480952189051
40510.883097920297587 40.471813413140324656
40510.928598710037477 40.46474234532846026
40510.974099499784643 40.457671277516595865
40511.019600289524533 40.450600209704731469
40511.065101079264423 40.443529141892867074
40511.110601869011589 40.436458074081002678
40511.156102658751479 40.429387006269138283
40511.201603448498645 40.422315938457273887
40511.247104238238535 40.415244870645409492
40511.292605027978425 40.408173802833545096
40511.338105817725591 40.401102735021680701
40511.383606607465481 40.394031667209816305
40511.429107397205371 40.38696059939795191
40511.474608186952537 40.379889531586087514
40511.520108976692427 40.372818463774223119
40511.565609766432317 40.365747395962358723
40511.611110556179483 40.358676328150494328
40511.656611345919373 40.351605260338629932
40511.702112135659263 40.344534192526765537
40511.747612925406429 40.337463124714901141
40511.793113715146319 40.330392056903036746
40511.838614504893485 40.323320989091172351
40511.884115294633375 40.316249921279307955
40511.929616084373265 40.30917885346744356
40511.975116874120431 40.302107785655579164
40512.020617663860321 40.295036717843714769
40512.066118453600211 40.287965650031850373
40512.111619243347377 40.280894582219985978
40512.157120033087267 40.273823514408121582
40512.202620822827157 40.266752446596257187
40512.248121612574323 40.259681378784392791
40512.293622402314213 40.252610310972528396
40512.339123192054103 40.245539243160664
40512.384623981801269 40.238468175348799605
40512.430124771541159 40.231397107536935209
40512.475625561288325 40.224326039725070814
40512.521126351028215 40.217254971913206418
40512.566627140768105 40.210183904101342023
40512.612127930515271 40.203112836289477627
40512.657628720255161 40.196041768477613232
40512.703129509995051 40.188970700665748836
40512.748630299742217 40.181899632853884441
40512.794131089482107 40.174828565042020045
40512.839631879221997 40.16775749723015565
40512.885132668969163 40.160686429418291254
40512.930633458709053 40.153615361606426859
40512.976134248448943 40.146544293794562464
40513.021635038196109 40.139473225982698068
40513.067135827935999 40.132402158170833673
40513.112636617683165 40.125331090358969277
40513.158137407423055 40.118260022547104882
40513.203638197162945 40.111188954735240486
40513.249138986910111 40.104117886923376091
40513.294639776650001 40.097046819111511695
40513.340140566389891 40.0899757512996473
40513.385641356137057 40.082904683487782904
40513.431142145876947 40.075833615675918509
40513.476642935616837 40.068762547864054113
40513.522143725364003 40.061691480052189718
40513.567644515103893 40.054620412240325322
40513.613145304851059 40.047549344428460927
40513.658646094590949 40.040478276616596531
40513.704146884330839 40.033407208804732136
40513.749647674078005 40.02633614099286774
40513.795148463817895 40.019265073181003345
40513.840649253557785 40.012194005369138949
40513.886150043304951 40.005122937557274554
40513.931650833044841 39.998051869745410158
40513.977151622784731 39.990980801933545763
40514.022652412531897 39.983909734121681367
40514.068153202271787 39.976838666309816972
40514.113653992011677 39.969767598497952577
40514.159154781758843 39.962696530686088181
40514.204655571498733 39.955625462874223786
40514.250156361245899 39.94855439506235939
40514.295657150985789 39.941483327250494995
40514.34115794072568 39.934412259438630599
40514.386658730472845 39.927341191626766204
40514.432159520212736 39.920270123814901808
40514.477660309952626 39.913199056003037413
40514.523161099699792 39.906127988191173017
40514.568661889439682 39.899056920379308622
40514.614162679179572 39.891985852567444226
40514.659663468926738 39.884914784755579831
40514.705164258666628 39.877843716943715435
40514.750665048406518 39.87077264913185104
40514.796165838153684 39.863701581319986644
40514.841666627893574 39.856630513508122249
40514.841666627893574 39.856630513508122249
40514.841666627893574 39.856630513508122249
40514.841666627893574 39.856630513508122249
40514.841666627893574 39.856630513508122249
40514.841666627893574 39.856630513508122249
40514.887167417633464 39.849559445696257853
40514.93266820738063 39.842488377884393458
40514.97816899712052 39.835417310072529062
40515.02366978686041 39.828346242260664667
40515.069170576607576 39.821275174448800271
40515.114671366347466 39.814204106636935876
40515.160172156094632 39.80713303882507148
40515.205672945834522 39.800061971013207085
40515.251173735574412 39.792990903201342689
40515.296674525321578 39.785919835389478294
40515.342175315061468 39.778848767577613899
40515.387676104801358 39.771777699765749503
40515.433176894548524 39.764706631953885108
40515.478677684288414 39.757635564142020712
40515.524178474028304 39.750564496330156317
40515.56967926377547 39.743493428518291921
40515.61518005351536 39.736422360706427526
40515.66068084325525 39.72935129289456313
40515.706181633002416 39.722280225082698735
40515.751682422742306 39.715209157270834339
40515.797183212489472 39.708138089458969944
40515.842684002229362 39.701067021647105548
40515.888184791969252 39.693995953835241153
40515.933685581716418 39.686924886023376757
40515.979186371456308 39.679853818211512362
40516.024687161196198 39.672782750399647966
40516.070187950943364 39.665711682587783571
40516.115688740683254 39.658640614775919175
40516.161189530423144 39.65156954696405478
40516.20669032017031 39.644498479152190384
40516.2521911099102 39.637427411340325989
40516.29769189965009 39.630356343528461593
40516.343192689397256 39.623285275716597198
40516.388693479137146 39.616214207904732802
40516.434194268884312 39.609143140092868407
40516.479695058624202 39.602072072281004012
40516.525195848364092 39.595001004469139616
40516.570696638111258 39.587929936657275221
40516.616197427851148 39.580858868845410825
40516.661698217591038 39.57378780103354643
40516.707199007338204 39.566716733221682034
40516.752699797078094 39.559645665409817639
40516.798200586817984 39.552574597597953243
40516.84370137656515 39.545503529786088848
40516.88920216630504 39.538432461974224452
40516.93470295604493 39.531361394162360057
40516.980203745792096 39.524290326350495661
40517.025704535531986 39.517219258538631266
40517.071205325279152 39.51014819072676687
40517.116706115019042 39.503077122914902475
40517.162206904758932 39.496006055103038079
40517.207707694506098 39.488934987291173684
40517.253208484245988 39.481863919479309288
40517.298709273985878 39.474792851667444893
40517.344210063733044 39.467721783855580497
40517.389710853472934 39.460650716043716102
40517.435211643212824 39.453579648231851706
40517.48071243295999 39.446508580419987311
40517.52621322269988 39.439437512608122915
40517.57171401243977 39.43236644479625852
40517.617214802186936 39.425295376984394125
40517.662715591926826 39.418224309172529729
40517.708216381673992 39.411153241360665334
40517.753717171413882 39.404082173548800938
40517.799217961153772 39.397011105736936543
40517.844718750900938 39.389940037925072147
40517.890219540640828 39.382868970113207752
40517.935720330380718 39.375797902301343356
40517.981221120127884 39.368726834489478961
40518.026721909867774 39.361655766677614565
40518.072222699607664 39.35458469886575017
40518.11772348935483 39.347513631053885774
40518.16322427909472 39.340442563242021379
40518.208725068841886 39.333371495430156983
40518.254225858581776 39.326300427618292588
40518.299726648321666 39.319229359806428192
40518.345227438068832 39.312158291994563797
40518.390728227808722 39.305087224182699401
40518.436229017548612 39.298016156370835006
40518.481729807295778 39.29094508855897061
40518.527230597035668 39.283874020747106215
40518.572731386775558 39.276802952935241819
40518.618232176522724 39.269731885123377424
40518.663732966262614 39.262660817311513028
40518.709233756002504 39.255589749499648633
40518.75473454574967 39.248518681687784238
40518.80023533548956 39.241447613875919842
40518.845736125236726 39.234376546064055447
40518.891236914976616 39.227305478252191051
40518.936737704716506 39.220234410440326656
40518.982238494463672 39.21316334262846226
40519.027739284203562 39.206092274816597865
40519.073240073943452 39.199021207004733469
40519.118740863690618 39.191950139192869074
40519.164241653430508 39.184879071381004678
40519.209742443170398 39.177808003569140283
40519.255243232917564 39.170736935757275887
40519.300744022657454 39.163665867945411492
40519.346244812397345 39.156594800133547096
40519.39174560214451 39.149523732321682701
40519.437246391884401 39.142452664509818305
40519.482747181631566 39.13538159669795391
40519.528247971371457 39.128310528886089514
40519.573748761111347 39.121239461074225119
40519.619249550858513 39.114168393262360723
40519.664750340598403 39.107097325450496328
40519.710251130338293 39.100026257638631932
40519.755751920085459 39.092955189826767537
40519.801252709825349 39.085884122014903141
40519.846753499565239 39.078813054203038746
40519.892254289312405 39.071741986391174351
40519.937755079052295 39.064670918579309955
40519.983255868792185 39.05759985076744556
40520.028756658539351 39.050528782955581164
40520.074257448279241 39.043457715143716769
40520.119758238026407 39.036386647331852373
40520.165259027766297 39.029315579519987978
40520.210759817506187 39.022244511708123582
40520.256260607253353 39.015173443896259187
40520.301761396993243 39.008102376084394791
40520.347262186733133 39.001031308272530396
40520.392762976480299 38.993960240460666
40520.438263766220189 38.986889172648801605
40520.483764555960079 38.979818104836937209
40520.529265345707245 38.972747037025072814
40520.574766135447135 38.965675969213208418
40520.620266925187025 38.958604901401344023
40520.665767714934191 38.951533833589479627
40520.711268504674081 38.944462765777615232
40520.756769294421247 38.937391697965750836
40520.802270084161137 38.930320630153886441
40520.847770873901027 38.923249562342022045
40520.893271663648193 38.91617849453015765
40520.938772453388083 38.909107426718293254
40520.984273243127973 38.902036358906428859
40521.029774032875139 38.894965291094564463
40521.075274822615029 38.887894223282700068
40521.120775612354919 38.880823155470835673
40521.166276402102085 38.873752087658971277
40521.211777191841975 38.866681019847106882
40521.257277981589141 38.859609952035242486
40521.302778771329031 38.852538884223378091
40521.348279561068921 38.845467816411513695
40521.393780350816087 38.8383967485996493
40521.439281140555977 38.831325680787784904
40521.484781930295867 38.824254612975920509
40521.530282720043033 38.817183545164056113
40521.575783509782923 38.810112477352191718
40521.621284299522813 38.803041409540327322
40521.666785089269979 38.795970341728462927
40521.712285879009869 38.788899273916598531
40521.757786668749759 38.781828206104734136
40521.803287458496925 38.77475713829286974
40521.848788248236815 38.767686070481005345
40521.894289037983981 38.760615002669140949
40521.939789827723871 38.753543934857276554
40521.985290617463761 38.746472867045412158
40522.030791407210927 38.739401799233547763
40522.076292196950817 38.732330731421683367
40522.121792986690707 38.725259663609818972
40522.167293776437873 38.718188595797954576
40522.212794566177763 38.711117527986090181
40522.258295355917653 38.704046460174225786
40522.303796145664819 38.69697539236236139
40522.349296935404709 38.689904324550496995
40522.394797725144599 38.682833256738632599
40522.440298514891765 38.675762188926768204
40522.485799304631655 38.668691121114903808
40522.531300094378821 38.661620053303039413
40522.576800884118711 38.654548985491175017
40522.622301673858601 38.647477917679310622
40522.667802463605767 38.640406849867446226
40522.713303253345657 38.633335782055581831
40522.758804043085547 38.626264714243717435
40522.804304832832713 38.61919364643185304
40522.849805622572603 38.612122578619988644
40522.895306412312493 38.605051510808124249
40522.940807202059659 38.597980442996259853
40522.986307991799549 38.590909375184395458
40523.031808781539439 38.583838307372531062
40523.077309571286605 38.576767239560666667
40523.122810361026495 38.569696171748802271
40523.168311150773661 38.562625103936937876
40523.213811940513551 38.55555403612507348
40523.259312730253441 38.548482968313209085
40523.304813520000607 38.541411900501344689
40523.350314309740497 38.534340832689480294
40523.395815099480387 38.527269764877615899
40523.441315889227553 38.520198697065751503
40523.486816678967443 38.513127629253887108
40523.532317468707333 38.506056561442022712
40523.577818258454499 38.498985493630158317
40523.623319048194389 38.491914425818293921
40523.668819837934279 38.484843358006429526
40523.714320627681445 38.47777229019456513
40523.759821417421335 38.470701222382700735
40523.805322207168501 38.463630154570836339
40523.850822996908391 38.456559086758971944
40523.896323786648281 38.449488018947107548
40523.941824576395447 38.442416951135243153
40523.987325366135337 38.435345883323378757
40524.032826155875227 38.428274815511514362
40524.078326945622393 38.421203747699649966
40524.123827735362283 38.414132679887785571
40524.169328525102173 38.407061612075921175
40524.214829314849339 38.39999054426405678
40524.260330104589229 38.392919476452192384
40524.305830894336395 38.385848408640327989
40524.351331684076285 38.378777340828463593
40524.396832473816175 38.371706273016599198
40524.442333263563341 38.364635205204734802
40524.487834053303231 38.357564137392870407
40524.533334843043122 38.350493069581006012
40524.578835632790287 38.343422001769141616
40524.624336422530178 38.336350933957277221
40524.669837212270068 38.329279866145412825
40524.715338002017234 38.32220879833354843
40524.760838791757124 38.315137730521684034
40524.806339581497014 38.308066662709819639
40524.85184037124418 38.300995594897955243
40524.89734116098407 38.293924527086090848
40524.942841950731236 38.286853459274226452
40524.988342740471126 38.279782391462362057
40525.033843530211016 38.272711323650497661
40525.079344319958182 38.265640255838633266
40525.124845109698072 38.25856918802676887
40525.170345899437962 38.251498120214904475
40525.215846689185128 38.244427052403040079
40525.261347478925018 38.237355984591175684
40525.306848268664908 38.230284916779311288
40525.352349058412074 38.223213848967446893
40525.397849848151964 38.216142781155582497
40525.443350637891854 38.209071713343718102
40525.48885142763902 38.202000645531853706
40525.53435221737891 38.194929577719989311
40525.579853007126076 38.187858509908124915
40525.625353796865966 38.18078744209626052
40525.670854586605856 38.173716374284396124
40525.716355376353022 38.166645306472531729
40525.761856166092912 38.159574238660667334
40525.807356955832802 38.152503170848802938
40525.852857745579968 38.145432103036938543
40525.898358535319858 38.138361035225074147
40525.943859325059748 38.131289967413209752
40525.989360114806914 38.124218899601345356
40526.034860904546804 38.117147831789480961
40526.080361694286694 38.110076763977616565
40526.12586248403386 38.10300569616575217
40526.17136327377375 38.095934628353887774
40526.216864063520916 38.088863560542023379
40526.262364853260806 38.081792492730158983
40526.307865643000696 38.074721424918294588
40526.353366432747862 38.067650357106430192
40526.398867222487752 38.060579289294565797
40526.444368012227642 38.053508221482701401
40526.489868801974808 38.046437153670837006
40526.535369591714698 38.03936608585897261
40526.580870381454588 38.032295018047108215
40526.626371171201754 38.025223950235243819
40526.671871960941644 38.018152882423379424
40526.717372750681534 38.011081814611515028
40526.7628735404287 38.004010746799650633
40526.80837433016859 37.996939678987786237
40526.853875119915756 37.989868611175921842
40526.899375909655646 37.982797543364057447
40526.944876699395536 37.975726475552193051
40526.990377489142702 37.968655407740328656
40527.035878278882592 37.96158433992846426
40527.081379068622482 37.954513272116599865
40527.126879858369648 37.947442204304735469
40527.172380648109538 37.940371136492871074
40527.217881437849428 37.933300068681006678
40527.263382227596594 37.926229000869142283
40527.308883017336484 37.919157933057277887
40527.35438380708365 37.912086865245413492
40527.39988459682354 37.905015797433549096
40527.44538538656343 37.897944729621684701
40527.490886176310596 37.890873661809820305
40527.536386966050486 37.88380259399795591
40527.581887755790376 37.876731526186091514
40527.627388545537542 37.869660458374227119
40527.672889335277432 37.862589390562362723
40527.718390125017322 37.855518322750498328
40527.763890914764488 37.848447254938633932
40527.809391704504378 37.841376187126769537
40527.854892494244268 37.834305119314905141
40527.900393283991434 37.827234051503040746
40527.945894073731324 37.82016298369117635
40527.99139486347849 37.813091915879311955
40528.03689565321838 37.80602084806744756
40528.08239644295827 37.798949780255583164
40528.127897232705436 37.791878712443718769
40528.173398022445326 37.784807644631854373
40528.218898812185216 37.777736576819989978
40528.264399601932382 37.770665509008125582
40528.309900391672272 37.763594441196261187
40528.355401181412162 37.756523373384396791
40528.400901971159328 37.749452305572532396
40528.446402760899218 37.742381237760668
40528.491903550639108 37.735310169948803605
40528.537404340386274 37.728239102136939209
40528.582905130126164 37.721168034325074814
40528.62840591987333 37.714096966513210418
40528.67390670961322 37.707025898701346023
40528.71940749935311 37.699954830889481627
40528.764908289100276 37.692883763077617232
40528.810409078840166 37.685812695265752836
40528.855909868580056 37.678741627453888441
40528.901410658327222 37.671670559642024045
40528.946911448067112 37.66459949183015965
40528.992412237807002 37.657528424018295254
40529.037913027554168 37.650457356206430859
40529.083413817294058 37.643386288394566463
40529.128914607033948 37.636315220582702068
40529.174415396781114 37.629244152770837673
40529.219916186521004 37.622173084958973277
40529.26541697626817 37.615102017147108882
40529.31091776600806 37.608030949335244486
40529.35641855574795 37.600959881523380091
40529.401919345495116 37.593888813711515695
40529.447420135235006 37.5868177458996513
40529.492920924974896 37.579746678087786904
40529.538421714722062 37.572675610275922509
40529.583922504461952 37.565604542464058113
40529.629423294201843 37.558533474652193718
40529.674924083949008 37.551462406840329322
40529.720424873688899 37.544391339028464927
40529.765925663428789 37.537320271216600531
40529.811426453175955 37.530249203404736136
40529.856927242915845 37.52317813559287174
40529.902428032663011 37.516107067781007345
40529.947928822402901 37.509035999969142949
40529.993429612142791 37.501964932157278554
40530.038930401889957 37.494893864345414158
40530.084431191629847 37.487822796533549763
40530.129931981369737 37.480751728721685367
40530.175432771116903 37.473680660909820972
40530.220933560856793 37.466609593097956576
40530.266434350596683 37.459538525286092181
40530.311935140343849 37.452467457474227785
40530.357435930083739 37.44539638966236339
40530.402936719830905 37.438325321850498995
40530.448437509570795 37.431254254038634599
40530.493938299310685 37.424183186226770204
40530.539439089057851 37.417112118414905808
40530.584939878797741 37.410041050603041413
40530.630440668537631 37.402969982791177017
40530.675941458284797 37.395898914979312622
40530.721442248024687 37.388827847167448226
40530.766943037764577 37.381756779355583831
40530.812443827511743 37.374685711543719435
40530.857944617251633 37.36761464373185504
40530.903445406991523 37.360543575919990644
40530.948946196738689 37.353472508108126249
40530.994446986478579 37.346401440296261853
40531.039947776225745 37.339330372484397458
40531.085448565965635 37.332259304672533062
40531.130949355705525 37.325188236860668667
40531.176450145452691 37.318117169048804271
40531.221950935192581 37.311046101236939876
40531.267451724932471 37.30397503342507548
40531.312952514679637 37.296903965613211085
40531.358453304419527 37.289832897801346689
40531.403954094159417 37.282761829989482294
40531.449454883906583 37.275690762177617898
40531.494955673646473 37.268619694365753503
40531.540456463386363 37.261548626553889108
40531.585957253133529 37.254477558742024712
40531.631458042873419 37.247406490930160317
40531.676958832620585 37.240335423118295921
40531.722459622360475 37.233264355306431526
40531.767960412100365 37.22619328749456713
40531.813461201847531 37.219122219682702735
40531.858961991587421 37.212051151870838339
40531.904462781327311 37.204980084058973944
40531.949963571074477 37.197909016247109548
40531.995464360814367 37.190837948435245153
40532.040965150554257 37.183766880623380757
40532.086465940301423 37.176695812811516362
40532.131966730041313 37.169624744999651966
40532.177467519781203 37.162553677187787571
40532.222968309528369 37.155482609375923175
40532.268469099268259 37.14841154156405878
40532.313969889015425 37.141340473752194384
40532.359470678755315 37.134269405940329989
40532.404971468495205 37.127198338128465593
40532.450472258242371 37.120127270316601198
40532.495973047982261 37.113056202504736802
40532.541473837722151 37.105985134692872407
40532.586974627469317 37.098914066881008011
40532.632475417209207 37.091842999069143616
40532.677976206949097 37.084771931257279221
40532.723476996696263 37.077700863445414825
40532.768977786436153 37.07062979563355043
40532.814478576176043 37.063558727821686034
40532.859979365923209 37.056487660009821639
40532.905480155663099 37.049416592197957243
40532.950980945410265 37.042345524386092848
40532.996481735150155 37.035274456574228452
40533.041982524890045 37.028203388762364057
40533.087483314637211 37.021132320950499661
40533.132984104377101 37.014061253138635266
40533.178484894116991 37.00699018532677087
40533.223985683864157 36.999919117514906475
40533.269486473604047 36.992848049703042079
40533.314987263343937 36.985776981891177684
40533.360488053091103 36.978705914079313288
40533.405988842830993 36.971634846267448893
40533.451489632578159 36.964563778455584497
40533.496990422318049 36.957492710643720102
40533.542491212057939 36.950421642831855706
40533.587992001805105 36.943350575019991311
40533.633492791544995 36.936279507208126915
40533.678993581284885 36.92920843939626252
40533.724494371032051 36.922137371584398124
40533.769995160771941 36.915066303772533729
40533.815495950511831 36.907995235960669334
40533.860996740258997 36.900924168148804938
40533.906497529998887 36.893853100336940543
40533.951998319738777 36.886782032525076147
40533.997499109485943 36.879710964713211752
40534.042999899225833 36.872639896901347356
40534.088500688972999 36.865568829089482961
40534.134001478712889 36.858497761277618565
40534.179502268452779 36.85142669346575417
40534.225003058199945 36.844355625653889774
40534.270503847939835 36.837284557842025379
40534.316004637679725 36.830213490030160983
40534.361505427426891 36.823142422218296588
40534.407006217166781 36.816071354406432192
40534.452507006906671 36.809000286594567797
40534.498007796653837 36.801929218782703401
40534.543508586393727 36.794858150970839006
40534.589009376133617 36.78778708315897461
40534.634510165880783 36.780716015347110215
40534.680010955620673 36.773644947535245819
40534.725511745367839 36.766573879723381424
40534.771012535107729 36.759502811911517028
40534.81651332484762 36.752431744099652633
40534.862014114594785 36.745360676287788237
40534.907514904334676 36.738289608475923842
40534.953015694074566 36.731218540664059446
40534.998516483821732 36.724147472852195051
40535.044017273561622 36.717076405040330656
40535.089518063301512 36.71000533722846626
40535.135018853048678 36.702934269416601865
40535.180519642788568 36.695863201604737469
40535.226020432528458 36.688792133792873074
40535.271521222275624 36.681721065981008678
40535.317022012015514 36.674649998169144283
40535.36252280176268 36.667578930357279887
40535.40802359150257 36.660507862545415492
40535.45352438124246 36.653436794733551096
40535.499025170989626 36.646365726921686701
40535.544525960729516 36.639294659109822305
40535.590026750469406 36.63222359129795791
40535.635527540216572 36.625152523486093514
40535.681028329956462 36.618081455674229119
40535.726529119696352 36.611010387862364723
40535.772029909443518 36.603939320050500328
40535.817530699183408 36.596868252238635932
40535.863031488923298 36.589797184426771537
40535.908532278670464 36.582726116614907141
40535.954033068410354 36.575655048803042746
40535.99953385815752 36.56858398099117835
40536.04503464789741 36.561512913179313955
40536.0905354376373 36.554441845367449559
40536.136036227384466 36.547370777555585164
40536.181537017124356 36.540299709743720769
40536.227037806864246 36.533228641931856373
40536.272538596611412 36.526157574119991978
40536.318039386351302 36.519086506308127582
40536.363540176091192 36.512015438496263187
40536.409040965838358 36.504944370684398791
40536.454541755578248 36.497873302872534396
40536.500042545325414 36.49080223506067
40536.545543335065304 36.483731167248805605
40536.591044124805194 36.476660099436941209
40536.63654491455236 36.469589031625076814
40536.68204570429225 36.462517963813212418
40536.72754649403214 36.455446896001348023
40536.773047283779306 36.448375828189483627
40536.818548073519196 36.441304760377619232
40536.864048863259086 36.434233692565754836
40536.909549653006252 36.427162624753890441
40536.955050442746142 36.420091556942026045
40537.000551232486032 36.41302048913016165
40537.046052022233198 36.405949421318297254
40537.091552811973088 36.398878353506432859
40537.137053601720254 36.391807285694568463
40537.182554391460144 36.384736217882704068
40537.228055181200034 36.377665150070846778
40537.273555970939924 36.370594082259309232
40537.31905676068709 36.363523014448688286
40537.364557550441532 36.35645194663980817
40537.410058340217802 36.349380878833720487
40537.455559130023175 36.342309811031704214
40537.501059919872205 36.335238743235251491
40537.546560709779442 36.32816767544608183
40537.592061499759438 36.321096607666135014
40537.637562289834023 36.314025539897563988
40537.683063080025022 36.306954472142734858
40537.72856387036154 36.299883404404241105
40537.774064660872682 36.292812336684875163
40537.819565451580274 36.285741268987649732
40537.865066242520697 36.278670201315783572
40537.910567033730331 36.271599133672708604
40537.956067825238279 36.264528066062062805
40538.001568617088196 36.257456998487683109
40538.047069409316464 36.250385930953612501
40538.092570201966737 36.243314863464107134
40538.138070995082671 36.236243796023607899
40538.183571788715199 36.229172728636768852
40538.229072582907975 36.222101661308435894
40538.274573377711931 36.215030594043653878
40538.320074173178 36.207959526847659504
40538.365574969357112 36.200888459725881319
40538.411075766314752 36.193817392683953926
40538.456576564101852 36.186746325727689566
40538.502077362776618 36.179675258863092324
40538.547578162397258 36.172604192096351028
40538.593078963036533 36.165533125433853456
40538.638579764752649 36.158462058882165024
40538.68408056761109 36.151390992448028783
40538.729581371677341 36.144319926138386734
40538.77508217702416 36.137248859960344305
40538.820582983724307 36.13017779392119877
40538.866083791850542 36.123106728028425039
40538.911584601475624 36.116035662289668551
40538.957085412672313 36.108964596712752382
40539.002586225520645 36.101893531305677243
40539.048087040100654 36.094822466076614376
40539.093587856485101 36.087751401033912657
40539.139088674761297 36.080680336186084389
40539.184589495009277 36.07360927154181951
40539.230090317316353 36.066538207109964276
40539.275591141769837 36.05946714289954258
40539.321091968449764 36.052396078919734634
40539.366592797450721 36.045325015179891182
40539.412093628852745 36.038253951689526389
40539.457594462750421 36.031182888458317848
40539.503095299238339 36.024111825496198946
40539.548596138411085 36.01704076281347966
40539.594096980363247 36.00996970042076839
40539.639597825196688 36.002898638328993286
40539.685098673005996 35.995827576549380922
40539.73059952390031 35.988756515093463406
40539.776100377981493 35.98168545397306417
40539.821601235358685 35.974614393200305074
40539.867102096148301 35.967543332787606403
40539.912602960452205 35.960472272747679767
40539.958103828394087 35.953401213093520994
40540.003604700083088 35.946330153838424337
40540.049105575642898 35.939259094995954058
40540.094606455189933 35.932188036579972845
40540.140107338847884 35.925116978604613394
40540.185608226740442 35.918045921084292615
40540.231109118998575 35.910974864033704534
40540.276610015745973 35.903903807467813181
40540.322110917113605 35.89683275140185259
40540.367611823232437 35.889761695851333911
40540.413112734233437 35.882690640832031193
40540.458613650254847 35.875619586359988489
40540.504114571434911 35.868548532451512756
40540.549615497904597 35.861477479123166745
40540.595116429809423 35.854406426391776108
40540.640617367287632 35.847335374274429398
40540.686118310484744 35.840264322788463858
40540.731619259539002 35.83319327195147963
40540.777120214603201 35.826122221781318444
40540.822621175815584 35.819051172296077823
40540.868122143336223 35.81198012351410398
40540.913623117303359 35.804909075453984713
40540.959124097877066 35.797838028134556509
40541.004625085202861 35.790766981574897443
40541.050126079433539 35.78369593579432717
40541.095627080729173 35.776624890812406932
40541.141128089242557 35.769553846648932449
40541.186629105126485 35.762482803323933922
40541.23213012854103 35.755411760857683134
40541.277631159646262 35.748340719270672139
40541.323132198602252 35.741269678583634573
40541.368633245576348 35.734198638817531446
40541.414134300721344 35.727127599993870888
40541.459635364211863 35.720056562134807621
40541.505136436207977 35.712985525263022168
40541.550637516891584 35.705914489401735068
40541.596138606430031 35.698843454574713974
40541.641639705005218 35.691772420806259447
40541.687140812806319 35.684701388121183641
40541.732641930015234 35.677630356544845824
40541.778143056821136 35.670559326103109754
40541.823644193413202 35.663488296822357881
40541.869145339995157 35.65641726872949846
40541.914646496756177 35.649346241851937123
40541.960147663899988 35.642275216217591094
40542.005648841630318 35.635204191854889189
40542.051150030158169 35.62813316879274339
40542.096651229687268 35.621062147060577274
40542.142152440435893 35.613991126688297584
40542.187653662615048 35.606920107706301337
40542.233154896435735 35.599849090145475827
40542.278656142130785 35.592778074037191516
40542.324157399911201 35.585707059413294928
40542.369658670002536 35.578636046306115759
40542.415159952637623 35.571565034748445555
40542.460661248042015 35.564494024773559033
40542.506162556448544 35.557423016415192762
40542.551663878090039 35.550352009707538059
40542.597165213199332 35.543281004685262303
40542.642666562016529 35.536210001383480517
40542.688167924781737 35.529138999837769575
40542.733669301735063 35.522068000084153994
40542.779170693123888 35.514997002159113038
40542.824672099188319 35.507926006099566507
40542.87017352017574 35.500855011942874739
40542.915674956340808 35.493784019726845713
40542.961176407923631 35.486713029489727944
40543.006677875186142 35.479642041270494701
40543.052179358383 35.472571055108915061
40543.09768085777614 35.465500071045454433
40543.143182373634772 35.458429089121267452
40543.188683906220831 35.45135810937819798
40543.234185455818078 35.444287131858757789
40543.279687022703001 35.437216156606147877
40543.325188607159362 35.430145183664230046
40543.370690209478198 35.423074213077534012
40543.416191829943273 35.416003244891257395
40543.461693468860176 35.408932279151251521
40543.507195126519946 35.401861315904028515
40543.552696803235449 35.3947903551967471
40543.598198499304999 35.387719397077205485
40543.643700215048739 35.380648441593862685
40543.689201950772258 35.373577488795874046
40543.734703706802975 35.366506538733204934
40543.780205483461032 35.359435591456588099
40543.82570728106657 35.352364647017495258
40543.871209099961561 35.345293705468165513
40543.916710940480698 35.33822276686159114
40543.962212802958675 35.331151831251503381
40544.007714687744738 35.32408089869239376
40544.053216595188132 35.317009969239492762
40544.098718525638105 35.309939042948776944
40544.144220479451178 35.302868119876968933
40544.189722456991149 35.29579720008153032
40544.235224458614539 35.288726283620661661
40544.280726484692423 35.281655370553309581
40544.326228535595874 35.274584460939145458
40544.371730611695966 35.267513554838586742
40544.417232713378326 35.260442652312782741
40544.462734841021302 35.253371753423607515
40544.508236995003244 35.246300858233681197
40544.553739175717055 35.239229966806341565
40544.599241383555636 35.232159079205658259
40544.644743618911889 35.225088195496425669
40544.690245882178715 35.218017315744177154
40544.735748173763568 35.210946440015149506
40544.781250494066626 35.203875568376325589
40544.826752843495342 35.19680470089539881
40544.87225522245717 35.189733837640787328
40544.91775763136684 35.182662978681626953
40544.963260070631804 35.175592124087778245
40545.00876254067407 35.16852127392981231
40545.054265041915642 35.16145042827903211
40545.099767574778525 35.154379587207451152
40545.145270139684726 35.147308750787800591
40545.190772737063526 35.140237919093522123
40545.236275367344206 35.133167092198775094
40545.281778030963324 35.126096270178436498
40545.327280728350161 35.119025453108100976
40545.372783459941274 35.111954641064066607
40545.418286226173223 35.104883834123349118
40545.463789027497114 35.097813032363674779
40545.509291864349507 35.090742235863487508
40545.554794737174234 35.083671444701934661
40545.600297646415129 35.07660065895888124
40545.645800592530577 35.069529878714902793
40545.691303575964412 35.062459104051278302
40545.736806597167742 35.0553883350500044
40545.782309656598954 35.048317571793781156
40545.827812754716433 35.041246814366026285
40545.873315891971288 35.034176062850860944
40545.91881906882918 35.027105317333123935
40545.964322285741218 35.020034577898350392
40546.009825543180341 35.012963844632800203
40546.055328841604933 35.005893117623429589
40546.100832181480655 34.998822396957912417
40546.146335563273169 34.991751682724633099
40546.191838987448136 34.984680975012686588
40546.237342454478494 34.977610273911871275
40546.282845964837179 34.970539579512696093
40546.328349518989853 34.963468891906387626
40546.373853117409453 34.956398211184882996
40546.419356760568917 34.949327537440915137
40546.464860448948457 34.942256870768261479
40546.510364183021011 34.93518621126168
40546.555867963266792 34.928115559016887914
40546.601371790173289 34.921044914130575876
40546.646875664213439 34.913974276700393773
40546.692379585882009 34.906903646824964937
40546.737883555666485 34.899833024603864828
40546.783387574054359 34.892762410137635243
40546.828891641540395 34.885691803527763
40546.874395758612081 34.878621204876701256
40546.919899925764184 34.871550614287841086
40546.965404143498745 34.864480031865532794
40547.010908412310528 34.857409457715085921
40547.056412732701574 34.850338891943074771
40547.101917105173925 34.843268334657302887
40547.147421530244173 34.836197785966653839
40547.192926008436189 34.829127245981084116
40547.238430540266563 34.822056714811623124
40547.283935126266442 34.814986192570380297
40547.329439766966971 34.807915679370537987
40547.374944462913845 34.800845175326337255
40547.420449214652763 34.793774680553092082
40547.465954022736696 34.786704195167210685
40547.511458887718618 34.779633719286607629
40547.556963810173329 34.772563253030604358
40547.602468790668354 34.765492796519865237
40547.647973829793045 34.75842234987636914
40547.693478928144032 34.751351913223423651
40547.738984086317942 34.744281486685814286
40547.784489304933231 34.737211070389832912
40547.829994584601081 34.730140664463249323
40547.875499925961776 34.723070269035311242
40547.921005329641048 34.715999884236730111
40547.966510796293733 34.708929510199702406
40548.012016326574667 34.701859147057888322
40548.057521921145963 34.694788794946418875
40548.103027580677008 34.687718454001888801
40548.148533305851743 34.68064812436236366
40548.194039097361383 34.673577806167372728
40548.239544955889869 34.666507499557901895
40548.285050882150244 34.659437204676542876
40548.330556876855553 34.652366921667606903
40548.376062940726115 34.645296650676868921
40548.421569074511353 34.638226391851546282
40548.467075278953416 34.631156145340312946
40548.512581554823555 34.624085911293271067
40548.558087902893021 34.617015689861986516
40548.603594323954894 34.609945481199446249
40548.649100818802253 34.602875285460086729
40548.69460738824273 34.595805102799786823
40548.740114033098507 34.588734933375846481
40548.78562075420632 34.581664777347029371
40548.831127552402904 34.574594634873562882
40548.876634428539546 34.567524506117145222
40548.922141383482085 34.560454391240980954
40548.967648418103636 34.553384290409923096
40549.013155533284589 34.546314203790466024
40549.058662729927164 34.539244131550702832
40549.104170008933579 34.532174073860346653
40549.149677371220605 34.525104030890716444
40549.195184817712288 34.51803400281475831
40549.240692349354504 34.510963989807024177
40549.286199967085849 34.503893992043678907
40549.331707671866752 34.496824009702507396
40549.377215464664914 34.489754042962893266
40549.422723346455314 34.482684092005854382
40549.468231318227481 34.475614157014014438
40549.513739380970947 34.468544238171858751
40549.559247535697068 34.461474335665982949
40549.60475578342448 34.454404449684915335
40549.650264125179092 34.4473345804191311
40549.695772562001366 34.440264728061045219
40549.741281094953592 34.433194892805005338
40549.786789725090784 34.426125074847291785
40549.83229845349706 34.41905527438611756
40549.877807281249261 34.411985491621621236
40549.923316209453333 34.404915726755866956
40549.968825239207945 34.397845979992844434
40550.014334371633595 34.390776251538454744
40550.059843607858056 34.383706541600517426
40550.105352949016378 34.376636850388770483
40550.150862396258162 34.369567178114856176
40550.19637195073301 34.362497524992321019
40550.24188161361235 34.355427891236615778
40550.287391386060335 34.348358277065088373
40550.332901269262948 34.341288682696990975
40550.378411264413444 34.334219108353458694
40550.423921372705081 34.327149554257523789
40550.469431595352944 34.320080020634101459
40550.514941933564842 34.313010507709982733
40550.560452388563135 34.305941015713848685
40550.605962961577461 34.298871544876242012
40550.651473653844732 34.291802095429581243
40550.696984466609138 34.284732667608153633
40550.742495401122142 34.277663261648108062
40550.788006458642485 34.270593877787447923
40550.833517640428909 34.263524516266095077
40550.879028947761981 34.256455177326166961
40550.924540381914994 34.24938586121189843
40550.970051944183069 34.242316568169577806
40551.015563635861326 34.235247298447575304
40551.061075458252162 34.228178052296321709
40551.106587412672525 34.221108829968294174
40551.152099500446639 34.214039631718030421
40551.197611722898728 34.206970457802100327
40551.243124081367569 34.199901308479113027
40551.288636577191937 34.192832184009709806
40551.334149211725162 34.185763084656549893
40551.379661986320571 34.178694010684452564
40551.425174902353319 34.171624962360326094
40551.470687961198564 34.164555939952947483
40551.516201164253289 34.157486943732955353
40551.561714512914477 34.150417973972842844
40551.607228008600941 34.143349030946964717
40551.652741652731493 34.136280114931508933
40551.698255446746771 34.12921122620450376
40551.743769392094691 34.122142365045824874
40551.78928349022317 34.115073531737152734
40551.83479774260195 34.108004726562000997
40551.88031215070805 34.100935949805695202
40551.925826716025767 34.093867201755678309
40551.971341440061224 34.086798482701524904
40552.01685632434237 34.079729792934600141
40552.062371370411711 34.072661132748073953
40552.107886579840851 34.06559250243689263
40552.153401954208675 34.058523902297793029
40552.198917495115893 34.051455332629579686
40552.244433204199595 34.044386793733082186
40552.289949083104148 34.037318285911020155
40552.335465133495745 34.030249809468010369
40552.380981357076962 34.023181364710566754
40552.426497755564924 34.016112951947093279
40552.472014330698585 34.00904457148786264
40552.517531084246002 34.001976223645044684
40552.56304801798251 33.99490790873266377
40552.608565133712546 33.987839627066627202
40552.65408243326965 33.980771378964938378
40552.699599918501917 33.973703164747703909
40552.745117591279268 33.966634984737083869
40552.790635453493451 33.959566839257284698
40552.836153507072595 33.952498728634566305
40552.881671753952105 33.945430653197242066
40552.92719019609649 33.938362613275721458
40552.972708835492085 33.931294609202645063
40553.018227674154332 33.924226641312721142
40553.063746714120498 33.917158709942711425
40553.109265957456955 33.91009081543143111
40553.154785406244628 33.903022958119734653
40553.200305062608095 33.895955138350544189
40553.245824928679212 33.888887356468828216
40553.291345006626216 33.881819612821615806
40553.336865298639168 33.874751907757975289
40553.38238580692996 33.867684241629035569
40553.427906533739588 33.860616614787971912
40553.473427481330873 33.853549027590027265
40553.518948652003019 33.846481480392490937
40553.564470048062503 33.839413973554712811
40553.609991671852185 33.832346507438089134
40553.655513525736751 33.82527908240608383
40553.70103561210999 33.81821169882420719
40553.746557933380245 33.811144357060044285
40553.792080491999513 33.804077057483226554
40553.837603290427069 33.797009800465460216
40553.883126331158564 33.789942586380504963
40553.928649616711482 33.782875415604188163
40553.974173149632406 33.775808288514554079
40554.019696932489751 33.768741205492204926
40554.065220967881032 33.761674166920158768
40554.110745258440147 33.754607173183842406
40554.15626980682282 33.747540224671105591
40554.201794615713879 33.740473321772213922
40554.247319687834533 33.73340646487983463
40554.292845025920542 33.726339654389065004
40554.338370632751321 33.719272890697403966
40554.383896511128114 33.712206174204780496
40554.429422663881269 33.705139505313539416
40554.474949093877512 33.698072884428441398
40554.5204758040054 33.691006311956670061
40554.566002797189867 33.683939788307839081
40554.611530076384952 33.676873313893985085
40554.657057644566521 33.669806889129581862
40554.702585504754097 33.662740514431519046
40554.748113659989031 33.655674190219144748
40554.793642113349051 33.648607916914222926
40554.839170867933717 33.64154169494098312
40554.884699926893518 33.634475524726092033
40554.930229293386219 33.627409406698674843
40554.975758970627794 33.620343341290308103
40555.021288961841492 33.61327732893503395
40555.066819270301494 33.6062113700693601
40555.112349899311084 33.599145465132281174
40555.157880852195376 33.592079614565257373
40555.203412132330413 33.585013818812250008
40555.248943743121345 33.577948078319728609
40555.294475688002422 33.570882393536841448
40555.340007970451552 33.563816764915273438
40555.385540593983023 33.556751192909111126
40555.431073562154779 33.549685677974864007
40555.476606878561142 33.542620220571457423
40555.522140546847368 33.535554821160260985
40555.567674570687814 33.528489480205173834
40555.613208953807771 33.521424198172724118
40555.658743699968909 33.514358975532097418
40555.70427881298383 33.507293812755129636
40555.74981429669424 33.500228710316328318
40555.795350155007327 33.493163668692893964
40555.840886391859385 33.486098688364727138
40555.886423011230363 33.479033769814463994
40555.931960017158417 33.471968913527469169
40555.977497413725359 33.464904119991871312
40556.023035205049382 33.457839389698825983
40556.068573395314161 33.450774723142494338
40556.114111988754303 33.443710120819886811
40556.159650989662623 33.43664558323077074
40556.20519040239742 33.429581110877926164
40556.250730231367925 33.422516704266882925
40556.29627048104885 33.415452363905885136
40556.341811155994947 33.408388090305919604
40556.387352260811895 33.401323883980708729
40556.432893800170859 33.394259745446774446
40556.478435778823041 33.387195675223424018
40556.523978201577847 33.380131673832806882
40556.569521073317446 33.373067741799921748
40556.615064398996765 33.366003879652659236
40556.660608183628938 33.358940087921808981
40556.706152432314411 33.351876367141102264
40556.751697150211839 33.344812717847240435
40556.797242342559912 33.337749140579937546
40556.842788014670077 33.330685635881913242
40556.88833417193382 33.323622204298821714
40556.933880819815386 33.316558846379216163
40556.979427963866328 33.309495562674577229
40557.02497560971824 33.302432353739362725
40557.070523763075471 33.295369220131014742
40557.116072429729684 33.288306162410016498
40557.161621615559852 33.281243181140133913
40557.207171326524985 33.274180276888344565
40557.252721568685956 33.267117450224858999
40557.298272348183673 33.26005470172313494
40557.343823671253631 33.252992031960047825
40557.389375544225913 33.245929441515947644
40557.434927973525191 33.238866930974687364
40557.480480965670722 33.231804500923672663
40557.526034527276352 33.224742151953897462
40557.571588665065065 33.217679884660000766
40557.617143385847157 33.210617699640330613
40557.662698696549342 33.203555597497143026
40557.708254604192916 33.196493578836644645
40557.753811115915596 33.189431644269021149
40557.799368238956959 33.182369794408494101
40557.844925980665721 33.17530802987336358
40557.89048434849974 33.168246351286093443
40557.936043350040563 33.161184759273353961
40557.981602992978878 33.154123254466085768
40558.027163285129063 33.147061837499585124
40558.07272423440736 33.140000509013539443
40558.118285848868254 33.132939269652126768
40558.163848136682645 33.125878120064058407
40558.209411106145126 33.118817060902664196
40558.254974765673978 33.11175609282597776
40558.300539123825729 33.104695216496779153
40558.346104189273319 33.09763443258269433
40558.39166997083521 33.090573741756266202
40558.437236477453553 33.083513144695047004
40558.482803718216019 33.076452642081669353
40558.528371702348522 33.069392234603945724
40558.573940439207945 33.0623319229549395
40558.619509938311239 33.055271707833064454
40558.665080209306325 33.048211589942170008
40558.710651261993917 33.041151569991633608
40558.756223106327525 33.034091648696453092
40558.801795752413454 33.027031826777346168
40558.847369210510806 33.019972104960828574
40558.892943491046026 33.012912483979341971
40558.938518604591081 33.005852964571332109
40558.984094561885286 32.99879354748137672
40559.029671373842575 32.991734233460256576
40559.075249051544233 32.984675023265104699
40559.120827606231614 32.977615917659484523
40559.166407049335248 32.970556917413517795
40559.211987392445735 32.963498023304005358
40559.257568647350126 32.956439236114519531
40559.303150826010096 32.949380556635560424
40559.348733940576494 32.942321985664648309
40559.394318003389344 32.935263524006458624
40559.439903026977845 32.928205172472956974
40559.485489024074923 32.921146931883527031
40559.531076007595402 32.914088803065098432
40559.576663990679663 32.907030786852274673
40559.622252986657259 32.899972884087496539
40559.667843009068747 32.892915095621155785
40559.713434071672964 32.885857422311758569
40559.759026188439748 32.878799865026060445
40559.804619373564492 32.871742424639229796
40559.850213641460869 32.864685102034982833
40559.89580900677538 32.85762789810588913
40559.94140548438736 32.850570813753783739
40559.987003089408972 32.843513849889831135
40560.032601837192487 32.836457007434681543
40560.078201743337559 32.829400287318662777
40560.123802823698497 32.822343690481908141
40560.169405094376998 32.815287217874562486
40560.215008571736689 32.808230870456988271
40560.260613272395858 32.801174649200099509
40560.306219213256554 32.794118555085532307
40560.351826411475486 32.787062589105822497
40560.351826411475486 32.787062589105822497
40560.351826411475486 32.787062589105822497
40560.351826411475486 32.787062589105822497
40560.351826411475486 32.787062589105822497
40560.351826411475486 32.787062589105822497
40560.397434884493123 32.780006752264590375
40560.443044650033698 32.772951045576739659
40560.488655726112484 32.765895470068663542
40560.534268131021236 32.758840026778436538
40560.579881883357302 32.751784716756006333
40560.625497002023621 32.744729541063435363
40560.671113506221445 32.737674500775092667
40560.716731415472168 32.730619596977874153
40560.762350749602774 32.723564830771422862
40560.807971528767666 32.716510203268505563
40560.853593773463217 32.709455715595083802
40560.899217504505941 32.702401368890484434
40560.944842743068875 32.695347164307690946
40560.990469510667026 32.688293103013670304
40561.036097829186474 32.681239186189486645
40561.081727720862546 32.674185415030549962
40561.127359208301641 32.667131790746836373
40561.172992314495787 32.660078314563186552
40561.218627062822634 32.653024987719490468
40561.264263477038185 32.645971811470879231
40561.309901581305894 32.638918787087959572
40561.355541400196671 32.631865915857183325
40561.401182958681602 32.624813199081081905
40561.446826282168331 32.617760638078614477
40561.492471396486508 32.61070823418553033
40561.538118327902339 32.603655988754347561
40561.583767103133141 32.596603903154637294
40561.629417749361892 32.589551978773378949
40561.675070294222678 32.582500217015386568
40561.7207247658298 32.575448619303401188
40561.766381192777772 32.568397187078232946
40561.812039604163147 32.561345921799009773
40561.857700029569969 32.554294824943497133
40561.903362499106152 32.547243898008424878
40561.949027043388924 32.5401931425098212
40561.99469369356666 32.533142559983375008
40562.04036248131888 32.526092151984769885
40562.086033438878076 32.519041920090032249
40562.131706599022436 32.511991865895915055
40562.177381995097676 32.504941991020238845
40562.223059661017032 32.497892297102282555
40562.268739631290373 32.490842785803138781
40562.314421941009641 32.483793458806125898
40562.360106625870685 32.476744317817150431
40562.405793722195085 32.469695364565119178
40562.451483266915602 32.462646600802322894
40562.497175297605281 32.455598028304862623
40562.542869852484728 32.448549648873040496
40562.588566970429383 32.441501464331793159
40562.634266690984077 32.434453476531118099
40562.67996905437758 32.427405687346492869
40562.725674101529876 32.420358098679322723
40562.771381874066719 32.413310712457381157
40562.817092414334184 32.406263530635257553
40562.862805765398662 32.399216555194811917
40562.908521971068694 32.392169788145650955
40562.954241075916798 32.38512323152558281
40562.999963125279464 32.378076887401100237
40563.045688165278989 32.371030757867856664
40563.09141624282347 32.36398484505117068
40563.137147405643191 32.35693915110649499
40563.182881702290615 32.349893678219949322
40563.228619182147668 32.342848428608810707
40563.274359895454836 32.335803404522017956
40563.320103893318446 32.328758608240725891
40563.365851227739768 32.321714042078809825
40563.411601951607736 32.314669708383398472
40563.457356118728057 32.307625609535435274
40563.503113783845038 32.300581747950211309
40563.54887500264158 32.29353812607792662
40563.594639831775567 32.286494746404251543
40563.640408328879857 32.279451611450888038
40563.686180552591395 32.272408723776166539
40563.731956562565756 32.26536608597559308
40563.777736419484427 32.258323700682467461
40563.823520185091184 32.25128157056845879
40563.869307922199368 32.244239698344223655
40563.915099694720993 32.237198086759995874
40563.960895567666739 32.23015673860621888
40564.006695607189613 32.223115656714149679
40564.052499880592222 32.216074843956484131
40564.098308456348605 32.209034303248003539
40564.144121404118778 32.201994037546207039
40564.189938794785121 32.194954049851943978
40564.23576070045965 32.187914343210067614
40564.281587194513122 32.18087492071008171
40564.327418351604138 32.173835785486758709
40564.373254247693694 32.166796940720828957
40564.419094960059738 32.159758389639613085
40564.464940567340818 32.152720135517697031
40564.510791149543365 32.145682181677628364
40564.556646788070793 32.1386445314905842
40564.602507565759879 32.131607188377060425
40564.648373566895316 32.124570155807589344
40564.69424487723154 32.11753343730340049
40564.740121584029112 32.110497036437145368
40564.786003776069265 32.103460956833593798
40564.831891543704842 32.096425202170344448
40564.877784978853015 32.08938977617852828
40564.923684175053495 32.082354682643526189
40564.96958922749036 32.075319925405679555
40565.015500233006605 32.068285508361007885
40565.061417290147801 32.061251435461919357
40565.107340499191196 32.05421771071794268
40565.153269962167542 32.047184338196430531
40565.199205782912031 32.040151322023291414
40565.245148067064292 32.033118666383678885
40565.291096922133875 32.02608637552271631
40565.337052457514801 32.019054453746242928
40565.383014784507395 32.01202290542153861
40565.428984016391041 32.004991734978034401
40565.474960268409632 31.997960946908012403
40565.520943657844327 31.990930545767312765
40565.566934304035385 31.983900536176026463
40565.612932328411262 31.976870922819191634
40565.658937854539545 31.969841710447479244
40565.704951008148782 31.962812903877868109
40565.750971917179413 31.955784507994312804
40565.797000711812871 31.948756527748415124
40565.843037524515239 31.941728968160074231
40565.889082490066357 31.934701834318122593
40565.935135745625303 31.927675131380965468
40565.981197430737666 31.92064886457720263
40566.027267687401036 31.913623039206221677
40566.073346660094103 31.906597660638851721
40566.119434495827591 31.899572734317921174
40566.165531344180636 31.892548265758662751
40566.211637357358995 31.885524260549242825
40566.257752690216876 31.878500724351287232
40566.303877500322415 31.871477662900371541
40566.350011947994062 31.864455082006504227
40566.396156196344236 31.857432987554588522
40566.442310411322978 31.85041138550483808
40566.488474761768884 31.843390281893196203
40566.534649419460038 31.836369682831705319
40566.580834559157665 31.829349594508851595
40566.627030358657066 31.822330023189888237
40566.673236998823995 31.815310975217123257
40566.71945466366742 31.808292457010168164
40566.765683540361351 31.801274475066151126
40566.811923819317599 31.794257035959901714
40566.858175694236706 31.787240146344110769
40566.904439362129779 31.780223812949518702
40566.950715023413068 31.773208042584872857
40566.997002881937078 31.766192842136934615
40567.043303145030222 31.759178218570525587
40567.08961602357158 31.752164178928346416
40567.135941732041829 31.745150730330816913
40567.182280488566903 31.738137879975823807
40567.228632514976198 31.731125635138450747
40567.274998036860779 31.724114003170679865
40567.321377283617039 31.717102991501015197
40567.367770488512178 31.710092607634059902
40567.414177888735139 31.703082859150121919
40567.460599725454813 31.696073753704393283
40567.507036243878247 31.68906529902634972
40567.553487693287025 31.682057502919128922
40567.599954327124578 31.675050373258716974
40567.646436403032567 31.668043917993099257
40567.692934182887257 31.661038145141404243
40567.739447932894109 31.654033062792869657
40567.785977923602331 31.647028679105726923
40567.832524429984915 31.64002500230599324
40567.879087731475011 31.633022040686167742
40567.925668112031417 31.626019802603849485
40567.972265860182233 31.619018296480227548
40568.018881269075791 31.612017530798496523
40568.065514636538865 31.605017514102154763
40568.112166265113046 31.5980182549931925
40568.158836462112959 31.591019762130176929
40568.205525539684459 31.584022044226220061
40568.252233814819192 31.577025110046829326
40568.298961609434627 31.570028968407616077
40568.345709250403161 31.563033628171776712
40568.39247706959577 31.556039098247406827
40568.439265403925674 31.549045387584733646
40568.486074595384707 31.542052505173195698
40568.532904991094256 31.53506046003849761
40568.579756943319808 31.528069261239551224
40568.626630809514609 31.521078917865295921
40568.673526952363318 31.514089439031351958
40568.720445739782008 31.507100833876542367
40568.767387544969097 31.500113111559254975
40568.8143527464199 31.493126281253655208
40568.861341727941181 31.48614035214573903
40568.908354878672981 31.479155333429236663
40568.955392593095894 31.472171234301345777
40569.002455271060171 31.465188063958311915
40569.049543317763892 31.45820583159081707
40569.096657143767516 31.45122454637923326
40569.143797164993885 31.444244217488666493
40569.190963802713668 31.437264854063858621
40569.238157483545365 31.430286465223883141
40569.285378639426199 31.423309060056677566
40569.332627707590291 31.416332647613387508
40569.379905130554107 31.409357236902526012
40569.427211356058251 31.402382836883941053
40569.474546837052912 31.395409456462601838
40569.521912031639658 31.388437104482175499
40569.569307403013227 31.381465789718415493
40569.616733419417869 31.374495520872361709
40569.664190554060042 31.367526306563306093
40569.711679285050195 31.360558155321594853
40569.759200095315464 31.353591075581189074
40569.806753472497803 31.346625075672033489
40569.854339908873953 31.339660163812201432
40569.901959901239024 31.332696348099833727
40569.949613950782805 31.325733636504857316
40569.997302562973346 31.318772036860480057
40570.045026247411442 31.311811556854447502
40570.092785517699667 31.304852204020058082
40570.140580891267746 31.297893985726979338
40570.188412889227038 31.290936909171850999
40570.236282036181365 31.283980981368582519
40570.284188860030554 31.277026209138394819
40570.332133891788544 31.270072599099613342
40570.380117665365105 31.263120157657183995
40570.42814071734756 31.256168890991919085
40570.4762035867534 31.249218805049473247
40570.524306814804731 31.24226990552901384
40570.572450944666343 31.235322197871607131
40570.620636521154665 31.228375687248295378
40570.668864090483112 31.22143037854785419
40570.71713419995649 31.214486276364219464
40570.765447397672688 31.207543384983576829
40570.813804232180701 31.200601708371102916
40570.862205252182321 31.19366125015733715
40570.910651006168337 31.186722013624144978
40570.959142042076564 31.179784001690261874
40571.007678906920773 31.172847216896464317
40571.056262146419613 31.165911661390328646
40571.104892304610985 31.158977336910531619
40571.153569923451869 31.152044244770706882
40571.202295542418142 31.145112385842910641
40571.251069698082574 31.138181760540824428
40571.299892923700099 31.131252368801828112
40571.348765748778533 31.124324210068767371
40571.397688698634738 31.117397283271174047
40571.44666229395807 31.110471586805918065
40571.495687050344713 31.10354711851723053
40571.544763477868401 31.096623875676112192
40571.593892080607475 31.089701854959077565
40571.643073356179229 31.082781052426241786
40571.69230779530335 31.075861463498753778
40571.741595881336252 31.068943082935302158
40571.790938089812698 31.062025904807590848
40571.840334888009238 31.055109922475530482
40571.889786734471272 31.048195128561655309
40571.939294078605599 31.041281514924772722
40571.988857360207476 31.034369072632870257
40572.038477009067719 31.027457791935152187
40572.088153444543423 31.020547662233319386
40572.13788707517233 31.013638672052028511
40572.187678298265382 31.006730809008587357
40572.237527499557473 30.999824059781836638
40572.287435052865476 30.992918410080310565
40572.337401319731725 30.986013844609502144
40572.387426649147528 30.979110347038361084
40572.437511377247574 30.972207899965226829
40572.487655827055278 30.965306484883125648
40572.537860308264499 30.958406082144435345
40572.588125117021264 30.951506670925038378
40572.638450535741867 30.944608229187892334
40572.688836832981906 30.937710733646234473
40572.739284263327136 30.930814159726452317
40572.789793067291612 30.923918481530687785
40572.840363471303135 30.917023671799316986
40572.890995687659597 30.91012970187334119
40572.941689914572635 30.903236541656880831
40572.992446336218563 30.896344159579832933
40573.043265122847515 30.889452522560915781
40573.094146430899855 30.882561595971289137
40573.145090403173526 30.875671343598781959
40573.196097169049608 30.868781727612489618
40573.247166844703315 30.861892708528561258
40573.298299533402314 30.855004245177124034
40573.349495325790485 30.848116294670585802
40573.400754300229892 30.841228812373390866
40573.452076523171854 30.83434175187348103
40573.503462049557129 30.827455064955614716
40573.554910923237912 30.820568701576750215
40573.606423177414399 30.813682609843720428
40573.657998835122271 30.806796735993358993
40573.709637909727462 30.799911024375308699
40573.7613404054282 30.793025417437661417
40573.813106317800703 30.786139855715656921
40573.864935634323047 30.779254277823614672
40573.916828334957245 30.772368620450297527
40573.968784392702219 30.765482818357714478
40574.020803774175874 30.758596804383934398
40574.072886440175353 30.751710509449491582
40574.125032346288208 30.744823862567606909
40574.177241443452658 30.73793679085873265
40574.229513678539661 30.73104921956930724
40574.281848994905886 30.724161072094766212
40574.334247332983068 30.717272270006922952
40574.386708630823705 30.710382733085737073
40574.439232824624924 30.703492379355466824
40574.491819849274179 30.696601125125404508
40574.544469638887676 30.689708885035301478
40574.597182127268752 30.682815572104320978
40574.649957248446299 30.67592109778452425
40574.702794937096769 30.669025372018495545
40574.755695129038941 30.662128303300992371
40574.808657761634095 30.65522979874441134
40574.861682774237124 30.648329764147888454
40574.914770108582161 30.641428104069873939
40574.967919709182752 30.634524721904124789
40575.021131523688382 30.627619519958692251
40575.0744055032701 30.620712399537683979
40575.127741602947935 30.613803261025296365
40575.181139781947422 30.606892003972117067
40575.234600004005188 30.599978527183317567
40575.28812223773275 30.593062728808291695
40575.341706456900283 30.586144506431356405
40575.395352640785859 30.579223757163113362
40575.44906077448104 30.572300377732094745
40575.502830849218299 30.565374264576181673
40575.556662862727535 30.558445313933393805
40575.610556819548947 30.551513421931669967
40575.664512731418654 30.544578484677128216
40575.71853061762522 30.537640398340400338
40575.772610505417106 30.5306990592406855
40575.826752430402848 30.523754363926904887
40575.880956436994893 30.516806209255413762
40575.935222578889807 30.509854492464054232
40575.98955091953394 30.502899111241951857
40576.043941532683675 30.495939963794619132
40576.098394502929295 30.488976948904021214
40576.152909926320717 30.482009965983070998
40576.207487910964119 30.475038915124539329
40576.262128577720432 30.468063697143719537
40576.316832060889283 30.461084213614277871
40576.37159850896569 30.454100366897137064
40576.426428085433145 30.447112060162041303
40576.481320969593071 30.44011919740135852
40576.536277357430663 30.433121683436141325
40576.591297462538932 30.426119423914695261
40576.646381517064583 30.419112325302496203
40576.701529772704816 30.412100294863506633
40576.756742501725967 30.405083240633086206
40576.812019998033065 30.398061071382308285
40576.867362578275788 30.391033696573316547
40576.922770582954399 30.384001026306016513
40576.978244377598458 30.376962971256883606
40577.033784353923693 30.369919442608413362
40577.089390931061644 30.362870351969981186
40577.145064556782017 30.355815611290207556
40577.200805708729604 30.348755132760953046
40577.256614895697567 30.341688828713085258
40577.312492658893461 30.334616611504145567
40577.368439573212527 30.327538393398135952
40577.424456248532806 30.320454086437585772
40577.480543330995715 30.313363602308516676
40577.536701504279335 30.306266852198408657
40577.59293149086443 30.299163746647455042
40577.649234053300461 30.292054195393475879
40577.705609995435225 30.284938107210745528
40577.762060163644492 30.277815389743100383
40577.81858544802526 30.270685949331774367
40577.875186783574463 30.263549690838374318
40577.931865151316742 30.256406517463414474
40577.988621579417668 30.249256330560626793
40578.045457144246029 30.242099029447743419
40578.102372971377918 30.234934511214131447
40578.159370236600807 30.227762670525603284
40578.216450166823051 30.220583399426867999
40578.273614040939719 30.213396587142195671
40578.330863190654782 30.206202119874781431
40578.388199001223256 30.19899988060521423
40578.445622912142426 30.191789748889529932
40578.503136417770293 30.184571600657328361
40578.560741067871277 30.177345308010451674
40578.618438468089153 30.170110739022717894
40578.676230280318123 30.162867757541249603
40578.734118223030237 30.15561622298986677
40578.792104071479116 30.148355990175090824
40578.850189657830924 30.141086909095182733
40578.908376871200744 30.133808824753053557
40578.966667657565267 30.126521576973562588
40579.025064019609999 30.119225000225796407
40579.083568016416393 30.11191892345082266
40579.142181763098051 30.104603169895568726
40579.200907430255029 30.097277556953891064
40579.259747243326274 30.089941896014948952
40579.318703481825651 30.082595992320133149
40579.377778478410619 30.07523964482914991
40579.436974617834494 30.067872646096070355
40579.496294335724087 30.060494782156023774
40579.55574011724093 30.053105832423579358
40579.615314495524217 30.045705569603608609
40579.67502005003189 30.038293759615203982
40579.734859404634335 30.030870161530280882
40579.794835225584393 30.023434527527619764
40579.854950219261809 30.015986602863392818
40579.915207129728515 30.008526125859422251
40579.975608736087452 30.001052827909816756
40580.036157849601295 29.993566433507609759
40580.096857310636551 29.986066660292483022
40580.157709985331167 29.978553219120914974
40580.218718762065691 29.971025814159968803
40580.279886547687056 29.963484143005409521
40580.341216263477691 29.95592789682505952
40580.402710840891814 29.948356760529215137
40580.464373217037064 29.94077041297023456
40580.526206329894194 29.933168527171094553
40580.588213113260281 29.925550770585353177
40580.650396491437277 29.917916805389417334
40580.712759373629524 29.910266288807935808
40580.775304648115707 29.902598873473259289
40580.838035176107951 29.894914207816032814
40580.900953785407182 29.887211936495997833
40580.964063263745629 29.879491700869149184
40581.027366351940145 29.871753139491513451
40581.090865736776323 29.863995888660973321
40581.154564043674327 29.856219582996555317
40581.218463829136454 29.848423856055589454
40581.282567572990956 29.84060834098885806
40581.346877670475806 29.832772671233630746
40581.411396424111445 29.824916481245384858
40581.4761260354353 29.817039407267969864
40581.541068596627156 29.80914108814144825
40581.606226082061767 29.801221166143662344
40581.671600339810539 29.793279287861768267
40581.737193083165039 29.785315105094021249
40581.803005882145953 29.777328275777801281
40581.869040155164839 29.769318464936350921
40581.935297160802293 29.761285345645273281
40582.001777989717084 29.753228600015340533
40582.068483556831779 29.745147920187502422
40582.135414593758469 29.737043009338417932
40582.202571641551913 29.728913582684914019
40582.269955043870141 29.720759368486682206
40582.337564940549782 29.712580109040814591
40582.405401261683437 29.704375561662416771
40582.473463722242741 29.696145499645815846
40582.541751817334443 29.687889713199357544
40582.610264818074938 29.679608010348264457
40582.679001768177841 29.671300217798915355
40582.747961481349193 29.662966181757351336
40582.817142539417546 29.65460576869644882
40582.886543291358976 29.646218866065655817
40582.956161853151571 29.637805382936981857
40583.025996108568506 29.629365250581319202
40583.096043710880622 29.620898422970313391
40583.166302085483039 29.612404877198702735
40583.236768433504039 29.60388461382304115
40583.307439736316155 29.595337657112164464
40583.37831276102952 29.586764055206860036
40583.449384066843777 29.578163880187581469
40583.520650012309488 29.569537228049203037
40583.592106763448101 29.560884218578859617
40583.663750302701374 29.552204995138040999
40583.735576438615681 29.543499724350425595
40583.807580816268455 29.534768595697013183
40583.879758928305819 29.526011821021103998
40583.952106126562285 29.517229633945810008
40584.024617634211609 29.508422289208375844
40584.09728855828871 29.499590061916144634
40584.170113902560843 29.490733246729199379
40584.2430885806898 29.481852156974980517
40584.316207429517817 29.472947123700755867
40584.389465222477156 29.464018494670757065
40584.462856682985148 29.455066633315059477
40584.536376497759193 29.446091917636952218
40584.610019329978968 29.437094739086120398
40584.683779832179425 29.428075501405828618
40584.757652658845473 29.419034619460127544
40584.831632478650135 29.409972518048103751
40584.905713986197952 29.400889630713251677
40584.979891913302708 29.391786398555279192
40585.054161039683095 29.382663269051334964
40585.128516203061736 29.373520694893418437
40585.202952308631211 29.36435913284839927
40585.277464337814308 29.355179042646469156
40585.352047356376715 29.345980885903905744
40585.426696521775739 29.336765125083854144
40585.501407089832355 29.327532222501954351
40585.576174420661118 29.318282639380232268
40585.650871313540847 29.309032034683841772
40585.725097363952955 29.299830030978238682
40585.798871071820031 29.290674455397503806
40585.872210295623518 29.281563214334315859
40585.945132249573362 29.272494293391552844
40586.017653754068306 29.263465725860179134
40586.08979080482095 29.254475646026634195
40586.161558850217261 29.245522254474717982
40586.232972781821445 29.23660381907338035
40586.304046997953265 29.227718666884147325
40586.374795363561134 29.218865189046624664
40586.445230318196991 29.210041952513154939
40586.515364673825388 29.20124747503768603
40586.585210780845955 29.192480329342508583
40586.654780549368297 29.18373914043937134
40586.724085466390534 29.175022583476067695
40586.793136611988302 29.166329381727802428
40586.861945421573182 29.157658210532119369
40586.930522622336866 29.149007831105581801
40586.998878400918329 29.140377069636848262
40587.067022662675299 29.13176478468591668
40587.134965004741389 29.123169870638168533
40587.202714769045997 29.1145912510598599
40587.270280906974222 29.106027895918018089
40587.337672215580824 29.097478791746201665
40587.404897292093665 29.088942947446035703
40587.471964505995857 29.080419397893486178
40587.538882039189048 29.071907198909357817
40587.605657849962881 29.063405431916908839
40587.672299901118095 29.054913174954464239
40587.738815838973096 29.04642954360749485
40587.805213322215423 29.037953649168525061
40587.87149979062815 29.02948462818508446
40587.937683011659828 29.021021572649356557
40588.003770047034777 29.012563662135942621
40588.06976789633336 29.004110081715648306
40588.135683499720471 28.995660021648120619
40588.201522913979716 28.987212783181981024
40588.267293106226134 28.978767548613337368
40588.333001986167801 28.970323376679342431
40588.398656107397983 28.961879497852741849
40588.464262409324874 28.953435090761328041
40588.529827237543941 28.944989408255427321
40588.595356673191418 28.936541735255865149
40588.660856046626577 28.928091451670290724
40588.72633065716218 28.91963793981950559
40588.791785374458414 28.91118063598943877
40588.857224605053489 28.902719034978755275
40588.92265107959247 28.894252847322210442
40588.988066820129461 28.885781874778995615
40589.053473647349165 28.877305944902751378
40589.118873249375611 28.868824902196880799
40589.184267285832902 28.86033859465525353
40589.249657342588762 28.851846879640081767
40589.315044996721554 28.843349615457274382
40589.380431835859781 28.834846658832642419
40589.445819082815433 28.826337913759562781
40589.511207975068828 28.817823282213826275
40589.576600101856457 28.809302620195548883
40589.641997050581267 28.800775783687242892
40589.70740052851761 28.792242612760563958
40589.772812293253082 28.783702940602935882
40589.838234128532349 28.775156596647608609
40589.903667837337707 28.766603407459530928
40589.969115238258382 28.758043197198748686
40590.034578164741106 28.749475787707137187
40590.100058481242741 28.740900996379455279
40590.165558048000094 28.732318640767520179
40590.231078686039837 28.723728543164629201
40590.296622189009213 28.715130529065238107
40590.362190324420226 28.706524427005273736
40590.427784838946536 28.697910067874111917
40590.493407457339345 28.689287285058597377
40590.559059359991807 28.680655983152895772
40590.624741655010439 28.672016076030068632
40590.690455846532132 28.663367425205940719
40590.75620337518194 28.654709900225544317
40590.821985633891018 28.646043376592391638
40590.887803890436771 28.637367745995401691
40590.953659369566594 28.628682905507861989
40591.019554402271751 28.619988605921925284
40591.085491359270236 28.61128459221231779
40591.151471542005311 28.602570750029990165
40591.217496195036802 28.593846972230451797
40591.283566502635949 28.585113159343247702
40591.349683546264714 28.576369225205645819
40591.41584829850035 28.567615097794536894
40591.482061631519173 28.558850718128404367
40591.548324352967029 28.55007603553837825
40591.614637233527901 28.54129100403075725
40591.681000920652878 28.532495593725521132
40591.747415857862507 28.523689801585963011
40591.813882394228131 28.514873636941391766
40591.880400837413617 28.506047114463200387
40591.946971421297349 28.497210258465919708
40592.013594245880086 28.488363110899445729
40592.080269337820937 28.479505723330504452
40592.146996676499839 28.470638153486984123
40592.213776032163878 28.461760486780853796
40592.280607016647991 28.452872829601083993
40592.347489106476132 28.443975306267859082
40592.414421643057722 28.435068059024057874
40592.481403759375098 28.426151257813714324
40592.548434334741614 28.41722510634142651
40592.615512118500192 28.408289825633794123
40592.68263577666221 28.399345647833733608
40592.749803988612257 28.390392803311293335
40592.817015391949099 28.381431528004124942
40592.88426853960118 28.372462069126978434
40592.951561920024687 28.36348468248329624
40593.018893841704994 28.354499647872533075
40593.086262596159941 28.345507247353687319
40593.153666544887528 28.336507753619105898
40593.22110397045617 28.327501449858079496
40593.288573078498302 28.318488629489966257
40593.356072044174653 28.309469589955728708
40593.423599156478303 28.300444613418331841
40593.491152672875614 28.291413986167505357
40593.558730771510454 28.282378005004403576
40593.626331656159891 28.273336963199970029
40593.693953443260398 28.264291165597356326
40593.761594282055739 28.255240912534876685
40593.829252371484472 28.246186497570626273
40593.896926025554421 28.237128198711328508
40593.964613700802147 28.22806627471285168
40594.03231375014002 28.219000998019179605
40594.100024579784076 28.209932633747058617
40594.167744831465825 28.200861415263851484
40594.235473263972381 28.19178756002396824
40594.303208704084682 28.182711276129207789
40594.370950137075852 28.173632750187248774
40594.438696454417368 28.164552181111677243
40594.506446534142015 28.155469769356567866
40594.574199487047736 28.146385683904327379
40594.641954486854956 28.137300085018011941
40594.70971027075575 28.128213191224197942
40594.777465549930639 28.11912522428577077
40594.845219879258366 28.110036292526245916
40594.91297291203955 28.100946490753624829
40594.98072435472568 28.09185590633543228
40595.048473960443516 28.082764620068044081
40595.11622152516793 28.073672706690814493
40595.183966879347281 28.064580236017224735
40595.251709896881948 28.055487271729742105
40595.319450522809348 28.046393867670367683
40595.387188667860755 28.037300081997607037
40595.454924266807211 28.028205969358584326
40595.522657265828457 28.019111582592667986
40595.590387623917195 28.010016972547703062
40595.658115311023721 28.000922188336787144
40595.725839757593349 27.991827351266284296
40595.793560899845033 27.982732514479952357
40595.86127850018238 27.973637754217058671
40595.92899228540773 27.964543151260599529
40595.996702147269389 27.955448764007392981
40596.064408014288347 27.946354645681982021
40596.132109903723176 27.937260837364036092
40596.199807773977227 27.928167387815982181
40596.26750265314331 27.919074201895622167
40596.335194891187712 27.909981275336921414
40596.402884580027603 27.900888638336777348
40596.470571962345275 27.891796300643640905
40596.538257447187789 27.882704249471540692
40596.605941446876386 27.873612471410901037
40596.673624449249473 27.864520942736746179
40596.741307010022865 27.855429630444678679
40596.808989689016016 27.846338500826153251
40596.876672990081715 27.83724752754047671
40596.94435772086581 27.828156643307774942
40597.01204469534423 27.819065779870580712
40597.079734809063666 27.809974857898435374
40597.147429006749007 27.800883791350148755
40597.215128712457954 27.791792429719823332
40597.282835442128999 27.782700610090792281
40597.350550452807511 27.773608204249729425
40597.418275127827656 27.764515066970677282
40597.486010438689846 27.755421108279037412
40597.553757522138767 27.746326215971745199
40597.62151821765292 27.737230183485827695
40597.689294512507331 27.728132784431085867
40597.757088496313372 27.719033778714926797
40597.824902321677655 27.709932917841701538
40597.892738225513312 27.700829942068281753
40597.960598493715224 27.691724585168543626
40598.02848548127804 27.682616571751367474
40598.096401670198247 27.673505609513490811
40598.164349613820377 27.664391396732007422
40598.232331918676209 27.655273624717317205
40598.30035123261041 27.646151979428772449
40598.368410237395437 27.637026142485741076
40598.436511670290201 27.627895788293216128
40598.5046581552524 27.61876060669277777
40598.572852329147281 27.609620286051288929
40598.641096854938951 27.600474511511439601
40598.709393771954637 27.591323052065668264
40598.777744578612328 27.582165749426430068
40598.846150656179816 27.573002461223619974
40598.914613277978788 27.563833059764917266
40598.983133623456524 27.554657430153305597
40599.051712787426368 27.545475469044447436
40599.120351790850691 27.536287083201312242
40599.189051447072416 27.527092207395600809
40599.257812487121555 27.517890787622995674
40599.32663575054903 27.508682755567747336
40599.395522073929897 27.499468043533845218
40599.464472247498634 27.490246590250716707
40599.533487137741758 27.481018324482619164
40599.602567652786092 27.471783169671926572
40599.67171460033569 27.462541062934292313
40599.740928787643497 27.453291941697401057
40599.810211066287593 27.44403573772305549
40599.879562302587146 27.434772381073727843
40599.94898337921768 27.425501799901990552
40600.018475196317013 27.416223920316436846
40600.088038690242684 27.406938663887018492
40600.157675096168532 27.397645912619207564
40600.227385688704089 27.388345543613649369
40600.297171465972497 27.379037471214829225
40600.367033479946258 27.369721602928834159
40600.436972822841199 27.36039784125843255
40600.506990526431764 27.351066097132370913
40600.577088085672585 27.341726220150206927
40600.647267091459071 27.332378047586654901
40600.717529134803044 27.323021417179170101
40600.787875563102716 27.313656199589651408
40600.85830710252776 27.304282348617498144
40600.928824505448574 27.294899814962349183
40600.999428525770782 27.285508549521466648
40601.070119897187396 27.276108506287904731
40601.140898680889222 27.266699729056352197
40601.211765018742881 27.257282251216160773
40601.282719789771363 27.247856008578295928
40601.353763859362516 27.238420939234512019
40601.424898069482879 27.228976984865830957
40601.496123218006687 27.2195240934922289
40601.567440081518725 27.210062216454282691
40601.638849425937224 27.200591307008679109
40601.710351994661323 27.191111321915148125
40601.781948275689501 27.181622252301995246
40601.853638738662994 27.17212409222329228
40601.925424051674781 27.162616809955157038
40601.997304866381455 27.153100376503406466
40602.069281828960811 27.1435747641643772
40602.141355563973775 27.134039948673066789
40602.213526678555354 27.124495908658133203
40602.285795792187855 27.114942621722072147
40602.358163545803109 27.105380063257666023
40602.430630561146245 27.095808211842200564
40602.503197441008524 27.086227049215970908
40602.575864808422921 27.076636555123794636
40602.648633324970433 27.067036704923840063
40602.721503697961452 27.05742746867222337
40602.794476691662567 27.047808809672712727
40602.867553144315025 27.038180682273843303
40602.940733973882743 27.028543031152665321
40603.014020195267221 27.018895789095321192
40603.087412947039411 27.009238873530545533
40603.160913507497753 26.99957218447884344
40603.234523311577505 26.989895602395385765
40603.308244152030966 26.980208961814685864
40603.382078697053657 26.970511983526126443
40603.456030271452619 26.960804303598276732
40603.530102293589152 26.951085547485121197
40603.604298251098953 26.941355333286050922
40603.678621654005838 26.931613277951434782
40603.75299118753901 26.921870110366452167
40603.827398724162776 26.912126957473542888
40603.901844631283893 26.902383833058088669
40603.976329277837067 26.892640751327302695
40604.050853034335887 26.882897726917811099
40604.125416272858274 26.873154774903330377
40604.200019367068307 26.863411910802636129
40604.274662692194397 26.85366915058759929
40604.349346625043836 26.843926510691339615
40604.424071543951868 26.834184008016418233
40604.498837828781689 26.824441659943129679
40604.57364586085896 26.814699484337893409
40604.648496022949985 26.8049574995622919
40604.723388699181669 26.795215724481522557
40604.798324274990591 26.785474178472753692
40604.873303137028415 26.775732881434038291
40604.94832567308913 26.765991853792698407
40605.023392271978082 26.7562511165140684
40605.098503323395562 26.746510691110376712
40605.173659217798559 26.73677059964954239
40605.248860346262518 26.727030864764081741
40605.324107100299443 26.717291509660128668
40605.399399871661444 26.707552558126504749
40605.474739052166115 26.697814034543984718
40605.550125033470977 26.688075963894142717
40605.625558206840651 26.678338371768301585
40605.701038962884923 26.668601284376567406
40605.776567691311357 26.658864728556995516
40605.85214478061971 26.649128731784255564
40605.927770617810893 26.639393322178758439
40606.003445588066825 26.629658528515825822
40606.079170074423018 26.619924380233815242
40606.154944457404781 26.610190907442468955
40606.230769114670693 26.600458140930484774
40606.306644420605153 26.590726112173157958
40606.382570745903649 26.580994853339859674
40606.458548457128927 26.571264397301192162
40606.534577916288981 26.561534777636218507
40606.610659480349568 26.551806028639671098
40606.686793500768545 26.542078185326971607
40606.762980322993826 26.532351283439773226
40606.83922028595407 26.522625359451815541
40606.915513721527532 26.512900450572999489
40606.991860954003641 26.50317659475259191
40607.068262299515482 26.493453830682170747
40607.144718065464986 26.483732197797952068
40607.221228549926309 26.474011736282403007
40607.297794041063753 26.464292487065044668
40607.374414816498756 26.454574491822256732
40607.451091142705991 26.444857792976126376
40607.527823274373077 26.435142433692316644
40607.604611453782127 26.425428457876808608
40607.681455910162185 26.415715910171506664
40607.758356859063497 26.406004835948646559
40607.835314501702669 26.396295281303920888
40607.912329024344217 26.386587293048290093
40607.989400597645727 26.376880918698404344
40608.066529376046674 26.367176206465575916
40608.143715497128142 26.357473205243248771
40608.22095908101619 26.347771964592912042
40608.298260229770676 26.338072534728418361
40608.375619026810455 26.328374966498728327
40608.453035536316747 26.318679311369159279
40608.530509802723827 26.308985621400282184
40608.60804185015877 26.299293949225344136
40608.685631681939412 26.289604348025914504
40608.763279280094139 26.27991687150562683
40608.840984604910773 26.27023157386204133
40608.918747594500019 26.260548509756738156
40608.996568164417113 26.25086773428352771
40609.074446207290748 26.241189302934927241
40609.15238159251021 26.231513271566612389
40609.230374165956164 26.221839696359722893
40609.308423749745998 26.21216863378169748
40609.3865301420592 26.202500140545840424
40609.464693116977287 26.192834273568436743
40609.542912424411043 26.183171089924133668
40609.621187790027761 26.173510646799332591
40609.699518915265799 26.163853001444557833
40609.777905477349123 26.154198211125311957
40609.856347129411006 26.144546333071556177
40609.934843500610441 26.134897424425886925
40610.013394196357694 26.125251542190508047
40610.091998798547138 26.115608743173087447
40610.170656865870114 26.105969083931963581
40610.249367934178736 26.096332620718900586
40610.32813151688606 26.086699409424234375
40610.406947105453582 26.077069505519155257
40610.485814169893274 26.067442963998214367
40610.56473215934966 26.057819839321687994
40610.643700502725551 26.048200185357952563
40610.72271860933688 26.038584055325532773
40610.801785869625746 26.028971501735995275
40610.880901655938942 26.019362576337083937
40610.960065323321032 26.009757330056519464
40611.03927621035109 26.000155812946669442
40611.118533640030364 25.990558074130493793
40611.197836920720874 25.980964161748637764
40611.277185347084014 25.971374122907324278
40611.356578201070079 25.961788003627589205
40611.436014752922347 25.952205848796722876
40611.515494262210268 25.94262770212157676
40611.595015978869924 25.933053606083891651
40611.674579144273594 25.923483601897778783
40611.754182992313872 25.913917729469524431
40611.83382675046596 25.904356027359810355
40611.913509640893608 25.894798532748495745
40611.993230881555064 25.885245281402227135
40612.07298968728719 25.87569630764611972
40612.152785270918685 25.866151644335722892
40612.232616844354197 25.856611322834115896
40612.312483619665727 25.847075372990037323
40612.392384810118529 25.837543823120466158
40612.472319631247956 25.828016699995131944
40612.552287301863544 25.81849402882525979
40612.63228704505309 25.808975833254173438
40612.712318089143082 25.799462135351454606
40612.792379668630019 25.789952955610647933
40612.872471025075356 25.780448312951506296
40612.952591407964064 25.770948224724676834
40613.032740075548645 25.761452706719403238
40613.11291629565676 25.751961773172133974
40613.193119346433377 25.742475436779024278
40613.273348517053819 25.732993708712101011
40613.353603108393145 25.723516598637107933
40613.433882433644612 25.714044114734285529
40613.514185818909027 25.704576263722099583
40613.594512603711337 25.695113050882671502
40613.674862141502672 25.685654480089645801
40613.755233800089627 25.676200553838274487
40613.835626962041715 25.666751273277292
40613.916041025026061 25.657306638242694419
40613.996475402127544 25.647866647293319886
40614.076929522088903 25.638431297747992232
40614.157402829543571 25.629000585723041183
40614.237894785168464 25.619574506172195782
40614.318404865829507 25.610153052927504547
40614.398932564654388 25.60073621874124683
40614.479477391090768 25.591323995328682628
40614.560038870906283 25.581916373411448973
40614.640616546159436 25.572513342761549637
40614.721209975134116 25.56311489224590261
40614.801818732230458 25.553721009870901781
40614.882442407833878 25.544331682827102981
40614.96308060814772 25.534946897533959742
40615.043732954989537 25.52556663968441697
40615.124399085572804 25.516190894289355384
40615.205078652252269 25.506819645722302425
40615.285771322247456 25.497452877762320611
40615.366476777351636 25.488090573640111103
40615.447194713582576 25.478732716080955356
40615.527924840847845 25.469379287346249896
40615.608666882581019 25.460030269274110282
40615.689420575341501 25.450685643318998075
40615.770185668450722 25.441345390590232256
40615.850961923555587 25.43200949188949167
40615.931749114235572 25.422677927747063364
40616.012547025558888 25.41335067845695761
40616.093355453675031 25.404027724111308828
40616.174174205378222 25.39470904463294687
40616.255003097699955 25.385394619805662586
40616.335841957486991 25.376084429303350731
40616.416690620928421 25.366778452717728243
40616.497548933148209 25.357476669585214069
40616.578416747746815 25.348179059412313308
40616.659293926364626 25.338885601699633554
40616.740180338252685 25.329596275964476604
40616.821075859836128 25.320311061762080129
40616.901980374306731 25.311029938704390219
40616.982893771200906 25.301752886478031002
40617.063815946014074 25.292479884861201356
40617.144746799793211 25.283210913739235792
40617.225686238743947 25.273945953118737151
40617.306634173866769 25.264684983140270447
40617.387590520600497 25.255427984089994453
40617.468555198473041 25.246174936409939704
40617.549528130744875 25.236925820707039492
40617.630509244088898 25.227680617763599713
40617.711498468255741 25.218439308545793409
40617.792495735760895 25.209201874209664851
40617.873500981615507 25.199968296106078469
40617.95451414303534 25.190738555784736974
40618.035535159178835 25.181512634997389455
40618.116563970928837 25.172290515699575764
40618.197600520652486 25.163072180052434845
40618.278644751990214 25.153857610422399205
40618.359696609673847 25.144646789381404517
40618.440756039322878 25.135439699705813155
40618.521822987269843 25.126236324374065845
40618.602897400407528 25.117036646564802282
40618.683979226050724 25.107840649656001375
40618.765068411819811 25.098648317220508375
40618.846164905560727 25.089459633020737783
40618.927268655213993 25.080274581004239565
40619.008379608741961 25.071093145298497973
40619.089497714056051 25.06191531020608565
40619.170622918965819 25.052741060199402057
40619.251755171149853 25.043570379912779345
40619.332894418112119 25.03440325413610168
40619.41404060714558 25.025239667808545363
40619.495193685317645 25.016079606012581849
40619.576353599470167 25.006923053967273773
40619.657520296233997 24.997769997019837263
40619.738693722043536 24.988620420638593345
40619.819873823144007 24.97947431040598687
40619.901060545620567 24.970331652011513057
40619.9822538354274 24.961192431244672463
40620.063453638431383 24.952056633988050294
40620.14465990044846 24.942924246210800732
40620.225872567316401 24.933795253961772431
40620.307091584945738 24.924669643362271643
40620.388316899392521 24.915547400599177053
40620.469548456938355 24.906428511918370816
40620.55078620416316 24.897312963618322357
40620.632030088032479 24.888200742044645608
40620.713280055992072 24.87909183358420151
40620.794536056047946 24.869986224659065499
40620.875798036875494 24.860883901720885802
40620.957065947906813 24.851784851245511732
40621.03833973944711 24.842689059727863565
40621.119619362762023 24.833596513677093753
40621.200904770179477 24.824507199612042996
40621.282195915206103 24.815421104056987645
40621.363492752629099 24.806338213537099335
40621.444795238618099 24.797258514574881616
40621.526103330841579 24.788181993686848159
40621.607416988561454 24.779108637380570457
40621.68873617274221 24.77003843215200618
40621.770060846174601 24.760971364483289392
40621.851390973570233 24.751907420840584706
40621.93272652165615 24.742846587672158165
40622.014067459298531 24.733788851407023657
40622.095413757589995 24.724734198454015655
40622.176765389944194 24.715682615201096439
40622.258122332212224 24.706634088015000827
40622.339484562740836 24.69758860324124683
40622.420852062488848 24.68854614720442342
40622.502224815092632 24.679506706209160427
40622.58360280697525 24.670470266540981186
40622.66498602739739 24.661436814467855072
40622.746374468559225 24.652406336242538742
40622.82776812568045 24.643378818103727212
40622.909166997058492 24.634354246278121536
40622.990571084141266 24.625332606982624384
40623.071980391578109 24.616313886426812729
40623.153394927277986 24.607298070817808622
40623.23481470248953 24.598285146364357701
40623.316239731837413 24.589275099278676606
40623.39767003338784 24.580267915779828058
40623.479105628663092 24.571263582097291334
40623.560546542685188 24.562262084474710377
40623.641992804019537 24.553263409173894161
40623.723444444796769 24.544267542478870325
40623.804901500749111 24.535274470699391713
40623.886364011217665 24.526284180175252914
40623.967832019174239 24.517296657280709837
40624.049305571221339 24.508311888428963243
40624.13078471760673 24.499329860076716869
40624.212269512216153 24.490350558728888331
40624.293760012566054 24.481373970943348439
40624.375256279796304 24.472400083335674736
40624.456758378677478 24.46342888258391568
40624.538266377574473 24.454460355433262464
40624.619780348439235 24.445494488701001501
40624.701300366796204 24.436531269281331902
40624.782826511698659 24.427570684150545333
40624.864358865714166 24.418612720371758229
40624.94589751491003 24.409657365099651116
40625.027442548787803 24.400704605585435303
40625.10899406029057 24.391754429181627728
40625.190552145737456 24.382806823346136582
40625.272116904809081 24.373861775646798122
40625.353688440496626 24.364919273765945462
40625.435266859050898 24.355979305504863675
40625.516852269960509 24.347041858788035285
40625.59844478587911 24.338106921667407079
40625.680044522589014 24.329174482326635598
40625.76165159894299 24.320244529085069729
40625.843266136813327 24.311317050401608952
40625.92488826103363 24.302392034878518956
40626.006518099362438 24.293469471265158433
40626.088155782410468 24.284549348462263652
40626.169801443604229 24.275631655525632624
40626.25145521912782 24.266716381669070302
40626.333117247893824 24.257803516267358646
40626.414787671448721 24.248893048859308408
40626.496466633958335 24.239984969150523142
40626.57815428210597 24.231079267016024659
40626.659850765070587 24.222175932503034801
40626.741556234454038 24.21327495583332734
40626.823270844222861 24.204376327405242364
40626.904994750664628 24.19548003779578238
40626.986728112315177 24.186586077762537883
40627.068471089907689 24.17769443824554898
40627.150223846307199 24.168805110369039113
40627.231986546459666 24.159918085443010227
40627.313759357326489 24.151033354964717148
40627.395542447840853 24.142150910619939452
40627.477335988834966 24.133270744284011755
40627.559140152996406 24.124392848022822022
40627.640955114809913 24.115517214093696197
40627.722781050491903 24.10664383494614782
40627.804618137968646 24.097772703222489099
40627.886466556788946 24.088903811758321183
40627.968326488102321 24.080037153582896536
40628.050198114593513 24.071172721919186444
40628.132081620446115 24.062310510183589685
40628.213977191306185 24.053450511985708715
40628.295885014224041 24.044592721127845181
40628.377805277625157 24.035737131604744121
40628.459738171259232 24.02688373760327778
40628.541683886149258 24.018032533502040593
40628.62364261456969 24.009183513870752336
40628.705614549980965 24.000336673469611526
40628.787599887007673 23.991492007248584883
40628.869598821402178 23.982649510346590205
40628.951611550008238 23.973809178090551342
40629.033638270710071 23.96497100599438923
40629.115679182425083 23.956134989758155029
40629.197734485060209 23.947301125267117072
40629.279804379490088 23.938469408590435705
40629.361889067542506 23.929639835980847096
40629.443988751998404 23.920812403872083962
40629.526103636540938 23.911987108877362118
40629.608233925755485 23.903163947788062416
40629.690379825085984 23.894342917572163998
40629.772541540820384 23.885524015372933349
40629.854719280097925 23.87670723850753518
40629.936913250887301 23.867892584464470929
40630.019123661972117 23.859080050901741998
40630.101350722936331 23.850269635645481969
40630.183594644164259 23.841461336687672201
40630.265855636833294 23.832655152184077707
40630.348133912906633 23.823851080452012496
40630.430429685126001 23.815049119968048075
40630.512743167004373 23.806249269365924448
40630.595074572825979 23.797451527434265728
40630.677424117631745 23.788655893114473372
40630.759792017233849 23.779862365498519949
40630.842178488201171 23.771070943826654087
40630.924583747873839 23.762281627484941993
40631.007008014348685 23.75349441600291911
40631.089451506522892 23.744709309051163615
40631.171914444079448 23.735926306438948075
40631.25439704751625 23.727145408111312008
40631.336899538146099 23.718366614146869864
40631.419422138140362 23.709589924755341883
40631.501965070528968 23.700815340276626841
40631.584528559251339 23.692042861177789348
40631.667112829185498 23.683272488049933457
40631.749718106155342 23.674504221606113674
40631.832344616988848 23.665738062679995579
40631.914992589539906 23.656974012222292458
40631.997662252710143 23.648212071298367221
40632.080353836499853 23.63945224108602261
40632.163067572008003 23.630694522873991303
40632.245803691490437 23.621938918059083079
40632.328562428410805 23.61318542814361976
40632.41134401744057 23.604434054733065551
40632.494148694531759 23.595684799534730303
40632.576976696931524 23.586937664355957622
40632.659828263240342 23.578192651101826272
40632.7427036334484 23.569449761773419993
40632.825603048971971 23.5607089984663709
40632.908526752697071 23.551970363368791794
40632.991474989044946 23.543233858759489152
40633.074448003993894 23.534499487006279139
40633.1574460451302 23.525767250564392441
40633.240469361706346 23.517037151974950149
40633.323518204677384 23.508309193863521358
40633.406592826751876 23.499583378938744715
40633.489693482457369 23.490859709991212867
40633.572820428184059 23.482138189892143743
40633.655973922250269 23.473418821592051842
40633.739154224938829 23.464701608119803211
40633.822361598584394 23.455986552581752136
40633.905596307602536 23.447273658161229548
40633.988858618569793 23.438562928117455897
40634.07214880027459 23.429854365784727577
40634.155467123790004 23.421147974571947969
40634.238813862510142 23.412443757962304147
40634.322189292230178 23.403741719513007524
40634.405593691190006 23.395041862855254777
40634.489027340132452 23.386344191694256267
40634.572490522383305 23.377648709809292882
40634.655983523909526 23.368955421053421162
40634.739506633377459 23.360264329354791357
40634.823060142240138 23.351575438717677713
40634.906644344810047 23.342888753223434151
40634.990259538317332 23.334204277031084018
40635.073906023004383 23.325522014377451541
40635.157584102169494 23.316841969578117499
40635.241294082232343 23.308164147027902402
40635.325036272806756 23.299488551202092168
40635.408810986722528 23.290815186657837899
40635.492618540105468 23.282144058035690648
40635.576459252421046 23.273475170061484363
40635.660333446525328 23.264808527549021733
40635.744241448745015 23.256144135400866446
40635.828183588921092 23.247481998610144416
40635.912160200437938 23.238822122262533298
40635.99617162028153 23.230164511538344385
40636.080218189083098 23.221509171714650677
40636.164300251148234 23.212856108168100633
40636.248418154507817 23.20420532637774258
40636.332572250968951 23.195556831926754882
40636.416762896129512 23.186910630505074948
40636.50099044941453 23.17826672791207443
40636.585255274098017 23.169625130059330331
40636.669557737317518 23.160985842973424553
40636.753898210110492 23.152348872798807378
40636.838277067399758 23.143714225800710693
40636.922694688037154 23.13508190836817846
40637.007151454781706 23.126451927017431132
40637.091647754350561 23.117824288394629662
40637.176183977389883 23.109198999278945053
40637.260760518511233 23.100576066584867618
40637.345377776255191 23.091955497365159289
40637.430036153105902 23.083337298813866312
40637.514736055447429 23.074721478269854202
40637.59947789357102 23.066108043219738732
40637.684262081660563 23.057497001300166772
40637.769089037734375 23.048888360300729516
40637.853959183652478 23.040282128166893472
40637.938872945029289 23.031678313002458935
40638.023830751233618 23.023076923072082423
40638.108833035301359 23.014477966803756459
40638.193880233906384 23.005881452791165032
40638.278972787280509 22.997287389795918244
40638.364111139148008 22.988695786749619998
40638.449295736667409 22.980106652755868168
40638.534527030329627 22.971519997092091359
40638.61980547389976 22.96293582921105525
40638.705131524300668 22.95435415874213092
40638.790505641547497 22.945774995492193682
40638.875928288631258 22.937198349446511259
40638.961399931409687 22.928624230769298009
40639.046921038512664 22.920052649803945855
40639.132492081203964 22.91148361707315928
40639.218113533272117 22.902917143278834544
40639.303785870877618 22.894353239302127179
40639.389509572451061 22.885791916203846341
40639.475285118547617 22.877233185222621614
40639.561112991686969 22.868677057773421524
40639.646993676200509 22.86012354544577363
40639.732927658085828 22.851572660001590265
40639.818915424817533 22.843024413372678083
40639.904957465172629 22.83447881765821208
40639.991054269077722 22.825935885121975133
40640.077206327412568 22.817395628187746581
40640.163414131828176 22.808858059435124233
40640.249678174550354 22.800323191595005312
40640.33599894814688 22.791791037544410159
40640.42237694535288 22.783261610300773015
40640.508812658823445 22.774734923015920174
40640.595306580937176 22.766210988969511675
40640.681859203556087 22.757689821561601917
40640.768471017814591 22.749171434305409889
40640.855142513901228 22.740655840817904476
40640.941874180833111 22.732143054810890703
40641.028666506193986 22.723633090082323349
40641.11527566130826 22.715149878260941563
40641.200844782979402 22.706777203547915178
40641.285521356425306 22.698500382496817451
40641.369454332088935 22.690304647855864317
40641.452793935794034 22.682175167123258319
40641.535691548771865 22.674097054381977756
40641.618284432624932 22.666056856839027489
40641.700623614211509 22.658049557197102786
40641.782757254644821 22.65007043575185719
40641.864730727997085 22.642115061379463725
40641.946586751699215 22.634179277571849553
40642.028365377118462 22.626259202092306566
40642.110103879815142 22.618351236332213006
40642.191836618992966 22.610452077574578311
40642.27358214603737 22.60255996155931868
40642.355367401607509 22.594672322109563112
40642.437219249026384 22.58678661070528193
40642.519161780008289 22.578900555667740235
40642.601216604904039 22.571012132918095716
40642.68340320209245 22.563119531218564617
40642.765739280977868 22.55522111631818305
40642.848241111343668 22.547315398526812658
40642.930923812324181 22.539401004350260393
40643.013801563611196 22.531476655727693981
40643.096887752006296 22.523541155564327454
40643.180195063119754 22.515593378580600614
40643.263735504311626 22.507632268758495542
40643.347520403913222 22.499656839053031376
40643.43156039313908 22.491666172740387708
40643.515865384593781 22.48365942507269466
40643.600444558105664 22.475635824209540203
40643.685306360719551 22.467594670797819134
40643.77045852446463 22.459535335857179206
40643.855908102821559 22.451457256901381498
40643.941661522228969 22.44335993265588769
40644.027724649000447 22.435242916351004538
40644.11410286679893 22.427105808054278668
40644.200801153245266 22.418948247132234997
40644.287824159335287 22.410769904492802596
40644.375176287001523 22.402570475046655218
40644.462861756066559 22.394349671213181097
40644.550884661577584 22.386107217366504329
40644.639249018713599 22.377842845476362044
40644.727958794341248 22.369556292021741228
40644.817017949157162 22.361247293935946345
40644.906430448456376 22.352915587499502692
40644.996200204499473 22.344560913593877416
40645.086218066062429 22.336193515661268094
40645.176312557377969 22.327829366868062522
40645.266483756240632 22.319468461911210255
40645.356731725391001 22.311110794365834664
40645.447056512377458 22.302756356648860248
40645.537458149447048 22.294405139981815722
40645.62793665342906 22.286057134353235654
40645.718492025662272 22.277712328481381832
40645.809124251914909 22.269370709777263073
40645.899833302362822 22.26103226430883808
40645.990619131574931 22.252696976762738501
40646.081481678505952 22.24436483040745216
40646.172420866532775 22.236035807057746183
40646.263436603498121 22.227709887037214287
40646.354528781783301 22.219387049141992918
40646.445697278388252 22.211067270605205692
40646.536941955047951 22.202750527061876795
40646.628262658341555 22.194436792514473211
40646.719659219881578 22.186126039298784463
40646.811131456503063 22.177818238050125643
40646.902679170452757 22.169513357671490894
40646.9943021496656 22.16121136530209057
40647.086000168012106 22.152912226286300523
40647.177772985589399 22.144615904144067997
40647.269620349026809 22.136322360542173726
40647.361541991835111 22.128031555266765906
40647.453537634763052 22.119743446197226433
40647.545606986190251 22.111457989281387171
40647.63774974255648 22.103175138509772779
40647.729965588783671 22.094894845893410462
40647.822254198763403 22.086617061443543975
40647.914615235822566 22.078341733153102666
40648.007048353239952 22.070068806979936227
40648.099553194762848 22.06179822683201408
40648.192129395196389 22.05352993455452193
40648.284776580963808 22.045263869918080957
40648.377494370717613 22.036999970609279842
40648.470282375928946 22.028738172223814473
40648.563140201535134 22.020478408261990211
40648.65606744656543 22.01222061012648723
40648.749063704788568 22.003964707122456446
40648.842128565382154 21.995710626460009962
40648.935261613602052 21.987458293259170006
40649.028462431473599 21.979207630557318964
40649.121730598460999 21.970958559319068826
40649.215065692187636 21.962710998445725608
40649.308467289112741 21.954464864790470102
40649.401934965229884 21.946220073175954468
40649.495468296780018 21.937976536414574014
40649.589066860928142 21.929734165331382201
40649.682730236483621 21.921492868789538733
40649.776458004569577 21.913252553718550075
40649.870249749321374 21.905013125145163855
40649.964105058548739 21.896774486226775025
40650.05802352441242 21.888536538287368671
40650.15200474406447 21.880299180856432884
40650.246048320310365 21.872062311709960625
40650.340153862205625 21.863825826913892314
40650.43432098570338 21.855589620869881884
40650.528549314229167 21.847353586362732614
40650.622838479284837 21.839117614610824347
40650.717188120979699 21.830881595318718524
40650.811597888576216 21.82264541673172431
40650.906067440977495 21.814408965692638986
40651.000596447236603 21.806172127700733654
40651.095184587000404 21.797934786972291477
40651.18983155094611 21.789696826502808591
40651.284537041181466 21.781458128130836371
40651.379300771652197 21.773218572603266097
40651.474122468476708 21.764978039643111174
40651.569001870324428 21.756736408019172302
40651.663938728728681 21.748493555616004613
40651.758932808406826 21.740249359502765714
40651.853983887493087 21.732003696004149162
40651.949091757749557 21.723756440772273635
40652.044256224755372 21.715507468861211748
40652.139477108074061 21.707256654800623608
40652.234754241377232 21.699003872668956916
40652.33008747256099 21.690748996167112495
40652.425476663825975 21.682491898692340726
40652.520921691699186 21.674232453412482613
40652.616422447099467 21.665970533340246362
40652.711978835330228 21.657706011406165914
40652.807590776050347 21.649438760532461856
40652.903258203223231 21.64116865370602838
40652.998981065051339 21.632895564051210613
40653.094759323852486 21.624619364901917606
40653.19059295594343 21.616339929873202408
40653.286481951487076 21.608057132931946853
40653.382426314339682 21.59977084846600448
40653.478426061847131 21.591480951353020146
40653.574481224633928 21.583187317028219354
40653.670591846370371 21.57488982155121704
40653.766757983496063 21.566588341671707241
40653.862979704972531 21.558282754894126043
40653.959257091963082 21.549972939541547134
40654.05559023754904 21.541658774817634026
40654.151979246402334 21.533340140866886969
40654.248424234428967 21.525016918834037227
40654.344925328441605 21.516688990922620661
40654.441482665803051 21.508356240451245611
40654.538096394040622 21.50001855190788902
40654.63476667044597 21.491675811004810726
40654.731493661704008 21.483327904732583136
40654.828277543470904 21.474974721397966704
40654.925118499981181 21.466616150672010122
40655.022016723596607 21.458252083636935481
40655.118972414318705 21.449882412832952383
40655.215985779308539 21.441507032304009783
40655.313057032377401 21.433125837642460709
40655.410186393477488 21.424738726033204728
40655.507374088185315 21.416345596296554987
40655.604620347206946 21.40794634892831283
40655.701925405795919 21.399540886140528073
40655.799289503251202 21.391129111901769022
40655.896712882327847 21.382710931974813207
40655.99419578868401 21.374286253954572601
40656.091738470298878 21.365854987304814472
40656.18934117686149 21.357417043394654854
40656.287004159188655 21.348972335534899258
40656.384727668621053 21.34052077901361244
40656.482511956412054 21.33206229113136132
40656.580357273123809 21.323596791236294479
40656.678263868030626 21.315124200758564399
40656.776231988500513 21.306644443243996534
40656.874261879398546 21.298157444387708637
40656.972353782475693 21.289663132067804696
40657.070507935764908 21.281161436379530727
40657.168724572984502 21.272652289668911862
40657.267003922926961 21.264135626566243786
40657.365346208869596 21.255611384018134657
40657.463751647970639 21.247079501321664452
40657.562220450723544 21.238539920157887053
40657.660752820360358 21.229992584625009044
40657.759348952349683 21.221437441271547186
40657.8580090338437 21.212874439129553394
40657.956733243176132 21.204303529747846824
40658.055521749374748 21.195724667225146476
40658.154374711681157 21.18713780824299775
40658.253292279114248 21.17854291209809503
40658.352274590055458 21.169939940734810335
40658.451321771855874 21.16132885877744485
40658.550433940472431 21.152709633561755709
40658.649611200162326 21.144082235165626571
40658.748853643199254 21.135446636439350954
40658.848161349618749 21.126802813035169493
40658.947534387007181 21.118150743435936789
40659.046972810348962 21.109490408982786391
40659.1464766618883 21.100821793901687329
40659.246045971070998 21.092144885328711013
40659.345680754508066 21.083459673333926787
40659.445381015997555 21.074766150943929688
40659.545146746597311 21.066064314162325388
40659.644977924755949 21.057354161989593422
40659.744874516509299 21.048635696440804566
40659.844836475720513 21.039908922559376947
40659.944863744363829 21.031173848429791207
40660.044956252881093 21.022430485187914684
40660.145113920552831 21.013678847028813834
40660.245336655993015 21.004918951211994482
40660.345624357629276 20.996150818063959775
40660.445976914306812 20.987374470978345187
40660.546394205906836 20.978589936411914607
40660.646876104045077 20.969797243879998661
40660.747422472821199 20.960996425947278965
40660.848033169611881 20.95218751821453651
40660.948708045907551 20.943370559303208012
40661.049446948192781 20.934545590834890305
40661.150249718870327 20.925712657410020512
40661.251116197236115 20.916871806582488347
40661.352046220526972 20.908023088832194958
40661.453039624961093 20.899166557533138899
40661.554096246865811 20.890302268918738093
40661.65521592379082 20.881430282044025404
40661.756398495686881 20.872550658744717822
40661.857643806113629 20.86366346359339019
40661.958951703440107 20.854768763854597324
40662.060322042118059 20.845866629435718664
40662.161754683933395 20.836957132834655226
40662.26324949930131 20.828040349085046756
40662.364806368568679 20.819116355698987775
40662.466425183331012 20.810185232609917705
40662.568105847785773 20.801247062111581698
40662.669848280049337 20.79230192879422745
40662.771652413517586 20.783349919479011447
40662.873518198211968 20.774391123153343131
40662.975445602125546 20.765425630901617637
40663.077434612539946 20.756453535835770907
40663.179485237342305 20.747474933025266353
40663.281597506291291 20.738489919426303487
40663.383771472326771 20.729498593809861262
40663.486007212792174 20.720501056688249264
40663.588304830656853 20.711497410244128048
40663.690664455738442 20.702487758259234596
40663.793086245903396 20.693472206043544759
40663.895570388209308 20.684450860358701618
40663.998117100047239 20.675423829350339844
40664.100726630247664 20.666391222478662115
40664.203399260200968 20.657353150450170176
40664.306135304912459 20.648309725152703464
40664.408935114101041 20.63926105959014734
40664.511799073210568 20.630207267816675909
40664.614727604399377 20.621148464874529793
40664.717721167471609 20.612084766733982377
40664.820780260808533 20.603016290235931507
40664.923905422256212 20.59394315303567069
40665.027097229998617 20.5848654735488239
40665.130356303401641 20.575783370901348235
40665.233683303835278 20.566696964879884746
40665.337078935437603 20.557606375885335126
40665.4405439459224 20.548511724891060481
40665.544079127314035 20.539413133400877598
40665.647685316682328 20.53031072340988672
40665.751363396826491 20.521204617368329792
40665.855114296951797 20.512094938148717205
40665.958938993324409 20.502981809015899728
40666.062838509926223 20.493865353600028811
40666.16681391907332 20.484745695873321836
40666.270866342056252 20.475622960128504246
40666.374996949765773 20.46649727095935134
40666.479206963304023 20.457368753244928428
40666.583497654581151 20.448237532136790406
40666.68787034687557 20.439103733049211797
40666.792326415481512 20.429967481654532691
40666.896867288320209 20.420828903877236371
40667.001494446551078 20.411688125891476631
40667.106209425219276 20.402545274122431351
40667.21101381387416 20.393400475249034542
40667.315909257231397 20.3842538562106661
40667.420897455805971 20.375105544216133069
40667.525980166617956 20.365955666757024289
40667.631159203869174 20.356804351620301219
40667.736436439685349 20.347651726905127134
40667.841813804843696 20.338497921041447825
40667.947293289536901 20.329343062811798148
40668.052876944173477 20.320187281375186927
40668.158566880214494 20.311030706293298209
40668.26436527101032 20.301873467559236275
40668.370274352702836 20.292715695628352535
40668.476296425142209 20.283557521451658801
40668.582433852883696 20.274399076511578244
40668.68868906620628 20.265240492860417731
40668.795064562182233 20.256081903159518731
40668.901562905855826 20.246923440724057031
40669.008186731414753 20.237765239565518982
40669.114938743441598 20.22860743443779441
40669.221821718172578 20.219450160885934054
40669.328838504887244 20.210293555297255352
40669.435841674130643 20.201150593211295359
40669.542351444644737 20.192062522938506675
40669.648371264156594 20.183029214557087982
40669.75390378596785 20.174050601996995624
40669.858950890338747 20.165126680755513178
40669.96351371279161 20.156257505015190645
40670.067592681873066 20.147443183960103141
40670.171187569430913 20.138683877035287395
40670.274297557247337 20.129979787843836903
40670.376921320574183 20.121331156657092265
40670.47905715048546 20.112738249713501659
40670.580703097686637 20.104201346807677453
40670.681857157826016 20.095720725522674854
40670.782517507890589 20.087296641346046755
40670.882682798037422 20.07892930338887183
40670.982352507235191 20.070618845066938718
40671.081527374197321 20.062365288887328063
40671.180209871359693 20.05416850810505025
40671.278404769487679 20.046028181392994583
40671.376119893880968 20.037943732295115495
40671.473366852696927 20.029914271820981497
40671.570161704985367 20.021938546860752695
40671.666525551307132 20.014014895783748926
40671.762484724953538 20.006141237552363066
40671.858059410900751 19.998316007684490359
40671.953262077739055 19.990538281292131728
40672.048102579712577 19.982807351069165946
40672.142587438771443 19.975122783473665322
40672.236719683307456 19.967484428891243198
40672.330499201525527 19.959892389876525698
40672.423923540132819 19.952346953751817438
40672.51698887906241 19.944848511860563178
40672.609691135316098 19.93739746952980596
40672.702026945793477 19.929994166993175497
40672.793994461782859 19.922638816538974282
40672.885593921208056 19.915331458365969297
40672.976828013044724 19.908071933713994639
40673.067702060885495 19.900859872852155519
40673.158224059647182 19.893694694990117
40673.248404593789019 19.886575617667652693
40673.338256661627383 19.879501673503952475
40673.42779543071083 19.872471732211870687
40673.517037911464286 19.865484528759775884
40673.606002752188942 19.85853868171273362
40673.694709951909317 19.851632717750877788
40673.783180689708388 19.844765086826186007
40673.871437302514096 19.83793416566631862
40673.959503330763255 19.831138256065170111
40674.047403813077835 19.824375564158199126
40674.135165710606088 19.817644170242449064
40674.222818467089382 19.810941988911103806
40674.310394650114176 19.804266723916338577
40674.397930590013857 19.797615824274071628
40674.485466775833629 19.790986459848205925
40674.573025961595704 19.784377177460633845
40674.660655673556903 19.777784687039620337
40674.748407883285836 19.77120541555550659
40674.836338570443331 19.764635546936332844
40674.924507152332808 19.758071071519317741
40675.012975856247067 19.751507839151727808
40675.101809362364293 19.74494159164106577
40675.191075036615075 19.73836795157118118
40675.280848313625029 19.731782034752356481
40675.371301136430702 19.725172014637731621
40675.462701255230058 19.71851931839290728
40675.555321230196569 19.71180536348847312
40675.649435002131213 19.705011830770999381
40675.745321108734061 19.698120458072175154
40675.843267072690651 19.691112760016910244
40675.943575417106331 19.683969645514665103
40676.04657149999548 19.676670925025440795
40676.152612595462415 19.669194755040752653
40676.262098486469768 19.661517008374904236
40676.375483549927594 19.653610580904807392
40676.493290162063204 19.645444658167651397
40676.616122838990123 19.636983995712061102
40676.743518319046416 19.628267647967987841
40676.871564417131594 19.619567691085876504
40677.000279425265035 19.610884611624911145
40677.129682245511503 19.602218912036480702
40677.259792411743547 19.593571111422747322
40677.390630111898645 19.584941746340312818
40677.522216210687475 19.576331371656419122
40677.654572272898804 19.567740561473975447
40677.787720587090007 19.559169910090474787
40677.921684189474036 19.550620033021100852
40678.050005199787847 19.542499919398458985
40678.172224621426722 19.534829901109677763
40678.289342641342955 19.527539139990384598
40678.402160075136635 19.52057126677122767
40678.511340973142069 19.513879952007176399
40678.617455915824394 19.507425875773886759
40678.721013254544232 19.501174573908091503
40678.822480797258322 19.495094959820267633
40678.922303650557296 19.489158145752337958
40679.02091063716216 19.483336993077365662
40679.118712742616481 19.477606152707682696
40679.215820724042715 19.471958380692402812
40679.312343273428269 19.466386734603840836
40679.408387781397323 19.460884525186465055
40679.50406023056712 19.45544531958228518
40679.599463324171666 19.450063043745110747
40679.694693912693765 19.444732119374307899
40679.789840705663664 19.439447578537915717
40679.884982879630115 19.434205123220984035
40679.980157400488679 19.429002884370369486
40680.075426617157063 19.423837679615289176
40680.170846585759136 19.418706766524238105
40680.266466165150632 19.413607877514944988
40680.362328857510875 19.408539107636990195
40680.458473880753445 19.403498847241717584
40680.554936944841756 19.398485732723173669
40680.651752790770843 19.393498508847422102
40680.748954087663151 19.388536083054258796
40680.846570056201017 19.3835975904211395
40680.944628007135179 19.378682309241085591
40681.043153370366781 19.373789655370629248
40681.142169780956465 19.368919173774095555
40681.241699395664909 19.364070519034463302
40681.341763581003761 19.359243418843366413
40681.442383879875706 19.354437626137340089
40681.543583204584138 19.349652863315174756
40681.645387075666804 19.344888767772633997
40681.747824645419314 19.340144851001927151
40681.85092920401803 19.335420484357538129
40681.95473792226403 19.330714920842694937
40682.0592907404789 19.326027354338783937
40682.164628535312659 19.321357007461848809
40682.270790901806322 19.316703230737239494
40682.377813863146002 19.31206559816765278
40682.485726331200567 19.307444048903640521
40682.594549966583145 19.302838874863894603
40682.704298835866211 19.298250716014763384
40682.814979376555129 19.293680541599290024
40682.926593686934211 19.289129496251124607
40683.039140467757534 19.284598849975427726
40683.152615866114502 19.280089954811341357
40683.267014209370245 19.275604208363169789
40683.382328644969675 19.271143023204000855
40683.498551695840433 19.26670780147663109
40683.615674086613581 19.262299975847046341
40683.733686858460715 19.257920925565866099
40683.852583427040372 19.253571901344887607
40683.972358059356338 19.249254085140243831
40684.093006086062815 19.244968584164581671
40684.214524047383748 19.240716428012781591
40684.336909825571638 19.23649856678641612
40684.460162743227556 19.232315870846527162
40684.584283599207993 19.228169133015338588
40684.709274694228952 19.224059071292288081
40684.835139835187874 19.219986332381793659
40684.961884321557591 19.215951495859801668
40685.08951491638436 19.21195507886245224
40685.218040627405571 19.207997516002041749
40685.34747230951325 19.204079177148702939
40685.477821813590708 19.200200397405573938
40685.60910235519259 19.196361469147888101
40685.741328467680432 19.192562647057080483
40685.874515960946155 19.188804152847023232
40686.008681896288181 19.185086179380199667
40686.143844595135306 19.181408893795399706
40686.280023710969544 19.177772438917632059
40686.417240412505635 19.17417693200191664
40686.555517755514302 19.170622459196593468
40686.694881534087472 19.16710905907251572
40686.834529559091607 19.16365705898708427
40686.974204823163745 19.160272128809143766
40687.113977686596627 19.156951747934183317
40687.253937006367778 19.153693109215144119
40687.394170187340933 19.150493609240552217
40687.534764125666698 19.147350820194915855
40687.675804978003725 19.144262490096028984
40687.817377785780991 19.14122654575990623
40687.95956839282735 19.138241047420102348
40688.102463451701624 19.135304187596801739
40688.24615022251237 19.132414294296044233
40688.390717081842013 19.129569820044924455
40688.536253333688364 19.126769345725580962
40688.682850443052303 19.124011557630289815
40688.830604299233528 19.121295209156759398
40688.979611557078897 19.118619193515204557
40689.1299686549537 19.11598256083179237
40689.281776904899743 19.113384430353384857
40689.434754802139651 19.110830390536854395
40689.588845496116846 19.108321940243691017
40689.744255412384518 19.105856355393683543
40689.901202389082755 19.103431071584036971
40690.059909764255281 19.101043792051790149
40690.22060281640006 19.09869254810140049
40690.383501116004481 19.09637580916629318
40690.548810815736942 19.094092575958619307
40690.716714582224085 19.091842486584781113
40690.887360256740067 19.089625914601384693
40691.060848463770526 19.087444052177879428
40691.23722015920066 19.085298962705696368
40691.415546118543716 19.08320396413275688
40691.594056911046209 19.081180180668226853
40691.772760179541365 19.079226790510524836
40691.951663902364089 19.077343004145966177
40692.130776608006272 19.075528061628105547
40692.31010698400496 19.073781236120435523
40692.489663753440254 19.072101834063239778
40692.669455672657932 19.07048919397526987
40692.849491454915551 19.0689426858694695
40693.02977970403299 19.067461710409322251
40693.210328937129816 19.066045697223618305
40693.391147585287399 19.064694103417192395
40693.57224399108236 19.063406412122521516
40693.753632264531916 19.062182092563212166
40693.935327960396535 19.061020635882400143
40694.117341684686835 19.059921593701954379
40694.299683530029142 19.058884543577924831
40694.48236349504441 19.057909084687331358
40694.665391582871962 19.056994836013220862
40694.848777851831983 19.05614143497496471
40695.03253219382168 19.055348537332296388
40695.216664633509936 19.054615814700483156
40695.400820036775258 19.053944225080375219
40695.582315891922917 19.05334160799090526
40695.761428319543484 19.052803991455462551
40695.938468176565948 19.052327751816040546
40696.113762812950881 19.051909684278129475
40696.28764371926809 19.051547029029002545
40696.460435909168154 19.051237474283155393
40696.632450433877239 19.050979139059084133
40696.8039798157115 19.050770542874204239
40696.975293117728143 19.050610570894264129
40697.146621804291499 19.050498438239753085
40697.31809431585134 19.050433645601760446
40697.489924144778342 19.050415838596162388
40697.662304712088371 19.050444887625907597
40697.83542375604884 19.050520864486649941
40698.009455982726649 19.050644024889386685
40698.184558676170127 19.050814783084604187
40698.360881154570961 19.051033699139040323
40698.538567411756958 19.051301470603448251
40698.717757288955909 19.051618925871743215
40698.898589708398504 19.051987024052298381
40699.081220467589446 19.052406895538222642
40699.265807165473234 19.052879822182458014
40699.45249095732288 19.053407184345864778
40699.641409690157161 19.053990480306939759
40699.83269771279447 19.0546313200234394
40700.02648647724709 19.055331421552999416
40700.222908324089076 19.056092621167330492
40700.422089951607632 19.056916845324550991
40700.622131055642967 19.057796941181685213
40700.822935703756229 19.058732397450235396
40701.024520130697056 19.05972315763892766
40701.226902798443916 19.060769182093956431
40701.430101988473325 19.061870437213610074
40701.634133748870227 19.063026883080766538
40701.839013689132116 19.064238481361382327
40702.044759222015273 19.065505209007010734
40702.251386946845741 19.066827043321929125
40702.458946781545819 19.068204191501024525
40702.667497151756834 19.069636956208643852
40702.87706701438583 19.071125470444869165
40703.087682874662278 19.072669864070590506
40703.299369449981896 19.074270265881448694
40703.512152435869211 19.075926823235050733
40703.726056828614674 19.077639689422490221
40703.941105363388488 19.079409009644354711
40704.157320601836545 19.081234936234167776
40704.374723733613791 19.083117617866381721
40704.593333469754725 19.085057188095909453
40704.813166336738504 19.087053765459405241
40705.034236371007864 19.089107448402337752
40705.25655447106692 19.091218306643604308
40705.480127135459043 19.093386365827317519
40705.704956499503169 19.095611603769881981
40705.93103996366699 19.097893942744519791
40706.158369390541338 19.100233236998732878
40706.386675843612466 19.102626567439664029
40706.615726509626256 19.105071193525432705
40706.845715096089407 19.107568870819573448
40707.076841180540214 19.110121563392656441
40707.309309719938028 19.112731438944219775
40707.543338556286471 19.11540095546613216
40707.778648879590037 19.118126920156090165
40708.014905090742104 19.120905263398185525
40708.251095267194614 19.123723551077162597
40708.48720258162939 19.126580794726134371
40708.723316536044877 19.129477324659063697
40708.959484070575854 19.132413013015746373
40709.195790196288726 19.135388258658295513
40709.4323146548777 19.138403459233209958
40709.669126721011708 19.141458936998407836
40709.906289304046368 19.144554982380444841
40710.143864003293857 19.147691914299453941
40710.381905805930728 19.150870006267346923
40710.620463026651123 19.154089479165616439
40710.85905249408097 19.157343300441361578
40711.096712473925436 19.160617548114828423
40711.332405839544663 19.163896738318936031
40711.566055262461305 19.167178414440524392
40711.797584819876647 19.170460145793573048
40712.026920443408017 19.173739535788136834
40712.253990596575022 19.177014233629918749
40712.47872679594002 19.18028194408148579
40712.701064211512858 19.18354043860618674
40712.920942275246489 19.186787566886987833
40713.138305266998941 19.190021268215726735
40713.353102916837088 19.193239583257735603
40713.56529086658702 19.196440663789541503
40713.774831189526594 19.199622783381808944
40713.981692819492309 19.202784346714665276
40714.18585193328181 19.205923898151127105
40714.38729220656387 19.209040128297786509
40714.586005099910835 19.2121318809145194
40714.781990031646274 19.215198157953924607
40714.9752542990027 19.218238120475696462
40715.165813516570779 19.22125109748598959
40715.35369118500239 19.224236580933766305
40715.538918587306398 19.227194225524357307
40715.721534544136375 19.230123846034167912
40715.90158496555523 19.233025411066655863
40716.079122294482659 19.235899034722006462
40716.254204830751405 19.238744965980867363
40716.426895815187891 19.241563573802796583
40716.597262440482154 19.24435533060175274
40716.765374726157461 19.247120793094861568
40716.931304311328859 19.249860581386471381
40717.095100021710095 19.252574972063250414
40717.256842508519185 19.255264800174312967
40717.41660888777551 19.25793087585817176
40717.574471667627222 19.260573963742324111
40717.730497776494303 19.263194763856741787
40717.884747935873747 19.265793898233994241
40718.037276380535332 19.268371903373413545
40718.188131100127066 19.270929231646807267
40718.337354204886651 19.273466255055136997
40718.484982824833423 19.27598327834940406
40718.631050262927602 19.278480556885160269
40718.775587379481294 19.280958318872716717
40718.918624095269479 19.283416790128022456
40719.060190862976015 19.28585621872817768
40719.200319929921534 19.288276896469362498
40719.339046215704002 19.290679173975167515
40719.476407669666514 19.293063466973830344
40719.612445057828154 19.295430252708833052
40719.747201243029849 19.29778005743460767
40719.880720134300645 19.300113437948958506
40720.013045557840087 19.302430961513493912
40720.144220316266001 19.304733188844124925
40720.274285657782457 19.307020664136690158
40720.403281256796618 19.309293914034185491
40720.531245744386979 19.311553456342725354
40720.658217684984265 19.31379981679051383
40720.784236833220348 19.316033550978996658
40720.909345530133578 19.318255269072238889
40721.033589809194382 19.320465655590822962
40721.157020431463025 19.322665488143332624
40721.2796933001664 19.324855645244852553
40721.401663455013477 19.32703699926954144
40721.522997061343631 19.329210630942682769
40721.643767037865473 19.331377752140053161
40721.764055737061426 19.333539754731472016
40721.883959827915533 19.335698299540101885
40722.00360258276487 19.337855539703934227
40722.123133198700089 19.340014111718993206
40722.242700144517585 19.342176656127929135
40722.362449779066083 19.344345791889832498
40722.482616077992134 19.346525744635876265
40722.603453657771752 19.348721140351855752
40722.725224514171714 19.3509367662263152
40722.848189468262717 19.353177415300567787
40722.972749606597063 19.355450469073243625
40723.099610059231054 19.357768911577977633
40723.229627980967052 19.360148586454670294
40723.363642538635759 19.362605100681161474
40723.502487834288331 19.365154062460096185
40723.647006818420778 19.367811340387106611
40723.798052634105261 19.370593094188041761
40723.956457302600029 19.373515203488842928
40724.122932843041781 19.3765914415628977
40724.297850568575086 19.379829372185991332
40724.480859409792174 19.383223211323649338
40724.670397625690384 19.386744621335843419
40724.863403089970234 19.390337096413144735
40725.053834280151932 19.39388809583108042
40725.238035305024823 19.397328883087958218
40725.414150154785602 19.400623998405201576
40725.581691970663087 19.40376349404409595
40725.741005277021031 19.406753043866096675
40725.892821418608946 19.409605689462097189
40726.038003296373063 19.412337069263855938
40726.177429480318096 19.414963234890400656
40726.311963956097316 19.417500068637412625
40726.442463401319401 19.419963408055139098
40726.56979322234838 19.422369339009094347
40726.694841687938606 19.424734456201633748
40726.81829494197882 19.427071597612222575
40726.940428215639258 19.429385864139451456
40727.061521660019935 19.431682472075308965
40727.181851260298572 19.433966579732345537
40727.301677094663319 19.436243062857386121
40727.421230746440415 19.438516272988081823
40727.540707533393288 19.440789886530907893
40727.660224646460847 19.443066103802554068
40727.779884805961046 19.445346856472689012
40727.899799523351248 19.447634250117502575
40728.020057472975168 19.449929960626924696
40728.140730931510916 19.452235355399402295
40728.261879680088896 19.454551566632435566
40728.383553449035389 19.456879537098345168
40728.505793375901703 19.459220047262025588
40728.628632991181803 19.461573733491853488
40728.752099192795868 19.463941106157911065
40728.876213411211211 19.466322571489211413
40729.00099298665009 19.468718457612677497
40729.126452678938222 19.471129043263811553
40729.252606207599456 19.473554587205189392
40729.379467704886338 19.475995356092820288
40729.507052957516862 19.478451648383604322
40729.635380303385318 19.480923811684480285
40729.764471052345471 19.483412250982791392
40729.894349342190253 19.485917426001613251
40730.025041440952918 19.488439837844055091
40730.156574649750837 19.49098000786481677
40730.288976089192147 19.493538454211439159
40730.42227170492697 19.496115672517198902
40730.556486277426302 19.498712135962378511
40730.691643367492361 19.501328294094175675
40730.82776353094232 19.503964538113553573
40730.964864869529265 19.506621211335890109
40731.102965361322276 19.509298654201867151
40731.24208368157997 19.511997220145921972
40731.382235553959617 19.514717204743561751
40731.523439275253622 19.517458952815150752
40731.665720463461184 19.520222950750778068
40731.809106829212396 19.523009725137583814
40731.95362783697783 19.525819836184993505
40732.09931416301697 19.528653867168358715
40732.246197182059404 19.531512414395749033
40732.394308479219035 19.534396077635094002
40732.543679515903932 19.537305453513472031
40732.69434147895663 19.540241132467777163
40732.846325318641902 19.543203699368525861
40732.999661901063519 19.546193736374156913
40733.154382230364718 19.549211827153872179
40733.310517696401803 19.552258561611800758
40733.468100300175138 19.555334540179927671
40733.627162966608012 19.558440379820961397
40733.787739308769233 19.561576709319204781
40733.949863168025331 19.564744160178307197
40734.113568251254037 19.567943359394632807
40734.278887226551888 19.571174911628535398
40734.445850470445293 19.574439374533145752
40734.614484535210067 19.577737228578136808
40734.784810443386959 19.581068843466294283
40734.956831174218678 19.584434233059784702
40735.130537950659345 19.587833178004771639
40735.305924263491761 19.591265499979201081
40735.482984884009056 19.594731042374505137
40735.661722866723721 19.598229807367079758
40735.84215667481476 19.601762095454926538
40736.024324011850695 19.605328580519870485
40736.208279507620318 19.608930264476001071
40736.394086152977252 19.612568309401453348
40736.581801712367451 19.61624377122082663
40736.771470230698469 19.619957433101244959
40736.962863548360474 19.623704744380052745
40737.153672673630354 19.627440413660693252
40737.343942773695744 19.631165246111340394
40737.533713125369104 19.634879933354245196
40737.723031399211322 19.638585332876193235
40737.911950371562853 19.642282403383035216
40738.100528463699447 19.645972215050349519
40738.288830160119687 19.649655957376321425
40738.476905001560226 19.653334527957746047
40738.664828459302953 19.657009331757318904
40738.852683750155848 19.660681924790186059
40739.040554108425567 19.664353862603000778
40739.228499082040798 19.668026236855574496
40739.416626531623479 19.671701081923337995
40739.605056863962091 19.675380674808000236
40739.793934494715359 19.679067758032619651
40739.983425990081741 19.682765502071280395
40740.173715390650614 19.686477412759504801
40740.365015719326038 19.690207554287074032
40740.557576023384172 19.693960684456733645
40740.751689404889476 19.697742408614157483
40740.947702634322923 19.701559363671218961
40741.146032747092249 19.705419537067225377
40741.346467727547861 19.709318660969781689
40741.544406053952116 19.713167149981593695
40741.74007884470484 19.716969498835808849
40741.933701127905806 19.720729884890875638
40742.12547322937462 19.72445219520212234
40742.3155815889113 19.728140042510990071
40742.504200466260954 19.731796798506149315
40742.691492493722762 19.735425604698939139
40742.877609486837173 19.73902938831817977
40743.062693194180611 19.742610877025295935
40743.246876015342423 19.746172613004500107
40743.430281710076088 19.749716966876487589
40743.613026404367702 19.753246157331247446
40743.795218709259643 19.756762253597440093
40743.976960579340812 19.76026719219354888
40744.158348308592394 19.763762796287537071
40744.339473043444741 19.767250785705844152
40744.520359386806376 19.770731596040420186
40744.698733297227591 19.774161479315122136
40744.875374342984287 19.77755547208752418
40745.050762500526616 19.780922818060126644
40745.224950823445397 19.784264547456302807
40745.397679482906824 19.787575693615128358
40745.568608834597399 19.790849779044595635
40745.737494431050436 19.794082169937329496
40745.904257441594382 19.797271415240416559
40746.068936641837354 19.80041831696912169
40746.231660206089146 19.803525382790368781
40746.392603793123271 19.806596019749491688
40746.551960434291686 19.80963395671062699
40746.709901804118999 19.812642505451673713
40746.866612661571708 19.81562521741522076
40747.022262593149208 19.818585345386001251
40747.17700647575839 19.821525853293032071
40747.330987073335564 19.824449466472398029
40747.484338919748552 19.82735874608578186
40747.637192785841762 19.830256174247594458
40747.789680900234089 19.83314425299766981
40747.94194207428518 19.8360256009570044
40748.09412707114825 19.838903054082653199
40748.246358425916696 19.841778905755838025
40748.398778031420079 19.844655806651161356
40748.551593777083326 19.847537642034826177
40748.705049974298163 19.85042896891735964
40748.859438791878347 19.853335227628154058
40749.015115063855774 19.856263015369734148
40749.172552577481838 19.859221136871131108
40749.33278422056901 19.862228850291387516
40749.498177758774546 19.86533035254276669
40749.672466530479142 19.868595214114456837
40749.860656325778109 19.872116465493757431
40750.060043350749766 19.875842637549467895
40750.261895166986506 19.879610004405197543
40750.46537750823336 19.883402790346526245
40750.670601114077726 19.887222876652657533
40750.87134186973708 19.890954451927360225
40751.061550094178529 19.894485564039310788
40751.240538574464153 19.897804191310335398
40751.40890321428742 19.900922091940145719
40751.56782670076791 19.903861788761830098
40751.718678182318399 19.906649123559944314
40751.862836757551122 19.909309993254012738
40752.00163197449001 19.911869262615475407
40752.136338339747454 19.914350676031236986
40752.268189242677181 19.916777124707863322
40752.398393266135827 19.919170954120826167
40752.527594525294262 19.921544060866622772
40752.656210602013743 19.923904141271524537
40752.784409859668813 19.926254295764977087
40752.912340268718253 19.928597239636236083
40753.040131920512067 19.930935350710637266
40753.167900032567559 19.933270725730135808
40753.29570787450939 19.935604504924015146
40753.423641653360392 19.937938241986405075
40753.551790362151223 19.940273534822836154
40753.68023585058836 19.942611844489753992
40753.80905449182319 19.944954526013653151
40753.938318769200123 19.947302857573824042
40754.068098861105682 19.949658069470871169
40754.198464252127451 19.952021373387619718
40754.329485357455269 19.954393991694619359
40754.461235116919852 19.956777186003861857
40754.593790486978833 19.959172283669570191
40754.727233720419463 19.961580700254106802
40754.861653263527842 19.964003954909419036
40754.997144009175827 19.966443674014222154
40755.13380652610067 19.968901576326562264
40755.271744766236225 19.971379430859549586
40755.411061714446987 19.973878978113337013
40755.55185264859756 19.976401809056628878
40755.69419644370646 19.97894921003626223
40755.838147227543232 19.981522015214277843
40755.983732224442065 19.984120570671137784
40756.130966181277472 19.986744994352228844
40756.27989382648957 19.989395932683418522
40756.430659816083789 19.992075799033347749
40756.583576140299556 19.994789956009192622
40756.739132259273902 19.99754687185444979
40756.897915227818885 20.000356681761353173
40757.060474104779132 20.003228776637062225
40757.227207266594633 20.006169817399950261
40757.398324854271777 20.009183091560920786
40757.573806729284115 20.01226779987807447
40757.753490509836411 20.015420634363689345
40757.937233277996711 20.018638631237511305
40758.124927424752968 20.021919445522581071
40758.316494865895947 20.025261245052831782
40758.511880661295436 20.028662594849269141
40758.711048629214929 20.032122377115804568
40758.913977195079497 20.035639715970798846
40759.120656135994068 20.039213918365891942
40759.331085230332974 20.042844448411770486
40759.545272721064975 20.046530898676753196
40759.76323399629473 20.050272965459562613
40759.984990359771473 20.054070425825123891
40760.210567804104357 20.057923114917290519
40760.439995718908904 20.061830902419984568
40760.673305480391718 20.065793667322470384
40760.910528876564058 20.069811270275806692
40761.151696333436121 20.073883523060430889
40761.394120056349493 20.077964523219719695
40761.632901748656877 20.081971876139505184
40761.868439280515304 20.085912676803058474
40762.101093568278884 20.089793327208621321
40762.331194675440202 20.093619647466638867
40762.559047299313534 20.097396974668342295
40762.784935451920319 20.101130246732306972
40763.00912701748166 20.104824082584897837
40763.231878209291608 20.108482859206276316
40763.453438301301503 20.11211079173883931
40763.674048739158025 20.115711920477711061
40763.893962064641528 20.119290419971658679
40764.11343650262279 20.122850508065202035
40764.332753314796719 20.12639672402745461
40764.552136585734843 20.129932631118567343
40764.771814815649122 20.133461818572826019
40764.992131276558212 20.136989663826099672
40765.21347189257358 20.140522151924251659
40765.436264176256373 20.144065845461863518
40765.66100996791647 20.147628389052350428
40765.888284789180034 20.151218475559605992
40766.118717210119939 20.15484549696104466
40766.353002673924493 20.158519739831980644
40766.591899064864265 20.162252289228163704
40766.836215887647995 20.166054832299845856
40767.07976388521638 20.169830549472713699
40767.322371084999759 20.173576863849277174
40767.564048711705254 20.177294054932286116
40767.804818240947498 20.18098255821765008
40768.04470998034958 20.1846429402671248
40768.283762157974706 20.188275881995330963
40768.522038744282327 20.191882445288765524
40768.759595228984836 20.195463550073093018
40768.996491659578169 20.199020172104070525
40769.232795952979359 20.202553390843032588
40769.468578983352927 20.206064313900498064
40769.703916239843238 20.209554100499111939
40769.937536049816117 20.213004039455547911
40770.169341140783217 20.216412967413898372
40770.399654139109771 20.219785881342847489
40770.628783864223806 20.223127498575873773
40770.857008989281894 20.226442024578183521
40771.083393516106298 20.229716067311645844
40771.307985177329101 20.232950599471848818
40771.530980555100541 20.236148712024732532
40771.752592236007331 20.239313676454447233
40771.973063827754231 20.242449153455755351
40772.192678246217838 20.24555930106965107
40772.411766259654541 20.248648883321337166
40772.630736862316553 20.251723681455629844
40772.849851998718805 20.254787327029482924
40773.06950877555937 20.257845265862808759
40773.289888225495815 20.260899858441163701
40773.509061601667781 20.263924370447305989
40773.727090795116965 20.266919826307077557
40773.944086288713152 20.269887898897916756
40774.160207006520068 20.272830892847814255
40774.375438908537035 20.275748735115623589
40774.588383762238664 20.278622716832810369
40774.79909570505697 20.281453936273589278
40775.007620711439813 20.284243368224970538
40775.21399690801627 20.286991870753727341
40775.418254150950816 20.289700182045447008
40775.620413252865546 20.292368912726633567
40775.820485980220838 20.294998548503304647
40776.01847755201743 20.297589485372245832
40776.214392786576354 20.300142111388630894
40776.408243923047849 20.302656907991892155
40776.600054431939498 20.305134497017419903
40776.78985517907131 20.307575588360322172
40776.977676613190852 20.309980878165131202
40777.163543305039639 20.312350979536770268
40777.347472311550518 20.314686403481353238
40777.529474060167558 20.316987572131615991
40777.709553991291614 20.319254841164980263
40777.887714182761556 20.321488521433412444
40778.062536657133023 20.323671228933491761
40778.233401433775725 20.325795769976995331
40778.400779831688851 20.327868554148142977
40778.565087771850813 20.329895205825735616
40778.726685709552839 20.331880580688842741
40778.885883815506531 20.333828845270325303
40779.042952693111147 20.335743621514268398
40779.198131508244842 20.337628096285200741
40779.351619052773458 20.339484922062847971
40779.503589038213249 20.341316411184863
40779.654196648305515 20.34312462083366313
40779.803583437562338 20.344911416291044048
40779.951877466897713 20.346678476077745046
40780.099202018551296 20.3484273986023112
40780.245679013016343 20.350159743856973904
40780.39142057254503 20.351876934752596071
40780.536554794096446 20.353580561448669783
40780.681213589472463 20.355272236064951841
40780.825533899405855 20.35695360609707194
40780.96965975403873 20.358626377271125563
40781.113746356757474 20.360292359153884689
40781.257900421296654 20.361952776768710294
40781.401735537838249 20.363603189137595706
40781.545279676400241 20.365243950904233117
40781.688805946963839 20.366878197871624678
40781.832484816739452 20.368507856040267257
40781.976652822588221 20.370136694133496036
40782.121693031418545 20.371768943841551902
40782.26800608765916 20.373408964671472887
40782.415988720640598 20.375060999103332904
40782.566020078404108 20.376729019915565289
40782.718548272008775 20.378417688014891951
40782.874370101948443 20.38013541004867335
40783.034506166652136 20.381892881007463103
40783.199852206307696 20.383699217719808416
40783.371115572452254 20.385561287344124537
40783.548707301284594 20.387482578637751374
40783.732582561438903 20.389461560034021659
40783.922055199007445 20.391489825997172858
40784.115669875114691 20.393550934569791622
40784.311267199154827 20.395621341508132218
40784.505192383592657 20.397662325954076579
40784.695342670733226 20.39965224140188127
40784.880513256677659 20.401579248467065497
40785.060326793478453 20.403440307500257944
40785.23507595238334 20.405239318361683587
40785.405530469193764 20.40698496642356119
40785.572777223605954 20.408688978120103741
40785.737351302181196 20.410357262743033857
40785.899727072152018 20.411995001880811174
40786.060384322423488 20.413607330638434689
40786.219798614329193 20.415199242994752638
40786.378434625978116 20.416775529028505787
40786.536732310400112 20.418340642532495366
40786.695063633742393 20.419898283338625333
40786.853633377737424 20.421450445730410905
40787.012770922206983 20.423000294088048179
40787.172762039132067 20.42455050604082345
40787.333858446545491 20.426103374525521161
40787.496288759102754 20.42766092026337077
40787.660267955296149 20.429224986778724116
40787.826003856578609 20.430797304220366328
40787.993649245545384 20.432379039648502328
40788.162995571561623 20.433967944673621986
40788.334171003691154 20.435564944830193923
40788.507293247203052 20.437170839025480262
40788.682468940736726 20.438786296154400901
40788.859794306627009 20.440411863429297057
40789.039357870016829 20.44204799336498013
40789.221243718879123 20.44369507481009407
40789.40553489584272 20.445353464113178887
40789.592316935908457 20.447023516441628743
40789.781680675856478 20.44870560940860571
40789.973723862181942 20.450400155093213073
40790.168551308270253 20.452107598733945792
40790.366273604151502 20.453828404713704003
40790.567004591757723 20.455563032290118741
40790.77085791722493 20.457311904296041405
40790.97794297830842 20.459075371958896028
40791.188360510961502 20.460853678256665233
40791.402197980336496 20.46264692142507613
40791.619524944399018 20.464455020202450442
40791.837865544963279 20.466256945899537811
40792.0543614274211 20.468029212612339762
40792.268880535964854 20.469771140602691872
40792.481370091139979 20.471482717145558894
40792.691771255180356 20.473163890947819965
40792.900069578012335 20.474814971862745239
40793.106263343506726 20.476436368548174727
40793.310377300338587 20.478028691032672981
40793.512458288474591 20.479592708818493918
40793.712572922973777 20.481129326600505891
40793.910799185527139 20.482639514819062754
40794.10722727553366 20.484124313111070848
40794.301955264752905 20.485584794738613823
40794.495086344184529 20.487022044425131639
40794.686727866828733 20.488437150393899344
40794.876989440650505 20.489831189814644574
40795.065972625787253 20.491205154092533292
40795.253790711758484 20.492560093755578521
40795.440559478513023 20.493897049762932028
40795.626392470760038 20.495217019841462047
40795.811403113482811 20.496520974380654678
40795.995705005640048 20.49780985888673257
40796.179412435645645 20.499084597838038491
40796.362648814429122 20.500346152631074403
40796.545531732299423 20.501595417711492075
40796.728182610175281 20.502833287518210881
40796.910727579481318 20.504060661531475773
40797.09328607829957 20.505278367390346261
40797.275940877821995 20.506486965242466169
40797.458836729099858 20.507687402397142051
40797.642128925450379 20.508880663294231539
40797.825985829811543 20.510067782882948961
40798.010591647325782 20.51124986066562883
40798.196149977076857 20.512428078660121855
40798.382888055610238 20.513603722396773321
40798.571061371018004 20.514778202631049453
40798.760959897655994 20.515953085245946852
40798.952915649089846 20.517130126756281783
40799.147311640983389 20.518311315286414498
40799.344594664573378 20.519498930604473941
40799.545292487287952 20.520695624997070894
40799.746139027658501 20.521881628517746776
40799.946719955936715 20.523054514528698888
40800.147277242067503 20.524215731364346738
40800.347956384401186 20.525366119973476486
40800.548994672244589 20.526507004600276218
40800.750666422005452 20.527639860154700102
40800.953312188641576 20.528766462664357562
40801.157358164848119 20.529888975416895391
40801.363334403133194 20.531010021121229414
40801.571892438601935 20.532132743073734815
40801.782341517005989 20.533253017026272147
40801.990872701593617 20.534350561643151423
40802.198409198172158 20.535430487567079894
40802.405659271193144 20.536496582789304455
40802.613068170103361 20.53755113480832506
40802.821017810565536 20.538596006203402311
40803.02957584340038 20.539631414579570645
40803.234949456535105 20.540638739880272112
40803.437192324963689 20.541618784747374349
40803.636359635187546 20.54257233777081737
40803.832507241146232 20.543500169745207984
40804.025691263945191 20.544403032259882735
40804.215967895426729 20.545281657336840198
40804.403393375614542 20.546136757896590552
40804.588024041222525 20.546969028523598411
40804.769916471741453 20.547779146622616508
40804.949127570551354 20.548567773221019905
40805.125714539557521 20.549335553264249654
40805.299734913707653 20.550083116155022367
40805.471246350978618 20.550811075231255387
40805.640306414432416 20.551520027257129897
40805.806972152844537 20.552210551131910421
40805.971299355078372 20.552883205377408871
40806.133341784974618 20.553538525743313414
40806.293152954975085 20.554177033088286919
40806.450786237750435 20.554799234201198033
40806.606294892881124 20.555405622246247788
40806.759731812497193 20.555996676111266908
40806.911149792074866 20.556572861798457552
40807.060601392317039 20.557134632198138746
40807.208138868489186 20.557682427137986991
40807.353814262067317 20.558216674030642679
40807.497679558167874 20.558737788721597184
40807.63978711180971 20.559246177239415942
40807.780189646473445 20.559742235921895315
40807.91894136355404 20.560226355387133168
40808.05609714199818 20.560698917668453589
40808.191712530671794 20.561160296235559741
40808.325847642023291 20.561610869033199123
40808.458554291362816 20.562050975311574774
40808.58988628766383 20.562480951038935473
40808.719899346826423 20.562901128356052993
40808.848651978078124 20.563311838136048237
40808.9762030339989 20.563713401887110166
40809.102612618611602 20.564106134626932487
40809.227941831981298 20.56449034398127651
40809.352252594711899 20.564866329578570969
40809.475607724816655 20.565234383226432158
40809.598070656633354 20.565594788014657013
40809.719705937386607 20.565947819718275014
40809.840579733812774 20.566293748097990601
40809.960760528716492 20.566632838598913224
40810.080319963512011 20.566965354272834787
40810.199333766322525 20.567291557716419703
40810.317882696195738 20.567611712813398839
40810.43605343389936 20.567926086089045157
40810.553939355333569 20.568234947520373623
40810.671641129949421 20.568538570680583888
40810.789267087100598 20.568837232113779123
40810.906913722988975 20.569131161357219639
40811.024662527626788 20.569420535466470312
40811.142640131569351 20.569705626032590118
40811.260978922771756 20.569986696920253166
40811.379815458334633 20.570263999043849168
40811.499288426013663 20.570537764425452565
40811.619536399128265 20.570808200214582229
40811.740695966975181 20.571075484015693746
40811.862900983673171 20.571339762019018593
40811.986283894882945 20.571601151620054537
40812.110980109966476 20.571859749869638279
40812.237136132658634 20.572115648191495296
40812.364921625972784 20.572368952413903287
40812.494544812747336 20.572619805507308399
40812.626269635919016 20.572868408683149255
40812.760431809270813 20.573115034610847118
40812.897448909825471 20.573360023990264978
40813.037816606200067 20.573603753365386382
40813.182077166085946 20.573846555663855895
40813.330740104247525 20.574088571660482216
40813.484130353368528 20.574329514718812106
40813.642142544566013 20.574568351267899402
40813.803962441605108 20.574803032022419558
40813.96791747349198 20.575030517403593677
40814.130744862472056 20.575246120778732717
40814.290273023791087 20.575447321258366173
40814.445569448515016 20.57563358535677267
40814.596608493367967 20.575805603527637544
40814.743895338964649 20.57596461719555947
40814.888119318951794 20.576111921178135589
40815.029950538359117 20.576248625887330945
40815.169957896490814 20.576375595829034637
40815.308597418676072 20.576493471964006687
40815.446231425907172 20.576602719979501188
40815.58315549899271 20.576703676558445011
40815.719622178119607 20.57679658382633292
40815.855857594935514 20.576881611251351956
40815.992071101449255 20.576958867931146813
40816.128374244231964 20.577028367824365063
40816.264944060058042 20.57709012646293445
40816.401960203686031 20.577144118457745492
40816.539590468535607 20.577190271437185487
40816.677990659438365 20.577228468523692584
40816.817304885444173 20.577258550903920309
40816.957666341695585 20.577280320350507026
40817.099198500349303 20.577293541497990503
40817.242016609692655 20.577297943701196914
40817.386229389929213 20.577293222340916401
40817.531940799992299 20.577279039488672652
40817.679251779176411 20.577255023891034114
40817.828265199583257 20.577220769400071276
40817.979086108411138 20.577175832899246899
40818.13181946628174 20.577119733012054326
40818.286571492732037 20.577051947934307918
40818.443449124366452 20.5769719136162621
40818.602561395135126 20.576879020864101477
40818.764021808608959 20.576772610997583257
40818.927947055177356 20.576651973070372748
40819.094454826772562 20.57651634223492465
40819.263665139733348 20.576364895671147792
40819.435700093526975 20.576196749276547848
40819.608490859536687 20.576013374652422527
40819.781681238702731 20.575814896354600592
40819.955314434417232 20.575601048287811778
40820.129434632894117 20.575371545637910486
40820.304087501870526 20.575126083346841455
40820.479313019095571 20.574864346086695122
40820.655152300023474 20.574585999270460945
40820.831654628971592 20.57429067606212314
40821.008870287827449 20.573977986192492295
40821.186850599835452 20.573647514890375021
40821.365647970465943 20.57329882175411484
40821.545315925344767 20.572931439565433465
40821.725909144319303 20.572544873043980829
40821.907483488685102 20.572138597549500361
40822.090096022373473 20.571712057731126322
40822.273805049189832 20.571264666069748017
40822.45867022479797 20.570795801146314119
40822.644752822539886 20.570304805366959044
40822.832116178375145 20.569790981953257614
40823.020826009087614 20.569253591939155257
40823.21094997394539 20.568691853149150717
40823.402552754298085 20.568104953329310547
40823.595676936281961 20.567492112297575346
40823.790304880742042 20.566852720588819636
40823.986350411156309 20.56618640178749402
40824.183725892369694 20.565492812902444797
40824.382397128472803 20.564771444005600642
40824.582375773716194 20.564021616597624842
40824.783703671586409 20.563242517889374739
40824.986445256021398 20.562433212780053537
40825.19068855754449 20.561592624759658321
40825.396535691594181 20.560719560661429028
40825.604097120092774 20.559812725285702584
40825.813499887844955 20.558870676232782415
40826.024888620522688 20.557891805781480343
40826.238426962569065 20.556874319095189918
40826.454299446937512 20.555816208334697137
40826.672713827982079 20.554715221884155341
40826.893890151222877 20.553568900130567698
40827.112455485948885 20.552404823108471277
40827.327213950426085 20.551230503776281466
40827.538426341001468 20.550045858901970774
40827.746348635235336 20.548850683927028626
40827.951236836845055 20.547644629930282179
40828.153353936097119 20.546427163473175881
40828.352994467844837 20.545197410980136965
40828.550394171172229 20.543954714116150484
40828.745773484930396 20.542698388554967437
40828.939336245151935 20.541427744043318171
40829.131253849896893 20.540142203508974461
40829.321690411867166 20.538841151823419295
40829.510796718823258 20.537523983525058924
40829.698731145683269 20.536189962124645092
40829.885643898654962 20.534838330196684808
40830.071711523567501 20.533468058443371973
40830.257140932102629 20.532077797648188522
40830.442177771692513 20.530665793749886205
40830.627111978596076 20.529229817866895047
40830.81217656438821 20.527767941749775815
40830.997722393476579 20.526277158538213996
40831.184242551404168 20.524753099592739858
40831.372348756885913 20.523190129898114975
40831.562807474372676 20.521580949641073488
40831.756583979447896 20.519916089154019545
40831.954898574746039 20.518183246708073142
40832.159295696794288 20.516366441023333067
40832.371540708882094 20.514446640120301169
40832.582997449178947 20.512500157576653237
40832.793365396479203 20.510530079734344611
40833.00199999470351 20.50854299495498978
40833.209222442383179 20.506536478468081697
40833.415326605303562 20.504508177330922791
40833.620585363576538 20.502455769123784535
40833.825255699106492 20.50037692694191449
40834.029589715668408 20.498269217452616431
40834.233827207244758 20.496130182823900867
40834.438135247633909 20.493957996846713598
40834.642703168239677 20.491750489404612523
40834.847770320513519 20.489504821558000458
40835.053579622057441 20.487217963972746304
40835.260380251907918 20.48488666148612225
40835.465396065439563 20.482542338879802912
40835.658541448778124 20.480303512706221625
40835.843080891892896 20.478136992023902252
40836.021310621632438 20.476019048964669622
40836.194869366874627 20.473932502508880305
40836.364977077202639 20.471864333673998715
40836.532527524897887 20.46980486682043221
40836.698207564346376 20.46774652031704278
40836.862560000205121 20.465683161849767657
40837.026022492224001 20.463609713333031692
40837.188954674194974 20.461521873608766953
40837.351656650360383 20.459415930155426366
40837.514373375212017 20.457288740713373443
40837.67722144232539 20.455138740280862208
40837.840402638990781 20.452963163031451899
40838.004092013310583 20.450759500693397541
40838.168443378839584 20.448525444044697963
40838.333595623786096 20.446258808956518038
40838.499675438273698 20.443957507330736689
40838.666798439080594 20.441619538406328616
40838.835073031405045 20.439242940358070655
40839.004602713263012 20.436825761130378964
40839.175487520107708 20.434366039842888796
40839.347825291901245 20.431861789596343471
40839.521712605288485 20.429310984152820652
40839.6972454055649 20.426711548272848518
40839.874519552802667 20.424061348765789603
40840.053631388356735 20.421358184713454875
40840.234677109270706 20.418599795393916452
40840.417751471730298 20.415783879050501071
40840.602949243788316 20.412908069861568805
40840.790366426888795 20.409969917229318526
40840.98009026022919 20.406967042294329673
40841.172207062292728 20.403897017155532723
40841.366812221487635 20.400757202150245462
40841.564002094608441 20.397544869883191154
40841.763880588317988 20.394257093972260719
40841.966553729274892 20.390890831814999729
40842.16948603662604 20.387487473423707485
40842.368701492458058 20.384114548822893198
40842.564228846458718 20.380773349601245314
40842.756124651954451 20.37746463481308723
40842.944432546915777 20.374189322195302765
40843.129208527061564 20.370948054011421391
40843.310520151455421 20.367741203440548503
40843.488446286770341 20.36456887251302561
40843.663060028549808 20.361431194178610582
40843.834467092441628 20.358327640589074292
40844.002782164519886 20.355257436247942593
40844.168128398094268 20.352219564114509609
40844.330636373008019 20.349212782311532521
40844.490448464064684 20.346235540694660671
40844.647699852495862 20.343286333799177612
40844.802529332642735 20.340363503625916053
40844.955078014419996 20.337465264973264567
40845.105488260676793 20.334589727142549975
40845.253902746851963 20.331734913936120535
40845.400463668484008 20.328898781308755161
40845.545312109956285 20.326079232259903762
40845.688587631681003 20.323274127694279656
40845.830428236084117 20.320481289900019561
40845.970971016926342 20.317698492300849011
40846.110353924814262 20.314923426326512157
40846.248719113646075 20.312153635249654116
40846.386218190287764 20.309386407335207281
40846.523019329804811 20.306618627695264934
40846.659315696706471 20.303846598924735645
40846.79533415545302 20.301065850410001445
40846.931343227399339 20.298270957535560655
40847.067506129496905 20.295458563536243446
40847.204160673034494 20.292621609719063258
40847.341706267616246 20.28975160676150935
40847.480607128578413 20.286838533212648628
40847.621405247824441 20.283870523703541267
40847.764740902821359 20.28083338577825856
40847.911410369088117 20.277709304396402956
40848.06241942748602 20.274475590705552719
40848.219029609288555 20.271103538132315691
40848.38288113528688 20.267555559562904222
40848.556213078190922 20.263780073898193024
40848.742248454997025 20.259702526127814082
40848.945933665745542 20.255208098322309951
40849.175507488922449 20.2501049107642217
40849.429221684658842 20.244419025230438791
40849.682846165887895 20.238686985770449667
40849.936771572298312 20.23290010428231156
40850.191605591440748 20.227044396285645433
40850.421590983438364 20.221718473841914232
40850.624143693254155 20.216995590396074078
40850.808066378674994 20.21268104263524279
40850.978613327562925 20.208658185377277761
40851.139165934429911 20.204851719058485315
40851.292037767278089 20.201209961933567882
40851.438895755985868 20.197695540414759563
40851.580998007877497 20.194280112952640138
40851.71933684751275 20.190941183064051501
40851.854728706777678 20.187660087470632675
40851.987841049936833 20.184421449932955284
40852.119245453701296 20.181211969399917905
40852.249428611343319 20.178020205244248331
40852.378751534539333 20.174837629426303209
40852.507522693857027 20.171656878427096871
40852.636004399442754 20.168471621232779256
40852.764418118036701 20.165276449281485327
40852.89289114674466 20.162068229879668735
40853.02155946149287 20.158843566838857697
40853.150566213524144 20.155598834680137799
40853.280033535673283 20.152330888437198553
40853.410068533630692 20.149036921053507854
40853.540768390805169 20.145714340049263313
40853.672228370196535 20.14236056734599245
40853.804542724326893 20.138973016607639721
40853.937802374923194 20.135549153182108029
40854.072097708012734 20.1320864231417751
40854.207518697068735 20.128582250019270816
40854.344154676953622 20.12503404052169742
40854.482093870341487 20.12143919679542492
40854.621422720709234 20.117795133992444789
40854.762225038626639 20.114099303096775628
40854.90458095066424 20.110349219431817858
40855.048565602162853 20.106542498287620191
40855.194247787134373 20.102676893252759527
40855.341688431755756 20.098750339289907174
40855.490938895803993 20.094761001641373355
40855.642040212034772 20.09070730062000365
40855.795021446356259 20.086587960690074794
40855.949897225727909 20.082402083201351672
40856.106667130574351 20.078149170106026844
40856.265315892087528 20.073829126271043322
40856.425814832400647 20.069442227810874613
40856.588124627785874 20.064989053323600388
40856.752203072937846 20.06047027553363904
40856.918009674402128 20.055886535954854821
40857.085502485089819 20.051238532368007128
40857.254635763791157 20.046527085252026978
40857.42535852536821 20.041753180750060181
40857.597613318022923 20.036918008185445217
40857.771335181518225 20.032022993265194089
40857.946450738949352 20.027069828183428513
40858.122877438690921 20.022060498043884991
40858.300523032427009 20.016997301033420342
40858.479285504443396 20.011882855966078409
40858.659053617091558 20.006720092104139042
40858.839708230014367 20.001512216212930184
40859.021124444298039 19.996262654754815458
40859.203167456340452 19.990975177629721315
40859.385700760685722 19.985653663807333658
40859.568596367462305 19.980301802438869885
40859.751731866039336 19.974923174284096916
40859.93499284369318 19.969521176835595355
40860.118245088313415 19.964099843371528209
40860.301382727237069 19.958662421081946547
40860.48435703638097 19.953210495453280515
40860.667119517107494 19.947745664748953942
40860.849635269602004 19.942269137623480191
40861.03189496473351 19.93678136469656792
40861.213902386531117 19.931282402211209615
40861.395682495029178 19.925771660444510758
40861.577283593993343 19.920247826941576363
40861.758780926000327 19.914708744984732647
40861.940283295691188 19.909151197202131556
40862.121869997674366 19.903572829911382769
40862.303713468929345 19.897968382050265745
40862.486059992130322 19.892330236748417605
40862.669250482824282 19.886647739239251109
40862.853754687472247 19.880906084091130026
40863.040212260108092 19.875084965957213967
40863.229479857844126 19.869157014565271169
40863.422686098288978 19.863085948989940732
40863.621305106156797 19.85682410212728044
40863.827262371683901 19.850308858859829542
40864.043169007381948 19.843454913628328029
40864.269426072642091 19.836246224789952919
40864.493119314676733 19.829093051371859957
40864.714597472113383 19.821985229684123908
40864.934215092333034 19.814912230951698291
40865.152327921998221 19.80786331365018782
40865.369292189614498 19.800827551795556758
40865.585464964053244 19.793793827914143435
40865.801205506082624 19.786750792569264945
40866.016877028232557 19.779686808951694843
40866.229816889812355 19.772689674219009248
40866.439596476251609 19.7657745359216932
40866.646452962995681 19.758934645225991744
40866.850534328354115 19.752166096303177767
40867.048924745671684 19.745566965177459906
40867.23952884136088 19.739208988900497133
40867.424579976061068 19.733019605385408113
40867.605837187409634 19.726941312814030738
40867.784695289905358 19.720928223683408476
40867.962270728719886 19.714943353003100412
40868.13946360128466 19.708956653472000653
40868.316833329423389 19.702949329767623254
40868.494846471585333 19.696905559045955414
40868.671269031074189 19.690901385454829153
40868.844993481463462 19.684975101067724523
40869.016106692834001 19.679124451237420601
40869.184697652541217 19.67334706557396018
40869.350855878758011 19.667640513288446869
40869.514671928161988 19.662002287060353467
40869.676231406032457 19.656430010970836975
40869.835619292854972 19.65092129400321852
40869.992919923904992 19.645473732284042256
40870.14821703859343 19.64008490884083713
40870.3015938378594 19.634752392994091252
40870.453133041846741 19.629473739651640329
40870.602916951385851 19.624246488391065668
40870.751027520942444 19.619068162058720617
40870.897545824664121 19.613936286565831324
40871.042552620427159 19.608848372269516602
40871.186128802255553 19.603801899019007493
40871.32835558669467 19.598794310369694216
40871.469314750844205 19.593823005867783138
40871.60908891937288 19.588885331484849672
40871.747761894905125 19.58397856838426776
40871.885419176564028 19.579099914875580879
40872.022148016090796 19.574246484593043505
40872.15803835909901 19.569415273140197797
40872.293183422814764 19.56460313735652079
40872.427678292886412 19.559806845077339688
40872.561621222266695 19.555023028750753156
40872.695113727335411 19.550248181666407987
40872.828260551388666 19.545478658887812884
40872.961169470931054 19.540710683815117221
40873.093950928647246 19.535940361012983146
40873.226717481193191 19.531163695788713142
40873.359534706934937 19.526378364025916312
40873.492508203744364 19.521580583332767134
40873.62575175074744 19.516766254199794162
40873.759377601185406 19.511931309619665598
40873.893495025375159 19.507071768499287145
40874.028208629250003 19.502183797618982908
40874.163616438272584 19.497263782593513781
40874.299807743438578 19.492308408042024581
40874.436860720648838 19.487314746649328612
40874.574839858112682 19.482280355938627281
40874.713789348068531 19.477203523373521676
40874.853734053584049 19.472083236123584271
40874.994680925141438 19.466919134052499629
40875.136613155700616 19.461711728894133699
40875.279488508298527 19.456462471808475101
40875.423238453571685 19.451173791625290477
40875.567768355300359 19.44584909468964895
40875.71295888126042 19.440492719364307561
40875.858668743712769 19.435109840864566166
40876.004738756717416 19.429706326401319672
40876.150997058095527 19.424288545787181448
40876.297213134348567 19.418865080595931971
40876.443173337036569 19.413443931317679869
40876.588712660974124 19.408031329703494094
40876.733679934812244 19.402633023158237791
40876.877943812840385 19.397254047045731085
40877.021395962925453 19.391898600112501327
40877.163952780836553 19.386569974287251483
40877.305555761391588 19.381270534502519354
40877.446170748982695 19.376001740664943185
40877.585786363051739 19.370764201038209507
40877.72441194242856 19.365557744358760317
40877.862075357719732 19.36038149766798
40877.998820926775807 19.355233961010213761
40878.134708172852697 19.350113051045138235
40878.269810978963505 19.345016130145733513
40878.404218344585388 19.339939975265227901
40878.538034643068386 19.334880765605184649
40878.67138219516346 19.329833982600327147
40878.80440404813271 19.324794301574854671
40878.937266943539726 19.319755475658112687
40879.070146911035408 19.314710878982761955
40879.203171352863137 19.309655707476679254
40879.336574711283902 19.304581064054548989
40879.470618612962426 19.29947698097813813
40879.605591383624414 19.294332433667225501
40879.741819066264725 19.289134915373288948
40879.879750083280669 19.28386719523087578
40880.019961407822848 19.278507058800329332
40880.163093025461421 19.273029791863777405
40880.309862335343496 19.267407614434105767
40880.461086039787915 19.261608822694984866
40880.617712791099621 19.255596510636905805
40880.780871589413437 19.249326675314719637
40880.951938959180552 19.242745582865037335
40881.132630564796273 19.235786168558988152
40881.320992800756358 19.228522604117301853
40881.51376485581568 19.221079906784677149
40881.711574171764369 19.213433310842873425
40881.915135670649761 19.205554545511891007
40882.125269665637461 19.197411116748956061
40882.333770828481647 19.189320813163469381
40882.526279985650035 19.181842201509457624
40882.706053499336122 19.174850804580216845
40882.875620361410256 19.168249767274748052
40883.037001101074566 19.161961558131935135
40883.191867789268144 19.155921878603525244
40883.341658063989598 19.150075309651878541
40883.48765302063839 19.144372332947650506
40883.631031399061612 19.138767254930318273
40883.772655279462924 19.133226622651385185
40883.91287943883799 19.127736744831899784
40884.052022552939889 19.122285300263758501
40884.190371403856261 19.116861179892524092
40884.328186173675931 19.111454285054481517
40884.465703321999172 19.106055419345771895
40884.60313677052909 19.100656246250959924
40884.74062434136431 19.09525139920419079
40884.87830543286691 19.089835435421296239
40885.016341105816537 19.084402045244015511
40885.154874591222324 19.078945605835361476
40885.294034124686732 19.073461072049770593
40885.433936346562405 19.067943844477223792
40885.574689513501653 19.062389644370675512
40885.716395762538014 19.056794425482951993
40885.8591528785837 19.0511543051739487
40886.00305539866531 19.045465521472525694
40886.148195151217806 19.039724412322389213
40886.294661369771347 19.033927411594721235
40886.442540605443355 19.028071053048062566
40886.591916804129141 19.022151967770756897
40886.742870591639075 19.016166913023830887
40886.895479639053519 19.010112758318157944
40887.049819755251519 19.003986442567004644
40887.20596503309207 18.997784968690186957
40887.363988664568751 18.991505371613286002
40887.523963886815181 18.985144680959141539
40887.685964850359596 18.978699886720793444
40887.8500675066025 18.972167904070211364
40888.016350772355509 18.965545527030283068
40888.184897274513787 18.958829398759583285
40888.355793619062752 18.952016000733582501
40888.529130663628166 18.945101641778588686
40888.705003621093056 18.93808245385046618
40888.883512049003912 18.930954392396685648
40889.064759810571559 18.923713237897196393
40889.24885515801725 18.916354592561511083
40889.435911649074114 18.908873843736245135
40889.626049265898473 18.901266119154382039
40889.818651351612061 18.893556039891468146
40890.00911110429297 18.885928124802880745
40890.197573273937451 18.878376801812734698
40890.384171840109047 18.870896911612796032
40890.569062298745848 18.863482414806711063
40890.75240467031108 18.856127073204696387
40890.934363995307649 18.848824430820602771
40891.115111619437812 18.841567763079790865
40891.294827242061729 18.834349995230720509
40891.473701546150551 18.827163597214397583
40891.651938856375637 18.820000477208807865
40891.829759488085983 18.812851887430294795
40892.007401026821753 18.805708372827481867
40892.185086800411227 18.798561039596229705
40892.36298309241829 18.791403278866884108
40892.541361918425537 18.78422421870866188
40892.720363466265553 18.777018284115587932
40892.895447065733606 18.769968397007790628
40893.067407226924843 18.763042742380612538
40893.236914512992371 18.756214460094032148
40893.404544634671765 18.749460482093311953
40893.570788480188639 18.74276113526177312
40893.736047685881204 18.736100325681150025
40893.900678530088044 18.729463774117711239
40894.064983440664946 18.722839361513134548
40894.229219559281773 18.716216786547818174
40894.393531951776822 18.709590261704377667
40894.558091920953302 18.702952937882354689
40894.723079490278906 18.696297610973271475
40894.888654664202477 18.689617881796728227
40895.054962341520877 18.682907958867886578
40895.222136238677194 18.67616250090794594
40895.390301942585211 18.669376494331924476
40895.559579238331935 18.662545159897078406
40895.730083866517816 18.655663882303638701
40895.901928851235425 18.648728157081830403
40896.075225524473353 18.64173354971212504
40896.249629417812685 18.634694025708089526
40896.42155820527114 18.627754249621521154
40896.591166640137089 18.620908045435186295
40896.758633305871626 18.614148269186820528
40896.924146308730997 18.607467387324557961
40897.087891725095687 18.600857943870604316
40897.250046274893975 18.594312856926585198
40897.410772807605099 18.587825601537197429
40897.570218244472926 18.581390293288553295
40897.728513290334377 18.575001700365426416
40897.885773279820569 18.568655209727996436
40898.042099638812942 18.56234676837928177
40898.197581571468618 18.556072815473378057
40898.352297760800866 18.549830213835058146
40898.50631792373315 18.543616187323102906
40898.659704239689745 18.537428263281462648
40898.81251344231714 18.531264188229599199
40898.964794832128973 18.525122008085915581
40899.116592699450848 18.518999970454014914
40899.267946918189409 18.512896500702566982
40899.418893456750084 18.506810181379890423
40899.569464799118578 18.500739735247762496
40899.719690309248108 18.494684010595729973
40899.869596516349702 18.488641969741280491
40900.019207302611903 18.482612681458618908
40900.168543977328227 18.476595317982646094
40900.317625236384629 18.470589156620700777
40900.466467000958801 18.464593586217528554
40900.615082150034141 18.458608117880444865
40900.763480185640219 18.452632398391930479
40900.911666882944701 18.446666224208598805
40901.059641935869877 18.44070963611424574
40901.207403106425772 18.434762752023694077
40901.354943863298104 18.42882586192293104
40901.502253549260786 18.422899420961545758
40901.649317759125552 18.416984034073976773
40901.796118921047309 18.411080432431674581
40901.942637051812198 18.405189442919184017
40902.088850641877798 18.399311952428174521
40902.234737616898201 18.393448869119801259
40902.380276320051053 18.387601082901738891
40902.525446459389059 18.381769427364123004
40902.670229972558445 18.375954645089112915
40902.814611762740242 18.370157358187736207
40902.958580290534883 18.364378044667230228
40903.102128001373785 18.35861702144465113
40903.245251584914513 18.35287443413260533
40903.387952081895492 18.347150252968283723
40903.530234863195801 18.34144427388220322
40903.672109513325267 18.335756123406707019
40903.813589652803785 18.330085266034650715
40903.954692993924255 18.324431002223505516
40904.095440601347946 18.318792498261643686
40904.235856958744989 18.313168783814347762
40904.375969786698988 18.307558759438027352
40904.51580987626221 18.301961203462276728
40904.65541093362117 18.296374778420840812
40904.794809431521571 18.290798037204478277
40904.934044489447842 18.285229428060610246
40905.073157816936146 18.279667297062513143
40905.212193794242921 18.27410988509181422
40905.351199788594386 18.268555315415916596
40905.490216321806656 18.263001986645573282
40905.629281775494746 18.257448384505590155
40905.76845543521631 18.251892161908049417
40905.907804270602355 18.246330667833010608
40906.047405104320205 18.240760861367427026
40906.187347820778086 18.235179184464236357
40906.327738864783896 18.229581423416409081
40906.468704770057229 18.223962569448502791
40906.610395467330818 18.218316688421580807
40906.752986842613609 18.212636820733273169
40906.896681801874365 18.206914940980606588
40907.041708975280926 18.201142011766446416
40907.188318361084384 18.195308159285698224
40907.336773778406496 18.189402975597946721
40907.487342786647787 18.183415921102554336
40907.640371442663309 18.177333354755230488
40907.796389565213758 18.171134359461056818
40907.955967348476406 18.164796451803916
40908.119508062874957 18.158303815925251001
40908.287171464282437 18.151650330895193974
40908.458797763094481 18.144842566600264178
40908.633846051518049 18.137902196281878275
40908.811379729726468 18.130866537674521055
40908.990135668384028 18.123785774223751588
40909.168077302754682 18.116740610884733087
40909.343886673159432 18.109783167443971763
40909.516704234527424 18.102947335628172709
40909.686103246203857 18.096249835610663581
40909.852054184462759 18.089691663217077888
40910.014848778228043 18.083261126416086739
40910.175033784827974 18.076936487794952768
40910.333132460269553 18.070696976107672782
40910.489342711603967 18.064534688284915376
40910.643897345398727 18.058440358925693658
40910.797047467225639 18.052404017231637567
40910.949048741706065 18.046415529561325997
40911.100149048834282 18.040465085641844922
40911.250578915984079 18.034543574342968952
40911.400545461598085 18.028642820392160928
40911.550229939741257 18.022755678932242063
40911.69978846063168 18.016876005032479213
40911.849351460172329 18.010998672441356661
40911.998980716853112 18.005121259467273376
40912.148786484605807 17.999239445223338407
40912.298868600359128 17.993349324556522362
40912.448303214674524 17.987487148166195539
40912.596627863735193 17.981671015745821052
40912.743894552797428 17.975898835123853559
40912.890155292901909 17.970168517249049955
40913.035462238280161 17.96447797079249753
40913.179867815473699 17.958825097086588585
40913.323424800983048 17.953207787088750536
40913.466186524332443 17.947623913447355193
40913.608207077086263 17.942071322353829288
40913.749541577177297 17.936547823253160772
40913.890246568305884 17.931051173303849566
40914.030380549789697 17.925579056780961196
40914.170004710606008 17.920129056560622161
40914.309183906902035 17.914698616174572265
40914.447987913124962 17.909284991286153144
40914.58649273589981 17.90388519883562779
40914.7247832612411 17.898495914356477243
40914.862956020559068 17.893113364910071539
40915.00110724629485 17.887733794980956503
40915.139307837620436 17.882354440680607865
40915.277673489799781 17.876970799670051093
40915.416347201222379 17.871577314839985462
40915.555488391102699 17.866167799419176987
40915.695271924232657 17.860735476160822799
40915.835882007289911 17.855273215652740504
40915.977511612429225 17.849773559506491694
40916.120359687418386 17.844228829433276928
40916.264619611742091 17.838631575685464981
40916.410470945447742 17.832974896758148731
40916.558071190389455 17.827252757834351371
40916.707548153033713 17.821460285118114086
40916.858993239344272 17.815594023285292735
40917.012455761127057 17.809652153051946044
40917.167938183578372 17.803634671666401346
40917.325392344137072 17.797543535246457935
40917.484716902203218 17.791382753035286157
40917.645756551908562 17.785158413158466573
40917.808303778991103 17.778878609946382028
40917.97210364696366 17.772553254431798564
40918.136863020263263 17.766193714117267888
40918.302263640747697 17.759812305116497555
40918.467977609630907 17.753421693004739268
40918.633569724130211 17.747038655795620343
40918.798738616867922 17.740674785977589067
40918.963272434870305 17.734338208902240552
40919.12702688848367 17.728034435568286398
40919.289928685087943 17.721766236503139424
40919.451982244005194 17.715533389682185827
40919.613259476820531 17.709333079875829497
40919.773886858354672 17.70316040092014731
40919.934028070078057 17.697009026640515117
40920.093868510979519 17.690871808335085547
40920.253597524511861 17.684741458372926104
40920.413364767024177 17.678612223903908074
40920.573089461300697 17.672487196675383814
40920.732267687875719 17.666385679723614288
40920.891075746738352 17.660300886789091379
40921.049655563365377 17.654227359541518894
40921.208123020063795 17.648160645858123274
40921.366602118876472 17.642095990629378832
40921.525147732885671 17.636031290673219729
40921.683844796978519 17.629963297363111963
40921.842768920709204 17.623889124082644742
40922.001988755713683 17.617806155065757423
40922.161567345130607 17.611711993338030169
40922.321562900360732 17.605604430647783687
40922.482029296297696 17.599481428217977452
40922.64301851955679 17.593341023076099816
40922.80457040949841 17.587181718989391754
40922.966718052783108 17.581002279991309933
40923.129498558868363 17.574801319482951101
40923.292946895700879 17.568577535266737044
40923.457137221441371 17.562328136582131322
40923.622156921672286 17.556049834884881022
40923.788069155059929 17.549740269067413578
40923.954941180527385 17.543396927003126251
40924.122840345080476 17.537017298390487952
40924.291831054935756 17.53059898987336851
40924.461973876990669 17.52413975900942944
40924.633346524125955 17.517636717915841871
40924.806028185237665 17.511086929074490826
40924.980085367715219 17.504487942248452725
40925.155589804940973 17.497837115097276239
40925.332617003856285 17.491131668801465082
40925.511276922334218 17.484367527394230279
40925.691694838395051 17.477540044844751321
40925.873991435102653 17.470644759849239591
40926.0583078142663 17.463676450331114154
40926.244801364875457 17.456629291815850991
40926.43366056317609 17.449496300611794908
40926.62510466947424 17.442269348823323583
40926.819381544359203 17.434939250481424011
40927.01678820480447 17.42749499036012395
40927.215494515308819 17.420005733120600411
40927.415386840097199 17.412475855566857064
40927.616550689039286 17.404902231803319523
40927.819081065397768 17.397281388233263755
40928.02306001103716 17.389610349075933726
40928.228568810336583 17.381886176750306561
40928.435691672420944 17.374105833841273494
40928.644517419983458 17.366266120404382889
40928.855123202127288 17.358364285780659486
40929.067587997007649 17.3503975215413071
40929.282014754484408 17.342362132612166192
40929.49851369944372 17.334254165656275859
40929.717199645660003 17.326069511029313475
40929.938190700602718 17.31780395242249071
40930.161631867158576 17.309452286117025466
40930.387671464290179 17.301009205646071365
40930.616438363300404 17.292470152615891266
40930.848068081497331 17.283830342258891477
40931.082696496378048 17.275084999607404512
40931.320459270689753 17.266229382135968251
40931.558225008680893 17.257380318598084301
40931.795995433523785 17.248537815379279436
40932.033772682865674 17.239701865816254411
40932.271558938242379 17.230872464023054391
40932.5093564249255 17.222049604916893628
40932.747167411682312 17.213233284250101462
40932.984994210579316 17.204423498645230239
40933.22283917668392 17.195620245633477907
40933.456687275240256 17.186972035486082433
40933.68698777246027 17.178461993485679926
40933.915002458503295 17.170043311163688315
40934.141725294051867 17.16167920854200446
40934.367969552222348 17.153339683775389091
40934.594309958578378 17.145003617543810748
40934.821088790551585 17.136658513883418209
40935.048821335316461 17.12828556453742479
40935.277973811353149 17.119867833166544813
40935.508979216327134 17.111389668864482871
40935.742245571796957 17.102836401551094525
40935.978163081490493 17.094194078952739346
40936.216454706285731 17.085473222790557912
40936.454800499224802 17.076758981418361572
40936.693203390292183 17.068051371293254448
40936.931666345692065 17.059350410509868112
40937.170192367637355 17.050656118828687369
40937.408784494167776 17.041968517701238994
40937.647445799106208 17.033287630297774484
40937.886179392087797 17.024613481527474335
40938.124988418559951 17.015946098056613067
40938.363876059898757 17.007285508327431245
40938.602845533678192 16.998631742573898862
40938.841900093910226 16.989984832832664807
40939.081043031241279 16.981344812956287171
40939.320277673272358 16.972711718627394362
40939.55960738484282 16.964085587366302121
40939.799035568605177 16.955466458555157772
40940.038565666000068 16.946854373463622778
40940.278201157976582 16.938249375242204309
40940.517945565414266 16.929651508937620719
40940.75780244969792 16.921060821507335703
40940.997775413459749 16.912477361837940038
40941.237868101554341 16.903901180762471057
40941.478084202011814 16.895332331072236087
40941.718427446889109 16.88677086753518708
40941.958901613237686 16.878216846914114058
40942.199510524042125 16.869670327986451497
40942.44025804924604 16.861131371567573467
40942.681148106858018 16.852600040534618131
40942.922184664086672 16.844076399853197046
40943.163371738555725 16.835560516605472259
40943.400834243489953 16.827189107453271788
40943.632988002878847 16.819017463386526146
40943.860222869050631 16.811031203735250728
40944.082890834841237 16.803217356942607097
40944.301310422000824 16.795564196016552927
40944.515774264742504 16.788060963921317637
40944.726547874117387 16.780697909417256142
40944.933872706482362 16.773466172647506056
40945.137971110518265 16.766357606426836924
40945.339048645349976 16.759364690532009945
40945.537296080867236 16.752480457816506743
40945.732891822743113 16.745698406292493843
40945.926003153304919 16.739012452977060974
40946.116755251125142 16.732418001253424933
40946.305291804936132 16.725909839268989998
40946.491748522181297 16.719483057178837981
40946.676269702824357 16.713132475170699109
40946.858987702456943 16.706853350988936313
40947.040030391712207 16.700641121210388462
40947.219522254134063 16.694491362629161557
40947.397585756480112 16.688399744685561643
40947.574342527812405 16.682361988865661573
40947.749912882231001 16.676373884938996639
40947.924417196816648 16.67043124393947906
40948.097981096427247 16.664529722268600409
40948.270733148994623 16.65866490154011359
40948.442812062858138 16.652832045916422743
40948.614357517326425 16.647026415280318901
40948.785519194309018 16.641242961033452019
40948.956459742657898 16.635476229424778438
40949.12735752271692 16.629720273391694008
40949.29833461187809 16.623971076583657691
40949.469581304198073 16.61822236263191499
40949.641344487936294 16.612466004427123067
40949.813913477359165 16.60669251533305868
40949.987634576260461 16.600890577613771626
40950.16292885474104 16.595046469993860683
40950.340315012836072 16.589143334045829192
40950.520439278712729 16.583160217921637525
40950.704113440740912 16.57707086566422916
40950.89236476001679 16.570842134425021186
40951.086505287741602 16.564431800970623954
40951.288229809819313 16.557785470103802083
40951.499761319006211 16.550831990651932557
40951.724078766848834 16.543476287435890271
40951.965834577094938 16.535569856762240448
40952.215992295845354 16.527412016264865002
40952.466506093798671 16.519266725128112228
40952.717383255687309 16.511134200454478105
40952.968631182186073 16.503014666407235467
40953.220257390261395 16.494908354453244215
40953.472269513222273 16.486815503614636214
40953.72467530049471 16.478736360737677558
40953.977482617090573 16.470671180772431086
40954.229598463862203 16.462655173241444118
40954.469419251778163 16.455055575044937655
40954.699658896861365 16.447783291767230196
40954.922250585237634 16.440774937475669759
40955.138643250684254 16.433983101946992633
40955.34995216630341 16.427371380438756887
40955.557065011074883 16.42091089309922225
40955.76067504943785 16.4145791368979026
40955.961356249055825 16.408357563024946302
40956.159595846474986 16.40223051297993706
40956.355819088523276 16.396184415384006172
40956.550406102578563 16.390207239171349585
40956.74370745041233 16.384287997216564037
40956.936037658015266 16.378416930530441675
40957.127709628904995 16.372584446902109789
40957.31903095197049 16.366781233777519589
40957.510311879741494 16.360998017126206605
40957.701740916920244 16.355229308484151574
40957.893634923377249 16.349465847579047306
40958.086346694595704 16.343697431844464774
40958.280261513384175 16.337913042146769982
40958.47580921377812 16.332100507707338011
40958.673480838013347 16.326246044971711058
40958.873850185103947 16.320333666210608214
40959.077601824355952 16.31434441719601125
40959.285568460465583 16.308255367386564672
40959.498782642178412 16.302038219193420332
40959.71854985589016 16.29565735126886139
40959.943288814087282 16.289161174170192936
40960.170293911360204 16.282629642724067764
40960.399775072371995 16.276058012527940377
40960.631942221181816 16.269441686572271522
40960.867009567831701 16.262776100813642444
40961.105196062155301 16.256056721820545619
40961.346732325422636 16.249278864215508378
40961.591865663955105 16.242437568672240644
40961.840858903051412 16.235527656919412465
40962.093994402275712 16.228543644715063721
40962.351577014160284 16.221479689462135809
40962.613947600410029 16.2143292562133432
40962.881490980740637 16.20708495097050772
40963.140239268628648 16.200124534032163126
40963.391993377015751 16.193395883093639753
40963.638334163377294 16.186853970421964277
40963.880626110643789 16.180460540897520616
40964.120032743987394 16.174183504876790352
40964.357563704179483 16.167995537057485933
40964.594112564642273 16.161872969703203751
40964.830494284171436 16.155794738571188418
40965.067188484521466 16.149748859413197266
40965.304870011656021 16.1437187338128183
40965.544290590594755 16.137686299640549237
40965.78618959315645 16.131634338586977151
40966.026168147785938 16.125673344227610784
40966.263411755986453 16.119822579177064625
40966.498071433445148 16.114077158798252754
40966.730300118106243 16.108432247402369342
40966.960247144314053 16.102883192707558635
40967.18805647456611 16.097425564761135064
40967.413867651295732 16.092055128577381851
40967.637817471506423 16.086767800796575756
40967.860041758496664 16.081559605842404181
40968.080676874044002 16.076426639938414809
40968.299860941900988 16.07136504334689775
40968.517734869637934 16.066370978464515673
40968.73444323836884 16.061440611937655376
40968.950135128630791 16.056570099121302064
40969.1649640511896 16.051755589365004795
40969.379076054006873 16.046993493228189465
40969.592637902504066 16.042279856545139438
40969.805824550698162 16.037610651385158178
40970.018820426041202 16.032981755309339889
40970.231819167587673 16.028388965282317713
40970.444925619987771 16.023830094159755788
40970.658354064617015 16.019300705574440968
40970.872333981787961 16.01479618363686086
40971.087141130155942 16.010311100718777055
40971.303078641554748 16.005839648630544758
40971.520452279910387 16.001376170428379453
40971.739596967709076 15.996914627913747964
40971.960880668972095 15.992448552932506445
40972.184708863765991 15.987970992414780369
40972.411529153396259 15.98347445743687878
40972.641834797992487 15.978950900453385842
40972.876166927795566 15.974391724982980989
40973.105988845178217 15.969962835181737759
40973.331232892291155 15.965662979710124603
40973.55208867341571 15.961486065240412913
40973.76892305475485 15.957422873404087937
40973.982241436853656 15.953461920125647566
40974.192655016820936 15.94959015891062748
40974.400855236221105 15.945793517472150569
40974.607593037835613 15.94205732207706383
40974.813661208689155 15.938366648274984172
40975.019804090443358 15.934707941003615872
40975.226507014172967 15.931072657047602448
40975.434576840307273 15.927446985797349299
40975.644789470672549 15.923818168330498679
40975.857872513086477 15.920174774099219661
40976.074469765000686 15.916507270020160192
40976.29510843634489 15.912808509762925269
40976.520164015317278 15.909074227556539327
40976.74982564777747 15.905303483433851142
40976.984075910506363 15.901498833044154679
40977.222680718979973 15.897666305702255585
40977.465201481252734 15.893815011828797523
40977.711045593379822 15.889956158693388844
40977.959537292721507 15.886101804843704599
40978.209995374985738 15.882263589453497588
40978.461800389930431 15.878451710003249175
40978.714437298360281 15.874674343580545965
40978.966436714748852 15.870953279826307991
40979.215782640771067 15.867317141217716525
40979.463928816425323 15.86374344027578509
40979.712120143572974 15.860213702474485586
40979.961020325077698 15.856718455944122326
40980.211911303777015 15.853240183352973247
40980.463954183367605 15.849791111633356522
40980.715705641472596 15.846390969728693321
40980.967179510873393 15.843039163592774088
40981.218394625735527 15.839735043393281089
40981.469376801411272 15.836477882318625632
40981.720156680850778 15.833266909905516329
40981.970774700428592 15.830101253701640118
40982.221284913524869 15.826979900058280037
40982.471755847182067 15.823901694859069167
40982.722261308794259 15.8208654658635961
40982.972874778046389 15.817870093037390333
40983.223722503127647 15.814913886304701407
40983.474959107254108 15.811994910064923303
40983.72677002751152 15.809110977852125046
40983.979374308160914 15.806259645246118595
40984.233028658280091 15.803438191475533969
40984.488024602338555 15.800643680151338799
40984.744688382379536 15.797872987897271457
40985.003387122953427 15.795122767155172383
40985.26451295473089 15.792389644503321833
40985.528484102753282 15.789670230701217335
40985.789426556621038 15.787024675885140468
40986.046216328039009 15.784462321228000192
40986.299120314113679 15.781978296044302468
40986.548399602063 15.779568006649364875
40986.794307109703368 15.7772271444057548
40987.037087924189109 15.774951667553798629
40987.276979925656633 15.772737781694596393
40987.5142142929908 15.770581922707874512
40987.749014841894677 15.768480751293175501
40987.981600409992097 15.766431121044092833
40988.212184392759809 15.764430073648783903
40988.440974781544355 15.762474830027935369
40988.668179799176869 15.760562735291886227
40988.893999826352228 15.75869132124580041
40989.11863356106187 15.756858247887684854
40989.34227860809915 15.755061294375833469
40989.56513288457063 15.753298344353025229
40989.787375199644885 15.751567533512652375
40990.009214403638907 15.74986686180807105
40990.230859154667996 15.748194435839256045
40990.452520939972601 15.7465484444769519
40990.674320940139296 15.744927833760121061
40990.896497143607121 15.743330775557156542
40991.119299764817697 15.741755468708738874
40991.342994428669044 15.740200123039015168
40991.567864020827983 15.738662954911031733
40991.794217129550816 15.737142140490407272
40992.022392751176085 15.735635799766081178
40992.252760289244179 15.734142014609016513
40992.485732129724056 15.732658768150152184
40992.721793259319384 15.7311837884507284
40992.958469890669221 15.729732994195920526
40993.194363024740596 15.728314736326749923
40993.429356367312721 15.726929227737104
40993.66329704150121 15.725576844987534386
40993.896005188325944 15.724258055109380905
40994.127286641371029 15.722973332713447547
40994.356949086308305 15.721723067329396173
40994.584817150127492 15.720507487318581497
40994.8107458998129 15.719326601735707172
40995.034630315480172 15.718180170763275783
40995.256411657494027 15.71706769674370463
40995.476079271946219 15.715988440320950659
40995.693668653279019 15.714941454372741703
40995.909256819570146 15.713925628183886829
40996.122956041908765 15.712939735426855847
40996.334906718184357 15.711982481525488708
40996.545270073751453 15.711052547107698274
40996.75422038682882 15.710148629009182741
40996.961942857560643 15.709269453139503625
40997.168627022430883 15.708413804405696013
40997.374463288004335 15.707580540609759723
40997.579640617848781 15.706768600116934209
40997.784344478495768 15.705977007492743169
40997.988757755178085 15.705204867175273975
40998.193055630596064 15.704451379851574799
40998.397382171082427 15.70371592135023775
40998.601844521319435 15.702998048300347733
40998.806602183249197 15.702297179725704268
40999.01180847514479 15.701612812396204433
40999.217610799627437 15.700944516931251371
40999.424147723104397 15.700291944108661468
40999.631548984390975 15.699654820880470041
40999.839931505550339 15.699032958241867064
41000.049394935987948 15.698426258402985667
41000.260022234033386 15.697834705727842675
41000.471877488256723 15.697258365380010403
41000.685002630125382 15.696697383671756043
41000.899414655163127 15.696151985359101388
41001.115104470511142 15.695622465478084706
41001.332035496758181 15.695109181058294112
41001.550143861844845 15.694612538457571205
41001.769340930579347 15.694132975720545886
41001.989517468966369 15.693670942889600184
41002.210549488008837 15.693226881230170733
41002.432305544352857 15.692801202874793631
41002.654655206344614 15.692394272341081418
41002.877336176316021 15.692006632375267827
41003.099709213594906 15.691639339157571698
41003.321864177734824 15.691292116219543118
41003.543889076507185 15.690964723710560946
41003.765868223752477 15.690656959708530138
41003.98786549718352 15.690368679308196675
41004.209936012972321 15.690099771802326956
41004.432156256960297 15.68985012414813518
41004.654601361427922 15.689619652703704844
41004.877343877684325 15.689408303609964079
41005.100454710576741 15.689216050802022195
41005.324003389359859 15.689042895019360557
41005.548058295120427 15.688888863013948693
41005.772686852957122 15.688754006919465311
41005.997955693936092 15.688638403761517637
41006.223930791769817 15.688542155084832075
41006.450677579014155 15.688465386678771551
41006.678261047403794 15.688408248389199784
41006.906745934058563 15.688370913991372291
41007.136196867824765 15.688353581183982044
41007.366678162798053 15.688356471660018343
41007.598253839641984 15.688379831121295638
41007.830987843932235 15.688423929369090359
41008.06494408351864 15.688489060471882297
41008.300185126608994 15.68857554242076624
41008.536773991574591 15.68868371765794123
41008.774776098201983 15.688813954671676498
41009.014258981529565 15.688966649147470633
41009.255285704690323 15.689142220120700699
41009.497915720072342 15.689341108991344598
41009.742211040473194 15.689563784084970877
41009.988233322103042 15.689810739085279678
41010.236042224547418 15.690082491337472348
41010.485695692521404 15.690379581618678628
41010.737250198268157 15.690702574012231452
41010.990759858039382 15.691052054312951469
41011.246275690369657 15.691428628141476764
41011.50313115001336 15.691831764087821099
41011.761276310069661 15.692261734610571722
41012.02101348357246 15.692719432856881312
41012.282664848979039 15.693205909599898362
41012.546572597988416 15.693722384955531624
41012.813097972320975 15.694270258457050815
41013.082623483656789 15.694851126257091778
41013.350262279185699 15.695454598131973967
41013.614740497912862 15.696077028371652418
41013.876046001700161 15.696717435940588103
41014.134219281215337 15.697374985186707264
41014.389353812599438 15.698049011584844337
41014.641591310559306 15.69873903255370351
41014.891117989864142 15.699444757688119978
41015.138156449960661 15.70016608329157215
41015.382960348324559 15.700903090512948523
41015.625769403406593 15.701655915559328491
41015.861045522062341 15.702406106955152154
41016.089649452420417 15.703154550160956404
41016.31235256994114 15.703902172626129641
41016.529910902318079 15.704650145138247197
41016.742937406510464 15.705399405478496888
41016.951972158720309 15.706150844791713084
41017.157492499281943 15.706905307871563693
41017.359921020935872 15.707663592436036382
41017.559621871128911 15.708426408862242951
41017.756928415496077 15.709194463086898708
41017.952139875742432 15.709968428612137714
41018.145526952335786 15.710748954462061988
41018.337368281012459 15.711536803940688856
41018.527893585705897 15.712332616243756434
41018.717325019781129 15.713137064974086243
41018.905874189411406 15.713950841532753344
41019.093747899052687 15.714774676057469804
41019.281159182377451 15.71560938467013635
41019.468302239321929 15.716455756969166302
41019.655369956686627 15.717314630337007486
41019.842503096610017 15.718186650861413867
41020.029872372528189 15.719072646376588409
41020.217695577943232 15.719973719644537269
41020.406206692285195 15.720891113463826727
41020.595660356826556 15.721826239049647711
41020.786335871314805 15.722780704171881894
41020.978546157311939 15.723756368760165358
41021.172651385953941 15.724755429026146203
41021.36907964097918 15.725780545180990444
41021.568357626601937 15.726835032850475571
41021.771154302172363 15.727923139814516063
41021.977789361517353 15.729047413501186625
41022.183312677356298 15.730181238792468434
41022.387873754552857 15.731325214815839786
41022.591621664010745 15.73247998496597333
41022.794706450615195 15.733646244446726215
41022.997254935326055 15.73482459860877114
41023.199421694123885 15.736015856302451255
41023.401363057739218 15.737220883968557672
41023.603240041782556 15.738440624022976166
41023.805167751481349 15.739675785245733408
41024.007282105318154 15.740927241314077278
41024.209756274613028 15.742196142407017589
41024.412768640599097 15.743483725071676815
41024.616502575474442 15.744791313221490725
41024.821145553316455 15.746120314812728225
41025.026886950152402 15.747472209615724026
41025.233915307944699 15.748848532552644386
41025.442414342411212 15.750250847417818889
41025.652557575187529 15.75168070943559151
41025.864502196323883 15.753139620010752964
41026.063674313169031 15.754526004382132243
41026.252628225884109 15.755855068911019501
41026.433636616209697 15.757140870687001311
41026.608396059331426 15.758394019665637131
41026.778188388758281 15.75962260933488146
41026.944015993678477 15.76083304475974245
41027.106653692972031 15.762030319781814569
41027.266710953059373 15.763218399114931501
41027.424675856949762 15.764400491342328792
41027.58094426907337 15.765579228826741343
41027.73584272669541 15.766756812095920282
41027.889647064403107 15.767935130738763405
41028.042597699066391 15.769115865747547645
41028.194908445424517 15.770300547197823704
41028.346774203600944 15.771490606454975136
41028.498377529263962 15.772687422428210979
41028.649893092107959 15.773892353420839285
41028.801450571751047 15.775106436507092766
41028.953174980772019 15.776330701037352355
41029.10523640440806 15.777566573099754521
41029.257806528366928 15.778815531790096216
41029.411059099671547 15.780079113857130579
41029.565174009971088 15.781358948819676158
41029.720340014187968 15.782656784221899215
41029.87675821211451 15.783974518487903893
41030.034645106214157 15.785314231646397687
41030.194238403717463 15.786678240991426136
41030.35579858685378 15.788069122694018631
41030.519611274256022 15.789489741359282959
41030.68599620860914 15.79094333916133408
41030.855313442269107 15.792433604458819829
41031.027970307186479 15.793964750852675039
41031.204428945471591 15.79554160541352914
41031.385214376357908 15.797169706599444083
41031.570921182086749 15.79885539525379734
41031.76222564339696 15.800605961468299654
41031.959896332897188 15.802429786309794224
41032.164797714438464 15.804336427922356378
41032.377895364319556 15.806336730680957459
41032.60025011083053 15.808442838802559294
41032.83299931325746 15.810668091882774888
41033.077322215955064 15.813026764815436565
41033.333866133885749 15.815528511451505622
41033.592736602608056 15.818078992133614236
41033.854144513083156 15.820681007152161968
41034.113386598946818 15.823287777311096036
41034.361150300741429 15.825803594426007592
41034.600111245053995 15.828252655945830085
41034.832564599106263 15.830656316636734005
41035.060514834338392 15.833033780141990476
41035.285756405181019 15.835402773971461343
41035.509943615281372 15.837780172851951832
41035.734391814396076 15.840179788995650156
41035.96012794743001 15.842612767498426507
41036.18869676347822 15.845096257374981619
41036.42167705688189 15.847648326789041562
41036.660725923975406 15.85028848742718921
41036.907617149758153 15.853038188042397394
41037.164268735003134 15.855921220423210727
41037.430071188624424 15.858933431581311524
41037.694989186507883 15.861962245891286116
41037.959065705937974 15.865007805217981485
41038.222392303192464 15.868070835011041098
41038.480751765113382 15.871101342760425723
41038.732484086518525 15.874078086981329605
41038.978831946791615 15.877013980193433795
41039.220825535885524 15.879919876142999158
41039.459342744085006 15.882805180801927492
41039.695151142099348 15.88567828161901474
41039.92893766319321 15.888546853098507228
41040.161328357789898 15.891418058528611112
41040.392930354704731 15.894299041701982489
41040.624313654116122 15.897196685726653342
41040.855882339674281 15.900115965521763428
41041.088127416362113 15.903063095976275321
41041.321697836901876 15.906046477430683339
41041.557326593181642 15.909075808173303912
41041.795877607321017 15.912162729888917667
41042.038408525411796 15.915321707263558437
41042.286265261587687 15.918571361891943994
41042.54123330010043 15.92193661521512027
41042.796994732001622 15.925335005018400381
41043.050963783534826 15.92873192052494602
41043.303274940713891 15.932128588038105832
41043.554065774267656 15.935526329141621815
41043.803472583815164 15.938926501114378809
41044.051618911929836 15.942330337077887492
41044.298575488406641 15.945738385085135747
41044.544281877781032 15.949149394511486832
41044.788547649804968 15.952560278765071544
41045.031229459869792 15.95596855793387725
41045.272309712330753 15.959373493323480986
41045.511847647219838 15.96277544129028847
41045.749934567640594 15.966175241933990847
41045.986674781459442 15.969573956417169924
41046.222198226954788 15.972973053737398175
41046.456611640154733 15.976373709149768843
41046.690022923656215 15.979777150790566154
41046.922540715277137 15.983184652957616478
41047.15427432769502 15.986597534709780177
41047.385333836253267 15.990017160674959484
41047.615829986170866 15.993444939239996216
41047.845847910677548 15.996881928487862723
41048.075499979997403 16.000329621858018214
41048.30489936194499 16.003789557483443673
41048.534160876413807 16.007263330893525932
41048.763381615215621 16.010752299411958433
41048.992642526762211 16.014257599896900786
41049.222057038692583 16.017780891265729792
41049.451760359101172 16.0213241997884559
41049.681875988317188 16.024889406078138165
41049.91253858343407 16.028478597313252862
41050.143888421574957 16.032093983936448467
41050.37606338277692 16.035737775135945782
41050.609204416541616 16.039412264122514529
41050.843456540314946 16.043119844773102045
41051.078970417707751 16.046863037948178032
41051.31590555638104 16.050644544384745416
41051.554428229675977 16.054467214175495826
41051.794708150591759 16.058333995355578594
41052.036922811254044 16.062248005349967883
41052.281259843017324 16.066212572037034789
41052.527917091902054 16.070231238533839502
41052.777103766704386 16.074307785692500516
41053.029041885994957 16.078446260087151387
41053.28396795775916 16.082651006558595697
41053.542134972194617 16.086926706790627861
41053.803814660095668 16.091278423307819878
41054.069300140057749 16.095711651127796671
41054.338909100471938 16.100232379763724566
41054.612987541004259 16.104847166328465136
41054.891914245068619 16.109563223001817533
41055.166040213152883 16.114217263842913752
41055.435509586161061 16.118810615653167417
41055.700930693368718 16.123352635615162853
41055.962894962642167 16.127852577995149375
41056.221982414936065 16.13231967460280103
41056.478764827304985 16.136763178359164073
41056.733808383425639 16.141192400374329452
41056.987675741554995 16.145616738935650858
41057.240925115831487 16.150045657926487053
41057.494103310658829 16.154488559547313997
41057.74752014263504 16.158950799485378269
41058.001640127746214 16.163440546605208681
41058.256935420409718 16.167966216608242291
41058.513834961086104 16.172535567645329735
41058.772697680353303 16.177155208348018789
41059.033783784674597 16.181830062260523562
41059.29722515870526 16.186562806220429422
41059.563007594064402 16.191353511508037144
41059.830956959653122 16.196199349685450386
41060.100739837987931 16.201094556046452766
41060.371880992635852 16.206030700082695972
41060.643801425321726 16.210997339193230715
41060.915736055001616 16.215980477262110782
41061.186901195222163 16.220965594872193805
41061.456773636185972 16.225942802180078672
41061.724935649312101 16.230904046354044823
41061.991080667816277 16.235843250421858386
41062.255010277047404 16.240756291160288072
41062.516618484994979 16.245640737017907895
41062.775875214138068 16.250495565073052262
41063.032806731884193 16.255320814012470976
41063.287479712867935 16.26011729850728571
41063.539988540731429 16.264886379231047187
41063.790445806698699 16.269629789160493516
41064.038975540759566 16.274349508689940791
41064.285708580704522 16.279047679330673759
41064.530779458298639 16.283726544986446783
41064.774324570622412 16.288388416930153824
41065.015810707576748 16.293022770688750711
41065.255840010278916 16.297640853656133686
41065.495212059329788 16.302257847055447115
41065.734028763930837 16.306875581242181283
41065.971997529071814 16.311488251057756571
41066.209250901643827 16.316098268227428036
41066.445920316546108 16.320708049278636054
41066.682136302275467 16.325320018837938818
41066.918028630898334 16.329936611942208913
41067.153726354576065 16.334560274208161701
41067.389357784639287 16.339193460917979195
41067.625023907305149 16.343838112002746499
41067.860814852785552 16.348495971277799299
41068.09685723875009 16.353169522251082668
41068.332478735042969 16.357845398179833296
41068.567464037892933 16.362519211815556019
41068.801747571043961 16.367189526280878198
41069.035258642397821 16.371854791774751448
41069.267935033865797 16.376513617047930182
41069.49974875737098 16.38116528885347023
41069.730655599647434 16.385808763792375942
41069.960590226583008 16.390442566155865478
41070.189547664180282 16.395066430851326089
41070.417549259640509 16.399680626736380162
41070.644654204515973 16.404286196039823409
41070.870900278656336 16.408883756738205761
41071.096368646518386 16.413474818688442269
41071.321163713226269 16.418061380937480465
41071.545385390971205 16.422645368636946017
41071.769144721802149 16.427228952187508781
41071.992558793179342 16.431814444752774307
41072.215874473899021 16.436406850261558787
41072.439303960098187 16.441010497189122219
41072.663145821185026 16.445631532597367652
41072.887828677921789 16.450278843293354214
41073.113880537785008 16.454963445371106445
41073.341959154575306 16.459699135106337309
41073.572892516276625 16.464503358773466601
41073.807736204304092 16.469398445618509186
41074.047836511199421 16.474412977714344208
41074.294904279093316 16.479583404456906948
41074.543831424227392 16.484803339774387609
41074.78877693166578 16.489950116363157662
41075.029967509362905 16.495027966491100813
41075.267617705445446 16.500040914761921584
41075.501936652784934 16.504992916402951408
41075.733176788577111 16.509888886911294748
41075.961568607599474 16.514733323476054494
41076.187338022464246 16.519530668297321085
41076.410728569586354 16.52428577931149789
41076.631992886665103 16.52900375014685963
41076.851431550610869 16.533690740653543827
41077.069325533768279 16.538352537882790472
41077.285978729771159 16.542995463417241808
41077.50170634999813 16.547626127022976306
41077.716843925496505 16.552251621328412767
41077.931749524752377 16.556879572290796432
41078.146746151214757 16.561516898941839315
41078.362128033033514 16.566169942831326267
41078.578371965137194 16.570849039443771744
41078.796037461215747 16.575566383778351565
41079.015804196809768 16.580336858267603617
41079.238523311898462 16.585179170785920633
41079.465299648494693 16.590117678964073633
41079.697610634764715 16.595185034511992228
41079.933499348051555 16.600339009071465313
41080.170916596405732 16.605535072009256936
41080.410201675724238 16.610780798357382082
41080.651732764665212 16.616084667622953219
41080.895932151048328 16.62145618657721613
41081.143296343987458 16.626906562339240025
41081.394414872374909 16.632449132810350534
41081.65000392508955 16.638100130604946969
41081.910951804624347 16.643879717828266251
41082.176946062550996 16.649781535845310287
41082.438467319028859 16.655594355828025499
41082.695740938615927 16.661322632415505041
41082.949069165188121 16.666972583698324684
41083.19876765825029 16.672550784332624829
41083.445208843884757 16.678065136364836007
41083.68878264023806 16.683523996080829477
41083.929895249122637 16.688936147529400245
41084.168963158357656 16.694310668179408452
41084.406393317112816 16.699656481972038335
41084.642578782317287 16.704982257715631278
41084.877893597367802 16.710296289575083506
41085.112690598223708 16.71560644309736432
41085.344977793924045 16.720867485023504173
41085.573412852252659 16.726048670502859039
41085.798938808511593 16.731171033783947877
41086.022324549179757 16.736251771285161283
41086.244204865615757 16.741305123176950076
41086.465125575006823 16.746343379766777559
41086.68558610934997 16.75137783938521352
41086.906045576295583 16.756418938879754421
41087.126730582640448 16.761471843733414033
41087.348071952204918 16.766546431699442365
41087.570499264031241 16.771652603507938295
41087.794443423692428 16.776800341801870076
41088.020355068940262 16.782000135475342972
41088.248712537242682 16.787263166879732523
41088.479997506154177 16.792600754254458195
41088.714702376964851 16.798024524028008386
41088.953340401676542 16.80354664831116196
41089.196476998258731 16.809180575958354353
41089.444758198784257 16.814941703549845187
41089.697193310588773 16.820807457515545735
41089.945445041797939 16.826584066952843699
41090.189555694225419 16.832272077340313388
41090.429732860036893 16.837875908943104264
41090.666317065122712 16.843403124878335575
41090.899742504574533 16.848863530278830325
41091.130501987463504 16.85426836232300829
41091.35912108024786 16.859629689655484697
41091.586108629220689 16.864959252420284486
41091.812000368539884 16.870269483703239644
41092.037330220526201 16.875572835871565758
41092.262627872492885 16.880881721946156659
41092.488174758371315 16.886202753933130083
41092.71448193040851 16.891548001563290171
41092.942086958391883 16.896930218308817473
41093.17157369004417 16.902363313142348744
41093.403569356021762 16.907862288654310845
41093.638737463516009 16.913443079155420889
41093.877823476264894 16.919123643049058359
41094.12168670175015 16.924924735456976066
41094.371337788681558 16.930870821231817303
41094.627985737875861 16.936991223332896084
41094.893093979830155 16.94332149895412698
41095.168445054674521 16.949905035876550841
41095.450091747392435 16.95664819533820733
41095.723109983358881 16.963193499216696836
41095.988751015145681 16.969570137850361391
41096.247934415237978 16.975799506432302621
41096.50140578054561 16.981898942291056898
41096.74983103662089 16.987883965687714749
41096.993850376777118 16.993769564661512561
41097.234113824313681 16.999571045974246175
41097.471253839568817 17.0053033698137952
41097.705909339412756 17.010981725530420761
41097.938688482208818 17.016620627522812015
41098.170229791263409 17.022235391884759537
41098.401170241239015 17.027841363179788914
41098.632129756064387 17.033453535829753633
41098.8634374059111 17.039079887522859735
41099.095730566412385 17.044735938909390427
41099.329667302779853 17.050437777554968477
41099.56593871453515 17.056202361815788748
41099.80527921338944 17.062047776499287721
41100.048471068454091 17.067993350368997341
41100.296373139171919 17.074060367236910452
41100.549952472407313 17.080272852467391687
41100.810316595241602 17.08665838261406833
41101.077089628721296 17.09320821666898027
41101.339863303568563 17.099666858051300267
41101.598849117028294 17.106039150065686982
41101.854246436210815 17.112329667528868526
41102.106222737136704 17.118542226526862748
41102.354964102938538 17.12468112629913719
41102.600650071995915 17.130750528869530314
41102.843456202113885 17.136754520750919539
41103.083553757423942 17.14269710385265455
41103.321112101097242 17.148582253483041882
41103.556299728668819 17.154413943016720623
41103.789285046739678 17.160196162434480982
41104.020236977128661 17.165932932674063949
41104.249325261436752 17.171628312644781289
41104.476720828155521 17.177286407875932639
41104.702596498085768 17.182911387677197723
41104.92712678173848 17.188507479777296538
41105.150488324426988 17.194078981133262829
41105.372860525509168 17.199630273173013961
41105.594426382594975 17.20516584276330363
41105.815372039214708 17.210690270873236329
41106.035888264726964 17.216208269581226631
41106.256171582354 17.221724710466318697
41106.476425157728954 17.227244647151813695
41106.696776078490075 17.232771240190086104
41106.917419349119882 17.238309365237650894
41107.138582317515102 17.243864725441476082
41107.360508280449721 17.249443442047660113
41107.583458135377441 17.255052097324504956
41107.807713903515832 17.260697824838416636
41108.03358335752273 17.266388428013389245
41108.261405609133362 17.272132523485879574
41108.491558181965956 17.277939722661560751
41108.719746535483864 17.283701647548895153
41108.943074281516601 17.289344944211862298
41109.162308075683541 17.294888715226399256
41109.378093270133832 17.300349054578791907
41109.590954251238145 17.30573904263791718
41109.801373199552472 17.311070729976819393
41110.00979527275922 17.31635526363541544
41110.216629258873581 17.321602899323739422
41110.422257912272471 17.326823259903338936
41110.627046513553069 17.332025549980265566
41110.831350544831366 17.337218749010649077
41111.035523073616787 17.342411797861938538
41111.239817174777272 17.347611114070481619
41111.444545201695291 17.352824640973551595
41111.650094559998251 17.358062254135127489
41111.856866554473527 17.36333420731047994
41112.065297126828227 17.368651662670387736
41112.275864063492918 17.374026877577200878
41112.489106533706945 17.379473707236801516
41112.705642045431887 17.385008043375876241
41112.9261745673939 17.390648028843681772
41113.151513241427892 17.396414544526138002
41113.382593702233862 17.402331765471785729
41113.620502600606414 17.408427802091001269
41113.866505673293432 17.414735435998441204
41114.113784803972521 17.42108005778888824
41114.359344207616232 17.427384759962816219
41114.603784471684776 17.43366485955172962
41114.847677070603822 17.439934966802422167
41115.091573421974317 17.446209214731045023
41115.335749827201653 17.452494688953397173
41115.580758006763062 17.458805589777718126
41115.8271640983221 17.465156525143743949
41116.07556448624382 17.471562919928537383
41116.326603677000094 17.478041479821577298
41116.580995235541195 17.484610736257501173
41116.839552093137172 17.491291835969001056
41117.103205813888053 17.498109048416399247
41117.369700620627555 17.505004211546378201
41117.637411076510034 17.51193533619077769
41117.906613444218237 17.518909606956341918
41118.177593710250221 17.525934478642582803
41118.450649298851204 17.533017721433900249
41118.726092358177993 17.54016750712624173
41119.00057591440418 17.547296954777365841
41119.272929741389817 17.554375554869423581
41119.543928151448199 17.561423310435053224
41119.814291721631889 17.568458877571771382
41120.084634955259389 17.575498196497964187
41120.355328745194129 17.582550897694975589
41120.627034980941971 17.589634223508845423
41120.900456057039264 17.596766514287928374
41121.176328882880625 17.603967054809402271
41121.455449261426111 17.611256713774402272
41121.73560624106176 17.61857781251633881
41122.011471367681224 17.625790995562727659
41122.283184541563969 17.63289969387892242
41122.550887238772702 17.639907394328773194
41122.814721652735898 17.646817616659227212
41123.074828555727436 17.653633856880368569
41123.331349852131098 17.660359653550237624
41123.584423867461737 17.666998463690699595
41123.834175182288163 17.673553395151820666
41124.07467322408047 17.679868527890768348
41124.307160755597579 17.685976150915955429
41124.533022205723682 17.691912352309156375
41124.753369591970113 17.697706131042792776
41124.969090636877809 17.703380642618700591
41125.180913478397997 17.708954886634394654
41125.389431223891734 17.714444342439094271
41125.595154306589393 17.71986233955633594
41125.798520044714678 17.725220304124288617
41125.999912376551947 17.730528274540823475
41126.199665585780167 17.735794996360954912
41126.398085386128514 17.741028475562899303
41126.595451927947579 17.746236056090570088
41126.792016302220873 17.751424326007111176
41126.988014864757133 17.756599494143987528
41127.183670466722106 17.761767421708785974
41127.379177068367426 17.766933214870981317
41127.57471747638192 17.772101692209123058
41127.77042585878371 17.777276392786628634
41127.966508798745053 17.782462776282958572
41128.163171229782165 17.787666266193134845
41128.360618879647518 17.79289231438859531
41128.559060702151328 17.798146465510551906
41128.758711475631571 17.803434425928120532
41128.959794585716736 17.808762137739094555
41129.16254703811137 17.814135912054180011
41129.367220956853998 17.819562469378912084
41129.573530417088477 17.825034266572160391
41129.779213905523648 17.830491325950955428
41129.984318992843328 17.835934882465110718
41130.188897075669956 17.841366274655928947
41130.393003538003541 17.846786949072509287
41130.59669778074749 17.852198461189580314
41130.800042954040691 17.857602468424612852
41131.003105878204224 17.863000728154872832
41131.205956228739524 17.868395076155309198
41131.408665714254312 17.873787404806119383
41131.61130730365403 17.879179642564956509
41131.813951885211281 17.884573665027772904
41132.01663932356314 17.889970524032548838
41132.219442102104949 17.895372141707078129
41132.422429860918783 17.900780366830058909
41132.625669194749207 17.906196969298690647
41132.829222482025216 17.911623608753618697
41133.03314749821584 17.917061824069897114
41133.237497040965536 17.922513023147676137
41133.442318066459848 17.927978459643536979
41133.647651256949757 17.933459221173677633
41133.853530812913959 17.938956223497818598
41134.059984363702824 17.944470207856923594
41134.059984363702824 17.944470207856923594
41134.059984363702824 17.944470207856923594
41134.059984363702824 17.944470207856923594
41134.059984363702824 17.944470207856923594
41134.059984363702824 17.944470207856923594
41134.267033174422977 17.95000174623005762
41134.474692378011241 17.95555124727624019
41134.682971384252596 17.961118967022709825
41134.891874384928087 17.966705022144022763
41135.101401507075934 17.972309420607345487
41135.311549447113066 17.977932078480929334
41135.520900870527839 17.983535061617050843
41135.727673350367695 17.989070616590215224
41135.932155013848387 17.994546391347011394
41136.134653806038841 17.999970574742732765
41136.335488080658251 18.005351644743836204
41136.53497872861044 18.010698157453969515
41136.733443258366606 18.016018588167458603
41136.931191812815086 18.021321224146131357
41137.128524889456457 18.026614102967922548
41137.325732455632533 18.031904988258371958
41137.523017719518975 18.037199323232684378
41137.720591514618718 18.042502761469108918
41137.918719657485781 18.047822438802281653
41138.117660815078125 18.053165306265402279
41138.317669082229258 18.058538199049511519
41138.518996118873474 18.063947893759713992
41138.721893388050376 18.069401168487864595
41138.926615126394609 18.074904882691363639
41139.133420994585322 18.080466048604762364
41139.342578714509727 18.086091902419909161
41139.554360557391192 18.091789810135765038
41139.769050041322771 18.097567448074102003
41139.986950527578301 18.103433034816955427
41140.208382594915747 18.109395261324134907
41140.433686232216132 18.115463350776604301
41140.663222894967475 18.12164711488749802
41140.897397056731279 18.127957535766107355
41141.136651149507088 18.134406631400437959
41141.379832281738345 18.140963413757074107
41141.626189892391267 18.147607712746161468
41141.875999487310764 18.154347020377947786
41142.129563142327243 18.161189554179113514
41142.387212861474836 18.168144348975221902
41142.64927437544975 18.175220280574567511
41142.909415437999996 18.182246384527303462
41143.166073079300986 18.189180368179346914
41143.419954016535485 18.196041237896100284
41143.671709731446754 18.202846529701517397
41143.921946179012593 18.209612568885955142
41144.171218640789448 18.216354328427499354
41144.420095129673427 18.22308714214137737
41144.66904983814311 18.229823821052839605
41144.918416325752332 18.236573382566081847
41145.16872323059215 18.243350135516894994
41145.420500953863666 18.25016845098981122
41145.674290340866719 18.257042997428509779
41145.930649865898886 18.263988935635335764
41146.190162097533175 18.271022094639260303
41146.45343874914397 18.278159109548123951
41146.7211232407426 18.285417492185903399
41146.993890820718661 18.292815635756941361
41147.27244865562534 18.300372818752546067
41147.556155895770644 18.308071754331702863
41147.840390428937098 18.315787054565955572
41148.122984150984848 18.323459836347943508
41148.404024306320935 18.331092414961275949
41148.683598610485205 18.338687121786406919
41148.961796722367581 18.346246344221665225
41149.238711421065091 18.353772557643225127
41149.514439655220485 18.361268353946066156
41149.789083404895791 18.368736465008090875
41150.062749127595453 18.376179747648276219
41150.335550113741192 18.383601247743388996
41150.607605190394679 18.391004165077593058
41150.87903951320186 18.398391874965074777
41151.149984468735056 18.405767925685520225
41151.420576586649986 18.413136008956964673
41151.690957797480223 18.420499967020226961
41151.961274456014507 18.427863766100518461
41152.231640921643702 18.435230504005303942
41152.502169724713895 18.44260323132823487
41152.773015937891614 18.449986160967704052
41153.04433726175921 18.457383580910523335
41153.316293609706918 18.464799842903069305
41153.589046709166723 18.472239351555760578
41153.86275976253819 18.47970655506610882
41154.134063292542123 18.487109500495336079
41154.400146925399895 18.494371423542975919
41154.661870784395433 18.501515706967808228
41154.920066398168274 18.508564973231486306
41155.175543498124171 18.515541268214139592
41155.42914918945462 18.522467675887355654
41155.681803561907145 18.529369291197209435
41155.93452142363094 18.536273814884157929
41156.188012323014846 18.543200624467555571
41156.443792414975178 18.550191156964707773
41156.702241135433724 18.557255802117165189
41156.960081105869904 18.564304972897584634
41157.217989485303406 18.571357164172432874
41157.476412809104659 18.578424575270503283
41157.736142070345522 18.585528835844083773
41157.998033780961123 18.592693381611969272
41158.249935257314064 18.599585688265442229
41158.492813377233688 18.606232079944579283
41158.728369530523196 18.612679007306095258
41158.957920377339178 18.6189624200734265
41159.182512613937433 18.625110899684909072
41159.402993226511171 18.631147576586862158
41159.62007424197509 18.637091898899310394
41159.834357205829292 18.642960299781282885
41160.046369080213481 18.648767178344957784
41160.256576385450899 18.65452528543168853
41160.465400124012376 18.660246131209870413
41160.673226537190203 18.66594027894960206
41160.880415864899987 18.67161758433618246
41161.087309507369355 18.677287391186712995
41161.294219660449016 18.682958246951553605
41161.501322241078014 18.68863496709444405
41161.708934743372083 18.694326250344815321
41161.914870419946965 18.699972139697358386
41162.119757577202108 18.705589842749709817
41162.324217888795829 18.711196392366268526
41162.528721155729727 18.716804663094279704
41162.733527425814827 18.722421781433176591
41162.939047816085804 18.728059020488302622
41163.14565095063881 18.733726491860238639
41163.353677085353411 18.739433532533698923
41163.563447662949329 18.745188966628603566
41163.775271907776187 18.751001286079993946
41163.989451660534542 18.756878783127760357
41164.206285209540511 18.762829655347228908
41164.426070482200885 18.768862093181166273
41164.649107872908644 18.774984357542692237
41164.875702871249814 18.781204851975868309
41165.106172151987266 18.787532289901875515
41165.340843130004941 18.793975682517316983
41165.580052834025992 18.800544307979194514
41165.824154423702566 18.807247890484223518
41166.073533926624805 18.814097060150650975
41166.328595083992695 18.821102937142175193
41166.589744315002463 18.828276718812784196
41166.857411143028003 18.835630240883261877
41167.132048946419673 18.843175998315672359
41167.412365815056546 18.850878530743614192
41167.694792395050172 18.858639774684561985
41167.981177258057869 18.866510537367041422
41168.265378743228212 18.874322016603283458
41168.545128826241125 18.882011832716912636
41168.82172008856287 18.889615472877611779
41169.089737819587754 18.896984027964524699
41169.350297044176841 18.904148086029824327
41169.605083936381561 18.911153953755253099
41169.855646844443982 18.918044163865875618
41170.103404843153839 18.924857707537420026
41170.349637503757549 18.931629750719245919
41170.595571316735004 18.938394009120717243
41170.84194216580363 18.945170712086000009
41171.089758763468126 18.951987599047566135
41171.340182378153258 18.958876612723866373
41171.594422940819641 18.965871041705050004
41171.853797185016447 18.973007120143787319
41172.11980468728143 18.980326120555265135
41172.394230226389482 18.987877171551172495
41172.679293937093462 18.995721391749523121
41172.96085490850237 19.003469659598636099
41173.239196643531614 19.011129744917671047
41173.514830851760053 19.018715701291878162
41173.788237034910708 19.026240699709049409
41174.05986998249864 19.033717234312621969
41174.329551847884431 19.041140388105777248
41174.595894332953321 19.048471923502834358
41174.859037988702767 19.055715684521320696
41175.119145992946869 19.06287613982053486
41175.376397830426868 19.069958208698992053
41175.630985794894514 19.076967164738523053
41175.883113058087474 19.083908582562983725
41176.132986211057869 19.090788132395221766
41176.380816129800223 19.0976116037760697
41176.626818152522901 19.104384910338197301
41176.871232348232297 19.111114647786010323
41177.114270025369478 19.117806620964078235
41177.356149188250129 19.124466819977431697
41177.597094615797687 19.131101422272990931
41177.83732503902138 19.137716439468015039
41178.077078856746084 19.144318425359550417
41178.316605026295292 19.150914225014673775
41178.556152666526032 19.15751068838195792
41178.795875497860834 19.164112038701400564
41179.036073662580748 19.170726531497845002
41179.277078281287686 19.177363275558100497
41179.519249172524724 19.184032170020778096
41179.762990517527214 19.190744335630039785
41180.008767193270614 19.197512564377728239
41180.257126974276616 19.204351930726325293
41180.508731742069358 19.211280650831671579
41180.764395264210179 19.218321122593678751
41181.025127683227765 19.225501150351075097
41181.292179570104054 19.232855157383653477
41181.559782912961964 19.240224290661590345
41181.826638064223516 19.247572748027803158
41182.092820834681334 19.254902604688133749
41182.35840475569421 19.262215873228509366
41182.623462378061959 19.269514539346811688
41182.88806768014183 19.276800628127098491
41183.15229788441502 19.284076254018071239
41183.416321685661387 19.291346050092123221
41183.680198005327838 19.298611626680802544
41183.943992501765024 19.30587477954464859
41184.207776917690353 19.31313747185459917
41184.471616742586775 19.320401494463851577
41184.735563383452245 19.327668250353703172
41184.999699408908782 19.33494000022767878
41185.26410979697539 19.342219070820821258
41185.528880496160127 19.349507815226591134
41185.794090241899539 19.356808387548948502
41186.058042679913342 19.364074080294479074
41186.318144391407259 19.371233501527083121
41186.57536811153841 19.378313425348721921
41186.830543573742034 19.385336686463286782
41187.084383016568609 19.392322882658650229
41187.337531453369593 19.399289758653111448
41187.590666734344268 19.40625595985526175
41187.844103203759005 19.413230125418820649
41188.094685572345043 19.420125420874633448
41188.340447067857895 19.426887731005095361
41188.582360471358697 19.433543829932688141
41188.821241473684495 19.440116165223088274
41189.05776216382219 19.446623229845339864
41189.292456310125999 19.453079708278412596
41189.525796891051868 19.459498610054744461
41189.758224429067923 19.465892049424788013
41189.990132334918599 19.47227084235377248
41190.221875049399387 19.478644730671124563
41190.453724112609052 19.485021174068013039
41190.685917031929421 19.491406694511969278
41190.918745820526965 19.497809311093313056
41191.152477283132612 19.504236347570135024
41191.387355906168523 19.510694511917929361
41191.623605479879188 19.517189940998353137
41191.861430423487036 19.52372823705465521
41192.101017114124261 19.530314504303454726
41192.342534868104849 19.536953375959264179
41192.585430454120797 19.543629623935292017
41192.826344611537934 19.550250906235035586
41193.065808014733193 19.556831807844073268
41193.304385540308431 19.563387849317781075
41193.542677555684349 19.569935521626035779
41193.78117054948234 19.57648818172629035
41194.020437990126084 19.583061571564705616
41194.261288324705674 19.589677882245574381
41194.504635788485757 19.596362202344295156
41194.75151418747555 19.603142894534975937
41195.003083151990722 19.610051764991432321
41195.260621812849422 19.617123886982504644
41195.525502795171633 19.624396883745887976
41195.799135372268211 19.631909364663709283
41196.082859737885883 19.639698020172264847
41196.375199575872102 19.647722212934013442
41196.67381053873396 19.655917497429314267
41196.97688920947985 19.664234299005684647
41197.279989783564815 19.672550570957326954
41197.583112657986931 19.680866299081451132
41197.8862582324291 19.689181469021544757
41198.189426909251779 19.697496066271128257
41198.491600300811115 19.705782141319982514
41198.779206220497144 19.71366759271046476
41199.05440493766946 19.721211788656454189
41199.319539808457193 19.728479080355018738
41199.576432848276454 19.73551949577183251
41199.826526869510417 19.742372645140843446
41200.070994719404553 19.749070721359526459
41200.310807736968854 19.755640380520471666
41200.546776659452007 19.762103866154038911
41200.779602446957142 19.76848040406975926
41201.009909686887113 19.774787119017144477
41201.238241541017487 19.781038897678627109
41201.465076904947637 19.787248859808240553
41201.690803934776341 19.793427634707089879
41201.915815880784066 19.799585985492573315
41202.140469653168111 19.805733675086074186
41202.365099944952817 19.81187985315096256
41202.587637797980278 19.817967911183298924
41202.806688952638069 19.823959727307791212
41203.022977426458965 19.829875131707368041
41203.237093394549447 19.835730283869107637
41203.449529865189106 19.841538677867301743
41203.660712335411517 19.847311954858856353
41203.871013918622339 19.853060317789424261
41204.080774270485563 19.858793049531801245
41204.290308247407665 19.864518750024977578
41204.499881058858591 19.870244657818414424
41204.709668221701577 19.875975557091020818
41204.919960024628381 19.881719363620074859
41205.131039469240932 19.887483789159645653
41205.343180307390867 19.893276287837149852
41205.556660649293917 19.899104427647657189
41205.771749286126578 19.904975516843766314
41205.988728589778475 19.910897228840287454
41206.207916536572156 19.916878202564536338
41206.429650092701195 19.922927588083524597
41206.654291034516064 19.92905520454142021
41206.882232940821268 19.935271729812662045
41207.113907577120699 19.941588873269246562
41207.349797676673916 19.948019722598438364
41207.590447284390393 19.954579023626102696
41207.836468747183972 19.961283368198092347
41208.088552282337332 19.968151451771706917
41208.347466045292094 19.975204071548631646
41208.614045329100918 19.98246382821663758
41208.889156941535475 19.989954151856796472
41209.164908765204018 19.997460054964481202
41209.428262950983481 20.004626745699127355
41209.681033046646917 20.011503782291114817
41209.92472710225411 20.018132363659557171
41210.160621687893581 20.024547354064445415
41210.389814500500506 20.030778722054062513
41210.613265392239555 20.036852662199109432
41210.831829810253112 20.042792508732404144
41211.046289644385979 20.048619577300641481
41211.257385162156424 20.054354034971041187
41211.465850892840535 20.060015876235915755
41211.672457178632612 20.065626051544537489
41211.878059850932914 20.071207814867488395
41212.08365795154532 20.076788287756851759
41212.28985802171519 20.082383918971327574
41212.498006613641337 20.088031218356857011
41212.709795983748336 20.093776039859076121
41212.927397200146515 20.099677178518501108
41213.153669603314484 20.105812030286607239
41213.392509883844468 20.112286023680116642
41213.649486308109772 20.119249755248723943
41213.933163016139588 20.126934771782142519
41214.238198343708063 20.135195738817831312
41214.543281974620186 20.143455216736377622
41214.84841435909766 20.151713187512463321
41215.153595941796084 20.159969633135446543
41215.458827161688532 20.168224535608096915
41215.764108452174696 20.176477876943838652
41216.061317946638155 20.184510167752421239
41216.326664688247547 20.191678966666657402
41216.570783640519949 20.198272262066552685
41216.800264459227037 20.204468443926469234
41217.019548339412722 20.210387696061854257
41217.231811935467704 20.216115943568720326
41217.43942605941993 20.221717279891972652
41217.644219899288146 20.227241124460107358
41217.847644972025591 20.23272666349783222
41218.050884219679574 20.238205804170970481
41218.254526738077402 20.243694417975014233
41218.45939898485085 20.249214755103235319
41218.66631165920262 20.25478861796983665
41218.876011441585433 20.260436061468020341
41219.089221883608843 20.266176495090604703
41219.306679688183067 20.272029659068746099
41219.529167699438403 20.278016510152575336
41219.75754617023631 20.284160059212901217
41219.992784560716245 20.290486221141094347
41220.235997056617634 20.297024762451400193
41220.488486178328458 20.30381046343531537
41220.751800519923563 20.310884656049800867
41221.027815375695354 20.318297370952720371
41221.318853960256092 20.326110566072337349
41221.619948455270787 20.334190458630853726
41221.916209445451386 20.342137383500091374
41222.208593691408169 20.34997712713573037
41222.497931933103246 20.357732057397026182
41222.784963297010108 20.365422052470172787
41223.070348345660022 20.373064855446866517
41223.354690852080239 20.380676661395597193
41223.638551442672906 20.38827248533950609
41223.922445194781176 20.395866100153138945
41224.206638635376294 20.403464612212072637
41224.491630235330376 20.411081313875833132
41224.777907441624848 20.418729180784904287
41225.065982400163193 20.426421825695406653
41225.35638225958246 20.43417323770292171
41225.649627599777887 20.441997205214288869
41225.946261866170971 20.449908100260309141
41226.246860958061006 20.457921131653773017
41226.552043740724912 20.466052621830719715
41226.859381447386113 20.474237712624745456
41227.1667814917746 20.482420611845942204
41227.461901978480455 20.490272989107538137
41227.744163502124138 20.497779866750001077
41228.016552405206312 20.505021050691144779
41228.281248716382834 20.512054778883342721
41228.539864116268291 20.518924093330618064
41228.793623771576677 20.525661702245059814
41229.043492673612491 20.532293355622954323
41229.290256505293655 20.538840005436757252
41229.534579750106786 20.545319356621231321
41229.777045460235968 20.551746927906958007
41230.017350324837025 20.558114730705778328
41230.255797011115646 20.564430837214420222
41230.493015646046842 20.570711975979811825
41230.729609634450753 20.576974142503306808
41230.96617125915509 20.583233013265552103
41231.20301656153606 20.589496935808003997
41231.440733859293687 20.595781441111821408
41231.679949539400695 20.602103041007140405
41231.921329309974681 20.608479258622818264
41232.165597304992843 20.614929129794276719
41232.41355778221623 20.621473771310220968
41232.666116681131825 20.628136943531412584
41232.924327500710206 20.63494625208482347
41233.189449686091393 20.641934675012787892
41233.46303292716766 20.649142766717105246
41233.743845829514612 20.656537772500346506
41234.024909036219469 20.663935733772120784
41234.302965335715271 20.671250950605596586
41234.575288062485924 20.678411838627891228
41234.839843379442755 20.685365155666346482
41235.095588498799771 20.6920837855918478
41235.342401772191806 20.698564838155103729
41235.580827430720092 20.704822894384257381
41235.811805966404791 20.71088289702379015
41236.036466614190431 20.716774689743203908
41236.255991636833642 20.72252945269125135
41236.471538057419821 20.728177651705063766
41236.684214439577772 20.73374843352274155
41236.89499537829397 20.739267391164766252
41237.104757797591446 20.744757521424460833
41237.314280774866347 20.750239225565405121
41237.524027996907535 20.755724626101127228
41237.734515059535624 20.761227182950623416
41237.946306747209746 20.766761619314621612
41238.159923649094708 20.772341479783225537
41238.375847322626214 20.777979266815854942
41238.594536987009633 20.783686877688236194
41238.816443977702875 20.789475981882066691
41239.042023540234368 20.795358328053278996
41239.271744084449892 20.801345983889135027
41239.506094365693571 20.807451521149186391
41239.745589214959182 20.813688162194285525
41239.990774468220479 20.820069904980453401
41240.242231679643737 20.826611641722806212
41240.500583055247262 20.83332928251687477
41240.766496824573551 20.840239889453481936
41241.040692937720451 20.847361818144054979
41241.323948717887106 20.854714856886488406
41241.617103399417829 20.862320335542236194
41241.909250879623869 20.869895076118044841
41242.195764442411019 20.877319246863393687
41242.477380995624117 20.88461216225562822
41242.754780612958712 20.89179161913038385
41243.028625255938096 20.898874903374636602
41243.299518957413966 20.905877763101724298
41243.568010531664186 20.912814483581566805
41243.834665137896081 20.91969973903923119
41244.10004621418193 20.926548125532043798
41244.364724797094823 20.933374401388746833
41244.629309640433348 20.940194262582409124
41244.894169843188138 20.947017196376947368
41245.159902472376416 20.953858534632747279
41245.427214185867342 20.960736390783004879
41245.696890907864145 20.967670870729218535
41245.969833697090507 20.974684986490320426
41246.247112859426124 20.981806034000140215
41246.530054359165661 20.989067793006057627
41246.820364459366829 20.996513696313570563
41247.120313628802251 21.004201500856876095
41247.432572568955948 21.01219902564158204
41247.744921375975537 21.020192910664846409
41248.057360641476407 21.028183126695385141
41248.369890962858335 21.036169644347978647
41248.682512943138136 21.044152434090729997
41248.995227190680453 21.052131466251182701
41249.305895568038977 21.060052202924460119
41249.604006925903377 21.067647040467342379
41249.890781543974299 21.074947712161844038
41250.167363817599835 21.081983913448112844
41250.434838413239049 21.088783725476222486
41250.694226361105393 21.095373526343085047
41250.946486738233943 21.101778043660079476
41251.192522150180594 21.108020502430342447
41251.433188170842186 21.114122871959221328
41251.669308757009276 21.1201062625663738
41251.901700061673182 21.125991532935529449
41252.131205023215443 21.131800167449210193
41252.358740663679782 21.137555471316101574
41252.585357936121 21.143284078089543243
41252.812148503668141 21.149013585298217066
41253.04005405400676 21.154767737899227598
41253.270825599960517 21.160590636647842899
41253.506694919429719 21.166538388743219912
41253.750581809334108 21.172684282747177065
41254.006441163888667 21.179127453761822153
41254.273368368558295 21.185844486227260575
41254.538626196714176 21.192514574372044223
41254.803060043901496 21.199159021153963778
41255.067506965402572 21.205798857563252113
41255.332382815737219 21.212444488252618413
41255.598502872926474 21.219116296423756296
41255.865152840640803 21.22579629896457476
41256.127879346029658 21.23237300437345354
41256.387184846309538 21.238859175841323434
41256.643608192549436 21.245268447254225919
41256.896357088437071 21.251581177052806026
41257.132382354306174 21.257471981378767367
41257.355911578306404 21.263047121712187248
41257.570117710638442 21.268386263992535845
41257.777447679327452 21.27355077291767671
41257.97983121874131 21.278588980211633697
41258.178817884523596 21.283539639939974109
41258.375671311761835 21.28843430435241757
41258.571436569553043 21.293299020506495367
41258.766990818156046 21.298155604945645081
41258.962814434518805 21.303015977142237602
41259.159500516725529 21.307894823245636218
41259.357667501499236 21.312807421576394518
41259.557880698201188 21.31776769647860803
41259.760677753874916 21.322788851604308036
41259.966591413314745 21.327883933788267967
41260.176170195940358 21.333066343089527095
41260.389997770667833 21.338350308392865173
41260.608712075802032 21.343751354386633068
41260.833025553387415 21.349286793498809089
41261.063748248539923 21.354976285506754863
41261.301812694502587 21.360842437468690491
41261.542477616792894 21.366768125807908518
41261.784367713604297 21.372719361915212488
41262.027843247720739 21.378704911306250835
41262.273289459764783 21.384734123775469783
41262.521119715922396 21.390817007362681323
41262.77177850681619 21.396964298064489185
41263.025743844118551 21.40318751414744014
41263.279078429863148 21.409390073886356731
41263.524372957268497 21.415390815673006841
41263.763119399147399 21.421226658090901651
41263.996545721463917 21.426927948399455914
41264.225669205501617 21.432519794197165908
41264.451316524719005 21.438022576321706936
41264.67419262763724 21.443453646836513116
41264.894896583857189 21.448827727439908841
41265.113947218225803 21.454157543580002709
41265.3318037349527 21.459454333579898844
41265.548881901318964 21.464728247392997673
41265.765580626612063 21.469988995668174425
41265.982268315827241 21.475245520334077298
41266.199128236949036 21.480502250320459012
41266.416505659726681 21.485767523513445099
41266.634747585863806 21.49104969399672882
41266.854201924979861 21.496357111562470976
41267.075223549407383 21.501698267371128992
41267.298171849746723 21.507081733654626277
41267.523413460738084 21.51251622825959231
41267.75133410840499 21.518010898533194819
41267.982344769574411 21.52357546667609256
41268.216888985800324 21.529220401873473634
41268.45542794445646 21.534956556803752648
41268.698471670111758 21.540795913011550056
41268.9466183885379 21.546752517946469396
41269.200542478974967 21.552842183674030707
41269.458957818314957 21.55903370075418124
41269.712234039223404 21.565096330878212427
41269.959826999918732 21.571017394369249587
41270.201561160189158 21.576793057048689661
41270.43756956870493 21.582426856666298676
41270.668206419075432 21.58792758526780986
41270.893960827263072 21.593307213322390226
41271.115386463934556 21.598579202788155129
41271.333050770903355 21.603757294765713937
41271.547501712884696 21.608854719805517419
41271.759248298047169 21.613883738753443708
41271.968749910964107 21.618855394586763197
41272.176412664441159 21.623779431529356998
41272.382589588720293 21.628664305193662898
41272.587583332591748 21.633517251927845138
41272.791650786457467 21.638344403142806271
41272.995007416044245 21.643150892165262889
41273.197833191574318 21.647940998192069628
41273.400278410030296 21.652718287006379683
41273.602469212295546 21.65748574381473901
41273.804499623722222 21.662245588065960789
41274.006460358061304 21.666999954272977646
41274.208432082261425 21.671750733937507505
41274.410455907105643 21.676498883199403878
41274.612600124739402 21.681245993200153777
41274.814935648646497 21.68599371139620402
41275.017544897957123 21.690743949479507791
41275.220517292240402 21.695498776724100765
41275.423939686654194 21.700260195461630985
41275.627904543500335 21.705030332291283202
41275.832510738204292 21.709811456280725395
41276.037863728583034 21.714605982194608913
41276.244076672599476 21.719416495800768274
41276.451271196405287 21.724245770870677319
41276.659576490164909 21.729096747133130663
41276.869129457038071 21.733972532799185728
41277.080078411214345 21.738876489504974643
41277.292580690715113 21.74381217547913181
41277.506799926464737 21.748783280983897015
41277.722907974603004 21.753793672116280788
41277.941086718492443 21.758847431295169628
41278.161530332188704 21.763948908129759019
41278.38444532496942 21.769102718637938665
41278.610051882460539 21.774313774303248437
41278.838585366247571 21.779587314503590534
41279.070297515470884 21.784928931749625747
41279.305458502938563 21.790344616284073709
41279.544359074818203 21.795840802149637483
41279.78731175178109 21.801424391194384356
41280.034651939902687 21.807102774602377337
41280.28673929272918 21.812883859750428428
41280.543958832364297 21.818776091035431364
41280.806721182059846 21.824788449859706674
41281.075464062196261 21.83093048303690864
41281.35043056448194 21.83720723803272179
41281.628315944042697 21.843542883615189254
41281.907388417588663 21.84989774867763046
41282.1838015968533 21.856184292530350888
41282.458417361704051 21.86242228959093481
41282.73206445928372 21.868630666292187215
41283.005567928252276 21.874828172729991138
41283.279394449833489 21.881025361783606797
41283.554322343145031 21.887239773830536649
41283.831311748712324 21.89349296323716132
41284.111436739527562 21.899808940885982622
41284.395944370466168 21.906215483245066622
41284.680672474903986 21.912618648666864374
41284.964218709777924 21.918986925128919552
41285.246988892642548 21.925329495557651427
41285.529406676039798 21.931655894430829079
41285.811874452439952 21.93797513108790298
41286.094685074443987 21.944293721579345657
41286.378359052388987 21.950623223265555595
41286.663472311636724 21.956976365037554899
41286.947868841780291 21.963305052871628931
41287.230456302284438 21.969585071761621009
41287.51166682002804 21.975826146967303742
41287.791869484673953 21.982036555812022982
41288.071376521322236 21.988223273773083832
41288.350449535231746 21.994392120906123722
41288.629298823288991 22.000547754110989729
41288.908102914661868 22.006694105133018269
41289.186954088421771 22.012833186513830697
41289.465952990882215 22.018967183167251989
41289.745197138174262 22.025098198776568381
41290.02475775473431 22.031227748680485945
41290.304684128241206 22.037356859035195811
41290.584459296122077 22.043474176854459756
41290.863372264670033 22.049564177797371656
41291.142150596817373 22.055642768718023206
41291.421213171459385 22.061719051136261527
41291.701185884172446 22.067806572975751322
41291.982752275354869 22.073920054987361539
41292.265380143413495 22.080047791544991753
41292.547665334837802 22.086159277745238683
41292.822928560999571 22.092110222216895465
41293.092364889533201 22.097927025632099429
41293.356980414595455 22.103631863968463023
41293.617632801506261 22.109243594281412726
41293.875063716237491 22.114778476917660299
41294.129924437569571 22.120250744405431931
41294.382795882127539 22.125673045244667492
41294.634200213040458 22.131056703484699
41294.884621015407902 22.136412158928347793
41295.13452605355269 22.141749458646444282
41295.384361672775412 22.147078139947044662
41295.634375453730172 22.152403458302867278
41295.884910952721839 22.157732680881402132
41296.136346158964443 22.163073765928313463
41296.38904851697589 22.168434403726280379
41296.643377227497695 22.173822066087829796
41296.899686975768418 22.179244085486583771
41297.158331005455693 22.184707719572688944
41297.41966449386382 22.190220221348841534
41297.684049240357126 22.195788936211631182
41297.951870037752087 22.20142164346309599
41298.223518186816364 22.207126204995589092
41298.499383447684522 22.212910393600925119
41298.779882349765103 22.218782483174202014
41299.065467048494611 22.224751426703029722
41299.356636517062725 22.230827080590980671
41299.65337633107265 22.237008532981377584
41299.952191367934574 22.243222540341594851
41300.253356252971571 22.249474545172684969
41300.557171509615728 22.255770483759924616
41300.863969407524564 22.262116901190989182
41301.17411687393178 22.268521004185767964
41301.482633079998777 22.274879818972820544
41301.784075858005963 22.281081636019486325
41302.079355635592947 22.287145891032828615
41302.369288078218233 22.293089935802431256
41302.654606957010401 22.298929323301429406
41302.935896935705387 22.304676453902260391
41303.213781128557457 22.310344426476266477
41303.48882340406999 22.31594504632849052
41303.761549023147381 22.321489256302911031
41304.032444903488795 22.326987150014254269
41304.30196638416237 22.332448116208219346
41304.570544310299738 22.337880987893591112
41304.833174644751125 22.343184872880378578
41305.090346882425365 22.348370205432338764
41305.342694221581041 22.35345023776564588
41305.590777838711801 22.358436687887881078
41305.835098081850447 22.363339978261659979
41306.076103762803541 22.368169433537762103
41306.314199927648588 22.372933445561031363
41306.549754405721615 22.377639612121384971
41306.783103379275417 22.382294854650879756
41307.014556167305273 22.386905519006656817
41307.24439941640594 22.391477463403617776
41307.472900400658546 22.396016127752641722
41307.700310937856557 22.400526614499085554
41307.926870083610993 22.405013744483937899
41308.152806771438918 22.409482111180746955
41308.378342751580931 22.413936140296158328
41308.603695029793016 22.418380138947014757
41308.82904326771677 22.422817654889072969
41309.054494895768585 22.427250796309010639
41309.280258250568295 22.431683639136576147
41309.506547372016939 22.436120347366674821
41309.733582382366876 22.440565179515530758
41309.961592562736769 22.445022547640487431
41310.190819826602819 22.44949708349853168
41310.421535593050066 22.45399396499065503
41310.654038030595984 22.458518857787577616
41310.888645085542521 22.463077775402403802
41311.125711308268365 22.467677401681765303
41311.365640025425819 22.472325319924188136
41311.608899857106735 22.477030323369444176
41311.85605077285436 22.481802906129949804
41312.107775133015821 22.48665584442704457
41312.364923293811444 22.491605050663576293
41312.621667230872845 22.496538109761516466
41312.877886135007429 22.501452743838733284
41313.133709933819773 22.50635148814048847
41313.389266949961893 22.511236830562932454
41313.64468460263015 22.516111225348371505
41313.900090097566135 22.520977106408359703
41314.155553658900317 22.525835808622211687
41314.411195433371176 22.530689605119576413
41314.667145572602749 22.535540943221015198
41314.92353672189347 22.540392300792934321
41315.180503388415673 22.545246173880972407
41315.438181591809553 22.550105069766988919
41315.69670781345485 22.554971486882408271
41315.956218146377068 22.55984789867499174
41316.216845679198741 22.564736704521656918
41316.478719624130463 22.569640213772654391
41316.741962001477077 22.574560584328636992
41317.006681967512122 22.579499717937704162
41317.272971420687099 22.584459180438965831
41317.54089849023876 22.589440083593949282
41317.810501160616695 22.594442970807811832
41318.081780343854916 22.599467694006225571
41318.354693681991193 22.60451330551215321
41318.629149137377681 22.609577947396306996
41318.9049995962705 22.614658760914149838
41319.181199071841547 22.619736398679336276
41319.456841947430803 22.62479423247470578
41319.732651335601986 22.629845561445225854
41320.009184508708131 22.634900556275859174
41320.287257802163367 22.639974032875638699
41320.564989756596333 22.645031613194163356
41320.841580970882205 22.650058829434467356
41321.116703824634897 22.655049874723999892
41321.390060437566717 22.659999524456576836
41321.661430720414501 22.66490399801423905
41321.930677247684798 22.669761032675364021
41322.197748844024318 22.674569933713193848
41322.462675915572618 22.679331475928595552
41322.725521780273993 22.684047017825541559
41322.986462511180434 22.688719924907651659
41323.24572730048385 22.693354486721169394
41323.503588256869989 22.697955726972477208
41323.76035172927368 22.702529242865761461
41324.016351172191207 22.707081073494620682
41324.271940546757833 22.711617579037270076
41324.527491489548993 22.716145387795606325
41324.783221362551558 22.720668355161066643
41325.039500394079369 22.725193005677425617
41325.296739614270336 22.729726535784791963
41325.555367417953676 22.734276395229027656
41325.815836913337989 22.738850412804975321
41326.078646248497535 22.743457147700741672
41326.344325465695874 22.748105651453403908
41326.61343108539586 22.75280536685487931
41326.886573975782085 22.757566607088193678
41327.163591622040258 22.762386157377207496
41327.444468680485443 22.767263372775126129
41327.72385975385987 22.772105325456472258
41327.986990650155349 22.776656865944769237
41328.23824937374593 22.780995252378339444
41328.481103606922261 22.78518129271590098
41328.718239300069399 22.789261912604658278
41328.951723391692212 22.793273087862704784
41329.183147481722699 22.797242408045732986
41329.413748035534809 22.801191206193500705
41329.644427962724876 22.80513497950761348
41329.875665240288072 22.8090818778885982
41330.108206137505476 22.813044566256035495
41330.342707341951609 22.817034103133295275
41330.579778407809499 22.821060672365291566
41330.820011772899306 22.82513409675147642
41331.064003623265307 22.829264191429736286
41331.31236884368991 22.833461013388934191
41331.565752875583712 22.837735055701021025
41331.824842634159722 22.842097423130134359
41332.090378042317752 22.846560015242481256
41332.363165317452513 22.851135735642184699
41332.644092964692391 22.855838742519008377
41332.934150266912184 22.860684735893066488
41333.22577652669861 22.865546856019648203
41333.514644620117906 22.870353026573113198
41333.801088965185045 22.875109084056415298
41334.085409489591257 22.879820245858134342
41334.367898313052137 22.88449155780786981
41334.648843767296057 22.889127962541827799
41334.928533235317445 22.893734347511880856
41335.207229518018721 22.898315157636396577
41335.485228195590025 22.902875339790632836
41335.762826748898078 22.907419832764738032
41336.040326154099603 22.911953593243264748
41336.317831064036 22.916478340612567166
41336.594310775726626 22.920977324323416724
41336.870044367278751 22.925455177618601965
41337.145323294433183 22.92991669763485163
41337.420446497300873 22.934366764602089006
41337.69564561417792 22.938809134799431177
41337.971142105496256 22.943247370896052928
41338.247240342097939 22.947686338737401712
41338.524242587423942 22.952130831089149865
41338.802450360781222 22.956585589612743092
41339.082166574517032 22.961055338827982553
41339.363695136773458 22.965544779179762003
41339.64734247027809 22.970058610538522714
41339.933418291642738 22.974601543559899142
41340.222235334542347 22.979178294057415854
41340.51411519836256 22.983793674069701751
41340.809389224355982 22.988452603226594562
41341.108401560493803 22.993160154193517997
41341.411519023844448 22.997921703952840744
41341.719132392972824 23.002742948594608663
41342.031643637943489 23.007629697883647424
41342.34638106116472 23.012539802404731404
41342.659713427172392 23.017416583010447795
41342.971887283267279 23.022264031929626782
41343.283116098747996 23.027085593117245566
41343.593555403858772 23.031883784715716956
41343.903280983715376 23.036659873771107243
41344.208985918165126 23.041363133374971994
41344.509397013491252 23.045974480133416762
41344.805121043973486 23.050503758280626698
41345.09684671904688 23.054961970681546291
41345.385341256951506 23.059361216449580922
41345.671466799911286 23.063714930794262159
41345.956211454038566 23.068038343177484251
41346.240737307351083 23.072349185833722629
41346.522793481963163 23.076613495406917309
41346.799773677979829 23.080792239389062104
41347.072650569760299 23.084900534845662179
41347.342213486233959 23.088950618223716305
41347.609138131490909 23.092952921843668435
41347.874011880885519 23.096916471998362397
41348.137367500537948 23.100849407164172788
41348.399712993421417 23.104759431824319904
41348.66155729766615 23.108654202876174111
41348.92341667618166 23.112541424778726196
41349.185590493128984 23.116425530145043865
41349.448673819701071 23.120315283333916057
41349.713319742244494 23.124220232417233234
41349.980253032757901 23.128150900755091612
41350.250177917791007 23.132117420778627093
41350.515236928942613 23.136004414408166241
41350.776811302705028 23.139832514511180506
41351.036102429265156 23.143619560554839154
41351.294169036176754 23.147381170809971707
41351.551973089575768 23.151131432584918457
41351.810105907519755 23.154878945041470928
41352.069347249758721 23.158634965573341447
41352.330636822436645 23.162412970019239822
41352.595005717041204 23.166227639213893497
41352.863647045887774 23.170095858489919038
41353.138049570188741 23.17403860637353219
41353.413125878956635 23.177982486519496774
41353.688164296967443 23.181917265600752387
41353.963194716954604 23.185843373489937846
41354.23824559996865 23.189761216203823579
41354.513335796436877 23.193671060069483758
41354.788501610317326 23.197573416677396807
41355.06378636554291 23.201468892745953809
41355.339241690751805 23.205358207205772914
41355.614932029377087 23.209242253431074943
41355.890938801429002 23.213122155732975216
41356.167357196252851 23.216999221823886757
41356.444296066867537 23.220874939231833878
41356.721878042197204 23.224750974755252741
41357.000236317493545 23.228629127650755493
41357.279515875030484 23.232511344918421514
41357.559869334829273 23.236399661940254191
41357.838315618908382 23.240252781374429958
41358.110358407415333 23.244008881122596222
41358.377124728889612 23.247684067897978366
41358.639499739190796 23.251290980898378535
41358.898176863331173 23.254839520259647401
41359.153707233192108 23.258337554694076488
41359.406555168556224 23.261791701525844189
41359.657062435209809 23.265206853983144697
41359.905510001779476 23.268587038912453835
41360.152133013543789 23.271935629142273427
41360.397131422563689 23.275255494292412806
41360.640677430805226 23.278549106591860607
41360.882920915602881 23.281818618145337041
41361.123993689368945 23.285065921536283184
41361.36401313499664 23.288292701287407027
41361.603085506823845 23.291500480203900736
41361.841309011106205 23.294690662203095144
41362.078776654634567 23.297864571534372402
41362.315577719266003 23.301023473202995717
41362.551802484675136 23.304168636363552736
41362.787508905625145 23.307300891894961126
41363.02279383016139 23.310421580277854048
41363.257756531886116 23.313532064438845737
41363.492498885490932 23.31663373185351773
41363.72712514307932 23.319727991359155084
41363.961742531391792 23.322816280791844434
41364.196414567049942 23.325899453915834414
41364.431239262754389 23.328978810482922768
41364.666324945879751 23.332055775799535269
41364.901779868399899 23.335131763895052615
41365.137711778617813 23.338208171998434892
41365.374227605978376 23.341286376537905056
41365.611421054411039 23.344367572256782495
41365.84938496327959 23.347452933969766065
41366.088222484628204 23.350543761186624891
41366.328034441830823 23.353641313721379191
41366.568922551035939 23.3567468534664755
41366.810990909485554 23.359861663406181975
41367.054347816687368 23.362987070673700174
41367.299107835788163 23.366124472408355217
41367.545393996391795 23.369275363104264898
41367.793340044954675 23.372441362227636574
41368.04260895094194 23.375618082587475755
41368.292481682394282 23.378796316706448977
41368.544178624761116 23.381991524940808347
41368.798895749612711 23.385218737997483629
41369.057649239373859 23.388490595807301275
41369.319237956573488 23.391791681576165729
41369.583933584610349 23.395125229529966759
41369.852035845440696 23.398494797774645804
41370.123872226591629 23.401904260796698054
41370.399807411391521 23.405357923181597357
41370.680254994673305 23.40886066017828071
41370.965680753732158 23.412417951007956418
41371.25661065930035 23.416035970190154814
41371.553638201352442 23.419721668649735591
41371.850508333816833 23.423397231962304943
41372.145725270667754 23.427044262383397211
41372.439450498641236 23.430664929682222919
41372.731935855030315 23.434262494344157091
41373.023482198514102 23.437840789445143486
41373.31442830771266 23.441404079095537583
41373.601450381640461 23.444911877301876757
41373.883453427712084 23.448351188577401416
41374.162032885877124 23.45174183013144642
41374.438488671017694 23.455099868467193858
41374.70512568862614 23.458332302236581057
41374.96329299305944 23.461456160890573841
41375.214133829031198 23.464485841756932416
41375.458635766939551 23.46743374684368888
41375.697668941051234 23.470310766911126166
41375.932016309066967 23.473126662751198523
41376.162398606029456 23.475890377624438088
41376.389495901705232 23.478610304967933331
41376.613967220895574 23.48129452964583308
41376.836469442379894 23.483951057762151748
41377.057676644915773 23.486588049228487307
41377.278305248517427 23.489214116751789163
41377.499033189218608 23.491837363338042621
41377.720390286813199 23.494464086615653997
41377.943305219327158 23.497105268425709568
41378.168860096862772 23.499773637528612369
41378.398355329329206 23.502484420518115371
41378.633406889981416 23.505256465915280728
41378.876099320827052 23.508114010653162751
41379.129238610345055 23.5110895973624352
41379.396793966756377 23.514229167180648261
41379.682223213116231 23.517572313952939567
41379.967350313992938 23.52090561825648507
41380.253772319876589 23.524247763717749393
41380.544188552012201 23.527630119785705176
41380.841463630524231 23.53108573756153632
41381.148638112201297 23.534649447919935739
41381.457999872975051 23.538231420911660763
41381.765247319563059 23.541781905851344447
41382.072301926360524 23.545323243236001787
41382.380164416397747 23.548867011490134615
41382.688764240636374 23.552412404589045281
41382.997182846396754 23.555948909028970206
41383.307141770746966 23.559496278031950567
41383.606194420841348 23.562912424821295332
41383.896601880325761 23.566223846453684843
41384.180807557924709 23.569458902547808066
41384.460795800303458 23.57264053167435236
41384.738251480855979 23.57578811604942004
41385.014693373508635 23.578919026211657695
41385.291350033265189 23.582047238515752241
41385.569130692943872 23.585183036061252437
41385.849502958510129 23.588342922971136773
41386.134086927078897 23.591545009858574389
41386.424770162549976 23.594810288843135027
41386.723899089221959 23.598164749508800497
41386.723899089221959 23.598164749508800497
41386.723899089221959 23.598164749508800497
41386.723899089221959 23.598164749508800497
41386.723899089221959 23.598164749508800497
41386.723899089221959 23.598164749508800497
41387.026657407011953 23.601554081339564561
41387.330904519185424 23.60495422035505797
41387.63732909924147 23.608372804768279707
41387.946693045720167 23.611818235012869138
41388.259889201639453 23.615300307799302004
41388.577894426038256 23.618829682628430078
41388.899594966802397 23.622393801391389445
41389.220508277423505 23.625942968385107434
41389.540387881614151 23.629474560776468905
41389.860498546600866 23.633002614246645834
41390.181840166202164 23.636538155716007026
41390.504225468328514 23.640079108244638206
41390.827039249590598 23.643618720696782276
41391.15040380913706 23.647158353571533951
41391.474454072536901 23.650699495749545775
41391.799347814863722 23.654243874916929258
41392.125317932172038 23.657794024441713532
41392.452599461445061 23.661352483863609564
41392.780003883264726 23.664906336473610082
41393.105182158491516 23.668430185473305016
41393.427336621600261 23.67191556999309654
41393.745521825621836 23.675352486127227536
41394.063126216344244 23.678777691863086119
41394.382461722721928 23.682216129449653153
41394.703757658076938 23.685670212498845189
41395.02305273982347 23.689097394998334778
41395.340986568124208 23.69250466470329286
41395.658141339466965 23.695898351292321138
41395.975063250371022 23.699284360677658867
41396.292134544019063 23.702666814811898632
41396.609763507876778 23.706050087768463897
41396.92848024500563 23.70943982183353782
41397.248831049677392 23.712841797215247652
41397.571389398704923 23.716262047436096339
41397.896765604062239 23.71970695937109852
41398.202885731734568 23.722943247599893368
41398.48660743473738 23.725938655390759635
41398.756126093270723 23.728780496064246108
41399.016619688693027 23.731523845034022457
41399.271571773155301 23.734205682457769626
41399.523475349087676 23.736852407196508352
41399.774231313160271 23.7394840840355279
41400.025191742664902 23.742114936146311521
41400.277221711738093 23.744754025950211229
41400.531615501786291 23.747414861984918133
41400.789607140817679 23.750110262526547444
41401.05244392700115 23.752853125145374946
41401.321450917545008 23.755657096202806855
41401.59809685806249 23.758537249816018999
41401.884071376065549 23.761510877813631026
41402.181385398733255 23.764598513081534037
41402.492512075128616 23.767825362070141182
41402.793191850811127 23.770939777936991533
41403.086343224829761 23.773972378239029979
41403.374602733645588 23.776950704255977342
41403.66022919317038 23.779898261441854146
41403.945253431898891 23.782836091503607889
41404.230940667490358 23.785777258176349136
41404.51890959598677 23.788738396004365683
41404.811126650543883 23.791739630046031095
41405.103910669269681 23.794743089316476414
41405.395588630657585 23.797731646826090213
41405.68663871550234 23.800710258804446795
41405.977538848965196 23.803683855305369121
41406.268638307745277 23.806656030547259206
41406.560294974311546 23.80963044982641108
41406.852973010660207 23.8126118436264953
41407.147128852746391 23.815604842254593621
41407.434673969291907 23.818527259731858692
41407.709274234148324 23.821315073975696919
41407.972930099225778 23.823989001476014948
41408.227264772322087 23.82656583524629923
41408.473625379279838 23.829059495776188982
41408.713153963130026 23.831481768040347902
41408.946839105505205 23.833842836748146965
41409.175554920722789 23.836151689975910273
41409.400091900824918 23.838416437620466581
41409.621182829469035 23.840644577917590397
41409.83952634849993 23.842843238553744101
41410.055810562967963 23.845019416655397038
41410.270714919046441 23.847179999027854791
41410.484989271448285 23.849332557219550921
41410.699369731133629 23.851484500928656018
41410.914448797309888 23.853641776828830245
41411.13132087275153 23.855815341396361617
41411.351365340240591 23.858018969656743735
41411.576406787382439 23.860270845937211703
41411.808988587246859 23.862596278470988409
41412.052861053474771 23.865032540200896705
41412.313963900276576 23.867638608975820347
41412.602575370103295 23.87051646364547608
41412.90059767668572 23.873485116975317055
41413.199616675832658 23.876460615431032153
41413.497444499997073 23.879421212138552733
41413.794608364194573 23.882372197267191183
41414.091741616168292 23.885319891407966963
41414.389167366614856 23.8882675163964322
41414.687452605445287 23.891220694363124011
41414.982804777093406 23.894141927731432418
41415.265072399488417 23.896931062051145034
41415.539068235055311 23.899635968426348853
41415.807970777204901 23.902288220272009056
41416.074008195391798 23.904909913161208834
41416.338850168394856 23.907517567077533727
41416.603760223115387 23.910123650485786584
41416.869390937594289 23.912734586386843461
41417.136840632403619 23.915361151485740265
41417.407106030797877 23.91801308912138424
41417.681149467862269 23.920699771962397051
41417.95993168662244 23.923430524083610038
41418.244446864679048 23.926214962930060892
41418.535748831644014 23.92906325307667359
41418.834979275961814 23.931986377665896981
41419.143399539563688 23.934996442851019793
41419.46242366876686 23.938106992090173009
41419.787013523149653 23.941268692932965223
41420.111561206409533 23.94442686328213199
41420.436067051981809 23.947581529322771843
41420.760531392588746 23.95073271700051265
41421.084954560348706 23.953880452020932523
41421.409336886834353 23.95702475984732871
41421.733678703109035 23.960165665697264359
41422.055412975496438 23.963278367730527663
41422.37060604034923 23.966324952947307025
41422.680538188702485 23.969317972098458824
41422.986432502846583 23.972269374947945408
41423.289470053052355 23.97519066155604861
41423.590830976172583 23.978093281383021207
41423.891741135164921 23.980989083550078078
41424.193146664176311 23.983887187927255269
41424.496258187602507 23.986799223276143778
41424.802718000399182 23.989740920733346741
41425.110893087286968 23.992696558421009456
41425.417393184245157 23.995633636099107378
41425.718603472945688 23.998517613588866482
41426.011856485281896 24.001323121670925076
41426.298853110703931 24.004066609023670509
41426.581234502977168 24.00676389767595964
41426.860672062270169 24.009431046874926352
41427.138972022337839 24.012085351465916716
41427.41773815088527 24.014742125268508488
41427.698672478778462 24.017417571956428901
41427.984558203861525 24.020138131664069192
41428.278940002499439 24.022937402092953363
41428.586090378368681 24.025855786691039384
41428.894412836278207 24.02878295695960631
41429.204651491556433 24.031725955501091363
41429.517425814949092 24.034690621311039394
41429.832792886176321 24.037677450276081714
41430.151189206917479 24.040690525679689671
41430.473113992324215 24.04373451012040519
41430.796454805793473 24.046789386363080609
41431.119764307572041 24.049841478467964606
41431.443042761246033 24.052890803849720669
41431.747770463742199 24.055762897391037569
41432.032132711647137 24.058441083611349143
41432.303017315774923 24.060990582801739635
41432.565217228671827 24.063456723711293961
41432.822165206423961 24.065871928046671968
41433.076412214490119 24.068260251470650957
41433.32993778483069 24.070640325704772522
41433.583913898102765 24.073023162004687947
41433.839475700333423 24.075419399249927466
41434.097960642837279 24.077841545214141661
41434.360638128178834 24.080301439368952288
41434.628789439804677 24.082811002004682166
41434.903780208886019 24.085382910402373113
41435.18713109735836 24.088031255268404607
41435.480597482062876 24.090772277933051981
41435.786270358701586 24.093625301492632929
41436.094551696667622 24.096500605241519821
41436.39876929266029 24.099335983634368574
41436.700198492173513 24.10214340153298096
41437.000122658326291 24.10493486389989215
41437.299976881331531 24.107723752741556211
41437.600660509298905 24.110518435522379832
41437.904053334583296 24.11333636013758408
41438.212624937972578 24.116200398760838652
41438.520348490725155 24.119054581894207701
41438.823359386653465 24.121863128982568014
41439.12232733869314 24.124632340701001709
41439.417879546810582 24.127368105847267543
41439.710616032476537 24.130076045182978106
41440.00112854467443 24.132761687584107335
41440.287417377607198 24.135406613205919513
41440.559967791836243 24.137923081569603312
41440.820774684747448 24.140329729351179822
41441.071456119301729 24.142641665866182876
41441.313347902680107 24.144871358660957128
41441.547570651127899 24.147029261263764255
41441.775078515893256 24.149124269113972474
41441.996695459456532 24.151164058852263139
41442.21314304315456 24.153155348052834483
41442.425066615061951 24.1551041391630541
41442.633043402376643 24.15701579623203088
41442.83760298598645 24.158895234982029621
41443.039240833059011 24.160747048503168344
41443.2384312954091 24.162575627621713181
41443.435640831026831 24.164385282938106059
41443.631342222048261 24.166180375645247125
41443.826030578849895 24.167965464359657091
41444.020239702527761 24.169745454848619914
41444.21450943461241 24.171525300412660897
41444.409244218135427 24.173308706824744974
41444.605193283467088 24.175102529834077814
41444.803248332704243 24.176914917955578233
41445.004493533291679 24.178755766996562926
41445.210273939577746 24.180637341725482514
41445.422293266019551 24.182575163836020238
41445.642759724789357 24.18458933600626537
41445.87461372573307 24.186706608662202456
41446.121879730657383 24.188963571776742612
41446.390299441576644 24.191412398992870436
41446.688437385040743 24.194130870920194099
41446.996539815612778 24.196938578383299756
41447.307492930129229 24.199770605357677766
41447.621475928615837 24.202628550520913109
41447.938672692551336 24.205514051647124774
41448.253322749958897 24.20837471541846142
41448.543068851839053 24.211007504357887399
41448.817367529882176 24.213498651120691108
41449.082363233530486 24.215904137286010211
41449.342311507723934 24.218262694600703355
41449.600323310420208 24.220602601681285648
41449.858567205461441 24.222943543617983408
41450.118237267211953 24.225296341933173494
41450.381155229915748 24.227677481689266159
41450.648974765426829 24.23010189680064741
41450.923319828121748 24.232584224477488277
41451.205910041579045 24.235139938666627302
41451.4986772421762 24.237786399906525503
41451.796811867585347 24.240480039174855165
41452.095172791348887 24.243174379966209386
41452.394279026397271 24.245874113928632454
41452.694729850911244 24.248584647434110906
41452.997090747667244 24.251311071671146635
41453.301912751812779 24.254058337805307843
41453.609731592725439 24.256831249605827594
41453.92106535773928 24.25963444275279457
41454.236399128734774 24.262472246970276046
41454.550131738709752 24.265294251801325487
41454.856169985192537 24.268045722383781992
41455.156036264153954 24.270740446022099235
41455.45103034110798 24.273390182157740469
41455.742291901013232 24.276005229984118472
41456.030852141193463 24.278594895708501156
41456.317686820468225 24.281167971299275621
41456.603738717880333 24.283732937525837059
41456.889872396044666 24.286297559684435043
41457.176642334386997 24.28886681247146484
41457.465036319830688 24.291449542055122635
41457.75611041868251 24.294055191157770679
41458.051026983826887 24.296694137869401686
41458.35111744236201 24.299378255047187736
41458.657951394568954 24.302121524507168004
41458.967956055807008 24.304891957759441112
41459.265586309804348 24.307550694705529537
41459.553294062126952 24.310119770156784824
41459.833149007623433 24.312617767445495076
41460.106994695786852 24.315061220410022713
41460.376589303778019 24.317465874775407997
41460.643752653311822 24.319848001790710157
41460.910540943157685 24.322225955639868999
41461.178395260234538 24.324612585017000299
41461.449997952389822 24.327031775029080762
41461.729191808335599 24.329517708403077592
41462.021446810394991 24.33211899960690161
41462.335135520297626 24.334910009498678107
41462.656379790358187 24.337767121001803616
41462.977612859795045 24.34062300852717442
41463.296516356749635 24.343457084969035265
41463.612024281894264 24.346259917810414208
41463.925258747920452 24.349041515127790802
41464.23410464443441 24.351783137828217463
41464.538283151603537 24.354482364715817511
41464.839027375754085 24.357150186019406846
41465.137504254802479 24.359796988924795613
41465.434856063620828 24.362432927183409248
41465.726863006064377 24.365020630927414658
41466.005012244160753 24.367484751555771538
41466.274285803898238 24.369869525284130418
41466.538336343735864 24.372207363103193245
41466.799901942278666 24.37452254268877283
41467.061088540642231 24.376833720701366559
41467.322921474209579 24.379149974741558538
41467.586732426920207 24.381483081257059098
41467.853811529079394 24.383844436377767551
41468.125319299586408 24.386244278162742205
41468.402365156383894 24.388692381702142598
41468.686063463625032 24.391198554554762268
41468.977573984804621 24.393772993557384154
41469.27812547305075 24.396426492051226376
41469.589019019789703 24.39917046797985023
41469.910053195271757 24.402003068879547953
41470.231080101773841 24.404834723473829428
41470.552099907094089 24.407665442196812222
41470.873112778230279 24.410495235314449758
41471.194118881416216 24.413324112932119903
41471.515118381896173 24.416152084994305227
41471.83611144367751 24.418979161283765222
41472.157098229239637 24.421805351421159713
41472.478078899257525 24.424630664865127017
41472.789435911290639 24.427370490925650159
41473.09237665963883 24.430035527719816457
41473.3886135428329 24.432640899720951211
41473.679692467667337 24.435200249761770408
41473.967027965802117 24.437726050691523483
41474.251939710862644 24.440229928517059221
41474.535720294465136 24.442723259430863436
41474.819588831247529 24.445216763035620744
41475.104311021321337 24.44771716722229371
41475.391301816081977 24.450236893114407621
41475.68209695279802 24.452789410166502648
41475.978391196964367 24.455389570395169585
41476.28206777023297 24.458053864609592409
41476.58320833559992 24.460695264944806837
41476.880320637443219 24.463300708952935736
41477.173359972010076 24.465869835360358309
41477.456548031696002 24.468352032051171818
41477.731634736453998 24.470762694636650991
41478.000134122179588 24.473115136759691524
41478.263397917486145 24.475421237799540819
41478.522682407747197 24.477692030654015554
41478.779214664500614 24.479938283034559987
41479.034265139729541 24.482171133644982319
41479.289232746566995 24.484402836802793502
41479.544972027797485 24.486640874071429863
41479.80323562380363 24.48890057870090331
41480.066218299980392 24.491201139829605893
41480.33670499247819 24.493566893365596115
41480.609303725541395 24.495950659470409505
41480.881758911797078 24.498332713188602838
41481.154237255344924 24.500714516503581564
41481.42682633412187 24.503096838788820833
41481.699686914646009 24.505481088269842616
41481.972972662566463 24.507868610069820647
41482.246824197478418 24.510260634357770471
41482.52136116145266 24.512658207205888061
41482.796674596705998 24.515062124217624984
41483.072821126152121 24.517472879960806154
41483.349424227555573 24.519887188307720294
41483.615457716041419 24.52220883522073791
41483.873700110496429 24.524462113117614592
41484.126456569552829 24.526667167230549182
41484.375650962072541 24.52884080323221383
41484.622910105972551 24.530997225246906623
41484.869634880837111 24.533148658366407346
41485.116709643843933 24.535302817106241946
41485.365033152724209 24.537467536821122138
41485.615668193655438 24.539652077725346402
41485.869610443325655 24.541865109675608636
41486.12782429321669 24.544115024697976679
41486.39127318757528 24.546410201395087114
41486.660946684212831 24.548759240525892977
41486.937886550957046 24.551171191922524173
41487.216816440741241 24.553600086296647476
41487.495115650061052 24.556023103248268313
41487.772774925862905 24.558440168051166808
41488.049814262871223 24.560851460473035246
41488.326310196243867 24.563257652074309334
41488.602346899737313 24.56565948037010827
41488.878034646470041 24.568057909383902881
41489.153509300558653 24.570454125067655582
41489.428929795481963 24.572849513220610618
41489.704426614720433 24.575245211381286481
41489.980147352929635 24.577642505132867967
41490.256299003827735 24.580043195604034167
41490.533105154732766 24.582449227063865038
41490.810805511464423 24.584862682702709691
41491.089654691822943 24.587285774059338905
41491.369921578036156 24.589720835317681491
41491.651889994929661 24.592170329122922112
41491.935863080987474 24.594636884457056425
41492.222164041275391 24.597123303057724542
41492.511129598075058 24.599632502425468061
41492.803110620610823 24.602167521209807433
41493.094098815403413 24.604693557652911551
41493.378534955343639 24.607162369152710824
41493.657493419996172 24.609583305046736967
41493.932015233796847 24.61196541947920835
41494.203139575954992 24.614317745279873151
41494.471942866774043 24.616649633288130161
41494.739588868746068 24.61897118690302122
41495.007318077914533 24.621293169764218334
41495.275981432139815 24.623622962114605883
41495.547303517298133 24.625975515166988572
41495.823435454010905 24.628369470274776631
41496.107154320707195 24.630828885003346329
41496.402162591388333 24.633385824325383595
41496.713551897977595 24.636084373023177108
41497.027219068528211 24.638802279834290943
41497.338074186271115 24.64149544464481778
41497.647027136546967 24.644171761625525363
41497.954963752119511 24.646838912143710587
41498.262765782528732 24.649504537960911676
41498.570960768971418 24.652173209809273402
41498.880417331456556 24.654852448810562038
41499.19211786393862 24.657550756961963856
41499.507198828541732 24.660277965246471865
41499.826918311555346 24.663044951960248596
41500.147688141441904 24.665820656499793273
41500.468213928397745 24.668593879644390654
41500.781731573981233 24.671306112920099451
41501.088028879741614 24.673955547060323568
41501.390827027091291 24.676574389785510988
41501.689967884558428 24.679161287222221688
41501.985884234469268 24.681719995008407409
41502.279150117457903 24.68425548793990032
41502.570207522840064 24.686771596802842055
41502.859391640871763 24.689271227370138462
41503.146950283779006 24.691756528820665295
41503.43305952387891 24.694229029332724679
41503.717836967378389 24.696689751142034908
41504.001353626641503 24.699139313403716045
41504.283644701186859 24.701578025551135909
41504.283644701186859 24.701578025551135909
41504.283644701186859 24.701578025551135909
41504.283644701186859 24.701578025551135909
41504.283644701186859 24.701578025551135909
41504.283644701186859 24.701578025551135909
