# Fix print output for fix log_pen
31502.936904857790068 48.707977230184091866
31502.982405647533596 48.70090616237222747
31503.027906437273487 48.693835094560363075
31503.073407227017015 48.686764026748498679
31503.118908016760543 48.679692958936634284
31503.164408806504071 48.672621891124769888
31503.209909596243961 48.665550823312905493
31503.255410385987489 48.658479755501041097
31503.300911175731017 48.651408687689176702
31503.346411965470907 48.644337619877312306
31503.391912755214435 48.637266552065447911
31503.437413544957963 48.630195484253583516
31503.482914334701491 48.62312441644171912
31503.528415124441381 48.616053348629854725
31503.573915914184909 48.608982280817990329
31503.619416703928437 48.601911213006125934
31503.664917493668327 48.594840145194261538
31503.710418283411855 48.587769077382397143
31503.755919073155383 48.580698009570532747
31503.801419862898911 48.573626941758668352
31503.846920652638801 48.566555873946803956
31503.892421442382329 48.559484806134939561
31503.937922232125857 48.552413738323075165
31503.983423021865747 48.54534267051121077
31504.028923811609275 48.538271602699346374
31504.074424601352803 48.531200534887481979
31504.119925391096331 48.524129467075617583
31504.165426180836221 48.517058399263753188
31504.210926970579749 48.509987331451888792
31504.256427760323277 48.502916263640024397
31504.301928550063167 48.495845195828160001
31504.347429339806695 48.488774128016295606
31504.392930129550223 48.48170306020443121
31504.438430919293751 48.474631992392566815
31504.483931709033641 48.467560924580702419
31504.529432498777169 48.460489856768838024
31504.574933288520697 48.453418788956973629
31504.620434078264225 48.446347721145109233
31504.665934868004115 48.439276653333244838
31504.711435657747643 48.432205585521380442
31504.756936447491171 48.425134517709516047
31504.802437237231061 48.418063449897651651
31504.847938026974589 48.410992382085787256
31504.893438816718117 48.40392131427392286
31504.938939606461645 48.396850246462058465
31504.984440396201535 48.389779178650194069
31505.029941185945063 48.382708110838329674
31505.075441975688591 48.375637043026465278
31505.120942765428481 48.368565975214600883
31505.166443555172009 48.361494907402736487
31505.211944344915537 48.354423839590872092
31505.257445134659065 48.347352771779007696
31505.302945924398955 48.340281703967143301
31505.348446714142483 48.333210636155278905
31505.393947503886011 48.32613956834341451
31505.439448293625901 48.319068500531550114
31505.484949083369429 48.311997432719685719
31505.530449873112957 48.304926364907821323
31505.575950662856485 48.297855297095956928
31505.621451452596375 48.290784229284092532
31505.666952242339903 48.283713161472228137
31505.712453032083431 48.276642093660363741
31505.757953821823321 48.269571025848499346
31505.803454611566849 48.262499958036634951
31505.848955401310377 48.255428890224770555
31505.894456191053905 48.24835782241290616
31505.939956980793795 48.241286754601041764
31505.985457770537323 48.234215686789177369
31506.030958560280851 48.227144618977312973
31506.076459350020741 48.220073551165448578
31506.121960139764269 48.213002483353584182
31506.167460929507797 48.205931415541719787
31506.212961719251325 48.198860347729855391
31506.258462508991215 48.191789279917990996
31506.303963298734743 48.1847182121061266
31506.349464088478271 48.177647144294262205
31506.394964878218161 48.170576076482397809
31506.440465667961689 48.163505008670533414
31506.485966457705217 48.156433940858669018
31506.531467247448745 48.149362873046804623
31506.576968037188635 48.142291805234940227
31506.622468826932163 48.135220737423075832
31506.667969616675691 48.128149669611211436
31506.713470406415581 48.121078601799347041
31506.758971196159109 48.114007533987482645
31506.804471985902637 48.10693646617561825
31506.849972775646165 48.099865398363753854
31506.895473565386055 48.092794330551889459
31506.940974355129583 48.085723262740025064
31506.986475144873111 48.078652194928160668
31507.031975934613001 48.071581127116296273
31507.077476724356529 48.064510059304431877
31507.122977514100057 48.057438991492567482
31507.168478303843585 48.050367923680703086
31507.213979093583475 48.043296855868838691
31507.259479883327003 48.036225788056974295
31507.304980673070531 48.0291547202451099
31507.350481462810421 48.022083652433245504
31507.395982252553949 48.015012584621381109
31507.441483042297477 48.007941516809516713
31507.486983832041005 48.000870448997652318
31507.532484621780895 47.993799381185787922
31507.577985411524423 47.986728313373923527
31507.623486201267951 47.979657245562059131
31507.668986991011479 47.972586177750194736
31507.714487780751369 47.96551510993833034
31507.759988570494897 47.958444042126465945
31507.805489360238425 47.951372974314601549
31507.850990149978315 47.944301906502737154
31507.896490939721843 47.937230838690872758
31507.941991729465371 47.930159770879008363
31507.987492519208899 47.923088703067143967
31508.032993308948789 47.916017635255279572
31508.078494098692317 47.908946567443415177
31508.123994888435845 47.901875499631550781
31508.169495678175736 47.894804431819686386
31508.214996467919264 47.88773336400782199
31508.260497257662792 47.880662296195957595
31508.30599804740632 47.873591228384093199
31508.35149883714621 47.866520160572228804
31508.396999626889738 47.859449092760364408
31508.442500416633266 47.852378024948500013
31508.488001206373156 47.845306957136635617
31508.533501996116684 47.838235889324771222
31508.579002785860212 47.831164821512906826
31508.62450357560374 47.824093753701042431
31508.67000436534363 47.817022685889178035
31508.715505155087158 47.80995161807731364
31508.761005944830686 47.802880550265449244
31508.806506734570576 47.795809482453584849
31508.852007524314104 47.788738414641720453
31508.897508314057632 47.781667346829856058
31508.94300910380116 47.774596279017991662
31508.98850989354105 47.767525211206127267
31509.034010683284578 47.760454143394262871
31509.079511473028106 47.753383075582398476
31509.125012262767996 47.74631200777053408
31509.170513052511524 47.739240939958669685
31509.216013842255052 47.73216987214680529
31509.26151463199858 47.725098804334940894
31509.30701542173847 47.718027736523076499
31509.352516211481998 47.710956668711212103
31509.398017001225526 47.703885600899347708
31509.443517790965416 47.696814533087483312
31509.489018580708944 47.689743465275618917
31509.534519370452472 47.682672397463754521
31509.580020160196 47.675601329651890126
31509.62552094993589 47.66853026184002573
31509.671021739679418 47.661459194028161335
31509.716522529422946 47.654388126216296939
31509.762023319162836 47.647317058404432544
31509.807524108906364 47.640245990592568148
31509.853024898649892 47.633174922780703753
31509.89852568839342 47.626103854968839357
31509.94402647813331 47.619032787156974962
31509.989527267876838 47.611961719345110566
31510.035028057620366 47.604890651533246171
31510.080528847360256 47.597819583721381775
31510.126029637103784 47.59074851590951738
31510.171530426847312 47.583677448097652984
31510.21703121659084 47.576606380285788589
31510.26253200633073 47.569535312473924193
31510.308032796074258 47.562464244662059798
31510.353533585817786 47.555393176850195402
31510.399034375557676 47.548322109038331007
31510.444535165301204 47.541251041226466612
31510.490035955044732 47.534179973414602216
31510.53553674478826 47.527108905602737821
31510.58103753452815 47.520037837790873425
31510.626538324271678 47.51296676997900903
31510.672039114015206 47.505895702167144634
31510.717539903758734 47.498824634355280239
31510.763040693498624 47.491753566543415843
31510.808541483242152 47.484682498731551448
31510.85404227298568 47.477611430919687052
31510.89954306272557 47.470540363107822657
31510.945043852469098 47.463469295295958261
31510.990544642212626 47.456398227484093866
31511.036045431956154 47.44932715967222947
31511.081546221696044 47.442256091860365075
31511.127047011439572 47.435185024048500679
31511.1725478011831 47.428113956236636284
31511.21804859092299 47.421042888424771888
31511.263549380666518 47.413971820612907493
31511.309050170410046 47.406900752801043097
31511.354550960153574 47.399829684989178702
31511.400051749893464 47.392758617177314306
31511.445552539636992 47.385687549365449911
31511.49105332938052 47.378616481553585515
31511.53655411912041 47.37154541374172112
31511.582054908863938 47.364474345929856725
31511.627555698607466 47.357403278117992329
31511.673056488350994 47.350332210306127934
31511.718557278090884 47.343261142494263538
31511.764058067834412 47.336190074682399143
31511.80955885757794 47.329119006870534747
31511.85505964731783 47.322047939058670352
31511.900560437061358 47.314976871246805956
31511.946061226804886 47.307905803434941561
31511.991562016548414 47.300834735623077165
31512.037062806288304 47.29376366781121277
31512.082563596031832 47.286692599999348374
31512.12806438577536 47.279621532187483979
31512.17356517551525 47.272550464375619583
31512.219065965258778 47.265479396563755188
31512.264566755002306 47.258408328751890792
31512.310067544745834 47.251337260940026397
31512.355568334485724 47.244266193128162001
31512.401069124229252 47.237195125316297606
31512.44656991397278 47.23012405750443321
31512.49207070371267 47.223052989692568815
31512.537571493456198 47.215981921880704419
31512.583072283199726 47.208910854068840024
31512.628573072943254 47.201839786256975628
31512.674073862683144 47.194768718445111233
31512.719574652426672 47.187697650633246838
31512.7650754421702 47.180626582821382442
31512.81057623191009 47.173555515009518047
31512.856077021653618 47.166484447197653651
31512.901577811397146 47.159413379385789256
31512.947078601140674 47.15234231157392486
31512.992579390880564 47.145271243762060465
31513.038080180624092 47.138200175950196069
31513.08358097036762 47.131129108138331674
31513.12908176010751 47.124058040326467278
31513.174582549851038 47.116986972514602883
31513.220083339594566 47.109915904702738487
31513.265584129338094 47.102844836890874092
31513.311084919077985 47.095773769079009696
31513.356585708821513 47.088702701267145301
31513.402086498565041 47.081631633455280905
31513.447587288304931 47.07456056564341651
31513.493088078048459 47.067489497831552114
31513.538588867791987 47.060418430019687719
31513.584089657535515 47.053347362207823323
31513.629590447275405 47.046276294395958928
31513.675091237018933 47.039205226584094532
31513.720592026762461 47.032134158772230137
31513.766092816505989 47.025063090960365741
31513.811593606245879 47.017992023148501346
31513.857094395989407 47.010920955336636951
31513.902595185732935 47.003849887524772555
31513.948095975472825 46.99677881971290816
31513.993596765216353 46.989707751901043764
31514.039097554959881 46.982636684089179369
31514.084598344703409 46.975565616277314973
31514.130099134443299 46.968494548465450578
31514.175599924186827 46.961423480653586182
31514.221100713930355 46.954352412841721787
31514.266601503670245 46.947281345029857391
31514.312102293413773 46.940210277217992996
31514.357603083157301 46.9331392094061286
31514.403103872900829 46.926068141594264205
31514.448604662640719 46.918997073782399809
31514.494105452384247 46.911926005970535414
31514.539606242127775 46.904854938158671018
31514.585107031867665 46.897783870346806623
31514.630607821611193 46.890712802534942227
31514.676108611354721 46.883641734723077832
31514.721609401098249 46.876570666911213436
31514.767110190838139 46.869499599099349041
31514.812610980581667 46.862428531287484645
31514.858111770325195 46.85535746347562025
31514.903612560065085 46.848286395663755854
31514.949113349808613 46.841215327851891459
31514.994614139552141 46.834144260040027063
31515.040114929295669 46.827073192228162668
31515.085615719035559 46.820002124416298273
31515.131116508779087 46.812931056604433877
31515.176617298522615 46.805859988792569482
31515.222118088262505 46.798788920980705086
31515.267618878006033 46.791717853168840691
31515.313119667749561 46.784646785356976295
31515.358620457493089 46.7775757175451119
31515.404121247232979 46.770504649733247504
31515.449622036976507 46.763433581921383109
31515.495122826720035 46.756362514109518713
31515.540623616459925 46.749291446297654318
31515.586124406203453 46.742220378485789922
31515.631625195946981 46.735149310673925527
31515.677125985690509 46.728078242862061131
31515.722626775430399 46.721007175050196736
31515.768127565173927 46.71393610723833234
31515.813628354917455 46.706865039426467945
31515.859129144657345 46.699793971614603549
31515.904629934400873 46.692722903802739154
31515.950130724144401 46.685651835990874758
31515.995631513887929 46.678580768179010363
31516.041132303627819 46.671509700367145967
31516.086633093371347 46.664438632555281572
31516.132133883114875 46.657367564743417176
31516.177634672854765 46.650296496931552781
31516.223135462598293 46.643225429119688386
31516.268636252341821 46.63615436130782399
31516.314137042085349 46.629083293495959595
31516.359637831825239 46.622012225684095199
31516.405138621568767 46.614941157872230804
31516.450639411312295 46.607870090060366408
31516.496140201052185 46.600799022248502013
31516.541640990795713 46.593727954436637617
31516.587141780539241 46.586656886624773222
31516.632642570282769 46.579585818812908826
31516.678143360022659 46.572514751001044431
31516.723644149766187 46.565443683189180035
31516.769144939509715 46.55837261537731564
31516.814645729253243 46.551301547565451244
31516.860146518993133 46.544230479753586849
31516.905647308736661 46.537159411941722453
31516.951148098480189 46.530088344129858058
31516.996648888220079 46.523017276317993662
31517.042149677963607 46.515946208506129267
31517.087650467707135 46.508875140694264871
31517.133151257450663 46.501804072882400476
31517.178652047190553 46.49473300507053608
31517.224152836934081 46.487661937258671685
31517.269653626677609 46.480590869446807289
31517.315154416417499 46.473519801634942894
31517.360655206161027 46.466448733823078499
31517.406155995904555 46.459377666011214103
31517.451656785648083 46.452306598199349708
31517.497157575387973 46.445235530387485312
31517.542658365131501 46.438164462575620917
31517.588159154875029 46.431093394763756521
31517.633659944614919 46.424022326951892126
31517.679160734358447 46.41695125914002773
31517.724661524101975 46.409880191328163335
31517.770162313845503 46.402809123516298939
31517.815663103585393 46.395738055704434544
31517.861163893328921 46.388666987892570148
31517.906664683072449 46.381595920080705753
31517.952165472812339 46.374524852268841357
31517.997666262555867 46.367453784456976962
31518.043167052299395 46.360382716645112566
31518.088667842042923 46.353311648833248171
31518.134168631782813 46.346240581021383775
31518.179669421526341 46.33916951320951938
31518.225170211269869 46.332098445397654984
31518.270671001009759 46.325027377585790589
31518.316171790753287 46.317956309773926193
31518.361672580496815 46.310885241962061798
31518.407173370240344 46.303814174150197402
31518.452674159980234 46.296743106338333007
31518.498174949723762 46.289672038526468612
31518.54367573946729 46.282600970714604216
31518.58917652920718 46.275529902902739821
31518.634677318950708 46.268458835090875425
31518.680178108694236 46.26138776727901103
31518.725678898437764 46.254316699467146634
31518.771179688177654 46.247245631655282239
31518.816680477921182 46.240174563843417843
31518.86218126766471 46.233103496031553448
31518.9076820574046 46.226032428219689052
31518.953182847148128 46.218961360407824657
31518.998683636891656 46.211890292595960261
31519.044184426635184 46.204819224784095866
31519.089685216375074 46.19774815697223147
31519.135186006118602 46.190677089160367075
31519.18068679586213 46.183606021348502679
31519.22618758560202 46.176534953536638284
31519.271688375345548 46.169463885724773888
31519.317189165089076 46.162392817912909493
31519.362689954832604 46.155321750101045097
31519.408190744572494 46.148250682289180702
31519.453691534316022 46.141179614477316306
31519.49919232405955 46.134108546665451911
31519.544693113803078 46.127037478853587515
31519.590193903542968 46.11996641104172312
31519.635694693286496 46.112895343229858724
31519.681195483030024 46.105824275417994329
31519.726696272769914 46.098753207606129934
31519.772197062513442 46.091682139794265538
31519.81769785225697 46.084611071982401143
31519.863198642000498 46.077540004170536747
31519.908699431740388 46.070468936358672352
31519.954200221483916 46.063397868546807956
31519.999701011227444 46.056326800734943561
31520.045201800967334 46.049255732923079165
31520.090702590710862 46.04218466511121477
31520.13620338045439 46.035113597299350374
31520.181704170197918 46.028042529487485979
31520.227204959937808 46.020971461675621583
31520.272705749681336 46.013900393863757188
31520.318206539424864 46.006829326051892792
31520.363707329164754 45.999758258240028397
31520.409208118908282 45.992687190428164001
31520.45470890865181 45.985616122616299606
31520.500209698395338 45.97854505480443521
31520.545710488135228 45.971473986992570815
31520.591211277878756 45.964402919180706419
31520.636712067622284 45.957331851368842024
31520.682212857362174 45.950260783556977628
31520.727713647105702 45.943189715745113233
31520.77321443684923 45.936118647933248837
31520.818715226592758 45.929047580121384442
31520.864216016332648 45.921976512309520047
31520.909716806076176 45.914905444497655651
31520.955217595819704 45.907834376685791256
31521.000718385559594 45.90076330887392686
31521.046219175303122 45.893692241062062465
31521.09171996504665 45.886621173250198069
31521.137220754790178 45.879550105438333674
31521.182721544530068 45.872479037626469278
31521.228222334273596 45.865407969814604883
31521.273723124017124 45.858336902002740487
31521.319223913757014 45.851265834190876092
31521.364724703500542 45.844194766379011696
31521.41022549324407 45.837123698567147301
31521.455726282987598 45.830052630755282905
31521.501227072727488 45.82298156294341851
31521.546727862471016 45.815910495131554114
31521.592228652214544 45.808839427319689719
31521.637729441954434 45.801768359507825323
31521.683230231697962 45.794697291695960928
31521.72873102144149 45.787626223884096532
31521.774231811185018 45.780555156072232137
31521.819732600924908 45.773484088260367741
31521.865233390668436 45.766413020448503346
31521.910734180411964 45.75934195263663895
31521.956234970151854 45.752270884824774555
31522.001735759895382 45.74519981701291016
31522.04723654963891 45.738128749201045764
31522.092737339382438 45.731057681389181369
31522.138238129122328 45.723986613577316973
31522.183738918865856 45.716915545765452578
31522.229239708609384 45.709844477953588182
31522.274740498349274 45.702773410141723787
31522.320241288092802 45.695702342329859391
31522.36574207783633 45.688631274517994996
31522.411242867579858 45.6815602067061306
31522.456743657319748 45.674489138894266205
31522.502244447063276 45.667418071082401809
31522.547745236806804 45.660347003270537414
31522.593246026550332 45.653275935458673018
31522.638746816290222 45.646204867646808623
31522.68424760603375 45.639133799834944227
31522.729748395777278 45.632062732023079832
31522.775249185517168 45.624991664211215436
31522.820749975260696 45.617920596399351041
31522.866250765004224 45.610849528587486645
31522.911751554747752 45.60377846077562225
31522.957252344487642 45.596707392963757854
31523.00275313423117 45.589636325151893459
31523.048253923974698 45.582565257340029063
31523.093754713714588 45.575494189528164668
31523.139255503458116 45.568423121716300273
31523.184756293201644 45.561352053904435877
31523.230257082945172 45.554280986092571482
31523.275757872685062 45.547209918280707086
31523.32125866242859 45.540138850468842691
31523.366759452172118 45.533067782656978295
31523.412260241912008 45.5259967148451139
31523.457761031655536 45.518925647033249504
31523.503261821399065 45.511854579221385109
31523.548762611142593 45.504783511409520713
31523.594263400882483 45.497712443597656318
31523.639764190626011 45.490641375785791922
31523.685264980369539 45.483570307973927527
31523.730765770109429 45.476499240162063131
31523.776266559852957 45.469428172350198736
31523.821767349596485 45.46235710453833434
31523.867268139340013 45.455286036726469945
31523.912768929079903 45.448214968914605549
31523.958269718823431 45.441143901102741154
31524.003770508566959 45.434072833290876758
31524.049271298306849 45.427001765479012363
31524.094772088050377 45.419930697667147967
31524.140272877793905 45.412859629855283572
31524.185773667537433 45.405788562043419176
31524.231274457277323 45.398717494231554781
31524.276775247020851 45.391646426419690386
31524.322276036764379 45.38457535860782599
31524.367776826504269 45.377504290795961595
31524.413277616247797 45.370433222984097199
31524.458778405991325 45.363362155172232804
31524.504279195734853 45.356291087360368408
31524.549779985474743 45.349220019548504013
31524.595280775218271 45.342148951736639617
31524.640781564961799 45.335077883924775222
31524.686282354701689 45.328006816112910826
31524.731783144445217 45.320935748301046431
31524.777283934188745 45.313864680489182035
31524.822784723932273 45.30679361267731764
31524.868285513672163 45.299722544865453244
31524.913786303415691 45.292651477053588849
31524.959287093159219 45.285580409241724453
31525.004787882899109 45.278509341429860058
31525.050288672642637 45.271438273617995662
31525.095789462386165 45.264367205806131267
31525.141290252129693 45.257296137994266871
31525.186791041869583 45.250225070182402476
31525.232291831613111 45.24315400237053808
31525.277792621356639 45.236082934558673685
31525.323293411096529 45.229011866746809289
31525.368794200840057 45.221940798934944894
31525.414294990583585 45.214869731123080498
31525.459795780327113 45.207798663311216103
31525.505296570067003 45.200727595499351708
31525.550797359810531 45.193656527687487312
31525.596298149554059 45.186585459875622917
31525.641798939297587 45.179514392063758521
31525.687299729037477 45.172443324251894126
31525.732800518781005 45.16537225644002973
31525.778301308524533 45.158301188628165335
31525.823802098264423 45.151230120816300939
31525.869302888007951 45.144159053004436544
31525.914803677751479 45.137087985192572148
31525.960304467495007 45.130016917380707753
31526.005805257234897 45.122945849568843357
31526.051306046978425 45.115874781756978962
31526.096806836721953 45.108803713945114566
31526.142307626461843 45.101732646133250171
31526.187808416205371 45.094661578321385775
31526.233309205948899 45.08759051050952138
31526.278809995692427 45.080519442697656984
31526.324310785432317 45.073448374885792589
31526.369811575175845 45.066377307073928193
31526.415312364919373 45.059306239262063798
31526.460813154659263 45.052235171450199402
31526.506313944402791 45.045164103638335007
31526.551814734146319 45.038093035826470611
31526.597315523889847 45.031021968014606216
31526.642816313629737 45.023950900202741821
31526.688317103373265 45.016879832390877425
31526.733817893116793 45.00980876457901303
31526.779318682856683 45.002737696767148634
31526.824819472600211 44.995666628955284239
31526.870320262343739 44.988595561143419843
31526.915821052087267 44.981524493331555448
31526.961321841827157 44.974453425519691052
31527.006822631570685 44.967382357707826657
31527.052323421314213 44.960311289895962261
31527.097824211054103 44.953240222084097866
31527.143325000797631 44.94616915427223347
31527.188825790541159 44.939098086460369075
31527.234326580284687 44.932027018648504679
31527.279827370024577 44.924955950836640284
31527.325328159768105 44.917884883024775888
31527.370828949511633 44.910813815212911493
31527.416329739251523 44.903742747401047097
31527.461830528995051 44.896671679589182702
31527.507331318738579 44.889600611777318306
31527.552832108482107 44.882529543965453911
31527.598332898221997 44.875458476153589515
31527.643833687965525 44.86838740834172512
31527.689334477709053 44.861316340529860724
31527.734835267448943 44.854245272717996329
31527.780336057192471 44.847174204906131934
31527.825836846935999 44.840103137094267538
31527.871337636679527 44.833032069282403143
31527.916838426419417 44.825961001470538747
31527.962339216162945 44.818889933658674352
31528.007840005906473 44.811818865846809956
31528.053340795646363 44.804747798034945561
31528.098841585389891 44.797676730223081165
31528.144342375133419 44.79060566241121677
31528.189843164876947 44.783534594599352374
31528.235343954616837 44.776463526787487979
31528.280844744360365 44.769392458975623583
31528.326345534103893 44.762321391163759188
31528.371846323843783 44.755250323351894792
31528.417347113587311 44.748179255540030397
31528.462847903330839 44.741108187728166001
31528.508348693074367 44.734037119916301606
31528.553849482814257 44.72696605210443721
31528.599350272557786 44.719894984292572815
31528.644851062301314 44.712823916480708419
31528.690351852044842 44.705752848668844024
31528.735852641784732 44.698681780856979628
31528.78135343152826 44.691610713045115233
31528.826854221271788 44.684539645233250837
31528.872355011011678 44.677468577421386442
31528.917855800755206 44.670397509609522047
31528.963356590498734 44.663326441797657651
31529.008857380242262 44.656255373985793256
31529.054358169982152 44.64918430617392886
31529.09985895972568 44.642113238362064465
31529.145359749469208 44.635042170550200069
31529.190860539209098 44.627971102738335674
31529.236361328952626 44.620900034926471278
31529.281862118696154 44.613828967114606883
31529.327362908439682 44.606757899302742487
31529.372863698179572 44.599686831490878092
31529.4183644879231 44.592615763679013696
31529.463865277666628 44.585544695867149301
31529.509366067406518 44.578473628055284905
31529.554866857150046 44.57140256024342051
31529.600367646893574 44.564331492431556114
31529.645868436637102 44.557260424619691719
31529.691369226376992 44.550189356807827323
31529.73687001612052 44.543118288995962928
31529.782370805864048 44.536047221184098532
31529.827871595603938 44.528976153372234137
31529.873372385347466 44.521905085560369741
31529.918873175090994 44.514834017748505346
31529.964373964834522 44.50776294993664095
31530.009874754574412 44.500691882124776555
31530.05537554431794 44.493620814312912159
31530.100876334061468 44.486549746501047764
31530.146377123801358 44.479478678689183369
31530.191877913544886 44.472407610877318973
31530.237378703288414 44.465336543065454578
31530.282879493031942 44.458265475253590182
31530.328380282771832 44.451194407441725787
31530.37388107251536 44.444123339629861391
31530.419381862258888 44.437052271817996996
31530.464882651998778 44.4299812040061326
31530.510383441742306 44.422910136194268205
31530.555884231485834 44.415839068382403809
31530.601385021229362 44.408768000570539414
31530.646885810969252 44.401696932758675018
31530.69238660071278 44.394625864946810623
31530.737887390456308 44.387554797134946227
31530.783388180196198 44.380483729323081832
31530.828888969939726 44.373412661511217436
31530.874389759683254 44.366341593699353041
31530.919890549426782 44.359270525887488645
31530.965391339166672 44.35219945807562425
31531.0108921289102 44.345128390263759854
31531.056392918653728 44.338057322451895459
31531.101893708393618 44.330986254640031063
31531.147394498137146 44.323915186828166668
31531.192895287880674 44.316844119016302272
31531.238396077624202 44.309773051204437877
31531.283896867364092 44.302701983392573482
31531.32939765710762 44.295630915580709086
31531.374898446851148 44.288559847768844691
31531.420399236591038 44.281488779956980295
31531.465900026334566 44.2744177121451159
31531.511400816078094 44.267346644333251504
31531.556901605821622 44.260275576521387109
31531.602402395561512 44.253204508709522713
31531.64790318530504 44.246133440897658318
31531.693403975048568 44.239062373085793922
31531.738904764792096 44.231991305273929527
31531.784405554531986 44.224920237462065131
31531.829906344275514 44.217849169650200736
31531.875407134019042 44.21077810183833634
31531.920907923758932 44.203707034026471945
31531.96640871350246 44.196635966214607549
31532.011909503245988 44.189564898402743154
31532.057410292989516 44.182493830590878758
31532.102911082729406 44.175422762779014363
31532.148411872472934 44.168351694967149967
31532.193912662216462 44.161280627155285572
31532.239413451956352 44.154209559343421176
31532.28491424169988 44.147138491531556781
31532.330415031443408 44.140067423719692385
31532.375915821186936 44.13299635590782799
31532.421416610926826 44.125925288095963595
31532.466917400670354 44.118854220284099199
31532.512418190413882 44.111783152472234804
31532.557918980153772 44.104712084660370408
31532.6034197698973 44.097641016848506013
31532.648920559640828 44.090569949036641617
31532.694421349384356 44.083498881224777222
31532.739922139124246 44.076427813412912826
31532.785422928867774 44.069356745601048431
31532.830923718611302 44.062285677789184035
31532.876424508351192 44.05521460997731964
31532.92192529809472 44.048143542165455244
31532.967426087838248 44.041072474353590849
31533.012926877581776 44.034001406541726453
31533.058427667321666 44.026930338729862058
31533.103928457065194 44.019859270917997662
31533.149429246808722 44.012788203106133267
31533.194930036548612 44.005717135294268871
31533.24043082629214 43.998646067482404476
31533.285931616035668 43.99157499967054008
31533.331432405779196 43.984503931858675685
31533.376933195519086 43.977432864046811289
31533.422433985262614 43.970361796234946894
31533.467934775006142 43.963290728423082498
31533.513435564746032 43.956219660611218103
31533.55893635448956 43.949148592799353708
31533.604437144233088 43.942077524987489312
31533.649937933976616 43.935006457175624917
31533.695438723716507 43.927935389363760521
31533.740939513460035 43.920864321551896126
31533.786440303203563 43.91379325374003173
31533.831941092943453 43.906722185928167335
31533.877441882686981 43.899651118116302939
31533.922942672430509 43.892580050304438544
31533.968443462174037 43.885508982492574148
31534.013944251913927 43.878437914680709753
31534.059445041657455 43.871366846868845357
31534.104945831400983 43.864295779056980962
31534.150446621140873 43.857224711245116566
31534.195947410884401 43.850153643433252171
31534.241448200627929 43.843082575621387775
31534.286948990371457 43.83601150780952338
31534.332449780111347 43.828940439997658984
31534.377950569854875 43.821869372185794589
31534.423451359598403 43.814798304373930193
31534.468952149338293 43.807727236562065798
31534.514452939081821 43.800656168750201402
31534.559953728825349 43.793585100938337007
31534.605454518568877 43.786514033126472611
31534.650955308308767 43.779442965314608216
31534.696456098052295 43.77237189750274382
31534.741956887795823 43.765300829690879425
31534.787457677539351 43.75822976187901503
31534.832958467279241 43.751158694067150634
31534.878459257022769 43.744087626255286239
31534.923960046766297 43.737016558443421843
31534.969460836506187 43.729945490631557448
31535.014961626249715 43.722874422819693052
31535.060462415993243 43.715803355007828657
31535.105963205736771 43.708732287195964261
31535.151463995476661 43.701661219384099866
31535.196964785220189 43.69459015157223547
31535.242465574963717 43.687519083760371075
31535.287966364703607 43.680448015948506679
31535.333467154447135 43.673376948136642284
31535.378967944190663 43.666305880324777888
31535.424468733934191 43.659234812512913493
31535.469969523674081 43.652163744701049097
31535.515470313417609 43.645092676889184702
31535.560971103161137 43.638021609077320306
31535.606471892901027 43.630950541265455911
31535.651972682644555 43.623879473453591515
31535.697473472388083 43.61680840564172712
31535.742974262131611 43.609737337829862724
31535.788475051871501 43.602666270017998329
31535.833975841615029 43.595595202206133933
31535.879476631358557 43.588524134394269538
31535.924977421098447 43.581453066582405143
31535.970478210841975 43.574381998770540747
31536.015979000585503 43.567310930958676352
31536.061479790329031 43.560239863146811956
31536.106980580068921 43.553168795334947561
31536.152481369812449 43.546097727523083165
31536.197982159555977 43.53902665971121877
31536.243482949295867 43.531955591899354374
31536.288983739039395 43.524884524087489979
31536.334484528782923 43.517813456275625583
31536.379985318526451 43.510742388463761188
31536.425486108266341 43.503671320651896792
31536.470986898009869 43.496600252840032397
31536.516487687753397 43.489529185028168001
31536.561988477493287 43.482458117216303606
31536.607489267236815 43.47538704940443921
31536.652990056980343 43.468315981592574815
31536.698490846723871 43.461244913780710419
31536.743991636463761 43.454173845968846024
31536.789492426207289 43.447102778156981628
31536.834993215950817 43.440031710345117233
31536.880494005690707 43.432960642533252837
31536.925994795434235 43.425889574721388442
31536.971495585177763 43.418818506909524046
31537.016996374921291 43.411747439097659651
31537.062497164661181 43.404676371285795256
31537.107997954404709 43.39760530347393086
31537.153498744148237 43.390534235662066465
31537.198999533888127 43.383463167850202069
31537.244500323631655 43.376392100038337674
31537.290001113375183 43.369321032226473278
31537.335501903118711 43.362249964414608883
31537.381002692858601 43.355178896602744487
31537.426503482602129 43.348107828790880092
31537.472004272345657 43.341036760979015696
31537.517505062085547 43.333965693167151301
31537.563005851829075 43.326894625355286905
31537.608506641572603 43.31982355754342251
31537.654007431316131 43.312752489731558114
31537.699508221056021 43.305681421919693719
31537.745009010799549 43.298610354107829323
31537.790509800543077 43.291539286295964928
31537.836010590286605 43.284468218484100532
31537.881511380026495 43.277397150672236137
31537.927012169770023 43.270326082860371741
31537.972512959513551 43.263255015048507346
31538.018013749253441 43.25618394723664295
31538.063514538996969 43.249112879424778555
31538.109015328740497 43.242041811612914159
31538.154516118484025 43.234970743801049764
31538.200016908223915 43.227899675989185369
31538.245517697967443 43.220828608177320973
31538.291018487710971 43.213757540365456578
31538.336519277450861 43.206686472553592182
31538.382020067194389 43.199615404741727787
31538.427520856937917 43.192544336929863391
31538.473021646681445 43.185473269117998996
31538.518522436421335 43.1784022013061346
31538.564023226164863 43.171331133494270205
31538.609524015908391 43.164260065682405809
31538.655024805648281 43.157188997870541414
31538.700525595391809 43.150117930058677018
31538.746026385135337 43.143046862246812623
31538.791527174878865 43.135975794434948227
31538.837027964618756 43.128904726623083832
31538.882528754362284 43.121833658811219436
31538.928029544105812 43.114762590999355041
31538.973530333845702 43.107691523187490645
31539.01903112358923 43.10062045537562625
31539.064531913332758 43.093549387563761854
31539.110032703076286 43.086478319751897459
31539.155533492816176 43.079407251940033063
31539.201034282559704 43.072336184128168668
31539.201034282559704 43.072336184128168668
31539.201034282559704 43.072336184128168668
31539.201034282559704 43.072336184128168668
31539.201034282559704 43.072336184128168668
31539.201034282559704 43.072336184128168668
31539.246535072303232 43.065265116316304272
31539.292035862043122 43.058194048504439877
31539.33753665178665 43.051122980692575481
31539.383037441530178 43.044051912880711086
31539.428538231273706 43.036980845068846691
31539.474039021013596 43.029909777256982295
31539.519539810757124 43.0228387094451179
31539.565040600500652 43.015767641633253504
31539.610541390240542 43.008696573821389109
31539.65604217998407 43.001625506009524713
31539.701542969727598 42.994554438197660318
31539.747043759471126 42.987483370385795922
31539.792544549211016 42.980412302573931527
31539.838045338954544 42.973341234762067131
31539.883546128698072 42.966270166950202736
31539.929046918437962 42.95919909913833834
31539.97454770818149 42.952128031326473945
31540.020048497925018 42.945056963514609549
31540.065549287668546 42.937985895702745154
31540.111050077408436 42.930914827890880758
31540.156550867151964 42.923843760079016363
31540.202051656895492 42.916772692267151967
31540.247552446635382 42.909701624455287572
31540.29305323637891 42.902630556643423176
31540.338554026122438 42.895559488831558781
31540.384054815865966 42.888488421019694385
31540.429555605605856 42.88141735320782999
31540.475056395349384 42.874346285395965594
31540.520557185092912 42.867275217584101199
31540.566057974832802 42.860204149772236804
31540.61155876457633 42.853133081960372408
31540.657059554319858 42.846062014148508013
31540.702560344063386 42.838990946336643617
31540.748061133803276 42.831919878524779222
31540.793561923546804 42.824848810712914826
31540.839062713290332 42.817777742901050431
31540.88456350303386 42.810706675089186035
31540.93006429277375 42.80363560727732164
31540.975565082517278 42.796564539465457244
31541.021065872260806 42.789493471653592849
31541.066566662000696 42.782422403841728453
31541.112067451744224 42.775351336029864058
31541.157568241487752 42.768280268217999662
31541.20306903123128 42.761209200406135267
31541.24856982097117 42.754138132594270871
31541.294070610714698 42.747067064782406476
31541.339571400458226 42.73999599697054208
31541.385072190198116 42.732924929158677685
31541.430572979941644 42.725853861346813289
31541.476073769685172 42.718782793534948894
31541.5215745594287 42.711711725723084498
31541.56707534916859 42.704640657911220103
31541.612576138912118 42.697569590099355707
31541.658076928655646 42.690498522287491312
31541.703577718395536 42.683427454475626917
31541.749078508139064 42.676356386663762521
31541.794579297882592 42.669285318851898126
31541.84008008762612 42.66221425104003373
31541.88558087736601 42.655143183228169335
31541.931081667109538 42.648072115416304939
31541.976582456853066 42.641001047604440544
31542.022083246592956 42.633929979792576148
31542.067584036336484 42.626858911980711753
31542.113084826080012 42.619787844168847357
31542.15858561582354 42.612716776356982962
31542.20408640556343 42.605645708545118566
31542.249587195306958 42.598574640733254171
31542.295087985050486 42.591503572921389775
31542.340588774790376 42.58443250510952538
31542.386089564533904 42.577361437297660984
31542.431590354277432 42.570290369485796589
31542.47709114402096 42.563219301673932193
31542.52259193376085 42.556148233862067798
31542.568092723504378 42.549077166050203402
31542.613593513247906 42.542006098238339007
31542.659094302987796 42.534935030426474611
31542.704595092731324 42.527863962614610216
31542.750095882474852 42.52079289480274582
31542.79559667221838 42.513721826990881425
31542.84109746195827 42.50665075917901703
31542.886598251701798 42.499579691367152634
31542.932099041445326 42.492508623555288239
31542.977599831185216 42.485437555743423843
31543.023100620928744 42.478366487931559448
31543.068601410672272 42.471295420119695052
31543.1141022004158 42.464224352307830657
31543.15960299015569 42.457153284495966261
31543.205103779899218 42.450082216684101866
31543.250604569642746 42.44301114887223747
31543.296105359382636 42.435940081060373075
31543.341606149126164 42.428869013248508679
31543.387106938869692 42.421797945436644284
31543.43260772861322 42.414726877624779888
31543.47810851835311 42.407655809812915493
31543.523609308096638 42.400584742001051097
31543.569110097840166 42.393513674189186702
31543.614610887580056 42.386442606377322306
31543.660111677323584 42.379371538565457911
31543.705612467067112 42.372300470753593515
31543.75111325681064 42.36522940294172912
31543.79661404655053 42.358158335129864724
31543.842114836294058 42.351087267318000329
31543.887615626037586 42.344016199506135933
31543.933116415781114 42.336945131694271538
31543.978617205521005 42.329874063882407143
31544.024117995264533 42.322802996070542747
31544.069618785008061 42.315731928258678352
31544.115119574747951 42.308660860446813956
31544.160620364491479 42.301589792634949561
31544.206121154235007 42.294518724823085165
31544.251621943978535 42.28744765701122077
31544.297122733718425 42.280376589199356374
31544.342623523461953 42.273305521387491979
31544.388124313205481 42.266234453575627583
31544.433625102945371 42.259163385763763188
31544.479125892688899 42.252092317951898792
31544.524626682432427 42.245021250140034397
31544.570127472175955 42.237950182328170001
31544.615628261915845 42.230879114516305606
31544.661129051659373 42.22380804670444121
31544.706629841402901 42.216736978892576815
31544.752130631142791 42.209665911080712419
31544.797631420886319 42.202594843268848024
31544.843132210629847 42.195523775456983628
31544.888633000373375 42.188452707645119233
31544.934133790113265 42.181381639833254837
31544.979634579856793 42.174310572021390442
31545.025135369600321 42.167239504209526046
31545.070636159340211 42.160168436397661651
31545.116136949083739 42.153097368585797255
31545.161637738827267 42.14602630077393286
31545.207138528570795 42.138955232962068465
31545.252639318310685 42.131884165150204069
31545.298140108054213 42.124813097338339674
31545.343640897797741 42.117742029526475278
31545.389141687537631 42.110670961714610883
31545.434642477281159 42.103599893902746487
31545.480143267024687 42.096528826090882092
31545.525644056768215 42.089457758279017696
31545.571144846508105 42.082386690467153301
31545.616645636251633 42.075315622655288905
31545.662146425995161 42.06824455484342451
31545.707647215735051 42.061173487031560114
31545.753148005478579 42.054102419219695719
31545.798648795222107 42.047031351407831323
31545.844149584965635 42.039960283595966928
31545.889650374705525 42.032889215784102532
31545.935151164449053 42.025818147972238137
31545.980651954192581 42.018747080160373741
31546.026152743932471 42.011676012348509346
31546.071653533675999 42.00460494453664495
31546.117154323419527 41.997533876724780555
31546.162655113163055 41.990462808912916159
31546.208155902902945 41.983391741101051764
31546.253656692646473 41.976320673289187368
31546.299157482390001 41.969249605477322973
31546.344658272129891 41.962178537665458578
31546.390159061873419 41.955107469853594182
31546.435659851616947 41.948036402041729787
31546.481160641360475 41.940965334229865391
31546.526661431100365 41.933894266418000996
31546.572162220843893 41.9268231986061366
31546.617663010587421 41.919752130794272205
31546.663163800327311 41.912681062982407809
31546.708664590070839 41.905609995170543414
31546.754165379814367 41.898538927358679018
31546.799666169557895 41.891467859546814623
31546.845166959297785 41.884396791734950227
31546.890667749041313 41.877325723923085832
31546.936168538784841 41.870254656111221436
31546.981669328528369 41.863183588299357041
31547.027170118268259 41.856112520487492645
31547.072670908011787 41.84904145267562825
31547.118171697755315 41.841970384863763854
31547.163672487495205 41.834899317051899459
31547.209173277238733 41.827828249240035063
31547.254674066982261 41.820757181428170668
31547.300174856725789 41.813686113616306272
31547.345675646465679 41.806615045804441877
31547.391176436209207 41.799543977992577481
31547.436677225952735 41.792472910180713086
31547.482178015692625 41.785401842368848691
31547.527678805436153 41.778330774556984295
31547.573179595179681 41.7712597067451199
31547.618680384923209 41.764188638933255504
31547.664181174663099 41.757117571121391109
31547.709681964406627 41.750046503309526713
31547.755182754150155 41.742975435497662318
31547.800683543890045 41.735904367685797922
31547.846184333633573 41.728833299873933527
31547.891685123377101 41.721762232062069131
31547.937185913120629 41.714691164250204736
31547.982686702860519 41.70762009643834034
31548.028187492604047 41.700549028626475945
31548.073688282347575 41.693477960814611549
31548.119189072087465 41.686406893002747154
31548.164689861830993 41.679335825190882758
31548.210190651574521 41.672264757379018363
31548.255691441318049 41.665193689567153967
31548.301192231057939 41.658122621755289572
31548.346693020801467 41.651051553943425176
31548.392193810544995 41.643980486131560781
31548.437694600284885 41.636909418319696385
31548.483195390028413 41.62983835050783199
31548.528696179771941 41.622767282695967594
31548.574196969515469 41.615696214884103199
31548.619697759255359 41.608625147072238804
31548.665198548998887 41.601554079260374408
31548.710699338742415 41.594483011448510013
31548.756200128482305 41.587411943636645617
31548.801700918225833 41.580340875824781222
31548.847201707969361 41.573269808012916826
31548.892702497712889 41.566198740201052431
31548.938203287452779 41.559127672389188035
31548.983704077196307 41.55205660457732364
31549.029204866939835 41.544985536765459244
31549.074705656679726 41.537914468953594849
31549.120206446423254 41.530843401141730453
31549.165707236166782 41.523772333329866058
31549.21120802591031 41.516701265518001662
31549.2567088156502 41.509630197706137267
31549.302209605393728 41.502559129894272871
31549.347710395137256 41.495488062082408476
31549.393211184877146 41.48841699427054408
31549.438711974620674 41.481345926458679685
31549.484212764364202 41.474274858646815289
31549.52971355410773 41.467203790834950894
31549.57521434384762 41.460132723023086498
31549.620715133591148 41.453061655211222103
31549.666215923334676 41.445990587399357707
31549.711716713074566 41.438919519587493312
31549.757217502818094 41.431848451775628916
31549.802718292561622 41.424777383963764521
31549.84821908230515 41.417706316151900126
31549.89371987204504 41.41063524834003573
31549.939220661788568 41.403564180528171335
31549.984721451532096 41.396493112716306939
31550.030222241275624 41.389422044904442544
31550.075723031015514 41.382350977092578148
31550.121223820759042 41.375279909280713753
31550.16672461050257 41.368208841468849357
31550.21222540024246 41.361137773656984962
31550.257726189985988 41.354066705845120566
31550.303226979729516 41.346995638033256171
31550.348727769473044 41.339924570221391775
31550.394228559212934 41.33285350240952738
31550.439729348956462 41.325782434597662984
31550.48523013869999 41.318711366785798589
31550.53073092843988 41.311640298973934193
31550.576231718183408 41.304569231162069798
31550.621732507926936 41.297498163350205402
31550.667233297670464 41.290427095538341007
31550.712734087410354 41.283356027726476611
31550.758234877153882 41.276284959914612216
31550.80373566689741 41.26921389210274782
31550.8492364566373 41.262142824290883425
31550.894737246380828 41.255071756479019029
31550.940238036124356 41.248000688667154634
31550.985738825867884 41.240929620855290239
31551.031239615607774 41.233858553043425843
31551.076740405351302 41.226787485231561448
31551.12224119509483 41.219716417419697052
31551.16774198483472 41.212645349607832657
31551.213242774578248 41.205574281795968261
31551.258743564321776 41.198503213984103866
31551.304244354065304 41.19143214617223947
31551.349745143805194 41.184361078360375075
31551.395245933548722 41.177290010548510679
31551.44074672329225 41.170218942736646284
31551.48624751303214 41.163147874924781888
31551.531748302775668 41.156076807112917493
31551.577249092519196 41.149005739301053097
31551.622749882262724 41.141934671489188702
31551.668250672002614 41.134863603677324306
31551.713751461746142 41.127792535865459911
31551.75925225148967 41.120721468053595515
31551.80475304122956 41.11365040024173112
31551.850253830973088 41.106579332429866724
31551.895754620716616 41.099508264618002329
31551.941255410460144 41.092437196806137933
31551.986756200200034 41.085366128994273538
31552.032256989943562 41.078295061182409142
31552.07775777968709 41.071223993370544747
31552.12325856942698 41.064152925558680352
31552.168759359170508 41.057081857746815956
31552.214260148914036 41.050010789934951561
31552.259760938657564 41.042939722123087165
31552.305261728397454 41.03586865431122277
31552.350762518140982 41.028797586499358374
31552.39626330788451 41.021726518687493979
31552.4417640976244 41.014655450875629583
31552.487264887367928 41.007584383063765188
31552.532765677111456 41.000513315251900792
31552.578266466854984 40.993442247440036397
31552.623767256594874 40.986371179628172001
31552.669268046338402 40.979300111816307606
31552.71476883608193 40.97222904400444321
31552.76026962582182 40.965157976192578815
31552.805770415565348 40.958086908380714419
31552.851271205308876 40.951015840568850024
31552.896771995052404 40.943944772756985628
31552.942272784792294 40.936873704945121233
31552.987773574535822 40.929802637133256837
31553.03327436427935 40.922731569321392442
31553.078775154022878 40.915660501509528046
31553.124275943762768 40.908589433697663651
31553.169776733506296 40.901518365885799255
31553.215277523249824 40.89444729807393486
31553.260778312989714 40.887376230262070465
31553.306279102733242 40.880305162450206069
31553.35177989247677 40.873234094638341674
31553.397280682220298 40.866163026826477278
31553.442781471960188 40.859091959014612883
31553.488282261703716 40.852020891202748487
31553.533783051447244 40.844949823390884092
31553.579283841187134 40.837878755579019696
31553.624784630930662 40.830807687767155301
31553.67028542067419 40.823736619955290905
31553.715786210417718 40.81666555214342651
31553.761287000157608 40.809594484331562114
31553.806787789901136 40.802523416519697719
31553.852288579644664 40.795452348707833323
31553.897789369384554 40.788381280895968928
31553.943290159128082 40.781310213084104532
31553.98879094887161 40.774239145272240137
31554.034291738615138 40.767168077460375741
31554.079792528355028 40.760097009648511346
31554.125293318098556 40.75302594183664695
31554.170794107842084 40.745954874024782555
31554.216294897581975 40.738883806212918159
31554.261795687325503 40.731812738401053764
31554.307296477069031 40.724741670589189368
31554.352797266812559 40.717670602777324973
31554.398298056552449 40.710599534965460577
31554.443798846295977 40.703528467153596182
31554.489299636039505 40.696457399341731787
31554.534800425779395 40.689386331529867391
31554.580301215522923 40.682315263718002996
31554.625802005266451 40.6752441959061386
31554.671302795009979 40.668173128094274205
31554.716803584749869 40.661102060282409809
31554.762304374493397 40.654030992470545414
31554.807805164236925 40.646959924658681018
31554.853305953976815 40.639888856846816623
31554.898806743720343 40.632817789034952227
31554.944307533463871 40.625746721223087832
31554.989808323207399 40.618675653411223436
31555.035309112947289 40.611604585599359041
31555.080809902690817 40.604533517787494645
31555.126310692434345 40.59746244997563025
31555.171811482174235 40.590391382163765854
31555.217312271917763 40.583320314351901459
31555.262813061661291 40.576249246540037063
31555.308313851404819 40.569178178728172668
31555.353814641144709 40.562107110916308272
31555.399315430888237 40.555036043104443877
31555.444816220631765 40.547964975292579481
31555.490317010371655 40.540893907480715086
31555.535817800115183 40.53382283966885069
31555.581318589858711 40.526751771856986295
31555.626819379602239 40.5196807040451219
31555.672320169342129 40.512609636233257504
31555.717820959085657 40.505538568421393109
31555.763321748829185 40.498467500609528713
31555.808822538572713 40.491396432797664318
31555.854323328312603 40.484325364985799922
31555.899824118056131 40.477254297173935527
31555.945324907799659 40.470183229362071131
31555.990825697539549 40.463112161550206736
31556.036326487283077 40.45604109373834234
31556.081827277026605 40.448970025926477945
31556.127328066770133 40.441898958114613549
31556.172828856510023 40.434827890302749154
31556.218329646253551 40.427756822490884758
31556.263830435997079 40.420685754679020363
31556.309331225736969 40.413614686867155967
31556.354832015480497 40.406543619055291572
31556.400332805224025 40.399472551243427176
31556.445833594967553 40.392401483431562781
31556.491334384707443 40.385330415619698385
31556.536835174450971 40.37825934780783399
31556.582335964194499 40.371188279995969594
31556.627836753934389 40.364117212184105199
31556.673337543677917 40.357046144372240803
31556.718838333421445 40.349975076560376408
31556.764339123164973 40.342904008748512013
31556.809839912904863 40.335832940936647617
31556.855340702648391 40.328761873124783222
31556.900841492391919 40.321690805312918826
31556.946342282131809 40.314619737501054431
31556.991843071875337 40.307548669689190035
31557.037343861618865 40.30047760187732564
31557.082844651362393 40.293406534065461244
31557.128345441102283 40.286335466253596849
31557.173846230845811 40.279264398441732453
31557.219347020589339 40.272193330629868058
31557.264847810329229 40.265122262818003662
31557.310348600072757 40.258051195006139267
31557.355849389816285 40.250980127194274871
31557.401350179559813 40.243909059382410476
31557.446850969299703 40.23683799157054608
31557.492351759043231 40.229766923758681685
31557.537852548786759 40.222695855946817289
31557.583353338526649 40.215624788134952894
31557.628854128270177 40.208553720323088498
31557.674354918013705 40.201482652511224103
31557.719855707757233 40.194411584699359707
31557.765356497497123 40.187340516887495312
31557.810857287240651 40.180269449075630916
31557.856358076984179 40.173198381263766521
31557.901858866724069 40.166127313451902126
31557.947359656467597 40.15905624564003773
31557.992860446211125 40.151985177828173335
31558.038361235954653 40.144914110016308939
31558.083862025694543 40.137843042204444544
31558.129362815438071 40.130771974392580148
31558.174863605181599 40.123700906580715753
31558.220364394921489 40.116629838768851357
31558.265865184665017 40.109558770956986962
31558.311365974408545 40.102487703145122566
31558.356866764152073 40.095416635333258171
31558.402367553891963 40.088345567521393775
31558.447868343635491 40.08127449970952938
31558.493369133379019 40.074203431897664984
31558.538869923118909 40.067132364085800589
31558.584370712862437 40.060061296273936193
31558.629871502605965 40.052990228462071798
31558.675372292349493 40.045919160650207402
31558.720873082089383 40.038848092838343007
31558.766373871832911 40.031777025026478611
31558.811874661576439 40.024705957214614216
31558.857375451319967 40.01763488940274982
31558.902876241059857 40.010563821590885425
31558.948377030803385 40.003492753779021029
31558.993877820546913 39.996421685967156634
31559.039378610286803 39.989350618155292238
31559.084879400030331 39.982279550343427843
31559.130380189773859 39.975208482531563448
31559.175880979517387 39.968137414719699052
31559.221381769257277 39.961066346907834657
31559.266882559000805 39.953995279095970261
31559.312383348744333 39.946924211284105866
31559.357884138484224 39.93985314347224147
31559.403384928227752 39.932782075660377075
31559.44888571797128 39.925711007848512679
31559.494386507714808 39.918639940036648284
31559.539887297454698 39.911568872224783888
31559.585388087198226 39.904497804412919493
31559.630888876941754 39.897426736601055097
31559.676389666681644 39.890355668789190702
31559.721890456425172 39.883284600977326306
31559.7673912461687 39.876213533165461911
31559.812892035912228 39.869142465353597515
31559.858392825652118 39.86207139754173312
31559.903893615395646 39.855000329729868724
31559.949394405139174 39.847929261918004329
31559.994895194879064 39.840858194106139933
31560.040395984622592 39.833787126294275538
31560.08589677436612 39.826716058482411142
31560.131397564109648 39.819644990670546747
31560.176898353849538 39.812573922858682351
31560.222399143593066 39.805502855046817956
31560.267899933336594 39.798431787234953561
31560.313400723076484 39.791360719423089165
31560.358901512820012 39.78428965161122477
31560.40440230256354 39.777218583799360374
31560.449903092307068 39.770147515987495979
31560.495403882046958 39.763076448175631583
31560.540904671790486 39.756005380363767188
31560.586405461534014 39.748934312551902792
31560.631906251273904 39.741863244740038397
31560.677407041017432 39.734792176928174001
31560.72290783076096 39.727721109116309606
31560.768408620504488 39.72065004130444521
31560.813909410244378 39.713578973492580815
31560.859410199987906 39.706507905680716419
31560.904910989731434 39.699436837868852024
31560.950411779471324 39.692365770056987628
31560.995912569214852 39.685294702245123233
31561.04141335895838 39.678223634433258837
31561.086914148701908 39.671152566621394442
31561.132414938441798 39.664081498809530046
31561.177915728185326 39.657010430997665651
31561.223416517928854 39.649939363185801255
31561.268917307668744 39.64286829537393686
31561.314418097412272 39.635797227562072464
31561.3599188871558 39.628726159750208069
31561.405419676899328 39.621655091938343674
31561.450920466639218 39.614584024126479278
31561.496421256382746 39.607512956314614883
31561.541922046126274 39.600441888502750487
31561.587422835866164 39.593370820690886092
31561.632923625609692 39.586299752879021696
31561.67842441535322 39.579228685067157301
31561.723925205096748 39.572157617255292905
31561.769425994836638 39.56508654944342851
31561.814926784580166 39.558015481631564114
31561.860427574323694 39.550944413819699719
31561.905928364067222 39.543873346007835323
31561.951429153807112 39.536802278195970928
31561.99692994355064 39.529731210384106532
31562.042430733294168 39.522660142572242137
31562.087931523034058 39.515589074760377741
31562.133432312777586 39.508518006948513346
31562.178933102521114 39.50144693913664895
31562.224433892264642 39.494375871324784555
31562.269934682004532 39.487304803512920159
31562.31543547174806 39.480233735701055764
31562.360936261491588 39.473162667889191368
31562.406437051231478 39.466091600077326973
31562.451937840975006 39.459020532265462577
31562.497438630718534 39.451949464453598182
31562.542939420462062 39.444878396641733787
31562.588440210201952 39.437807328829869391
31562.63394099994548 39.430736261018004996
31562.679441789689008 39.4236651932061406
31562.724942579428898 39.416594125394276205
31562.770443369172426 39.409523057582411809
31562.815944158915954 39.402451989770547414
31562.861444948659482 39.395380921958683018
31562.906945738399372 39.388309854146818623
31562.9524465281429 39.381238786334954227
31562.997947317886428 39.374167718523089832
31563.043448107626318 39.367096650711225436
31563.088948897369846 39.360025582899361041
31563.134449687113374 39.352954515087496645
31563.179950476856902 39.34588344727563225
31563.225451266596792 39.338812379463767854
31563.27095205634032 39.331741311651903459
31563.316452846083848 39.324670243840039063
31563.361953635823738 39.317599176028174668
31563.407454425567266 39.310528108216310272
31563.452955215310794 39.303457040404445877
31563.498456005054322 39.296385972592581481
31563.543956794794212 39.289314904780717086
31563.58945758453774 39.28224383696885269
31563.634958374281268 39.275172769156988295
31563.680459164021158 39.2681017013451239
31563.725959953764686 39.261030633533259504
31563.771460743508214 39.253959565721395109
31563.816961533251742 39.246888497909530713
31563.862462322991632 39.239817430097666318
31563.90796311273516 39.232746362285801922
31563.953463902478688 39.225675294473937527
31563.998964692218578 39.218604226662073131
31564.044465481962106 39.211533158850208736
31564.089966271705634 39.20446209103834434
31564.135467061449162 39.197391023226479945
31564.180967851189052 39.190319955414615549
31564.22646864093258 39.183248887602751154
31564.271969430676108 39.176177819790886758
31564.317470220415998 39.169106751979022363
31564.362971010159526 39.162035684167157967
31564.408471799903054 39.154964616355293572
31564.453972589646582 39.147893548543429176
31564.499473379386473 39.140822480731564781
31564.544974169130001 39.133751412919700385
31564.590474958873529 39.12668034510783599
31564.635975748613419 39.119609277295971594
31564.681476538356947 39.112538209484107199
31564.726977328100475 39.105467141672242803
31564.772478117844003 39.098396073860378408
31564.817978907583893 39.091325006048514012
31564.863479697327421 39.084253938236649617
31564.908980487070949 39.077182870424785222
31564.954481276814477 39.070111802612920826
31564.999982066554367 39.063040734801056431
31565.045482856297895 39.055969666989192035
31565.090983646041423 39.04889859917732764
31565.136484435781313 39.041827531365463244
31565.181985225524841 39.034756463553598849
31565.227486015268369 39.027685395741734453
31565.272986805011897 39.020614327929870058
31565.318487594751787 39.013543260118005662
31565.363988384495315 39.006472192306141267
31565.409489174238843 38.999401124494276871
31565.454989963978733 38.992330056682412476
31565.500490753722261 38.98525898887054808
31565.545991543465789 38.978187921058683685
31565.591492333209317 38.971116853246819289
31565.636993122949207 38.964045785434954894
31565.682493912692735 38.956974717623090498
31565.727994702436263 38.949903649811226103
31565.773495492176153 38.942832581999361707
31565.818996281919681 38.935761514187497312
31565.864497071663209 38.928690446375632916
31565.909997861406737 38.921619378563768521
31565.955498651146627 38.914548310751904125
31566.000999440890155 38.90747724294003973
31566.046500230633683 38.900406175128175335
31566.092001020373573 38.893335107316310939
31566.137501810117101 38.886264039504446544
31566.183002599860629 38.879192971692582148
31566.228503389604157 38.872121903880717753
31566.274004179344047 38.865050836068853357
31566.319504969087575 38.857979768256988962
31566.365005758831103 38.850908700445124566
31566.410506548570993 38.843837632633260171
31566.456007338314521 38.836766564821395775
31566.501508128058049 38.82969549700953138
31566.547008917801577 38.822624429197666984
31566.592509707541467 38.815553361385802589
31566.638010497284995 38.808482293573938193
31566.683511287028523 38.801411225762073798
31566.729012076768413 38.794340157950209402
31566.774512866511941 38.787269090138345007
31566.820013656255469 38.780198022326480611
31566.865514445998997 38.773126954514616216
31566.911015235738887 38.76605588670275182
31566.956516025482415 38.758984818890887425
31567.002016815225943 38.751913751079023029
31567.047517604965833 38.744842683267158634
31567.093018394709361 38.737771615455294238
31567.138519184452889 38.730700547643429843
31567.184019974196417 38.723629479831565448
31567.229520763936307 38.716558412019701052
31567.275021553679835 38.709487344207836657
31567.320522343423363 38.702416276395972261
31567.366023133163253 38.695345208584107866
31567.411523922906781 38.68827414077224347
31567.457024712650309 38.681203072960379075
31567.502525502393837 38.674132005148514679
31567.548026292133727 38.667060937336650284
31567.593527081877255 38.659989869524785888
31567.639027871620783 38.652918801712921493
31567.684528661360673 38.645847733901057097
31567.730029451104201 38.638776666089192702
31567.775530240847729 38.631705598277328306
31567.821031030591257 38.624634530465463911
31567.866531820331147 38.617563462653599515
31567.912032610074675 38.61049239484173512
31567.957533399818203 38.603421327029870724
31568.003034189561731 38.596350259218006329
31568.048534979301621 38.589279191406141933
31568.094035769045149 38.582208123594277538
31568.139536558788677 38.575137055782413142
31568.185037348528567 38.568065987970548747
31568.230538138272095 38.560994920158684351
31568.276038928015623 38.553923852346819956
31568.321539717759151 38.546852784534955561
31568.367040507499041 38.539781716723091165
31568.412541297242569 38.53271064891122677
31568.458042086986097 38.525639581099362374
31568.503542876725987 38.518568513287497979
31568.549043666469515 38.511497445475633583
31568.594544456213043 38.504426377663769188
31568.640045245956571 38.497355309851904792
31568.685546035696461 38.490284242040040397
31568.731046825439989 38.483213174228176001
31568.776547615183517 38.476142106416311606
31568.822048404923407 38.46907103860444721
31568.867549194666935 38.461999970792582815
31568.913049984410463 38.454928902980718419
31568.958550774153991 38.447857835168854024
31569.004051563893881 38.440786767356989628
31569.049552353637409 38.433715699545125233
31569.095053143380937 38.426644631733260837
31569.140553933120827 38.419573563921396442
31569.186054722864355 38.412502496109532046
31569.231555512607883 38.405431428297667651
31569.277056302351411 38.398360360485803255
31569.322557092091301 38.39128929267393886
31569.368057881834829 38.384218224862074464
31569.413558671578357 38.377147157050210069
31569.459059461318247 38.370076089238345673
31569.504560251061775 38.363005021426481278
31569.550061040805303 38.355933953614616883
31569.595561830548831 38.348862885802752487
31569.641062620288722 38.341791817990888092
31569.68656341003225 38.334720750179023696
31569.732064199775778 38.327649682367159301
31569.777564989515668 38.320578614555294905
31569.823065779259196 38.31350754674343051
31569.868566569002724 38.306436478931566114
31569.914067358746252 38.299365411119701719
31569.959568148486142 38.292294343307837323
31570.00506893822967 38.285223275495972928
31570.050569727973198 38.278152207684108532
31570.096070517713088 38.271081139872244137
31570.141571307456616 38.264010072060379741
31570.187072097200144 38.256939004248515346
31570.232572886943672 38.24986793643665095
31570.278073676683562 38.242796868624786555
31570.32357446642709 38.235725800812922159
31570.369075256170618 38.228654733001057764
31570.414576045910508 38.221583665189193368
31570.460076835654036 38.214512597377328973
31570.505577625397564 38.207441529565464577
31570.551078415141092 38.200370461753600182
31570.596579204880982 38.193299393941735786
31570.64207999462451 38.186228326129871391
31570.687580784368038 38.179157258318006996
31570.733081574107928 38.1720861905061426
31570.778582363851456 38.165015122694278205
31570.824083153594984 38.157944054882413809
31570.869583943338512 38.150872987070549414
31570.915084733078402 38.143801919258685018
31570.96058552282193 38.136730851446820623
31571.006086312565458 38.129659783634956227
31571.051587102308986 38.122588715823091832
31571.097087892048876 38.115517648011227436
31571.142588681792404 38.108446580199363041
31571.188089471535932 38.101375512387498645
31571.233590261275822 38.09430444457563425
31571.27909105101935 38.087233376763769854
31571.324591840762878 38.080162308951905459
31571.370092630506406 38.073091241140041063
31571.415593420246296 38.066020173328176668
31571.461094209989824 38.058949105516312272
31571.506594999733352 38.051878037704447877
31571.552095789473242 38.044806969892583481
31571.59759657921677 38.037735902080719086
31571.643097368960298 38.03066483426885469
31571.688598158703826 38.023593766456990295
31571.734098948443716 38.016522698645125899
31571.779599738187244 38.009451630833261504
31571.825100527930772 38.002380563021397109
31571.870601317670662 37.995309495209532713
31571.91610210741419 37.988238427397668318
31571.961602897157718 37.981167359585803922
31572.007103686901246 37.974096291773939527
31572.052604476641136 37.967025223962075131
31572.098105266384664 37.959954156150210736
31572.143606056128192 37.95288308833834634
31572.189106845868082 37.945812020526481945
31572.23460763561161 37.938740952714617549
31572.280108425355138 37.931669884902753154
31572.325609215098666 37.924598817090888758
31572.371110004838556 37.917527749279024363
31572.416610794582084 37.910456681467159967
31572.462111584325612 37.903385613655295572
31572.507612374065502 37.896314545843431176
31572.55311316380903 37.889243478031566781
31572.598613953552558 37.882172410219702385
31572.644114743296086 37.87510134240783799
31572.689615533035976 37.868030274595973594
31572.735116322779504 37.860959206784109199
31572.780617112523032 37.853888138972244803
31572.826117902262922 37.846817071160380408
31572.87161869200645 37.839746003348516012
31572.917119481749978 37.832674935536651617
31572.962620271493506 37.825603867724787222
31573.008121061233396 37.818532799912922826
31573.053621850976924 37.811461732101058431
31573.099122640720452 37.804390664289194035
31573.144623430460342 37.79731959647732964
31573.19012422020387 37.790248528665465244
31573.235625009947398 37.783177460853600849
31573.281125799690926 37.776106393041736453
31573.326626589430816 37.769035325229872058
31573.372127379174344 37.761964257418007662
31573.417628168917872 37.754893189606143267
31573.463128958657762 37.747822121794278871
31573.50862974840129 37.740751053982414476
31573.554130538144818 37.73367998617055008
31573.599631327888346 37.726608918358685685
31573.645132117628236 37.719537850546821289
31573.690632907371764 37.712466782734956894
31573.736133697115292 37.705395714923092498
31573.781634486855182 37.698324647111228103
31573.82713527659871 37.691253579299363707
31573.872636066342238 37.684182511487499312
31573.918136856085766 37.677111443675634916
31573.963637645825656 37.670040375863770521
31574.009138435569184 37.662969308051906125
31574.054639225312712 37.65589824024004173
31574.10014001505624 37.648827172428177334
31574.14564080479613 37.641756104616312939
31574.191141594539658 37.634685036804448544
31574.236642384283186 37.627613968992584148
31574.282143174023076 37.620542901180719753
31574.327643963766604 37.613471833368855357
31574.373144753510132 37.606400765556990962
31574.41864554325366 37.599329697745126566
31574.46414633299355 37.592258629933262171
31574.509647122737078 37.585187562121397775
31574.555147912480606 37.57811649430953338
31574.600648702220496 37.571045426497668984
31574.646149491964024 37.563974358685804589
31574.691650281707552 37.556903290873940193
31574.73715107145108 37.549832223062075798
31574.782651861190971 37.542761155250211402
31574.828152650934499 37.535690087438347007
31574.873653440678027 37.528619019626482611
31574.919154230417917 37.521547951814618216
31574.964655020161445 37.51447688400275382
31575.010155809904973 37.507405816190889425
31575.055656599648501 37.500334748379025029
31575.101157389388391 37.493263680567160634
31575.146658179131919 37.486192612755296238
31575.192158968875447 37.479121544943431843
31575.237659758615337 37.472050477131567447
31575.283160548358865 37.464979409319703052
31575.328661338102393 37.457908341507838657
31575.374162127845921 37.450837273695974261
31575.419662917585811 37.443766205884109866
31575.465163707329339 37.43669513807224547
31575.510664497072867 37.429624070260381075
31575.556165286812757 37.422553002448516679
31575.601666076556285 37.415481934636652284
31575.647166866299813 37.408410866824787888
31575.692667656043341 37.401339799012923493
31575.738168445783231 37.394268731201059097
31575.783669235526759 37.387197663389194702
31575.829170025270287 37.380126595577330306
31575.874670815010177 37.373055527765465911
31575.920171604753705 37.365984459953601515
31575.965672394497233 37.35891339214173712
31576.011173184240761 37.351842324329872724
31576.056673973980651 37.344771256518008329
31576.102174763724179 37.337700188706143933
31576.147675553467707 37.330629120894279538
31576.193176343207597 37.323558053082415142
31576.238677132951125 37.316486985270550747
31576.284177922694653 37.309415917458686351
31576.329678712438181 37.302344849646821956
31576.375179502178071 37.29527378183495756
31576.420680291921599 37.288202714023093165
31576.466181081665127 37.28113164621122877
31576.511681871405017 37.274060578399364374
31576.557182661148545 37.266989510587499979
31576.602683450892073 37.259918442775635583
31576.648184240635601 37.252847374963771188
31576.693685030375491 37.245776307151906792
31576.739185820119019 37.238705239340042397
31576.784686609862547 37.231634171528178001
31576.830187399602437 37.224563103716313606
31576.875688189345965 37.21749203590444921
31576.921188979089493 37.210420968092584815
31576.966689768833021 37.203349900280720419
31577.012190558572911 37.196278832468856024
31577.057691348316439 37.189207764656991628
31577.103192138059967 37.182136696845127233
31577.148692927803495 37.175065629033262837
31577.194193717543385 37.167994561221398442
31577.239694507286913 37.160923493409534046
31577.285195297030441 37.153852425597669651
31577.330696086770331 37.146781357785805255
31577.376196876513859 37.13971028997394086
31577.421697666257387 37.132639222162076464
31577.467198456000915 37.125568154350212069
31577.512699245740805 37.118497086538347673
31577.558200035484333 37.111426018726483278
31577.603700825227861 37.104354950914618883
31577.649201614967751 37.097283883102754487
31577.694702404711279 37.090212815290890092
31577.740203194454807 37.083141747479025696
31577.785703984198335 37.076070679667161301
31577.831204773938225 37.068999611855296905
31577.876705563681753 37.06192854404343251
31577.922206353425281 37.054857476231568114
31577.967707143165171 37.047786408419703719
31578.013207932908699 37.040715340607839323
31578.058708722652227 37.033644272795974928
31578.104209512395755 37.026573204984110532
31578.149710302135645 37.019502137172246137
31578.195211091879173 37.012431069360381741
31578.240711881622701 37.005360001548517346
31578.286212671362591 36.99828893373665295
31578.331713461106119 36.991217865924788555
31578.377214250849647 36.984146798112924159
31578.422715040593175 36.977075730301059764
31578.468215830333065 36.970004662489195368
31578.513716620076593 36.962933594677330973
31578.559217409820121 36.955862526865466577
31578.604718199560011 36.948791459053602182
31578.650218989303539 36.941720391241737786
31578.695719779047067 36.934649323429873391
31578.741220568790595 36.927578255618008995
31578.786721358530485 36.9205071878061446
31578.832222148274013 36.913436119994280205
31578.877722938017541 36.906365052182415809
31578.923223727757431 36.899293984370551414
31578.968724517500959 36.892222916558687018
31579.014225307244487 36.885151848746822623
31579.059726096988015 36.878080780934958227
31579.105226886727905 36.871009713123093832
31579.150727676471433 36.863938645311229436
31579.196228466214961 36.856867577499365041
31579.241729255954851 36.849796509687500645
31579.287230045698379 36.84272544187563625
31579.332730835441907 36.835654374063771854
31579.378231625185435 36.828583306251907459
31579.423732414925325 36.821512238440043063
31579.469233204668853 36.814441170628178668
31579.514733994412381 36.807370102816314272
31579.560234784152271 36.800299035004449877
31579.605735573895799 36.793227967192585481
31579.651236363639327 36.786156899380721086
31579.696737153382855 36.77908583156885669
31579.742237943122745 36.772014763756992295
31579.787738732866273 36.764943695945127899
31579.833239522609801 36.757872628133263504
31579.878740312349692 36.750801560321399108
31579.92424110209322 36.743730492509534713
31579.969741891836748 36.736659424697670318
31580.015242681580276 36.729588356885805922
31580.060743471320166 36.722517289073941527
31580.106244261063694 36.715446221262077131
31580.151745050807222 36.708375153450212736
31580.19724584055075 36.70130408563834834
31580.24274663029064 36.694233017826483945
31580.288247420034168 36.687161950014619549
31580.333748209777696 36.680090882202755154
31580.379248999517586 36.673019814390890758
31580.424749789261114 36.665948746579026363
31580.470250579004642 36.658877678767161967
31580.51575136874817 36.651806610955297572
31580.56125215848806 36.644735543143433176
31580.606752948231588 36.637664475331568781
31580.652253737975116 36.630593407519704385
31580.697754527715006 36.62352233970783999
31580.743255317458534 36.616451271895975594
31580.788756107202062 36.609380204084111199
31580.83425689694559 36.602309136272246803
31580.87975768668548 36.595238068460382408
31580.925258476429008 36.588167000648518012
31580.970759266172536 36.581095932836653617
31581.016260055912426 36.574024865024789221
31581.061760845655954 36.566953797212924826
31581.107261635399482 36.559882729401060431
31581.15276242514301 36.552811661589196035
31581.1982632148829 36.54574059377733164
31581.243764004626428 36.538669525965467244
31581.289264794369956 36.531598458153602849
31581.334765584109846 36.524527390341738453
31581.380266373853374 36.517456322529874058
31581.425767163596902 36.510385254718009662
31581.47126795334043 36.503314186906145267
31581.51676874308032 36.496243119094280871
31581.562269532823848 36.489172051282416476
31581.607770322567376 36.48210098347055208
31581.653271112307266 36.475029915658687685
31581.698771902050794 36.467958847846823289
31581.744272691794322 36.460887780034958894
31581.78977348153785 36.453816712223094498
31581.83527427127774 36.446745644411230103
31581.880775061021268 36.439674576599365707
31581.926275850764796 36.432603508787501312
31581.971776640504686 36.425532440975636916
31582.017277430248214 36.418461373163772521
31582.062778219991742 36.411390305351908125
31582.10827900973527 36.40431923754004373
31582.15377979947516 36.397248169728179334
31582.199280589218688 36.390177101916314939
31582.244781378962216 36.383106034104450544
31582.290282168702106 36.376034966292586148
31582.335782958445634 36.368963898480721753
31582.381283748189162 36.361892830668857357
31582.42678453793269 36.354821762856992962
31582.47228532767258 36.347750695045128566
31582.517786117416108 36.340679627233264171
31582.563286907159636 36.333608559421399775
31582.608787696899526 36.32653749160953538
31582.654288486643054 36.319466423797670984
31582.699789276386582 36.312395355985806589
31582.74529006613011 36.305324288173942193
31582.79079085587 36.298253220362077798
31582.836291645613528 36.291182152550213402
31582.881792435357056 36.284111084738349007
31582.927293225096946 36.277040016926484611
31582.972794014840474 36.269968949114620216
31583.018294804584002 36.26289788130275582
31583.06379559432753 36.255826813490891425
31583.10929638406742 36.248755745679027029
31583.154797173810948 36.241684677867162634
31583.200297963554476 36.234613610055298238
31583.245798753298004 36.227542542243433843
31583.291299543037894 36.220471474431569447
31583.336800332781422 36.213400406619705052
31583.38230112252495 36.206329338807840657
31583.42780191226484 36.199258270995976261
31583.473302702008368 36.192187203184111866
31583.518803491751896 36.18511613537224747
31583.564304281495424 36.178045067560383075
31583.609805071235314 36.170973999748518679
31583.655305860978842 36.163902931936654284
31583.70080665072237 36.156831864124789888
31583.74630744046226 36.149760796312925493
31583.791808230205788 36.142689728501061097
31583.837309019949316 36.135618660689196702
31583.882809809692844 36.128547592877332306
31583.928310599432734 36.121476525065467911
31583.973811389176262 36.114405457253603515
31584.01931217891979 36.10733438944173912
31584.06481296865968 36.100263321629874724
31584.110313758403208 36.093192253818010329
31584.155814548146736 36.086121186006145933
31584.201315337890264 36.079050118194281538
31584.246816127630154 36.071979050382417142
31584.292316917373682 36.064907982570552747
31584.33781770711721 36.057836914758688351
31584.3833184968571 36.050765846946823956
31584.428819286600628 36.04369477913495956
31584.474320076344156 36.036623711323095165
31584.519820866087684 36.029552643511230769
31584.565321655827574 36.022481575699366374
31584.610822445571102 36.015410507887501979
31584.65632323531463 36.008339440075637583
31584.70182402505452 36.001268372263773188
31584.70182402505452 36.001268372263773188
31584.70182402505452 36.001268372263773188
31584.70182402505452 36.001268372263773188
31584.70182402505452 36.001268372263773188
31584.70182402505452 36.001268372263773188
31584.747324814798048 35.994197304451908792
31584.792825604537938 35.987126236640044397
31584.838326394281466 35.980055168828180001
31584.883827184024994 35.972984101016315606
31584.929327973768522 35.96591303320445121
31584.974828763508413 35.958841965392586815
31585.020329553251941 35.951770897580722419
31585.065830342995469 35.944699829768858024
31585.111331132735359 35.937628761956993628
31585.156831922478887 35.930557694145129233
31585.202332712222415 35.923486626333264837
31585.247833501965943 35.916415558521400442
31585.293334291705833 35.909344490709536046
31585.338835081449361 35.902273422897671651
31585.384335871192889 35.895202355085807255
31585.429836660932779 35.88813128727394286
31585.475337450676307 35.881060219462078464
31585.520838240419835 35.873989151650214069
31585.566339030163363 35.866918083838349673
31585.611839819903253 35.859847016026485278
31585.657340609646781 35.852775948214620882
31585.702841399390309 35.845704880402756487
31585.748342189130199 35.838633812590892092
31585.793842978873727 35.831562744779027696
31585.839343768617255 35.824491676967163301
31585.884844558360783 35.817420609155298905
31585.930345348100673 35.81034954134343451
31585.975846137844201 35.803278473531570114
31586.021346927587729 35.796207405719705719
31586.066847717327619 35.789136337907841323
31586.112348507071147 35.782065270095976928
31586.157849296814675 35.774994202284112532
31586.203350086558203 35.767923134472248137
31586.248850876298093 35.760852066660383741
31586.294351666041621 35.753780998848519346
31586.339852455785149 35.74670993103665495
31586.385353245528677 35.739638863224790555
31586.430854035268567 35.732567795412926159
31586.476354825012095 35.725496727601061764
31586.521855614755623 35.718425659789197368
31586.567356404495513 35.711354591977332973
31586.612857194239041 35.704283524165468577
31586.658357983982569 35.697212456353604182
31586.703858773726097 35.690141388541739786
31586.749359563465987 35.683070320729875391
31586.794860353209515 35.675999252918010995
31586.840361142953043 35.6689281851061466
31586.885861932692933 35.661857117294282205
31586.931362722436461 35.654786049482417809
31586.976863512179989 35.647714981670553414
31587.022364301923517 35.640643913858689018
31587.067865091663407 35.633572846046824623
31587.113365881406935 35.626501778234960227
31587.158866671150463 35.619430710423095832
31587.204367460890353 35.612359642611231436
31587.249868250633881 35.605288574799367041
31587.295369040377409 35.598217506987502645
31587.340869830120937 35.59114643917563825
31587.386370619860827 35.584075371363773854
31587.431871409604355 35.577004303551909459
31587.477372199347883 35.569933235740045063
31587.522872989087773 35.562862167928180668
31587.568373778831301 35.555791100116316272
31587.613874568574829 35.548720032304451877
31587.659375358318357 35.541648964492587481
31587.704876148058247 35.534577896680723086
31587.750376937801775 35.52750682886885869
31587.795877727545303 35.520435761056994295
31587.841378517285193 35.513364693245129899
31587.886879307028721 35.506293625433265504
31587.932380096772249 35.499222557621401108
31587.977880886515777 35.492151489809536713
31588.023381676255667 35.485080421997672318
31588.068882465999195 35.478009354185807922
31588.114383255742723 35.470938286373943527
31588.159884045482613 35.463867218562079131
31588.205384835226141 35.456796150750214736
31588.250885624969669 35.44972508293835034
31588.296386414713197 35.442654015126485945
31588.341887204453087 35.435582947314621549
31588.387387994196615 35.428511879502757154
31588.432888783940143 35.421440811690892758
31588.478389573680033 35.414369743879028363
31588.523890363423561 35.407298676067163967
31588.569391153167089 35.400227608255299572
31588.614891942910617 35.393156540443435176
31588.660392732650507 35.386085472631570781
31588.705893522394035 35.379014404819706385
31588.751394312137563 35.37194333700784199
31588.796895101877453 35.364872269195977594
31588.842395891620981 35.357801201384113199
31588.887896681364509 35.350730133572248803
31588.933397471108037 35.343659065760384408
31588.978898260847927 35.336587997948520012
31589.024399050591455 35.329516930136655617
31589.069899840334983 35.322445862324791221
31589.115400630074873 35.315374794512926826
31589.160901419818401 35.30830372670106243
31589.206402209561929 35.301232658889198035
31589.251902999305457 35.29416159107733364
31589.297403789045347 35.287090523265469244
31589.342904578788875 35.280019455453604849
31589.388405368532403 35.272948387641740453
31589.433906158275931 35.265877319829876058
31589.479406948015821 35.258806252018011662
31589.524907737759349 35.251735184206147267
31589.570408527502877 35.244664116394282871
31589.615909317242767 35.237593048582418476
31589.661410106986295 35.23052198077055408
31589.706910896729823 35.223450912958689685
31589.752411686473351 35.216379845146825289
31589.797912476213241 35.209308777334960894
31589.843413265956769 35.202237709523096498
31589.888914055700297 35.195166641711232103
31589.934414845440187 35.188095573899367707
31589.979915635183715 35.181024506087503312
31590.025416424927243 35.173953438275638916
31590.070917214670772 35.166882370463774521
31590.116418004410662 35.159811302651910125
31590.16191879415419 35.15274023484004573
31590.207419583897718 35.145669167028181334
31590.252920373637608 35.138598099216316939
31590.298421163381136 35.131527031404452543
31590.343921953124664 35.124455963592588148
31590.389422742868192 35.117384895780723753
31590.434923532608082 35.110313827968859357
31590.48042432235161 35.103242760156994962
31590.525925112095138 35.096171692345130566
31590.571425901835028 35.089100624533266171
31590.616926691578556 35.082029556721401775
31590.662427481322084 35.07495848890953738
31590.707928271065612 35.067887421097672984
31590.753429060805502 35.060816353285808589
31590.79892985054903 35.053745285473944193
31590.844430640292558 35.046674217662079798
31590.889931430032448 35.039603149850215402
31590.935432219775976 35.032532082038351007
31590.980933009519504 35.025461014226486611
31591.026433799263032 35.018389946414622216
31591.071934589002922 35.01131887860275782
31591.11743537874645 35.004247810790893425
31591.162936168489978 34.997176742979029029
31591.208436958229868 34.990105675167164634
31591.253937747973396 34.983034607355300238
31591.299438537716924 34.975963539543435843
31591.344939327460452 34.968892471731571447
31591.390440117200342 34.961821403919707052
31591.43594090694387 34.954750336107842656
31591.481441696687398 34.947679268295978261
31591.526942486427288 34.940608200484113866
31591.572443276170816 34.93353713267224947
31591.617944065914344 34.926466064860385075
31591.663444855657872 34.919394997048520679
31591.708945645397762 34.912323929236656284
31591.75444643514129 34.905252861424791888
31591.799947224884818 34.898181793612927493
31591.845448014624708 34.891110725801063097
31591.890948804368236 34.884039657989198702
31591.936449594111764 34.876968590177334306
31591.981950383855292 34.869897522365469911
31592.027451173595182 34.862826454553605515
31592.07295196333871 34.85575538674174112
31592.118452753082238 34.848684318929876724
31592.163953542822128 34.841613251118012329
31592.209454332565656 34.834542183306147933
31592.254955122309184 34.827471115494283538
31592.300455912052712 34.820400047682419142
31592.345956701792602 34.813328979870554747
31592.39145749153613 34.806257912058690351
31592.436958281279658 34.799186844246825956
31592.482459071023186 34.79211577643496156
31592.527959860763076 34.785044708623097165
31592.573460650506604 34.777973640811232769
31592.618961440250132 34.770902572999368374
31592.664462229990022 34.763831505187503979
31592.70996301973355 34.756760437375639583
31592.755463809477078 34.749689369563775188
31592.800964599220606 34.742618301751910792
31592.846465388960496 34.735547233940046397
31592.891966178704024 34.728476166128182001
31592.937466968447552 34.721405098316317606
31592.982967758187442 34.71433403050445321
31593.02846854793097 34.707262962692588815
31593.073969337674498 34.700191894880724419
31593.119470127418026 34.693120827068860024
31593.164970917157916 34.686049759256995628
31593.210471706901444 34.678978691445131233
31593.255972496644972 34.671907623633266837
31593.301473286384862 34.664836555821402442
31593.34697407612839 34.657765488009538046
31593.392474865871918 34.650694420197673651
31593.437975655615446 34.643623352385809255
31593.483476445355336 34.63655228457394486
31593.528977235098864 34.629481216762080464
31593.574478024842392 34.622410148950216069
31593.619978814582282 34.615339081138351673
31593.66547960432581 34.608268013326487278
31593.710980394069338 34.601196945514622882
31593.756481183812866 34.594125877702758487
31593.801981973552756 34.587054809890894091
31593.847482763296284 34.579983742079029696
31593.892983553039812 34.572912674267165301
31593.938484342779702 34.565841606455300905
31593.98398513252323 34.55877053864343651
31594.029485922266758 34.551699470831572114
31594.074986712010286 34.544628403019707719
31594.120487501750176 34.537557335207843323
31594.165988291493704 34.530486267395978928
31594.211489081237232 34.523415199584114532
31594.256989870977122 34.516344131772250137
31594.30249066072065 34.509273063960385741
31594.347991450464178 34.502201996148521346
31594.393492240207706 34.49513092833665695
31594.438993029947596 34.488059860524792555
31594.484493819691124 34.480988792712928159
31594.529994609434652 34.473917724901063764
31594.575495399174542 34.466846657089199368
31594.62099618891807 34.459775589277334973
31594.666496978661598 34.452704521465470577
31594.711997768405126 34.445633453653606182
31594.757498558145016 34.438562385841741786
31594.802999347888544 34.431491318029877391
31594.848500137632072 34.424420250218012995
31594.894000927371962 34.4173491824061486
31594.93950171711549 34.410278114594284204
31594.985002506859018 34.403207046782419809
31595.030503296602546 34.396135978970555414
31595.076004086342436 34.389064911158691018
31595.121504876085964 34.381993843346826623
31595.167005665829493 34.374922775534962227
31595.212506455569383 34.367851707723097832
31595.258007245312911 34.360780639911233436
31595.303508035056439 34.353709572099369041
31595.349008824799967 34.346638504287504645
31595.394509614539857 34.33956743647564025
31595.440010404283385 34.332496368663775854
31595.485511194026913 34.325425300851911459
31595.531011983770441 34.318354233040047063
31595.576512773510331 34.311283165228182668
31595.622013563253859 34.304212097416318272
31595.667514352997387 34.297141029604453877
31595.713015142737277 34.290069961792589481
31595.758515932480805 34.282998893980725086
31595.804016722224333 34.27592782616886069
31595.849517511967861 34.268856758356996295
31595.895018301707751 34.261785690545131899
31595.940519091451279 34.254714622733267504
31595.986019881194807 34.247643554921403108
31596.031520670938335 34.240572487109567135
31596.077021460681863 34.2335014192980438
31596.122522250432667 34.226430351487252324
31596.168023040198022 34.219359283677697192
31596.213523829985206 34.212288215869982366
31596.25902461980877 34.205217148064789967
31596.304525409686903 34.198146080262901592
31596.350026199637796 34.191075012465176997
31596.395526989683276 34.184003944672568309
31596.441027779845172 34.176932876886120027
31596.486528570156224 34.169861809106954809
31596.5320293606419 34.162790741336280576
31596.577530151338578 34.155719673575390516
31596.623030942279001 34.148648605825670188
31596.668531733503187 34.141577538088576205
31596.714032525051152 34.134506470365657549
31596.759533316962916 34.127435402658541364
31596.805034109289409 34.120364334968947162
31596.850534902074287 34.113293267298658407
31596.89603569537212 34.10622219964955093
31596.94153648923384 34.09915113202357162
31596.987037283714017 34.092080064422759733
31597.032538078870857 34.085008996849225582
31597.078038874762569 34.077937929305150533
31597.123539671450999 34.070866861792808322
31597.169040469001629 34.063795794314543741
31597.214541267483582 34.056724726872815268
31597.260042066962342 34.049653659470529021
31597.305542867514305 34.042582592110989026
31597.351043669219507 34.035511524797826155
31597.396544472161622 34.028440457535005237
31597.4420452764316 34.021369390326832161
31597.487546082120389 34.014298323177932559
31597.533046889326215 34.007227256093273127
31597.578547698150942 34.000156189078140301
31597.624048508700071 33.993085122138140264
31597.669549321090017 33.986014055279213153
31597.715050135433557 33.978942988507604639
31597.760550951847108 33.971871921829887242
31597.806051770457998 33.964800855252953227
31597.851552591397194 33.957729788783993286
31597.897053414792026 33.95065872243051075
31597.942554240780737 33.943587656200328695
31597.98805506950157 33.936516590101568625
31598.033555901100044 33.929445524142657575
31598.079056735725317 33.922374458332328118
31598.124557573526545 33.915303392679604144
31598.170058414660161 33.908232327193815081
31598.2155592592826 33.901161261884581677
31598.261060107557569 33.894090196761823108
31598.306560959652415 33.887019131835742769
31598.352061815734487 33.879948067116835375
31598.397562675974768 33.872877002615886965
31598.44306354055152 33.865805938343967796
31598.488564409643004 33.858734874312425234
31598.534065283431119 33.851663810532897969
31598.579566162101401 33.844592747017294698
31598.625067045843025 33.837521683777808335
31598.670567934848805 33.830450620826894692
31598.716068829311553 33.823379558177293802
31598.76156972942772 33.816308495842299919
31598.807070635404671 33.809237433835882314
31598.85257154744977 33.802166372172543163
31598.898072465784935 33.795095310867345972
31598.94357339063572 33.788024249936121635
31598.989074322234956 33.780953189395269476
31599.034575260833662 33.77388212926173594
31599.080076206686499 33.766811069552993274
31599.125577160059038 33.75974001028704663
31599.171078121231403 33.752668951482434068
31599.216579090483719 33.745597893158340241
31599.262080068117939 33.73852683533487351
31599.307581054446928 33.731455778032781723
31599.353082049794466 33.724384721273466425
31599.398583054498886 33.717313665078940232
31599.444084068916709 33.710242609471848141
31599.489585093411733 33.70317155447545332
31599.535086128365947 33.696100500113637111
31599.580587174172251 33.689029446410891921
31599.626088231234462 33.681958393392314122
31599.671589299970947 33.674887341083596937
31599.717090380810987 33.667816289511044658
31599.762591474198416 33.66074523870155133
31599.808092580587982 33.653674188682593638
31599.853593700445344 33.646603139482238021
31599.89909483424708 33.639532091129140667
31599.944595982484316 33.632461043652519095
31599.990097145655454 33.625389997082173466
31600.035598324277089 33.618318951448479481
31600.081099518865813 33.611247906782367068
31600.126600729960046 33.604176863115512219
31600.172101958105486 33.597105820480464899
31600.217603203858744 33.590034778910577984
31600.263104467787343 33.582963738439985946
31600.308605750473362 33.575892699103626171
31600.354107052509789 33.568821660937210538
31600.399608374500531 33.561750623977239627
31600.445109717060404 33.554679588260974299
31600.490611080815142 33.547608553826449906
31600.536112466397753 33.540537520712454977
31600.581613874455797 33.533466488958545426
31600.627115305647749 33.526395458605023236
31600.672616760639357 33.519324429692936462
31600.718118240107287 33.512253402264072122
31600.763619744739117 33.505182376360949092
31600.8091212752297 33.498111352026818111
31600.854622832284804 33.491040329305654666
31600.900124416621111 33.483969308242159002
31600.945626028962579 33.476898288881749011
31600.991127670040441 33.469827271270546021
31601.036629340600484 33.462756255455531118
31601.082131041395769 33.455685241484481196
31601.127632773186633 33.44861422940594764
31601.173134536747966 33.441543219269249221
31601.218636332858296 33.43447221112445078
31601.264138162314339 33.427401205022384545
31601.309640025916451 33.420330201014628813
31601.355141924472264 33.41325919915350795
31601.40064385880396 33.406188199492085289
31601.446145829737361 33.39911720208415602
31601.49164783811284 33.392046206984254297
31601.537149884774408 33.384975214247631925
31601.58265197057699 33.377904223930272565
31601.628154096382787 33.370833236088870422
31601.673656263061275 33.363762250780837348
31601.719158471492847 33.356691268064295741
31601.764660722565168 33.349620287998071433
31601.810163017169543 33.342549310641700799
31601.855665356208192 33.335478336055409443
31601.901167740594246 33.328407364300126403
31601.946670171240839 33.321336395437505473
31601.992172649072018 33.314265429530038887
31602.037675175019103 33.307194466641128372
31602.083177750024333 33.300123506835042519
31602.12868037503722 33.293052550176895465
31602.17418305101819 33.285981596732639787
31602.219685778927669 33.2789106465690665
31602.265188559740636 33.271839699753797959
31602.310691394442983 33.264768756355287849
31602.356194284020603 33.257697816442828298
31602.401697229470301 33.250626880086521453
31602.447200231799798 33.2435559473573079
31602.492703292020451 33.236485018326945351
31602.538206411154533 33.229414093068001534
31602.583709590227954 33.222343171653889726
31602.629212830277538 33.215272254159167176
31602.674716132354661 33.208201340659400103
31602.720219497521612 33.201130431231007378
31602.765722926851595 33.194059525951281842
31602.811226421432366 33.186988624898376088
31602.856729982362594 33.17991772815130247
31602.902233610751864 33.172846835789940201
31602.94773730772431 33.165775947895028253
31602.993241074414982 33.158705064548158248
31603.038744911973481 33.15163418583178867
31603.084248821556685 33.144563311829479346
31603.12975280433966 33.137492442626140132
31603.175256861508387 33.130421578307860386
31603.220760994267039 33.123350718961908967
31603.266265203830699 33.116279864676720024
31603.31176949143628 33.109209015541900101
31603.357273858327972 33.102138171648384457
31603.402778305764514 33.095067333088458383
31603.448282835026475 33.08799649995572878
31603.493787447408977 33.080925672345131261
31603.539292144214414 33.073854850352923052
31603.584796926767012 33.066784034076690091
31603.630301796405547 33.059713223615347033
31603.675806754479709 33.052642419069137247
31603.721311802357377 33.045571620539639923
31603.766816941417346 33.038500828129770071
31603.8123221730566 33.031430041943778519
31603.857827498683037 33.024359262087251921
31603.903332919719105 33.01728848866711985
31603.948838437601808 33.010217721791669021
31603.994344053782697 33.003146961570557494
31604.039849769731518 32.996076208115049155
31604.085355586928927 32.989005461538091879
31604.130861506877409 32.981934721954310419
31604.176367531101278 32.974863989479956672
31604.22187366113576 32.967793264232945205
31604.267379898541549 32.960722546332824834
31604.312886244897527 32.95365183590082836
31604.358392701797129 32.946581133059851254
31604.403899270855618 32.939510437934487186
31604.449405953710084 32.932439750651020915
31604.494912752008531 32.925369071337478033
31604.540419667428068 32.918298400123724434
31604.585926701660355 32.911227737141395266
31604.63143385641888 32.904157082523902034
31604.676941133438959 32.897086436406439702
31604.722448534477735 32.890015798926000912
31604.767956061310542 32.882945170221397291
31604.81346371573818 32.875874550433259458
31604.858971499576 32.868803939704065442
31604.904479414668458 32.86173333817814779
31604.94998746287456 32.854662746001707774
31604.995495646082418 32.847592163322829606
31605.041003966194694 32.840521590291508858
31605.086512425139517 32.833451027059645355
31605.132021024863207 32.826380473781085811
31605.177529767337546 32.819309930611609616
31605.223038654556149 32.812239397708978572
31605.268547688534454 32.805168875232936898
31605.314056871309731 32.798098363345218331
31605.359566204941075 32.791027862209780608
31605.405075691520324 32.783957371992642038
31605.450585333161143 32.776886892861753608
31605.496095132013579 32.769816424986991876
31605.541605090249504 32.762745968540201602
31605.587115210069896 32.75567552369519575
31605.632625493708474 32.748605090627805225
31605.678135943424422 32.741534669515864664
31605.723646561509668 32.73446426053926217
31605.769157350277965 32.727393863879953528
31605.814668312079448 32.720323479721969306
31605.860179449289717 32.71325310825145749
31605.905690764313476 32.7061827496567048
31605.951202259584534 32.699112404128136689
31605.996713937569439 32.692042071858374186
31606.042225800760207 32.684971753042241005
31606.087737851681595 32.677901447876777752
31606.133250092887465 32.670831156561284558
31606.17876252696442 32.663760879297420558
31606.224275156524527 32.656690616289374418
31606.269787984223512 32.649620367744148552
31606.31530101275348 32.642550133871282014
31606.360814244842913 32.635479914882886021
31606.406327683263953 32.628409710993643955
31606.451841330817842 32.62133952242084689
31606.497355190353119 32.614269349384436225
31606.5428692647547 32.607199192107195529
31606.58838355694752 32.600129050815283449
31606.633898069903807 32.593058925738070286
31606.679412806639448 32.585988817107889304
31606.724927770221257 32.578918725160015413
31606.770442963759706 32.571848650132714909
31606.815958390416199 32.564778592267245472
31606.861474053399434 32.557708551807920117
31606.906989955961762 32.550638529002235089
31606.952506101402832 32.543568524101182504
31606.998022493080498 32.536498537359157979
31607.043539134392631 32.529428569034024576
31607.089056028791674 32.522358619387127021
31607.134573179773724 32.515288688683313012
31607.180090590893087 32.5082187771910327
31607.225608265747724 32.501148885182544745
31607.271126207990164 32.494079012933795525
31607.316644421331148 32.487009160724412027
31607.362162909528706 32.479939328837758694
31607.407681676395441 32.472869517560958741
31607.453200725798524 32.465799727184936785
31607.498720061659697 32.458729958004447269
31607.544239687955269 32.451660210318131305
31607.589759608716122 32.444590484428537991
31607.635279828024068 32.437520780642159934
31607.680800350019126 32.430451099269482995
31607.726321178895887 32.423381440625028915
31607.771842318903509 32.416311805027383741
31607.81736377434936 32.409242192799247562
31607.862885549591738 32.402172604267484246
31607.908407649050787 32.39510303976314276
31607.953930077197583 32.388033499621521116
31607.99945283856141 32.380963984182209003
31608.044975937733398 32.373894493789116211
31608.090499379359244 32.366825028790536578
31608.136023168139218 32.359755589539190623
31608.181547308835434 32.352686176392275286
31608.227071806264576 32.34561678971149945
31608.272596665308811 32.338547429863155003
31608.318121890904877 32.331478097218152357
31608.363647488051356 32.324408792152063086
31608.40917346180504 32.317339515045198084
31608.454699817284563 32.310270266282643092
31608.500226559670409 32.303201046254315543
31608.545753694204905 32.296131855355035611
31608.591281226188585 32.289062693984817543
31608.636809160987468 32.28199356254891228
31608.682337504036695 32.274924461457842995
31608.727866260833252 32.267855391127483244
31608.773395436939609 32.260786351979106712
31608.818925037990994 32.25371734443947247
31608.86445506968812 32.246648368940633134
31608.909985537808097 32.239579425919991706
31608.955516448197159 32.232510515820365526
31609.001047806777933 32.225441639090121271
31609.04657961954581 32.218372796183267326
31609.092111892565299 32.211303987559489315
31609.137644631984585 32.204235213684256678
31609.183177844020975 32.197166475028879518
31609.22871153496817 32.190097772070593862
31609.27424571119991 32.183029105292639827
31609.319780379162694 32.17596047518432556
31609.365315545386693 32.168891882241133828
31609.410851216474839 32.161823326964771752
31609.456387399117375 32.154754809863284493
31609.501924100077304 32.147686331451126307
31609.547461326201301 32.140617892249238707
31609.592999084419716 32.133549492785142832
31609.638537381742935 32.126481133593031814
31609.684076225268655 32.119412815213856049
31609.729615622174606 32.112344538195415566
31609.775155579725833 32.105276303092502133
31609.820696105274692 32.098208110466920573
31609.866237206268124 32.09113996088742482
31609.911778890240384 32.084071854929831602
31609.957321164823952 32.077003793177219393
31610.002864037742256 32.069935776219828938
31610.048407516824227 32.062867804655290627
31610.093951609993383 32.055799879088702653
31610.139496325275104 32.04873200013271628
31610.185041670792998 32.041664168407642421
31610.230587654779811 32.034596384541558223
31610.276134285570151 32.027528649170442065
31610.321681571604131 32.020460962938500415
31610.367229521434638 32.013393326497997293
31610.412778143727337 32.006325740509318223
31610.45832744726431 31.999258205641137209
31610.503877440944052 31.992190722570377659
31610.549428133788751 31.985123291982311855
31610.594979534933373 31.978055914570536089
31610.64053165364021 31.970988591036981319
31610.686084499295248 31.963921322092030408
31610.731638081411802 31.956854108454649577
31610.777192409626878 31.949786950852526957
31610.82274749370481 31.942719850022221806
31610.86830334354454 31.935652806709679652
31610.913859969179612 31.928585821670505851
31610.959417380781815 31.921518895669880322
31611.004975588672096 31.91445202948266413
31611.050534603306005 31.907385223893545145
31611.096094435288251 31.900318479697194363
31611.14165509536906 31.893251797698425776
31611.187216594451456 31.886185178712352695
31611.232778943580342 31.879118623564544066
31611.278342153957055 31.872052133091195003
31611.323906236935727 31.864985708139297316
31611.369471204019646 31.857919349566802936
31611.415037066875811 31.850853058242801552
31611.460603837324015 31.843786835047737327
31611.506171527344122 31.836720680873590084
31611.551740149083344 31.829654596624052942
31611.597309714845323 31.822588583214724167
31611.642880237108329 31.815522641573284801
31611.688451728507061 31.80845677263968696
31611.734024201854481 31.801390977366359891
31611.779597670130897 31.794325256718398265
31611.825172146491241 31.787259611673764681
31611.870747644268704 31.780194043223492173
31611.916324176971102 31.77312855237209277
31611.96190175828815 31.766063140137845267
31612.007480402095098 31.758997807552940884
31612.053060122456372 31.751932555663707092
31612.098640933618299 31.74486738553083498
31612.14422285002729 31.737802298229610187
31612.189805886318936 31.730737294850147379
31612.235390057325276 31.723672376497624725
31612.280975378078438 31.716607544292536147
31612.326561863810639 31.709542799370915134
31612.372149529957824 31.702478142884508827
31612.417738392170577 31.695413576001151057
31612.463328466306848 31.688349099905217088
31612.508919768446503 31.681284715797936258
31612.55451231488405 31.67422042489769396
31612.600106122143188 31.667156228440230592
31612.645701206973172 31.660092127678915119
31612.691297586352448 31.653028123885061262
31612.736895277492295 31.645964218348161978
31612.782494297840458 31.638900412376166571
31612.828094665088429 31.631836707295772015
31612.873696397167805 31.624773104452724937
31612.919299512253929 31.617709605212130697
31612.9649040287768 31.610646210958801561
31613.010509965421079 31.60358292309752315
31613.056117341122444 31.596519743053370632
31613.101726175078511 31.589456672272032023
31613.147336486752465 31.582393712220131476
31613.192948295873066 31.575330864385573904
31613.238561622445559 31.568268130277882477
31613.2841764867444 31.561205511428536141
31613.329792909324169 31.554143009391335539
31613.375410911019571 31.547080625742754734
31613.421030512956349 31.540018362082310688
31613.466651736547647 31.532956220032929195
31613.512274603501282 31.525894201241328574
31613.557899135819753 31.518832307378406909
31613.603525355814782 31.511770540139629304
31613.649153286103683 31.504708901245425778
31613.694782949609362 31.497647392441599834
31613.740414369574864 31.490586015499747674
31613.786047569559742 31.483524772217673871
31613.8316825734546 31.47646366441981769
31613.877319405477465 31.469402693957583494
31613.922958090184693 31.462341862709703122
31613.968598652470973 31.455281172582694182
31614.014241117576603 31.44822062551131836
31614.059885511094762 31.441160223459025502
31614.105531858978793 31.434099968418443893
31614.151180187534919 31.427039862411849214
31614.196830523444078 31.419979907491647708
31614.242482893754641 31.412920105740877119
31614.288137325889693 31.405860459273714724
31614.333793847661582 31.398800970235981822
31614.379452487264643 31.391741640805673086
31614.425113273293391 31.384682473193478813
31614.470776234738878 31.377623469643385334
31614.516441400995973 31.370564632433300289
31614.562108801877912 31.363505963875599747
31614.607778467609023 31.356447466317703743
31614.653450428842916 31.349389142142644715
31614.699124716658844 31.342330993769660807
31614.744801362576254 31.335273023654799829
31614.790480398558429 31.328215234291519664
31614.836161857016123 31.321157628211327761
31614.88184577082211 31.314100207984530755
31614.927532173307554 31.307042976220728292
31614.973221098287468 31.299985935569438311
31615.0189125800498 31.292929088720956798
31615.06460665337363 31.285872438407015039
31615.1103033535328 31.278815987401440424
31615.15600271630683 31.271759738520866989
31615.20170477798456 31.264703694625435304
31615.247409575378697 31.257647858619431958
31615.293117145825818 31.25059223345197168
31615.338827527197282 31.24353682211773986
31615.384540757910145 31.236481627657735061
31615.430256876930798 31.22942665316022115
31615.475975923796796 31.222371901761523105
31615.521697938605939 31.21531737664670203
31615.567422962045384 31.208263081050343857
31615.613151035388 31.201209018257390682
31615.658882200499647 31.194155191603961441
31615.704616499861004 31.187101604478197459
31615.750353976563929 31.180048260321118647
31615.796094674326014 31.172995162627586296
31615.841838637497858 31.165942314947393754
31615.88758591108126 31.158889720886040919
31615.933336540732853 31.151837384105640183
31615.979090572767745 31.144785308325840134
31616.024848054184986 31.137733497324767029
31616.070609032660286 31.130681954939980471
31616.116373556571489 31.123630685069446855
31616.162141675002204 31.116579691672519914
31616.207913437745447 31.109528978770942587
31616.253688895329105 31.102478550449870198
31616.299468099012302 31.095428410858900747
31616.345251100807218 31.088378564213108746
31616.391037953493651 31.081329014794032872
31616.436828710626287 31.074279766950446913
31616.482623426556529 31.067230825099361624
31616.528422156439774 31.060182193727122524
31616.574224956246326 31.053133877390557416
31616.620031882772309 31.046085880718120364
31616.665842993650585 31.03903820841106409
31616.711658347372577 31.031990865244615918
31616.757478003291908 31.02494385606919991
31616.803302021638956 31.017897185811641236
31616.849130463528127 31.010850859476406072
31616.894963390986959 31.003804882146862809
31616.940800866952486 30.996759258986557484
31616.986642955296702 30.989713995240517619
31617.032489720833837 30.982669096236509887
31617.078341229338548 30.975624567386361718
31617.124197547553194 30.968580414187307781
31617.170058743216941 30.961536642223371985
31617.215924885069398 30.954493257167083442
31617.261796042872447 30.947450264780876239
31617.307672287424793 30.940407670918332883
31617.353553690580156 30.933365481525637364
31617.399440325265459 30.926323702643035318
31617.445332265491743 30.919282340406319065
31617.491229586372356 30.912241401048348166
31617.537132364144782 30.905200890900530908
31617.583040676174278 30.89816081639428802
31617.628954600990255 30.891121184062541261
31617.674874218293553 30.884082000541322799
31617.72079960897463 30.877043272571384591
31617.766730855135393 30.870005006999832631
31617.812668040103745 30.862967210781807381
31617.858611248459056 30.855929890982149999
31617.904560566046712 30.8488930547771254
31617.950516079999943 30.84185670945615243
31617.996477878761652 30.834820862423558907
31618.042446052102605 30.827785521200368635
31618.088420691150532 30.820750693426106182
31618.134401888401044 30.813716386860622976
31618.180389737746737 30.806682609385969585
31618.226384334502654 30.799649369008271549
31618.272385775420844 30.792616673859637189
31618.318394158726733 30.785584532200108043
31618.36440958413732 30.778552952419577338
31618.410432152879366 30.771521943039740421
31618.456461967733048 30.764491512716105603
31618.502499133042875 30.757461670240058282
31618.548543754757702 30.750432424540932175
31618.594595940445288 30.74340378468813384
31618.640655799332308 30.736375759893284965
31618.686723442326183 30.729348359512410838
31618.732798982058739 30.722321593048150135
31618.778882532900752 30.715295470152014445
31618.824974211001972 30.708270000626665563
31618.8710741343275 30.701245194428249619
31618.917182422683254 30.694221061668756079
31618.963299197763263 30.687197612618430043
31619.009424583175132 30.680174857708205849
31619.055558704480063 30.673152807532218844
31619.101701689236506 30.666131472850263862
31619.147853667040181 30.659110864590402912
31619.194014769564092 30.652090993851562217
31619.240185130609461 30.645071871906161221
31619.286364886138472 30.638053510202944096
31619.332554174321558 30.631035920370202064
31619.378753135595616 30.624019114218459237
31619.424961912696745 30.617003103743350323
31619.471180650714814 30.609987901128576482
31619.517409497148037 30.602973518748932236
31619.563648601950263 30.595959969173399884
31619.609898117581906 30.588947265168286549
31619.656158199071797 30.581935419700464251
31619.702429004068108 30.574924445940673934
31619.748710692903842 30.567914357266921854
31619.795003428651398 30.560905167267932825
31619.841307377184421 30.553896889746795296
31619.887622707254195 30.546889538724588675
31619.933949590547854 30.539883128444138549
31619.980288201753865 30.532877673373874927
31620.0266387186457 30.525873188211765097
31620.073001322150958 30.518869687889392139
31620.11937619642049 30.51186718757613292
31620.165763528919342 30.504865702683446216
31620.212163510506798 30.497865248869320709
31620.258576335512771 30.490865842043202605
31620.305002201846946 30.483867498371065352
31620.351441311082453 30.476870234279815008
31620.397893868554092 30.46987406646227825
31620.444360083452921 30.462879011882368019
31620.490840168928116 30.455885087780462328
31620.53733434219248 30.448892311678925182
31620.583842824624298 30.441900701387826444
31620.630365841883759 30.434910275010860659
31620.676903624029364 30.427921050951486137
31620.723456405630714 30.420933047919259451
31620.77002442588855 30.413946284936432818
31620.816607928776648 30.406960781344775313
31620.863207163154584 30.399976556812653428
31620.9098223829169 30.392993631342374528
31620.956453847124067 30.386012025277825188
31621.00310182015528 30.379031759312468353
31621.049766571850341 30.372052854497436414
31621.096448377677007 30.365075332250004436
31621.143147518876503 30.358099214362482599
31621.189864282638155 30.351124523011463907
31621.236598962266726 30.344151280767434287
31621.283351857357047 30.337179510604780575
31621.330123273968638 30.330209235912203525
31621.376913524822157 30.323240480503553584
31621.423722929484939 30.316273268629114312
31621.470551814571081 30.309307624987326335
31621.517400513952452 30.302343574736902099
31621.564269368955138 30.295381143509498401
31621.611158728588634 30.28842035742296801
31621.658068949767767 30.28146124309518683
31621.705000397538242 30.274503827658456601
31621.75195344531312 30.267548138774490241
31621.798928475116554 30.260594204650050898
31621.845925877831178 30.253642054053223376
31621.892946053460037 30.24669171633044229
31621.939989411388524 30.239743221424401298
31621.987056370657228 30.232796599892282075
31622.034147360242059 30.225851882924736458
31622.081262819338008 30.218909102365788755
31622.128403197657462 30.211968290733622666
31622.175568955721246 30.205029481242242184
31622.222760565167846 30.198092707824010006
31622.269978509077191 30.191158005153116761
31622.317223282276245 30.184225408670002366
31622.364495391680975 30.177294954606757926
31622.41179535662377 30.170366680013561478
31622.459123709202686 30.163440622786268364
31622.506480994623416 30.156516821694999919
31622.553867771566729 30.149595316413840607
31622.601284612548625 30.142676147551703991
31622.648732104287774 30.13575935668440664
31622.696210848087503 30.128844986387967708
31622.743721460217785 30.121933080273173289
31622.791264572300861 30.115023683021469481
31622.838840831711423 30.108116840422162852
31622.886450901973149 30.101212599411020676
31622.934095463169797 30.094311008110263828
31622.981775212352659 30.087412115869987872
31623.029490863955289 30.080515973311094058
31623.077243150208233 30.073622632369669816
31623.125032821568311 30.06673214634281166
31623.172860647136986 30.059844569936078784
31623.220727415093279 30.052959959312566696
31623.268633933112142 30.046078372143611546
31623.316581028801011 30.039199867661110943
31623.364569550118176 30.03232450671148257
31623.412600365805702 30.025452351811285467
31623.460674365815066 30.018583467204514648
31623.508792461718258 30.011717918921544168
31623.556955587129778 30.004855774839757743
31623.605164698114095 29.997997104745842023
31623.65342077358946 29.991141980399703471
31623.701724815724447 29.984290475600040793
31623.75007785031994 29.97744266625178966
31623.79848092717657 29.970598630434764686
31623.846935120462149 29.963758448473893026
31623.895441529053642 29.956922203011028927
31623.944001276860945 29.95008997907810766
31623.992615513132478 29.943261864171727638
31624.04128541274622 29.936437948328954661
31624.090012176457094 29.929618324204312785
31624.138797031151626 29.922803087147894274
31624.187641230044392 29.915992335284812498
31624.236546052856283 29.909186169594768501
31624.285512805952749 29.902384693992367204
31624.334542822456569 29.895588015407835059
31624.383637462306069 29.88879624386789402
31624.432798112273304 29.882009492576774079
31624.482026185938594 29.875227877996998416
31624.531323123614129 29.868451519929639204
31624.580690392209362 29.861680541593795368
31624.630129485041834 29.85491506970492992
31624.679641921597067 29.848155234551974502
31624.729229247201147 29.841401170072689553
31624.778893032653286 29.834653013926242693
31624.828634873763804 29.827910907563239817
31624.878456390826614 29.821174996292679538
31624.92835922800441 29.81444542934518438
31624.978345052652003 29.807722359931727141
31625.028415554519597 29.801005945297688982
31625.078572444886959 29.794296346771524497
31625.128817455599346 29.787593729807319676
31625.179152338005224 29.78089826402060325
31625.229578861788468 29.774210123216601431
31625.280098813709628 29.767529485410143764
31625.330713996227132 29.760856532836655219
31625.381426226031181 29.754191451953470704
31625.432237332443037 29.747534433430647738
31625.48314915573792 29.740885672129817152
31625.53416354532601 29.734245367070638366
31625.585282357846154 29.727613721383946199
31625.636507455132232 29.720990942250605116
31625.687840702088579 29.714377240825168514
31625.739283964456263 29.707772832143223951
31625.790839106473868 29.701177935011916276
31625.842507988447323 29.694592771882518889
31625.894292464228784 29.688017568704218263
31625.946194378615473 29.681452554758287476
31625.998215564661223 29.674897962471934676
31626.050357840940706 29.668354027211119472
31626.102623008737282 29.661820987051424225
31626.155012849205377 29.655299082526695997
31626.207529120481922 29.648788556354947588
31626.26017355480144 29.642289653141187245
31626.312947855585662 29.63580261905693547
31626.365853694573161 29.6293277014969334
31626.41889270896354 29.622865148712094197
31626.472066498616186 29.616415209419724164
31626.525376623318152 29.609978132391617578
31626.57882460016117 29.603554166020217053
31626.63241190100598 29.597143557863400787
31626.686139950103097 29.590746554169914617
31626.74001012183362 29.584363399386415239
31626.794023738653777 29.577994335648028823
31626.848182069217728 29.571639602253956269
31626.902486326718645 29.565299435130224737
31626.956937667473539 29.558974066281894721
31627.01153718975911 29.552663723237394322
31627.066285932909523 29.546368628487385877
31627.121184876719781 29.540088998921323338
31627.176234941147413 29.533825045265292175
31627.231436986305198 29.527576971523266991
31627.286791812803131 29.521344974425634433
31627.342300162403262 29.515129242888505701
31627.397962719001953 29.508929957487499252
31627.453780109957734 29.50274728994954998
31627.509752907728398 29.496581402666112837
31627.565881631853699 29.490432448231423734
31627.622166751218174 29.484300569009146642
31627.678608686648658 29.478185896730845883
31627.735207813770103 29.472088552129125816
31627.791964466134232 29.466008644608525202
31627.848878938588314 29.459946271956738428
31627.905951490869484 29.453901520098394684
31627.963182351380965 29.447874462894390035
31628.020571721139277 29.441865161986889632
31628.078119777841493 29.435873666692298656
31628.135826680041646 29.429900013943118608
31628.193692571388965 29.423944228278891444
31628.25171758489887 29.418006321887077092
31628.309901847216679 29.412086294693224886
31628.368245482859493 29.406184134500044536
31628.426748618385318 29.400299817174445849
31628.485411386453052 29.39443330688124334
31628.544233929769689 29.38858455636194833
31628.603216404862906 29.382753507256733627
31628.662358985682658 29.376940090467432043
31628.721661866980867 29.371144226559160018
31628.781125267465541 29.365365826197951549
31628.840749432696612 29.359604790621638415
31628.900534637730743 29.353861012141052811
31628.96048118946419 29.348134374668489954
31629.02058942869553 29.342424754270407306
31629.080859731886449 29.336732019741194932
31629.141292512616928 29.331056033194634836
31629.201888222720299 29.325396650670665366
31629.26264735312725 29.319753722753784331
31629.323570434400608 29.314127095200291251
31629.3846580369609 29.308516609571480416
31629.445910771031777 29.302922103869942561
31629.507329286298045 29.297343413176090365
31629.56891427130904 29.291780370283078128
31629.63066645260551 29.286232806327337386
31629.692123787885066 29.280741787886892524
31629.753268661948823 29.275308108845663924
31629.814117801521206 29.269929520480953755
31629.87468702361366 29.264603903308060495
31629.93499134277954 29.259329254201539072
31629.995045017669327 29.254103679216679978
31630.054861615935806 29.248925385069370009
31630.114454047896288 29.243792673587183373
31630.173834596000233 29.238703936705963571
31630.233015017420257 29.233657645419011573
31630.292006514133391 29.22865235028860198
31630.350819790834066 29.223686674561566434
31630.409465147080482 29.218759304636066076
31630.467952404764219 29.21386899455477959
31630.52629095705197 29.209014560301252317
31630.584489882752678 29.204194868868391666
31630.642557951694471 29.199408836612004592
31630.700503599538933 29.194655430164136334
31630.758334974994796 29.189933661435951251
31630.816060001230653 29.185242581619643687
31630.873686345785245 29.180581282751017369
31630.931221434195322 29.175948895728716082
31630.988672491053876 29.171344586203105109
31631.046046521401877 29.166767555336853945
31631.103350337525626 29.162217036956388228
31631.160590522973507 29.157692299739899511
31631.217773528365797 29.153192639007126985
31631.274905661019147 29.148717377037367982
31631.331993032916216 29.144265866626316352
31631.389041587197426 29.139837488472799976
31631.446057107517845 29.135431649961692102
31631.503045225184906 29.131047784156606895
31631.560011417084752 29.126685349528329994
31631.616961009491206 29.122343829247231639
31631.673899168428761 29.11802273151684517
31631.73083093475725 29.113721586531465135
31631.787761203773698 29.109439947682758998
31631.844693177848967 29.105177506798671772
31631.901630847147317 29.100933906726261569
31631.958578721041704 29.096708762474914778
31632.015541154138191 29.092501711684501942
31632.072522352147644 29.088312413869889639
31632.12952636256523 29.084140550794522539
31632.186557080520288 29.079985825730581439
31632.243618315733329 29.075847958316206388
31632.300713720971544 29.071726689528304632
31632.357846741942922 29.067621784978566524
31632.415020676304266 29.063533030330589213
31632.472238663958706 29.059460231716919054
31632.529503700072382 29.05540321453263175
31632.58681862350204 29.051361823987736699
31632.644186103025277 29.047335925790584099
31632.701608675910393 29.043325403159855114
31632.759088710929063 29.039330159150598121
31632.816628418033361 29.035350115689858796
31632.874229880810162 29.031385211061415674
31632.93189503809117 29.027435400928670362
31632.98962570292133 29.023500656777951434
31633.047423558207811 29.019580965974878239
31633.105290172687091 29.015676330440083319
31633.163227002813073 29.011786766297518625
31633.221235674474883 29.007912284879520115
31633.279317704742425 29.00405291142802966
31633.337474201867735 29.000208704646286861
31633.395706242106826 28.99637973123400414
31633.454014855502464 28.992566066706473293
31633.512400978605001 28.988767798324960978
31633.570865593817871 28.984985015879072279
31633.629409739271068 28.981217811064947654
31633.688034326714842 28.977466289137172595
31633.746740129183308 28.973730569392298406
31633.805527737797092 28.97001078756454362
31633.86439787312338 28.966307075875342036
31633.923351414228819 28.962619561362348719
31633.982389062053699 28.95894838694557194
31634.041511648116284 28.955293691977310289
31634.100720107635425 28.951655614026684304
31634.160015226243559 28.948034304387189053
31634.219397705532174 28.944429923719745545
31634.278868242356111 28.940842637007445859
31634.338427526046871 28.937272613588710612
31634.398076242159732 28.933720026790883395
31634.457815085221227 28.930185053037369869
31634.517644723469857 28.92666787379081228
31634.577565811548993 28.923168674616800189
31634.637579012804053 28.919687643717750802
31634.697684989267145 28.916224972369356294
31634.75788443322017 28.912780852958114508
31634.818178052773874 28.909355479692401047
31634.878566432886146 28.905949056278188891
31634.939050153505377 28.902561788902865203
31634.999629931142408 28.899193878202289909
31635.060306464805763 28.895845527826921284
31635.121080426164554 28.892516944755481489
31635.181952357503178 28.889208344575195042
31635.242922820456442 28.885919943023527168
31635.303992535264115 28.882651948404262754
31635.365162567202788 28.879404551863697037
31635.426433917706163 28.876177949372884513
31635.487807174282352 28.872972359602037784
31635.54928292533441 28.869788001425906288
31635.610861756551458 28.866625093895514453
31635.672544250635838 28.863483856030011765
31635.734330987925205 28.860364506561428044
31635.796222506327467 28.857267265707832848
31635.858219335394097 28.854192353181151276
31635.920321813635383 28.851139996888715444
31635.982530292654701 28.848110422387996721
31636.044845354488643 28.845103842259749882
31636.107267563478672 28.842120468214908158
31636.169797486683819 28.839160509883068784
31636.232435669182451 28.836224175761984156
31636.295182602276327 28.833311674431268301
31636.358038777289039 28.830423211765157987
31636.421004666477529 28.827558991598174032
31636.484080679980252 28.824719217414248362
31636.547267196019675 28.821904090671498722
31636.610564562499349 28.81911381047181564
31636.673973060533172 28.816348574889754985
31636.737493061758869 28.813608573889823106
31636.801124940997397 28.810893993075829655
31636.864868902557646 28.808205020822438058
31636.928725098561699 28.805541842804093022
31636.992693669384607 28.802904640072139131
31637.05677469611328 28.800293590806138155
31637.120968226856348 28.797708868979391639
31637.185274333671259 28.795150641895094878
31637.24969306850835 28.792619071841478728
31637.314224493937218 28.790114314738080026
31637.378868647363561 28.78763652142572127
31637.443625508782134 28.785185838717957552
31637.508495079167915 28.782762406260069099
31637.573477341538819 28.780366357922179787
31637.638572221258073 28.777997823115381237
31637.703779630104691 28.77565692501349659
31637.769099576937151 28.773343776571060459
31637.834532035663869 28.771058485290311069
31637.900076799011003 28.768801158095097747
31637.965733631332114 28.766571895708899831
31638.031502458408795 28.764370786259199519
31638.097383275795437 28.762197908660599666
31638.163375981621357 28.760053338176025051
31638.229480507055996 28.757937142049474488
31638.295696783447056 28.755849380634163737
31638.362024806039699 28.753790105453340686
31638.428464581214939 28.751759360994988413
31638.495016391672834 28.749757176867500874
31638.561680503244133 28.747783577128785737
31638.628456794416707 28.745838591005043128
31638.695345177980926 28.743922240049389671
31638.762345601277048 28.742034538283085965
31638.829458046817308 28.74017549233062141
31638.89668198065192 28.73834511646181511
31638.964016956648265 28.736543415422318049
31639.03146316971106 28.734770370309014709
31639.099020837966236 28.733025955975996624
31639.166690204085171 28.731310141134262182
31639.234471518342616 28.729622888908160405
31639.302365077684954 28.727964155989656803
31639.370371218687069 28.726333892998621167
31639.438490276545053 28.7247320456144557
31639.50672260986903 28.723158554093004113
31639.575068599740916 28.721613353426320714
31639.64352864869943 28.720096373500950904
31639.712103180925624 28.718607539227463121
31639.780792640751315 28.717146770704182757
31639.849597493142937 28.715713983335160009
31639.918518224108993 28.714309087948663546
31639.987555338346283 28.712931990968407092
31640.056709359087108 28.711582594533190615
31640.125980827902822 28.710260796614146983
31640.195370302826632 28.708966491159085166
31640.264878350386425 28.707699568339098306
31640.33450554121373 28.706459914712130654
31640.404252467418701 28.705247412995127831
31640.474119745398639 28.704061942121377626
31640.544108000449341 28.702903377599426449
31640.614217872640438 28.701771591491223035
31640.684450033411849 28.700666452236173853
31640.754805158059753 28.699587825178625167
31640.82528391118467 28.698535572830390805
31640.895886965081445 28.697509554630041606
31640.966614996941644 28.696509627040281742
31641.037468690181413 28.695535643579432872
31641.108448730741657 28.694587454924473491
31641.179555833328777 28.693664908621389742
31641.250790706937551 28.692767849610376629
31641.322154012439569 28.691896120767864886
31641.393646319054824 28.691049563368274278
31641.465268195424869 28.690228015931126038
31641.537020289317297 28.689431313402170787
31641.608903251595621 28.688659288153438354
31641.680917729896464 28.687911770106957476
31641.753064361608267 28.687188586854617256
31641.825343778447859 28.686489563655115376
31641.897756604641472 28.685814523502944695
31641.970303456120746 28.685163287187886993
31642.042984956548025 28.684535673213709117
31642.115801721462049 28.68393149801232056
31642.188754342671018 28.683350576126528608
31642.26184336219012 28.682792720442684242
31642.33506936453341 28.682257741532460216
31642.408432939759223 28.681745448065100845
31642.481934701565478 28.681255646785469793
31642.55557527736164 28.68078814270205612
31642.629355194087111 28.680342739874998159
31642.703274968425831 28.679919240852431273
31642.777335107261024 28.679517446748764797
31642.851536107827997 28.679137157330448105
31642.925878457925137 28.678778171104390537
31643.000362636859791 28.678440285405375931
31643.074989107451984 28.678123296523583718
31643.149758324834693 28.677826999757904503
31643.22467084415257 28.6775511891369419
31643.2997271300992 28.677295658289434499
31643.374927552151348 28.677060200443445837
31643.450272560181475 28.676844607931503361
31643.525762590590602 28.67664867264280204
31643.601398079506907 28.676472186088741267
31643.677179460195475 28.676314939519880198
31643.753107107037067 28.67617672412960772
31643.829181401339156 28.67605733099808063
31643.905403100514377 28.67595655077247585
31643.981772954150074 28.675874174601560185
31644.058291390389059 28.675809994450254692
31644.134958845326764 28.675763802662999069
31644.211775764135382 28.675735392082273734
31644.288742864668166 28.675724556158076695
31644.365860868219897 28.675731089304075994
31644.443130235289573 28.675754786883938863
31644.52055147124338 28.675795445213292822
31644.598125096301374 28.675852861679235417
31644.675851616026193 28.675926834818291411
31644.753731554337719 28.676017164433453388
31644.831765455026471 28.676123651703306905
31644.90995385293354 28.676246099238571929
31644.988297323896404 28.676384311246753356
31645.066796528084524 28.676538093737754309
31645.145452133583603 28.676707254504776756
31645.224264816781215 28.676891603199237579
31645.303235395742377 28.67709095175032985
31645.382365073717665 28.677305115234805299
31645.461654867980542 28.677533910571742837
31645.541105355761829 28.677777155596878345
31645.620717149740813 28.678034670304860754
31645.700490897368581 28.678306276926875285
31645.78042726979038 28.678591799964355147
31645.860525531974417 28.678891060790366652
31645.940785108294222 28.679203882790464064
31646.021207030691585 28.679530097548362022
31646.101792350575124 28.679869539340028695
31646.182542127378838 28.680222045115080221
31646.263457429013215 28.680587454519542945
31646.344539331355918 28.680965609911300618
31646.425788917738828 28.6813563563730618
31646.50720727940643 28.681759541727469554
31646.588795515493985 28.682175016546953117
31646.670544704677013 28.682602581021399146
31646.752358412180911 28.683041557188946769
31646.834241848198872 28.683491784217014953
31646.916200449475582 28.683953108933391007
31646.998239724664018 28.684425384917048518
31647.080365422272735 28.684908473386073524
31647.162583354194794 28.685402242120883187
31647.244899580680794 28.685906566491997438
31647.327320921453065 28.686421332674235884
31647.40985406456457 28.686946432210689295
31647.492505532289215 28.687481761550483128
31647.575281896257366 28.688027223226868045
31647.658189281824889 28.688582722385842061
31647.74106367506829 28.689147001754729871
31647.823898204420402 28.689719832409693367
31647.906697261096269 28.69030106667946356
31647.989465391805425 28.69089056422586026
31648.072209005989862 28.691488204359675507
31648.154932749072032 28.692093860044135312
31648.23764124342415 28.692707409843780653
31648.320339156634873 28.693328738263037536
31648.403031068253767 28.693957734586394537
31648.485721575834759 28.694594293505314653
31648.568414844157815 28.695238311444832391
31648.651115609900444 28.695889694188053909
31648.733828151427588 28.696548348738641465
31648.816556619342009 28.69721418566178528
31648.899304947695782 28.697887118177284549
31648.982076869615412 28.698567062076733691
31649.064876034281042 28.699253936500888074
31649.147706010382535 28.699947663824783461
31649.230570482020994 28.700648171183313906
31649.313473224625341 28.70135539020619575
31649.396418354994239 28.702069259112178656
31649.479410397965694 28.702789723316989523
31649.562454589635308 28.70351673814664295
31649.645556503808621 28.704250265679423393
31649.728721537940146 28.704990270165129829
31649.811955374138051 28.705736722006644612
31649.895263844369765 28.706489596532549058
31649.978652950241667 28.707248874127046179
31650.062128510431648 28.70801453694114258
31650.145697153351648 28.708786577938404605
31650.229364978087688 28.709564988564789445
31650.313136174507235 28.710349745512193209
31650.397014345409843 28.711140822540276218
31650.481002461354365 28.711938189794150134
31650.565102801698231 28.712741812982848444
31650.64931692274331 28.713551652807101533
31650.733645084179443 28.714367659126981636
31650.818087204923359 28.715189779870947007
31650.902642940589431 28.716017961665933456
31650.987310912383691 28.716852142113207691
31651.072090371580998 28.71769226600931546
31651.156980104395188 28.718538274557637635
31651.241977199631947 28.719390092830376915
31651.327077101122995 28.720247629812085677
31651.41227444143442 28.721110786413202476
31651.497564092103858 28.721979465977028667
31651.582940399373911 28.722853566500912592
31651.66839718769188 28.723732980535899628
31651.753927892561478 28.724617596433116518
31651.839529152995965 28.725507335681840004
31651.925198724464281 28.726402131873005175
31652.010931846820313 28.727301892755317425
31652.09672485754345 28.7282065377851481
31652.182574120648496 28.729115987016072609
31652.268474772987247 28.730030147720974298
31652.354422245469323 28.730948930385299178
31652.440412317198934 28.73187224934888917
31652.526441148060258 28.73280002323025073
31652.612505303291982 28.733732175271363474
31652.698601775646239 28.734668633660021442
31652.784726733571006 28.735609317911883664
31652.87087666847583 28.736554151278994595
31652.957049474560336 28.737503072724265962
31653.043243425079709 28.738456025874146604
31653.129457143921172 28.739412958765001349
31653.215689570653922 28.740373823508079454
31653.301940218476375 28.741338579226798799
31653.388208780041168 28.742307187721632289
31653.474494765174313 28.743279609393134422
31653.560798117949162 28.744255810173243049
31653.647119061475678 28.74523575982706447
31653.733457364225615 28.746219423612853205
31653.819812842317333 28.747206767920243209
31653.906185534397082 28.748197762269104061
31653.992575599233533 28.749192378151942506
31654.078983383569721 28.750190589822299359
31654.165409307621303 28.751192372981655865
31654.25185374618377 28.752197703388468142
31654.338317154401011 28.75320655829983707
31654.424800103497546 28.754218916886784996
31654.511303795581625 28.755234766293085613
31654.597829942060343 28.756254100299226906
31654.684380444981798 28.757276915625105573
31654.770957558783266 28.758303213864646608
31654.857563896101055 28.75933300159862327
31654.944202411999868 28.760366290249869792
31655.030875878710503 28.761403089830739788
31655.11758771892346 28.762443418901931125
31655.204341678771016 28.763487300726286122
31655.291141144425637 28.764534755045151115
31655.377989963511936 28.765585807950074582
31655.464892382507969 28.76664049118100408
31655.551853091641533 28.767698842720850649
31655.638877156732633 28.768760906016943579
31655.725969751485536 28.769826726742110168
31655.813136527161987 28.770896357334031279
31655.900383564658114 28.771969856462824566
31655.987717119558511 28.773047285930498873
31656.07514374432867 28.774128712191618717
31656.162670750982215 28.775214212125277413
31656.250306626541715 28.776303878308173267
31656.338059629772033 28.777397801663891386
31656.425937486535986 28.778496067590776164
31656.513948194093246 28.779598765945586081
31656.602099893836566 28.780705989464404837
31656.69040094886077 28.781817834742163598
31656.7788599987216 28.782934402938359142
31656.867487769286527 28.784055822727186325
31656.956295597236021 28.785182231857572077
31657.045293523060536 28.786313752946867339
31657.134492210199824 28.787450517748709444
31657.223902512057975 28.788592661687776086
31657.313535039251292 28.789740318319477552
31657.403400826959114 28.790893627847445657
31657.493511055141425 28.792052733562908173
31657.583876901197073 28.793217779943649504
31657.674509228945681 28.794388908610297761
31657.765418747174408 28.795566260316491025
31657.856616777091403 28.796749984880250395
31657.948114986775181 28.797940237795494056
31658.039925470249727 28.799137181294884869
31658.13206014293246 28.800340976484161359
31658.224530476152722 28.801551779817913257
31658.317347735475778 28.80276974614907104
31658.410522707963537 28.803995025092245186
31658.504065287932463 28.805227755474962947
31658.597983946063323 28.806468058178886338
31658.692287021560333 28.807716053046053872
31658.786984339076298 28.808971880313013259
31658.882088196816767 28.810235713946536151
31658.977613112758263 28.811507758583548622
31659.073340908227692 28.81278511197412584
31659.169056738999643 28.8140648926456997
31659.264760656031285 28.815347077993649805
31659.36045270950126 28.816631645575416343
31659.456132948889717 28.817918573108393332
31659.551801423032884 28.81920783846743106
31659.647458180181275 28.820499419682903408
31659.743103268021514 28.821793294939197949
31659.838736733712722 28.823089442573358809
31659.934358623911976 28.824387841073892957
31660.029968984803418 28.825688469079640441
31660.125567862160096 28.826991305378474095
31660.221155301456747 28.828296328905850032
31660.316731347920722 28.829603518742999313
31660.41229604657201 28.830912854115936739
31660.507849442230508 28.832224314394920839
31660.60339157954877 28.833537879093821488
31660.698922503041103 28.834853527868094858
31660.794442257112678 28.836171240513561287
31660.889950886074075 28.837490996965897239
31660.985448434166756 28.838812777299583701
31661.080934945584886 28.840136561726790632
31661.176410464489891 28.841462330596634445
31661.271875035017729 28.842790064394460359
31661.367328701307997 28.844119743741142514
31661.46277150750393 28.84545134939245159
31661.558203497766954 28.846784862238571634
31661.653624716291233 28.848120263303815847
31661.749035207307315 28.849457533746527105
31661.844435015089402 28.850796654859131252
31661.939824183966266 28.85213760806833605
31662.035202758324886 28.853480374935358554
31662.130570782617724 28.854824937155598263
31662.225928301370004 28.85617127655858738
31662.321275359183346 28.857519375108168447
31662.416612000735768 28.858869214902622247
31662.51193827078896 28.860220778174717537
31662.607254214195564 28.861574047291707501
31662.702559875888255 28.862929004755297768
31662.797855300894298 28.864285633201546943
31662.893140534331906 28.865643915400550412
31662.988415621421154 28.867003834255683614
31663.083680607476708 28.868365372803268087
31663.178935537918733 28.869728514212365411
31663.274180458272895 28.871093241784496541
31663.369415414170362 28.872459538952767844
31663.464640451355081 28.873827389280855016
31663.559855615683773 28.875196776462665582
31663.655060953133216 28.87656768432190546
31663.750256509792962 28.877940096811641979
31663.845442331872619 28.879313998013831366
31663.940618465698208 28.880689372138903082
31664.035784957715805 28.882066203525106118
31664.130941854484263 28.883444476638118203
31664.226089202686126 28.884824176070750923
31664.321227049113077 28.886205286542818271
31664.416355440680491 28.887587792901047834
31664.511474424412881 28.888971680118729068
31664.606584047454817 28.890356933295421982
31664.701684357067279 28.891743537655933949
31664.79677540063858 28.893131478550031943
31664.89185722566981 28.894520741452314638
31664.986929879767558 28.895911311962095169
31665.08199341067666 28.897303175803706665
31665.177047866298381 28.898696318826065266
31665.272093294686783 28.900090727002432089
31665.367129744052363 28.901486386429525055
31665.4621572627766 28.90288328332615464
31665.557175899404683 28.904281404032783342
31665.652185702638235 28.905680735011085147
31665.747186721324397 28.90708126284346946
31665.842179004455829 28.908482974232640572
31665.937162601159798 28.909885856001071858
31666.032137560694537 28.911289895090508395
31666.127103932434693 28.912695078561405637
31666.222061765874969 28.914101393592353872
31666.317011110611929 28.91550882747947071
31666.411952016347641 28.916917367635811331
31666.506884532871481 28.918327001590739656
31666.601808710063779 28.919737716989331489
31666.696724597884895 28.92114950159179898
31666.791632246364316 28.922562343272812058
31666.886531705597008 28.923976230020880251
31666.981423025743425 28.92539114993772742
31667.076306257018587 28.9268070912376416
31667.171181449684809 28.928224042246810654
31667.266048654037149 28.929641991402657908
31667.360907920410682 28.931060927253160031
31667.455759299155034 28.932480838456164918
31667.550602840645297 28.933901713778663378
31667.645438595260202 28.935323542096039517
31667.740266613382119 28.936746312391196767
31667.83508694540069 28.93817001375376563
31667.929899641712836 28.939594635380512244
31668.024704752762773 28.941020166575484041
31668.119502329049283 28.942446596748748533
31668.214292421122082 28.943873915415654352
31668.309075079585455 28.945302112195722799
31668.403850355094619 28.946731176810821751
31668.498618298359361 28.948161099084448011
31668.593378960129485 28.949591868941066508
31668.688132391191175 28.95102347640542817
31668.782878642356081 28.952455911601912675
31668.877617764464958 28.953889164753860541
31668.972349808369472 28.955323226182901664
31669.06707482492493 28.956758086308280298
31669.161792864990275 28.958193735646212019
31669.256503979417175 28.959630164809222919
31669.351208219042746 28.961067364505495902
31669.445905634675 28.962505325538209888
31669.540596277092845 28.963944038804854131
31669.635280197042448 28.96538349529655676
31669.729957445219043 28.966823686097395552
31669.824628072266933 28.968264602383698048
31669.919292128775851 28.969706235422986396
31670.013949665288237 28.971148576571753352
31670.108600732291961 28.972591617274598974
31670.203245380223962 28.974035349063665734
31670.297883659462968 28.975479763558102064
31670.392515620333143 28.976924852463376681
31670.487141313085885 28.978370607570603568
31670.581760787907115 28.979817020755856305
31670.676374094895436 28.981264083979493051
31670.770981284062145 28.98271178928548153
31670.865582405327586 28.98416012880072401
31670.960177508506604 28.985609094734385849
31671.05476664330854 28.987058679377234682
31671.149349859326321 28.988508875100972517
31671.243927206029184 28.989959674357592689
31671.338498732755397 28.991411069678719059
31671.433064488712262 28.992863053674973628
31671.527624522957922 28.994315619035369025
31671.622178884401364 28.995768758526676123
31671.716727621795144 28.997222464992525204
31671.811270783757209 28.99867673135127788
31671.905808418763627 29.000131550595153129
31672.000340575134032 29.001586915789626886
31672.094867301031627 29.003042820072941765
31672.189388644452265 29.004499256655631001
31672.28390465321354 29.005956218820021064
31672.378415374951146 29.007413699919752048
31672.472920857104327 29.008871693379276735
31672.5674211469086 29.010330192693384532
31672.661916291395755 29.011789191426721857
31672.756406337379303 29.013248683213298307
31672.850891331443563 29.014708661756014152
31672.945371319940023 29.016169120826177164
31673.039846348980063 29.017630054263037209
31673.134316464427684 29.019091455973327953
31673.228781711884949 29.020553319930783687
31673.323242136695626 29.022015640175691686
31673.417697783923359 29.023478410814448125
31673.512148698358942 29.024941626018893714
31673.606594924538513 29.02640528002337561
31673.701036506754463 29.027869367123340538
31673.795473489048163 29.02933388167493689
31673.889905915199051 29.030798818094609715
31673.984333828720992 29.032264170858624652
31674.078757272880466 29.033729934501771197
31674.17317629070385 29.035196103616247143
31674.267590924988326 29.036662672850731326
31674.36200121834554 29.038129636907857645
31674.456407213197963 29.039596990543707022
31674.55080895177889 29.041064728567487663
31674.645206476128806 29.042532845841162015
31674.739599828088103 29.044001337279073738
31674.83398904929345 29.045470197847389926
31674.928374181166873 29.04693942256360728
31675.022755264915759 29.048409006496214602
31675.117132341525576 29.049878944764341071
31675.211505451759876 29.051349232537408085
31675.305874636142107 29.052819865034788194
31675.400239934962883 29.054290837525464042
31675.494601388272713 29.055762145327715729
31675.588959035867447 29.057233783808772642
31675.683312917291914 29.058705748384507928
31675.777663071829011 29.060178034519108081
31675.872009538503335 29.061650637724770974
31675.966352356062998 29.063123553561389656
31676.060691562983266 29.064596777636261038
31676.155027197459276 29.066070305603773249
31676.249359297409683 29.067544133164243902
31676.34368790048029 29.069018256063039018
31676.438013044029503 29.070492670090271048
31676.532334765131964 29.071967371080489784
31676.626653100574913 29.073442354912387486
31676.720968086850917 29.074917617508482692
31676.815279760154226 29.07639315483481468
31676.90958815637714 29.077868962900645045
31677.003893311099091 29.079345037758276504
31677.098195259604836 29.080821375502459603
31677.192494036895368 29.082297972268420949
31677.286789677698835 29.083774824231333866
31677.381082216466893 29.085251927606005751
31677.475371687360166 29.08672927864656188
31677.569658124259149 29.08820687364613633
31677.663941560753301 29.089684708936566437
31677.758222030137404 29.0911627808880624
31677.852499565411563 29.092641085908887533
31677.946774199273932 29.094119620445049179
31678.041045964124351 29.095598380979971864
31678.135314892057067 29.097077364034181102
31678.229581014857104 29.098556566164994308
31678.323844364003889 29.100035983966201059
31678.41810497066399 29.101515614067750448
31678.512362865687464 29.102995453135410031
31678.606618079604232 29.104475497870460288
31678.700870642631344 29.105955745009357116
31678.795120584662072 29.107436191323408536
31678.889367935265909 29.108916833618465603
31678.983612723688566 29.110397668734599108
31679.077854978844698 29.111878693545776287
31679.172094729321543 29.113359904959548174
31679.266332003375283 29.114841299916719208
31679.360566828931042 29.116322875391041691
31679.454799233571975 29.117804628388881838
31679.549029244553822 29.119286555948914241
31679.643256888786709 29.120768655141795023
31679.737482192849711 29.122250923070158279
31679.831705183001759 29.12373335686961795
31679.925925885188917 29.125215953708611494
31680.020144325040746 29.126698710788090807
31680.114360527866666 29.128181625341223793
31680.208574518659589 29.129664694633081723
31680.30278632208865 29.131147915960351469
31680.396995962502842 29.132631286651022862
31680.491203463927377 29.134114804064104476
31680.585408850063686 29.135598465589321648
31680.679612144285784 29.137082268646828709
31680.773813369647542 29.138566210686931868
31680.868012548868137 29.140050289189805
31680.962209704342968 29.141534501665205426
31681.056404858150927 29.143018845652346016
31681.150598032083508 29.144503318719433338
31681.244789247659355 29.145987918462921584
31681.338978526135179 29.147472642506141227
31681.433165888520307 29.148957488499426915
31681.52735135558396 29.150442454120206293
31681.621534947866166 29.15192753707231077
31681.715716685710504 29.153412735084227592
31681.809896589260461 29.154898045908787196
31681.904074678463076 29.156383467323028214
31681.998250973087124 29.157868997128066013
31682.092425492719485 29.159354633148907965
31682.186598256772413 29.16084037323428646
31682.280769284476264 29.162326215256381801
31682.374938594883133 29.163812157110577061
31682.469106206866854 29.165298196715284007
31682.563272139126639 29.166784332011733483
31682.657436410208902 29.168270560963176052
31682.751599038514541 29.16975688155455515
31682.845760042295296 29.171243291792379182
31682.939919439661026 29.172729789704607839
31683.034077248583344 29.174216373339664443
31683.128233486913814 29.175703040764858542
31683.222388172402134 29.177189790066226038
31683.316541322670673 29.178676619348394183
31683.4106929552363 29.180163526734471446
31683.504843087495829 29.18165051036591251
31683.598991736729658 29.183137568402397477
31683.693138920105412 29.184624699021718186
31683.787284654667019 29.186111900419668075
31683.881428957349272 29.187599170809928495
31683.97557184496327 29.189086508423944366
31684.06971333420006 29.190573911510821148
31684.163853441634274 29.192061378337204047
31684.257992183716851 29.193548907187128805
31684.352129576789594 29.195036496360991407
31684.446265637077886 29.196524144175160842
31684.540400380697974 29.198011848961918702
31684.634533823646052 29.199499609069384576
31684.728665981805534 29.200987422861459208
31684.822796870943421 29.202475288717764101
31684.916926506710297 29.203963205033581119
31685.011054904640332 29.205451170219795642
31685.105182080144004 29.20693918270283973
31685.199308048511739 29.208427240924649482
31685.293432824913907 29.209915343342608196
31685.387556424397189 29.211403488429507291
31685.481678861888213 29.212891674673493014
31685.575800152186275 29.214379900578034466
31685.669920309959707 29.215868164661877415
31685.764039349756786 29.217356465459001669
31685.858157285994821 29.218844801518589094
31685.952274132960156 29.220333171404988093
31686.046389904804528 29.221821573697674523
31686.140504615555983 29.223310006991226828
31686.234618279100687 29.224798469895294062
31686.328730909193837 29.226286961034563916
31686.422842519452388 29.227775479048734297
31686.516953123351414 29.22926402259250267
31686.61106273423502 29.230752590335526975
31686.705171365298156 29.232241180962404314
31686.799279029597528 29.233729793172656741
31686.893385740044323 29.235218425680329801
31686.987491509411484 29.236707077213772266
31687.081596350330074 29.238195746515614815
31687.175700275289273 29.239684432342755827
31687.269803296629107 29.24117313346635072
31687.363905426544079 29.242661848671794189
31687.458006677079538 29.2441505767587131
31687.552107060128037 29.245639316540959385
31687.646206587429333 29.247128066846595829
31687.740305270574027 29.248616826517896072
31687.834403120996285 29.250105594411326848
31687.928500149962929 29.25159436939756219
31688.022596368591621 29.253083150361458564
31688.116691787836317 29.25457193620206553
31688.210786418479984 29.256060725832622182
31688.304880271149159 29.257549518180553605
31688.398973356295755 29.259038312187470865
31688.493065684207977 29.260527106809174569
31688.587157264995767 29.262015901015647756
31688.681248108601721 29.263504693791073663
31688.775338224786537 29.264993484133825064
31688.869427623139927 29.266482271056474929
31688.963516313062428 29.267971053585799979
31689.057604303779954 29.269459830762787789
31689.151691604332882 29.270948601642640341
31689.245778223568777 29.272437365294784684
31689.339864170153305 29.27392612080287293
31689.43394945255568 29.275414867264803576
31689.528034079055942 29.276903603792717945
31689.62211805773768 29.278392329513021508
31689.716201396480756 29.279881043566390986
31689.810284102972219 29.281369745107785008
31689.904366184688115 29.282858433306454771
31689.998447648908041 29.28434710734595825
31690.092528502693312 29.285835766424181514
31690.186608752905158 29.287324409753338728
31690.280688406211993 29.288813036559425029
31690.37476746914399 29.290301646081008613
31690.468845948093076 29.291790237569159672
31690.5629238493093 29.293278810287457503
31690.657001178904466 29.294767363511969194
31690.751077942852135 29.296255896531260277
31690.845154146976711 29.297744408646384073
31690.939229796957079 29.299232899170874589
31691.033304898330243 29.300721367430753617
31691.127379456480412 29.302209812764527186
31691.221453476646275 29.303698234523178456
31691.315526963917364 29.305186632070174824
31691.409599923223141 29.306675004781467919
31691.503672359343909 29.308163352045504269
31691.597744276914455 29.309651673263193317
31691.691815680456784 29.31113996784785769
31691.785886574380129 29.312628235225240303
31691.879956962980941 29.314116474833230797
31691.974026850464725 29.315604686120416034
31692.068096240956947 29.3170928685454939
31692.162165138499404 29.318581021577291068
31692.256233547061129 29.32006914469405956
31692.350301470545674 29.321557237382883443
31692.444368912780192 29.323045299139682385
31692.538435877526354 29.324533329469243625
31692.632502368480345 29.32602132788523619
31692.726568389258318 29.327509293910239307
31692.820633943421853 29.32899722707573531
31692.914699034470686 29.330485126922074102
31693.008763665849983 29.331972992998501581
31693.102827840953978 29.333460824863177407
31693.196891563118697 29.334948622083206971
31693.29095483562196 29.336436384234662711
31693.385017661690654 29.337924110902605435
31693.47908004448982 29.339411801681123393
31693.573141987126291 29.340899456173342941
31693.667203492648696 29.342387073991478275
31693.761264564051089 29.343874654756842091
31693.85532520426932 29.345362198099536499
31693.949385416210134 29.346849703657017727
31694.04344520275481 29.348337171072952145
31694.137504566770076 29.349824599997230479
31694.231563511097193 29.351311990085992676
31694.325622038562869 29.352799341001652778
31694.419680151964712 29.354286652412920233
31694.513737854082137 29.355773923994817665
31694.607795147672732 29.35726115542871284
31694.701852035472257 29.35874834640233999
31694.795908520191006 29.360235496609828232
31694.889964604513807 29.361722605751719328
31694.984020291103661 29.363209673534996114
31695.078075582594465 29.364696699673114466
31695.172130481601926 29.366183683886021072
31695.266184990709007 29.367670625900185399
31695.360239112476847 29.369157525448624568
31695.454292849433841 29.370644382270931771
31695.548346204082918 29.372131196113308249
31695.642399178901542 29.3736179667285775
31695.736451776334434 29.37510469387622436
31695.830503998797212 29.376591377322331056
31695.924555848680029 29.378078016839051401
31696.018607328351209 29.379564612204553953
31696.112658440149971 29.38105116320304333
31696.206709186390071 29.382537669624781529
31696.30075956935616 29.384024131266105684
31696.394809591307421 29.385510547929456493
31696.488859254473937 29.38699691942339598
31696.582908561053046 29.388483245562632362
31696.676957513220259 29.389969526168041369
31696.771006113114709 29.39145576106669111
31696.865054362846422 29.392941950091859837
31696.959102264489047 29.394428093083064368
31697.053149820090766 29.395914189886084955
31697.147197031663381 29.397400240352979495
31697.241243901185953 29.398886244342122609
31697.335290430597524 29.400372201718216303
31697.429336621808034 29.401858112352318386
31697.523382476687402 29.403343976121874448
31697.617427997069171 29.404829792910724962
31697.711473184746865 29.40631556260915147
31697.805518041481264 29.407801285113716716
31697.899562569004047 29.409286960326117111
31697.993606769025064 29.410772588152987339
31698.087650643221423 29.412258168505928779
31698.18169419325568 29.413743701301523714
31698.275737420754012 29.415229186461367306
31698.369780327320768 29.416714623912085358
31698.463822914531193 29.41820001358536274
31698.557865183927788 29.419685355417957595
31698.651907137027592 29.421170649351740423
31698.745948775318539 29.422655895333821974
31698.839990100259456 29.424141093317050633
31698.934031113283709 29.425626243260047943
31699.028071815799194 29.427111345127226372
31699.122112209188344 29.428596398888799968
31699.21615229480085 29.430081404520798571
31699.310192073953658 29.431566362005082027
31699.404231547938252 29.433051271329343734
31699.498270718009735 29.434536132487142623
31699.592309585390467 29.436020945477920918
31699.686348151270067 29.437505710307004136
31699.780386416801775 29.438990426985633064
31699.874424383098813 29.440475095530967309
31699.968462051241659 29.441959715966092404
31700.062499422281689 29.443444288319035707
31700.156536497255729 29.444928812621959935
31700.250573277189687 29.446413288911166717
31700.344609763087647 29.44789771722709304
31700.438645955939137 29.449382097614321907
31700.532681856719137 29.450866430121575235
31700.626717466380796 29.452350714801720954
31700.720752785859077 29.453834951711776569
31700.81478781606711 29.455319140912905596
31700.908822557896201 29.456803282470424676
31701.002857012219465 29.458287376453807127
31701.096891179884551 29.459771422936686491
31701.19092506171728 29.461255421996852988
31701.284958658518008 29.462739373716260616
31701.378991971061623 29.464223278181030707
31701.47302500009755 29.465707135481451928
31701.567057746349747 29.467190945711994488
31701.661090210509428 29.468674708971295928
31701.755122393242345 29.470158425362178889
31701.849154295181506 29.471642094991647554
31701.943185916934453 29.473125717970894755
31702.037217259072349 29.474609294415305527
31702.131248322133615 29.476092824444457108
31702.225279106627568 29.477576308182126041
31702.319309613023506 29.479059745756291733
31702.413339841761626 29.480543137299136447
31702.507369793242106 29.48202648294705952
31702.601399467828742 29.483509782840670255
31702.695428865845315 29.484993037124798576
31702.789457987582864 29.486476245948498587
31702.883486833281495 29.487959409465048566
31702.977515403152211 29.48944252783196518
31703.071543697355082 29.490925601210999929
31703.165571716013801 29.492408629768071648
31703.25959945923023 29.493891613671941343
31703.35362692709532 29.495374553093704151
31703.447654119685467 29.496857448206792895
31703.541681037069793 29.498340299186953217
31703.635707679295592 29.499823106212236468
31703.729734046399244 29.501305869462992604
31703.823760138406215 29.502788589121848872
31703.917785955320142 29.504271265373709809
31704.011811497137387 29.505753898405739477
31704.105836763843399 29.50723648840713409
31704.199861755430902 29.508719035568930167
31704.293886471899896 29.510201540083986771
31704.38791091325038 29.511684002146978401
31704.481935079489631 29.513166421954377228
31704.575958970624924 29.514648799704449544
31704.669982586670812 29.516131135597241553
31704.764005927645485 29.5176134298345616
31704.85802899357077 29.519095682619987286
31704.952051784464857 29.52057789415883704
31705.04607430035685 29.522060064658180778
31705.140096541275852 29.523542194326818588
31705.234118507247331 29.525024283375277179
31705.328140198304027 29.526506332015809875
31705.422161614478682 29.527988340462382411
31705.516182755807677 29.529470308930672928
31705.610203622323752 29.530952237638064872
31705.70422421405965 29.532434126803650543
31705.798244531051751 29.533915976648220436
31705.892264573332795 29.535397787394270352
31705.986284340939164 29.536879559265940998
31706.080303833925427 29.538361292488382048
31706.174323052367981 29.539842987287510567
31706.26834199636869 29.541324643890003898
31706.362360666054883 29.542806262523299665
31706.456379061572079 29.544287843415588668
31706.550397183094901 29.545769386795804223
31706.644415030816162 29.547250892893622165
31706.738432604961417 29.548732361939457292
31706.832449905774411 29.550213794164449155
31706.926466933520715 29.551695189800472718
31707.020483688495005 29.5531765490801277
31707.11450017101015 29.554657872236738569
31707.208516381408117 29.556139159504350999
31707.302532320052705 29.557620411117731862
31707.396547987325903 29.559101627312365679
31707.490563383642439 29.560582808324454618
31707.584578509435232 29.562063954390914944
31707.678593365159031 29.563545065749377017
31707.772607951297687 29.565026142638188844
31707.86662226835324 29.566507185296405424
31707.960636316849559 29.567988193963799404
31708.054650097339618 29.569469168880850418
31708.148663610398216 29.570950110288745094
31708.242676856618345 29.572431018429377048
31708.336689836614823 29.573911893545346885
31708.430702551031573 29.575392735879951545
31708.524715000534343 29.576873545677187849
31708.618727185803436 29.578354323181748953
31708.712739107548259 29.57983506863902079
31708.806750766500045 29.581315782295071415
31708.900762163408217 29.582796464396651004
31708.994773299044027 29.584277115191181196
31709.088784174200555 29.585757734926758644
31709.182794789692707 29.587238323852133703
31709.276805146357219 29.588718882216713979
31709.370815245049016 29.590199410270550118
31709.464825086644851 29.591679908264321597
31709.558834672039666 29.593160376449336724
31709.652844002150232 29.594640815077514873
31709.74685307791151 29.596121224401372274
31709.84086190027665 29.597601604674011355
31709.934870470216993 29.599081956149113637
31710.028878788725706 29.600562279080918415
31710.122886856814148 29.602042573724204999
31710.216894675508229 29.603522840334282051
31710.310902245852049 29.605003079166969826
31710.404909568907897 29.606483290478614379
31710.498916645752615 29.607963474526304282
31710.592923477488512 29.609443631567895494
31710.686930065232445 29.610923761862000703
31710.780936410119466 29.612403865667968006
31710.874942513299175 29.613883943245859598
31710.968948375943 29.615363994856434005
31711.062953999236925 29.616844020761124767
31711.15695938438148 29.618324021222019127
31711.250964532599028 29.619803996501868681
31711.34496944514467 29.621283946864796377
31711.438974123331718 29.622763872576584276
31711.532978568517137 29.624243773904659349
31711.626982782123378 29.625723651118995861
31711.720986765634734 29.627203504492587882
31711.814990520604624 29.628683334301410213
31711.908994048644672 29.630163140824365087
31712.002997351439262 29.631642924343211121
31712.097000430727348 29.633122685142357255
31712.191003288317006 29.63460242350880236
31712.285005926074518 29.636082139732074836
31712.379008345928014 29.637561834104197089
31712.473010549867467 29.639041506919625135
31712.567012539941061 29.640521158475205965
31712.661014318251546 29.642000789070127809
31712.755015886959882 29.643480399005873949
31712.849017248288874 29.644959988586311539
31712.943018404545001 29.646439558118455437
31713.037019358132966 29.647919107913033088
31713.131020111559337 29.649398638284935714
31713.225020667432545 29.65087814955315082
31713.319021028462885 29.652357642040712449
31713.413021197455237 29.653837116074633684
31713.507021177312708 29.655316571985853358
31713.601020971032995 29.656796010109172101
31713.695020581704739 29.658275430783199056
31713.789020012511173 29.659754834350287922
31713.88301926672284 29.66123422115648367
31713.977018347697594 29.662713591551462144
31714.07101725888424 29.664192945888476771
31714.165016003807978 29.665672284524298163
31714.259014586084959 29.667151607819185699
31714.35301300941137 29.668630916136937259
31714.447011277567071 29.670110209844850147
31714.541009394411958 29.671589489313671351
31714.635007363878685 29.673068754917540701
31714.72900518998722 29.674548007033934027
31714.823002876826649 29.676027246043620522
31714.91700042856246 29.677506472330595244
31715.010997849432897 29.678985686282043588
31715.104995143745327 29.680464888288273784
31715.198992315883515 29.681944078742677817
31715.292989370293071 29.683423258041671033
31715.386986311488727 29.684902426584645951
31715.480983144054335 29.686381584773918973
31715.574979872635595 29.6878607330146842
31715.668976501940051 29.68933987171496014
31715.762973036737094 29.690819001285536416
31715.856969481857959 29.692298122139934691
31715.95096584219209 29.693777234694348266
31716.044962122687139 29.695256339367606557
31716.138958328341687 29.696735436581114698
31716.232954464219802 29.698214526758807352
31716.326950535429205 29.699693610327113191
31716.420946547135827 29.701172687714890941
31716.514942504552891 29.702651759353397409
31716.608938412944553 29.704130825676230643
31716.7029342776259 29.705609887119294399
31716.796930103955674 29.707088944120741303
31716.89092589734355 29.708567997120937321
31716.984921663235582 29.710047046562415574
31717.078917407132394 29.711526092889830153
31717.172913134567352 29.713005136549909935
31717.266908851117478 29.714484177991423053
31717.360904562403448 29.715963217665130713
31717.454900273885869 29.71744225602066436
31717.548895988606091 29.718921293470923928
31717.642891712275741 29.720400330472109829
31717.736887450646464 29.721879367482266332
31717.830883209499007 29.723358404961228274
31717.924878994650498 29.724837443370592638
31718.018874811950809 29.72631648317367592
31718.112870667278912 29.727795524835478602
31718.206866566546523 29.729274568822638969
31718.300862515694462 29.730753615603404683
31718.394858520689013 29.732232665647597258
31718.488854587525566 29.733711719426572984
31718.582850722228613 29.735190777413443186
31718.676846930869942 29.736669840084136496
31718.770843219583185 29.738148907917697272
31718.864839594567457 29.739627981396260736
31718.958836062087357 29.741107061004949941
31718.958836062087357 29.741107061004949941
31718.958836062087357 29.741107061004949941
31718.958836062087357 29.741107061004949941
31718.958836062087357 29.741107061004949941
31718.958836062087357 29.741107061004949941
31719.052832628465694 29.742586147231751426
31719.146829300090758 29.744065240567493902
31719.240826083423599 29.745544341505798513
31719.334822984979837 29.74702345054304331
31719.428820011340576 29.748502568178341932
31719.522817169148766 29.749981694913984143
31719.616814465123753 29.751460831255577943
31719.710811906046729 29.752939977712028252
31719.804809498768009 29.754419134795476509
31719.89880725020339 29.755898303021258045
31719.992805167334154 29.757377482907848787
31720.086803257203428 29.758856674976815526
31720.180801526916184 29.760335879752780386
31720.274799983635603 29.761815097763367532
31720.368798634583072 29.763294329539160543
31720.462797487038188 29.76477357561365622
31720.556796548338752 29.766252836523232617
31720.650795825869864 29.767732112807102851
31720.744795327078464 29.769211405007268922
31720.838795059455151 29.770690713668496841
31720.932795030545094 29.772170039338270442
31721.026795247940754 29.773649382566755861
31721.120795719285525 29.775128743906769557
31721.214796452266455 29.77660812391374634
31721.30879745461425 29.778087523145703841
31721.402798734106909 29.779566942163214094
31721.496800298566086 29.781046381529371558
31721.590802155857091 29.782525841809771805
31721.684804313877976 29.784005323572475987
31721.778806780574087 29.785484827387989526
31721.872809563927149 29.786964353829240792
31721.966812671951629 29.788443903471549135
31722.06081611270929 29.789923476892614218
31722.154819894287357 29.791403074672487605
31722.248824024813075 29.792882697393558544
31722.342828512442793 29.794362345640656997
31722.436833365387429 29.795842020001561679
31722.53083859191247 29.797321721067383749
31722.624844200341613 29.798801449432644972
31722.718850199071312 29.800281205695263509
31722.812856596552592 29.801760990456557465
31722.906863401298324 29.803240804321234236
31723.000870621879585 29.804720647897394059
31723.094878266925662 29.806200521796526459
31723.188886345127685 29.807680426633506698
31723.282894865227718 29.809160363026599327
31723.376903836026031 29.810640331597475949
31723.470913266384741 29.812120332971655756
31723.564923165235086 29.813600367778871458
31723.658933541591978 29.815080436653147444
31723.75294440453581 29.816560540232838861
31723.846955763230653 29.818040679160667139
31723.940967626909696 29.819520854083759076
31724.034980004878889 29.821001065653685913
31724.12899290652058 29.822481314526502416
31724.223006341289874 29.823961601362785956
31724.317020318718278 29.825441926827693351
31724.411034848402778 29.826922291590992842
31724.505049940016761 29.828402696327124488
31724.599065603306371 29.829883141715239248
31724.693081848090515 29.831363628439259372
31724.787098684253579 29.832844157187917489
31724.881116121759987 29.834324728654820547
31724.975134170636011 29.835805343538531531
31725.06915284099523 29.837286002542718677
31725.163172143020347 29.838766706376283366
31725.257192086977739 29.840247455753416972
31725.351212683213816 29.841728251393671911
31725.445233942155028 29.843209094022022043
31725.539255874307855 29.844689984368930169
31725.633278490255179 29.846170923170411982
31725.727301800659916 29.847651911168107119
31725.821325816268654 29.849132949109350221
31725.915350547904382 29.85061403774724198
31726.00937600647012 29.852095177840713092
31726.103402202952566 29.853576370154605968
31726.197429148414813 29.85505761545974579
31726.291456854007265 29.85653891453335973
31726.385485330956726 29.85802026815951038
31726.479514590584586 29.859501677129216546
31726.573544644299545 29.86098314224053496
31726.667575503590342 29.862464664298645545
31726.761607180043939 29.863946244116316819
31726.855639685334609 29.865427882514637759
31726.94967303123849 29.86690958032314569
31727.043707229629945 29.868391338379947086
31727.137742292481562 29.869873157531799279
31727.231778231864155 29.871355038634220591
31727.325815059946763 29.872836982551589813
31727.419852789000288 29.874318990157242126
31727.513891431397496 29.875801062333579239
31727.607930999613018 29.877283199972168859
31727.701971506219706 29.878765403973851278
31727.796012963892281 29.88024767524883174
31727.89005538541096 29.881730014716801236
31727.984098783657828 29.883212423307032424
31728.078143171620468 29.884694901958489766
31728.172188562388328 29.886177451619936107
31728.266234969159996 29.887660073250035708
31728.360282405235921 29.889142767817478585
31728.454330884022056 29.890625536301083542
31728.54838041903713 29.892108379689904751
31728.642431023901736 29.89359129898335965
31728.736482712349243 29.89507429519133197
31728.830535498214886 29.896557369334296084
31728.92458939545395 29.898040522443533717
31729.018644418130862 29.899523755561816074
31729.112700580441015 29.901007069744654387
31729.206757896728959 29.902490466061447449
31729.300816381495679 29.903973945595868855
31729.394876049405866 29.905457509446648601
31729.488936915302475 29.90694115872794967
31729.582998994206719 29.908424894569538566
31729.677062301318074 29.909908718116934523
31729.771126852014277 29.911392630531572934
31729.865192661854962 29.91287663299096522
31729.959259746578027 29.914360726688855152
31730.053328122110543 29.915844912835392932
31730.147397804561479 29.917329192657422965
31730.241468810221704 29.918813567398814257
31730.335541155574901 29.920298038320630951
31730.429614857293927 29.92178260670132417
31730.523689932244451 29.923267273836906099
31730.617766397477681 29.924752041041138284
31730.711844270241272 29.926236909645911766
31730.805923567979335 29.927721881002071314
31730.900004308336065 29.929206956479674773
31730.994086509163026 29.930692137468188463
31731.088170188511867 29.932177425376689683
31731.182255364641605 29.93366282163407277
31731.276342056011345 29.935148327689248049
31731.370430281291192 29.936633945011351443
31731.464520059354982 29.938119675089961191
31731.558611409291188 29.93960551943531101
31731.652704350395652 29.941091479578517465
31731.746798902175215 29.942577557071793137
31731.840895084347721 29.944063753488677548
31731.934992916849296 29.945550070424278744
31732.029092419823428 29.947036509495497114
31732.123193613635522 29.948523072341274087
31732.217296518869261 29.950009760623192534
31732.311401156341162 29.951496576025995466
31732.405507547104207 29.95298352025789157
31732.499615712447849 29.954470595050814552
31732.593725673898007 29.955957802160686043
31732.687837453220709 29.957445143367678497
31732.781951072422089 29.958932620476495856
31732.876066553752025 29.96042023531663645
31732.970183919704141 29.961907989742680769
31733.064303193019441 29.963395885634565019
31733.158424396682676 29.964883924897876
31733.252547553925979 29.966372109464145979
31733.346672688232502 29.967860441291140461
31733.440799823340058 29.969348922363156618
31733.534928983230202 29.970837554691325266
31733.629060192146426 29.972326340313919957
31733.72319347458324 29.973815281296662505
31733.817328855293454 29.975304379733035631
31733.91146635928817 29.976793637744602705
31734.005606011833152 29.978283057481316831
31734.099747838459734 29.979772641121851251
31734.19389186495755 29.981262390873926194
31734.288038117381802 29.98275230897469612
31734.382186622053268 29.984242397691403426
31734.476337405565573 29.985732659321776339
31734.570490494774276 29.987223096194366434
31734.664645916815061 29.988713710668893242
31734.758803699092823 29.990204505136581759
31734.852963869285304 29.991695482020517716
31734.947126455346734 29.993186643775988642
31735.041291485507827 29.994677992890839135
31735.135458988275786 29.99616953188583679
31735.2296289924343 29.997661263315027469
31735.323801527047181 29.999153189766097682
31735.417976621462003 30.000645313860744068
31735.512154305306467 30.002137638255053531
31735.606334608484758 30.003630165639869176
31735.700517561188462 30.005122898741170445
31735.794703193892929 30.006615840320460364
31735.888891537360905 30.008108993175145685
31735.983082622631628 30.009602360138938337
31736.077276481042645 30.011095944082235576
31736.171473144207994 30.012589747912528537
31736.265672644036385 30.014083774574796593
31736.359875012723933 30.015578027051919463
31736.454080282754148 30.017072508365078676
31736.548288486901583 30.018567221574176784
31736.642499658231827 30.020062169778256589
31736.736713830101507 30.021557356115913251
31736.83093103615829 30.02305278376590536
31736.925151310344518 30.024548455947684289
31737.019374686900846 30.026044375921845386
31737.113601200358971 30.027540546990554304
31737.207830885548901 30.029036972497987534
31737.302063777591684 30.030533655830772943
31737.396299911913957 30.032030600418437416
31737.490539324233396 30.033527809733861602
31737.584782050565991 30.035025287293724006
31737.679028127222409 30.036523036659076524
31737.773277590822545 30.038021061435902226
31737.867530478280969 30.039519365275605622
31737.961786826817843 30.041017951875485181
31738.056046673955279 30.042516824979212942
31738.150310057520983 30.044015988377307025
31738.244577015640971 30.045515445907625462
31738.338847586746851 30.047015201455852917
31738.433121809568547 30.048515258955994511
31738.527399723141571 30.050015622390876757
31738.621681366799749 30.051516295792644939
31738.715966780182498 30.053017283243271152
31738.810256003227551 30.054518588875058782
31738.90454907617459 30.056020216871171868
31738.998846039565251 30.057522171466143135
31739.093146934239485 30.059024456946403348
31739.187451801335556 30.060527077650817773
31739.28176068229368 30.062030037971211982
31739.37607361884875 30.063533342352922517
31739.47039065304125 30.065036995295340461
31739.564711827199062 30.066541001352462104
31739.659037183955661 30.06804536513344317
31739.753366766235558 30.069550091303170802
31739.84770061726158 30.07105518458282134
31739.942038780551229 30.072560649750450068
31740.036381299920322 30.074066491642433618
31740.130728219490265 30.075572715154642367
31740.225079583698971 30.077079325243111896
31740.31943543728994 30.078586326924682481
31740.413795825315901 30.080093725277638583
31740.508160793138813 30.081601525442348333
31740.602530386426224 30.083109732621970522
31740.696904651162185 30.084618352084234516
31740.791283633643616 30.086127389162658829
31740.885667380494851 30.087636849257233251
31740.980055938656733 30.089146737835100964
31741.074449355390243 30.090657060431230008
31741.168847678269231 30.092167822649102504
31741.263250955184049 30.093679030161410992
31741.357659234345192 30.095190688710758309
31741.452072564276023 30.096702804110481821
31741.546490993820044 30.098215382245470551
31741.6409145721409 30.099728429072936109
31741.735343348726019 30.101241950623137456
31741.829777373375691 30.102755953000130518
31741.924216696210351 30.104270442382521367
31742.018661367663299 30.105785425024230051
31742.113111438484339 30.107300907255261535
31742.207566959736141 30.108816895482487297
31742.302027982786967 30.110333396190444688
31742.39649455932522 30.111850415942139847
31742.490966741337616 30.11336796137984706
31742.585444581127376 30.114886039225950753
31742.679928131296037 30.116404656283759067
31742.774417444754363 30.117923819438363608
31742.868912574718706 30.119443535657456579
31742.963413574703736 30.120963811992190529
31743.057920498522435 30.122484655578062984
31743.152433400289738 30.124006073636000025
31743.246952334426169 30.125528073474196589
31743.341477355650568 30.127050662489196498
31743.436008518991002 30.128573848166809057
31743.530545879770216 30.130097638083043421
31743.62508949362018 30.131622039905032295
31743.719639416460268 30.133147061391991173
31743.814195704515441 30.134672710396166906
31743.908758414305339 30.136198994863814704
31744.003327602640638 30.137725922836185788
31744.097903326623054 30.139253502450515043
31744.192485643645341 30.140781741941037097
31744.28707461139129 30.14231064963999529
31744.381670287832094 30.143840233978675514
31744.476272731219069 30.145370503488443603
31744.570882000090933 30.146901466801878655
31744.665498153270164 30.148433132654606226
31744.760121249863005 30.149965509886602177
31744.854751349259459 30.151498607443279809
31744.949388511129655 30.153032434376562776
31745.044032795420208 30.154566999845989983
31745.138684262357856 30.156102313119799163
31745.23334297243855 30.157638383576060193
31745.328008986434725 30.159175220703790643
31745.422682365384389 30.16071283410409265
31745.517363170587487 30.162251233491296887
31745.61205146361317 30.163790428694120749
31745.706747306288889 30.165330429656833644
31745.801450760693115 30.166871246440436494
31745.896161889162613 30.168412889223834128
31745.990880754285172 30.169955368305025445
31746.085607418888685 30.171498694102282911
31746.180341946048429 30.173042877155364039
31746.27508439907615 30.174587928126694436
31746.36983484152006 30.176133857802589944
31746.464593337157567 30.177680677094457451
31746.559359949991631 30.179228397040102294
31746.654134744261682 30.180777028805053419
31746.748917784429068 30.182326583683789067
31746.843709135184326 30.183877073100948252
31746.938508861425362 30.185428508612545784
31747.033317028264719 30.186980901907173092
31747.128133701022307 30.18853426480720259
31747.22295894520721 30.190088609269984943
31747.317792826524965 30.191643947389042779
31747.412635410859366 30.19320029139525019
31747.507486764272471 30.194757653658015784
31747.602346952990047 30.196316046686444423
31747.697216043405206 30.197875483130491858
31747.792094102052943 30.199435975782119357
31747.886981195617409 30.200997537576469654
31747.981877390913724 30.202560181593010924
31748.076782754877058 30.204123921056627466
31748.171697354562639 30.205688769338721045
31748.266621257123916 30.207254739958258938
31748.361554529808927 30.208821846582843307
31748.456497239945747 30.210390103029720166
31748.551449454935209 30.211959523266791905
31748.646411242232716 30.21353012141359784
31748.741382669340965 30.215101911742266338
31748.836363803788117 30.216674908678434974
31748.931354713127803 30.218249126802156468
31749.026355464910012 30.219824580848758444
31749.121366126684734 30.221401285709685425
31749.216386765965581 30.222979256433301742
31749.311417450237059 30.224558508225655373
31749.406458246918191 30.226139056451220455
31749.50150922335888 30.227720916633575854
31749.596570446821715 30.229304104456080182
31749.69164198445651 30.230888635762468653
31749.786723903293023 30.232474526557435723
31749.881816270219133 30.234061793007160901
31749.976919151955371 30.235650451439795461
31750.072032615047647 30.237240518345888773
31750.167156725834502 30.238832010378786208
31750.262291550436203 30.240424944354963088
31750.357437154732906 30.242019337254312461
31750.452593604335561 30.243615206220368918
31750.547760964571353 30.245212568560496891
31750.642939300465514 30.246811441746007887
31750.738128676701308 30.248411843412224442
31750.83332915761639 30.25001379135848012
31750.928540807166428 30.251617303548073323
31751.023763688903273 30.253222398108132296
31751.118997865956771 30.254829093329441037
31751.214243400994746 30.256437407666183503
31751.309500356212084 30.258047359735634529
31751.40476879329799 30.259658968317765471
31751.500048773410526 30.261272252354821433
31751.595340357143868 30.262887230950791917
31751.690643604506477 30.264503923370803307
31751.785958574891993 30.266122349040458062
31751.881285327050136 30.267742527545077991
31751.976623919053964 30.269364478628947523
31752.071974408285314 30.270988222195704509
31752.167336851398431 30.272613778307842836
31752.262711304298136 30.27424116718568925
31752.358097822107084 30.275870409206241618
31752.453496459133021 30.277501524901918373
31752.548907268843323 30.279134534959229796
31752.644330303824972 30.280769460217356936
31752.739765615751821 30.282406321666638149
31752.835213255359122 30.284045140446977484
31752.930673272407148 30.285685937846142934
31753.026145715644816 30.287328735297982973
31753.121630632773304 30.288973554380547171
31753.217128070424224 30.290620416814114435
31753.312638074115966 30.292269344459121783
31753.408160688217322 30.293920359314000734
31753.503695955918374 30.295573483512907131
31753.599243919194123 30.297228739323365687
31753.694804618768103 30.298886149143797297
31753.790378094076004 30.300545735500964639
31753.885964383236569 30.302207521047318295
31753.981563523004297 30.303871528558225634
31754.077175548747618 30.305537780929114433
31754.172800494405237 30.30720630117250991
31754.26843839245339 30.308877112414965183
31754.364089273862191 30.310550237893885139
31754.459753168073803 30.312225700954265051
31754.555430102955143 30.313903525045311937
31754.651120104768779 30.315583733716962911
31754.746823198136553 30.317266350616311144
31754.842539406003198 30.318951399483921705
31754.938268749599956 30.320638904150055026
31755.034011248408206 30.322328888530773128
31755.129766920133989 30.324021376623957025
31755.225535780664359 30.325716392505214003
31755.321317844031 30.327413960323703179
31755.4171131223884 30.329114104297829613
31755.512921625970193 30.33081684871087802
31755.608743363060057 30.332522217906511486
31755.704578339951695 30.334230236284209781
31755.800426560930646 30.335940928294579777
31755.896288028230629 30.337654318434609024
31755.992162742004439 30.339370431242802084
31756.088050700294843 30.341089291294220942
31756.183951899009116 30.342810923195447259
31756.27986633187902 30.344535351579452254
31756.375793990438979 30.346262601100370659
31756.471734863993333 30.347992696428207182
31756.56768893959088 30.349725662243432822
31756.66365620200304 30.351461523231513695
31756.759636633687478 30.353200304077365246
31756.855630214769917 30.354942029459756725
31756.951636923018668 30.356686724045960801
31757.047656733822805 30.358434412486072773
31757.143689620163059 30.360185119407155696
31757.239735552597267 30.361938869407321562
31757.335794499234908 30.363695687049798266
31757.431866425722546 30.365455596856879339
31757.527951295218372 30.367218623303816827
31757.624049068377644 30.368984790812657337
31757.720159703334502 30.37075412374601413
31757.816283155683777 30.372526646400803685
31757.912419378466439 30.374302383001918315
31758.008568322165956 30.37608135769588813
31758.104729934686475 30.377863594544589176
31758.200904161363724 30.379649117518887635
31758.297090944943193 30.381437950493094036
31758.393290225576493 30.383230117239023116
31758.489501940828632 30.385025641419481701
31758.585726025652548 30.386824546581681972
31758.681962412396388 30.388626856150633415
31758.778211030796228 30.390432593422517016
31758.874471807965165 30.392241781558052338
31758.970744668404222 30.394054443575846847
31759.067029533995083 30.395870602345738121
31759.163326324000082 30.39769028058215028
31759.259634955069487 30.399513500837418434
31759.355955341237859 30.401340285495148663
31759.452287393938605 30.403170656763577995
31759.548631022000336 30.405004636668945039
31759.644986131661426 30.406842247048871286
31759.741352626577282 30.408683509545792134
31759.837730407834897 30.410528445600373715
31759.934119373960129 30.412377076444990109
31760.030519420928613 30.414229423097225435
31760.126930442187586 30.416085506353411461
31760.223352328670444 30.417945346782207849
31760.319784968814929 30.4198089647182357
31760.416228248574043 30.421676380255753713
31760.51268205145243 30.423547613242391208
31760.609146258510009 30.425422683272927316
31760.705620748401998 30.427301609683151895
31760.802105397389823 30.429184411543772626
31760.898600079377502 30.431071107654418029
31760.995104665937106 30.432961716537686669
31761.091619026326953 30.434856256433281629
31761.188143027535261 30.436754745292240898
31761.284676534309256 30.43865720077123882
31761.381219409173355 30.440563640226979913
31761.477771512483741 30.4424740807106744
31761.574332702450192 30.444388538962630975
31761.670902835172456 30.446307031406924182
31761.767481764683907 30.448229574146168375
31761.864069342984294 30.450156182956391149
31761.960665420083387 30.452086873282006252
31762.057269844037364 30.454021660230903734
31762.153882460996101 30.455960558569639574
31762.250503115235915 30.457903582718746094
31762.347131649214134 30.459850746748159622
31762.443767903612752 30.461802064372541565
31762.540411717382085 30.463757548946155396
31762.637062927802617 30.465717213458656687
31762.733721370525018 30.467681070531032361
31762.830386879631988 30.469649132412470749
31762.927059287678276 30.471621410976887034
31763.023738425756164 30.473597917719178696
31763.120424123535486 30.475578663751594632
31763.217116209314554 30.477563659800200213
31763.313814510078373 30.479552916201491541
31763.410518851542292 30.481546442899123406
31763.507229058213852 30.483544249440743812
31763.603944953432801 30.485546344974974176
31763.70066635944022 30.487552738248492545
31763.797393097418535 30.489563437603237617
31763.894124987549731 30.491578450973737091
31763.990861849073553 30.493597785884560381
31764.087603500342084 30.495621449447877893
31764.184349758870667 30.497649448361169533
31764.281100441392482 30.499681788905022017
31764.377855363920389 30.501718476941285019
31764.47461434179786 30.503759517911081645
31764.571377189757186 30.505804916832918394
31764.668143721966771 30.507854678300798668
31764.764913752100256 30.509908806482574306
31764.861687093387445 30.511967305118435689
31764.958463558668882 30.51403017751949065
31765.055242960454052 30.516097426566428652
31765.152025110979594 30.518169054708288002
31765.248809822260228 30.520245063961329635
31765.345596906154242 30.522325455908035252
31765.442386174414423 30.524410231696180062
31765.539177438738989 30.526499392038047631
31765.635970510837069 30.528592937209726443
31765.732765202483279 30.530690867050516601
31765.82956132556501 30.532793180962457313
31765.926358692151553 30.534899877909953858
31766.023157114537753 30.53701095641952179
31766.119956405309495 30.539126414579641278
31766.216756377387355 30.541246250040714472
31766.313556844095729 30.543370460015161427
31766.410357619210117 30.545499041277604846
31766.507158517008065 30.547631990165179161
31766.603959271571512 30.549769300792878113
31766.700759687024402 30.55191096836234621
31766.797559579845256 30.554056987896622388
31766.894358767269296 30.556207353984394359
31766.991157067335735 30.55836206078075179
31767.087954298945988 30.560521102008252115
31767.184750281910965 30.562684470958149774
31767.281544837009278 30.564852160491678745
31767.378337786041811 30.567024163041438101
31767.475128951875377 30.569200470613029808
31767.571918158508197 30.571381074786359022
31767.668705231106287 30.573565966717577425
31767.765489996065298 30.575755137141182871
31767.862272281057813 30.577948576372286027
31767.959051915084274 30.580146274309019105
31768.055828728516644 30.582348220435132902
31768.152602553156612 30.584554403822735935
31768.249373222275608 30.586764813135225438
31768.346140570669377 30.588979436630388875
31768.442904434697994 30.591198262163675992
31768.539664652340434 30.593421277191637841
31768.636421063234593 30.595648468775554107
31768.733173508720938 30.597879823585220294
31768.829921831897082 30.600115327902937423
31768.926665877646883 30.602354967627675819
31769.023405492695019 30.604598728279420072
31769.120140525639727 30.606846595003698752
31769.216870827000093 30.609098552576295305
31769.313596249252441 30.611354585408150797
31769.410316646870342 30.613614677548213194
31769.507031876360998 30.61587881268867406
31769.603741796308896 30.618146974170294072
31769.700446267404914 30.620419144987859994
31769.797145152489975 30.622695307796213626
31769.893838316580513 30.624975444916245237
31769.990525626904855 30.627259538341039757
31770.087206952935958 30.629547569742200608
31770.183882166416879 30.631839520476308536
31770.280551141397154 30.634135371591590058
31770.377213754250988 30.636435103834759985
31770.473869883709995 30.638738697658070009
31770.57051941087775 30.641046133226421233
31770.667162219262536 30.643357390424643683
31770.763798194791889 30.645672448864900161
31770.86042722583079 30.647991287894228662
31770.957049203207134 30.650313886602216229
31771.053664020222641 30.65264022382878295
31771.150271572663769 30.654970278172093856
31771.246871758816269 30.657304027996563178
31771.343464479483373 30.659641451440982962
31771.440049637985794 30.661982526426719176
31771.536627140172641 30.664327230665989532
31771.633196894428693 30.666675541670215921
31771.729758811678039 30.669027436758437233
31771.826312805380439 30.671382893065782582
31771.922858791538602 30.673741887551976504
31772.019396688705456 30.676104397010096392
31772.115926417973242 30.678470398075258885
31772.212447902984422 30.680839867233203222
31772.308961069913494 30.683212780828878152
31772.405465847459709 30.685589115075018185
31772.501962166839803 30.687968846060702077
31772.59844996177344 30.690351949763570616
31772.694929168465023 30.692738402058473923
31772.791399725585507 30.695128178726054813
31772.88786157425784 30.697521255461214906
31772.984314658038784 30.699917607881527459
31773.080758922897076 30.702317211536602315
31773.177194317187968 30.704720041916335305
31773.273620791627764 30.707126074459043963
31773.370038299271982 30.709535284559489554
31773.466446795497177 30.71194764757676765
31773.562846237960912 30.714363138842099232
31773.659236586579937 30.716781733666454812
31773.755617803508358 30.719203407348082635
31773.851989853097621 30.721628135179866348
31773.948352701874683 30.724055892456554773
31774.044706318501994 30.726486654481828253
31774.141050673748396 30.728920396575212237
31774.237385740463651 30.731357094078838088
31774.333711493527517 30.733796722364026266
31774.430027909838827 30.73623925683770608
31774.526334968257288 30.738684672948672016
31774.622632649585285 30.741132946193651776
31774.71892093652059 30.743584052123203776
31774.815199813630898 30.74603796634743702
31774.911469267306529 30.748494664541560439
31775.00772928573133 30.750954122451236827
31775.103979858846287 30.753416315897975863
31775.200220978309517 30.755881220784264229
31775.296452637459879 30.758348813098379537
31775.392674831280601 30.760819068918998198
31775.488887556362897 30.763291964419639868
31775.58509081086595 30.765767475873065706
31775.681284594484168 30.768245579655353339
31775.777468908403534 30.770726252249804844
31775.873643755268859 30.773209470250652231
31775.969809139151039 30.775695210366613708
31776.065965065503406 30.778183449424261653
31776.162111541128979 30.780674164371223611
31776.258248574151366 30.783167332279212758
31776.354376173967466 30.785662930346891386
31776.450494351222005 30.788160935902570969
31776.546603117767518 30.790661326406745246
31776.642702486635244 30.793164079454435011
31776.73879247199875 30.795669172777415667
31776.834873089141183 30.798176584246256482
31776.930944354429812 30.8006862918722355
31777.027006285268726 30.803198273809112351
31777.12305890008065 30.805712508354758938
31777.21910221827784 30.808228973952648033
31777.315136260218424 30.810747649193199749
31777.411161047191854 30.813268512814993016
31777.507176601378887 30.815791543705859823
31777.60318294582612 30.818316720903844441
31777.699180104427796 30.820844023598034767
31777.795168101882155 30.823373431129294175
31777.891146963680512 30.82590492299088325
31777.987116716074524 30.828438478829017555
31778.083077386054356 30.830974078443539099
31778.179029001323215 30.83351170178854872
31778.274971590279165 30.836051328972580166
31778.370905181986018 30.838592940258681807
31778.466829806151509 30.841136516064374007
31778.562745493109105 30.843682036961546089
31778.658652273796179 30.846229483676282257
31778.754550179732178 30.848778837088612903
31778.850439242993161 30.851330078232184206
31778.946319496204524 30.853883188293863782
31779.042190972511889 30.856438148613285932
31779.138053705566563 30.858994940682325847
31779.233907729507337 30.861553546144524063
31779.329753078945942 30.864113946794468291
31779.425589788952493 30.866676124577111295
31779.521417895026389 30.869240061587049695
31779.617237433099945 30.871805740067760127
31779.713048439512932 30.874373142410814097
31779.808850950994383 30.876942251155032437
31779.90464500465896 30.879513048985636203
31780.000430637992395 30.88208551873334784
31780.096207888833305 30.884659643373232996
31780.191976795369555 30.887235406023670237
31780.287737396127341 30.889812789945406024
31780.383489729956636 30.892391778540339686
31780.479233836031199 30.894972355350475368
31780.574969753830374 30.897554504056977009
31780.670697523124545 30.900138208479194901
31780.766417183978774 30.902723452573713558
31780.86212877673097 30.905310220433388935
31780.957832341988251 30.9078984962864034
31781.053527920616034 30.910488264495324273
31781.149215553734393 30.913079509556187219
31781.244895282696234 30.915672216097572544
31781.340567149098206 30.918266368879699257
31781.436231194755237 30.920861952793536886
31781.531887461704173 30.923458952859924409
31781.627535992185585 30.926057354228706942
31781.723176828651049 30.928657142177897299
31781.818810013741313 30.931258302112858871
31781.914435590286303 30.933860819565492051
31782.010053601294203 30.936464680193449084
31782.10566408995146 30.939069869779377342
31782.201267099604593 30.941676374230176805
31782.296862673763826 30.944284179576271754
31782.392450856092182 30.946893271970914441
31782.488031690394564 30.949503637689570468
31782.583605220617756 30.952115263129247325
31782.679171490839508 30.954728134807869111
31782.774730545257626 30.957342239363686787
31782.870282428197243 30.959957563554670656
31782.965827184088994 30.962574094257785617
31783.061364857472654 30.965191818468333906
31783.156895492997137 30.967810723299383113
31783.252419135402306 30.97043079598121551
31783.347935829522612 30.97305202386078804
31783.443445620268903 30.975674394401199407
31783.538948552628426 30.978297895181167831
31783.634444671661186 30.980922513894469716
31783.729934022492671 30.983548238348923576
31783.825416650310217 30.986175056465782518
31783.920892600359366 30.988802956279325684
31784.016361917929316 30.991431925936367975
31784.11182464835656 30.994061953695766221
31784.207280837003054 30.996693027927925357
31784.302730529267137 30.999325137114301043
31784.39817377055806 31.00195826984689873
31784.493610606299626 31.004592414827794045
31784.589041081926553 31.007227560868614091
31784.684465242862643 31.009863696890036522
31784.779883134531701 31.012500811921267285
31784.875294802335702 31.015138895099507721
31784.970700291654794 31.017777935669279543
31785.066099647840019 31.020417922981842196
31785.161492916206043 31.023058846494624419
31785.256880142023874 31.025700695770606075
31785.35226137050995 31.028343460477721294
31785.44763664682614 31.03098713038827583
31785.54300601606883 31.033631695378339543
31785.638369523261645 31.036277145427114021
31785.733727213351813 31.038923470616303746
31785.829079131202889 31.041570661129455289
31785.924425321580202 31.044218707251307166
31786.019765829150856 31.046867599367107715
31786.11510069848373 31.049517327961925872
31786.210429974027647 31.052167883619958388
31786.305753700118657 31.054819257023805079
31786.401071920965478 31.05747143895375828
31786.49638468064586 31.060124420287063884
31786.591692023106589 31.062778191997171717
31786.68699399214529 31.065432745152993022
31786.782290631414071 31.068088070918122412
31786.877581984412245 31.070744160550081148
31786.972868094475416 31.073401005399535535
31787.068149004782754 31.07605859690951533
31787.163424758338806 31.078716926614617933
31787.258695397969859 31.081375986140230339
31787.353960966331215 31.084035767201697809
31787.449221505885362 31.086696261603115943
31787.544477058916527 31.089357461236375002
31787.639727667523402 31.09201935807986672
31787.734973373630055 31.094681944197382961
31787.83021421896774 31.097345211737298598
31787.925450245085813 31.100009152931772149
31788.020681493344455 31.102673760095932209
31788.115908004903758 31.105339025627063876
31788.211129820727365 31.108004942003820048
31788.306346981578827 31.110671501785418513
31788.40155952801797 31.113338697610860351
31788.496767500393617 31.116006522198144779
31788.591970938847226 31.118674968343494669
31788.687169883305614 31.121344028920589153
31788.782364373480959 31.124013696879863744
31788.877554448870796 31.126683965248062691
31788.972740148758021 31.129354827127546201
31789.067921512210887 31.132026275695562134
31789.163098578072095 31.134698304203542563
31789.258271384966065 31.137370905976418101
31789.353439971291664 31.140044074411925124
31789.448604375218565 31.142717802979973385
31789.54376463468725 31.145392085222027845
31789.638920787405368 31.148066914750550893
31789.734072870844102 31.150742285248519181
31789.829220922238164 31.153418190468908477
31789.924364978574886 31.156094624234096813
31790.01950507660149 31.158771580435146831
31790.114641252821457 31.161449053031095247
31790.209773543494521 31.16412703604823875
31790.304901984629396 31.166805523579409254
31790.400026611991052 31.169484509783259796
31790.495147461093438 31.172163988883621499
31790.590264567210397 31.174843955168867637
31790.685377965357475 31.177524402991249275
31790.78048769031011 31.180205326766262885
31790.875593776585447 31.182886720972021521
31790.970696258453245 31.185568580148650852
31791.065795169932244 31.188250898897511121
31791.160890544793801 31.190933671880312517
31791.255982416550978 31.193616893818532532
31791.351070818469452 31.196300559492854632
31791.446155783563881 31.198984663742617585
31791.541237344590627 31.201669201465271897
31791.636315534055029 31.204354167615846904
31791.731390384207771 31.207039557206417868
31791.826461927044875 31.209725365305597933
31791.921530194304069 31.212411587038015881
31792.016595217479335 31.215098217583513218
31792.111657027820911 31.217785252176543764
31792.206715656331653 31.220472686106031546
31792.301771133774309 31.223160514714923153
31792.396823490660609 31.225848733399715229
31792.49187275726581 31.228537337609989066
31792.586918963614153 31.231226322847870591
31792.681962139489769 31.233915684666762047
31792.777002314433048 31.236605418670642109
31792.87203951774427 31.239295520513589821
31792.967073778479971 31.241985985899358269
31793.062105125452945 31.244676810580912729
31793.157133587235876 31.247367990360007894
31793.252159192154068 31.250059521086747338
31793.347181968292716 31.252751398659167847
31793.442201943485998 31.255443619022816648
31793.537219145324343 31.258136178170339292
31793.632233601150801 31.260829072141060436
31793.727245338068315 31.263522297020589491
31793.822254382928804 31.266215848939793887
31793.917260762354999 31.268909724073942868
31794.012264502725884 31.271603918642309594
31794.107265630183974 31.274298428907769676
31794.202264170631679 31.276993251176403277
31794.297260149738577 31.279688381797104313
31794.392253592930501 31.282383817161193207
31794.487244525396818 31.285079553702008326
31794.582232972086786 31.287775587894508078
31794.677218957709556 31.290471916254791296
31794.772202506759641 31.293168535339059844
31794.867183643505996 31.295865441743117685
31794.9621623919993 31.298562632102001402
31795.057138776071952 31.30126010308962492
31795.152112819338072 31.303957851418413583
31795.247084545189864 31.306655873838963089
31795.342053976801253 31.309354167139684222
31795.437021137124248 31.31205272814645113
31795.531986048896215 31.314751553722267374
31795.626948734632606 31.317450640766924863
31795.721909216626955 31.320149986216666349
31795.816867516958155 31.322849587043858577
31795.911823657483183 31.325549440256665434
31796.006777659837098 31.328249542898721103
31796.101729545440321 31.330949892048810312
31796.196679335491353 31.333650484820559257
31796.291627050970419 31.336351318362112295
31796.386572712635825 31.339052389855829972
31796.4815163410276 31.341753696517983485
31796.576457956467493 31.344455235598452703
31796.671397579058976 31.347157004380417078
31796.766335228679964 31.349859000180064328
31796.861270925008284 31.352561220345950943
31796.956204687518039 31.355263662258547441
31797.051136535486876 31.357966323329947045
31797.146066487995995 31.360669201003588569
31797.240994563930144 31.36337229275345706
31797.335920782006724 31.366075596082961141
31797.430845160761237 31.368779108524641686
31797.525767718561838 31.371482827639891156
31797.620688473594782 31.374186751018633856
31797.715607443886256 31.376890876278210385
31797.810524647295097 31.379595201062706167
31797.905440101527347 31.382299723042478945
31798.000353824136255 31.3850044399138568
31798.095265832518635 31.387709349398850378
31798.190176143925783 31.390414449244904205
31798.285084775456198 31.393119737224623123
31798.379991744059225 31.395825211135516497
31798.47489706653505 31.398530868799738869
31798.569800759534701 31.40123670806383771
31798.66470283956005 31.403942726798501184
31798.75960332296745 31.406648922898302345
31798.854502225967735 31.409355294281443349
31798.949399564626219 31.412061838889517418
31799.044295354862697 31.414768554687263702
31799.139189612451446 31.417475439662332803
31799.23408235302486 31.42018249182504519
31799.328973592073453 31.422889709208170927
31799.42386334494222 31.425597089866691647
31799.518751626841549 31.428304631877576725
31799.613638452832674 31.431012333339555909
31799.708523837842222 31.433720192372906155
31799.803407796654938 31.436428207119224254
31799.898290343917324 31.439136375741213669
31799.993171494137641 31.441844696422478478
31800.088051261689543 31.444553167367295998
31800.182929660801165 31.447261786800417838
31800.277806705573312 31.449970552966867388
31800.372682409964909 31.452679464131723108
31800.467556787803915 31.455388518579923129
31800.562429852780042 31.458097714616062746
31800.657301618452038 31.460807050564202569
31800.752172098244046 31.463516524767666027
31800.8470413054456 31.46622613558884396
31800.94190925321891 31.46893588140900988
31801.036775954587938 31.47164576062812813
31801.13164142244932 31.474355771664669135
31801.226505669565086 31.477065912955421112
31801.321368708573573 31.47977618295530533
31801.416230551982153 31.482486580137198473
31801.511091212163592 31.48519710299175145
31801.605950701366964 31.487907750027215315
31801.700809031714016 31.490618519769256523
31801.795666215195524 31.49332941076079706
31801.890522263678577 31.496040421561829703
31801.98537718890293 31.498751550749261696
31802.080231002477376 31.501462796916733566
31802.175083715894289 31.504174158674466355
31802.269935340515076 31.506885634649087535
31802.364785887584731 31.50959722348314429
31802.459635368239105 31.512308923834520868
31802.554483793504915 31.515020734376285816
31802.649331174299732 31.517732653796560527
31802.744177521435631 31.520444680798362924
31802.839022845619183 31.523156814099479561
31802.933867157444183 31.525869052432327067
31803.028710467398923 31.528581394543813587
31803.123552785862557 31.531293839195210893
31803.218394123112375 31.534006385162026476
31803.313234489316528 31.536719031233864996
31803.408073894537665 31.539431776214314596
31803.502912348729296 31.542144618920808341
31803.59774986173943 31.544857558184517643
31803.692586443314212 31.547570592850217253
31803.787422103090648 31.55028372177617868
31803.882256850596605 31.552996943834045851
31803.977090695261722 31.555710257908728522
31804.071923646406503 31.558423662898285045
31804.166755713245948 31.561137157713812229
31804.261586904900469 31.563850741278983492
31804.356417230417719 31.566564412529512396
31804.451246698765317 31.569278170413042517
31804.54607531883812 31.571992013889040862
31804.64090309945459 31.574705941928694841
31804.735730049356789 31.577419953514823447
31804.830556177210383 31.580134047641763573
31804.925381491604639 31.582848223315284741
31805.020206001059705 31.58556247955249674
31805.115029714019329 31.58827681538175014
31805.209852638850862 31.590991229842554588
31805.304674783848895 31.593705721985489987
31805.399496157231624 31.596420290872121228
31805.494316767148121 31.599134935574920036
31805.589136621671059 31.601849655177172593
31805.683955728796718 31.604564448772912044
31805.778774096455891 31.60727931546684033
31805.873591732499335 31.609994254374253586
31805.968408644708688 31.612709264620967531
31806.063224840789189 31.61542434534325352
31806.158040328373318 31.618139495687774598
31806.252855115024431 31.620854714811372332
31806.347669208240404 31.623570001880107583
31806.442482615453628 31.626285356069026022
31806.537295344034646 31.629000776562090635
31806.63210740129216 31.631716262552114216
31806.726918794469384 31.634431813240706077
31806.821729530751327 31.637147427838208102
31806.916539617257513 31.639863105563634349
31807.011349061041983 31.642578845644628416
31807.106157869100571 31.645294647317395942
31807.200966048363625 31.648010509826661973
31807.295773605699651 31.650726432425621226
31807.390580547915306 31.653442414375895453
31807.485386881751765 31.656158454947483705
31807.580192613888357 31.658874553418719699
31807.674997750942566 31.661590709076232741
31807.769802299466392 31.664306921214908641
31807.864606265949988 31.667023189137850636
31807.959409656818025 31.669739512156347416
31808.054212478433328 31.672455889589834044
31808.149014737093239 31.675172320765863532
31808.243816439029615 31.677888805020078422
31808.338617590412468 31.680605341696175259
31808.433418197346327 31.683321930145890377
31808.528218265873875 31.68603856972895727
31808.623017801965034 31.688755259813099485
31808.717816811527882 31.691471999773995094
31808.812615300408652 31.694188788995266037
31808.907413274380815 31.696905626868453254
31809.00221073915236 31.699622512792956286
31809.097007700373069 31.702339446175560767
31809.191804163627239 31.705056426430328287
31809.286600134437322 31.707773452978564421
31809.381395618260285 31.710490525248815175
31809.47619062049489 31.713207642676835007
31809.570985146470775 31.715924804705586837
31809.665779201455734 31.718642010785210061
31809.760572790659353 31.721359260372441469
31809.855365919240285 31.724076552930092987
31809.950158592302614 31.726793887927069449
31810.044950814892218 31.729511264838368589
31810.139742592007678 31.732228683145116577
31810.234533928593009 31.734946142334102603
31810.329324829559482 31.737663641897349009
31810.424115299771074 31.740381181332139704
31810.518905344055383 31.743098760141062797
31810.613694967196352 31.745816377832042576
31810.708484173941542 31.74853403391782436
31810.803272969009413 31.751251727914656442
31810.898061357092956 31.753969459342208381
31810.992849342856061 31.75668722772367758
31811.087636930937151 31.759405032585881656
31811.182424125949183 31.762122873459286865
31811.277210932472371 31.764840749878018755
31811.371997355061467 31.767558661379883489
31811.466783398234838 31.770276607506389155
31811.561569066489028 31.772994587802763533
31811.65635436428056 31.775712601817982517
31811.751139296040492 31.778430649104787875
31811.845923866163503 31.781148729219712123
31811.940708079015167 31.783866841723106944
31812.035491938921041 31.786584986179164503
31812.13027545017394 31.789303162155949423
31812.225058617033937 31.792021369225423655
31812.319841443717451 31.794739606963471346
31812.414623934411793 31.797457874949937917
31812.509406093264261 31.800176172768651384
31812.604187924382131 31.802894500007457879
31812.698969431829028 31.805612856258250076
31812.79375061963583 31.808331241117002719
31812.888531491789763 31.811049654183808144
31812.983312052230758 31.813768095062904706
31813.078092304862366 31.816486563362715856
31813.172872253544483 31.819205058695889221
31813.26765190208971 31.821923580679332133
31813.362431254263356 31.824642128934240048
31813.457210313787073 31.82736070308614984
31813.551989084338857 31.830079302764961113
31813.646767569560325 31.832797927604271848
31813.74154577308218 31.835516577240817071
31813.836323698520573 31.838235251314525698
31813.931101349469827 31.84095394946854185
31814.025878729513352 31.8436726713492817
31814.120655842212727 31.846391416606461888
31814.120655842212727 31.846391416606461888
31814.120655842212727 31.846391416606461888
31814.120655842212727 31.846391416606461888
31814.120655842212727 31.846391416606461888
31814.120655842212727 31.846391416606461888
31814.215432691111346 31.849110184893145714
31814.310209279734408 31.851828975865785765
31814.404985611588927 31.854547789184266549
31814.499761690160085 31.857266624511943576
31814.5945375189076 31.859985481515693095
31814.689313101276639 31.862704359865951176
31814.784088440683263 31.865423259236763442
31814.878863540521706 31.868142179305831263
31814.973638404160738 31.870861119754550828
31815.06841303494366 31.873580080268069992
31815.163187436188309 31.876299060535433938
31815.257961611187056 31.879018060249737943
31815.352735563206807 31.881737079108123822
31815.447509295492637 31.884456116811662696
31815.542282811271434 31.887175173065376299
31815.637056113748258 31.889894247578286723
31815.73182920610634 31.892613340063455496
31815.826602091507084 31.895332450238029764
31815.921374773090065 31.89805157782328493
31816.016147253973031 31.900770722544667279
31816.110919537240989 31.903489884131836618
31816.205691625960753 31.906209062318708902
31816.300463523170038 31.908928256843505977
31816.39523523187745 31.911647467448741367
31816.490006755066133 31.914366693881262904
31816.584778095693764 31.917085935892291815
31816.679549256681639 31.919805193237362317
31816.77432024092559 31.922524465675806482
31816.869091051295982 31.925243752970708044
31816.963861690630438 31.927963054888920169
31817.058632161737478 31.930682371201115188
31817.153402467396518 31.933401701681699336
31817.248172610357869 31.936121046108333132
31817.342942593342741 31.938840404261874539
31817.437712419039599 31.941559775926418041
31817.532482090107806 31.94427916088930175
31817.627251609173982 31.946998558941146484
31817.722020978832006 31.94971796987586643
31817.816790201643016 31.952437393490708217
31817.911559280131769 31.95515682958626158
31818.00632821679028 31.95787627796649133
31818.101097014074185 31.960595738438762226
31818.195865674399101 31.963315210813863843
31818.290634200147906 31.966034694906031888
31818.385402593663457 31.968754190532980175
31818.480170857248595 31.971473697515925494
31818.574938993166143 31.974193215679605373
31818.669707003638905 31.976912744852313608
31818.764474890846031 31.979632284865918024
31818.859242656926654 31.982351835555896002
31818.954010303972609 31.985071396761352247
31819.048777834035718 31.987790968325047203
31819.143545249120507 31.990510550093432585
31819.238312551184208 31.993230141916665588
31819.333079742144037 31.995949743648647967
31819.427846823858999 31.998669355147047355
31819.522613798148086 32.001388976273318576
31819.617380666775716 32.004108606892756939
31819.712147431462654 32.006828246874491128
31819.806914093871455 32.009547896091547159
31819.901680655613745 32.012267554420851923
31819.996447118257493 32.014987221742948975
31820.091213483319734 32.017706897941216937
31820.185979752273852 32.020426582901812651
31820.280745926549571 32.023146276513713815
31820.375512007525685 32.025865978668740297
31820.47027799654461 32.028585689261575453
31820.56504389489055 32.031305408189766126
31820.659809703804058 32.03402513535377949
31820.754575424474751 32.036744870656995943
31820.849341058044956 32.039464614005758847
31820.944106605606066 32.042184365309367422
31821.038872068198543 32.044904124480126484
31821.133637446811917 32.047623891433360654
31821.228402742377511 32.05034366608744989
31821.323167955779354 32.053063448363836585
31821.417933087843267 32.055783238187061102
31821.512698139351414 32.058503035484513077
31821.607463111056859 32.061222840185330085
31821.702228003694472 32.063942652220347895
31821.796992817977298 32.066662471522093369
31821.891757554592914 32.069382298024841305
31821.986522214210709 32.072102131664614433
31822.081286797467328 32.074821972379211843
31822.176051304984867 32.077541820108244508
31822.270815737359953 32.080261674792716065
31822.365580095192854 32.082981536373665676
31822.460344379091111 32.08570140479209698
31822.555108589665906 32.08842127998897098
31822.649872727532056 32.091141161905213153
31822.74463679330438 32.09386105048174187
31822.839400787604973 32.096580945659461293
31822.934164711055928 32.099300847379282686
31823.028928564286616 32.102020755582131528
31823.123692347926408 32.104740670208947506
31823.218456062611949 32.107460591200727151
31823.313219708976249 32.110180518498502522
31823.40798328765959 32.112900452043376731
31823.502746799305896 32.115620391776523945
31823.597510244555451 32.118340337639210702
31823.692273624055815 32.121060289572795909
31823.787036938454548 32.123780247518766373
31823.881800188402849 32.126500211418729691
31823.976563374548277 32.129220181214442675
31824.07132649754567 32.131940156847811352
31824.166089558049862 32.134660138260919382
31824.260852556712052 32.137380125396028063
31824.355615494187077 32.140100118195611856
31824.450378371129773 32.142820116602358382
31824.545141188194975 32.145540120559175534
31824.639903946037521 32.148260130009234103
31824.734666645312245 32.150980144895953572
31824.829429286670347 32.153700165163037639
31824.924191870763025 32.156420190754481325
31825.018954398241476 32.159140221614585187
31825.113716869753262 32.161860257687976627
31825.208479285942303 32.164580298919631218
31825.303241647456161 32.167300345254872695
31825.39800395493512 32.170020396639408489
31825.492766209015826 32.172740453019322615
31825.587528410331288 32.175460514341111207
31825.682290559514513 32.178180580551689616
31825.777052657191234 32.180900651598427942
31825.871814703983546 32.183620727428980501
31825.966576700509904 32.186340807991086876
31826.061338647385128 32.189060893232557703
31826.156100545224035 32.191780983101303093
31826.250862394630531 32.194501077545325529
31826.345624196204881 32.197221176512734075
31826.440385950547352 32.199941279951758588
31826.535147658247297 32.202661387810756821
31826.62990931989043 32.205381500038221532
31826.72467093605519 32.208101616582794691
31826.819432507320016 32.210821737393267483
31826.914194034248794 32.21354186241860873
31827.008955517401773 32.216261991607950677
31827.103716957328288 32.218982124910617415
31827.198478354577674 32.221702262276131989
31827.293239709684713 32.224422403654223501
31827.388001023176912 32.227142548994827109
31827.482762295574503 32.229862698248119557
31827.57752352739044 32.232582851364504961
31827.672284719123127 32.235303008294636129
31827.76704587126369 32.238023168989421663
31827.861806984295981 32.240743333400047277
31827.956568058692937 32.243463501477968691
31828.051329094912944 32.246183673174932949
31828.146090093403473 32.24890384844298552
31828.240851054611994 32.251624027234349512
31828.335611978982342 32.254344209501184082
31828.430372866965627 32.257064395195605755
31828.525133719016594 32.259784584269688423
31828.619894535586354 32.262504776675470453
31828.714655317136931 32.265224972364961786
31828.809416064130346 32.267945171290165263
31828.904176777024986 32.270665373403076615
31828.99893745629015 32.273385578655677364
31829.093698102395138 32.276105786999977454
31829.188458715812885 32.278825998387986829
31829.283219297012693 32.281546212771750959
31829.377979846471135 32.284266430103350842
31829.472740364664787 32.286986650334917215
31829.567500852077501 32.289706873418630551
31829.662261309185851 32.292427099306742377
31829.757021736473689 32.295147327951582383
31829.851782134428504 32.297867559305558416
31829.946542503534147 32.300587793321177799
31830.041302844278107 32.303308029951061542
31830.136063157151511 32.306028269147937237
31830.230823442645487 32.308748510864674586
31830.325583701247524 32.31146875505427829
31830.420343933452386 32.314189001669895163
31830.515104139751202 32.316909250664849651
31830.609864320638735 32.319629501992636733
31830.704624476609752 32.322349755606936128
31830.799384608159016 32.325070011461619401
31830.894144715777657 32.327790269510778387
31830.988904799964075 32.330510529708718082
31831.083664861213038 32.333230792009977961
31831.178424900015671 32.335951056369353296
31831.273184916870377 32.338671322741895153
31831.367944912268285 32.3413915910829175
31831.462704886700521 32.344111861348032733
31831.557464840661851 32.346832133493137462
31831.652224774639762 32.34955240747444094
31831.746984689125384 32.352272683248479268
31831.841744584606204 32.354992960772115396
31831.936504461569712 32.357713240002574651
31832.031264320499758 32.360433520897430526
31832.126024161880196 32.363153803414640208
31832.220783986191236 32.365874087512544577
31832.315543793909455 32.36859437314988952
31832.410303585511429 32.371314660285825937
31832.505063361470093 32.374034948879945262
31832.599823122254747 32.376755238892279465
31832.694582868331054 32.379475530283301055
31832.789342600161035 32.382195823013972813
31832.884102318206715 32.384916117045719375
31832.978862022919202 32.387636412340476966
31833.073621714753244 32.390356708860686297
31833.168381394156313 32.393077006569306775
31833.263141061572242 32.395797305429844926
31833.357900717433949 32.398517605406354392
31833.452660362177994 32.401237906463443039
31833.547419996230019 32.403958208566315591
31833.642179620015668 32.406678511680759414
31833.73693923394967 32.409398815773172942
31833.831698838439479 32.412119120810572781
31833.926458433892549 32.414839426760615027
31834.021218020709057 32.417559733591602367
31834.115977599274629 32.420280041272498295
31834.210737169978529 32.423000349772934214
31834.305496733195469 32.425720659063131279
31834.400256289296522 32.428440969113907499
31834.495015838641848 32.431161279896706162
31834.58977538158797 32.433881591383595833
31834.684534918484133 32.436601903547277459
31834.779294449665031 32.439322216361105689
31834.87405397546172 32.442042529799095973
31834.968813496194343 32.444762843835945887
31835.063573012175766 32.447483158447028018
31835.158332523707941 32.450203473608425497
31835.253092031085544 32.452923789296924895
31835.347851534588699 32.455644105490037532
31835.442611034493893 32.458364422165956853
31835.537370531059423 32.461084739303430524
31835.632130024543585 32.46380505688175333
31835.726889515186485 32.466525374880795596
31835.821649003220955 32.469245693281003184
31835.916408488865272 32.471966012063404605
31836.011167972334079 32.474686331209618118
31836.105927453823824 32.477406650701865942
31836.200686933520046 32.480126970522981367
31836.295446411601006 32.482847290656415851
31836.390205888230412 32.485567611086253237
31836.484965363557421 32.488287931797216856
31836.579724837720278 32.491008252774669529
31836.674484310842672 32.493728574004641985
31836.769243783037382 32.496448895473818652
31836.864003254402633 32.499169217169573187
31836.958762725022098 32.501889539079954261
31837.053522194964899 32.504609861193706877
31837.148281664292881 32.507330183500222631
31837.243041133056977 32.510050505989276814
31837.33780060130448 32.512770828651014199
31837.432560069086321 32.515491151475949039
31837.527319536442519 32.518211474454979282
31837.622079003409453 32.520931797579379463
31837.716838470023504 32.523652120840829127
31837.811597936310136 32.526372444231405723
31837.906357402298454 32.529092767743598813
31838.001116868010286 32.531813091370310076
31838.095876333460183 32.534533415104881726
31838.190635798662697 32.537253738940982828
31838.285395263628743 32.539974062872431659
31838.380154728372872 32.542694386893188607
31838.474914192905999 32.545414710997363272
31838.569673657242674 32.54813503517922868
31838.664433121397451 32.550855359433199965
31838.759192585381243 32.553575683753877001
31838.853952049204963 32.556296008136008879
31838.948711512879527 32.559016332574536534
31839.043470976419485 32.561736657064571432
31839.138230439835752 32.564456981601416885
31839.232989903139242 32.567177306180568053
31839.327749366340868 32.56989763079771194
31839.422508829447906 32.572617955448741611
31839.51726829247491 32.57533828012974908
31839.612027755429153 32.57805860483704663
31839.706787218317913 32.580778929567166813
31839.801546681152104 32.583499254316862448
31839.896306143939 32.586219579083113729
31839.991065606689517 32.588939903863142433
31840.085825069407292 32.591660228654397713
31840.180584532099601 32.594380553454584515
31840.275343994770083 32.59710087826164937
31840.370103457426012 32.599821203073801712
31840.464862920071027 32.602541527889506767
31840.559622382708767 32.605261852707506876
31840.654381845342868 32.607982177526800172
31840.74914130797697 32.610702502346676113
31840.843900770611071 32.613422827166701268
31840.938660233245173 32.616143151986726423
31841.033419695875637 32.618863476806751578
31841.128179158509738 32.621583801626776733
31841.22293862114384 32.624304126446801888
31841.317698083777941 32.627024451266827043
31841.412457546408405 32.629744776086852198
31841.507217009042506 32.632465100906877353
31841.601976471676608 32.635185425726902508
31841.696735934310709 32.637905750546927663
31841.791495396941173 32.640626075366952819
31841.886254859575274 32.643346400186977974
31841.981014322209376 32.646066725007003129
31842.075773784843477 32.648787049827028284
31842.170533247473941 32.651507374647053439
31842.265292710108042 32.654227699467078594
31842.360052172742144 32.656948024287103749
31842.454811635376245 32.659668349107128904
31842.549571098006709 32.662388673927154059
31842.64433056064081 32.665108998747179214
31842.739090023274912 32.667829323567204369
31842.833849485909013 32.670549648387229524
31842.928608948539477 32.673269973207254679
31843.023368411173578 32.675990298027279835
31843.11812787380768 32.67871062284730499
31843.212887336441781 32.681430947667330145
31843.307646799075883 32.6841512724873553
31843.402406261706346 32.686871597307380455
31843.497165724340448 32.68959192212740561
31843.591925186974549 32.692312246947430765
31843.686684649608651 32.69503257176745592
31843.781444112239114 32.697752896587481075
31843.876203574873216 32.70047322140750623
31843.970963037507317 32.703193546227531385
31844.065722500141419 32.70591387104755654
31844.160481962771883 32.708634195867581695
31844.255241425405984 32.711354520687606851
31844.350000888040086 32.714074845507632006
31844.444760350674187 32.716795170327657161
31844.539519813304651 32.719515495147682316
31844.634279275938752 32.722235819967707471
31844.729038738572854 32.724956144787732626
31844.823798201206955 32.727676469607757781
31844.918557663837419 32.730396794427782936
31845.01331712647152 32.733117119247808091
31845.108076589105622 32.735837444067833246
31845.202836051739723 32.738557768887858401
31845.297595514370187 32.741278093707883556
31845.392354977004288 32.743998418527908711
31845.48711443963839 32.746718743347933867
31845.581873902272491 32.749439068167959022
31845.676633364902955 32.752159392987984177
31845.771392827537056 32.754879717808009332
31845.866152290171158 32.757600042628034487
31845.960911752805259 32.760320367448059642
31846.055671215439361 32.763040692268084797
31846.150430678069824 32.765761017088109952
31846.245190140703926 32.768481341908135107
31846.339949603338027 32.771201666728160262
31846.434709065972129 32.773921991548185417
31846.529468528602592 32.776642316368210572
31846.624227991236694 32.779362641188235727
31846.718987453870795 32.782082966008260883
31846.813746916504897 32.784803290828286038
31846.90850637913536 32.787523615648311193
31847.003265841769462 32.790243940468336348
31847.098025304403563 32.792964265288361503
31847.192784767037665 32.795684590108386658
31847.287544229668129 32.798404914928411813
31847.38230369230223 32.801125239748436968
31847.477063154936332 32.803845564568462123
31847.571822617570433 32.806565889388487278
31847.666582080200897 32.809286214208512433
31847.761341542834998 32.812006539028537588
31847.8561010054691 32.814726863848562743
31847.950860468103201 32.817447188668587899
31848.045619930733665 32.820167513488613054
31848.140379393367766 32.822887838308638209
31848.235138856001868 32.825608163128663364
31848.329898318635969 32.828328487948688519
31848.424657781270071 32.831048812768713674
31848.519417243900534 32.833769137588738829
31848.614176706534636 32.836489462408763984
31848.708936169168737 32.839209787228789139
31848.803695631802839 32.841930112048814294
31848.898455094433302 32.844650436868839449
31848.993214557067404 32.847370761688864604
31849.087974019701505 32.850091086508889759
31849.182733482335607 32.852811411328914915
31849.27749294496607 32.85553173614894007
31849.372252407600172 32.858252060968965225
31849.467011870234273 32.86097238578899038
31849.561771332868375 32.863692710609015535
31849.656530795498838 32.86641303542904069
31849.75129025813294 32.869133360249065845
31849.846049720767041 32.871853685069091
31849.940809183401143 32.874574009889116155
31850.035568646031606 32.87729433470914131
31850.130328108665708 32.880014659529166465
31850.225087571299809 32.88273498434919162
31850.319847033933911 32.885455309169216775
31850.414606496564375 32.888175633989241931
31850.509365959198476 32.890895958809267086
31850.604125421832578 32.893616283629292241
31850.698884884466679 32.896336608449317396
31850.793644347097143 32.899056933269342551
31850.888403809731244 32.901777258089367706
31850.983163272365346 32.904497582909392861
31851.077922734999447 32.907217907729418016
31851.172682197633549 32.909938232549443171
31851.267441660264012 32.912658557369468326
31851.362201122898114 32.915378882189493481
31851.456960585532215 32.918099207009518636
31851.551720048166317 32.920819531829543791
31851.64647951079678 32.923539856649568947
31851.741238973430882 32.926260181469594102
31851.835998436064983 32.928980506289619257
31851.930757898699085 32.931700831109644412
31852.025517361329548 32.934421155929669567
31852.12027682396365 32.937141480749694722
31852.215036286597751 32.939861805569719877
31852.309795749231853 32.942582130389745032
31852.404555211862316 32.945302455209770187
31852.499314674496418 32.948022780029795342
31852.594074137130519 32.950743104849820497
31852.688833599764621 32.953463429669845652
31852.783593062395084 32.956183754489870807
31852.878352525029186 32.958904079309895963
31852.973111987663287 32.961624404129921118
31853.067871450297389 32.964344728949946273
31853.162630912927852 32.967065053769971428
31853.257390375561954 32.969785378589996583
31853.352149838196055 32.972505703410021738
31853.446909300830157 32.975226028230046893
31853.541668763464259 32.977946353050072048
31853.636428226094722 32.980666677870097203
31853.731187688728824 32.983387002690122358
31853.825947151362925 32.986107327510147513
31853.920706613997027 32.988827652330172668
31854.01546607662749 32.991547977150197823
31854.110225539261592 32.994268301970222979
31854.204985001895693 32.996988626790248134
31854.299744464529795 32.999708951610273289
31854.394503927160258 33.002429276430298444
31854.48926338979436 33.005149601250323599
31854.584022852428461 33.007869926070348754
31854.678782315062563 33.010590250890373909
31854.773541777693026 33.013310575710399064
31854.868301240327128 33.016030900530424219
31854.963060702961229 33.018751225350449374
31855.057820165595331 33.021471550170474529
31855.152579628225794 33.024191874990499684
31855.247339090859896 33.026912199810524839
31855.342098553493997 33.029632524630549995
31855.436858016128099 33.03235284945057515
31855.531617478758562 33.035073174270600305
31855.626376941392664 33.03779349909062546
31855.721136404026765 33.040513823910650615
31855.815895866660867 33.04323414873067577
31855.91065532929133 33.045954473550700925
31856.005414791925432 33.04867479837072608
31856.100174254559533 33.051395123190751235
31856.194933717193635 33.05411544801077639
31856.289693179827736 33.056835772830801545
31856.3844526424582 33.0595560976508267
31856.479212105092301 33.062276422470851855
31856.573971567726403 33.064996747290877011
31856.668731030360505 33.067717072110902166
31856.763490492990968 33.070437396930927321
31856.85824995562507 33.073157721750952476
31856.953009418259171 33.075878046570977631
31857.047768880893273 33.078598371391002786
31857.142528343523736 33.081318696211027941
31857.237287806157838 33.084039021031053096
31857.332047268791939 33.086759345851078251
31857.426806731426041 33.089479670671103406
31857.521566194056504 33.092199995491128561
31857.616325656690606 33.094920320311153716
31857.711085119324707 33.097640645131178871
31857.805844581958809 33.100360969951204027
31857.900604044589272 33.103081294771229182
31857.995363507223374 33.105801619591254337
31858.090122969857475 33.108521944411279492
31858.184882432491577 33.111242269231304647
31858.27964189512204 33.113962594051329802
31858.374401357756142 33.116682918871354957
31858.469160820390243 33.119403243691380112
31858.563920283024345 33.122123568511405267
31858.658679745658446 33.124843893331430422
31858.75343920828891 33.127564218151455577
31858.848198670923011 33.130284542971480732
31858.942958133557113 33.133004867791505887
31859.037717596191214 33.135725192611531043
31859.132477058821678 33.138445517431556198
31859.227236521455779 33.141165842251581353
31859.321995984089881 33.143886167071606508
31859.416755446723982 33.146606491891631663
31859.511514909354446 33.149326816711656818
31859.606274371988548 33.152047141531681973
31859.701033834622649 33.154767466351707128
31859.795793297256751 33.157487791171732283
31859.890552759887214 33.160208115991757438
31859.985312222521316 33.162928440811782593
31860.080071685155417 33.165648765631807748
31860.174831147789519 33.168369090451832903
31860.269590610419982 33.171089415271858059
31860.364350073054084 33.173809740091883214
31860.459109535688185 33.176530064911908369
31860.553868998322287 33.179250389731933524
31860.64862846095275 33.181970714551958679
31860.743387923586852 33.184691039371983834
31860.838147386220953 33.187411364192008989
31860.932906848855055 33.190131689012034144
31861.027666311485518 33.192852013832059299
31861.12242577411962 33.195572338652084454
31861.217185236753721 33.198292663472109609
31861.311944699387823 33.201012988292134764
31861.406704162021924 33.203733313112159919
31861.501463624652388 33.206453637932185075
31861.596223087286489 33.20917396275221023
31861.690982549920591 33.211894287572235385
31861.785742012554692 33.21461461239226054
31861.880501475185156 33.217334937212285695
31861.975260937819257 33.22005526203231085
31862.070020400453359 33.222775586852336005
31862.16477986308746 33.22549591167236116
31862.259539325717924 33.228216236492386315
31862.354298788352025 33.23093656131241147
31862.449058250986127 33.233656886132436625
31862.543817713620228 33.23637721095246178
31862.638577176250692 33.239097535772486935
31862.733336638884794 33.241817860592512091
31862.828096101518895 33.244538185412537246
31862.922855564152997 33.247258510232562401
31863.01761502678346 33.249978835052587556
31863.112374489417562 33.252699159872612711
31863.207133952051663 33.255419484692637866
31863.301893414685765 33.258139809512663021
31863.396652877316228 33.260860134332688176
31863.49141233995033 33.263580459152713331
31863.586171802584431 33.266300783972738486
31863.680931265218533 33.269021108792763641
31863.775690727852634 33.271741433612788796
31863.870450190483098 33.274461758432813951
31863.965209653117199 33.277182083252839107
31864.059969115751301 33.279902408072864262
31864.154728578385402 33.282622732892889417
31864.249488041015866 33.285343057712914572
31864.344247503649967 33.288063382532939727
31864.439006966284069 33.290783707352964882
31864.53376642891817 33.293504032172990037
31864.628525891548634 33.296224356993015192
31864.723285354182735 33.298944681813040347
31864.818044816816837 33.301665006633065502
31864.912804279450938 33.304385331453090657
31865.007563742081402 33.307105656273115812
31865.102323204715503 33.309825981093140967
31865.197082667349605 33.312546305913166123
31865.291842129983706 33.315266630733191278
31865.38660159261417 33.317986955553216433
31865.481361055248271 33.320707280373241588
31865.576120517882373 33.323427605193266743
31865.670879980516474 33.326147930013291898
31865.765639443146938 33.328868254833317053
31865.86039890578104 33.331588579653342208
31865.955158368415141 33.334308904473367363
31866.049917831049243 33.337029229293392518
31866.144677293683344 33.339749554113417673
31866.239436756313808 33.342469878933442828
31866.334196218947909 33.345190203753467983
31866.428955681582011 33.347910528573493139
31866.523715144216112 33.350630853393518294
31866.618474606846576 33.353351178213543449
31866.713234069480677 33.356071503033568604
31866.807993532114779 33.358791827853593759
31866.90275299474888 33.361512152673618914
31866.997512457379344 33.364232477493644069
31867.092271920013445 33.366952802313669224
31867.187031382647547 33.369673127133694379
31867.281790845281648 33.372393451953719534
31867.376550307912112 33.375113776773744689
31867.471309770546213 33.377834101593769844
31867.566069233180315 33.380554426413794999
31867.660828695814416 33.383274751233820155
31867.75558815844488 33.38599507605384531
31867.850347621078981 33.388715400873870465
31867.945107083713083 33.39143572569389562
31868.039866546347184 33.394156050513920775
31868.134626008977648 33.39687637533394593
31868.229385471611749 33.399596700153971085
31868.324144934245851 33.40231702497399624
31868.418904396879952 33.405037349794021395
31868.513663859510416 33.40775767461404655
31868.608423322144517 33.410477999434071705
31868.703182784778619 33.41319832425409686
31868.79794224741272 33.415918649074122015
31868.892701710046822 33.418638973894147171
31868.987461172677286 33.421359298714172326
31869.082220635311387 33.424079623534197481
31869.176980097945489 33.426799948354222636
31869.27173956057959 33.429520273174247791
31869.366499023210054 33.432240597994272946
31869.461258485844155 33.434960922814298101
31869.556017948478257 33.437681247634323256
31869.650777411112358 33.440401572454348411
31869.745536873742822 33.443121897274373566
31869.840296336376923 33.445842222094398721
31869.935055799011025 33.448562546914423876
31870.029815261645126 33.451282871734449031
31870.12457472427559 33.454003196554474187
31870.219334186909691 33.456723521374499342
31870.314093649543793 33.459443846194524497
31870.408853112177894 33.462164171014549652
31870.503612574808358 33.464884495834574807
31870.598372037442459 33.467604820654599962
31870.693131500076561 33.470325145474625117
31870.787890962710662 33.473045470294650272
31870.882650425341126 33.475765795114675427
31870.977409887975227 33.478486119934700582
31871.072169350609329 33.481206444754725737
31871.16692881324343 33.483926769574750892
31871.261688275877532 33.486647094394776047
31871.356447738507995 33.489367419214801203
31871.451207201142097 33.492087744034826358
31871.545966663776198 33.494808068854851513
31871.6407261264103 33.497528393674876668
31871.735485589040763 33.500248718494901823
31871.830245051674865 33.502969043314926978
31871.925004514308966 33.505689368134952133
31872.019763976943068 33.508409692954977288
31872.114523439573532 33.511130017775002443
31872.209282902207633 33.513850342595027598
31872.304042364841735 33.516570667415052753
31872.398801827475836 33.519290992235077908
31872.4935612901063 33.522011317055103063
31872.588320752740401 33.524731641875128219
31872.683080215374503 33.527451966695153374
31872.777839678008604 33.530172291515178529
31872.872599140646344 33.532892616335765013
31872.967358603298635 33.535612941158547073
31873.062118065990944 33.538333265986310039
31873.156877528763289 33.541053590822954789
31873.251636991659325 33.54377391567351907
31873.34639645473726 33.546494240544141974
31873.441155918069853 33.549214565442063929
31873.535915381737141 33.551934890375619602
31873.630674845830072 33.554655215354223685
31873.725434310446872 33.557375540388356683
31873.820193775703956 33.560095865489557809
31873.91495324171774 33.562816190670410776
31874.009712708622828 33.565536515944550899
31874.104472176557465 33.568256841326629569
31874.199231645674445 33.570977166832314253
31874.293991116130201 33.573697492478295601
31874.388750588095718 33.576417818282244809
31874.483510061745619 33.579138144262820731
31874.578269537265442 33.581858470439669873
31874.673029014847998 33.584578796833397973
31874.767788494697015 33.5872991234655629
31874.862547977023496 33.590019450358674646
31874.957307462042081 33.592739777536166912
31875.052066949978325 33.595460105022411312
31875.146826441065059 33.598180432842688958
31875.241585935538751 33.60090076102318335
31875.336345433650422 33.60362108959097327
31875.431104935651092 33.606341418574018576
31875.525864441802696 33.609061748001153092
31875.620623952370806 33.611782077902077503
31875.715383467628271 33.614502408307345149
31875.810142987855215 33.617222739248347807
31875.904902513335401 33.61994307075730859
31875.999662044359866 33.622663402867310367
31876.094421581226925 33.62538373561278604
31876.189181124245806 33.628104069029717493
31876.283940673736652 33.630824403155635594
31876.378700230030518 33.633544738029613086
31876.473459793462098 33.636265073692229066
31876.568219364387915 33.638985410186009517
31876.662978943182679 33.641705747555896266
31876.757738530242932 33.644426085849325148
31876.852498125990678 33.647146425116211788
31876.947257730869751 33.64986676540890187
31877.04201734534945 33.652587106782171134
31877.136776969920902 33.655307449293182742
31877.231536605097062 33.658027793001473071
31877.326296251409076 33.660748137968916183
31877.421055909413553 33.663468484259702507
31877.515815579681657 33.666188831940324633
31877.610575262806378 33.668909181079534676
31877.705334959402535 33.671629531748337172
31877.800094670099497 33.674349884019953549
31877.894854395548464 33.677070237969800814
31877.989614136418822 33.679790593675470234
31878.084373893394513 33.682510951216706019
31878.179133667177666 33.685231310675376903
31878.273893458484963 33.687951672135461934
31878.368653268051276 33.690672035683022045
31878.463413096626027 33.693392401406171643
31878.558172944976832 33.69611276939506439
31878.652932813882217 33.698833139741878995
31878.747692704135261 33.701553512540790791
31878.842452616543596 33.704273887887936212
31878.937212551929406 33.706994265881419892
31879.031972511125787 33.709714646621279144
31879.126732494980388 33.712435030209448428
31879.22149250435541 33.715155416749773565
31879.316252540116693 33.717875806347954892
31879.411012603148265 33.720596199111561475
31879.505772694345069 33.723316595149988473
31879.600532814612961 33.726036994574442929
31879.695292964861437 33.728757397497922454
31879.790053146018181 33.731477804035208123
31879.884813359014515 33.73419821430283605
31879.979573604796315 33.736918628419076072
31880.074333884316729 33.739639046503924646
31880.169094198532548 33.742359468679069323
31880.263854548415111 33.745079895067881637
31880.358614934939396 33.747800325795402898
31880.453375359087659 33.750520760988322877
31880.548135821853066 33.753241200774958486
31880.642896324232424 33.755961645285232464
31880.737656867229816 33.758682094650666272
31880.8324174518566 33.761402549004365881
31880.927178079127771 33.764123008480979138
31881.021938750065601 33.766843473216717086
31881.116699465696001 33.769563943349304225
31881.211460227052157 33.772284419017971402
31881.306221035167255 33.775004900363462923
31881.400981891089032 33.777725387528249712
31881.49574279587614 33.780445880656721158
31881.590503750605421 33.783166379895227749
31881.685264756371907 33.785886885392045542
31881.780025814277906 33.788607397297376167
31881.874786925447552 33.791327915763297085
31881.969548091019533 33.794048440943761591
31882.064309312139812 33.79676897299457039
31882.159070589968906 33.799489512073343178
31882.253831925685517 33.802210058339504428
31882.348593320471991 33.804930611954262076
31882.443354775532498 33.807651173080571994
31882.538116292071209 33.810371741883137986
31882.632877871306846 33.813092318528369162
31882.727639514472685 33.815812903184379934
31882.822401222805638 33.818533496020947382
31882.917162997553532 33.821254097209504152
31883.011924839971471 33.823974706923117139
31883.106686751325469 33.826695325336451958
31883.201448732885183 33.82941595262576584
31883.29621078593118 33.832136588968886315
31883.390972911747667 33.834857234545175686
31883.485735111626127 33.837577889535531028
31883.580497386865318 33.840298554122348662
31883.675259738767636 33.843019228489502837
31883.770022168639116 33.845739912822338624
31883.86478467778943 33.848460607307629289
31883.959547267535527 33.851181312133576284
31884.054309939197992 33.853902027489773729
31884.149072694097413 33.8566227535672013
31884.243835533558013 33.8593434905581816
31884.338598458907654 33.862064238656387261
31884.4333614714742 33.864784998056798315
31884.528124572589149 33.867505768955695089
31884.622887763580366 33.870226551550622673
31884.717651045782986 33.872947346040390926
31884.812414420524874 33.875668152625024732
31884.907177889141167 33.878388971505778215
31885.001941452963365 33.881109802885092108
31885.096705113319331 33.883830646966572431
31885.191468871536927 33.886551503954983389
31885.286232728944015 33.88927237405620474
31885.380996686864819 33.891993257477238899
31885.475760746619926 33.894714154426168307
31885.570524909529922 33.897435065112148322
31885.665289176911756 33.900155989745385909
31885.760053550078737 33.902876928537097001
31885.854818030340539 33.905597881699527818
31885.949582618999557 33.908318849445890919
31886.044347317358188 33.911039831990372306
31886.139112126707914 33.913760829548103004
31886.233877048340219 33.916481842335144847
31886.328642083539307 33.919202870568454955
31886.423407233582111 33.921923914465878624
31886.518172499741922 33.924644974246128015
31886.612937883284758 33.927366050128760833
31886.707703385469358 33.930087142334151906
31886.802469007547188 33.932808251083486084
31886.897234750758798 33.935529376598722706
31886.99200061634474 33.938250519102588498
31887.086766605531011 33.940971678818542046
31887.181532719536335 33.943692855970773792
31887.276298959575797 33.946414050784170513
31887.371065326846292 33.949135263484294001
31887.465831822544715 33.951856494297373956
31887.56059844784977 33.954577743450464311
31887.655365203940164 33.957299011171713232
31887.750132091983687 33.960020297690334701
31887.844899113137217 33.962741603236594301
31887.939666268550354 33.965462928041773694
31888.034433559361787 33.968184272338135088
31888.129200986702926 33.970905636358907032
31888.22396855169427 33.973627020338255988
31888.318736255449039 33.976348424511250812
31888.413504099065904 33.979069849113841428
31888.508272083632619 33.981791294382830415
31888.603040210229665 33.984512760555844579
31888.697808479922969 33.987234247871306536
31888.792576893771184 33.989955756568427603
31888.88734545281477 33.992677286887150956
31888.982114158090553 33.995398839068158736
31889.076883010613528 33.998120413352822311
31889.171652011391416 34.000842009983188063
31889.266421161421022 34.003563629201956076
31889.361190461680962 34.006285271252444602
31889.455959913142578 34.009006936378568753
31889.550729516762658 34.011728624824826284
31889.64549927349799 34.014450336836333122
31889.74026918429081 34.017172072658794946
31889.835039250076079 34.019893832538485867
31889.929809471781482 34.022615616722220011
31890.024579850323789 34.025337425457344409
31890.119350386616134 34.028059258991696368
31890.214121081553458 34.030781117573589256
31890.308891936027067 34.033503001451791192
31890.403662950917351 34.036224910875503724
31890.49843412709015 34.038946846094333409
31890.593205465404026 34.041668807358277604
31890.687976966706628 34.044390794917688936
31890.782748631831055 34.047112809023275304
31890.877520461603126 34.049834849926057245
31890.972292456830473 34.052556917877353726
31891.067064618313452 34.055279013128775034
31891.161836946834228 34.058001135932173042
31891.25660944316769 34.060723286539648313
31891.351382108074176 34.063445465203507467
31891.446154942299472 34.066167672176270287
31891.540927946574811 34.068889907710612874
31891.635701121616876 34.071612172059374757
31891.730474468131433 34.07433446547553757
31891.825247986806062 34.077056788212182425
31891.920021678317426 34.079779140522582281
31892.014795543327637 34.082501522660408
31892.109569582480617 34.085223934879735452
31892.204343796416651 34.08794637743504552
31892.299118185761472 34.090668850581188565
31892.393892751118983 34.093391354573384433
31892.488667493089451 34.096113889667179819
31892.583442412254954 34.098836456118455374
31892.678217509183014 34.101559054183383068
31892.772992784430244 34.104281684118426199
31892.867768238535064 34.107004346180310961
31892.962543872021342 34.109727040626005135
31893.057319685398397 34.112449767712703874
31893.152095679157355 34.115172527697808391
31893.246871853782068 34.117895320838911744
31893.34164820973092 34.12061814739379173
31893.436424747455021 34.123341007620368259
31893.531201467380015 34.126063901776710452
31893.625978369924269 34.128786830120994011
31893.720755455480685 34.131509792911501222
31893.81553272443125 34.134232790406592528
31893.910310177139763 34.136955822864685217
31894.005087813948194 34.139678890544239209
31894.099865635187598 34.142401993703728635
31894.194643641167204 34.145125132601641837
31894.28942183217805 34.147848307496545317
31894.384200208492985 34.15057151864707663
31894.478978770366666 34.153294766311930175
31894.573757518039201 34.156018050749821668
31894.668536451725231 34.158741372219481036
31894.763315571628482 34.161464730979616888
31894.858094877927215 34.164188127288909413
31894.952874370781501 34.166911561405974851
31895.04765405033686 34.169635033589344175
31895.142433916713344 34.17235854409745599
31895.237213970012817 34.175082093188613896
31895.331994210318953 34.177805681120972281
31895.426774637689959 34.180529308152507895
31895.521555252169492 34.183252974541005642
31895.616336053779378 34.18597668054403016
31895.711117042519618 34.188700426418897393
31895.805898218364746 34.191424212422653284
31895.900679581274744 34.194148038812059553
31895.995461131187767 34.196871905843551076
31896.090242868016503 34.199595813773221664
31896.185024791651813 34.202319762856802754
31896.279806901966367 34.205043753349634983
31896.374589198807371 34.207767785506632663
31896.469371682003839 34.210491859582276675
31896.564154351359321 34.213215975830571836
31896.658937206655537 34.215940134505039794
31896.753720247648744 34.21866433585866929
31896.848503474077006 34.221388580143909053
31896.943286885652924 34.224112867612639377
31897.038070482067269 34.22683719851612949
31897.132854262985347 34.229561573105030448
31897.227638228050637 34.232285991629339605
31897.322422376884788 34.235010454338372199
31897.417206709080347 34.237734961480740026
31897.511991224215308 34.240459513304323025
31897.606775921834924 34.243184110056219538
31897.70156080146262 34.245908751982753415
31897.79634586260363 34.248633439329417172
31897.891131104730448 34.251358172340857777
31897.985916527297377 34.254082951260841128
31898.080702129733254 34.256807776332230731
31898.175487911441451 34.259532647796945071
31898.270273871799873 34.262257565895943401
31898.36506001016096 34.264982530869176003
31898.459846325858962 34.267707542955577082
31898.554632818199025 34.270432602393022137
31898.649419486460829 34.273157709418299532
31898.744206329898589 34.275882864267067873
31898.83899334774469 34.278608067173848895
31898.933780539206055 34.281333318371984831
31899.028567903460498 34.284058618093602888
31899.123355439667648 34.286783966569579718
31899.21814314695439 34.289509364029534311
31899.312931024429417 34.292234810701778258
31899.407719071175961 34.294960306813280226
31899.502507286244509 34.297685852589637534
31899.597295668670995 34.300411448255054836
31899.692084217458614 34.303137094032308596
31899.786872931588732 34.305862790142704455
31899.881661810013611 34.308588536806048808
31899.976450851667323 34.311314334240627488
31900.071240055451199 34.314040182663163137
31900.166029420248378 34.316766082288786777
31900.260818944912899 34.319492033331030711
31900.355608628276968 34.322218036001828523
31900.450398469147331 34.32494409051150086
31900.545188466305262 34.32767019706872702
31900.639978618506575 34.330396355880480996
31900.73476892448889 34.333122567152038584
31900.829559382957086 34.335848831086913435
31900.924349992597854 34.338575147886842842
31901.019140752072417 34.341301517751738004
31901.113931660020171 34.344027940879669814
31901.208722715051408 34.346754417466911491
31901.303513915758231 34.349480947708606493
31901.398305260707275 34.352207531798910622
31901.493096748454263 34.354934169930942289
31901.587888377525815 34.357660862296746984
31901.682680146433995 34.360387609087240435
31901.777472053669044 34.363114410492173079
31901.87226409770301 34.365841266700087431
31901.967056276982476 34.368568177898275451
31902.061848589939473 34.371295144272728805
31902.156641034984204 34.374022166008103341
31902.251433610508684 34.376749243287683555
31902.346226314883097 34.379476376293318651
31902.441019146455801 34.382203565205401219
31902.535812103556964 34.384930810202817497
31902.630605184498563 34.387658111462904742
31902.725398387574387 34.390385469161408594
31902.820191711052757 34.39311288347244755
31902.914985153183807 34.395840354568463226
31903.009778712203115 34.398567882620191938
31903.104572386320797 34.401295467796614957
31903.199366173732415 34.40402311026490878
31903.294160072608065 34.406750810190430911
31903.388954081106931 34.409478567736655918
31903.483748197362729 34.412206383065154114
31903.578542419490987 34.414934256335534712
31903.673336745592678 34.417662187705424515
31903.768131173743313 34.420390177330425274
31903.862925702007487 34.42311822536406396
31903.95772032842433 34.425846331957778546
31904.052515051018418 34.428574497260861165
31904.147309867799777 34.431302721420429691
31904.242104776752967 34.43403100458139221
31904.336899775847996 34.436759346886418598
31904.431694863036682 34.439487748475890783
31904.526490036256291 34.442216209487888534
31904.621285293425899 34.44494473005813262
31904.716080632446392 34.447673310319970597
31904.810876051200466 34.450401950404334173
31904.905671547556267 34.453130650439703686
31905.000467119363748 34.455859410552100996
31905.095262764458312 34.458588230865025537
31905.190058480660809 34.461317111499440102
31905.284854265773902 34.464046052573749535
31905.379650117585697 34.466775054203765194
31905.474446033869754 34.469504116502662328
31905.569242012385075 34.472233239581434816
31905.664038050876115 34.474962423549385448
31905.758834147080051 34.477691668514133028
31905.853630298726785 34.480420974581548421
31905.948426503531664 34.483150341855740351
31906.043222759199125 34.485879770439005654
31906.138019063429965 34.488609260431800863
31906.23281541391043 34.491338811932699571
31906.327611808315851 34.494068425038371117
31906.422408244321559 34.496798099843537955
31906.517204719584697 34.499527836440947226
31906.612001231758768 34.502257634921342344
31906.706797778486361 34.504987495373427464
31906.801594357402792 34.507717417883839062
31906.896390966136096 34.510447402537117512
31906.991187602303398 34.513177449415678666
31907.085984263521823 34.515907558599799643
31907.180780947393941 34.5186377301675833
31907.27557765151505 34.521367964194922706
31907.370374373476807 34.524098260755501144
31907.465171110867232 34.52682861992075658
31907.559967861263431 34.529559041759853244
31907.654764622235234 34.532289526339674524
31907.749561391348834 34.535020073724801648
31907.844358166166785 34.537750683977478161
31907.939154944248003 34.540481357157609921
31908.033951722929487 34.543212093316711275
31908.128748498740606 34.545942892480603348
31908.223545269222086 34.548673754701994199
31908.318342031907378 34.551404680031183148
31908.413138784329931 34.554135668516060775
31908.507935524019558 34.556866720202087606
31908.602732248498796 34.559597835132265686
31908.697528955293819 34.562329013347159901
31908.792325641927164 34.565060254884869551
31908.88712230591409 34.567791559781007038
31908.88712230591409 34.567791559781007038
31908.88712230591409 34.567791559781007038
31908.88712230591409 34.567791559781007038
31908.88712230591409 34.567791559781007038
31908.88712230591409 34.567791559781007038
31908.981918944769859 34.570522928068712076
31909.076715556013369 34.573254359778637479
31909.171512137156242 34.575985854938934949
31909.266308685713739 34.57871741357525508
31909.361105199193844 34.581449035710740247
31909.455901675111818 34.584180721366017508
31909.550698110979283 34.586912470559205701
31909.645494504307862 34.589644283305894135
31909.740290852609178 34.592376159619156795
31909.83508715339849 34.595108099509552346
31909.92988340419106 34.597840102985102817
31910.024679602502147 34.600572170051322018
31910.119475745854288 34.60330430071119423
31910.214271831762744 34.60603649496518841
31910.309067857753689 34.60876875281125109
31910.40386382134966 34.611501074244820586
31910.498659720084106 34.614233459258826997
31910.593455551486841 34.616965907843685102
31910.688251313094952 34.619698419987315674
31910.783047002445528 34.622430995675138377
31910.877842617086571 34.625163634890093078
31910.972638154562446 34.627896337612625643
31911.067433612432069 34.630629103820716352
31911.162228988250718 34.633361933489879902
31911.257024279584584 34.636094826593158302
31911.351819484003499 34.638827783101156399
31911.446614599084569 34.641560802982034772
31911.541409622408537 34.644293886201523947
31911.636204551567062 34.647027032722931494
31911.730999384159077 34.649760242507149144
31911.825794117783516 34.652493515512688305
31911.920588750053867 34.655226851695651646
31912.015383278590889 34.657960251009782837
31912.110177701018983 34.660693713406445227
31912.204972014977102 34.663427238834671584
31912.299766218107834 34.666160827241135678
31912.394560308064683 34.668894478570194906
31912.48935428250843 34.671628192763890297
31912.584148139114404 34.674361969761967828
31912.678941875561577 34.677095809501885526
31912.773735489543469 34.679829711918820578
31912.868528978764516 34.682563676945704856
31912.963322340932791 34.685297704513210704
31913.058115573774558 34.688031794549793574
31913.152908675023355 34.69076594698168492
31913.247701642423635 34.693500161732920617
31913.342494473734405 34.696234438725355176
31913.437287166725582 34.69896877787866174
31913.532079719178 34.701703179110360509
31913.626872128883406 34.704437642335847158
31913.721664393648098 34.707172167468371526
31913.816456511292927 34.709906754419094455
31913.911248479646019 34.712641403097073578
31914.006040296553692 34.715376113409291747
31914.100831959873176 34.718110885260671239
31914.195623467476253 34.720845718554095072
31914.290414817249257 34.723580613190421218
31914.385206007089437 34.726315569068482603
31914.47999703491223 34.729050586085129737
31914.57478789864399 34.731785664135223612
31914.669578596229258 34.734520803111671228
31914.764369125627127 34.737256002905425589
31914.859159484807606 34.739991263405514133
31914.953949671758892 34.742726584499052933
31915.048739684483735 34.745461966071246707
31915.143529520999436 34.748197408005431441
31915.238319179345126 34.750932910183067293
31915.333108657567209 34.753668472483767005
31915.427897953733918 34.756404094785310122
31915.522687065928039 34.759139776963664303
31915.617475992246909 34.761875518892985326
31915.712264730806055 34.764611320445645504
31915.807053279739193 34.767347181492255004
31915.901841637198231 34.770083101901661848
31915.996629801345989 34.772819081540980335
31916.091417770367116 34.775555120275598142
31916.18620554246445 34.778291217969204752
31916.280993115855381 34.781027374483798553
31916.375780488779128 34.783763589679715267
31916.470567659485823 34.786499863415649259
31916.565354626251064 34.789236195548653541
31916.660141387361364 34.791972585934168194
31916.754927941128699 34.794709034426041683
31916.8497142858796 34.797445540876537962
31916.944500419958786 34.80018210513634358
31917.039286341732804 34.802918727054596104
31917.134072049582755 34.805655406478898328
31917.228857541911566 34.808392143255332485
31917.323642817140353 34.81112893722846735
31917.418427873708424 34.813865788241386667
31917.513212710076914 34.816602696135703354
31917.607997324721509 34.819339660751552401
31917.702781716143363 34.822076681927633501
31917.79756588285818 34.824813759501218158
31917.89234982340713 34.827550893308156787
31917.987133536342299 34.830288083182900039
31918.081917020244873 34.833025328958513001
31918.176700273710594 34.83576263046668231
31918.271483295353391 34.838499987537744573
31918.366266083812661 34.841237400000686364
31918.461048637745989 34.843974867683172647
31918.555830955829151 34.846712390411553883
31918.650613036759751 34.849449968010880241
31918.745394879257219 34.852187600304915804
31918.840176482059178 34.854925287116145682
31918.934957843925076 34.857663028265811533
31919.029738963632553 34.860400823573897355
31919.124519839981076 34.863138672859172118
31919.219300471791939 34.865876575939182658
31919.314080857908266 34.868614532630274994
31919.40886099718773 34.871352542747615644
31919.503640888517111 34.874090606105191625
31919.598420530797739 34.876828722515845982
31919.69319992295641 34.879566891791270677
31919.78797906393811 34.882305113742084757
31919.882757952709653 34.885043388177827239
31919.977536588256044 34.887781714906978436
31920.072314969587751 34.890520093736945739
31920.167093095737073 34.893258524473957038
31920.261870965754497 34.895997006923032302
31920.356648578712338 34.898735540888004891
31920.451425933712017 34.901474126171507351
31920.546203029869503 34.904212762575006934
31920.640979866329872 34.906951449898812712
31920.73575644225275 34.909690187942061357
31920.830532756826869 34.912428976502766886
31920.92530880925915 34.915167815377806448
31921.020084598781978 34.917906704362941639
31921.114860124645929 34.920645643252818502
31921.209635386130685 34.923384631841003056
31921.304410382534115 34.926123669919967085
31921.399185113175918 34.928862757281123663
31921.493959577401256 34.931601893714827156
31921.588733774573484 34.934341079010387432
31921.683507704085059 34.937080312956076966
31921.778281365346629 34.939819595339166369
31921.873054757794307 34.942558925945924386
31921.967827880882396 34.945298304561625002
31922.062600734094303 34.948037730970568759
31922.157373316927988 34.950777204956104072
31922.252145628910512 34.953516726300627226
31922.346917669590766 34.956256294785625016
31922.44168943853947 34.958995910191660528
31922.536460935349169 34.961735572298401564
31922.631232159637875 34.964475280884641961
31922.726003111041791 34.967215035728308692
31922.820773789226223 34.969954836606490289
31922.915544193871028 34.972694683295451057
31923.010314324685169 34.975434575570638174
31923.105084181399434 34.978174513206703011
31923.199853763762803 34.980914495977543766
31923.29462307155336 34.983654523656284141
31923.38939210456374 34.986394596015323089
31923.484160862619319 34.989134712826341911
31923.578929345560027 34.991874873860325579
31923.673697553247621 34.994615078887576942
31923.76846548557296 34.997355327677752257
31923.863233142441459 35.000095619999861185
31923.958000523787632 35.002835955622302322
31924.052767629564187 35.005576334312877407
31924.147534459749295 35.00831675583882685
31924.242301014339318 35.011057219966829734
31924.337067293356085 35.013797726463032234
31924.431833296839613 35.016538275093083143
31924.526599024855386 35.019278865622148089
31924.621364477487077 35.022019497814916633
31924.716129654843826 35.024760171435652012
31924.810894557052961 35.027500886248198242
31924.905659184267279 35.030241642016008541
31925.000423536661401 35.032982438502166644
31925.095187614424503 35.035723275469408122
31925.189951417771226 35.0384641526801488
31925.284714946941676 35.04120506989651318
31925.379478202190512 35.043946026880348654
31925.47424118379422 35.046687023393268134
31925.569003892054752 35.049428059196650054
31925.663766327288613 35.052169134051673893
31925.758528489837772 35.054910247719362815
31925.85329038006239 35.057651399960590766
31925.948051998340816 35.060392590536103796
31926.042813345076866 35.063133819206562691
31926.137574420688907 35.065875085732557181
31926.232335225620773 35.068616389874648576
31926.327095760330849 35.071357731393376866
31926.421856025299348 35.074099110049296257
31926.516616021024674 35.076840525603003584
31926.61137574802342 35.079581977815173843
31926.706135206837644 35.0823234664465744
31926.800894398020318 35.085064991258107625
31926.895653322146245 35.087806552010825101
31926.990411979808414 35.090548148465963152
31927.085170371621643 35.093289780384978371
31927.179928498211666 35.096031447529561831
31927.27468636022968 35.098773149661681714
31927.369443958337797 35.101514886543604632
31927.464201293219958 35.104256657937938257
31927.558958365578292 35.106998463607652639
31927.653715176125843 35.109740303316101517
31927.748471725597483 35.112482176827072067
31927.843228014742635 35.115224083904777785
31927.937984044332552 35.117966024313503226
31928.032739815149398 35.120707997817497414
31928.127495328000805 35.123450004180973849
31928.222250583708956 35.126192043168138923
31928.317005583110586 35.128934114543206135
31928.411760327071534 35.131676218070353457
31928.506514816464914 35.134418353513716227
31928.601269052192947 35.137160520637429784
31928.696023035168764 35.139902719205622361
31928.790776766330964 35.142644948982464825
31928.88553024662906 35.145387209732156464
31928.980283477038029 35.148129501218967619
31929.07503645855104 35.15087182320714021
31929.169789192175813 35.153614175460759839
31929.264541678949172 35.156356557743777103
31929.359293919922493 35.159098969820036018
31929.454045916172618 35.161841411453288231
31929.548797668790939 35.164583882407214332
31929.643549178894318 35.167326382445452282
31929.738300447614165 35.170068911331618722
31929.833051476103719 35.172811468829323189
31929.927802265538048 35.175554054702189433
31930.022552817110409 35.178296668713890938
31930.11730313202861 35.181039310628158034
31930.212053211525927 35.183781980208820528
31930.306803056850185 35.186524677219814805
31930.401552669271041 35.189267401425212256
31930.4963020500727 35.192010152589233485
31930.591051200561196 35.194752930476298047
31930.685800122057117 35.197495734851024451
31930.780548815902876 35.20023856547827279
31930.875297283455438 35.202981422123137634
31930.970045526086324 35.205724304550976456
31931.064793545188877 35.208467212527366996
31931.159541342174634 35.211210145818128581
31931.254288918466045 35.213953104189371857
31931.349036275507387 35.216696087407491689
31931.443783414753852 35.219439095239202686
31931.53853033768246 35.222182127451560518
31931.633277045781142 35.224925183811976126
31931.728023540552385 35.227668264088258354
31931.822769823520503 35.230411368048613951
31931.917515896220721 35.233154495461690203
31932.012261760199181 35.235897646096582037
31932.107007417020213 35.238640819722867548
31932.201752868262702 35.241384016110629318
31932.296498115516442 35.244127235030475731
31932.391243160389422 35.246870476253569393
31932.485988004496903 35.249613739551641345
31932.5807326494687 35.252357024697033694
31932.67547709694918 35.255100331462713825
31932.770221348589985 35.257843659622295718
31932.864965406060946 35.260587008950082577
31932.959709271035535 35.263330379221066835
31933.054452945205412 35.266073770210986993
31933.149196430269512 35.268817181696327623
31933.243939727937686 35.271560613454369104
31933.33868283992706 35.274304065263187624
31933.433425767969311 35.277047536901712022
31933.528168513799756 35.279791028149730892
31933.622911079168261 35.282534538787935219
31933.717653465828334 35.285278068597925483
31933.812395675540756 35.288021617362268501
31933.907137710077222 35.290765184864511639
31934.001879571213067 35.293508770889204129
31934.096621260734537 35.296252375221953912
31934.19136278042788 35.298995997649420531
31934.286104132090259 35.301739637959379081
31934.380845317522471 35.304483295940734422
31934.475586338528956 35.307226971383556702
31934.570327196921426 35.309970664079109781
31934.665067894511594 35.31271437381988676
31934.759808433118451 35.315458100399645502
31934.854548814557347 35.318201843613429958
31934.94928904065091 35.320945603257612788
31935.044029113225406 35.323689379129930899
31935.138769034103461 35.326433171029513858
31935.233508805111342 35.32917697875691232
31935.328248428071674 35.331920802114147762
31935.422987904810725 35.334664640904733801
31935.517727237158397 35.337408494933256975
31935.612466426944593 35.340152364005028574
31935.707205476010131 35.342896247926105957
31935.801944386195828 35.345640146503313872
31935.896683159346139 35.348384059544272873
31935.991421797309158 35.351127986857420638
31936.086160301936616 35.35387192825202618
31936.180898675087519 35.356615883538225376
31936.2756369186136 35.359359852527028067
31936.370375034377503 35.362103835030367804
31936.465113024234597 35.364847830861108946
31936.559850890051166 35.367591839833060874
31936.654588633682579 35.370335861761020624
31936.74932625699148 35.373079896460794203
31936.844063761840516 35.375823943749210798
31936.938801150085055 35.378568003444165413
31937.033538423584105 35.381312075364633074
31937.128275584193034 35.384056159330697255
31937.223012633767212 35.386800255163571194
31937.317749574151094 35.389544362685633416
31937.412486407192773 35.392288481720456161
31937.507223134733067 35.395032612092819591
31937.601959758612793 35.39777675362875442
31937.696696280658216 35.400520906155549028
31937.79143270269924 35.403265069501799189
31937.886169026551215 35.406009243497429395
31937.980905254029494 35.408753427973714167
31938.075641386938514 35.411497622763320692
31938.170377427075437 35.414241827700315923
31938.265113376226509 35.416986042620216324
31938.359849236170703 35.419730267360009179
31938.454585008679715 35.42247450175818102
31938.549320695507049 35.42521874565475315
31938.644056298402575 35.427962998891302959
31938.738791819101607 35.430707261311006562
31938.83352725932491 35.433451532758660107
31938.928262620782334 35.436195813080708206
31939.022997905172815 35.438940102125286558
31939.117733114173461 35.441684399742243272
31939.212468249450467 35.444428705783167288
31939.307203312655474 35.447173020101438112
31939.401938305425574 35.449917342552240029
31939.496673229372391 35.45266167299259763
31939.591408086096635 35.455406011281411338
31939.68614287717719 35.458150357279485831
31939.780877604178386 35.46089471084956557
31939.87561226863545 35.463639071856370322
31939.970346872072696 35.466383440166616481
31940.065081415985333 35.469127815649059698
31940.159815901850379 35.471872198174530411
31940.25455033111939 35.474616587615948049
31940.34928470522209 35.47736098384822867
31940.444019025573652 35.480105386747602836
31940.538753293578338 35.482849796191587188
31940.633487510622217 35.48559421205900577
31940.728221678076807 35.488338634230018442
31940.822955797295435 35.491083062586156416
31940.917689869616879 35.493827497010336458
31941.012423896361724 35.496571937386889317
31941.107157878832368 35.499316383601609459
31941.201891818313015 35.502060835541755068
31941.296625716066046 35.504805293096083574
31941.391359573332011 35.507549756154894283
31941.486093391336908 35.510294224610049696
31941.580827171277633 35.513038698354982614
31941.675560914332891 35.515783177284760086
31941.770294621652283 35.518527661296083409
31941.865028294367221 35.521272150287323655
31941.959761933580012 35.524016644158557199
31942.054495540371136 35.526761142811594141
31942.14922911578833 35.529505646149985409
31942.243962660857505 35.532250154079079607
31942.33869617657183 35.53499466650603722
31942.433429663899005 35.537739183339851934
31942.528163123777631 35.540483704491414585
31942.622896557135391 35.543228229873548685
31942.717629964870866 35.545972759401060159
31942.812363347871724 35.548717292990737349
31942.907096706996526 35.551461830561400745
31943.001830043085647 35.554206372033931416
31943.096563356957631 35.556950917331278106
31943.191296649412834 35.559695466378080653
31943.286029921229783 35.562440019100009181
31943.380763173165178 35.565184575423756996
31943.475496405961167 35.567929135277069008
31943.570229620338068 35.570673698588763045
31943.664962816998013 35.57341826528872275
31943.759695996621303 35.576162835307926002
31943.854429159862775 35.578907408578444915
31943.949162307359074 35.581651985033481367
31944.04389543972502 35.584396564607352786
31944.138628557549964 35.587141147235527683
31944.233361661397794 35.589885732854632749
31944.328094751814206 35.59263032140245997
31944.422827829315793 35.595374912817987934
31944.51756089439732 35.598119507041396048
31944.612293947524449 35.600864104014071643
31944.707026989137375 35.603608703678631286
31944.801760019650828 35.606353305978942103
31944.896493039450434 35.609097910860114666
31944.991226048892713 35.611842518268531421
31945.085959048308723 35.614587128151868001
31945.180692038000416 35.617331740459100331
31945.275425018237001 35.620076355140504631
31945.370157989258587 35.622820972147700047
31945.464890951272537 35.625565591433655754
31945.559623904457112 35.628310212952683855
31945.654356848965108 35.631054836660304375
31945.749089784934768 35.633799462513053413
31945.843822712497058 35.636544090468113666
31945.938555631782947 35.63928872048288099
31946.033288542923401 35.642033352514964406
31946.128021446053026 35.644777986522200308
31946.222754341302789 35.647522622462659569
31946.317487228803657 35.650267260294647542
31946.412220108693873 35.653011899976704058
31946.506952981108043 35.655756541467624743
31946.601685846180771 35.65850118472646102
31946.696418704046664 35.661245829712527211
31946.791151554840326 35.663990476385393436
31946.885884398703638 35.666735124704921134
31946.980617235767568 35.669479774631248858
31947.075350066173996 35.672224426124799379
31947.170082890057529 35.674969079146286788
31947.264815707560047 35.677713733656744921
31947.359548518816155 35.680458389617498938
31947.454281323964096 35.683203046990207952
31947.549014123142115 35.685947705736850821
31947.643746916488453 35.688692365819733254
31947.738479704141355 35.691437027201502019
31947.833212486235425 35.694181689845159156
31947.927945262912544 35.696926353714047764
31948.022678034310957 35.699671018771887532
31948.117410800565267 35.702415684982753419
31948.212143561813718 35.705160352311104077
31948.306876318190916 35.707905020721788958
31948.401609069835104 35.710649690180034099
31948.496341816880886 35.713394360651477655
31948.591074559466506 35.716139032102155682
31948.685807297722931 35.718883704498537668
31948.780540031784767 35.721628377807498111
31948.875272761786619 35.724373051996352046
31948.970005487863091 35.727117727032855043
31949.064738210141513 35.729862402885217421
31949.159470928752853 35.732607079522097138
31949.254203643831715 35.735351756912614007
31949.348936355501792 35.738096435026378117
31949.443669063890411 35.740841113833468512
31949.538401769128541 35.743585793304461617
31949.633134471336234 35.746330473410438344
31949.72786717064082 35.749075154122976983
31949.822599867162353 35.751819835414188731
31949.917332561024523 35.754564517256696377
31950.012065252343746 35.757309199623669826
31950.106797941240075 35.760053882488826105
31950.201530627826287 35.762798565826429353
31950.296263312218798 35.765543249611312149
31950.390995994530385 35.768287933818882607
31950.485728674873826 35.771032618425124383
31950.580461353354622 35.773777303406625094
31950.675194030078273 35.776521988740576319
31950.769926705150283 35.779266674404766491
31950.864659378672513 35.782011360377623532
31950.959392050746828 35.784756046638200644
31951.054124721467815 35.787500733166190514
31951.148857390930061 35.790245419941946636
31951.243590059228154 35.792990106946476203
31951.338322726449405 35.795734794161475634
31951.433055392677488 35.798479481569309257
31951.527788057999715 35.801224169153044841
31951.62252072249612 35.803968856896446482
31951.717253386243101 35.806713544784010139
31951.811986049317056 35.809458232800942312
31951.906718711787107 35.812202920933202677
31952.001451373718737 35.814947609167482767
31952.096184035181068 35.81769229749124861
31952.190916696232307 35.820436985892726511
31952.285649356927024 35.823181674360931481
31952.380382017323427 35.825926362885667231
31952.475114677465172 35.828671051457540386
31952.569847337399551 35.831415740067981801
31952.664579997170222 35.83416042870924656
31952.759312656809925 35.836905117374428187
31952.854045316351403 35.839649806057465753
31952.948777975823759 35.842394494753165191
31953.04351063525246 35.8451391834572064
31953.138243294655695 35.84788387216615746
31953.232975954044377 35.850628560877481732
31953.327708613429422 35.853373249589544969
31953.422441272814467 35.856117938301636627
31953.517173932199512 35.858862627013728286
31953.611906591580919 35.861607315725819944
31953.706639250965964 35.864352004437911603
31953.801371910351008 35.867096693150003262
31953.896104569736053 35.86984138186209492
31953.990837229121098 35.872586070574186579
31954.085569888502505 35.875330759286278237
31954.18030254788755 35.878075447998369896
31954.275035207272595 35.880820136710461554
31954.369767866657639 35.883564825422553213
31954.464500526042684 35.886309514134644871
31954.559233185427729 35.88905420284673653
31954.653965844809136 35.891798891558828188
31954.748698504194181 35.894543580270919847
31954.843431163579226 35.897288268983011505
31954.93816382296427 35.900032957695103164
31955.032896482349315 35.902777646407194823
31955.127629141730722 35.905522335119286481
31955.222361801115767 35.90826702383137814
31955.317094460500812 35.911011712543469798
31955.411827119885857 35.913756401255561457
31955.506559779270901 35.916501089967653115
31955.601292438652308 35.919245778679744774
31955.696025098037353 35.921990467391836432
31955.790757757422398 35.924735156103928091
31955.885490416807443 35.927479844816019749
31955.980223076192487 35.930224533528111408
31956.074955735573894 35.932969222240203067
31956.169688394958939 35.935713910952294725
31956.264421054343984 35.938458599664386384
31956.359153713729029 35.941203288376478042
31956.453886373114074 35.943947977088569701
31956.54861903249548 35.946692665800661359
31956.643351691880525 35.949437354512753018
31956.73808435126557 35.952182043224844676
31956.832817010650615 35.954926731936936335
31956.92754967003566 35.957671420649027993
31957.022282329420705 35.960416109361119652
31957.117014988802111 35.963160798073211311
31957.211747648187156 35.965905486785302969
31957.306480307572201 35.968650175497394628
31957.401212966957246 35.971394864209486286
31957.495945626342291 35.974139552921577945
31957.590678285723698 35.976884241633669603
31957.685410945108742 35.979628930345761262
31957.780143604493787 35.98237361905785292
31957.874876263878832 35.985118307769944579
31957.969608923263877 35.987862996482036237
31958.064341582645284 35.990607685194127896
31958.159074242030329 35.993352373906219555
31958.253806901415373 35.996097062618311213
31958.348539560800418 35.998841751330402872
31958.443272220185463 36.00158644004249453
31958.53800487956687 36.004331128754586189
31958.632737538951915 36.007075817466677847
31958.72747019833696 36.009820506178769506
31958.822202857722004 36.012565194890861164
31958.916935517107049 36.015309883602952823
31959.011668176492094 36.018054572315044481
31959.106400835873501 36.02079926102713614
31959.201133495258546 36.023543949739227799
31959.295866154643591 36.026288638451319457
31959.390598814028635 36.029033327163411116
31959.48533147341368 36.031778015875502774
31959.580064132795087 36.034522704587594433
31959.674796792180132 36.037267393299686091
31959.769529451565177 36.04001208201177775
31959.864262110950222 36.042756770723869408
31959.958994770335266 36.045501459435961067
31960.053727429716673 36.048246148148052725
31960.148460089101718 36.050990836860144384
31960.243192748486763 36.053735525572236043
31960.337925407871808 36.056480214284327701
31960.432658067256853 36.05922490299641936
31960.527390726638259 36.061969591708511018
31960.622123386023304 36.064714280420602677
31960.716856045408349 36.067458969132694335
31960.811588704793394 36.070203657844785994
31960.906321364178439 36.072948346556877652
31961.001054023559846 36.075693035268969311
31961.09578668294489 36.078437723981060969
31961.190519342329935 36.081182412693152628
31961.28525200171498 36.083927101405244287
31961.379984661100025 36.086671790117335945
31961.47471732048507 36.089416478829427604
31961.569449979866476 36.092161167541519262
31961.664182639251521 36.094905856253610921
31961.758915298636566 36.097650544965702579
31961.853647958021611 36.100395233677794238
31961.948380617406656 36.103139922389885896
31962.043113276788063 36.105884611101977555
31962.137845936173107 36.108629299814069213
31962.232578595558152 36.111373988526160872
31962.327311254943197 36.114118677238252531
31962.422043914328242 36.116863365950344189
31962.516776573709649 36.119608054662435848
31962.611509233094694 36.122352743374527506
31962.706241892479738 36.125097432086619165
31962.800974551864783 36.127842120798710823
31962.895707211249828 36.130586809510802482
31962.990439870631235 36.13333149822289414
31963.08517253001628 36.136076186934985799
31963.179905189401325 36.138820875647077457
31963.274637848786369 36.141565564359169116
31963.369370508171414 36.144310253071260775
31963.464103167556459 36.147054941783352433
31963.558835826937866 36.149799630495444092
31963.653568486322911 36.15254431920753575
31963.748301145707956 36.155289007919627409
31963.843033805093 36.158033696631719067
31963.937766464478045 36.160778385343810726
31964.032499123859452 36.163523074055902384
31964.127231783244497 36.166267762767994043
31964.221964442629542 36.169012451480085701
31964.316697102014587 36.17175714019217736
31964.411429761399631 36.174501828904269018
31964.506162420781038 36.177246517616360677
31964.600895080166083 36.179991206328452336
31964.695627739551128 36.182735895040543994
31964.790360398936173 36.185480583752635653
31964.885093058321218 36.188225272464727311
31964.979825717702624 36.19096996117681897
31965.074558377087669 36.193714649888910628
31965.169291036472714 36.196459338601002287
31965.264023695857759 36.199204027313093945
31965.358756355242804 36.201948716025185604
31965.453489014624211 36.204693404737277262
31965.548221674009255 36.207438093449368921
31965.6429543333943 36.21018278216146058
31965.737686992779345 36.212927470873552238
31965.83241965216439 36.215672159585643897
31965.927152311549435 36.218416848297735555
31966.021884970930842 36.221161537009827214
31966.116617630315886 36.223906225721918872
31966.211350289700931 36.226650914434010531
31966.306082949085976 36.229395603146102189
31966.400815608471021 36.232140291858193848
31966.495548267852428 36.234884980570285506
31966.590280927237472 36.237629669282377165
31966.685013586622517 36.240374357994468824
31966.779746246007562 36.243119046706560482
31966.874478905392607 36.245863735418652141
31966.969211564774014 36.248608424130743799
31967.063944224159059 36.251353112842835458
31967.158676883544103 36.254097801554927116
31967.253409542929148 36.256842490267018775
31967.348142202314193 36.259587178979110433
31967.4428748616956 36.262331867691202092
31967.537607521080645 36.26507655640329375
31967.63234018046569 36.267821245115385409
31967.727072839850734 36.270565933827477068
31967.821805499235779 36.273310622539568726
31967.916538158617186 36.276055311251660385
31968.011270818002231 36.278799999963752043
31968.106003477387276 36.281544688675843702
31968.200736136772321 36.28428937738793536
31968.295468796157365 36.287034066100027019
31968.39020145554241 36.289778754812118677
31968.484934114923817 36.292523443524210336
31968.579666774308862 36.295268132236301994
31968.674399433693907 36.298012820948393653
31968.769132093078952 36.300757509660485312
31968.863864752463996 36.30350219837257697
31968.958597411845403 36.306246887084668629
31969.053330071230448 36.308991575796760287
31969.148062730615493 36.311736264508851946
31969.242795390000538 36.314480953220943604
31969.337528049385583 36.317225641933035263
31969.432260708766989 36.319970330645126921
31969.526993368152034 36.32271501935721858
31969.621726027537079 36.325459708069310238
31969.716458686922124 36.328204396781401897
31969.811191346307169 36.330949085493493556
31969.905924005688576 36.333693774205585214
31970.00065666507362 36.336438462917676873
31970.095389324458665 36.339183151629768531
31970.19012198384371 36.34192784034186019
31970.284854643228755 36.344672529053951848
31970.3795873026138 36.347417217766043507
31970.474319961995207 36.350161906478135165
31970.569052621380251 36.352906595190226824
31970.663785280765296 36.355651283902318482
31970.758517940150341 36.358395972614410141
31970.853250599535386 36.3611406613265018
31970.947983258916793 36.363885350038593458
31971.042715918301838 36.366630038750685117
31971.137448577686882 36.369374727462776775
31971.232181237071927 36.372119416174868434
31971.326913896456972 36.374864104886960092
31971.421646555838379 36.377608793599051751
31971.516379215223424 36.380353482311143409
31971.611111874608468 36.383098171023235068
31971.705844533993513 36.385842859735326726
31971.800577193378558 36.388587548447418385
31971.895309852759965 36.391332237159510044
31971.99004251214501 36.394076925871601702
31972.084775171530055 36.396821614583693361
31972.179507830915099 36.399566303295785019
31972.274240490300144 36.402310992007876678
31972.368973149681551 36.405055680719968336
31972.463705809066596 36.407800369432059995
31972.558438468451641 36.410545058144151653
31972.653171127836686 36.413289746856243312
31972.74790378722173 36.41603443556833497
31972.842636446606775 36.418779124280426629
31972.937369105988182 36.421523812992518288
31973.032101765373227 36.424268501704609946
31973.126834424758272 36.427013190416701605
31973.221567084143317 36.429757879128793263
31973.316299743528361 36.432502567840884922
31973.411032402909768 36.43524725655297658
31973.505765062294813 36.437991945265068239
31973.600497721679858 36.440736633977159897
31973.695230381064903 36.443481322689251556
31973.789963040449948 36.446226011401343214
31973.884695699831354 36.448970700113434873
31973.979428359216399 36.451715388825526531
31974.074161018601444 36.45446007753761819
31974.168893677986489 36.457204766249709849
31974.263626337371534 36.459949454961801507
31974.358358996752941 36.462694143673893166
31974.453091656137985 36.465438832385984824
31974.54782431552303 36.468183521098076483
31974.642556974908075 36.470928209810168141
31974.73728963429312 36.4736728985222598
31974.832022293678165 36.476417587234351458
31974.926754953059572 36.479162275946443117
31975.021487612444616 36.481906964658534775
31975.116220271829661 36.484651653370626434
31975.210952931214706 36.487396342082718093
31975.305685590599751 36.490141030794809751
31975.400418249981158 36.49288571950690141
31975.495150909366203 36.495630408218993068
31975.589883568751247 36.498375096931084727
31975.684616228136292 36.501119785643176385
31975.779348887521337 36.503864474355268044
31975.874081546902744 36.506609163067359702
31975.968814206287789 36.509353851779451361
31976.063546865672834 36.512098540491543019
31976.158279525057878 36.514843229203634678
31976.253012184442923 36.517587917915726337
31976.34774484382433 36.520332606627817995
31976.442477503209375 36.523077295339909654
31976.53721016259442 36.525821984052001312
31976.631942821979464 36.528566672764092971
31976.726675481364509 36.531311361476184629
31976.821408140745916 36.534056050188276288
31976.916140800130961 36.536800738900367946
31977.010873459516006 36.539545427612459605
31977.105606118901051 36.542290116324551263
31977.200338778286095 36.545034805036642922
31977.29507143767114 36.547779493748734581
31977.389804097052547 36.550524182460826239
31977.484536756437592 36.553268871172917898
31977.579269415822637 36.556013559885009556
31977.674002075207682 36.558758248597101215
31977.768734734592726 36.561502937309192873
31977.863467393974133 36.564247626021284532
31977.958200053359178 36.56699231473337619
31978.052932712744223 36.569737003445467849
31978.147665372129268 36.572481692157559507
31978.242398031514313 36.575226380869651166
31978.337130690895719 36.577971069581742825
31978.431863350280764 36.580715758293834483
31978.526596009665809 36.583460447005926142
31978.621328669050854 36.5862051357180178
31978.716061328435899 36.588949824430109459
31978.810793987817306 36.591694513142201117
31978.90552664720235 36.594439201854292776
31979.000259306587395 36.597183890566384434
31979.09499196597244 36.599928579278476093
31979.189724625357485 36.602673267990567751
31979.28445728474253 36.60541795670265941
31979.379189944123937 36.608162645414751069
31979.473922603508981 36.610907334126842727
31979.568655262894026 36.613652022838934386
31979.663387922279071 36.616396711551026044
31979.758120581664116 36.619141400263117703
31979.852853241045523 36.621886088975209361
31979.947585900430568 36.62463077768730102
31980.042318559815612 36.627375466399392678
31980.137051219200657 36.630120155111484337
31980.231783878585702 36.632864843823575995
31980.326516537967109 36.635609532535667654
31980.421249197352154 36.638354221247759313
31980.515981856737199 36.641098909959850971
31980.610714516122243 36.64384359867194263
31980.705447175507288 36.646588287384034288
31980.800179834888695 36.649332976096125947
31980.89491249427374 36.652077664808217605
31980.989645153658785 36.654822353520309264
31981.08437781304383 36.657567042232400922
31981.179110472428874 36.660311730944492581
31981.273843131810281 36.663056419656584239
31981.368575791195326 36.665801108368675898
31981.463308450580371 36.668545797080767557
31981.558041109965416 36.671290485792859215
31981.65277376935046 36.674035174504950874
31981.747506428735505 36.676779863217042532
31981.842239088116912 36.679524551929134191
31981.936971747501957 36.682269240641225849
31982.031704406887002 36.685013929353317508
31982.126437066272047 36.687758618065409166
31982.221169725657091 36.690503306777500825
31982.315902385038498 36.693247995489592483
31982.410635044423543 36.695992684201684142
31982.505367703808588 36.6987373729137758
31982.600100363193633 36.701482061625867459
31982.694833022578678 36.704226750337959118
31982.789565681960084 36.706971439050050776
31982.884298341345129 36.709716127762142435
31982.979031000730174 36.712460816474234093
31983.073763660115219 36.715205505186325752
31983.168496319500264 36.71795019389841741
31983.263228978881671 36.720694882610509069
31983.357961638266715 36.723439571322600727
31983.45269429765176 36.726184260034692386
31983.547426957036805 36.728928948746784044
31983.64215961642185 36.731673637458875703
31983.736892275806895 36.734418326170967362
31983.831624935188302 36.73716301488305902
31983.926357594573346 36.739907703595150679
31984.021090253958391 36.742652392307242337
31984.115822913343436 36.745397081019333996
31984.210555572728481 36.748141769731425654
31984.305288232109888 36.750886458443517313
31984.400020891494933 36.753631147155608971
31984.494753550879977 36.75637583586770063
31984.589486210265022 36.759120524579792288
31984.684218869650067 36.761865213291883947
31984.778951529031474 36.764609902003975606
31984.873684188416519 36.767354590716067264
31984.968416847801564 36.770099279428158923
31985.063149507186608 36.772843968140250581
31985.157882166571653 36.77558865685234224
31985.25261482595306 36.778333345564433898
31985.347347485338105 36.781078034276525557
31985.44208014472315 36.783822722988617215
31985.536812804108195 36.786567411700708874
31985.631545463493239 36.789312100412800532
31985.726278122874646 36.792056789124892191
31985.821010782259691 36.79480147783698385
31985.915743441644736 36.797546166549075508
31986.010476101029781 36.800290855261167167
31986.105208760414826 36.803035543973258825
31986.19994141979987 36.805780232685350484
31986.294674079181277 36.808524921397442142
31986.389406738566322 36.811269610109533801
31986.484139397951367 36.814014298821625459
31986.578872057336412 36.816758987533717118
31986.673604716721456 36.819503676245808776
31986.768337376102863 36.822248364957900435
31986.863070035487908 36.824993053669992094
31986.957802694872953 36.827737742382083752
31987.052535354257998 36.830482431094175411
31987.147268013643043 36.833227119806267069
31987.242000673024449 36.835971808518358728
31987.336733332409494 36.838716497230450386
31987.431465991794539 36.841461185942542045
31987.526198651179584 36.844205874654633703
31987.620931310564629 36.846950563366725362
31987.715663969946036 36.84969525207881702
31987.81039662933108 36.852439940790908679
31987.905129288716125 36.855184629503000338
31987.99986194810117 36.857929318215091996
31988.094594607486215 36.860674006927183655
31988.189327266867622 36.863418695639275313
31988.284059926252667 36.866163384351366972
31988.378792585637711 36.86890807306345863
31988.473525245022756 36.871652761775550289
31988.568257904407801 36.874397450487641947
31988.662990563792846 36.877142139199733606
31988.757723223174253 36.879886827911825264
31988.852455882559298 36.882631516623916923
31988.947188541944342 36.885376205336008582
31989.041921201329387 36.88812089404810024
31989.136653860714432 36.890865582760191899
31989.231386520095839 36.893610271472283557
31989.326119179480884 36.896354960184375216
31989.420851838865929 36.899099648896466874
31989.515584498250973 36.901844337608558533
31989.610317157636018 36.904589026320650191
31989.705049817017425 36.90733371503274185
31989.79978247640247 36.910078403744833508
31989.894515135787515 36.912823092456925167
31989.98924779517256 36.915567781169016826
31990.083980454557604 36.918312469881108484
31990.178713113939011 36.921057158593200143
31990.273445773324056 36.923801847305291801
31990.368178432709101 36.92654653601738346
31990.462911092094146 36.929291224729475118
31990.557643751479191 36.932035913441566777
31990.652376410864235 36.934780602153658435
31990.747109070245642 36.937525290865750094
31990.841841729630687 36.940269979577841752
31990.936574389015732 36.943014668289933411
31991.031307048400777 36.94575935700202507
31991.126039707785822 36.948504045714116728
31991.220772367167228 36.951248734426208387
31991.315505026552273 36.953993423138300045
31991.410237685937318 36.956738111850391704
31991.504970345322363 36.959482800562483362
31991.599703004707408 36.962227489274575021
31991.694435664088815 36.964972177986666679
31991.789168323473859 36.967716866698758338
31991.883900982858904 36.970461555410849996
31991.978633642243949 36.973206244122941655
31992.073366301628994 36.975950932835033313
31992.168098961010401 36.978695621547124972
31992.262831620395445 36.981440310259216631
31992.35756427978049 36.984184998971308289
31992.452296939165535 36.986929687683399948
31992.54702959855058 36.989674376395491606
31992.641762257931987 36.992419065107583265
31992.736494917317032 36.995163753819674923
31992.831227576702076 36.997908442531766582
31992.925960236087121 37.00065313124385824
31993.020692895472166 37.003397819955949899
31993.115425554857211 37.006142508668041557
31993.210158214238618 37.008887197380133216
31993.304890873623663 37.011631886092224875
31993.399623533008707 37.014376574804316533
31993.494356192393752 37.017121263516408192
31993.589088851778797 37.01986595222849985
31993.683821511160204 37.022610640940591509
31993.778554170545249 37.025355329652683167
31993.873286829930294 37.028100018364774826
31993.968019489315338 37.030844707076866484
31994.062752148700383 37.033589395788958143
31994.15748480808179 37.036334084501049801
31994.252217467466835 37.03907877321314146
31994.34695012685188 37.041823461925233119
31994.441682786236925 37.044568150637324777
31994.536415445621969 37.047312839349416436
31994.631148105003376 37.050057528061508094
31994.725880764388421 37.052802216773599753
31994.820613423773466 37.055546905485691411
31994.915346083158511 37.05829159419778307
31995.010078742543556 37.061036282909874728
31995.1048114019286 37.063780971621966387
31995.199544061310007 37.066525660334058045
31995.294276720695052 37.069270349046149704
31995.389009380080097 37.072015037758241363
31995.483742039465142 37.074759726470333021
31995.578474698850187 37.07750441518242468
31995.673207358231593 37.080249103894516338
31995.767940017616638 37.082993792606607997
31995.862672677001683 37.085738481318699655
31995.957405336386728 37.088483170030791314
31996.052137995771773 37.091227858742882972
31996.14687065515318 37.093972547454974631
31996.241603314538224 37.096717236167066289
31996.336335973923269 37.099461924879157948
31996.431068633308314 37.102206613591249607
31996.525801292693359 37.104951302303341265
31996.620533952074766 37.107695991015432924
31996.715266611459811 37.110440679727524582
31996.809999270844855 37.113185368439616241
31996.9047319302299 37.115930057151707899
31996.999464589614945 37.118674745863799558
31997.094197248996352 37.121419434575891216
31997.188929908381397 37.124164123287982875
31997.283662567766441 37.126908812000074533
31997.378395227151486 37.129653500712166192
31997.473127886536531 37.132398189424257851
31997.567860545921576 37.135142878136349509
31997.662593205302983 37.137887566848441168
31997.757325864688028 37.140632255560532826
31997.852058524073072 37.143376944272624485
31997.946791183458117 37.146121632984716143
31998.041523842843162 37.148866321696807802
31998.136256502224569 37.15161101040889946
31998.230989161609614 37.154355699120991119
31998.325721820994659 37.157100387833082777
31998.420454480379703 37.159845076545174436
31998.515187139764748 37.162589765257266095
31998.609919799146155 37.165334453969357753
31998.7046524585312 37.168079142681449412
31998.799385117916245 37.17082383139354107
31998.89411777730129 37.173568520105632729
31998.988850436686334 37.176313208817724387
31999.083583096067741 37.179057897529816046
31999.178315755452786 37.181802586241907704
31999.273048414837831 37.184547274953999363
31999.367781074222876 37.187291963666091021
31999.462513733607921 37.19003665237818268
31999.557246392992965 37.192781341090274339
31999.651979052374372 37.195526029802365997
31999.746711711759417 37.198270718514457656
31999.841444371144462 37.201015407226549314
31999.936177030529507 37.203760095938640973
32000.030909689914552 37.206504784650732631
32000.125642349295958 37.20924947336282429
32000.220375008681003 37.211994162074915948
32000.315107668066048 37.214738850787007607
32000.409840327451093 37.217483539499099265
32000.504572986836138 37.220228228211190924
32000.599305646217545 37.222972916923282583
32000.694038305602589 37.225717605635374241
32000.788770964987634 37.2284622943474659
32000.883503624372679 37.231206983059557558
32000.978236283757724 37.233951671771649217
32001.072968943139131 37.236696360483740875
32001.167701602524176 37.239441049195832534
32001.26243426190922 37.242185737907924192
32001.357166921294265 37.244930426620015851
32001.45189958067931 37.247675115332107509
32001.546632240060717 37.250419804044199168
32001.641364899445762 37.253164492756290826
32001.736097558830807 37.255909181468382485
32001.830830218215851 37.258653870180474144
32001.925562877600896 37.261398558892565802
32002.020295536985941 37.264143247604657461
32002.115028196367348 37.266887936316749119
32002.209760855752393 37.269632625028840778
32002.304493515137437 37.272377313740932436
32002.399226174522482 37.275122002453024095
32002.493958833907527 37.277866691165115753
32002.588691493288934 37.280611379877207412
32002.683424152673979 37.28335606858929907
32002.778156812059024 37.286100757301390729
32002.872889471444068 37.288845446013482388
32002.967622130829113 37.291590134725574046
32003.06235479021052 37.294334823437665705
32003.157087449595565 37.297079512149757363
32003.25182010898061 37.299824200861849022
32003.346552768365655 37.30256888957394068
32003.441285427750699 37.305313578286032339
32003.536018087132106 37.308058266998123997
32003.630750746517151 37.310802955710215656
32003.630750746517151 37.310802955710215656
32003.630750746517151 37.310802955710215656
32003.630750746517151 37.310802955710215656
32003.630750746517151 37.310802955710215656
32003.630750746517151 37.310802955710215656
32003.725483405902196 37.313547644422307314
32003.820216065287241 37.316292333134398973
32003.914948724668648 37.319037021846490632
32004.009681384053692 37.32178171055858229
32004.104414043438737 37.324526399270673949
32004.199146702823782 37.327271087982765607
32004.293879362208827 37.330015776694857266
32004.388612021590234 37.332760465406948924
32004.483344680975279 37.335505154119040583
32004.578077340360323 37.338249842831132241
32004.672809999745368 37.3409945315432239
32004.767542659130413 37.343739220255315558
32004.862275318515458 37.346483908967407217
32004.957007977896865 37.349228597679498876
32005.05174063728191 37.351973286391590534
32005.146473296666954 37.354717975103682193
32005.241205956051999 37.357462663815773851
32005.335938615437044 37.36020735252786551
32005.430671274818451 37.362952041239957168
32005.525403934203496 37.365696729952048827
32005.620136593588541 37.368441418664140485
32005.714869252973585 37.371186107376232144
32005.80960191235863 37.373930796088323802
32005.904334571740037 37.376675484800415461
32005.999067231125082 37.37942017351250712
32006.093799890510127 37.382164862224598778
32006.188532549895172 37.384909550936690437
32006.283265209280216 37.387654239648782095
32006.377997868661623 37.390398928360873754
32006.472730528046668 37.393143617072965412
32006.567463187431713 37.395888305785057071
32006.662195846816758 37.398632994497148729
32006.756928506201803 37.401377683209240388
32006.851661165583209 37.404122371921332046
32006.946393824968254 37.406867060633423705
32007.041126484353299 37.409611749345515364
32007.135859143738344 37.412356438057607022
32007.230591803123389 37.415101126769698681
32007.325324462508433 37.417845815481790339
32007.42005712188984 37.420590504193881998
32007.514789781274885 37.423335192905973656
32007.60952244065993 37.426079881618065315
32007.704255100044975 37.428824570330156973
32007.79898775943002 37.431569259042248632
32007.893720418811426 37.43431394775434029
32007.988453078196471 37.437058636466431949
32008.083185737581516 37.439803325178523608
32008.177918396966561 37.442548013890615266
32008.272651056351606 37.445292702602706925
32008.367383715733013 37.448037391314798583
32008.462116375118057 37.450782080026890242
32008.556849034503102 37.4535267687389819
32008.651581693888147 37.456271457451073559
32008.746314353273192 37.459016146163165217
32008.841047012654599 37.461760834875256876
32008.935779672039644 37.464505523587348534
32009.030512331424688 37.467250212299440193
32009.125244990809733 37.469994901011531852
32009.219977650194778 37.47273958972362351
32009.314710309579823 37.475484278435715169
32009.40944296896123 37.478228967147806827
32009.504175628346275 37.480973655859898486
32009.598908287731319 37.483718344571990144
32009.693640947116364 37.486463033284081803
32009.788373606501409 37.489207721996173461
32009.883106265882816 37.49195241070826512
32009.977838925267861 37.494697099420356778
32010.072571584652906 37.497441788132448437
32010.16730424403795 37.500186476844540095
32010.262036903422995 37.502931165556631754
32010.356769562804402 37.505675854268723413
32010.451502222189447 37.508420542980815071
32010.546234881574492 37.51116523169290673
32010.640967540959537 37.513909920404998388
32010.735700200344581 37.516654609117090047
32010.830432859725988 37.519399297829181705
32010.925165519111033 37.522143986541273364
32011.019898178496078 37.524888675253365022
32011.114630837881123 37.527633363965456681
32011.209363497266168 37.530378052677548339
32011.304096156647574 37.533122741389639998
32011.398828816032619 37.535867430101731657
32011.493561475417664 37.538612118813823315
32011.588294134802709 37.541356807525914974
32011.683026794187754 37.544101496238006632
32011.777759453572799 37.546846184950098291
32011.872492112954205 37.549590873662189949
32011.96722477233925 37.552335562374281608
32012.061957431724295 37.555080251086373266
32012.15669009110934 37.557824939798464925
32012.251422750494385 37.560569628510556583
32012.346155409875792 37.563314317222648242
32012.440888069260836 37.566059005934739901
32012.535620728645881 37.568803694646831559
32012.630353388030926 37.571548383358923218
32012.725086047415971 37.574293072071014876
32012.819818706797378 37.577037760783106535
32012.914551366182422 37.579782449495198193
32013.009284025567467 37.582527138207289852
32013.104016684952512 37.58527182691938151
32013.198749344337557 37.588016515631473169
32013.293482003718964 37.590761204343564827
32013.388214663104009 37.593505893055656486
32013.482947322489053 37.596250581767748145
32013.577679981874098 37.598995270479839803
32013.672412641259143 37.601739959191931462
32013.767145300644188 37.60448464790402312
32013.861877960025595 37.607229336616114779
32013.95661061941064 37.609974025328206437
32014.051343278795684 37.612718714040298096
32014.146075938180729 37.615463402752389754
32014.240808597565774 37.618208091464481413
32014.335541256947181 37.620952780176573071
32014.430273916332226 37.62369746888866473
32014.525006575717271 37.626442157600756389
32014.619739235102315 37.629186846312848047
32014.71447189448736 37.631931535024939706
32014.809204553868767 37.634676223737031364
32014.903937213253812 37.637420912449123023
32014.998669872638857 37.640165601161214681
32015.093402532023902 37.64291028987330634
32015.188135191408946 37.645654978585397998
32015.282867850790353 37.648399667297489657
32015.377600510175398 37.651144356009581315
32015.472333169560443 37.653889044721672974
32015.567065828945488 37.656633733433764633
32015.661798488330533 37.659378422145856291
32015.756531147711939 37.66212311085794795
32015.851263807096984 37.664867799570039608
32015.945996466482029 37.667612488282131267
32016.040729125867074 37.670357176994222925
32016.135461785252119 37.673101865706314584
32016.230194444637164 37.675846554418406242
32016.32492710401857 37.678591243130497901
32016.419659763403615 37.681335931842589559
32016.51439242278866 37.684080620554681218
32016.609125082173705 37.686825309266772877
32016.70385774155875 37.689569997978864535
32016.798590400940157 37.692314686690956194
32016.893323060325201 37.695059375403047852
32016.988055719710246 37.697804064115139511
32017.082788379095291 37.700548752827231169
32017.177521038480336 37.703293441539322828
32017.272253697861743 37.706038130251414486
32017.366986357246788 37.708782818963506145
32017.461719016631832 37.711527507675597803
32017.556451676016877 37.714272196387689462
32017.651184335401922 37.717016885099781121
32017.745916994783329 37.719761573811872779
32017.840649654168374 37.722506262523964438
32017.935382313553418 37.725250951236056096
32018.030114972938463 37.727995639948147755
32018.124847632323508 37.730740328660239413
32018.219580291704915 37.733485017372331072
32018.31431295108996 37.73622970608442273
32018.409045610475005 37.738974394796514389
32018.503778269860049 37.741719083508606047
32018.598510929245094 37.744463772220697706
32018.693243588630139 37.747208460932789365
32018.787976248011546 37.749953149644881023
32018.882708907396591 37.752697838356972682
32018.977441566781636 37.75544252706906434
32019.07217422616668 37.758187215781155999
32019.166906885551725 37.760931904493247657
32019.261639544933132 37.763676593205339316
32019.356372204318177 37.766421281917430974
32019.451104863703222 37.769165970629522633
32019.545837523088267 37.771910659341614291
32019.640570182473311 37.77465534805370595
32019.735302841854718 37.777400036765797608
32019.830035501239763 37.780144725477889267
32019.924768160624808 37.782889414189980926
32020.019500820009853 37.785634102902072584
32020.114233479394898 37.788378791614164243
32020.208966138776304 37.791123480326255901
32020.303698798161349 37.79386816903834756
32020.398431457546394 37.796612857750439218
32020.493164116931439 37.799357546462530877
32020.587896776316484 37.802102235174622535
32020.682629435701529 37.804846923886714194
32020.777362095082935 37.807591612598805852
32020.87209475446798 37.810336301310897511
32020.966827413853025 37.81308099002298917
32021.06156007323807 37.815825678735080828
32021.156292732623115 37.818570367447172487
32021.251025392004522 37.821315056159264145
32021.345758051389566 37.824059744871355804
32021.440490710774611 37.826804433583447462
32021.535223370159656 37.829549122295539121
32021.629956029544701 37.832293811007630779
32021.724688688926108 37.835038499719722438
32021.819421348311153 37.837783188431814096
32021.914154007696197 37.840527877143905755
32022.008886667081242 37.843272565855997414
32022.103619326466287 37.846017254568089072
32022.198351985847694 37.848761943280180731
32022.293084645232739 37.851506631992272389
32022.387817304617784 37.854251320704364048
32022.482549964002828 37.856996009416455706
32022.577282623387873 37.859740698128547365
32022.67201528276928 37.862485386840639023
32022.766747942154325 37.865230075552730682
32022.86148060153937 37.86797476426482234
32022.956213260924414 37.870719452976913999
32023.050945920309459 37.873464141689005658
32023.145678579694504 37.876208830401097316
32023.240411239075911 37.878953519113188975
32023.335143898460956 37.881698207825280633
32023.429876557846001 37.884442896537372292
32023.524609217231045 37.88718758524946395
32023.61934187661609 37.889932273961555609
32023.714074535997497 37.892676962673647267
32023.808807195382542 37.895421651385738926
32023.903539854767587 37.898166340097830584
32023.998272514152632 37.900911028809922243
32024.093005173537676 37.903655717522013902
32024.187737832919083 37.90640040623410556
32024.282470492304128 37.909145094946197219
32024.377203151689173 37.911889783658288877
32024.471935811074218 37.914634472370380536
32024.566668470459263 37.917379161082472194
32024.661401129840669 37.920123849794563853
32024.756133789225714 37.922868538506655511
32024.850866448610759 37.92561322721874717
32024.945599107995804 37.928357915930838828
32025.040331767380849 37.931102604642930487
32025.135064426765894 37.933847293355022146
32025.2297970861473 37.936591982067113804
32025.324529745532345 37.939336670779205463
32025.41926240491739 37.942081359491297121
32025.513995064302435 37.94482604820338878
32025.60872772368748 37.947570736915480438
32025.703460383068887 37.950315425627572097
32025.798193042453931 37.953060114339663755
32025.892925701838976 37.955804803051755414
32025.987658361224021 37.958549491763847072
32026.082391020609066 37.961294180475938731
32026.177123679990473 37.96403886918803039
32026.271856339375518 37.966783557900122048
32026.366588998760562 37.969528246612213707
32026.461321658145607 37.972272935324305365
32026.556054317530652 37.975017624036397024
32026.650786976912059 37.977762312748488682
32026.745519636297104 37.980507001460580341
32026.840252295682149 37.983251690172671999
32026.934984955067193 37.985996378884763658
32027.029717614452238 37.988741067596855316
32027.124450273833645 37.991485756308946975
32027.21918293321869 37.994230445021038634
32027.313915592603735 37.996975133733130292
32027.40864825198878 37.999719822445221951
32027.503380911373824 38.002464511157313609
32027.598113570758869 38.005209199869405268
32027.692846230140276 38.007953888581496926
32027.787578889525321 38.010698577293588585
32027.882311548910366 38.013443266005680243
32027.97704420829541 38.016187954717771902
32028.071776867680455 38.01893264342986356
32028.166509527061862 38.021677332141955219
32028.261242186446907 38.024422020854046878
32028.355974845831952 38.027166709566138536
32028.450707505216997 38.029911398278230195
32028.545440164602041 38.032656086990321853
32028.640172823983448 38.035400775702413512
32028.734905483368493 38.03814546441450517
32028.829638142753538 38.040890153126596829
32028.924370802138583 38.043634841838688487
32029.019103461523628 38.046379530550780146
32029.113836120905034 38.049124219262871804
32029.208568780290079 38.051868907974963463
32029.303301439675124 38.054613596687055121
32029.398034099060169 38.05735828539914678
32029.492766758445214 38.060102974111238439
32029.587499417830259 38.062847662823330097
32029.682232077211665 38.065592351535421756
32029.77696473659671 38.068337040247513414
32029.871697395981755 38.071081728959605073
32029.9664300553668 38.073826417671696731
32030.061162714751845 38.07657110638378839
32030.155895374133252 38.079315795095880048
32030.250628033518296 38.082060483807971707
32030.345360692903341 38.084805172520063365
32030.440093352288386 38.087549861232155024
32030.534826011673431 38.090294549944246683
32030.629558671054838 38.093039238656338341
32030.724291330439883 38.09578392736843
32030.819023989824927 38.098528616080521658
32030.913756649209972 38.101273304792613317
32031.008489308595017 38.104017993504704975
32031.103221967976424 38.106762682216796634
32031.197954627361469 38.109507370928888292
32031.292687286746514 38.112252059640979951
32031.387419946131558 38.114996748353071609
32031.482152605516603 38.117741437065163268
32031.57688526489801 38.120486125777254927
32031.671617924283055 38.123230814489346585
32031.7663505836681 38.125975503201438244
32031.861083243053145 38.128720191913529902
32031.955815902438189 38.131464880625621561
32032.050548561823234 38.134209569337713219
32032.145281221204641 38.136954258049804878
32032.240013880589686 38.139698946761896536
32032.334746539974731 38.142443635473988195
32032.429479199359776 38.145188324186079853
32032.52421185874482 38.147933012898171512
32032.618944518126227 38.150677701610263171
32032.713677177511272 38.153422390322354829
32032.808409836896317 38.156167079034446488
32032.903142496281362 38.158911767746538146
32032.997875155666406 38.161656456458629805
32033.092607815047813 38.164401145170721463
32033.187340474432858 38.167145833882813122
32033.282073133817903 38.16989052259490478
32033.376805793202948 38.172635211306996439
32033.471538452587993 38.175379900019088097
32033.566271111969399 38.178124588731179756
32033.661003771354444 38.180869277443271415
32033.755736430739489 38.183613966155363073
32033.850469090124534 38.186358654867454732
32033.945201749509579 38.18910334357954639
32034.039934408894624 38.191848032291638049
32034.13466706827603 38.194592721003729707
32034.229399727661075 38.197337409715821366
32034.32413238704612 38.200082098427913024
32034.418865046431165 38.202826787140004683
32034.51359770581621 38.205571475852096341
32034.608330365197617 38.208316164564188
32034.703063024582661 38.211060853276279659
32034.797795683967706 38.213805541988371317
32034.892528343352751 38.216550230700462976
32034.987261002737796 38.219294919412554634
32035.081993662119203 38.222039608124646293
32035.176726321504248 38.224784296836737951
32035.271458980889292 38.22752898554882961
32035.366191640274337 38.230273674260921268
32035.460924299659382 38.233018362973012927
32035.555656959040789 38.235763051685104585
32035.650389618425834 38.238507740397196244
32035.745122277810879 38.241252429109287903
32035.839854937195923 38.243997117821379561
32035.934587596580968 38.24674180653347122
32036.029320255962375 38.249486495245562878
32036.12405291534742 38.252231183957654537
32036.218785574732465 38.254975872669746195
32036.31351823411751 38.257720561381837854
32036.408250893502554 38.260465250093929512
32036.502983552887599 38.263209938806021171
32036.597716212269006 38.265954627518112829
32036.692448871654051 38.268699316230204488
32036.787181531039096 38.271444004942296147
32036.881914190424141 38.274188693654387805
32036.976646849809185 38.276933382366479464
32037.071379509190592 38.279678071078571122
32037.166112168575637 38.282422759790662781
32037.260844827960682 38.285167448502754439
32037.355577487345727 38.287912137214846098
32037.450310146730772 38.290656825926937756
32037.545042806112178 38.293401514639029415
32037.639775465497223 38.296146203351121073
32037.734508124882268 38.298890892063212732
32037.829240784267313 38.30163558077530439
32037.923973443652358 38.304380269487396049
32038.018706103033765 38.307124958199487708
32038.113438762418809 38.309869646911579366
32038.208171421803854 38.312614335623671025
32038.302904081188899 38.315359024335762683
32038.397636740573944 38.318103713047854342
32038.492369399958989 38.320848401759946
32038.587102059340395 38.323593090472037659
32038.68183471872544 38.326337779184129317
32038.776567378110485 38.329082467896220976
32038.87130003749553 38.331827156608312634
32038.966032696880575 38.334571845320404293
32039.060765356261982 38.337316534032495952
32039.155498015647026 38.34006122274458761
32039.250230675032071 38.342805911456679269
32039.344963334417116 38.345550600168770927
32039.439695993802161 38.348295288880862586
32039.534428653183568 38.351039977592954244
32039.629161312568613 38.353784666305045903
32039.723893971953657 38.356529355017137561
32039.818626631338702 38.35927404372922922
32039.913359290723747 38.362018732441320878
32040.008091950105154 38.364763421153412537
32040.102824609490199 38.367508109865504196
32040.197557268875244 38.370252798577595854
32040.292289928260288 38.372997487289687513
32040.387022587645333 38.375742176001779171
32040.48175524702674 38.37848686471387083
32040.576487906411785 38.381231553425962488
32040.67122056579683 38.383976242138054147
32040.765953225181875 38.386720930850145805
32040.860685884566919 38.389465619562237464
32040.955418543951964 38.392210308274329122
32041.050151203333371 38.394954996986420781
32041.144883862718416 38.39769968569851244
32041.239616522103461 38.400444374410604098
32041.334349181488506 38.403189063122695757
32041.42908184087355 38.405933751834787415
32041.523814500254957 38.408678440546879074
32041.618547159640002 38.411423129258970732
32041.713279819025047 38.414167817971062391
32041.808012478410092 38.416912506683154049
32041.902745137795137 38.419657195395245708
32041.997477797176543 38.422401884107337366
32042.092210456561588 38.425146572819429025
32042.186943115946633 38.427891261531520684
32042.281675775331678 38.430635950243612342
32042.376408434716723 38.433380638955704001
32042.47114109409813 38.436125327667795659
32042.565873753483174 38.438870016379887318
32042.660606412868219 38.441614705091978976
32042.755339072253264 38.444359393804070635
32042.850071731638309 38.447104082516162293
32042.944804391019716 38.449848771228253952
32043.039537050404761 38.45259345994034561
32043.134269709789805 38.455338148652437269
32043.22900236917485 38.458082837364528928
32043.323735028559895 38.460827526076620586
32043.41846768794494 38.463572214788712245
32043.513200347326347 38.466316903500803903
32043.607933006711391 38.469061592212895562
32043.702665666096436 38.47180628092498722
32043.797398325481481 38.474550969637078879
32043.892130984866526 38.477295658349170537
32043.986863644247933 38.480040347061262196
32044.081596303632978 38.482785035773353854
32044.176328963018022 38.485529724485445513
32044.271061622403067 38.488274413197537172
32044.365794281788112 38.49101910190962883
32044.460526941169519 38.493763790621720489
32044.555259600554564 38.496508479333812147
32044.649992259939609 38.499253168045903806
32044.744724919324653 38.501997856757995464
32044.839457578709698 38.504742545470087123
32044.934190238091105 38.507487234182178781
32045.02892289747615 38.51023192289427044
32045.123655556861195 38.512976611606362098
32045.21838821624624 38.515721300318453757
32045.313120875631284 38.518465989030545416
32045.407853535016329 38.521210677742637074
32045.502586194397736 38.523955366454728733
32045.597318853782781 38.526700055166820391
32045.692051513167826 38.52944474387891205
32045.786784172552871 38.532189432591003708
32045.881516831937915 38.534934121303095367
32045.976249491319322 38.537678810015187025
32046.070982150704367 38.540423498727278684
32046.165714810089412 38.543168187439370342
32046.260447469474457 38.545912876151462001
32046.355180128859502 38.54865756486355366
32046.449912788240908 38.551402253575645318
32046.544645447625953 38.554146942287736977
32046.639378107010998 38.556891630999828635
32046.734110766396043 38.559636319711920294
32046.828843425781088 38.562381008424011952
32046.923576085162495 38.565125697136103611
32047.018308744547539 38.567870385848195269
32047.113041403932584 38.570615074560286928
32047.207774063317629 38.573359763272378586
32047.302506722702674 38.576104451984470245
32047.397239382084081 38.578849140696561903
32047.491972041469126 38.581593829408653562
32047.58670470085417 38.584338518120745221
32047.681437360239215 38.587083206832836879
32047.77617001962426 38.589827895544928538
32047.870902679009305 38.592572584257020196
32047.965635338390712 38.595317272969111855
32048.060367997775757 38.598061961681203513
32048.155100657160801 38.600806650393295172
32048.249833316545846 38.60355133910538683
32048.344565975930891 38.606296027817478489
32048.439298635312298 38.609040716529570147
32048.534031294697343 38.611785405241661806
32048.628763954082387 38.614530093953753465
32048.723496613467432 38.617274782665845123
32048.818229272852477 38.620019471377936782
32048.912961932233884 38.62276416009002844
32049.007694591618929 38.625508848802120099
32049.102427251003974 38.628253537514211757
32049.197159910389018 38.630998226226303416
32049.291892569774063 38.633742914938395074
32049.38662522915547 38.636487603650486733
32049.481357888540515 38.639232292362578391
32049.57609054792556 38.64197698107467005
32049.670823207310605 38.644721669786761709
32049.765555866695649 38.647466358498853367
32049.860288526080694 38.650211047210945026
32049.955021185462101 38.652955735923036684
32050.049753844847146 38.655700424635128343
32050.144486504232191 38.658445113347220001
32050.239219163617236 38.66118980205931166
32050.33395182300228 38.663934490771403318
32050.428684482383687 38.666679179483494977
32050.523417141768732 38.669423868195586635
32050.618149801153777 38.672168556907678294
32050.712882460538822 38.674913245619769953
32050.807615119923867 38.677657934331861611
32050.902347779305273 38.68040262304395327
32050.997080438690318 38.683147311756044928
32051.091813098075363 38.685892000468136587
32051.186545757460408 38.688636689180228245
32051.281278416845453 38.691381377892319904
32051.37601107622686 38.694126066604411562
32051.470743735611904 38.696870755316503221
32051.565476394996949 38.699615444028594879
32051.660209054381994 38.702360132740686538
32051.754941713767039 38.705104821452778197
32051.849674373148446 38.707849510164869855
32051.944407032533491 38.710594198876961514
32052.039139691918535 38.713338887589053172
32052.13387235130358 38.716083576301144831
32052.228605010688625 38.718828265013236489
32052.32333767007367 38.721572953725328148
32052.418070329455077 38.724317642437419806
32052.512802988840122 38.727062331149511465
32052.607535648225166 38.729807019861603123
32052.702268307610211 38.732551708573694782
32052.797000966995256 38.735296397285786441
32052.891733626376663 38.738041085997878099
32052.986466285761708 38.740785774709969758
32053.081198945146753 38.743530463422061416
32053.175931604531797 38.746275152134153075
32053.270664263916842 38.749019840846244733
32053.365396923298249 38.751764529558336392
32053.460129582683294 38.75450921827042805
32053.554862242068339 38.757253906982519709
32053.649594901453383 38.759998595694611367
32053.744327560838428 38.762743284406703026
32053.839060220219835 38.765487973118794685
32053.93379287960488 38.768232661830886343
32054.028525538989925 38.770977350542978002
32054.12325819837497 38.77372203925506966
32054.217990857760014 38.776466727967161319
32054.312723517145059 38.779211416679252977
32054.407456176526466 38.781956105391344636
32054.502188835911511 38.784700794103436294
32054.596921495296556 38.787445482815527953
32054.691654154681601 38.790190171527619611
32054.786386814066645 38.79293486023971127
32054.881119473448052 38.795679548951802929
32054.975852132833097 38.798424237663894587
32055.070584792218142 38.801168926375986246
32055.165317451603187 38.803913615088077904
32055.260050110988232 38.806658303800169563
32055.354782770369638 38.809402992512261221
32055.449515429754683 38.81214768122435288
32055.544248089139728 38.814892369936444538
32055.638980748524773 38.817637058648536197
32055.733713407909818 38.820381747360627855
32055.828446067291225 38.823126436072719514
32055.923178726676269 38.825871124784811173
32056.017911386061314 38.828615813496902831
32056.112644045446359 38.83136050220899449
32056.207376704831404 38.834105190921086148
32056.302109364212811 38.836849879633177807
32056.396842023597856 38.839594568345269465
32056.4915746829829 38.842339257057361124
32056.586307342367945 38.845083945769452782
32056.68104000175299 38.847828634481544441
32056.775772661138035 38.850573323193636099
32056.870505320519442 38.853318011905727758
32056.965237979904487 38.856062700617819416
32057.059970639289531 38.858807389329911075
32057.154703298674576 38.861552078042002734
32057.249435958059621 38.864296766754094392
32057.344168617441028 38.867041455466186051
32057.438901276826073 38.869786144178277709
32057.533633936211118 38.872530832890369368
32057.628366595596162 38.875275521602461026
32057.723099254981207 38.878020210314552685
32057.817831914362614 38.880764899026644343
32057.912564573747659 38.883509587738736002
32058.007297233132704 38.88625427645082766
32058.102029892517749 38.888998965162919319
32058.196762551902793 38.891743653875010978
32058.2914952112842 38.894488342587102636
32058.386227870669245 38.897233031299194295
32058.48096053005429 38.899977720011285953
32058.575693189439335 38.902722408723377612
32058.67042584882438 38.90546709743546927
32058.765158508209424 38.908211786147560929
32058.859891167590831 38.910956474859652587
32058.954623826975876 38.913701163571744246
32059.049356486360921 38.916445852283835904
32059.144089145745966 38.919190540995927563
32059.23882180513101 38.921935229708019222
32059.333554464512417 38.92467991842011088
32059.428287123897462 38.927424607132202539
32059.523019783282507 38.930169295844294197
32059.617752442667552 38.932913984556385856
32059.712485102052597 38.935658673268477514
32059.807217761434003 38.938403361980569173
32059.901950420819048 38.941148050692660831
32059.996683080204093 38.94389273940475249
32060.091415739589138 38.946637428116844148
32060.186148398974183 38.949382116828935807
32060.28088105835559 38.952126805541027466
32060.375613717740634 38.954871494253119124
32060.470346377125679 38.957616182965210783
32060.565079036510724 38.960360871677302441
32060.659811695895769 38.9631055603893941
32060.754544355277176 38.965850249101485758
32060.849277014662221 38.968594937813577417
32060.944009674047265 38.971339626525669075
32061.03874233343231 38.974084315237760734
32061.133474992817355 38.976829003949852392
32061.2282076522024 38.979573692661944051
32061.322940311583807 38.98231838137403571
32061.417672970968852 38.985063070086127368
32061.512405630353896 38.987807758798219027
32061.607138289738941 38.990552447510310685
32061.701870949123986 38.993297136222402344
32061.796603608505393 38.996041824934494002
32061.891336267890438 38.998786513646585661
32061.986068927275483 39.001531202358677319
32062.080801586660527 39.004275891070768978
32062.175534246045572 39.007020579782860636
32062.270266905426979 39.009765268494952295
32062.364999564812024 39.012509957207043954
32062.459732224197069 39.015254645919135612
32062.554464883582114 39.017999334631227271
32062.649197542967158 39.020744023343318929
32062.743930202348565 39.023488712055410588
32062.83866286173361 39.026233400767502246
32062.933395521118655 39.028978089479593905
32063.0281281805037 39.031722778191685563
32063.122860839888745 39.034467466903777222
32063.217593499270151 39.03721215561586888
32063.312326158655196 39.039956844327960539
32063.407058818040241 39.042701533040052198
32063.501791477425286 39.045446221752143856
32063.596524136810331 39.048190910464235515
32063.691256796195376 39.050935599176327173
32063.785989455576782 39.053680287888418832
32063.880722114961827 39.05642497660051049
32063.975454774346872 39.059169665312602149
32064.070187433731917 39.061914354024693807
32064.164920093116962 39.064659042736785466
32064.259652752498368 39.067403731448877124
32064.354385411883413 39.070148420160968783
32064.449118071268458 39.072893108873060442
32064.543850730653503 39.0756377975851521
32064.638583390038548 39.078382486297243759
32064.733316049419955 39.081127175009335417
32064.828048708804999 39.083871863721427076
32064.922781368190044 39.086616552433518734
32065.017514027575089 39.089361241145610393
32065.112246686960134 39.092105929857702051
32065.206979346341541 39.09485061856979371
32065.301712005726586 39.097595307281885368
32065.39644466511163 39.100339995993977027
32065.491177324496675 39.103084684706068686
32065.58590998388172 39.105829373418160344
32065.680642643266765 39.108574062130252003
32065.775375302648172 39.111318750842343661
32065.870107962033217 39.11406343955443532
32065.964840621418261 39.116808128266526978
32066.059573280803306 39.119552816978618637
32066.154305940188351 39.122297505690710295
32066.249038599569758 39.125042194402801954
32066.343771258954803 39.127786883114893612
32066.438503918339848 39.130531571826985271
32066.533236577724892 39.133276260539076929
32066.627969237109937 39.136020949251168588
32066.722701896491344 39.138765637963260247
32066.817434555876389 39.141510326675351905
32066.912167215261434 39.144255015387443564
32067.006899874646479 39.146999704099535222
32067.101632534031523 39.149744392811626881
32067.19636519341293 39.152489081523718539
32067.291097852797975 39.155233770235810198
32067.38583051218302 39.157978458947901856
32067.480563171568065 39.160723147659993515
32067.57529583095311 39.163467836372085173
32067.670028490334516 39.166212525084176832
32067.764761149719561 39.168957213796268491
32067.859493809104606 39.171701902508360149
32067.954226468489651 39.174446591220451808
32068.048959127874696 39.177191279932543466
32068.143691787259741 39.179935968644635125
32068.238424446641147 39.182680657356726783
32068.333157106026192 39.185425346068818442
32068.427889765411237 39.1881700347809101
32068.522622424796282 39.190914723493001759
32068.617355084181327 39.193659412205093417
32068.712087743562734 39.196404100917185076
32068.806820402947778 39.199148789629276735
32068.901553062332823 39.201893478341368393
32068.996285721717868 39.204638167053460052
32069.091018381102913 39.20738285576555171
32069.18575104048432 39.210127544477643369
32069.280483699869365 39.212872233189735027
32069.375216359254409 39.215616921901826686
32069.469949018639454 39.218361610613918344
32069.564681678024499 39.221106299326010003
32069.659414337405906 39.223850988038101661
32069.754146996790951 39.22659567675019332
32069.848879656175995 39.229340365462284979
32069.94361231556104 39.232085054174376637
32070.038344974946085 39.234829742886468296
32070.13307763433113 39.237574431598559954
32070.227810293712537 39.240319120310651613
32070.322542953097582 39.243063809022743271
32070.417275612482626 39.24580849773483493
32070.512008271867671 39.248553186446926588
32070.606740931252716 39.251297875159018247
32070.701473590634123 39.254042563871109905
32070.796206250019168 39.256787252583201564
32070.890938909404213 39.259531941295293223
32070.985671568789257 39.262276630007384881
32071.080404228174302 39.26502131871947654
32071.175136887555709 39.267766007431568198
32071.269869546940754 39.270510696143659857
32071.364602206325799 39.273255384855751515
32071.459334865710844 39.276000073567843174
32071.554067525095888 39.278744762279934832
32071.648800184477295 39.281489450992026491
32071.74353284386234 39.284234139704118149
32071.838265503247385 39.286978828416209808
32071.93299816263243 39.289723517128301467
32072.027730822017475 39.292468205840393125
32072.122463481398881 39.295212894552484784
32072.217196140783926 39.297957583264576442
32072.311928800168971 39.300702271976668101
32072.406661459554016 39.303446960688759759
32072.501394118939061 39.306191649400851418
32072.596126778324106 39.308936338112943076
32072.690859437705512 39.311681026825034735
32072.785592097090557 39.314425715537126393
32072.880324756475602 39.317170404249218052
32072.975057415860647 39.319915092961309711
32073.069790075245692 39.322659781673401369
32073.164522734627099 39.325404470385493028
32073.259255394012143 39.328149159097584686
32073.353988053397188 39.330893847809676345
32073.448720712782233 39.333638536521768003
32073.543453372167278 39.336383225233859662
32073.638186031548685 39.33912791394595132
32073.73291869093373 39.341872602658042979
32073.827651350318774 39.344617291370134637
32073.922384009703819 39.347361980082226296
32074.017116669088864 39.350106668794317955
32074.111849328470271 39.352851357506409613
32074.206581987855316 39.355596046218501272
32074.301314647240361 39.35834073493059293
32074.396047306625405 39.361085423642684589
32074.49077996601045 39.363830112354776247
32074.585512625395495 39.366574801066867906
32074.680245284776902 39.369319489778959564
32074.774977944161947 39.372064178491051223
32074.869710603546991 39.374808867203142881
32074.964443262932036 39.37755355591523454
32075.059175922317081 39.380298244627326198
32075.153908581698488 39.383042933339417857
32075.248641241083533 39.385787622051509516
32075.343373900468578 39.388532310763601174
32075.438106559853622 39.391276999475692833
32075.532839219238667 39.394021688187784491
32075.627571878620074 39.39676637689987615
32075.722304538005119 39.399511065611967808
32075.817037197390164 39.402255754324059467
32075.911769856775209 39.405000443036151125
32076.006502516160253 39.407745131748242784
32076.10123517554166 39.410489820460334442
32076.195967834926705 39.413234509172426101
32076.29070049431175 39.41597919788451776
32076.385433153696795 39.418723886596609418
32076.48016581308184 39.421468575308701077
32076.574898472463246 39.424213264020792735
32076.669631131848291 39.426957952732884394
32076.764363791233336 39.429702641444976052
32076.859096450618381 39.432447330157067711
32076.953829110003426 39.435192018869159369
32077.048561769388471 39.437936707581251028
32077.143294428769877 39.440681396293342686
32077.238027088154922 39.443426085005434345
32077.332759747539967 39.446170773717526004
32077.427492406925012 39.448915462429617662
32077.522225066310057 39.451660151141709321
32077.616957725691464 39.454404839853800979
32077.711690385076508 39.457149528565892638
32077.806423044461553 39.459894217277984296
32077.901155703846598 39.462638905990075955
32077.995888363231643 39.465383594702167613
32078.09062102261305 39.468128283414259272
32078.185353681998095 39.47087297212635093
32078.280086341383139 39.473617660838442589
32078.374819000768184 39.476362349550534248
32078.469551660153229 39.479107038262625906
32078.564284319534636 39.481851726974717565
32078.659016978919681 39.484596415686809223
32078.753749638304726 39.487341104398900882
32078.84848229768977 39.49008579311099254
32078.943214957074815 39.492830481823084199
32079.03794761645986 39.495575170535175857
32079.132680275841267 39.498319859247267516
32079.227412935226312 39.501064547959359174
32079.322145594611357 39.503809236671450833
32079.416878253996401 39.506553925383542492
32079.511610913381446 39.50929861409563415
32079.606343572762853 39.512043302807725809
32079.701076232147898 39.514787991519817467
32079.795808891532943 39.517532680231909126
32079.890541550917987 39.520277368944000784
32079.985274210303032 39.523022057656092443
32080.080006869684439 39.525766746368184101
32080.174739529069484 39.52851143508027576
32080.269472188454529 39.531256123792367418
32080.364204847839574 39.534000812504459077
32080.458937507224618 39.536745501216550736
32080.553670166606025 39.539490189928642394
32080.64840282599107 39.542234878640734053
32080.743135485376115 39.544979567352825711
32080.83786814476116 39.54772425606491737
32080.932600804146205 39.550468944777009028
32081.027333463527611 39.553213633489100687
32081.122066122912656 39.555958322201192345
32081.216798782297701 39.558703010913284004
32081.311531441682746 39.561447699625375662
32081.406264101067791 39.564192388337467321
32081.500996760452836 39.56693707704955898
32081.595729419834242 39.569681765761650638
32081.690462079219287 39.572426454473742297
32081.785194738604332 39.575171143185833955
32081.879927397989377 39.577915831897925614
32081.974660057374422 39.580660520610017272
32082.069392716755829 39.583405209322108931
32082.164125376140873 39.586149898034200589
32082.258858035525918 39.588894586746292248
32082.353590694910963 39.591639275458383906
32082.448323354296008 39.594383964170475565
32082.543056013677415 39.597128652882567224
32082.63778867306246 39.599873341594658882
32082.732521332447504 39.602618030306750541
32082.827253991832549 39.605362719018842199
32082.921986651217594 39.608107407730933858
32083.016719310599001 39.610852096443025516
32083.111451969984046 39.613596785155117175
32083.206184629369091 39.616341473867208833
32083.300917288754135 39.619086162579300492
32083.39564994813918 39.62183085129139215
32083.490382607524225 39.624575540003483809
32083.585115266905632 39.627320228715575468
32083.679847926290677 39.630064917427667126
32083.774580585675722 39.632809606139758785
32083.869313245060766 39.635554294851850443
32083.964045904445811 39.638298983563942102
32084.058778563827218 39.64104367227603376
32084.153511223212263 39.643788360988125419
32084.248243882597308 39.646533049700217077
32084.342976541982353 39.649277738412308736
32084.437709201367397 39.652022427124400394
32084.532441860748804 39.654767115836492053
32084.627174520133849 39.657511804548583711
32084.721907179518894 39.66025649326067537
32084.816639838903939 39.663001181972767029
32084.911372498288983 39.665745870684858687
32085.00610515767039 39.668490559396950346
32085.100837817055435 39.671235248109042004
32085.19557047644048 39.673979936821133663
32085.290303135825525 39.676724625533225321
32085.38503579521057 39.67946931424531698
32085.479768454591976 39.682214002957408638
32085.574501113977021 39.684958691669500297
32085.669233773362066 39.687703380381591955
32085.763966432747111 39.690448069093683614
32085.858699092132156 39.693192757805775273
32085.953431751517201 39.695937446517866931
32086.048164410898607 39.69868213522995859
32086.142897070283652 39.701426823942050248
32086.237629729668697 39.704171512654141907
32086.332362389053742 39.706916201366233565
32086.427095048438787 39.709660890078325224
32086.521827707820194 39.712405578790416882
32086.616560367205238 39.715150267502508541
32086.711293026590283 39.717894956214600199
32086.806025685975328 39.720639644926691858
32086.900758345360373 39.723384333638783517
32086.99549100474178 39.726129022350875175
32087.090223664126825 39.728873711062966834
32087.184956323511869 39.731618399775058492
32087.279688982896914 39.734363088487150151
32087.374421642281959 39.737107777199241809
32087.469154301663366 39.739852465911333468
32087.563886961048411 39.742597154623425126
32087.658619620433456 39.745341843335516785
32087.7533522798185 39.748086532047608443
32087.848084939203545 39.750831220759700102
32087.942817598584952 39.753575909471791761
32088.037550257969997 39.756320598183883419
32088.132282917355042 39.759065286895975078
32088.227015576740087 39.761809975608066736
32088.321748236125131 39.764554664320158395
32088.416480895510176 39.767299353032250053
32088.511213554891583 39.770044041744341712
32088.605946214276628 39.77278873045643337
32088.700678873661673 39.775533419168525029
32088.795411533046718 39.778278107880616687
32088.890144192431762 39.781022796592708346
32088.984876851813169 39.783767485304800005
32089.079609511198214 39.786512174016891663
32089.174342170583259 39.789256862728983322
32089.269074829968304 39.79200155144107498
32089.363807489353349 39.794746240153166639
32089.458540148734755 39.797490928865258297
32089.5532728081198 39.800235617577349956
32089.648005467504845 39.802980306289441614
32089.74273812688989 39.805724995001533273
32089.837470786274935 39.808469683713624931
32089.932203445656342 39.81121437242571659
32090.026936105041386 39.813959061137808249
32090.121668764426431 39.816703749849899907
32090.216401423811476 39.819448438561991566
32090.311134083196521 39.822193127274083224
32090.405866742581566 39.824937815986174883
32090.500599401962972 39.827682504698266541
32090.595332061348017 39.8304271934103582
32090.690064720733062 39.833171882122449858
32090.784797380118107 39.835916570834541517
32090.879530039503152 39.838661259546633175
32090.974262698884559 39.841405948258724834
32091.068995358269603 39.844150636970816493
32091.163728017654648 39.846895325682908151
32091.258460677039693 39.84964001439499981
32091.353193336424738 39.852384703107091468
32091.447925995806145 39.855129391819183127
32091.54265865519119 39.857874080531274785
32091.637391314576234 39.860618769243366444
32091.732123973961279 39.863363457955458102
32091.826856633346324 39.866108146667549761
32091.921589292727731 39.868852835379641419
32092.016321952112776 39.871597524091733078
32092.111054611497821 39.874342212803824737
32092.205787270882865 39.877086901515916395
32092.30051993026791 39.879831590228008054
32092.395252589649317 39.882576278940099712
32092.489985249034362 39.885320967652191371
32092.584717908419407 39.888065656364283029
32092.679450567804452 39.890810345076374688
32092.774183227189496 39.893555033788466346
32092.868915886574541 39.896299722500558005
32092.963648545955948 39.899044411212649663
32093.058381205340993 39.901789099924741322
32093.153113864726038 39.904533788636832981
32093.247846524111083 39.907278477348924639
32093.342579183496127 39.910023166061016298
32093.437311842877534 39.912767854773107956
32093.532044502262579 39.915512543485199615
32093.626777161647624 39.918257232197291273
32093.721509821032669 39.921001920909382932
32093.816242480417714 39.92374660962147459
32093.91097513979912 39.926491298333566249
32094.005707799184165 39.929235987045657907
32094.10044045856921 39.931980675757749566
32094.195173117954255 39.934725364469841224
32094.2899057773393 39.937470053181932883
32094.384638436720707 39.940214741894024542
32094.479371096105751 39.9429594306061162
32094.574103755490796 39.945704119318207859
32094.668836414875841 39.948448808030299517
32094.763569074260886 39.951193496742391176
32094.858301733645931 39.953938185454482834
32094.953034393027338 39.956682874166574493
32095.047767052412382 39.959427562878666151
32095.142499711797427 39.96217225159075781
32095.237232371182472 39.964916940302849468
32095.331965030567517 39.967661629014941127
32095.426697689948924 39.970406317727032786
32095.521430349333968 39.973151006439124444
32095.616163008719013 39.975895695151216103
32095.710895668104058 39.978640383863307761
32095.805628327489103 39.98138507257539942
32095.90036098687051 39.984129761287491078
32095.995093646255555 39.986874449999582737
32096.089826305640599 39.989619138711674395
32096.184558965025644 39.992363827423766054
32096.279291624410689 39.995108516135857712
32096.374024283792096 39.997853204847949371
32096.468756943177141 40.00059789356004103
32096.563489602562186 40.003342582272132688
32096.65822226194723 40.006087270984224347
32096.752954921332275 40.008831959696316005
32096.847687580713682 40.011576648408407664
32096.942420240098727 40.014321337120499322
32097.037152899483772 40.017066025832590981
32097.131885558868817 40.019810714544682639
32097.226618218253861 40.022555403256774298
32097.321350877638906 40.025300091968865956
32097.416083537020313 40.028044780680957615
32097.510816196405358 40.030789469393049274
32097.605548855790403 40.033534158105140932
32097.700281515175448 40.036278846817232591
32097.795014174560492 40.039023535529324249
32097.889746833941899 40.041768224241415908
32097.984479493326944 40.044512912953507566
32098.079212152711989 40.047257601665599225
32098.173944812097034 40.050002290377690883
32098.268677471482079 40.052746979089782542
32098.363410130863485 40.0554916678018742
32098.363410130863485 40.0554916678018742
32098.363410130863485 40.0554916678018742
32098.363410130863485 40.0554916678018742
32098.363410130863485 40.0554916678018742
32098.363410130863485 40.0554916678018742
32098.45814279024853 40.058236356513965859
32098.552875449633575 40.060981045226057518
32098.647608109014982 40.063725733938149176
32098.742340768400027 40.066470422650240835
32098.837073427785072 40.069215111362332493
32098.931806087170116 40.071959800074424152
32099.026538746555161 40.07470448878651581
32099.121271405936568 40.077449177498607469
32099.216004065321613 40.080193866210699127
32099.310736724706658 40.082938554922790786
32099.405469384091703 40.085683243634882444
32099.500202043476747 40.088427932346974103
32099.594934702861792 40.091172621059065762
32099.689667362243199 40.09391730977115742
32099.784400021628244 40.096661998483249079
32099.879132681013289 40.099406687195340737
32099.973865340398334 40.102151375907432396
32100.068597999783378 40.104896064619524054
32100.163330659164785 40.107640753331615713
32100.25806331854983 40.110385442043707371
32100.352795977934875 40.11313013075579903
32100.44752863731992 40.115874819467890688
32100.542261296704964 40.118619508179982347
32100.636993956086371 40.121364196892074006
32100.731726615471416 40.124108885604165664
32100.826459274856461 40.126853574316257323
32100.921191934241506 40.129598263028348981
32101.015924593626551 40.13234295174044064
32101.110657253007957 40.135087640452532298
32101.205389912393002 40.137832329164623957
32101.300122571778047 40.140577017876715615
32101.394855231163092 40.143321706588807274
32101.489587890548137 40.146066395300898932
32101.584320549929544 40.148811084012990591
32101.679053209314588 40.15155577272508225
32101.773785868699633 40.154300461437173908
32101.868518528084678 40.157045150149265567
32101.963251187469723 40.159789838861357225
32102.057983846854768 40.162534527573448884
32102.152716506236175 40.165279216285540542
32102.247449165621219 40.168023904997632201
32102.342181825006264 40.170768593709723859
32102.436914484391309 40.173513282421815518
32102.531647143776354 40.176257971133907176
32102.626379803157761 40.179002659845998835
32102.721112462542806 40.181747348558090493
32102.81584512192785 40.184492037270182152
32102.910577781312895 40.187236725982273811
32103.00531044069794 40.189981414694365469
32103.100043100079347 40.192726103406457128
32103.194775759464392 40.195470792118548786
32103.289508418849437 40.198215480830640445
32103.384241078234481 40.200960169542732103
32103.478973737619526 40.203704858254823762
32103.573706397000933 40.20644954696691542
32103.668439056385978 40.209194235679007079
32103.763171715771023 40.211938924391098737
32103.857904375156068 40.214683613103190396
32103.952637034541112 40.217428301815282055
32104.047369693926157 40.220172990527373713
32104.142102353307564 40.222917679239465372
32104.236835012692609 40.22566236795155703
32104.331567672077654 40.228407056663648689
32104.426300331462699 40.231151745375740347
32104.521032990847743 40.233896434087832006
32104.61576565022915 40.236641122799923664
32104.710498309614195 40.239385811512015323
32104.80523096899924 40.242130500224106981
32104.899963628384285 40.24487518893619864
32104.99469628776933 40.247619877648290299
32105.089428947150736 40.250364566360381957
32105.184161606535781 40.253109255072473616
32105.278894265920826 40.255853943784565274
32105.373626925305871 40.258598632496656933
32105.468359584690916 40.261343321208748591
32105.563092244072323 40.26408800992084025
32105.657824903457367 40.266832698632931908
32105.752557562842412 40.269577387345023567
32105.847290222227457 40.272322076057115225
32105.942022881612502 40.275066764769206884
32106.036755540993909 40.277811453481298543
32106.131488200378953 40.280556142193390201
32106.226220859763998 40.28330083090548186
32106.320953519149043 40.286045519617573518
32106.415686178534088 40.288790208329665177
32106.510418837919133 40.291534897041756835
32106.60515149730054 40.294279585753848494
32106.699884156685584 40.297024274465940152
32106.794616816070629 40.299768963178031811
32106.889349475455674 40.302513651890123469
32106.984082134840719 40.305258340602215128
32107.078814794222126 40.308003029314306787
32107.173547453607171 40.310747718026398445
32107.268280112992215 40.313492406738490104
32107.36301277237726 40.316237095450581762
32107.457745431762305 40.318981784162673421
32107.552478091143712 40.321726472874765079
32107.647210750528757 40.324471161586856738
32107.741943409913802 40.327215850298948396
32107.836676069298846 40.329960539011040055
32107.931408728683891 40.332705227723131713
32108.026141388065298 40.335449916435223372
32108.120874047450343 40.338194605147315031
32108.215606706835388 40.340939293859406689
32108.310339366220433 40.343683982571498348
32108.405072025605477 40.346428671283590006
32108.499804684990522 40.349173359995681665
32108.594537344371929 40.351918048707773323
32108.689270003756974 40.354662737419864982
32108.784002663142019 40.35740742613195664
32108.878735322527064 40.360152114844048299
32108.973467981912108 40.362896803556139957
32109.068200641293515 40.365641492268231616
32109.16293330067856 40.368386180980323275
32109.257665960063605 40.371130869692414933
32109.35239861944865 40.373875558404506592
32109.447131278833695 40.37662024711659825
32109.541863938215101 40.379364935828689909
32109.636596597600146 40.382109624540781567
32109.731329256985191 40.384854313252873226
32109.826061916370236 40.387599001964964884
32109.920794575755281 40.390343690677056543
32110.015527235136688 40.393088379389148201
32110.110259894521732 40.39583306810123986
32110.204992553906777 40.398577756813331519
32110.299725213291822 40.401322445525423177
32110.394457872676867 40.404067134237514836
32110.489190532058274 40.406811822949606494
32110.583923191443319 40.409556511661698153
32110.678655850828363 40.412301200373789811
32110.773388510213408 40.41504588908588147
32110.868121169598453 40.417790577797973128
32110.962853828983498 40.420535266510064787
32111.057586488364905 40.423279955222156445
32111.152319147749949 40.426024643934248104
32111.247051807134994 40.428769332646339763
32111.341784466520039 40.431514021358431421
32111.436517125905084 40.43425871007052308
32111.531249785286491 40.437003398782614738
32111.625982444671536 40.439748087494706397
32111.72071510405658 40.442492776206798055
32111.815447763441625 40.445237464918889714
32111.91018042282667 40.447982153630981372
32112.004913082208077 40.450726842343073031
32112.099645741593122 40.453471531055164689
32112.194378400978167 40.456216219767256348
32112.289111060363211 40.458960908479348006
32112.383843719748256 40.461705597191439665
32112.478576379129663 40.464450285903531324
32112.573309038514708 40.467194974615622982
32112.668041697899753 40.469939663327714641
32112.762774357284798 40.472684352039806299
32112.857507016669842 40.475429040751897958
32112.952239676051249 40.478173729463989616
32113.046972335436294 40.480918418176081275
32113.141704994821339 40.483663106888172933
32113.236437654206384 40.486407795600264592
32113.331170313591429 40.48915248431235625
32113.425902972976473 40.491897173024447909
32113.52063563235788 40.494641861736539568
32113.615368291742925 40.497386550448631226
32113.71010095112797 40.500131239160722885
32113.804833610513015 40.502875927872814543
32113.89956626989806 40.505620616584906202
32113.994298929279466 40.50836530529699786
32114.089031588664511 40.511109994009089519
32114.183764248049556 40.513854682721181177
32114.278496907434601 40.516599371433272836
32114.373229566819646 40.519344060145364494
32114.467962226201053 40.522088748857456153
32114.562694885586097 40.524833437569547812
32114.657427544971142 40.52757812628163947
32114.752160204356187 40.530322814993731129
32114.846892863741232 40.533067503705822787
32114.941625523122639 40.535812192417914446
32115.036358182507684 40.538556881130006104
32115.131090841892728 40.541301569842097763
32115.225823501277773 40.544046258554189421
32115.320556160662818 40.54679094726628108
32115.415288820047863 40.549535635978372738
32115.51002147942927 40.552280324690464397
32115.604754138814315 40.555025013402556056
32115.699486798199359 40.557769702114647714
32115.794219457584404 40.560514390826739373
32115.888952116969449 40.563259079538831031
32115.983684776350856 40.56600376825092269
32116.078417435735901 40.568748456963014348
32116.173150095120945 40.571493145675106007
32116.26788275450599 40.574237834387197665
32116.362615413891035 40.576982523099289324
32116.457348073272442 40.579727211811380982
32116.552080732657487 40.582471900523472641
32116.646813392042532 40.5852165892355643
32116.741546051427576 40.587961277947655958
32116.836278710812621 40.590705966659747617
32116.931011370194028 40.593450655371839275
32117.025744029579073 40.596195344083930934
32117.120476688964118 40.598940032796022592
32117.215209348349163 40.601684721508114251
32117.309942007734207 40.604429410220205909
32117.404674667115614 40.607174098932297568
32117.499407326500659 40.609918787644389226
32117.594139985885704 40.612663476356480885
32117.688872645270749 40.615408165068572544
32117.783605304655794 40.618152853780664202
32117.878337964040838 40.620897542492755861
32117.973070623422245 40.623642231204847519
32118.06780328280729 40.626386919916939178
32118.162535942192335 40.629131608629030836
32118.25726860157738 40.631876297341122495
32118.352001260962425 40.634620986053214153
32118.446733920343831 40.637365674765305812
32118.541466579728876 40.64011036347739747
32118.636199239113921 40.642855052189489129
32118.730931898498966 40.645599740901580788
32118.825664557884011 40.648344429613672446
32118.920397217265418 40.651089118325764105
32119.015129876650462 40.653833807037855763
32119.109862536035507 40.656578495749947422
32119.204595195420552 40.65932318446203908
32119.299327854805597 40.662067873174130739
32119.394060514187004 40.664812561886222397
32119.488793173572049 40.667557250598314056
32119.583525832957093 40.670301939310405714
32119.678258492342138 40.673046628022497373
32119.772991151727183 40.675791316734589032
32119.867723811112228 40.67853600544668069
32119.962456470493635 40.681280694158772349
32120.05718912987868 40.684025382870864007
32120.151921789263724 40.686770071582955666
32120.246654448648769 40.689514760295047324
32120.341387108033814 40.692259449007138983
32120.436119767415221 40.695004137719230641
32120.530852426800266 40.6977488264313223
32120.625585086185311 40.700493515143413958
32120.720317745570355 40.703238203855505617
32120.8150504049554 40.705982892567597276
32120.909783064336807 40.708727581279688934
32121.004515723721852 40.711472269991780593
32121.099248383106897 40.714216958703872251
32121.193981042491941 40.71696164741596391
32121.288713701876986 40.719706336128055568
32121.383446361258393 40.722451024840147227
32121.478179020643438 40.725195713552238885
32121.572911680028483 40.727940402264330544
32121.667644339413528 40.730685090976422202
32121.762376998798572 40.733429779688513861
32121.857109658179979 40.736174468400605519
32121.951842317565024 40.738919157112697178
32122.046574976950069 40.741663845824788837
32122.141307636335114 40.744408534536880495
32122.236040295720159 40.747153223248972154
32122.330772955105203 40.749897911961063812
32122.42550561448661 40.752642600673155471
32122.520238273871655 40.755387289385247129
32122.6149709332567 40.758131978097338788
32122.709703592641745 40.760876666809430446
32122.80443625202679 40.763621355521522105
32122.899168911408196 40.766366044233613763
32122.993901570793241 40.769110732945705422
32123.088634230178286 40.771855421657797081
32123.183366889563331 40.774600110369888739
32123.278099548948376 40.777344799081980398
32123.372832208329783 40.780089487794072056
32123.467564867714827 40.782834176506163715
32123.562297527099872 40.785578865218255373
32123.657030186484917 40.788323553930347032
32123.751762845869962 40.79106824264243869
32123.846495505251369 40.793812931354530349
32123.941228164636414 40.796557620066622007
32124.035960824021458 40.799302308778713666
32124.130693483406503 40.802046997490805325
32124.225426142791548 40.804791686202896983
32124.320158802176593 40.807536374914988642
32124.414891461558 40.8102810636270803
32124.509624120943045 40.813025752339171959
32124.604356780328089 40.815770441051263617
32124.699089439713134 40.818515129763355276
32124.793822099098179 40.821259818475446934
32124.888554758479586 40.824004507187538593
32124.983287417864631 40.826749195899630251
32125.078020077249676 40.82949388461172191
32125.17275273663472 40.832238573323813569
32125.267485396019765 40.834983262035905227
32125.362218055401172 40.837727950747996886
32125.456950714786217 40.840472639460088544
32125.551683374171262 40.843217328172180203
32125.646416033556307 40.845962016884271861
32125.741148692941351 40.84870670559636352
32125.835881352322758 40.851451394308455178
32125.930614011707803 40.854196083020546837
32126.025346671092848 40.856940771732638495
32126.120079330477893 40.859685460444730154
32126.214811989862937 40.862430149156821813
32126.309544649244344 40.865174837868913471
32126.404277308629389 40.86791952658100513
32126.499009968014434 40.870664215293096788
32126.593742627399479 40.873408904005188447
32126.688475286784524 40.876153592717280105
32126.783207946169568 40.878898281429371764
32126.877940605550975 40.881642970141463422
32126.97267326493602 40.884387658853555081
32127.067405924321065 40.887132347565646739
32127.16213858370611 40.889877036277738398
32127.256871243091155 40.892621724989830057
32127.351603902472561 40.895366413701921715
32127.446336561857606 40.898111102414013374
32127.541069221242651 40.900855791126105032
32127.635801880627696 40.903600479838196691
32127.730534540012741 40.906345168550288349
32127.825267199394148 40.909089857262380008
32127.919999858779192 40.911834545974471666
32128.014732518164237 40.914579234686563325
32128.109465177549282 40.917323923398654983
32128.204197836934327 40.920068612110746642
32128.298930496315734 40.922813300822838301
32128.393663155700779 40.925557989534929959
32128.488395815085823 40.928302678247021618
32128.583128474470868 40.931047366959113276
32128.677861133855913 40.933792055671204935
32128.772593793240958 40.936536744383296593
32128.867326452622365 40.939281433095388252
32128.96205911200741 40.94202612180747991
32129.056791771392454 40.944770810519571569
32129.151524430777499 40.947515499231663227
32129.246257090162544 40.950260187943754886
32129.340989749543951 40.953004876655846545
32129.435722408928996 40.955749565367938203
32129.530455068314041 40.958494254080029862
32129.625187727699085 40.96123894279212152
32129.71992038708413 40.963983631504213179
32129.814653046465537 40.966728320216304837
32129.909385705850582 40.969473008928396496
32130.004118365235627 40.972217697640488154
32130.098851024620672 40.974962386352579813
32130.193583684005716 40.977707075064671471
32130.288316343387123 40.98045176377676313
32130.383049002772168 40.983196452488854788
32130.477781662157213 40.985941141200946447
32130.572514321542258 40.988685829913038106
32130.667246980927303 40.991430518625129764
32130.761979640308709 40.994175207337221423
32130.856712299693754 40.996919896049313081
32130.951444959078799 40.99966458476140474
32131.046177618463844 41.002409273473496398
32131.140910277848889 41.005153962185588057
32131.235642937233933 41.007898650897679715
32131.33037559661534 41.010643339609771374
32131.425108256000385 41.013388028321863032
32131.51984091538543 41.016132717033954691
32131.614573574770475 41.01887740574604635
32131.70930623415552 41.021622094458138008
32131.804038893536926 41.024366783170229667
32131.898771552921971 41.027111471882321325
32131.993504212307016 41.029856160594412984
32132.088236871692061 41.032600849306504642
32132.182969531077106 41.035345538018596301
32132.277702190458513 41.038090226730687959
32132.372434849843557 41.040834915442779618
32132.467167509228602 41.043579604154871276
32132.561900168613647 41.046324292866962935
32132.656632827998692 41.049068981579054594
32132.751365487380099 41.051813670291146252
32132.846098146765144 41.054558359003237911
32132.940830806150188 41.057303047715329569
32133.035563465535233 41.060047736427421228
32133.130296124920278 41.062792425139512886
32133.225028784305323 41.065537113851604545
32133.31976144368673 41.068281802563696203
32133.414494103071775 41.071026491275787862
32133.509226762456819 41.07377117998787952
32133.603959421841864 41.076515868699971179
32133.698692081226909 41.079260557412062838
32133.793424740608316 41.082005246124154496
32133.888157399993361 41.084749934836246155
32133.982890059378406 41.087494623548337813
32134.07762271876345 41.090239312260429472
32134.172355378148495 41.09298400097252113
32134.267088037529902 41.095728689684612789
32134.361820696914947 41.098473378396704447
32134.456553356299992 41.101218067108796106
32134.551286015685037 41.103962755820887764
32134.646018675070081 41.106707444532979423
32134.740751334451488 41.109452133245071082
32134.835483993836533 41.11219682195716274
32134.930216653221578 41.114941510669254399
32135.024949312606623 41.117686199381346057
32135.119681971991668 41.120430888093437716
32135.214414631373074 41.123175576805529374
32135.309147290758119 41.125920265517621033
32135.403879950143164 41.128664954229712691
32135.498612609528209 41.13140964294180435
32135.593345268913254 41.134154331653896008
32135.688077928298299 41.136899020365987667
32135.782810587679705 41.139643709078079326
32135.87754324706475 41.142388397790170984
32135.972275906449795 41.145133086502262643
32136.06700856583484 41.147877775214354301
32136.161741225219885 41.15062246392644596
32136.256473884601292 41.153367152638537618
32136.351206543986336 41.156111841350629277
32136.445939203371381 41.158856530062720935
32136.540671862756426 41.161601218774812594
32136.635404522141471 41.164345907486904252
32136.730137181522878 41.167090596198995911
32136.824869840907922 41.16983528491108757
32136.919602500292967 41.172579973623179228
32137.014335159678012 41.175324662335270887
32137.109067819063057 41.178069351047362545
32137.203800478444464 41.180814039759454204
32137.298533137829509 41.183558728471545862
32137.393265797214553 41.186303417183637521
32137.487998456599598 41.189048105895729179
32137.582731115984643 41.191792794607820838
32137.67746377536605 41.194537483319912496
32137.772196434751095 41.197282172032004155
32137.86692909413614 41.200026860744095814
32137.961661753521184 41.202771549456187472
32138.056394412906229 41.205516238168279131
32138.151127072291274 41.208260926880370789
32138.245859731672681 41.211005615592462448
32138.340592391057726 41.213750304304554106
32138.435325050442771 41.216494993016645765
32138.530057709827815 41.219239681728737423
32138.62479036921286 41.221984370440829082
32138.719523028594267 41.22472905915292074
32138.814255687979312 41.227473747865012399
32138.908988347364357 41.230218436577104058
32139.003721006749402 41.232963125289195716
32139.098453666134446 41.235707814001287375
32139.193186325515853 41.238452502713379033
32139.287918984900898 41.241197191425470692
32139.382651644285943 41.24394188013756235
32139.477384303670988 41.246686568849654009
32139.572116963056033 41.249431257561745667
32139.666849622437439 41.252175946273837326
32139.761582281822484 41.254920634985928984
32139.856314941207529 41.257665323698020643
32139.951047600592574 41.260410012410112301
32140.045780259977619 41.26315470112220396
32140.140512919362664 41.265899389834295619
32140.23524557874407 41.268644078546387277
32140.329978238129115 41.271388767258478936
32140.42471089751416 41.274133455970570594
32140.519443556899205 41.276878144682662253
32140.61417621628425 41.279622833394753911
32140.708908875665657 41.28236752210684557
32140.803641535050701 41.285112210818937228
32140.898374194435746 41.287856899531028887
32140.993106853820791 41.290601588243120545
32141.087839513205836 41.293346276955212204
32141.182572172587243 41.296090965667303863
32141.277304831972288 41.298835654379395521
32141.372037491357332 41.30158034309148718
32141.466770150742377 41.304325031803578838
32141.561502810127422 41.307069720515670497
32141.656235469508829 41.309814409227762155
32141.750968128893874 41.312559097939853814
32141.845700788278918 41.315303786651945472
32141.940433447663963 41.318048475364037131
32142.035166107049008 41.320793164076128789
32142.129898766430415 41.323537852788220448
32142.22463142581546 41.326282541500312107
32142.319364085200505 41.329027230212403765
32142.414096744585549 41.331771918924495424
32142.508829403970594 41.334516607636587082
32142.603562063355639 41.337261296348678741
32142.698294722737046 41.340005985060770399
32142.793027382122091 41.342750673772862058
32142.887760041507136 41.345495362484953716
32142.98249270089218 41.348240051197045375
32143.077225360277225 41.350984739909137033
32143.171958019658632 41.353729428621228692
32143.266690679043677 41.356474117333320351
32143.361423338428722 41.359218806045412009
32143.456155997813767 41.361963494757503668
32143.550888657198811 41.364708183469595326
32143.645621316580218 41.367452872181686985
32143.740353975965263 41.370197560893778643
32143.835086635350308 41.372942249605870302
32143.929819294735353 41.37568693831796196
32144.024551954120398 41.378431627030053619
32144.119284613501804 41.381176315742145277
32144.214017272886849 41.383921004454236936
32144.308749932271894 41.386665693166328595
32144.403482591656939 41.389410381878420253
32144.498215251041984 41.392155070590511912
32144.592947910427029 41.39489975930260357
32144.687680569808435 41.397644448014695229
32144.78241322919348 41.400389136726786887
32144.877145888578525 41.403133825438878546
32144.97187854796357 41.405878514150970204
32145.066611207348615 41.408623202863061863
32145.161343866730022 41.411367891575153521
32145.256076526115066 41.41411258028724518
32145.350809185500111 41.416857268999336839
32145.445541844885156 41.419601957711428497
32145.540274504270201 41.422346646423520156
32145.635007163651608 41.425091335135611814
32145.729739823036653 41.427836023847703473
32145.824472482421697 41.430580712559795131
32145.919205141806742 41.43332540127188679
32146.013937801191787 41.436070089983978448
32146.108670460573194 41.438814778696070107
32146.203403119958239 41.441559467408161765
32146.298135779343284 41.444304156120253424
32146.392868438728328 41.447048844832345083
32146.487601098113373 41.449793533544436741
32146.58233375749478 41.4525382222565284
32146.677066416879825 41.455282910968620058
32146.77179907626487 41.458027599680711717
32146.866531735649914 41.460772288392803375
32146.961264395034959 41.463516977104895034
32147.055997054420004 41.466261665816986692
32147.150729713801411 41.469006354529078351
32147.245462373186456 41.471751043241170009
32147.340195032571501 41.474495731953261668
32147.434927691956545 41.477240420665353327
32147.52966035134159 41.479985109377444985
32147.624393010722997 41.482729798089536644
32147.719125670108042 41.485474486801628302
32147.813858329493087 41.488219175513719961
32147.908590988878132 41.490963864225811619
32148.003323648263176 41.493708552937903278
32148.098056307644583 41.496453241649994936
32148.192788967029628 41.499197930362086595
32148.287521626414673 41.501942619074178253
32148.382254285799718 41.504687307786269912
32148.476986945184763 41.507431996498361571
32148.571719604566169 41.510176685210453229
32148.666452263951214 41.512921373922544888
32148.761184923336259 41.515666062634636546
32148.855917582721304 41.518410751346728205
32148.950650242106349 41.521155440058819863
32149.045382901491394 41.523900128770911522
32149.1401155608728 41.52664481748300318
32149.234848220257845 41.529389506195094839
32149.32958087964289 41.532134194907186497
32149.424313539027935 41.534878883619278156
32149.51904619841298 41.537623572331369814
32149.613778857794387 41.540368261043461473
32149.708511517179431 41.543112949755553132
32149.803244176564476 41.54585763846764479
32149.897976835949521 41.548602327179736449
32149.992709495334566 41.551347015891828107
32150.087442154715973 41.554091704603919766
32150.182174814101018 41.556836393316011424
32150.276907473486062 41.559581082028103083
32150.371640132871107 41.562325770740194741
32150.466372792256152 41.5650704594522864
32150.561105451637559 41.567815148164378058
32150.655838111022604 41.570559836876469717
32150.750570770407649 41.573304525588561376
32150.845303429792693 41.576049214300653034
32150.940036089177738 41.578793903012744693
32151.034768748559145 41.581538591724836351
32151.12950140794419 41.58428328043692801
32151.224234067329235 41.587027969149019668
32151.31896672671428 41.589772657861111327
32151.413699386099324 41.592517346573202985
32151.508432045484369 41.595262035285294644
32151.603164704865776 41.598006723997386302
32151.697897364250821 41.600751412709477961
32151.792630023635866 41.60349610142156962
32151.88736268302091 41.606240790133661278
32151.982095342405955 41.608985478845752937
32152.076828001787362 41.611730167557844595
32152.171560661172407 41.614474856269936254
32152.266293320557452 41.617219544982027912
32152.361025979942497 41.619964233694119571
32152.455758639327541 41.622708922406211229
32152.550491298708948 41.625453611118302888
32152.645223958093993 41.628198299830394546
32152.739956617479038 41.630942988542486205
32152.834689276864083 41.633687677254577864
32152.929421936249128 41.636432365966669522
32153.024154595630534 41.639177054678761181
32153.118887255015579 41.641921743390852839
32153.213619914400624 41.644666432102944498
32153.308352573785669 41.647411120815036156
32153.403085233170714 41.650155809527127815
32153.497817892555759 41.652900498239219473
32153.592550551937165 41.655645186951311132
32153.68728321132221 41.65838987566340279
32153.782015870707255 41.661134564375494449
32153.8767485300923 41.663879253087586108
32153.971481189477345 41.666623941799677766
32154.066213848858752 41.669368630511769425
32154.160946508243796 41.672113319223861083
32154.255679167628841 41.674858007935952742
32154.350411827013886 41.6776026966480444
32154.445144486398931 41.680347385360136059
32154.539877145780338 41.683092074072227717
32154.634609805165383 41.685836762784319376
32154.729342464550427 41.688581451496411034
32154.824075123935472 41.691326140208502693
32154.918807783320517 41.694070828920594352
32155.013540442701924 41.69681551763268601
32155.108273102086969 41.699560206344777669
32155.203005761472014 41.702304895056869327
32155.297738420857058 41.705049583768960986
32155.392471080242103 41.707794272481052644
32155.48720373962351 41.710538961193144303
32155.581936399008555 41.713283649905235961
32155.6766690583936 41.71602833861732762
32155.771401717778645 41.718773027329419278
32155.866134377163689 41.721517716041510937
32155.960867036548734 41.724262404753602596
32156.055599695930141 41.727007093465694254
32156.150332355315186 41.729751782177785913
32156.245065014700231 41.732496470889877571
32156.339797674085276 41.73524115960196923
32156.43453033347032 41.737985848314060888
32156.529262992851727 41.740730537026152547
32156.623995652236772 41.743475225738244205
32156.718728311621817 41.746219914450335864
32156.813460971006862 41.748964603162427522
32156.908193630391906 41.751709291874519181
32157.002926289773313 41.75445398058661084
32157.097658949158358 41.757198669298702498
32157.192391608543403 41.759943358010794157
32157.287124267928448 41.762688046722885815
32157.381856927313493 41.765432735434977474
32157.476589586694899 41.768177424147069132
32157.571322246079944 41.770922112859160791
32157.666054905464989 41.773666801571252449
32157.760787564850034 41.776411490283344108
32157.855520224235079 41.779156178995435766
32157.950252883616486 41.781900867707527425
32158.04498554300153 41.784645556419619083
32158.139718202386575 41.787390245131710742
32158.23445086177162 41.790134933843802401
32158.329183521156665 41.792879622555894059
32158.42391618054171 41.795624311267985718
32158.518648839923117 41.798368999980077376
32158.613381499308161 41.801113688692169035
32158.708114158693206 41.803858377404260693
32158.802846818078251 41.806603066116352352
32158.897579477463296 41.80934775482844401
32158.992312136844703 41.812092443540535669
32159.087044796229748 41.814837132252627327
32159.181777455614792 41.817581820964718986
32159.276510114999837 41.820326509676810645
32159.371242774384882 41.823071198388902303
32159.465975433766289 41.825815887100993962
32159.560708093151334 41.82856057581308562
32159.655440752536379 41.831305264525177279
32159.750173411921423 41.834049953237268937
32159.844906071306468 41.836794641949360596
32159.939638730687875 41.839539330661452254
32160.03437139007292 41.842284019373543913
32160.129104049457965 41.845028708085635571
32160.22383670884301 41.84777339679772723
32160.318569368228054 41.850518085509818889
32160.413302027613099 41.853262774221910547
32160.508034686994506 41.856007462934002206
32160.602767346379551 41.858752151646093864
32160.697500005764596 41.861496840358185523
32160.792232665149641 41.864241529070277181
32160.886965324534685 41.86698621778236884
32160.981697983916092 41.869730906494460498
32161.076430643301137 41.872475595206552157
32161.171163302686182 41.875220283918643815
32161.265895962071227 41.877964972630735474
32161.360628621456272 41.880709661342827133
32161.455361280837678 41.883454350054918791
32161.550093940222723 41.88619903876701045
32161.644826599607768 41.888943727479102108
32161.739559258992813 41.891688416191193767
32161.834291918377858 41.894433104903285425
32161.929024577759265 41.897177793615377084
32162.023757237144309 41.899922482327468742
32162.118489896529354 41.902667171039560401
32162.213222555914399 41.905411859751652059
32162.307955215299444 41.908156548463743718
32162.402687874680851 41.910901237175835377
32162.497420534065895 41.913645925887927035
32162.59215319345094 41.916390614600018694
32162.686885852835985 41.919135303312110352
32162.78161851222103 41.921879992024202011
32162.876351171606075 41.924624680736293669
32162.971083830987482 41.927369369448385328
32163.065816490372526 41.930114058160476986
32163.160549149757571 41.932858746872568645
32163.255281809142616 41.935603435584660303
32163.350014468527661 41.938348124296751962
32163.444747127909068 41.941092813008843621
32163.539479787294113 41.943837501720935279
32163.634212446679157 41.946582190433026938
32163.728945106064202 41.949326879145118596
32163.823677765449247 41.952071567857210255
32163.918410424830654 41.954816256569301913
32164.013143084215699 41.957560945281393572
32164.107875743600744 41.96030563399348523
32164.202608402985788 41.963050322705576889
32164.297341062370833 41.965795011417668547
32164.39207372175224 41.968539700129760206
32164.486806381137285 41.971284388841851865
32164.58153904052233 41.974029077553943523
32164.676271699907375 41.976773766266035182
32164.771004359292419 41.97951845497812684
32164.865737018677464 41.982263143690218499
32164.960469678058871 41.985007832402310157
32165.055202337443916 41.987752521114401816
32165.149934996828961 41.990497209826493474
32165.244667656214006 41.993241898538585133
32165.33940031559905 41.995986587250676791
32165.434132974980457 41.99873127596276845
32165.528865634365502 42.001475964674860109
32165.623598293750547 42.004220653386951767
32165.718330953135592 42.006965342099043426
32165.813063612520637 42.009710030811135084
32165.907796271902043 42.012454719523226743
32166.002528931287088 42.015199408235318401
32166.097261590672133 42.01794409694741006
32166.191994250057178 42.020688785659501718
32166.286726909442223 42.023433474371593377
32166.38145956882363 42.026178163083685035
32166.476192228208674 42.028922851795776694
32166.570924887593719 42.031667540507868353
32166.665657546978764 42.034412229219960011
32166.760390206363809 42.03715691793205167
32166.855122865745216 42.039901606644143328
32166.949855525130261 42.042646295356234987
32167.044588184515305 42.045390984068326645
32167.13932084390035 42.048135672780418304
32167.234053503285395 42.050880361492509962
32167.32878616267044 42.053625050204601621
32167.423518822051847 42.056369738916693279
32167.518251481436891 42.059114427628784938
32167.612984140821936 42.061859116340876596
32167.707716800206981 42.064603805052968255
32167.802449459592026 42.067348493765059914
32167.897182118973433 42.070093182477151572
32167.991914778358478 42.072837871189243231
32168.086647437743522 42.075582559901334889
32168.181380097128567 42.078327248613426548
32168.276112756513612 42.081071937325518206
32168.370845415895019 42.083816626037609865
32168.465578075280064 42.086561314749701523
32168.560310734665109 42.089306003461793182
32168.655043394050153 42.09205069217388484
32168.749776053435198 42.094795380885976499
32168.844508712816605 42.097540069598068158
32168.93924137220165 42.100284758310159816
32169.033974031586695 42.103029447022251475
32169.12870669097174 42.105774135734343133
32169.223439350356784 42.108518824446434792
32169.318172009741829 42.11126351315852645
32169.412904669123236 42.114008201870618109
32169.507637328508281 42.116752890582709767
32169.602369987893326 42.119497579294801426
32169.697102647278371 42.122242268006893084
32169.791835306663415 42.124986956718984743
32169.886567966044822 42.127731645431076402
32169.981300625429867 42.13047633414316806
32170.076033284814912 42.133221022855259719
32170.170765944199957 42.135965711567351377
32170.265498603585002 42.138710400279443036
32170.360231262966408 42.141455088991534694
32170.454963922351453 42.144199777703626353
32170.549696581736498 42.146944466415718011
32170.644429241121543 42.14968915512780967
32170.739161900506588 42.152433843839901328
32170.833894559887995 42.155178532551992987
32170.928627219273039 42.157923221264084646
32171.023359878658084 42.160667909976176304
32171.118092538043129 42.163412598688267963
32171.212825197428174 42.166157287400359621
32171.307557856809581 42.16890197611245128
32171.402290516194626 42.171646664824542938
32171.49702317557967 42.174391353536634597
32171.591755834964715 42.177136042248726255
32171.68648849434976 42.179880730960817914
32171.781221153734805 42.182625419672909572
32171.875953813116212 42.185370108385001231
32171.970686472501257 42.18811479709709289
32172.065419131886301 42.190859485809184548
32172.160151791271346 42.193604174521276207
32172.254884450656391 42.196348863233367865
32172.349617110037798 42.199093551945459524
32172.444349769422843 42.201838240657551182
32172.539082428807887 42.204582929369642841
32172.633815088192932 42.207327618081734499
32172.728547747577977 42.210072306793826158
32172.823280406959384 42.212816995505917816
32172.918013066344429 42.215561684218009475
32173.012745725729474 42.218306372930101134
32173.107478385114518 42.221051061642192792
32173.202211044499563 42.223795750354284451
32173.29694370388097 42.226540439066376109
32173.391676363266015 42.229285127778467768
32173.48640902265106 42.232029816490559426
32173.581141682036105 42.234774505202651085
32173.675874341421149 42.237519193914742743
32173.770607000806194 42.240263882626834402
32173.865339660187601 42.24300857133892606
32173.960072319572646 42.245753260051017719
32174.054804978957691 42.248497948763109378
32174.149537638342736 42.251242637475201036
32174.24427029772778 42.253987326187292695
32174.339002957109187 42.256732014899384353
32174.433735616494232 42.259476703611476012
32174.528468275879277 42.26222139232356767
32174.623200935264322 42.264966081035659329
32174.717933594649367 42.267710769747750987
32174.812666254030773 42.270455458459842646
32174.907398913415818 42.273200147171934304
32175.002131572800863 42.275944835884025963
32175.096864232185908 42.278689524596117622
32175.191596891570953 42.28143421330820928
32175.28632955095236 42.284178902020300939
32175.381062210337404 42.286923590732392597
32175.475794869722449 42.289668279444484256
32175.570527529107494 42.292412968156575914
32175.665260188492539 42.295157656868667573
32175.759992847873946 42.297902345580759231
32175.854725507258991 42.30064703429285089
32175.949458166644035 42.303391723004942548
32176.04419082602908 42.306136411717034207
32176.138923485414125 42.308881100429125866
32176.23365614479917 42.311625789141217524
32176.328388804180577 42.314370477853309183
32176.423121463565622 42.317115166565400841
32176.517854122950666 42.3198598552774925
32176.612586782335711 42.322604543989584158
32176.707319441720756 42.325349232701675817
32176.802052101102163 42.328093921413767475
32176.896784760487208 42.330838610125859134
32176.991517419872253 42.333583298837950792
32177.086250079257297 42.336327987550042451
32177.180982738642342 42.339072676262134109
32177.275715398023749 42.341817364974225768
32177.370448057408794 42.344562053686317427
32177.465180716793839 42.347306742398409085
32177.559913376178883 42.350051431110500744
32177.654646035563928 42.352796119822592402
32177.749378694945335 42.355540808534684061
32177.84411135433038 42.358285497246775719
32177.938844013715425 42.361030185958867378
32178.03357667310047 42.363774874670959036
32178.128309332485514 42.366519563383050695
32178.223041991870559 42.369264252095142353
32178.317774651251966 42.372008940807234012
32178.412507310637011 42.374753629519325671
32178.507239970022056 42.377498318231417329
32178.601972629407101 42.380243006943508988
32178.696705288792145 42.382987695655600646
32178.791437948173552 42.385732384367692305
32178.886170607558597 42.388477073079783963
32178.980903266943642 42.391221761791875622
32179.075635926328687 42.39396645050396728
32179.170368585713732 42.396711139216058939
32179.265101245095138 42.399455827928150597
32179.359833904480183 42.402200516640242256
32179.454566563865228 42.404945205352333915
32179.549299223250273 42.407689894064425573
32179.644031882635318 42.410434582776517232
32179.738764542016725 42.41317927148860889
32179.833497201401769 42.415923960200700549
32179.928229860786814 42.418668648912792207
32180.022962520171859 42.421413337624883866
32180.117695179556904 42.424158026336975524
32180.212427838938311 42.426902715049067183
32180.307160498323356 42.429647403761158841
32180.4018931577084 42.4323920924732505
32180.496625817093445 42.435136781185342159
32180.59135847647849 42.437881469897433817
32180.686091135863535 42.440626158609525476
32180.780823795244942 42.443370847321617134
32180.875556454629987 42.446115536033708793
32180.970289114015031 42.448860224745800451
32181.065021773400076 42.45160491345789211
32181.159754432785121 42.454349602169983768
32181.254487092166528 42.457094290882075427
32181.349219751551573 42.459838979594167085
32181.443952410936618 42.462583668306258744
32181.538685070321662 42.465328357018350403
32181.633417729706707 42.468073045730442061
32181.728150389088114 42.47081773444253372
32181.822883048473159 42.473562423154625378
32181.917615707858204 42.476307111866717037
32182.012348367243249 42.479051800578808695
32182.107081026628293 42.481796489290900354
32182.2018136860097 42.484541178002992012
32182.296546345394745 42.487285866715083671
32182.39127900477979 42.490030555427175329
32182.486011664164835 42.492775244139266988
32182.580744323549879 42.495519932851358647
32182.675476982931286 42.498264621563450305
32182.770209642316331 42.501009310275541964
32182.864942301701376 42.503753998987633622
32182.959674961086421 42.506498687699725281
32183.054407620471466 42.509243376411816939
32183.14914027985651 42.511988065123908598
32183.243872939237917 42.514732753836000256
32183.338605598622962 42.517477442548091915
32183.433338258008007 42.520222131260183573
32183.528070917393052 42.522966819972275232
32183.622803576778097 42.525711508684366891
32183.717536236159503 42.528456197396458549
32183.812268895544548 42.531200886108550208
32183.907001554929593 42.533945574820641866
32184.001734214314638 42.536690263532733525
32184.096466873699683 42.539434952244825183
32184.19119953308109 42.542179640956916842
32184.285932192466134 42.5449243296690085
32184.380664851851179 42.547669018381100159
32184.475397511236224 42.550413707093191817
32184.570130170621269 42.553158395805283476
32184.664862830002676 42.555903084517375135
32184.759595489387721 42.558647773229466793
32184.854328148772765 42.561392461941558452
32184.94906080815781 42.56413715065365011
32185.043793467542855 42.566881839365741769
32185.1385261269279 42.569626528077833427
32185.233258786309307 42.572371216789925086
32185.327991445694352 42.575115905502016744
32185.422724105079396 42.577860594214108403
32185.517456764464441 42.580605282926200061
32185.612189423849486 42.58334997163829172
32185.706922083230893 42.586094660350383378
32185.801654742615938 42.588839349062475037
32185.896387402000983 42.591584037774566696
32185.991120061386027 42.594328726486658354
32186.085852720771072 42.597073415198750013
32186.180585380152479 42.599818103910841671
32186.275318039537524 42.60256279262293333
32186.370050698922569 42.605307481335024988
32186.464783358307614 42.608052170047116647
32186.559516017692658 42.610796858759208305
32186.654248677074065 42.613541547471299964
32186.74898133645911 42.616286236183391622
32186.843713995844155 42.619030924895483281
32186.9384466552292 42.62177561360757494
32187.033179314614245 42.624520302319666598
32187.127911973995651 42.627264991031758257
32187.222644633380696 42.630009679743849915
32187.317377292765741 42.632754368455941574
32187.412109952150786 42.635499057168033232
32187.506842611535831 42.638243745880124891
32187.601575270920875 42.640988434592216549
32187.696307930302282 42.643733123304308208
32187.791040589687327 42.646477812016399866
32187.885773249072372 42.649222500728491525
32187.980505908457417 42.651967189440583184
32188.075238567842462 42.654711878152674842
32188.169971227223868 42.657456566864766501
32188.264703886608913 42.660201255576858159
32188.359436545993958 42.662945944288949818
32188.454169205379003 42.665690633001041476
32188.548901864764048 42.668435321713133135
32188.643634524145455 42.671180010425224793
32188.738367183530499 42.673924699137316452
32188.833099842915544 42.67666938784940811
32188.927832502300589 42.679414076561499769
32189.022565161685634 42.682158765273591428
32189.117297821067041 42.684903453985683086
32189.212030480452086 42.687648142697774745
32189.30676313983713 42.690392831409866403
32189.401495799222175 42.693137520121958062
32189.49622845860722 42.69588220883404972
32189.590961117992265 42.698626897546141379
32189.685693777373672 42.701371586258233037
32189.780426436758717 42.704116274970324696
32189.875159096143761 42.706860963682416354
32189.969891755528806 42.709605652394508013
32190.064624414913851 42.712350341106599672
32190.159357074295258 42.71509502981869133
32190.254089733680303 42.717839718530782989
32190.348822393065348 42.720584407242874647
32190.443555052450392 42.723329095954966306
32190.538287711835437 42.726073784667057964
32190.633020371216844 42.728818473379149623
32190.727753030601889 42.731563162091241281
32190.822485689986934 42.73430785080333294
32190.917218349371979 42.737052539515424598
32191.011951008757023 42.739797228227516257
32191.10668366813843 42.742541916939607916
32191.201416327523475 42.745286605651699574
32191.29614898690852 42.748031294363791233
32191.390881646293565 42.750775983075882891
32191.48561430567861 42.75352067178797455
32191.580346965060016 42.756265360500066208
32191.675079624445061 42.759010049212157867
32191.769812283830106 42.761754737924249525
32191.864544943215151 42.764499426636341184
32191.959277602600196 42.767244115348432842
32192.054010261985241 42.769988804060524501
32192.148742921366647 42.77273349277261616
32192.243475580751692 42.775478181484707818
32192.338208240136737 42.778222870196799477
32192.432940899521782 42.780967558908891135
32192.527673558906827 42.783712247620982794
32192.622406218288234 42.786456936333074452
32192.717138877673278 42.789201625045166111
32192.811871537058323 42.791946313757257769
32192.906604196443368 42.794691002469349428
32193.001336855828413 42.797435691181441086
32193.09606951520982 42.800180379893532745
32193.09606951520982 42.800180379893532745
32193.09606951520982 42.800180379893532745
32193.09606951520982 42.800180379893532745
32193.09606951520982 42.800180379893532745
32193.09606951520982 1e+20
32193.430379837456712 1e+20
32193.773601339136803 1e+20
32194.130007476971514 1e+20
32194.504426516163221 1e+20
32194.889330648682517 1e+20
32195.277073429508164 1e+20
32195.666904684414476 1e+20
32196.050765761712682 1e+20
32196.428613847900124 1e+20
32196.80065366522831 1e+20
32197.167328637966421 1e+20
32197.527111339964904 1e+20
32197.875243435675657 1e+20
32198.210351553047076 1e+20
32198.536473618547461 1e+20
32198.856388709016755 1e+20
32199.172263346768887 1e+20
32199.485826351014111 1e+20
32199.796954297631601 1e+20
32200.106596266214183 1e+20
32200.416173035224347 1e+20
32200.726369697291375 1e+20
32201.038440541600721 1e+20
32201.353682379209204 1e+20
32201.673452594044647 1e+20
32201.999231856127153 1e+20
32202.332763470272766 1e+20
32202.676069535373244 1e+20
32203.031460384860111 1e+20
32203.382553201405244 1e+20
32203.729174896692712 1e+20
32204.072877378614066 1e+20
32204.415099487428961 1e+20
32204.753224599608075 1e+20
32205.088561843920616 1e+20
32205.424064552971686 1e+20
32205.761163384508109 1e+20
32206.102287173278455 1e+20
32206.449648391902883 1e+20
32206.805395126775693 1e+20
32207.162676338084566 1e+20
32207.519816919713776 1e+20
32207.86949327171169 1e+20
32208.205849920144829 1e+20
32208.530357998653926 1e+20
32208.844406611937302 1e+20
32209.149186105711124 1e+20
32209.445945179013506 1e+20
32209.735797283232387 1e+20
32210.019766862333199 1e+20
32210.298845032004465 1e+20
32210.574021111930051 1e+20
32210.84620881263254 1e+20
32211.11626518355115 1e+20
32211.385073075962282 1e+20
32211.653576152792084 1e+20
32211.922468593395024 1e+20
32212.192734262844169 1e+20
32212.465721773882251 1e+20
32212.743082823493751 1e+20
32213.026896096740529 1e+20
32213.319804479233426 1e+20
32213.625170759096363 1e+20
32213.947167689402704 1e+20
32214.267962366262509 1e+20
32214.585833060751611 1e+20
32214.902511387528648 1e+20
32215.219488699865906 1e+20
32215.538068752419349 1e+20
32215.860474411012547 1e+20
32216.189428584872076 1e+20
32216.523808668523998 1e+20
32216.841488171547098 1e+20
32217.1476768204775 1e+20
32217.446817713538621 1e+20
32217.742676585901791 1e+20
32218.038612661264779 1e+20
32218.336242787820083 1e+20
32218.638623217855638 1e+20
32218.948717206563742 1e+20
32219.268248686468723 1e+20
32219.588178552250611 1e+20
32219.909384779504762 1e+20
32220.224484228692745 1e+20
32220.534184553060186 1e+20
32220.840008709401445 1e+20
32221.143246352003189 1e+20
32221.445118545372679 1e+20
32221.746843872988393 1e+20
32222.049125264817121 1e+20
32222.353194428073039 1e+20
32222.660506432028342 1e+20
32222.972749422526249 1e+20
32223.291955000506277 1e+20
32223.605156877332774 1e+20
32223.911356024851557 1e+20
32224.211594559666992 1e+20
32224.506740545271896 1e+20
32224.797523884612019 1e+20
32225.084567828547733 1e+20
32225.368586130367476 1e+20
32225.650089617822232 1e+20
32225.929540837823879 1e+20
32226.207368415209203 1e+20
32226.484005567446729 1e+20
32226.759854264862952 1e+20
32227.035307430654939 1e+20
32227.310757500243199 1e+20
32227.586479452846106 1e+20
32227.862955877852073 1e+20
32228.140643380418624 1e+20
32228.420033061225695 1e+20
32228.70168990599268 1e+20
32228.986230674403487 1e+20
32229.274310385506396 1e+20
32229.566675934245723 1e+20
32229.864186939841602 1e+20
32230.167831893388211 1e+20
32230.478710289899027 1e+20
32230.798054204326036 1e+20
32231.11279025111071 1e+20
32231.422819960345805 1e+20
32231.729226720370207 1e+20
32232.033003905544319 1e+20
32232.335071496185265 1e+20
32232.636301472659397 1e+20
32232.937574839299486 1e+20
32233.239324360467435 1e+20
32233.540280657602125 1e+20
32233.836221020927042 1e+20
32234.127571622037067 1e+20
32234.414720015425701 1e+20
32234.698020479543629 1e+20
32234.977864794753259 1e+20
32235.254567525280436 1e+20
32235.528420047601685 1e+20
32235.799690265896061 1e+20
32236.068635683855973 1e+20
32236.335501136458333 1e+20
32236.600520492320356 1e+20
32236.863918260078208 1e+20
32237.125910951279366 1e+20
32237.386708182966686 1e+20
32237.646513796353247 1e+20
32237.905526631569955 1e+20
32238.163940284590353 1e+20
32238.42194515927622 1e+20
32238.679733435230446 1e+20
32238.937486239592545 1e+20
32239.195311228602804 1e+20
32239.453364541252085 1e+20
32239.711815748123627 1e+20
32239.970827826058667 1e+20
32240.230555727219325 1e+20
32240.491144754854759 1e+20
32240.752728914780164 1e+20
32241.015429533883434 1e+20
32241.277248793550825 1e+20
32241.538183100936294 1e+20
32241.79864269317477 1e+20
32242.058983640923543 1e+20
32242.319517006035312 1e+20
32242.580600891575159 1e+20
32242.842567318672081 1e+20
32243.105751132188743 1e+20
32243.370492466914584 1e+20
32243.637140812064899 1e+20
32243.906056197232829 1e+20
32244.177615171713114 1e+20
32244.452217283145728 1e+20
32244.73028634244838 1e+20
32245.012275557506655 1e+20
32245.298674058150937 1e+20
32245.590010621177498 1e+20
32245.886851877970912 1e+20
32246.188471183075308 1e+20
32246.493947653409123 1e+20
32246.803608432815963 1e+20
32247.117815221798082 1e+20
32247.436969941303687 1e+20
32247.761522320532094 1e+20
32248.091977933898306 1e+20
32248.428916001652397 1e+20
32248.773001517023658 1e+20
32249.124988963088981 1e+20
32249.475257364592835 1e+20
32249.824443754525419 1e+20
32250.17372916388922 1e+20
32250.523823592044209 1e+20
32250.872332229169842 1e+20
32251.219131656613172 1e+20
32251.566005973305437 1e+20
32251.913866452243383 1e+20
32252.264391417433217 1e+20
32252.619251806198008 1e+20
32252.980188247172919 1e+20
32253.349087649778085 1e+20
32253.71854900987455 1e+20
32254.082322100512101 1e+20
32254.441633730111789 1e+20
32254.797666594138718 1e+20
32255.151566523436486 1e+20
32255.504478439965169 1e+20
32255.857491541737545 1e+20
32256.211305245575204 1e+20
32256.567199208173406 1e+20
32256.924604518237174 1e+20
32257.284048456738674 1e+20
32257.646307417937351 1e+20
32257.996870094157202 1e+20
32258.33594665219789 1e+20
32258.66485782401287 1e+20
32258.984693934766256 1e+20
32259.296416897799645 1e+20
32259.60087191164348 1e+20
32259.898789241637132 1e+20
32260.190815952126286 1e+20
32260.477531752349023 1e+20
32260.759462728401559 1e+20
32261.03710189683261 1e+20
32261.310898533669388 1e+20
32261.581196633498621 1e+20
32261.848409128924686 1e+20
32262.112923803040758 1e+20
32262.375114320693683 1e+20
32262.635342388872232 1e+20
32262.893966144270962 1e+20
32263.151335965758335 1e+20
32263.407799914028146 1e+20
32263.663706455554347 1e+20
32263.919407906665583 1e+20
32264.175186428816232 1e+20
32264.431300062246009 1e+20
32264.688119789512712 1e+20
32264.9460304385575 1e+20
32265.205434683699423 1e+20
32265.466756277230161 1e+20
32265.73045046614061 1e+20
32265.997014134289202 1e+20
32266.266985271322483 1e+20
32266.540950921833428 1e+20
32266.819568403749145 1e+20
32267.10358615163932 1e+20
32267.393855104801332 1e+20
32267.691310554044321 1e+20
32267.996891612798208 1e+20
32268.311361815933196 1e+20
32268.635059490981803 1e+20
32268.959497749350703 1e+20
32269.28060801275933 1e+20
32269.599019789802696 1e+20
32269.915333822529647 1e+20
32270.230132413980755 1e+20
32270.543990299589495 1e+20
32270.857462083036808 1e+20
32271.171037597818213 1e+20
32271.485074357799022 1e+20
32271.800144652490417 1e+20
32272.116830220275006 1e+20
32272.435727289859642 1e+20
32272.757461800149031 1e+20
32273.082682464268146 1e+20
32273.409821369823476 1e+20
32273.735752035223413 1e+20
32274.06158953315753 1e+20
32274.387906741689221 1e+20
32274.715623801952461 1e+20
32275.040139571927284 1e+20
32275.361111721118505 1e+20
32275.679844396130648 1e+20
32275.997578773523855 1e+20
32276.315421117025835 1e+20
32276.634045551509189 1e+20
32276.954584505027015 1e+20
32277.277458613596536 1e+20
32277.598007226122718 1e+20
32277.916822560153378 1e+20
32278.234479129227111 1e+20
32278.551538729596359 1e+20
32278.868555542037939 1e+20
32279.185847930275486 1e+20
32279.503925610180886 1e+20
32279.823337030888069 1e+20
32280.144634736021544 1e+20
32280.468379584282957 1e+20
32280.795133876254113 1e+20
32281.125457008536614 1e+20
32281.459898997127311 1e+20
32281.798992202013324 1e+20
32282.143213365070551 1e+20
32282.484235443716898 1e+20
32282.818739906379051 1e+20
32283.149285595813126 1e+20
32283.478008076082915 1e+20
32283.806774673765176 1e+20
32284.136450461304776 1e+20
32284.468752514185326 1e+20
32284.805505663269287 1e+20
32285.148667889672652 1e+20
32285.500455758847238 1e+20
32285.863445571623743 1e+20
32286.236612830591184 1e+20
32286.611926675333962 1e+20
32286.985837118860218 1e+20
32287.358623663676553 1e+20
32287.731598932972702 1e+20
32288.10566965873295 1e+20
32288.470544962670829 1e+20
32288.824761273615877 1e+20
32289.170116612291167 1e+20
32289.508403173374973 1e+20
32289.841239909492288 1e+20
32290.169277418368438 1e+20
32290.492032169844606 1e+20
32290.810063190838264 1e+20
32291.123892455740133 1e+20
32291.434001219626225 1e+20
32291.740846159311332 1e+20
32292.044893816393596 1e+20
32292.346635771194997 1e+20
32292.646498914735275 1e+20
32292.944901712155115 1e+20
32293.242261014609539 1e+20
32293.538993384958303 1e+20
32293.835527046987409 1e+20
32294.132186939255917 1e+20
32294.429315264664183 1e+20
32294.727377798895759 1e+20
32295.026863291954214 1e+20
32295.328289039138326 1e+20
32295.632207100778032 1e+20
32295.939211462620733 1e+20
32296.24994581826104 1e+20
32296.565112760428747 1e+20
32296.885484515678399 1e+20
32297.211915112577117 1e+20
32297.545354400532233 1e+20
32297.875137146795169 1e+20
32298.20052031429077 1e+20
32298.52411051652598 1e+20
32298.848019781566109 1e+20
32299.173707407400798 1e+20
32299.503539298017131 1e+20
32299.84011315632597 1e+20
32300.182534065868822 1e+20
32300.523250410278706 1e+20
32300.856320015071105 1e+20
32301.177517236650601 1e+20
32301.490523940097773 1e+20
32301.798288930534909 1e+20
32302.103297665198625 1e+20
32302.407685413731087 1e+20
32302.712807401985629 1e+20
32303.020437117018446 1e+20
32303.332719322836056 1e+20
32303.651981395651092 1e+20
32303.980866144382162 1e+20
32304.322482454452256 1e+20
32304.668423624301795 1e+20
32305.017835057460616 1e+20
32305.371361469740805 1e+20
32305.728309810394421 1e+20
32306.082793971509091 1e+20
32306.435493084991322 1e+20
32306.786990276657889 1e+20
32307.137864998920122 1e+20
32307.488545952088316 1e+20
32307.839317542424396 1e+20
32308.190320361201884 1e+20
32308.541618499148171 1e+20
32308.893252189252962 1e+20
32309.237562458150933 1e+20
32309.574354861782922 1e+20
32309.904477473770385 1e+20
32310.228672409128194 1e+20
32310.547595985939552 1e+20
32310.861834351508151 1e+20
32311.171915992570575 1e+20
32311.478324312021869 1e+20
32311.781442567214981 1e+20
32312.081675714831363 1e+20
32312.379401282367326 1e+20
32312.674988775743259 1e+20
32312.968801397255447 1e+20
32313.261149921625474 1e+20
32313.552334072024678 1e+20
32313.842735663311032 1e+20
32314.132661125480809 1e+20
32314.42241064089103 1e+20
32314.712223265927605 1e+20
32315.002308687307959 1e+20
32315.29297148416299 1e+20
32315.58452168272197 1e+20
32315.877274965936522 1e+20
32316.171580422516854 1e+20
32316.46779878243251 1e+20
32316.766278659535601 1e+20
32317.06738746971314 1e+20
32317.371514875929279 1e+20
32317.679076534437627 1e+20
32317.990518226233689 1e+20
32318.30632036172392 1e+20
32318.627002904839173 1e+20
32318.953131103447959 1e+20
32319.28532049691421 1e+20
32319.624242052443151 1e+20
32319.97062838594502 1e+20
32320.32133775399052 1e+20
32320.670048135769321 1e+20
32321.017648869539698 1e+20
32321.365015973286063 1e+20
32321.712729565548216 1e+20
32322.061506412024755 1e+20
32322.412191434410488 1e+20
32322.748458420919633 1e+20
32323.070893648695346 1e+20
32323.38271267928576 1e+20
32323.686693119994743 1e+20
32323.985348871381575 1e+20
32324.281083358473552 1e+20
32324.576343164128048 1e+20
32324.872688717281562 1e+20
32325.172709954807942 1e+20
32325.479733073931129 1e+20
32325.797884584299027 1e+20
32326.130666371715051 1e+20
32326.462678795760439 1e+20
32326.795403844877001 1e+20
32327.130612420001853 1e+20
32327.470474158213619 1e+20
32327.815113273518364 1e+20
32328.130723442340241 1e+20
32328.424167905945069 1e+20
32328.700533213064773 1e+20
32328.963656722855376 1e+20
32329.216436328231794 1e+20
32329.46106531618716 1e+20
32329.699267441821576 1e+20
32329.932396119056648 1e+20
32330.16152650868753 1e+20
32330.387523411984148 1e+20
32330.611092023358651 1e+20
32330.83281622384311 1e+20
32331.053188067853625 1e+20
32331.272630577299424 1e+20
32331.491515465822886 1e+20
32331.710176953678456 1e+20
32331.928880908177234 1e+20
32332.147813451996626 1e+20
32332.367257851801696 1e+20
32332.587501803405758 1e+20
32332.808833326729655 1e+20
32333.031531663076748 1e+20
32333.255881823315576 1e+20
32333.482180091647024 1e+20
32333.710738961985044 1e+20
32333.941892283430207 1e+20
32334.176000930707232 1e+20
32334.413460693260276 1e+20
32334.654710747377976 1e+20
32334.900241719889891 1e+20
32335.150610586963012 1e+20
32335.40646377500525 1e+20
32335.668601007662801 1e+20
32335.937947688194981 1e+20
32336.21554010293039 1e+20
32336.502623096657771 1e+20
32336.800703917073406 1e+20
32337.109121018918813 1e+20
32337.415989053879457 1e+20
32337.721795845620363 1e+20
32338.026970941438776 1e+20
32338.331888843607885 1e+20
32338.636653425284749 1e+20
32338.933948016481736 1e+20
32339.225062162986433 1e+20
32339.511071855129558 1e+20
32339.792894885365968 1e+20
32340.071332119041472 1e+20
32340.347099450194946 1e+20
32340.620855143097288 1e+20
32340.893266319235408 1e+20
32341.164908450908115 1e+20
32341.436351678836218 1e+20
32341.707984775344812 1e+20
32341.980299160022696 1e+20
32342.253916304969607 1e+20
32342.529501657740184 1e+20
32342.807797440320428 1e+20
32343.089660410809302 1e+20
32343.376104957646021 1e+20
32343.668376933288528 1e+20
32343.968066240446205 1e+20
32344.277284198680718 1e+20
32344.593879104457301 1e+20
32344.90566060844867 1e+20
32345.214985328377225 1e+20
32345.524039708521741 1e+20
32345.834097663075227 1e+20
32346.147248771270824 1e+20
32346.465755961376999 1e+20
32346.792070759707713 1e+20
32347.128922533833247 1e+20
32347.479380265838699 1e+20
32347.841693080317782 1e+20
32348.205295742667658 1e+20
32348.571833729569335 1e+20
32348.938311329802673 1e+20
32349.301606140288641 1e+20
32349.662166153084399 1e+20
32350.020398658078193 1e+20
32350.37456359384305 1e+20
32350.7238212731354 1e+20
32351.06947227208002 1e+20
32351.412643809559086 1e+20
32351.754379577305372 1e+20
32352.095649926206534 1e+20
32352.437178734624467 1e+20
32352.779537643149524 1e+20
32353.123460817805608 1e+20
32353.468541720703797 1e+20
32353.815161879268999 1e+20
32354.164031025509757 1e+20
32354.515906864009594 1e+20
32354.871619718687725 1e+20
32355.232109407839744 1e+20
32355.597299877572368 1e+20
32355.966274532336683 1e+20
32356.339692165005545 1e+20
32356.718296700266364 1e+20
32357.102888407636783 1e+20
32357.491752392274066 1e+20
32357.885088315051689 1e+20
32358.277825023917103 1e+20
32358.662520078858506 1e+20
32359.040618151080707 1e+20
32359.413508815930982 1e+20
32359.782467688113684 1e+20
32360.148683018724114 1e+20
32360.513288728710904 1e+20
32360.877458062634105 1e+20
32361.241997286386322 1e+20
32361.598243902230024 1e+20
32361.943542099717888 1e+20
32362.280394323635846 1e+20
32362.610832204267354 1e+20
32362.936471501718188 1e+20
32363.258684104581334 1e+20
32363.578641470936418 1e+20
32363.897373992367648 1e+20
32364.21579107092839 1e+20
32364.534525303279224 1e+20
32364.854332275335764 1e+20
32365.176104423462675 1e+20
32365.500725068923202 1e+20
32365.829094560918747 1e+20
32366.162146023412788 1e+20
32366.500856102884427 1e+20
32366.846327653543995 1e+20
32367.199750682480953 1e+20
32367.558018053085107 1e+20
32367.920957579088281 1e+20
32368.289405239051121 1e+20
32368.648642791540624 1e+20
32368.998322971776361 1e+20
32369.339903073159803 1e+20
32369.674738251487724 1e+20
32370.003925490666006 1e+20
32370.328526273453463 1e+20
32370.649455913408019 1e+20
32370.967557856809435 1e+20
32371.283767143257137 1e+20
32371.598866537624417 1e+20
32371.913634115469904 1e+20
32372.228627282347588 1e+20
32372.544463857771916 1e+20
32372.861953182629804 1e+20
32373.18194282494369 1e+20
32373.505335811656551 1e+20
32373.833111221345462 1e+20
32374.163830131044961 1e+20
32374.493492731857259 1e+20
32374.822506541575422 1e+20
32375.151251261060679 1e+20
32375.480054149826174 1e+20
32375.809164470731048 1e+20
32376.138977966169477 1e+20
32376.46989203530029 1e+20
32376.802300966195617 1e+20
32377.136606491210841 1e+20
32377.473227296406549 1e+20
32377.811008729986497 1e+20
32378.150648470178567 1e+20
32378.494762978574727 1e+20
32378.834490322093188 1e+20
32379.160075313346169 1e+20
32379.475418239217106 1e+20
32379.783407147860999 1e+20
32380.086253235735057 1e+20
32380.385736051481217 1e+20
32380.683347054131445 1e+20
32380.980397449424345 1e+20
32381.277853435316501 1e+20
32381.576674692259985 1e+20
32381.878032997978153 1e+20
32382.183164848480374 1e+20
32382.493443362818653 1e+20
32382.8105171804782 1e+20
32383.11358196299625 1e+20
32383.400811580275331 1e+20
32383.676590899794974 1e+20
32383.943950842480263 1e+20
32384.20509518081235 1e+20
32384.461642014728568 1e+20
32384.714861772437871 1e+20
32384.965795630509092 1e+20
32385.215336378565553 1e+20
32385.464286346101289 1e+20
32385.713319644237345 1e+20
32385.962891247287189 1e+20
32386.213760239508701 1e+20
32386.466747441703774 1e+20
32386.722752419220342 1e+20
32386.982788165092643 1e+20
32387.248070401827135 1e+20
32387.520110940655286 1e+20
32387.800859665876487 1e+20
32388.09291663949989 1e+20
32388.399887650779419 1e+20
32388.727001030583779 1e+20
32389.08226385260059 1e+20
32389.436006787113001 1e+20
32389.788796886172349 1e+20
32390.142289788618655 1e+20
32390.498278524111811 1e+20
32390.859139743286505 1e+20
32391.227565802881145 1e+20
32391.606801904541499 1e+20
32392.000782994280598 1e+20
32392.400950977105822 1e+20
32392.798535583195189 1e+20
32393.194174837739411 1e+20
32393.589052359784546 1e+20
32393.98408083177128 1e+20
32394.378783406758885 1e+20
32394.77344945819641 1e+20
32395.169058652663807 1e+20
32395.56743996986188 1e+20
32395.970592095774919 1e+20
32396.380647467103699 1e+20
32396.794010689201968 1e+20
32397.201866441835591 1e+20
32397.595681941147632 1e+20
32397.972536791392486 1e+20
32398.335308099831309 1e+20
32398.686455615064915 1e+20
32399.028136967706814 1e+20
32399.362311427164968 1e+20
32399.69082457706827 1e+20
32400.015500416484429 1e+20
32400.338239231372427 1e+20
32400.661059857317014 1e+20
32400.98523218488117 1e+20
32401.313394994507689 1e+20
32401.648833423558244 1e+20
32401.995624462644628 1e+20
32402.35473884815292 1e+20
32402.707627295971179 1e+20
32403.056976544638019 1e+20
32403.405225480575609 1e+20
32403.754083290194103 1e+20
32404.091071639944857 1e+20
32404.402984570904664 1e+20
32404.695535201401071 1e+20
32404.973052800236474 1e+20
32405.238813503980055 1e+20
32405.495305439209915 1e+20
32405.744454001480335 1e+20
32405.98771732631576 1e+20
32406.22631262447976 1e+20
32406.461240560947772 1e+20
32406.693378871292225 1e+20
32406.923436452005262 1e+20
32407.152115998556837 1e+20
32407.380019756252295 1e+20
32407.60773316128325 1e+20
32407.835651923829573 1e+20
32408.064311221402022 1e+20
32408.294371423329721 1e+20
32408.52654517056726 1e+20
32408.761674020806822 1e+20
32409.000756988891226 1e+20
32409.245005868149747 1e+20
32409.495903147148056 1e+20
32409.755305152670189 1e+20
32410.025580061013898 1e+20
32410.309760929329059 1e+20
32410.611769803363131 1e+20
32410.936691128681559 1e+20
32411.287056685981952 1e+20
32411.636482324262033 1e+20
32411.986699989811314 1e+20
32412.339757732381258 1e+20
32412.696749966929929 1e+20
32413.040615552603413 1e+20
32413.378642990650405 1e+20
32413.716993392728909 1e+20
32414.05899207404218 1e+20
32414.410782817925792 1e+20
32414.755863461228728 1e+20
32415.095728665106435 1e+20
32415.431806731190591 1e+20
32415.765313859803427 1e+20
32416.097309760218195 1e+20
32416.428803833230631 1e+20
32416.760553927659203 1e+20
32417.093251681984839 1e+20
32417.427848078390525 1e+20
32417.765303131622204 1e+20
32418.100532841785025 1e+20
32418.43267054369062 1e+20
32418.763809210038744 1e+20
32419.095436053128651 1e+20
32419.428881627514784 1e+20
32419.76589962754224 1e+20
32420.108185149580095 1e+20
32420.457411506562494 1e+20
32420.815241694028373 1e+20
32421.183337832044344 1e+20
32421.547419818118215 1e+20
32421.906792708708963 1e+20
32422.261809455951152 1e+20
32422.612872908339341 1e+20
32422.960426682289835 1e+20
32423.304946795968135 1e+20
32423.646933949283266 1e+20
32423.98690617142347 1e+20
32424.325391452657641 1e+20
32424.662919923732261 1e+20
32425.000015146819351 1e+20
32425.337150320508954 1e+20
32425.674598755911575 1e+20
32426.012821445354348 1e+20
32426.352230694614263 1e+20
32426.693173003706761 1e+20
32427.035918593566748 1e+20
32427.380649734885083 1e+20
32427.727452694460226 1e+20
32428.076315052370774 1e+20
32428.425945947587024 1e+20
32428.774311111195857 1e+20
32429.122036658398429 1e+20
32429.469842084112315 1e+20
32429.818058962137002 1e+20
32430.167355215373391 1e+20
32430.518422669807478 1e+20
32430.871982976150321 1e+20
32431.225967771028081 1e+20
32431.581107658581459 1e+20
32431.935559206478501 1e+20
32432.288799600883067 1e+20
32432.640624835752533 1e+20
32432.990844623196608 1e+20
32433.336489668570721 1e+20
32433.678644935593184 1e+20
32434.018731693216978 1e+20
32434.358258536274661 1e+20
32434.698213980696892 1e+20
32435.035792566330201 1e+20
32435.370925193321455 1e+20
32435.703571239453595 1e+20
32436.033719302286045 1e+20
32436.361387505825405 1e+20
32436.686623295441677 1e+20
32437.009502811666607 1e+20
32437.330129952835705 1e+20
32437.648635241050215 1e+20
32437.965174598419253 1e+20
32438.279928123869468 1e+20
32438.593098937664763 1e+20
32438.904912132740719 1e+20
32439.215613840515289 1e+20
32439.525470383876382 1e+20
32439.834767451757216 1e+20
32440.143809187378793 1e+20
32440.452885098882689 1e+20
32440.762194823939353 1e+20
32441.072081766145857 1e+20
32441.382900514308858 1e+20
32441.695012881842558 1e+20
32442.008782518030785 1e+20
32442.324567816187482 1e+20
32442.642712940934871 1e+20
32442.963536985123937 1e+20
32443.287321568212064 1e+20
32443.614297603642626 1e+20
32443.944632455320971 1e+20
32444.278419172816939 1e+20
32444.615669776092545 1e+20
32444.95631445152685 1e+20
32445.300207867010613 1e+20
32445.647142619309307 1e+20
32445.996868338443164 1e+20
32446.349113645115722 1e+20
32446.703607469356939 1e+20
32447.060079136754212 1e+20
32447.418285619616654 1e+20
32447.778035265750077 1e+20
32448.133745835482841 1e+20
32448.475268231486552 1e+20
32448.805948104916752 1e+20
32449.128315758487588 1e+20
32449.444461434595723 1e+20
32449.756121131820692 1e+20
32450.064741274396511 1e+20
32450.371667802362936 1e+20
32450.678174036100245 1e+20
32450.985074315918609 1e+20
32451.293367712460167 1e+20
32451.60428628075897 1e+20
32451.919158914053696 1e+20
32452.239447335028672 1e+20
32452.566735082844389 1e+20
32452.902793772187579 1e+20
32453.249691542216169 1e+20
32453.599863068968261 1e+20
32453.941612410093512 1e+20
32454.276191815068159 1e+20
32454.60464942037288 1e+20
32454.927930579189706 1e+20
32455.246899949954241 1e+20
32455.562392199095484 1e+20
32455.875244232163823 1e+20
32456.186328029016295 1e+20
32456.496585466564284 1e+20
32456.806966725180246 1e+20
32457.118195229133562 1e+20
32457.427614947977418 1e+20
32457.734188802121935 1e+20
32458.039019256833853 1e+20
32458.343207055520907 1e+20
32458.647669364007015 1e+20
32458.953275689895236 1e+20
32459.26128824098123 1e+20
32459.573134268022841 1e+20
32459.890487073898839 1e+20
32460.215365716285305 1e+20
32460.550299678503507 1e+20
32460.898562677666632 1e+20
32461.264560349867679 1e+20
32461.63528078757372 1e+20
32462.007865619583754 1e+20
32462.381960629307287 1e+20
32462.747173395535356 1e+20
32463.106460976730887 1e+20
32463.462355594518158 1e+20
32463.811630231353774 1e+20
32464.153719412483042 1e+20
32464.49243550774554 1e+20
32464.830791496380698 1e+20
32465.170256640911248 1e+20
32465.513060392429907 1e+20
32465.861448751358694 1e+20
32466.21761638859607 1e+20
32466.582106771071267 1e+20
32466.94619665686696 1e+20
32467.311206403595861 1e+20
32467.678785635591339 1e+20
32468.046543171247322 1e+20
32468.413227125889534 1e+20
32468.778113224332628 1e+20
32469.142738409398589 1e+20
32469.507996735141205 1e+20
32469.875175874869456 1e+20
32470.245665643513348 1e+20
32470.620891062953888 1e+20
32471.00237095137345 1e+20
32471.384160992180114 1e+20
32471.76485475485606 1e+20
32472.144880157378793 1e+20
32472.524775194131507 1e+20
32472.904925016082416 1e+20
32473.285937545868364 1e+20
32473.668555434778682 1e+20
32474.053548100142507 1e+20
32474.440184051829419 1e+20
32474.820138069437235 1e+20
32475.196127460956632 1e+20
32475.570497646956937 1e+20
32475.945134812220203 1e+20
32476.316768956534361 1e+20
32476.677760478185519 1e+20
32477.029168513850891 1e+20
32477.371905095955299 1e+20
32477.706793531830044 1e+20
32478.034567677797895 1e+20
32478.355886317665863 1e+20
32478.671345556631422 1e+20
32478.98147735693783 1e+20
32479.286783698811632 1e+20
32479.587730281993572 1e+20
32479.884752631256561 1e+20
32480.178252262452588 1e+20
32480.468619831306569 1e+20
32480.756226127476111 1e+20
32481.041425687410083 1e+20
32481.324558825515851 1e+20
32481.605952959573187 1e+20
32481.885923744070169 1e+20
32482.164776015393727 1e+20
32482.442804694430379 1e+20
32482.720295159790112 1e+20
32482.9975255694917 1e+20
32483.274763791821897 1e+20
32483.552171750849084 1e+20
32483.830024896153191 1e+20
32484.108557460582233 1e+20
32484.387996255863982 1e+20
32484.668558275654505 1e+20
32484.950452946279256 1e+20
32485.23388523347603 1e+20
32485.519057384222833 1e+20
32485.806154118581617 1e+20
32486.095332830693224 1e+20
32486.386733037186787 1e+20
32486.680474760330981 1e+20
32486.976653680678282 1e+20
32487.27533606009456 1e+20
32487.576535699266969 1e+20
32487.880230218077486 1e+20
32488.186378362905089 1e+20
32488.494897375076107 1e+20
32488.805663750059466 1e+20
32489.118517678154603 1e+20
32489.433270697580156 1e+20
32489.749716812249972 1e+20
32490.067646483828867 1e+20
32490.386858124355058 1e+20
32490.707178351680341 1e+20
32491.028480775272328 1e+20
32491.350693011656404 1e+20
32491.673804139714775 1e+20
32491.997871615596523 1e+20
32492.323010511609027 1e+20
32492.649394768697675 1e+20
32492.977264143279172 1e+20
32493.306910140952823 1e+20
32493.638670784799615 1e+20
32493.972928650538961 1e+20
32494.310109897265647 1e+20
32494.650685679334856 1e+20
32494.995176131222252 1e+20
32495.344157001429267 1e+20
32495.698269005788461 1e+20
32496.058229506783391 1e+20
32496.424847638081701 1e+20
32496.790636725894728 1e+20
32497.149292945490743 1e+20
32497.503672519087559 1e+20
32497.856307000180095 1e+20
32498.209271250314487 1e+20
32498.564043287071399 1e+20
32498.919647266797256 1e+20
32499.269010492258531 1e+20
32499.613163595338847 1e+20
32499.953106153618137 1e+20
32500.289765754496329 1e+20
32500.623991577955167 1e+20
32500.956562252122239 1e+20
32501.288195760938834 1e+20
32501.619551667357882 1e+20
32501.951092955176136 1e+20
32502.283266831989749 1e+20
32502.616636343140271 1e+20
32502.951747339648136 1e+20
32502.951747339648136 1e+20
