# Fix print output for fix log_pen
6000.1884822419851844 38.85843836985513633
6000.2339830317278029 38.851367302043271934
6000.2794838214704214 38.844296234231407539
6000.3249846112130399 38.837225166419543143
6000.3704854009547489 38.830154098607678748
6000.4159861906973674 38.823083030795814352
6000.4614869804399859 38.816011962983949957
6000.5069877701826044 38.808940895172085561
6000.5524885599252229 38.801869827360221166
6000.5979893496678415 38.79479875954835677
6000.64349013941046 38.787727691736492375
6000.6889909291530785 38.780656623924627979
6000.7344917188947875 38.773585556112763584
6000.779992508637406 38.766514488300899188
6000.8254932983800245 38.759443420489034793
6000.870994088122643 38.752372352677170397
6000.9164948778652615 38.745301284865306002
6000.96199566760788 38.738230217053441606
6001.0074964573504985 38.731159149241577211
6001.0529972470922075 38.724088081429712815
6001.0984980368348261 38.71701701361784842
6001.1439988265774446 38.709945945805984024
6001.1894996163200631 38.702874877994119629
6001.2350004060626816 38.695803810182255233
6001.2805011958053001 38.688732742370390838
6001.3260019855479186 38.681661674558526443
6001.3715027752905371 38.674590606746662047
6001.4170035650322461 38.667519538934797652
6001.4625043547748646 38.660448471122933256
6001.5080051445174831 38.653377403311068861
6001.5535059342601016 38.646306335499204465
6001.5990067240027201 38.63923526768734007
6001.6445075137453387 38.632164199875475674
6001.6900083034879572 38.625093132063611279
6001.7355090932296662 38.618022064251746883
6001.7810098829722847 38.610950996439882488
6001.8265106727149032 38.603879928628018092
6001.8720114624575217 38.596808860816153697
6001.9175122522001402 38.589737793004289301
6001.9630130419427587 38.582666725192424906
6002.0085138316853772 38.57559565738056051
6002.0540146214270862 38.568524589568696115
6002.0995154111697047 38.561453521756831719
6002.1450162009123233 38.554382453944967324
6002.1905169906549418 38.547311386133102928
6002.2360177803975603 38.540240318321238533
6002.2815185701401788 38.533169250509374137
6002.3270193598827973 38.526098182697509742
6002.3725201496254158 38.519027114885645346
6002.4180209393671248 38.511956047073780951
6002.4635217291097433 38.504884979261916556
6002.5090225188523618 38.49781391145005216
6002.5545233085949803 38.490742843638187765
6002.6000240983375988 38.483671775826323369
6002.6455248880802174 38.476600708014458974
6002.6910256778228359 38.469529640202594578
6002.7365264675645449 38.462458572390730183
6002.7820272573071634 38.455387504578865787
6002.8275280470497819 38.448316436767001392
6002.8730288367924004 38.441245368955136996
6002.9185296265350189 38.434174301143272601
6002.9640304162776374 38.427103233331408205
6003.0095312060202559 38.42003216551954381
6003.0550319957628744 38.412961097707679414
6003.1005327855045834 38.405890029895815019
6003.146033575247202 38.398818962083950623
6003.1915343649898205 38.391747894272086228
6003.237035154732439 38.384676826460221832
6003.2825359444750575 38.377605758648357437
6003.328036734217676 38.370534690836493041
6003.3735375239602945 38.363463623024628646
6003.4190383137020035 38.35639255521276425
6003.464539103444622 38.349321487400899855
6003.5100398931872405 38.342250419589035459
6003.555540682929859 38.335179351777171064
6003.6010414726724775 38.328108283965306669
6003.646542262415096 38.321037216153442273
6003.6920430521577146 38.313966148341577878
6003.7375438419003331 38.306895080529713482
6003.7830446316420421 38.299824012717849087
6003.8285454213846606 38.292752944905984691
6003.8740462111272791 38.285681877094120296
6003.9195470008698976 38.2786108092822559
6003.9650477906125161 38.271539741470391505
6004.0105485803551346 38.264468673658527109
6004.0560493700977531 38.257397605846662714
6004.1015501598394621 38.250326538034798318
6004.1470509495820806 38.243255470222933923
6004.1925517393246992 38.236184402411069527
6004.2380525290673177 38.229113334599205132
6004.2835533188099362 38.222042266787340736
6004.3290541085525547 38.214971198975476341
6004.3745548982951732 38.207900131163611945
6004.4200556880377917 38.20082906335174755
6004.4655564777795007 38.193757995539883154
6004.5110572675221192 38.186686927728018759
6004.5565580572647377 38.179615859916154363
6004.6020588470073562 38.172544792104289968
6004.6475596367499747 38.165473724292425572
6004.6930604264925933 38.158402656480561177
6004.7385612162352118 38.151331588668696781
6004.7840620059769208 38.144260520856832386
6004.8295627957195393 38.137189453044967991
6004.8750635854621578 38.130118385233103595
6004.9205643752047763 38.1230473174212392
6004.9660651649473948 38.115976249609374804
6005.0115659546900133 38.108905181797510409
6005.0570667444326318 38.101834113985646013
6005.1025675341752503 38.094763046173781618
6005.1480683239169593 38.087691978361917222
6005.1935691136595779 38.080620910550052827
6005.2390699034021964 38.073549842738188431
6005.2845706931448149 38.066478774926324036
6005.3300714828874334 38.05940770711445964
6005.3755722726300519 38.052336639302595245
6005.4210730623726704 38.045265571490730849
6005.4665738521143794 38.038194503678866454
6005.5120746418569979 38.031123435867002058
6005.5575754315996164 38.024052368055137663
6005.6030762213422349 38.016981300243273267
6005.6485770110848534 38.009910232431408872
6005.6940778008274719 38.002839164619544476
6005.7395785905700905 37.995768096807680081
6005.7850793803117995 37.988697028995815685
6005.830580170054418 37.98162596118395129
6005.8760809597970365 37.974554893372086894
6005.921581749539655 37.967483825560222499
6005.9670825392822735 37.960412757748358104
6006.012583329024892 37.953341689936493708
6006.0580841187675105 37.946270622124629313
6006.103584908510129 37.939199554312764917
6006.149085698251838 37.932128486500900522
6006.1945864879944565 37.925057418689036126
6006.2400872777370751 37.917986350877171731
6006.2855880674796936 37.910915283065307335
6006.3310888572223121 37.90384421525344294
6006.3765896469649306 37.896773147441578544
6006.4220904367075491 37.889702079629714149
6006.4675912264492581 37.882631011817849753
6006.5130920161918766 37.875559944005985358
6006.5585928059344951 37.868488876194120962
6006.6040935956771136 37.861417808382256567
6006.6495943854197321 37.854346740570392171
6006.6950951751623506 37.847275672758527776
6006.7405959649049692 37.84020460494666338
6006.7860967546475877 37.833133537134798985
6006.8315975443892967 37.826062469322934589
6006.8770983341319152 37.818991401511070194
6006.9225991238745337 37.811920333699205798
6006.9680999136171522 37.804849265887341403
6007.0136007033597707 37.797778198075477007
6007.0591014931023892 37.790707130263612612
6007.1046022828450077 37.783636062451748217
6007.1501030725867167 37.776564994639883821
6007.1956038623293352 37.769493926828019426
6007.2411046520719538 37.76242285901615503
6007.2866054418145723 37.755351791204290635
6007.3321062315571908 37.748280723392426239
6007.3776070212998093 37.741209655580561844
6007.4231078110424278 37.734138587768697448
6007.4686086007850463 37.727067519956833053
6007.5141093905267553 37.719996452144968657
6007.5596101802693738 37.712925384333104262
6007.6051109700119923 37.705854316521239866
6007.6506117597546108 37.698783248709375471
6007.6961125494972293 37.691712180897511075
6007.7416133392398478 37.68464111308564668
6007.7871141289824664 37.677570045273782284
6007.8326149187241754 37.670498977461917889
6007.8781157084667939 37.663427909650053493
6007.9236164982094124 37.656356841838189098
6007.9691172879520309 37.649285774026324702
6008.0146180776946494 37.642214706214460307
6008.0601188674372679 37.635143638402595911
6008.1056196571798864 37.628072570590731516
6008.1511204469225049 37.62100150277886712
6008.1966212366642139 37.613930434967002725
6008.2421220264068324 37.60685936715513833
6008.287622816149451 37.599788299343273934
6008.3331236058920695 37.592717231531409539
6008.378624395634688 37.585646163719545143
6008.4241251853773065 37.578575095907680748
6008.469625975119925 37.571504028095816352
6008.515126764861634 37.564432960283951957
6008.5606275546042525 37.557361892472087561
6008.606128344346871 37.550290824660223166
6008.6516291340894895 37.54321975684835877
6008.697129923832108 37.536148689036494375
6008.7426307135747265 37.529077621224629979
6008.7881315033173451 37.522006553412765584
6008.8336322930590541 37.514935485600901188
6008.8791330828016726 37.507864417789036793
6008.9246338725442911 37.500793349977172397
6008.9701346622869096 37.493722282165308002
6009.0156354520295281 37.486651214353443606
6009.0611362417721466 37.479580146541579211
6009.1066370315147651 37.472509078729714815
6009.1521378212573836 37.46543801091785042
6009.1976386109990926 37.458366943105986024
6009.2431394007417111 37.451295875294121629
6009.2886401904843297 37.444224807482257233
6009.3341409802269482 37.437153739670392838
6009.3796417699695667 37.430082671858528442
6009.4251425597121852 37.423011604046664047
6009.4706433494548037 37.415940536234799652
6009.5161441391965127 37.408869468422935256
6009.5616449289391312 37.401798400611070861
6009.6071457186817497 37.394727332799206465
6009.6526465084243682 37.38765626498734207
6009.6981472981669867 37.380585197175477674
6009.7436480879096052 37.373514129363613279
6009.7891488776522237 37.366443061551748883
6009.8346496673948423 37.359371993739884488
6009.8801504571365513 37.352300925928020092
6009.9256512468791698 37.345229858116155697
6009.9711520366217883 37.338158790304291301
6010.0166528263644068 37.331087722492426906
6010.0621536161070253 37.32401665468056251
6010.1076544058496438 37.316945586868698115
6010.1531551955922623 37.309874519056833719
6010.1986559853339713 37.302803451244969324
6010.2441567750765898 37.295732383433104928
6010.2896575648192083 37.288661315621240533
6010.3351583545618269 37.281590247809376137
6010.3806591443044454 37.274519179997511742
6010.4261599340470639 37.267448112185647346
6010.4716607237896824 37.260377044373782951
6010.5171615135323009 37.253305976561918555
6010.5626623032740099 37.24623490875005416
6010.6081630930166284 37.239163840938189765
6010.6536638827592469 37.232092773126325369
6010.6991646725018654 37.225021705314460974
6010.7446654622444839 37.217950637502596578
6010.7901662519871024 37.210879569690732183
6010.8356670417297209 37.203808501878867787
6010.88116783147143 37.196737434067003392
6010.9266686212140485 37.189666366255138996
6010.972169410956667 37.182595298443274601
6011.0176702006992855 37.175524230631410205
6011.063170990441904 37.16845316281954581
6011.1086717801845225 37.161382095007681414
6011.154172569927141 37.154311027195817019
6011.1996733596697595 37.147239959383952623
6011.2451741494114685 37.140168891572088228
6011.290674939154087 37.133097823760223832
6011.3361757288967056 37.126026755948359437
6011.3816765186393241 37.118955688136495041
6011.4271773083819426 37.111884620324630646
6011.4726780981245611 37.10481355251276625
6011.5181788878671796 37.097742484700901855
6011.5636796776088886 37.090671416889037459
6011.6091804673515071 37.083600349077173064
6011.6546812570941256 37.076529281265308668
6011.7001820468367441 37.069458213453444273
6011.7456828365793626 37.062387145641579878
6011.7911836263219811 37.055316077829715482
6011.8366844160645996 37.048245010017851087
6011.8821852058072182 37.041173942205986691
6011.9276859955489272 37.034102874394122296
6011.9731867852915457 37.0270318065822579
6012.0186875750341642 37.019960738770393505
6012.0641883647767827 37.012889670958529109
6012.1096891545194012 37.005818603146664714
6012.1551899442620197 36.998747535334800318
6012.2006907340046382 36.991676467522935923
6012.2461915237463472 36.984605399711071527
6012.2916923134889657 36.977534331899207132
6012.3371931032315842 36.970463264087342736
6012.3826938929742028 36.963392196275478341
6012.4281946827168213 36.956321128463613945
6012.4736954724594398 36.94925006065174955
6012.5191962622020583 36.942178992839885154
6012.5646970519437673 36.935107925028020759
6012.6101978416863858 36.928036857216156363
6012.6556986314290043 36.920965789404291968
6012.7011994211716228 36.913894721592427572
6012.7467002109142413 36.906823653780563177
6012.7922010006568598 36.899752585968698781
6012.8377017903994783 36.892681518156834386
6012.8832025801420968 36.885610450344969991
6012.9287033698838059 36.878539382533105595
6012.9742041596264244 36.8714683147212412
6013.0197049493690429 36.864397246909376804
6013.0652057391116614 36.857326179097512409
6013.1107065288542799 36.850255111285648013
6013.1562073185968984 36.843184043473783618
6013.2017081083395169 36.836112975661919222
6013.2472088980812259 36.829041907850054827
6013.2927096878238444 36.821970840038190431
6013.3382104775664629 36.814899772226326036
6013.3837112673090814 36.80782870441446164
6013.4292120570517 36.800757636602597245
6013.4747128467943185 36.793686568790732849
6013.520213636536937 36.786615500978868454
6013.5657144262795555 36.779544433167004058
6013.6112152160212645 36.772473365355139663
6013.656716005763883 36.765402297543275267
6013.7022167955065015 36.758331229731410872
6013.74771758524912 36.751260161919546476
6013.7932183749917385 36.744189094107682081
6013.838719164734357 36.737118026295817685
6013.8842199544769755 36.73004695848395329
6013.9297207442186846 36.722975890672088894
6013.9752215339613031 36.715904822860224499
6014.0207223237039216 36.708833755048360104
6014.0662231134465401 36.701762687236495708
6014.1117239031891586 36.694691619424631313
6014.1572246929317771 36.687620551612766917
6014.2027254826743956 36.680549483800902522
6014.2482262724170141 36.673478415989038126
6014.2937270621587231 36.666407348177173731
6014.3392278519013416 36.659336280365309335
6014.3847286416439601 36.65226521255344494
6014.4302294313865787 36.645194144741580544
6014.4757302211291972 36.638123076929716149
6014.5212310108718157 36.631052009117851753
6014.5667318006144342 36.623980941305987358
6014.6122325903561432 36.616909873494122962
6014.6577333800987617 36.609838805682258567
6014.7032341698413802 36.602767737870394171
6014.7487349595839987 36.595696670058529776
6014.7942357493266172 36.58862560224666538
6014.8397365390692357 36.581554534434800985
6014.8852373288118542 36.574483466622936589
6014.9307381185544727 36.567412398811072194
6014.9762389082961818 36.560341330999207798
6015.0217396980388003 36.553270263187343403
6015.0672404877814188 36.546199195375479007
6015.1127412775240373 36.539128127563614612
6015.1582420672666558 36.532057059751750216
6015.2037428570092743 36.524985991939885821
6015.2492436467518928 36.517914924128021426
6015.2947444364936018 36.51084385631615703
6015.3402452262362203 36.503772788504292635
6015.3857460159788388 36.496701720692428239
6015.4312468057214573 36.489630652880563844
6015.4767475954640759 36.482559585068699448
6015.5222483852066944 36.475488517256835053
6015.5677491749493129 36.468417449444970657
6015.6132499646910219 36.461346381633106262
6015.6587507544336404 36.454275313821241866
6015.7042515441762589 36.447204246009377471
6015.7497523339188774 36.440133178197513075
6015.7952531236614959 36.43306211038564868
6015.8407539134041144 36.425991042573784284
6015.8862547031467329 36.418919974761919889
6015.9317554928893514 36.411848906950055493
6015.9772562826310605 36.404777839138191098
6016.022757072373679 36.397706771326326702
6016.0682578621162975 36.390635703514462307
6016.113758651858916 36.383564635702597911
6016.1592594416015345 36.376493567890733516
6016.204760231344153 36.36942250007886912
6016.2502610210867715 36.362351432267004725
6016.2957618108284805 36.355280364455140329
6016.341262600571099 36.348209296643275934
6016.3867633903137175 36.341138228831411539
6016.432264180056336 36.334067161019547143
6016.4777649697989546 36.326996093207682748
6016.5232657595415731 36.319925025395818352
6016.5687665492841916 36.312853957583953957
6016.6142673390268101 36.305782889772089561
6016.6597681287685191 36.298711821960225166
6016.7052689185111376 36.29164075414836077
6016.7507697082537561 36.284569686336496375
6016.7962704979963746 36.277498618524631979
6016.8417712877389931 36.270427550712767584
6016.8872720774816116 36.263356482900903188
6016.9327728672242301 36.256285415089038793
6016.9782736569659392 36.249214347277174397
6017.0237744467085577 36.242143279465310002
6017.0692752364511762 36.235072211653445606
6017.1147760261937947 36.228001143841581211
6017.1602768159364132 36.220930076029716815
6017.2057776056790317 36.21385900821785242
6017.2512783954216502 36.206787940405988024
6017.2967791851642687 36.199716872594123629
6017.3422799749059777 36.192645804782259233
6017.3877807646485962 36.185574736970394838
6017.4332815543912147 36.178503669158530442
6017.4787823441338332 36.171432601346666047
6017.5242831338764518 36.164361533534801652
6017.5697839236190703 36.157290465722937256
6017.6152847133616888 36.150219397911072861
6017.6607855031033978 36.143148330099208465
6017.7062862928460163 36.13607726228734407
6017.7517870825886348 36.129006194475479674
6017.7972878723312533 36.121935126663615279
6017.8427886620738718 36.114864058851750883
6017.8882894518164903 36.107792991039886488
6017.9337902415591088 36.100721923228022092
6017.9792910313017273 36.093650855416157697
6018.0247918210434364 36.086579787604293301
6018.0702926107860549 36.079508719792428906
6018.1157934005286734 36.07243765198056451
6018.1612941902712919 36.065366584168700115
6018.2067949800139104 36.058295516356835719
6018.2522957697565289 36.051224448544971324
6018.2977965594991474 36.044153380733106928
6018.3432973492408564 36.037082312921242533
6018.3887981389834749 36.030011245109378137
6018.4342989287260934 36.022940177297513742
6018.4797997184687119 36.015869109485649346
6018.5253005082113305 36.008798041673784951
6018.570801297953949 36.001726973861920555
6018.6163020876965675 35.99465590605005616
6018.661802877439186 35.987584838238191765
6018.707303667180895 35.980513770426327369
6018.7528044569235135 35.973442702614462974
6018.798305246666132 35.966371634802598578
6018.8438060364087505 35.959300566990734183
6018.889306826151369 35.952229499178869787
6018.9348076158939875 35.945158431367005392
6018.980308405636606 35.938087363555140996
6019.0258091953783151 35.931016295743276601
6019.0713099851209336 35.923945227931412205
6019.1168107748635521 35.91687416011954781
6019.1623115646061706 35.909803092307683414
6019.2078123543487891 35.902732024495819019
6019.2533131440914076 35.895660956683954623
6019.2988139338340261 35.888589888872090228
6019.3443147235757351 35.881518821060225832
6019.3898155133183536 35.874447753248361437
6019.4353163030609721 35.867376685436497041
6019.4808170928035906 35.860305617624632646
6019.5263178825462091 35.85323454981276825
6019.5718186722888277 35.846163482000903855
6019.6173194620314462 35.839092414189039459
6019.6628202517740647 35.832021346377175064
6019.7083210415157737 35.824950278565310668
6019.7538218312583922 35.817879210753446273
6019.7993226210010107 35.810808142941581877
6019.8448234107436292 35.803737075129717482
6019.8903242004862477 35.796666007317853087
6019.9358249902288662 35.789594939505988691
6019.9813257799714847 35.782523871694124296
6020.0268265697131937 35.7754528038822599
6020.0723273594558123 35.768381736070395505
6020.1178281491984308 35.761310668258531109
6020.1633289389410493 35.754239600446666714
6020.2088297286836678 35.747168532634802318
6020.2543305184262863 35.740097464822937923
6020.2998313081689048 35.733026397011073527
6020.3453320979115233 35.725955329199209132
6020.3908328876532323 35.718884261387344736
6020.4363336773958508 35.711813193575480341
6020.4818344671384693 35.704742125763615945
6020.5273352568810878 35.69767105795175155
6020.5728360466237064 35.690599990139887154
6020.6183368363663249 35.683528922328022759
6020.6638376261089434 35.676457854516158363
6020.7093384158506524 35.669386786704293968
6020.7548392055932709 35.662315718892429572
6020.8003399953358894 35.655244651080565177
6020.8458407850785079 35.648173583268700781
6020.8913415748211264 35.641102515456836386
6020.9368423645637449 35.63403144764497199
6020.9823431543063634 35.626960379833107595
6021.0278439440489819 35.6198893120212432
6021.073344733790691 35.612818244209378804
6021.1188455235333095 35.605747176397514409
6021.164346313275928 35.598676108585650013
6021.2098471030185465 35.591605040773785618
6021.255347892761165 35.584533972961921222
6021.3008486825037835 35.577462905150056827
6021.346349472246402 35.570391837338192431
6021.391850261988111 35.563320769526328036
6021.4373510517307295 35.55624970171446364
6021.482851841473348 35.549178633902599245
6021.5283526312159665 35.542107566090734849
6021.573853420958585 35.535036498278870454
6021.6193542107012036 35.527965430467006058
6021.6648550004438221 35.520894362655141663
6021.7103557901864406 35.513823294843277267
6021.7558565799281496 35.506752227031412872
6021.8013573696707681 35.499681159219548476
6021.8468581594133866 35.492610091407684081
6021.8923589491560051 35.485539023595819685
6021.9378597388986236 35.47846795578395529
6021.9833605286412421 35.471396887972090894
6022.0288613183838606 35.464325820160226499
6022.0743621081255696 35.457254752348362103
6022.1198628978681882 35.450183684536497708
6022.1653636876108067 35.443112616724633313
6022.2108644773534252 35.436041548912768917
6022.2563652670960437 35.428970481100904522
6022.3018660568386622 35.421899413289040126
6022.3473668465812807 35.414828345477175731
6022.3473668465812807 35.414828345477175731
6022.3473668465812807 35.414828345477175731
6022.3473668465812807 35.414828345477175731
6022.3473668465812807 35.414828345477175731
6022.3473668465812807 35.414828345477175731
6022.3928676363238992 35.407757277665311335
6022.4383684260665177 35.40068620985344694
6022.4838692158091362 35.393615142041582544
6022.5293700055508452 35.386544074229718149
6022.5748707952934637 35.379473006417853753
6022.6203715850360823 35.372401938605989358
6022.6658723747787008 35.365330870794124962
6022.7113731645213193 35.358259802982260567
6022.7568739542639378 35.351188735170396171
6022.8023747440065563 35.344117667358531776
6022.8478755337491748 35.33704659954666738
6022.8933763234908838 35.329975531734802985
6022.9388771132335023 35.322904463922938589
6022.9843779029761208 35.315833396111074194
6023.0298786927187393 35.308762328299209798
6023.0753794824613578 35.301691260487345403
6023.1208802722039763 35.294620192675481007
6023.1663810619465949 35.287549124863616612
6023.2118818516883039 35.280478057051752216
6023.2573826414309224 35.273406989239887821
6023.3028834311735409 35.266335921428023426
6023.3483842209161594 35.25926485361615903
6023.3938850106587779 35.252193785804294635
6023.4393858004013964 35.245122717992430239
6023.4848865901440149 35.238051650180565844
6023.5303873798866334 35.230980582368701448
6023.5758881696283424 35.223909514556837053
6023.6213889593709609 35.216838446744972657
6023.6668897491135795 35.209767378933108262
6023.712390538856198 35.202696311121243866
6023.7578913285988165 35.195625243309379471
6023.803392118341435 35.188554175497515075
6023.8488929080840535 35.18148310768565068
6023.8943936978257625 35.174412039873786284
6023.939894487568381 35.167340972061921889
6023.9853952773109995 35.160269904250057493
6024.030896067053618 35.153198836438193098
6024.0763968567962365 35.146127768626328702
6024.121897646538855 35.139056700814464307
6024.1673984362814736 35.131985633002599911
6024.2128992260231826 35.124914565190735516
6024.2584000157658011 35.11784349737887112
6024.3039008055084196 35.110772429567006725
6024.3494015952510381 35.103701361755142329
6024.3949023849936566 35.096630293943277934
6024.4404031747362751 35.089559226131413538
6024.4859039644788936 35.082488158319549143
6024.5314047542215121 35.075417090507684748
6024.5769055439632211 35.068346022695820352
6024.6224063337058396 35.061274954883955957
6024.6679071234484582 35.054203887072091561
6024.7134079131910767 35.047132819260227166
6024.7589087029336952 35.04006175144836277
6024.8044094926763137 35.032990683636498375
6024.8499102824189322 35.025919615824633979
6024.8954110721606412 35.018848548012769584
6024.9409118619032597 35.011777480200905188
6024.9864126516458782 35.004706412389040793
6025.0319134413884967 34.997635344577176397
6025.0774142311311152 34.990564276765312002
6025.1229150208737337 34.983493208953447606
6025.1684158106163522 34.976422141141583211
6025.2139166003589708 34.969351073329718815
6025.2594173901006798 34.96228000551785442
6025.3049181798432983 34.955208937705990024
6025.3504189695859168 34.948137869894125629
6025.3959197593285353 34.941066802082261233
6025.4414205490711538 34.933995734270396838
6025.4869213388137723 34.926924666458532442
6025.5324221285563908 34.919853598646668047
6025.5779229182980998 34.912782530834803651
6025.6234237080407183 34.905711463022939256
6025.6689244977833368 34.898640395211074861
6025.7144252875259554 34.891569327399210465
6025.7599260772685739 34.88449825958734607
6025.8054268670111924 34.877427191775481674
6025.8509276567538109 34.870356123963617279
6025.8964284464964294 34.863285056151752883
6025.9419292362381384 34.856213988339888488
6025.9874300259807569 34.849142920528024092
6026.0329308157233754 34.842071852716159697
6026.0784316054659939 34.835000784904295301
6026.1239323952086124 34.827929717092430906
6026.1694331849512309 34.82085864928056651
6026.2149339746938494 34.813787581468702115
6026.2604347644355585 34.806716513656837719
6026.305935554178177 34.799645445844973324
6026.3514363439207955 34.792574378033108928
6026.396937133663414 34.785503310221244533
6026.4424379234060325 34.778432242409380137
6026.487938713148651 34.771361174597515742
6026.5334395028912695 34.764290106785651346
6026.578940292633888 34.757219038973786951
6026.624441082375597 34.750147971161922555
6026.6699418721182155 34.74307690335005816
6026.7154426618608341 34.736005835538193764
6026.7609434516034526 34.728934767726329369
6026.8064442413460711 34.721863699914464974
6026.8519450310886896 34.714792632102600578
6026.8974458208313081 34.707721564290736183
6026.9429466105730171 34.700650496478871787
6026.9884474003156356 34.693579428667007392
6027.0339481900582541 34.686508360855142996
6027.0794489798008726 34.679437293043278601
6027.1249497695434911 34.672366225231414205
6027.1704505592861096 34.66529515741954981
6027.2159513490287281 34.658224089607685414
6027.2614521387713467 34.651153021795821019
6027.3069529285130557 34.644081953983956623
6027.3524537182556742 34.637010886172092228
6027.3979545079982927 34.629939818360227832
6027.4434552977409112 34.622868750548363437
6027.4889560874835297 34.615797682736499041
6027.5344568772261482 34.608726614924634646
6027.5799576669687667 34.60165554711277025
6027.6254584567104757 34.594584479300905855
6027.6709592464530942 34.587513411489041459
6027.7164600361957127 34.580442343677177064
6027.7619608259383313 34.573371275865312668
6027.8074616156809498 34.566300208053448273
6027.8529624054235683 34.559229140241583877
6027.8984631951661868 34.552158072429719482
6027.9439639849078958 34.545087004617855087
6027.9894647746505143 34.538015936805990691
6028.0349655643931328 34.530944868994126296
6028.0804663541357513 34.5238738011822619
6028.1259671438783698 34.516802733370397505
6028.1714679336209883 34.509731665558533109
6028.2169687233636068 34.502660597746668714
6028.2624695131062253 34.495589529934804318
6028.3079703028479344 34.488518462122939923
6028.3534710925905529 34.481447394311075527
6028.3989718823331714 34.474376326499211132
6028.4444726720757899 34.467305258687346736
6028.4899734618184084 34.460234190875482341
6028.5354742515610269 34.453163123063617945
6028.5809750413036454 34.44609205525175355
6028.6264758310453544 34.439020987439889154
6028.6719766207879729 34.431949919628024759
6028.7174774105305914 34.424878851816160363
6028.7629782002732099 34.417807784004295968
6028.8084789900158285 34.410736716192431572
6028.853979779758447 34.403665648380567177
6028.8994805695010655 34.396594580568702781
6028.944981359243684 34.389523512756838386
6028.990482148985393 34.38245244494497399
6029.0359829387280115 34.375381377133109595
6029.08148372847063 34.368310309321245199
6029.1269845182132485 34.361239241509380804
6029.172485307955867 34.354168173697516409
6029.2179860976984855 34.347097105885652013
6029.263486887441104 34.340026038073787618
6029.3089876771828131 34.332954970261923222
6029.3544884669254316 34.325883902450058827
6029.3999892566680501 34.318812834638194431
6029.4454900464106686 34.311741766826330036
6029.4909908361532871 34.30467069901446564
6029.5364916258959056 34.297599631202601245
6029.5819924156385241 34.290528563390736849
6029.6274932053811426 34.283457495578872454
6029.6729939951228516 34.276386427767008058
6029.7184947848654701 34.269315359955143663
6029.7639955746080886 34.262244292143279267
6029.8094963643507072 34.255173224331414872
6029.8549971540933257 34.248102156519550476
6029.9004979438359442 34.241031088707686081
6029.9459987335785627 34.233960020895821685
6029.9914995233202717 34.22688895308395729
6030.0370003130628902 34.219817885272092894
6030.0825011028055087 34.212746817460228499
6030.1280018925481272 34.205675749648364103
6030.1735026822907457 34.198604681836499708
6030.2190034720333642 34.191533614024635312
6030.2645042617759827 34.184462546212770917
6030.3100050515186012 34.177391478400906522
6030.3555058412603103 34.170320410589042126
6030.4010066310029288 34.163249342777177731
6030.4465074207455473 34.156178274965313335
6030.4920082104881658 34.14910720715344894
6030.5375090002307843 34.142036139341584544
6030.5830097899734028 34.134965071529720149
6030.6285105797160213 34.127894003717855753
6030.6740113694577303 34.120822935905991358
6030.7195121592003488 34.113751868094126962
6030.7650129489429673 34.106680800282262567
6030.8105137386855858 34.099609732470398171
6030.8560145284282044 34.092538664658533776
6030.9015153181708229 34.08546759684666938
6030.9470161079134414 34.078396529034804985
6030.9925168976551504 34.071325461222940589
6031.0380176873977689 34.064254393411076194
6031.0835184771403874 34.057183325599211798
6031.1290192668830059 34.050112257787347403
6031.1745200566256244 34.043041189975483007
6031.2200208463682429 34.035970122163618612
6031.2655216361108614 34.028899054351754216
6031.3110224258534799 34.021827986539889821
6031.356523215595189 34.014756918728025425
6031.4020240053378075 34.00768585091616103
6031.447524795080426 34.000614783104296635
6031.4930255848230445 33.993543715292432239
6031.538526374565663 33.986472647480567844
6031.5840271643082815 33.979401579668703448
6031.6295279540509 33.972330511856839053
6031.675028743792609 33.965259444044974657
6031.7205295335352275 33.958188376233110262
6031.766030323277846 33.951117308421245866
6031.8115311130204645 33.944046240609381471
6031.8570319027630831 33.936975172797517075
6031.9025326925057016 33.92990410498565268
6031.9480334822483201 33.922833037173788284
6031.9935342719909386 33.915761969361923889
6032.0390350617326476 33.908690901550059493
6032.0845358514752661 33.901619833738195098
6032.1300366412178846 33.894548765926330702
6032.1755374309605031 33.887477698114466307
6032.2210382207031216 33.880406630302601911
6032.2665390104457401 33.873335562490737516
6032.3120398001883586 33.86626449467887312
6032.3575405899300677 33.859193426867008725
6032.4030413796726862 33.852122359055144329
6032.4485421694153047 33.845051291243279934
6032.4940429591579232 33.837980223431415538
6032.5395437489005417 33.830909155619551143
6032.5850445386431602 33.823838087807686748
6032.6305453283857787 33.816767019995822352
6032.6760461181283972 33.809695952183957957
6032.7215469078701062 33.802624884372093561
6032.7670476976127247 33.795553816560229166
6032.8125484873553432 33.78848274874836477
6032.8580492770979617 33.781411680936500375
6032.9035500668405803 33.774340613124635979
6032.9490508565831988 33.767269545312771584
6032.9945516463258173 33.760198477500907188
6033.0400524360675263 33.753127409689042793
6033.0855532258101448 33.746056341877178397
6033.1310540155527633 33.738985274065314002
6033.1765548052953818 33.731914206253449606
6033.2220555950380003 33.724843138441585211
6033.2675563847806188 33.717772070629720815
6033.3130571745232373 33.71070100281785642
6033.3585579642658558 33.703629935005992024
6033.4040587540075649 33.696558867194127629
6033.4495595437501834 33.689487799382263233
6033.4950603334928019 33.682416731570398838
6033.5405611232354204 33.675345663758534442
6033.5860619129780389 33.668274595946670047
6033.6315627027206574 33.661203528134805651
6033.6770634924632759 33.654132460322941256
6033.7225642822049849 33.647061392511076861
6033.7680650719476034 33.639990324699212465
6033.8135658616902219 33.63291925688734807
6033.8590666514328404 33.625848189075483674
6033.904567441175459 33.618777121263619279
6033.9500682309180775 33.611706053451754883
6033.995569020660696 33.604634985639890488
6034.0410698104033145 33.597563917828026092
6034.0865706001450235 33.590492850016161697
6034.132071389887642 33.583421782204297301
6034.1775721796302605 33.576350714392432906
6034.223072969372879 33.56927964658056851
6034.2685737591154975 33.562208578768704115
6034.314074548858116 33.555137510956839719
6034.3595753386007345 33.548066443144975324
6034.4050761283424436 33.540995375333110928
6034.4505769180850621 33.533924307521246533
6034.4960777078276806 33.526853239709382137
6034.5415784975702991 33.519782171897517742
6034.5870792873129176 33.512711104085653346
6034.6325800770555361 33.505640036273788951
6034.6780808667981546 33.498568968461924555
6034.7235816565398636 33.49149790065006016
6034.7690824462824821 33.484426832838195764
6034.8145832360251006 33.477355765026331369
6034.8600840257677191 33.470284697214466973
6034.9055848155103376 33.463213629402602578
6034.9510856052529562 33.456142561590738183
6034.9965863949955747 33.449071493778873787
6035.0420871847381932 33.442000425967009392
6035.0875879744799022 33.434929358155144996
6035.1330887642225207 33.427858290343280601
6035.1785895539651392 33.420787222531416205
6035.2240903437077577 33.41371615471955181
6035.2695911334503762 33.406645086907687414
6035.3150919231929947 33.399574019095823019
6035.3605927129356132 33.392502951283958623
6035.4060935026773222 33.385431883472094228
6035.4515942924199408 33.378360815660229832
6035.4970950821625593 33.371289747848365437
6035.5425958719051778 33.364218680036501041
6035.5880966616477963 33.357147612224636646
6035.6335974513904148 33.35007654441277225
6035.6790982411330333 33.343005476600907855
6035.7245990308756518 33.335934408789043459
6035.7700998206173608 33.328863340977179064
6035.8156006103599793 33.321792273165314668
6035.8611014001025978 33.314721205353450273
6035.9066021898452163 33.307650137541585877
6035.9521029795878349 33.300579069729721482
6035.9976037693304534 33.293508001917857086
6036.0431045590730719 33.286436934105992691
6036.0886053488147809 33.279365866294128296
6036.1341061385573994 33.2722947984822639
6036.1796069283000179 33.265223730670399505
6036.2251077180426364 33.258152662858535109
6036.2706085077852549 33.251081595046670714
6036.3161092975278734 33.244010527234806318
6036.3616100872704919 33.236939459422941923
6036.4071108770131104 33.229868391611077527
6036.4526116667548195 33.222797323799213132
6036.498112456497438 33.215726255987348736
6036.5436132462400565 33.208655188175484341
6036.589114035982675 33.201584120363619945
6036.6346148257252935 33.19451305255175555
6036.680115615467912 33.187441984739891154
6036.7256164052105305 33.180370916928026759
6036.7711171949522395 33.173299849116162363
6036.816617984694858 33.166228781304297968
6036.8621187744374765 33.159157713492433572
6036.907619564180095 33.152086645680569177
6036.9531203539227135 33.145015577868704781
6036.9986211436653321 33.137944510056840386
6037.0441219334079506 33.13087344224497599
6037.0896227231505691 33.123802374433111595
6037.1351235128922781 33.116731306621247199
6037.1806243026348966 33.109660238809382804
6037.2261250923775151 33.102589170997518409
6037.2716258821201336 33.095518103185654013
6037.3171266718627521 33.088447035373789618
6037.3626274616053706 33.081375967561925222
6037.4081282513479891 33.074304899750060827
6037.4536290410896981 33.067233831938196431
6037.4991298308323167 33.060162764126332036
6037.5446306205749352 33.05309169631446764
6037.5901314103175537 33.046020628502603245
6037.6356322000601722 33.038949560690738849
6037.6811329898027907 33.031878492878874454
6037.7266337795454092 33.024807425067010058
6037.7721345692871182 33.017736357255145663
6037.8176353590297367 33.010665289443281267
6037.8631361487723552 33.003594221631416872
6037.9086369385149737 32.996523153819552476
6037.9541377282575922 32.989452086007688081
6037.9996385180002108 32.982381018195823685
6038.0451393077428293 32.97530995038395929
6038.0906400974854478 32.968238882572094894
6038.1361408872271568 32.961167814760230499
6038.1816416769697753 32.954096746948366103
6038.2271424667123938 32.947025679136501708
6038.2726432564550123 32.939954611324637312
6038.3181440461976308 32.932883543512772917
6038.3636448359402493 32.925812475700908522
6038.4091456256828678 32.918741407889044126
6038.4546464154245768 32.911670340077179731
6038.5001472051671954 32.904599272265315335
6038.5456479949098139 32.89752820445345094
6038.5911487846524324 32.890457136641586544
6038.6366495743950509 32.883386068829722149
6038.6821503641376694 32.876315001017857753
6038.7276511538802879 32.869243933205993358
6038.7731519436229064 32.862172865394128962
6038.8186527333646154 32.855101797582264567
6038.8641535231072339 32.848030729770400171
6038.9096543128498524 32.840959661958535776
6038.9551551025924709 32.83388859414667138
6039.0006558923350894 32.826817526334806985
6039.046156682077708 32.819746458522942589
6039.0916574718203265 32.812675390711078194
6039.1371582615620355 32.805604322899213798
6039.182659051304654 32.798533255087349403
6039.2281598410472725 32.791462187275485007
6039.273660630789891 32.784391119463620612
6039.3191614205325095 32.777320051651756216
6039.364662210275128 32.770248983839891821
6039.4101630000177465 32.763177916028027425
6039.455663789760365 32.75610684821616303
6039.501164579502074 32.749035780404298634
6039.5466653692446926 32.741964712592434239
6039.5921661589873111 32.734893644780569844
6039.6376669487299296 32.727822576968705448
6039.6831677384725481 32.720751509156841053
6039.7286685282151666 32.713680441344976657
6039.7741693179577851 32.706609373533112262
6039.8196701076994941 32.699538305721247866
6039.8651708974421126 32.692467237909383471
6039.9106716871847311 32.685396170097519075
6039.9561724769273496 32.67832510228565468
6040.0016732666699681 32.671254034473790284
6040.0471740564125867 32.664182966661925889
6040.0926748461552052 32.657111898850061493
6040.1381756358978237 32.650040831038197098
6040.1836764256395327 32.642969763226332702
6040.2291772153821512 32.635898695414468307
6040.2746780051247697 32.628827627602603911
6040.3201787948673882 32.621756559790739516
6040.3656795846100067 32.61468549197887512
6040.4111803743526252 32.607614424167010725
6040.4566811640952437 32.600543356355146329
6040.5021819538369527 32.593472288543281934
6040.5476827435795713 32.586401220731417538
6040.5931835333221898 32.579330152919553143
6040.6386843230648083 32.572259085107688747
6040.6841851128074268 32.565188017295824352
6040.7296859025500453 32.558116949483959957
6040.7751866922926638 32.551045881672095561
6040.8206874820352823 32.543974813860231166
6040.8661882717769913 32.53690374604836677
6040.9116890615196098 32.529832678236502375
6040.9571898512622283 32.522761610424637979
6041.0026906410048468 32.515690542612773584
6041.0481914307474653 32.508619474800909188
6041.0936922204900839 32.501548406989044793
6041.1391930102327024 32.494477339177180397
6041.1846937999744114 32.487406271365316002
6041.2301945897170299 32.480335203553451606
6041.2756953794596484 32.473264135741587211
6041.3211961692022669 32.466193067929722815
6041.3666969589448854 32.45912200011785842
6041.4121977486875039 32.452050932305994024
6041.4576985384301224 32.444979864494129629
6041.5031993281718314 32.437908796682265233
6041.5487001179144499 32.430837728870400838
6041.5942009076570685 32.423766661058536442
6041.639701697399687 32.416695593246672047
6041.6852024871423055 32.409624525434807651
6041.730703276884924 32.402553457622943256
6041.7762040666275425 32.39548238981107886
6041.821704856370161 32.388411321999214465
6041.86720564611187 32.38134025418735007
6041.9127064358544885 32.374269186375485674
6041.958207225597107 32.367198118563621279
6042.0037080153397255 32.360127050751756883
6042.049208805082344 32.353055982939892488
6042.0947095948249626 32.345984915128028092
6042.1402103845675811 32.338913847316163697
6042.1857111743092901 32.331842779504299301
6042.2312119640519086 32.324771711692434906
6042.2767127537945271 32.31770064388057051
6042.3222135435371456 32.310629576068706115
6042.3677143332797641 32.303558508256841719
6042.4132151230223826 32.296487440444977324
6042.4587159127650011 32.289416372633112928
6042.5042167025076196 32.282345304821248533
6042.5497174922493286 32.275274237009384137
6042.5952182819919472 32.268203169197519742
6042.6407190717345657 32.261132101385655346
6042.6862198614771842 32.254061033573790951
6042.7317206512198027 32.246989965761926555
6042.7772214409624212 32.23991889795006216
6042.8227222307050397 32.232847830138197764
6042.8682230204467487 32.225776762326333369
6042.9137238101893672 32.218705694514468973
6042.9592245999319857 32.211634626702604578
6043.0047253896746042 32.204563558890740183
6043.0502261794172227 32.197492491078875787
6043.0957269691598412 32.190421423267011392
6043.1412277589024598 32.183350355455146996
6043.1867285486450783 32.176279287643282601
6043.2322293383867873 32.169208219831418205
6043.2777301281294058 32.16213715201955381
6043.3232309178720243 32.155066084207689414
6043.3687317076146428 32.147995016395825019
6043.4142324973572613 32.140923948583960623
6043.4597332870998798 32.133852880772096228
6043.5052340768424983 32.126781812960231832
6043.5507348665842073 32.119710745148367437
6043.5962356563268258 32.112639677336503041
6043.6417364460694444 32.105568609524638646
6043.6872372358120629 32.09849754171277425
6043.7327380255546814 32.091426473900909855
6043.7782388152972999 32.084355406089045459
6043.8237396050399184 32.077284338277181064
6043.8692403947825369 32.070213270465316668
6043.9147411845242459 32.063142202653452273
6043.9602419742668644 32.056071134841587877
6044.0057427640094829 32.049000067029723482
6044.0512435537521014 32.041928999217859086
6044.0967443434947199 32.034857931405994691
6044.1422451332373385 32.027786863594130295
6044.187745922979957 32.0207157957822659
6044.233246712721666 32.013644727970401505
6044.2787475024642845 32.006573660158537109
6044.324248292206903 31.999502592346672714
6044.3697490819495215 31.992431524534808318
6044.41524987169214 31.985360456722943923
6044.4607506614347585 31.978289388911079527
6044.506251451177377 31.971218321099215132
6044.551752240919086 31.964147253287350736
6044.5972530306617045 31.957076185475486341
6044.6427538204043231 31.950005117663621945
6044.6882546101469416 31.94293404985175755
6044.7337553998895601 31.935862982039893154
6044.7792561896321786 31.928791914228028759
6044.8247569793747971 31.921720846416164363
6044.8702577691174156 31.914649778604299968
6044.9157585588591246 31.907578710792435572
6044.9612593486017431 31.900507642980571177
6045.0067601383443616 31.893436575168706781
6045.0522609280869801 31.886365507356842386
6045.0977617178295986 31.87929443954497799
6045.1432625075722171 31.872223371733113595
6045.1887632973148357 31.865152303921249199
6045.2342640870565447 31.858081236109384804
6045.2797648767991632 31.851010168297520408
6045.3252656665417817 31.843939100485656013
6045.3707664562844002 31.836868032673791618
6045.4162672460270187 31.829796964861927222
6045.4617680357696372 31.822725897050062827
6045.5072688255122557 31.815654829238198431
6045.5527696152548742 31.808583761426334036
6045.5982704049965832 31.80151269361446964
6045.6437711947392017 31.794441625802605245
6045.6892719844818203 31.787370557990740849
6045.7347727742244388 31.780299490178876454
6045.7802735639670573 31.773228422367012058
6045.8257743537096758 31.766157354555147663
6045.8712751434522943 31.759086286743283267
6045.9167759331940033 31.752015218931418872
6045.9622767229366218 31.744944151119554476
6046.0077775126792403 31.737873083307690081
6046.0532783024218588 31.730802015495825685
6046.0987790921644773 31.72373094768396129
6046.1442798819070958 31.716659879872096894
6046.1897806716497143 31.709588812060232499
6046.2352814613923329 31.702517744248368103
6046.2807822511340419 31.695446676436503708
6046.3262830408766604 31.688375608624639312
6046.3717838306192789 31.681304540812774917
6046.4172846203618974 31.674233473000910521
6046.4627854101045159 31.667162405189046126
6046.5082861998471344 31.660091337377181731
6046.5537869895897529 31.653020269565317335
6046.5992877793314619 31.64594920175345294
6046.6447885690740804 31.638878133941588544
6046.690289358816699 31.631807066129724149
6046.7357901485593175 31.624735998317859753
6046.781290938301936 31.617664930505995358
6046.8267917280445545 31.610593862694130962
6046.872292517787173 31.603522794882266567
6046.9177933075297915 31.596451727070402171
6046.9632940972715005 31.589380659258537776
6047.008794887014119 31.58230959144667338
6047.0542956767567375 31.575238523634808985
6047.099796466499356 31.568167455822944589
6047.1452972562419745 31.561096388011080194
6047.190798045984593 31.554025320199215798
6047.2362988357272116 31.546954252387351403
6047.2817996254689206 31.539883184575487007
6047.3273004152115391 31.532812116763622612
6047.3728012049541576 31.525741048951758216
6047.4183019946967761 31.518669981139893821
6047.4638027844393946 31.511598913328029425
6047.5093035741820131 31.50452784551616503
6047.5548043639246316 31.497456777704300634
6047.6003051536663406 31.490385709892436239
6047.6458059434089591 31.483314642080571844
6047.6913067331515776 31.476243574268707448
6047.7368075228941962 31.469172506456843053
6047.7823083126368147 31.462101438644978657
6047.8278091023794332 31.455030370833114262
6047.8733098921220517 31.447959303021249866
6047.9188106818646702 31.440888235209385471
6047.9643114716063792 31.433817167397521075
6048.0098122613489977 31.42674609958565668
6048.0553130510916162 31.419675031773792284
6048.1008138408342347 31.412603963961974074
6048.1463146305786722 31.405532896150305078
6048.1918154203267477 31.398461828338888324
6048.2373162100820991 31.3913907605278375
6048.282816999849274 31.384319692717266292
6048.3283177896346388 31.377248624907295493
6048.3738185794445599 31.370177557098045895
6048.4193193692872228 31.363106489289641843
6048.4648201591717225 31.356035421482211234
6048.5103209491080634 31.348964353675889072
6048.5558217391071594 31.341893285870810359
6048.601322529180834 31.334822218067113653
6048.6468233193427295 31.327751150264944613
6048.6923241096064885 31.320680082464445348
6048.7378248999875723 31.313609014665765073
6048.7833256905014423 31.306537946869056555
6048.8288264811653789 31.299466879074472558
6048.8743272719966626 31.292395811282172957
6048.9198280630134832 31.285324743492360255
6048.9653288542367591 31.278253675705290249
6049.0108296456874086 31.271182607921247154
6049.0563304373872597 31.264111540140550716
6049.1018312293608687 31.257040472363556205
6049.147332021632792 31.249969404590643762
6049.1928328142294049 31.242898336822229055
6049.2383336071770827 31.235827269058759725
6049.2838344005058389 31.228756201300711837
6049.3293351942438676 31.221685133548593427
6049.3748359884230013 31.214614065802940956
6049.4203367830741627 31.207542998064322859
6049.4658375782300936 31.200471930333332438
6049.511338373925355 31.19340086261059497
6049.556839170193598 31.186329794896760603
6049.6023399670712024 31.179258727192511458
6049.6478407645945481 31.172187659498554524
6049.6933415628009243 31.165116591815621661
6049.7388423617294393 31.158045524144476701
6049.7843431614182919 31.150974456485908348
6049.8298439619074998 31.14390338884072662
6049.8753447632379903 31.136832321209769958
6049.9208455654516001 31.129761253593901671
6049.9663463685901661 31.122690185994009937
6050.0118471726973439 31.115619118411004251
6050.0573479778158799 31.10854805084582253
6050.1028487839903391 31.101476983299424006
6050.1483495912661965 31.094405915772792781
6050.1938503996880172 31.08733484826693072
6050.2393512093030949 31.08026378078286811
6050.284852020157814 31.07319271332164945
6050.3303528322985585 31.06612164588435121
6050.3758536457744412 31.059050578472064075
6050.4213544606327559 31.05197951108589649
6050.4668552769235248 31.044908443726985325
6050.512356094694951 31.037837376396485212
6050.5578569139970568 31.030766309095568545
6050.6033577348798644 31.023695241825429036
6050.6488585573943055 31.016624174587274609
6050.6943593815904023 31.009553107382341608
6050.739860207519996 31.002482040211873482
6050.7853610352349278 30.99541097307713855
6050.8308618647861294 30.988339905979422895
6050.876362696227261 30.981268838920026809
6050.9218635296092543 30.97419777190026835
6050.9673643649857695 30.96712670492148689
6051.0128652024095572 30.960055637985028909
6051.0583660419342777 30.952984571092265753
6051.1038668836126817 30.945913504244579428
6051.1493677274984293 30.938842437443369704
6051.1948685736451807 30.93177137069005056
6051.2403694221065962 30.924700303986050187
6051.2858702729381548 30.917629237332896253
6051.3313711261944263 30.910558170732215899
6051.3768719819345279 30.903487104185661138
6051.4223728402184861 30.896416037694908852
6051.4678737011081466 30.889344971261660788
6051.5133745646662646 30.882273904887643567
6051.5588754309592332 30.875202838574608677
6051.6043763000534454 30.868131772324328921
6051.6498771720189325 30.861060706138605525
6051.6953780469248159 30.853989640019257479
6051.7408789248438552 30.846918573968125088
6051.7863798058506291 30.83984750798707708
6051.8318806900188065 30.832776442077999945
6051.8773815774256946 30.825705376242805045
6051.9228824681504193 30.818634310483417948
6051.9683833622711973 30.811563244801789097
6052.013884259869883 30.804492179199886692
6052.0593851610274214 30.797421113679700255
6052.1048860658283957 30.790350048243240622
6052.1503869743573887 30.783278982892532838
6052.195887886699893 30.776207917629623267
6052.2413888029432201 30.769136852456576037
6052.2868897231755909 30.762065787375476589
6052.3323906474852265 30.754994722388421025
6052.3778915759639858 30.747923657497523209
6052.4233925087019088 30.740852592704918322
6052.468893445791764 30.733781528012755757
6052.5143943873263197 30.726710463423202668
6052.5598953334001635 30.719639398938436869
6052.6053962841078828 30.712568334560653938
6052.6508972395458841 30.705497270292063661
6052.6963981998096642 30.69842620613489359
6052.7418991649974487 30.691355142091381936
6052.7874001352065534 30.68428407816378467
6052.8329011105352038 30.677213014354364873
6052.8784020910834442 30.670141950665403385
6052.9239030769513192 30.663070887099195261
6052.9694040682388732 30.655999823658042658
6053.0149050650470599 30.648928760344265498
6053.0604060674777429 30.64185769716019081
6053.1059070756327856 30.634786634108159831
6053.1514080896140513 30.627715571190524457
6053.1969091095252224 30.620644508409647244
6053.2424101354699815 30.613573445767933379
6053.2879111675529202 30.606502383267866207
6053.3334122058831781 30.599431320911865129
6053.3789132505726229 30.592360258702278486
6053.4244143017349415 30.585289196641380016
6053.4699153594874588 30.578218134731368849
6053.5154164239502279 30.57114707297437306
6053.5609174952460307 30.564076011372442565
6053.606418573499468 30.557004949927559778
6053.6519196588378691 30.549933888641636059
6053.6974207513922011 30.542862827516508162
6053.7429218512943407 30.535791766553941784
6053.7884229586798028 30.52872070575563157
6053.8339240736850115 30.521649645123204664
6053.8794251964491195 30.514578584658210048
6053.924926327114008 30.507507524362132756
6053.9704274658242866 30.500436464236386769
6054.015928612724565 30.493365404282315012
6054.0614297679630909 30.486294344501299491
6054.1069309316908402 30.479223284894814583
6054.1524321040624272 30.472152225464355979
6054.197933285236104 30.465081166211451347
6054.243434475372851 30.458010107137642564
6054.2889356746372869 30.450939048244496377
6054.3344368831976681 30.443867989533604401
6054.3799381012240701 30.436796931006576017
6054.425439328891116 30.429725872665041919
6054.4709405663743382 30.42265481451065412
6054.5164418138538167 30.415583756545082394
6054.5619430715114504 30.408512698770017835
6054.6074443395327762 30.401441641187169296
6054.6529456181042406 30.394370583798259844
6054.6984469074168373 30.387299526605030309
6054.7439482076624699 30.380228469609242836
6054.7894495190348607 30.373157412812673783
6054.8349508417322795 30.366086356217113718
6054.8804521759529962 30.359015299824367418
6054.9259535218989186 30.351944243636257426
6054.9714548797737734 30.344873187654616942
6055.0169562497821971 30.337802131881293377
6055.0624576321315544 30.330731076318151906
6055.1079590270310291 30.323660020967061257
6055.1534604346907145 30.316588965829911473
6055.1989618553243417 30.30951791090859615
6055.2444632891456422 30.302446856205026648
6055.2899647363701661 30.295375801721121434
6055.3354661972152826 30.288304747458820287
6055.380967671901999 30.281233693420208652
6055.4264691606540509 30.274162639607354208
6055.4719706637015406 30.267091586022250027
6055.5174721812782082 30.260020532666818127
6055.5629737136223412 30.25294947954290592
6055.6084752609767747 30.245878426652289761
6055.6539768235888914 30.238807373996667849
6055.6994784017088023 30.231736321577670878
6055.7449799955920753 30.224665269396851386
6055.7904816054979165 30.2175942174556873
6055.8359832316891698 30.210523165755589048
6055.8814848744314077 30.203452114297881792
6055.9269865339956596 30.196381063083826746
6055.9724882106547739 30.18931001211460341
6056.0179899046861465 30.182238961391320231
6056.0634916163699017 30.175167910915007496
6056.108993345989802 30.168096860686624439
6056.1544950938314287 30.161025810707048578
6056.19999686018582 30.153954760977089933
6056.2454986453440142 30.146883711497473257
6056.2910004496025067 30.139812662268855803
6056.3365022732587022 30.13274161329181311
6056.3820041166136434 30.125670564566849663
6056.4275059799701921 30.118599516094395341
6056.4730078636357575 30.111528467874997261
6056.5185097679232058 30.104457419909230964
6056.5640116931490411 30.097386372197604487
6056.609513639637953 30.090315324740569025
6056.6550156077182692 30.083244277538515377
6056.7005175977246836 30.076173230591770391
6056.7460196099964378 30.069102183900607628
6056.7915216448773208 30.062031137465229591
6056.837023702717488 30.054960091285785495
6056.882525783870733 30.047889045362360605
6056.928027888696306 30.040817999694972684
6056.9735300175570956 30.033746954283607522
6057.0190321708223564 30.026675909128432096
6057.0645343488677099 30.019604864229716412
6057.1100365520760533 30.012533819587794426
6057.1555387808357409 30.005462775203064041
6057.2010410355424028 29.998391731075976452
6057.2465433165971262 29.991320687207050355
6057.2920456244082743 29.984249643596857737
6057.3375479593887576 29.977178600246030982
6057.3830503219587627 29.970107557155259315
6057.4285527125430235 29.963036514325281701
6057.4740551315726407 29.955965471756901053
6057.5195575794841716 29.94889442945096647
6057.5650600567196307 29.941823387408380341
6057.6105625637246703 29.934752345630098347
6057.6560651009522189 29.927681304117122352
6057.7015676688579333 29.920610262870507512
6057.7470702679038368 29.913539221891358721
6057.7925728985565001 29.906468181180862587
6057.8380755612870416 29.899397140740347822
6057.883578256571127 29.892326100571256831
6057.9290809848898789 29.8852550606751457
6057.974583746728058 29.878184021053680652
6058.0200865425767915 29.871112981708634493
6058.0655893729290256 29.864041942641890159
6058.1110922382840727 29.856970903855433619
6058.1565951391439739 29.849899865351353867
6058.2020980760153179 29.842828827131842928
6058.2476010494083312 29.83575778919918875
6058.2931040598377876 29.828686751555778756
6058.3386071078202804 29.821615714204096292
6058.3841101938778593 29.814544677146717078
6058.4296133185353028 29.807473640386309199
6058.4751164823201179 29.800402603925633116
6058.520619685764359 29.793331567767530998
6058.56612292940099 29.786260531914937388
6058.6116262137684316 29.779189496370864987
6058.6571295394060144 29.77211846113841176
6058.702632906855797 29.765047426220757387
6058.748136316664386 29.757976391621163259
6058.7936397693792969 29.750905357342997348
6058.8391432655516837 29.743834323389705787
6058.8846468057354286 29.73676328976481642
6058.9301503904871424 29.729692256471928147
6058.9756540203661643 29.722621223514714472
6059.0211576959327431 29.715550190896919958
6059.0666614177516749 29.708479158622356664
6059.1121651863886655 29.701408126694904155
6059.1576690024112395 29.694337095118513048
6059.2031728663905596 29.687266063897187252
6059.2486767788977886 29.680195033035001728
6059.294180740507727 29.673124002536088284
6059.3396847517969945 29.666052972404656884
6059.3851888133431203 29.658981942644953023
6059.4306929257290903 29.651910913261229297
6059.4761970895378909 29.64483988425774541
6059.5217013053561459 29.637768855638768173
6059.5672055737722985 29.630697827408567946
6059.6127098953775203 29.623626799571415091
6059.6582142707648018 29.616555772131576418
6059.703718700529862 29.609484745093315183
6059.7492231852702389 29.602413718460887537
6059.7947277255852896 29.59534269223853542
6059.84023232207619 29.58827166643049722
6059.8857369753450257 29.581200641040986454
6059.9312416859975201 29.574129616074205984
6059.9767464546403062 29.5670585915343338
6060.0222512818809264 29.559987567425526578
6060.0677561683287422 29.552916543751919676
6060.113261114594934 29.545845520517612925
6060.1587661212915918 29.53877449772668129
6060.204271189033534 29.531703475383167756
6060.2497763184346695 29.524632453491076234
6060.2952815101116357 29.517561432054375103
6060.3407867646819795 29.510490411076990114
6060.3862920827632479 29.503419390562804381
6060.4317974649757161 29.496348370515658388
6060.4773029119387502 29.489277350939339328
6060.5228084242744444 29.482206331837588209
6060.5683140026039837 29.475135313214089194
6060.6138196475503719 29.468064295072473158
6060.6593253597375224 29.460993277416321234
6060.704831139790258 29.453922260249395748
6060.7503369883352207 29.446851243575636659
6060.7958429060026901 29.43978022739910827
6060.8413488934247653 29.432709211723988574
6060.8868549512362733 29.425638196554572801
6060.9323610800738606 29.418567181895269869
6060.9778672805778115 29.411496167750591724
6061.0233735533884101 29.404425154125153341
6061.0688798991504882 29.39735414102367983
6061.1143863185097871 29.390283128451013539
6061.159892812115686 29.383212116412060766
6061.205399380621202 29.376141104911752677
6061.2509060246820809 29.369070093955038203
6061.2964127449577063 29.361999083546891143
6061.3419195421101904 29.354928073692288848
6061.3874264168043737 29.347857064396222881
6061.4329333697096445 29.340786055663684806
6061.4784404014963002 29.333715047499662631
6061.5239475128391859 29.326644039909140815
6061.5694547044149658 29.319573032897089604
6061.6149619769039418 29.312502026468468586
6061.660469330988235 29.305431020628208927
6061.7059767673536044 29.298360015381224031
6061.7514842866867184 29.291289010732395326
6061.7969918896787931 29.284218006686565161
6061.8424995770228634 29.277147003248540358
6061.8880073494137832 29.270076000423088658
6061.9335152075500446 29.263004998214924512
6061.9790231521310488 29.255933996628709082
6062.0245311838598354 29.248862995669099973
6062.0700393034430817 29.241791995340786769
6062.1155475115901936 29.234720995648409314
6062.1610558090151244 29.227649996596550608
6062.2065641964345559 29.220578998189736808
6062.252072674570627 29.213508000432433676
6062.2975812441491144 29.206437003329035917
6062.3430899058976138 29.199366006883874292
6062.388598660549178 29.192295011101197844
6062.4341075088395883 29.185224015985181012
6062.4796164515082637 29.178153021539916523
6062.525125489299171 29.171082027769408285
6062.5706346229580959 29.164011034677571388
6062.6161438532362808 29.156940042268253421
6062.6616531808876971 29.14986905054523092
6062.7071626066699537 29.142798059512205811
6062.7526721313452072 29.135727069172837389
6062.7981817556792521 29.12865607953115088
6062.843691480445159 29.121585090591455725
6062.8892013064223647 29.114514102358292291
6062.9347112343975823 29.107443114836435427
6062.9802212651620721 29.100372128030876695
6063.0257313995152799 29.093301141946824373
6063.0712416382621086 29.08623015658969635
6063.1167519822129179 29.079159171965120123
6063.1622624321853436 29.072088188078915039
6063.2077729890033879 29.065017204937070971
6063.2532836534965099 29.057946222545602666
6063.2987944265023543 29.05087524091050355
6063.3443053088658417 29.043804260037813236
6063.389816301440078 29.036733279933574892
6063.4353274050854452 29.029662300603817471
6063.4808386206705109 29.022591322054562823
6063.5263499490711183 29.015520344291822141
6063.5718613911703869 29.008449367321595957
6063.6173729478596215 29.001378391149863489
6063.6628846200374028 28.994307415782589743
6063.708396408608678 28.987236441225718409
6063.7539083144865799 28.980165467485175412
6063.7994203385915171 28.973094494566858259
6063.8449324818493551 28.966023522476636032
6063.8904447451950546 28.958952551220356497
6063.9359571295681235 28.951881580803835448
6063.9814696359162554 28.944810611232853148
6064.0269822651935101 28.937739642513161442
6064.0724950183594046 28.930668674650473093
6064.1180078963816413 28.923597707650465338
6064.1635209002333795 28.916526741518776333
6064.2090340308932355 28.909455776261001603
6064.254547289348011 28.902384811882697591
6064.3000606765881457 28.895313848389374556
6064.3455741936122649 28.888242885786500125
6064.3910878414226318 28.881171924079495739
6064.4366016210296948 28.874100963273800602
6064.4821155334502691 28.867030003375361957
6064.5276295797120838 28.859959044390464555
6064.5731437608519627 28.852888086325666706
6064.6186580779167343 28.845817129187800276
6064.6641725319632314 28.838746172983967142
6064.7096871240573819 28.831675217721532078
6064.7552018552751179 28.824604263408122762
6064.8007167267014665 28.817533310051626216
6064.8462317394305501 28.810462357660121313
6064.8917468945674045 28.803391406241825479
6064.9372621932307084 28.796320455805371807
6064.9827776365509635 28.789249506359684716
6065.0282932256723143 28.782178557913947969
6065.073808961753457 28.775107610477615339
6065.1193248459640017 28.76803666406039639
6065.1648408794872012 28.760965718672260039
6065.2103570635190408 28.753894774323427441
6065.2558733992673297 28.746823831024368445
6065.3013898879507906 28.739752888785801588
6065.3469065308017889 28.732681947618690543
6065.3924233290626944 28.725611007534240571
6065.4379402839877002 28.718540068543898514
6065.4834573968428231 28.711469130659345694
6065.5289746689031745 28.704398193892494362
6065.5744921014556894 28.697327258255494797
6065.6200096957973074 28.690256323760721102
6065.6655274532349722 28.683185390420774752
6065.7110453750856323 28.676114458248484596
6065.7565634626762403 28.66904352725689975
6065.8020817173419346 28.661972597459289602
6065.8476001404287672 28.654901668869143805
6065.8931187332909758 28.64783074150021136
6065.9386374972918929 28.640759815366646279
6065.9841564338039461 28.633688890482972056
6066.0296755442095673 28.62661796686407456
6066.0751948298984644 28.619547044525191382
6066.1207142922712592 28.612476123481918933
6066.1662339327340305 28.605405203750201792
6066.2117537527037712 28.598334285346336259
6066.2572737536038403 28.591263368286963242
6066.3027939368648731 28.584192452589068267
6066.3483143039256902 28.577121538269977918
6066.3938348562314786 28.570050625347356288
6066.4393555952347015 28.562979713839204976
6066.4848765223941882 28.555908803763859538
6066.5303976391751348 28.548837895139975274
6066.5759189470500132 28.541766987986452619
6066.6214404474958428 28.534696082322408728
6066.6669621419960094 28.527625178167188125
6066.7124840320402654 28.520554275540344946
6066.7580061191238201 28.513483374461660702
6066.8035284047455207 28.506412474951133618
6066.8490508904105809 28.499341577028996397
6066.894573577630581 28.492270680716124787
6066.9400964679252866 28.485199786034005598
6066.9856195628235582 28.478128893004864608
6067.0311428638669895 28.471058001651755376
6067.0766663726071783 28.463987111998445556
6067.1221900906084556 28.456916224069402688
6067.1677140194451567 28.449845337889794195
6067.2132381607025309 28.442774453485498043
6067.2587625159767413 28.435703570883319458
6067.3042870868748651 28.42863269011113303
6067.3498118750148933 28.42156181119781877
6067.395336882025731 28.414490934173247894
6067.4408621095471972 28.40742005906828993
6067.4863875592282056 28.400349185914809169
6067.5319132327276748 28.393278314745664659
6067.5774391317136178 28.386207445594816789
6067.6229652578640525 28.37913657849732374
6067.6684916128660916 28.372065713489323713
6067.7140181984159426 28.36499485060803849
6067.7595450162170891 28.357923989891769878
6067.8050720679821097 28.350853131379892602
6067.8505993554308589 28.343782275112868518
6067.8505993554308589 28.343782275112868518
6067.8505993554308589 28.343782275112868518
6067.8505993554308589 28.343782275112868518
6067.8505993554308589 28.343782275112868518
6067.8505993554308589 28.343782275112868518
6067.8961268802895574 28.336711421132235955
6067.9416546442926119 28.329640569480609713
6067.9871826491807951 28.32256972020163488
6068.0327108967030654 28.315498873340043673
6068.0782393886192949 28.308428028941825971
6068.1237681267002699 28.301357187054062337
6068.1692971127258716 28.294286347724924013
6068.2148263484878044 28.287215511003669377
6068.2603558357868678 28.280144676940647486
6068.3058855764329564 28.273073845587298081
6068.3514155722459691 28.266003016996162245
6068.3969458250521711 28.258932191220875296
6068.4424763366878324 28.251861368316170342
6068.4880071089946796 28.24479054833788183
6068.5335381438235345 28.237719731342991736
6068.5790694430315853 28.230648917389899566
6068.6246010084842055 28.223578106538425914
6068.6701328420549544 28.216507298850004304
6068.7156649456246669 28.209436494387656325
6068.761197321083273 28.202365693215977416
6068.8067299703270692 28.195294895401151081
6068.8522628952605373 28.188224101010948885
6068.8977960977927069 28.181153310114734012
6068.9433295798407926 28.174082522783475468
6068.9888633433265568 28.16701173908974809
6069.0343973901781283 28.159940959107743197
6069.0799317223272737 28.152870182913275698
6069.125466341711217 28.145799410583784095
6069.1710012502699101 28.13872864219834824
6069.2165364499478528 28.131657877837692894
6069.2620719426931828 28.124587117584194829
6069.3076077304558567 28.117516361521893486
6069.3531438151885595 28.110445609736601114
6069.398680198848524 28.103374862316169214
6069.4442168833957112 28.096304119350371309
6069.4897538707946296 28.08923338093091715
6069.5352911630125163 28.082162647151466928
6069.5808287620202464 28.075091918107649036
6069.6263666697905137 28.068021193897074284
6069.6719048882996503 28.060950474619350103
6069.7174434195239883 28.053879760376098318
6069.7629822654434975 28.046809051270969348
6069.8085214280372384 28.039738347409663533
6069.854060909287 28.032667648899948887
6069.8996007111745712 28.025596955851671765
6069.9451408356808315 28.018526268376778177
6069.9906812847884794 28.011455586589331546
6070.0362220604774848 28.004384910605537584
6070.0817631647296366 27.997314240543751396
6070.1273045995230859 27.990243576524406421
6070.1728463668387121 27.983172918669932727
6070.2183884686546662 27.976102267104728583
6070.2639309069500086 27.969031621955178224
6070.3094736837028904 27.96196098334965896
6070.355016800888734 27.954890351418569594
6070.4005602604820524 27.947819726294348186
6070.4461040644555396 27.940749108111496923
6070.4916482147800707 27.933678497006603436
6070.5371927134228827 27.926607893118365666
6070.5827375623484841 27.91953729658762029
6070.6282827635195645 27.912466707557356926
6070.6738283188933565 27.905396126172753668
6070.7193742304234547 27.898325552581194842
6070.7649205000607253 27.891254986932295878
6070.8104671297505774 27.884184429377935288
6070.8560141214329633 27.877113880072283081
6070.9015614770441971 27.870043339171971297
6070.9471091985160456 27.862972806836165063
6070.9926572877748185 27.855902283226523508
6071.0382057467422783 27.848831768507178452
6071.0837545773356396 27.841761262844766378
6071.1293037814657509 27.834690766408449747
6071.1748533610398226 27.82762027936995608
6071.2204033179577891 27.820549801903535325
6071.2659536541141279 27.813479334185863934
6071.3115043713996783 27.806408876396002228
6071.3570554716989136 27.799338428715440585
6071.4026069568908497 27.792267991328174048
6071.4481588288490457 27.785197564420869298
6071.4937110894416037 27.778127148182896633
6071.5392637405311689 27.771056742806354833
6071.5848167839731104 27.763986348486110245
6071.6303702216164311 27.756915965419835857
6071.6759240553046766 27.749845593808057487
6071.7214782868741167 27.74277523385445221
6071.7670329181573834 27.735704885765851913
6071.8125879509816514 27.728634549752200655
6071.8581433871704576 27.721564226026533362
6071.9036992285409724 27.714493914804975816
6071.9492554769076378 27.707423616306787295
6071.9948121340785292 27.700353330754406755
6072.0403692018580841 27.693283058373488359
6072.0859266820443736 27.686212799392958317
6072.1314845764309212 27.67914255404513213
6072.1770428868085219 27.672072322566165781
6072.2226016149661518 27.665002105195874549
6072.2681607626927871 27.657931902177715244
6072.3137203317764943 27.650861713758846605
6072.3592803240035209 27.643791540190171929
6072.4048407411601147 27.636721381726474078
6072.4504015850297947 27.629651238626582455
6072.4959628573969894 27.622581111153387212
6072.5415245600433991 27.615510999573892548
6072.5870866947507238 27.608440904159273543
6072.6326492632988447 27.601370825185114199
6072.678212267467643 27.594300762931435855
6072.7237757090360901 27.587230717682722059
6072.7693395897840674 27.580160689727968304
6072.8149039114896368 27.573090679360738875
6072.8604686759317701 27.566020686879230794
6072.9060338848876199 27.558950712586316456
6072.9515995401325199 27.551880756789611127
6072.9971656434427132 27.544810819801522683
6073.0427321965926239 27.537740901939319116
6073.0882992013557669 27.530671003525174712
6073.1338666595038376 27.523601124886244662
6073.1794345728076223 27.516531266354711249
6073.2250029430360883 27.509461428267858452
6073.2705717719572931 27.502391610968125235
6073.3161410613392945 27.495321814803357796
6073.3617108129501503 27.488252040126894826
6073.407281028559737 27.481182287297560407
6073.4528517099388409 27.474112556679717301
6073.4984228588600672 27.467042848643327346
6073.54399447709784 27.459973163564011855
6073.589566566425674 27.45290350182308714
6073.6351391286207217 27.44583386380765333
6073.680712165461955 27.438764249911123727
6073.7262856787338023 27.431694660533480601
6073.7718596702261493 27.424625096081179265
6073.817434141735248 27.41755555696721558
6073.8630090950628073 27.410486043611207663
6073.9085845320187218 27.403416556439459839
6073.9541604544174334 27.396347095885044354
6073.9997368640797504 27.389277662387879531
6074.0453137628337572 27.38220825639480438
6074.0908911525129952 27.37513887835966031
6074.1364690349582816 27.368069528743365737
6074.1820474120158906 27.361000208013997792
6074.227626285540282 27.353930916646877591
6074.2732056573913724 27.346861655124651946
6074.3187855294372639 27.339792423937375077
6074.3643659035515157 27.332723223582565453
6074.4099467816167817 27.325654054565237772
6074.4555281655220824 27.318584917397981116
6074.5011100571646239 27.31151581260104777
6074.5466924584497974 27.304446740702442042
6074.5922753712893609 27.297377702238016184
6074.6378587976059862 27.290308697751562761
6074.6834427393287115 27.283239727794889262
6074.7290271983965795 27.276170792927832309
6074.7746121767577279 27.269101893718296736
6074.8201976763712082 27.262033030742351514
6074.8657836992060766 27.254964204584315013
6074.9113702472413934 27.247895415836858035
6074.9569573224671331 27.24082666510110684
6075.002544926884184 27.23375795298673907
6075.0481330625052578 27.22668928011205125
6075.0937217313567089 27.219620647103919708
6075.1393109354776243 27.212552054597789919
6075.1849006769225525 27.205483503237772425
6075.2304909577596845 27.198414993676760076
6075.2760817800735822 27.191346526576523956
6075.3216731459633593 27.184278102607887462
6075.367265057543591 27.177209722450889728
6075.4128575169461328 27.170141386794892213
6075.4584505263201208 27.163073096338699486
6075.5040440878301524 27.156004851790665811
6075.5496382036599243 27.148936653868826596
6075.5952328760104137 27.141868503301015636
6075.6408281071007877 27.134800400824982347
6075.6864238991702223 27.127732347188707962
6075.7320202544806307 27.120664343150821196
6075.7776171753193921 27.113596389480449034
6075.8232146639975326 27.106528486957344626
6075.8688127228533631 27.099460636372015188
6075.9144113542515697 27.092392838525842791
6075.9600105605832141 27.085325094231226473
6076.0056103442657331 27.078257404311717238
6076.0512107077456676 27.071189769602138853
6076.0968116534959336 27.064122190948737057
6076.14241318402037 27.057054669209318121
6076.1880153018501005 27.049987205253380296
6076.2336180095462623 27.042919799962263028
6076.2792213097009153 27.035852454229285513
6076.3248252049370421 27.028785168959899465
6076.3704296979076389 27.021717945071877409
6076.4160347913011719 27.014650783495881115
6076.4616404878424873 27.007583685175443833
6076.5072467902919016 27.000516651067076879
6076.5528537014497488 26.993449682140411738
6076.5984612241536524 26.986382779378359942
6076.6440693612803443 26.979315943777272935
6076.6896781157456644 26.972249176347094846
6076.7352874905072895 26.965182478111817233
6076.780897488568371 26.958115850109699352
6076.8265081129784448 26.951049293393552375
6076.8721193668361593 26.943982809030767811
6076.9177312532910946 26.936916398103456061
6076.9633437755455816 26.929850061708521025
6077.0089569368537923 26.922783800957837741
6077.0545707405244684 26.915717616978419358
6077.1001851899191024 26.908651510912605431
6077.1458002884555754 26.901585483918232455
6077.1914160396072475 26.894519537168836365
6077.2370324469020488 26.887453671853823067
6077.2826495139261169 26.880387889178667393
6077.3282672443237971 26.873322190365097839
6077.3738856417967327 26.866256576651299071
6077.4195047101056844 26.859191049292075348
6077.4651244530723488 26.852125609559038821
6077.51074487457754 26.845060258740808479
6077.5563659785648269 26.837994998143209102
6077.6019877690387148 26.830929829089477323
6077.6476102500682828 26.82386475292054584
6077.6932334257853654 26.816799770995299212
6077.7388573003863712 26.809734884690765711
6077.7844818781341019 26.802670095402341133
6077.8301071633568426 26.795605404543991312
6077.8757331604501815 26.788540813548401331
6077.9213598738797373 26.781476323867057232
6077.9669873081820697 26.774411936970611947
6078.0126154679664978 26.767347654349137542
6078.0582443579169194 26.760283477512263772
6078.1038739827927202 26.753219407989419665
6078.1495043474278646 26.746155447330057342
6078.1951354567345334 26.739091597103890052
6078.2407673157013051 26.732027858901130202
6078.2863999293949746 26.724964234332723834
6078.3320333029614631 26.717900725030599318
6078.3776674416258174 26.710837332647908937
6078.4233023506940299 26.703774058859274021
6078.468938035552128 26.696710905361037192
6078.5145745016689034 26.689647873871518158
6078.5602117545950023 26.682584966131262405
6078.6058497999656538 26.675522183903296991
6078.6514886434979417 26.668459528973400552
6078.6971282909953516 26.661397003150351992
6078.7427687483459522 26.654334608266204043
6078.7884100215251237 26.647272346176549718
6078.8340521165937389 26.640210218760792316
6078.8796950397018009 26.633148227922401219
6078.9253387970875337 26.626086375589160582
6078.9709833950773827 26.619024663713432233
6079.0166288400887424 26.611963094272439889
6079.0622751386290474 26.604901669268549824
6079.1079222972985008 26.597840390729555082
6079.1535703227873455 26.590779260708966802
6079.1992192218804121 26.58371828128634462
6079.2448690014562089 26.576657454567580885
6079.290519668487832 26.569596782685174219
6079.3361712300456929 26.562536267798517287
6079.3818236932947912 26.555475912094195223
6079.4274770654983513 26.548415717786298273
6079.4731313540178235 26.541355687116851669
6079.5187865663137927 26.534295822356234851
6079.564442709947798 26.527236125803433708
6079.6100997925823322 26.520176599786367433
6079.6557578219817515 26.513117246662197601
6079.7014168060122756 26.506058068817655027
6079.7470767526428972 26.498999068669363055
6079.7927376699472006 26.49194024866417152
6079.8383995661033623 26.484881611279483593
6079.8840624493923315 26.477823159023586186
6079.9297263282014683 26.470764894435987458
6079.9753912110245437 26.463706820087750771
6080.0210571064608303 26.456648938581867725
6080.0667240232160111 26.449591252553688037
6080.1123919701058185 26.442533764671239283
6080.1580609560523953 26.435476477635575066
6080.2037309900879336 26.42841939418110897
6080.2494020813537645 26.421362517075994703
6080.2950742391012682 26.414305849122474257
6080.340747472692783 26.407249393157218975
6080.3864217916006965 26.40019315205168482
6080.4320972054092636 26.3931371287126737
6080.4777737238173358 26.38608132608277046
6080.5234513566383612 26.379025747140591562
6080.5691301138022027 26.371970394901168788
6080.6148100053524104 26.364915272416308056
6080.660491041449859 26.357860382774983776
6080.7061732323718388 26.350805729103683461
6080.7518565885120552 26.343751314566770105
6080.7975411203806289 26.336697142366812585
6080.843226838605915 26.32964321574495159
6080.8889137539345029 26.322589537981269103
6080.9346018772293974 26.315536112395172097
6080.9802912194736564 26.308482942345790434
6081.0259817917658438 26.301430031232428064
6081.0716736053254863 26.294377382494879214
6081.1173666714903447 26.287324999613733922
6081.1630610017182335 26.280272886110736863
6081.208756607585201 26.273221045549192354
6081.2544535007882587 26.266169481534365815
6081.3001516931435617 26.259118197713938514
6081.3458511965854996 26.252067197778387708
6081.3915520231694245 26.245016485461384548
6081.4372541850689231 26.237966064540184874
6081.4829576945767258 26.230915938836037782
6081.5286625641037972 26.223866112214576418
6081.5743688061802459 26.216816588586375758
6081.6200764334562336 26.209767371907471301
6081.6657854587010661 26.202718466179604206
6081.7114958948059211 26.19566987545059078
6081.7572077547856679 26.188621603815114725
6081.802921051780686 26.181573655415053992
6081.8486357990595934 26.174526034439715261
6081.8943520100165188 26.167478745126246054
6081.9400696981738292 26.160431791760039744
6081.9857888771775833 26.153385178675090827
6082.0315095608011688 26.146338910254588228
6082.0772317629453028 26.139292990931267013
6082.1229554976343934 26.132247425187795642
6082.1686807790183593 26.125202217557173867
6082.2144076213708104 26.118157372623137746
6082.2601360390899572 26.111112895020546887
6082.3058660466958827 26.104068789435789455
6082.3515976588287231 26.097025060607169422
6082.3973308902504868 26.089981713325308021
6082.4430657558414168 26.082938752433520335
6082.4888022706018091 26.075896182828280701
6082.5345404496501942 26.068854009459961674
6082.5802803082269747 26.061812237333022324
6082.6260218616898783 26.054770871506349295
6082.6717651255175952 26.047729917093622731
6082.7175101153043215 26.040689379263703529
6082.7632568467597594 26.033649263240992155
6082.809005335708207 26.026609574305808792
6082.8547555980867401 26.01957031779476992
6082.9005076499443021 26.012531499101168464
6082.9462615074398855 26.005493123675332612
6082.9920171868407124 25.998455197024966878
6083.037774704520416 25.991417724715514481
6083.0835340769581308 25.984380712370541033
6083.1292953207375831 25.977344165672132448
6083.1750584525452723 25.970308090361193365
6083.2208234891668326 25.963272492237777556
6083.2665904474888521 25.956237377161421875
6083.3123593444934158 25.949202751051451799
6083.3581301972590154 25.942168619887315373
6083.4039030229569107 25.935134989708870989
6083.4496778388493112 25.928101866616707127
6083.4954546622893758 25.921069256772430123
6083.541233510715756 25.914037166398959044
6083.587014401653505 25.907005601780813464
6083.6327973527104405 25.899974569264383462
6083.6785823815762342 25.892944075258355952
6083.7243695060215032 25.885914126234283117
6083.7701587438959905 25.878884728726664122
6083.8159501131276556 25.871855889333172485
6083.8617436317199463 25.864827614714911874
6083.9075393177481601 25.857799911596629272
6083.9533371893603544 25.850772786766942346
6083.99913726477007 25.843746247078559719
6084.0449395622581505 25.836720299448476368
6084.0907441001672851 25.829694950858176128
6084.1365508969010989 25.822670208353816435
6084.1823599709205155 25.815646079046416617
6084.2281713407419375 25.808622570112017769
6084.2739850249326992 25.801599688791842624
6084.3198010421110666 25.794577442392458977
6084.3656194109416901 25.787555838285907583
6084.4114401501337852 25.780534883909830057
6084.4572632784365851 25.773514586767600321
6084.5030888146384314 25.76649495442842408
6084.5489167775631358 25.759475994527480935
6084.5947471860663427 25.752457714766087804
6084.6405800590364379 25.74544012291176287
6084.6864154153872732 25.738423226798275323
6084.7322532740572569 25.731407034325705752
6084.778093654006625 25.724391553460485227
6084.8239365742147129 25.717376792235423721
6084.8697820536744985 25.710362758749720768
6084.9156301113916925 25.703349461168979673
6084.9614807663811007 25.696336907725186194
6085.0073340376629858 25.689325106716697888
6085.053189944260339 25.682314066508197925
6085.0990485051952419 25.675303795530656004
6085.1449097394852288 25.668294302281250197
6085.1907736661423769 25.661285595323302999
6085.23664030416694 25.654277683286196066
6085.2825096725455296 25.64727057486528139
6085.3283817902474766 25.640264278821753408
6085.3742566762230126 25.633258803982517549
6085.4201343493969034 25.626254159240048125
6085.4660148286684489 25.619250353552224908
6085.5118981329060261 25.612247395942159045
6085.5577842809434514 25.605245295497990554
6085.6036732915781613 25.598244061372703584
6085.6495651835666649 25.59124370278387417
6085.6954599756227253 25.584244229013400229
6085.7413576864119023 25.577245649407199579
6085.7872583345497333 25.570247973374936379
6085.8331619385999147 25.563251210389775991
6085.8790685170670258 25.556255369988225112
6085.9249780883992571 25.54926046176976584
6085.970890670980225 25.542266495396503956
6086.0168062831289717 25.535273480592817208
6086.062724943093599 25.528281427144985827
6086.1086466690521775 25.521290344900819491
6086.1545714791045611 25.514300243769248766
6086.2004993912732971 25.50731113371991654
6086.2464304234972587 25.500323024782744596
6086.2923645936298271 25.493335927047493072
6086.3383019194352528 25.486349850663291505
6086.3842424185859272 25.479364805838205399
6086.4301861086587451 25.472380802838802794
6086.4761330071341945 25.465397851989891365
6086.5220831313954477 25.458415963673861171
6086.5680364987229041 25.451435148330123326
6086.6139931262932805 25.444455416454548669
6086.6599530311750641 25.437476778598902882
6086.705916230328512 25.430499245370249639
6086.7518827406011042 25.423522827430353743
6086.797852578723905 25.416547535495293886
6086.8438257613115638 25.409573380334826709
6086.8898023048604955 25.402600372771708237
6086.9357822257443331 25.39562852368099044
6086.981765540213928 25.388657843989332008
6087.0277522643928023 25.381688344674287805
6087.0737424142753298 25.374720036763601883
6087.1197360057258265 25.367752931334464961
6087.1657330544740034 25.360787039512775465
6087.2117335761158756 25.353822372472620827
6087.2577375861137625 25.346858941435797874
6087.3037450997953783 25.339896757670818062
6087.3497561323511036 25.332935832492086803
6087.3957706988348946 25.325976177259168054
6087.4417888141615549 25.319017803375949427
6087.4878104931067355 25.312060722290009807
6087.5338357503069346 25.305104945491720514
6087.5798646002594978 25.298150484513339364
6087.6258970573198894 25.291197350928133147
6087.6719331357026022 25.284245556349496553
6087.7179728494802475 25.277295112430063995
6087.7640162125817369 25.270346030860903142
6087.8100632387941005 25.263398323370662268
6087.8561139417615777 25.256452001724614576
6087.902168334986527 25.249507077723741588
6087.9482264318266971 25.242563563203805899
6087.9942882455006838 25.23562147003450562
6088.0403537890861116 25.228680810118479627
6088.0864230755205426 25.221741595390277269
6088.1324961176051147 25.214803837815324528
6088.1785729280036321 25.207867549388939921
6088.2246535192462034 25.200932742135378817
6088.2707379037274222 25.193999428106891969
6088.3168260937109153 25.187067619382798256
6088.3629181013311609 25.180137328068560976
6088.4090139385943985 25.173208566294874799
6088.455113617382267 25.166281346216738513
6088.5012171494536233 25.159355680012570389
6088.5473245464490901 25.152431579883721469
6088.5934358198956033 25.145509058053516327
6088.6395509812127784 25.138588126766304498
6088.685670041712001 25.131668798286579403
6088.7317930126046122 25.124751084898104381
6088.7779199050028183 25.11783499890306004
6088.8240507299269666 25.110920552621223578
6088.8701854983073645 25.104007758389151661
6088.9163242209915552 25.097096628559398823
6088.962466908749775 25.090187175500044958
6089.0086135722822291 25.083279411593942143
6089.0547642222245486 25.07637334923795791
6089.1009188691550662 25.069469000842367734
6089.1470775236002737 25.062566378830204883
6089.193240196043007 25.05566549563663159
6089.2394068969279033 25.048766363708359961
6089.2855776366704958 25.041868995503101303
6089.3317524256617617 25.034973403489065191
6089.3779312742790353 25.028079600144650385
6089.4241141928941943 25.021187597958078896
6089.4703011918818447 25.014297409427001639
6089.5164922816302351 25.00740904705821066
6089.5626874725494417 25.000522523367280314
6089.6088867750804638 24.993637850878336337
6089.6550901997070468 24.98675504212392795
6089.7012977569638679 24.979874109644903513
6089.7475094574456307 24.972995065990374997
6089.7937253118197987 24.966117923717721538
6089.8399453308356897 24.959242695392674705
6089.8861695253344806 24.952369393589457047
6089.9323979062619401 24.94549803089099882
6089.9786304846775238 24.938628619889222193
6090.024867271767107 24.93176117318539653
6090.0711082788548083 24.924895703390578916
6090.1173535174139033 24.918032223126122204
6090.1636029990795578 24.911170745024271866
6090.2098567356579224 24.904311281728837457
6090.2561147391434133 24.897453845895952895
6090.302377021725988 24.890598450194918456
6090.3486435958066068 24.883745107309128031
6090.3949144740081465 24.876893829937092306
6090.4411896691881338 24.870044630793547213
6090.4874691944523875 24.863197522610647638
6090.533753063165932 24.856352518139264163
6090.5800412889666404 24.849509630150368622
6090.6263338857761482 24.842668871436529798
6090.6726308678153146 24.835830254813597406
6090.7189322496133173 24.828993793122389633
6090.7652380460231143 24.822159499230483704
6090.8115482722314482 24.8153273860340704
6090.857862943771579 24.808497466459900949
6090.9041820765351076 24.801669753467322721
6090.9505056867837993 24.794844260050432183
6090.9968337911604976 24.788020999240359288
6091.0431664067018573 24.78119998410763003
6091.0895035508456203 24.774381227764639135
6091.1358452414451676 24.767564743368200908
6091.1821914967767952 24.760750544122220873
6091.2285423355515377 24.75393864328043847
6091.2748977769224439 24.747129054149283434
6091.3212578404954911 24.740321790090806786
6091.3676225463359515 24.733516864525711298
6091.4139919149793059 24.726714290936467222
6091.4603659674348819 24.719914082870531047
6091.5067447251958583 24.713116253943631762
6091.5531282102447221 24.706320817843138826
6091.5995164450587254 24.699527788331483436
6091.6459094526153422 24.692737179249700574
6091.6923072563977257 24.685949004521017258
6091.7387098803974368 24.679163278154426564
6091.7851173491180816 24.672380014248368241
6091.831529687575312 24.66559922699451235
6091.8779469213004631 24.658820930681617511
6091.9243690763405539 24.652045139699428233
6091.9707961792555579 24.645271868542689475
6092.0172282571202231 24.638501131815122136
6092.0636653375195237 24.631732944233451832
6092.1101074485459321 24.6249673206314732
6092.1565546187930522 24.618204275964117755
6092.20300687735471 24.611443825311560829
6092.2494642538140397 24.604685983883342715
6092.2959267782380266 24.597930767022496923
6092.3423944811702313 24.591178190209642906
6092.3888673936189662 24.584428269067544193
6092.4353455470527479 24.577681019365474668
6092.481828973386655 24.570936457023083932
6092.5283177049705046 24.564194598114422519
6092.5748117745761192 24.557455458871928045
6092.6213112153800466 24.55071905569038293
6092.6678160609480983 24.543985405130808175
6092.71432634521625 24.537254523924282523
6092.7608421024742711 24.530526428975719
6092.8073633673429867 24.523801137367524206
6092.8538901747542695 24.51707866636320432
6092.9004225599301208 24.510359033410846763
6092.9469605583553857 24.50364225614652014
6092.9935042057568353 24.496928352397588924
6093.0400535380740621 24.490217340185949979
6093.0866085914358337 24.48350923773124066
6093.1331694021300791 24.476804063453698745
6093.1797360065747853 24.470101835976858951
6093.2263084412888929 24.463402574130149958
6093.2728867428595549 24.456706296951228552
6093.3194709479121229 24.450013023688221381
6093.3660610930719486 24.443322773801750003
6093.4126572149343701 24.436635566966764088
6093.4592593500256044 24.429951423074442118
6093.5058675347690951 24.423270362233736819
6093.5524818054500429 24.416592404772771374
6093.599102198176297 24.409917571239709844
6093.6457287488410657 24.403245882403496125
6093.6923614930819895 24.39657735925438331
6093.7390004662402134 24.3899120230042179
6093.7856457033185507 24.383249895086489545
6093.832297238938736 24.376590997156096563
6093.8789551073004986 24.369935351088852116
6093.9256193421351782 24.363282978980727478
6093.9722899766657065 24.356633903146811093
6094.0189670435584048 24.349988146119986965
6094.0656505748802374 24.343345730649421199
6094.1123406020569746 24.336706679698774991
6094.1590371558249899 24.330071016443941545
6094.205740266187604 24.323438764270559176
6094.2524499623705196 24.316809946771222428
6094.2991662727754374 24.310184587742575957
6094.3458892249373093 24.303562711182152611
6094.3926188454779549 24.296944341284604008
6094.4393551600633145 24.290329502437703724
6094.4860981933579751 24.283718219218069834
6094.5328479689806045 24.277110516386592565
6094.5796045094630244 24.270506418883471156
6094.6263678362038263 24.263905951822984264
6094.6731379694265343 24.257309140487990362
6094.7199149281395876 24.250716010324129712
6094.7666987300917754 24.244126586933749223
6094.8134893917331283 24.237540896069532437
6094.8602869281767198 24.230958963627852398
6094.9070913531586484 24.224380815641836762
6094.9539026789998388 24.217806478274123805
6095.0007209165714812 24.211235977809298703
6095.0475460752595609 24.204669340646145059
6095.0943781629302975 24.198106593289669064
6095.1412171858992224 24.191547762342885619
6095.1880631488975268 24.184992874498465909
6095.2349160550456872 24.178441956530196677
6095.281775905822542 24.171895035284055808
6095.3286427010398256 24.165352137669049881
6095.3755164388185221 24.158813290647923822
6095.4223971155643085 24.152278521227689367
6095.4692847259439077 24.145747856450007873
6095.5161792628678086 24.13922132338140969
6095.5630807174711663 24.132698949103378538
6095.6099890790965219 24.126180760702311545
6095.6569043352792505 24.119666785259340713
6095.7038264717357379 24.113157049840072688
6095.7507554723515568 24.106651581484221936
6095.7976913191723725 24.100150407195172875
6095.8446339923966661 24.093653553929510025
6095.891583470371188 24.087161048586487766
6095.9385397295864095 24.080672917997461013
6095.9855027446765234 24.074189188915262605
6096.0324724884194438 24.067709888003562924
6096.0794489317368061 24.061235041826247283
6096.1264320437003335 24.054764676836793313
6096.1734217915363843 24.048298819367687429
6096.2204181406341377 24.041837495619866161
6096.267421054553779 24.0353807316522321
6096.3144304950392325 24.028928553371294186
6096.3614464220290756 24.022480986520804436
6096.4084687936710907 24.016038056671551004
6096.4554975663395453 24.009599789211183207
6096.5025326946524729 24.003166209334089842
6096.5495741314898623 23.996737342031430273
6096.5966218280136673 23.990313212081318284
6096.643675733688724 23.983893844039108956
6096.6907357963054892 23.977479262227848977
6096.7378019620036866 23.971069490728858398
6096.7848741752950446 23.964664553372472255
6096.83195237909149 23.95826447372895629
6096.8790365147297052 23.951869275099600287
6096.926126521999322 23.945478980507946432
6096.9732223391702064 23.939093612691113577
6097.0203239030215627 23.932713194091260078
6097.0674311488737658 23.926337746847288201
6097.1145440106138267 23.919967292786754598
6097.1616624207308632 23.913601853417954857
6097.2087863103415657 23.90724144992232425
6097.2559156092256671 23.900886103146987693
6097.3030502458550473 23.894535833597348784
6097.3501901474264741 23.888190661430073192
6097.3973352398925272 23.881850606446072049
6097.4444854479934293 23.875515688083574162
6097.4916406952897887 23.869185925411397164
6097.5388009041907935 23.862861337122357241
6097.5859659959887722 23.856541941526842265
6097.6331358908864786 23.850227756546512836
6097.6803105080307432 23.843918799708145428
6097.7274897655415771 23.837615088137642516
6097.7746735805421849 23.831316638554149279
6097.8218618691889787 23.825023467264283994
6097.8690545466997719 23.81873559015647146
6097.9162515273837926 23.812453022695414973
6097.9634527246707876 23.806175779916635804
6098.0106580511373977 23.799903876421144133
6098.057867418535352 23.793637326370163265
6098.1050807378187528 23.787376143479974644
6098.1522979191722698 23.781120341016762865
6098.1995188720347869 23.774869931791535294
6098.246743505127597 23.768624928155180243
6098.2939717264807769 23.762385341993603305
6098.3412034434586531 23.756151184722909875
6098.388438562785268 23.749922467284530825
6098.4356769905689362 23.743699200140508054
6098.4829186323286194 23.737481393268829777
6098.5301633930166645 23.731269056158840414
6098.5774111770415402 23.725062197806671804
6098.6246618882933035 23.718860826710756129
6098.6719154301663366 23.712664950867395675
6098.7191717055839035 23.706474577766375234
6098.7664306170208874 23.700289714386620687
6098.8136920665274374 23.69411036719192154
6098.8609559557526154 23.687936542126728057
6098.908222185968043 23.681768244611994589
6098.9554906580933675 23.675605479541115272
6099.0027612727180895 23.66944825127592722
6099.0500339301279382 23.663296563642809645
6099.0973085303294283 23.657150419928868246
6099.1445849730744158 23.65100982287823328
6099.1918631578864733 23.644874774688510399
6099.2391429840854471 23.638745277007295442
6099.28642435081656 23.632621330928810011
6099.3337071570749686 23.626502936990704029
6099.3809913017357758 23.620390095171106992
6099.4282766835804068 23.614282804885789346
6099.4755632013284412 23.608181064985444664
6099.5228507536658071 23.602084873753174321
6099.5701392392738853 23.595994228902267054
6099.6174285568631603 23.58990912757399272
6099.6647186052041434 23.583829566335655414
6099.7120092831601141 23.577755541178945009
6099.7593004897198625 23.5716870475185587
6099.8065921240304306 23.565624080191074796
6099.8538840854316732 23.559566633454117834
6099.9011762734917284 23.553514700985743957
6099.9484685880424877 23.547468275884199329
6099.9957609146285904 23.541427352530284622
6100.0430531186448206 23.535391927331936301
6100.0903451011363359 23.529361991606606352
6100.1376367635821225 23.523337536091638356
6100.1849280079331947 23.51731855094567436
6100.2322187366498838 23.511305025750452558
6100.2795088527436747 23.505296949512967331
6100.3267982598126764 23.499294310668002339
6100.3740868620843685 23.493297097081065061
6100.4213745644528899 23.487305296051776082
6100.4686612725217856 23.481318894317762869
6100.5159468926449335 23.475337878058819996
6100.5632313319638342 23.469362232901456622
6100.6105144984494473 23.463391943923863181
6100.6577963009385712 23.457426995661279534
6100.7050766491738614 23.451467372111785892
6100.752355453841119 23.445513056742473879
6100.7996326266083997 23.439564032496040369
6100.8469080801633027 23.433620281797704621
6100.8941817282502598 23.427681786562420285
6100.9414534857069157 23.421748528202599005
6100.9887232684995979 23.415820487636299418
6101.0359909937587872 23.409897645295778545
6101.0832565798100404 23.403979981136412647
6101.1305199462085511 23.398067474645980468
6101.1777810137700726 23.392160104854280434
6101.2250397045991122 23.386257850343103115
6101.2722959421216729 23.380360689256495021
6101.3195496511098099 23.374468599311370554
6101.3668007577089156 23.368581557808383309
6101.4140491894640945 23.362699541643110024
6101.4612948753429009 23.356822527317504523
6101.5085377457580762 23.350950490951575489
6101.5557777325875577 23.34508340829533779
6101.6030147691935781 23.339221254740955658
6101.6502487904417649 23.333364005335109681
6101.6974797327166016 23.327511634791559203
6101.7447075339341609 23.32166411750381485
6101.7919321335584755 23.315821427557949619
6101.8391534726106329 23.309983538745445486
6101.8863714936805991 23.304150424575919232
6101.9335861409344943 23.298322058290192871
6101.9807973601227786 23.292498412873484881
6102.0280050985829803 23.286679461068633401
6102.0752093052433338 23.280865175389362065
6102.1224099306227799 23.275055528133499649
6102.1696069268309657 23.269250491396196168
6102.2168002475673347 23.263450037083142519
6102.2639898481156706 23.257654136923740396
6102.3111756853422776 23.251862762484279301
6102.3583577176896142 23.246075885180982112
6102.4055359051653795 23.240293476292940511
6102.4527102093361464 23.234515506974929622
6102.4998805933119002 23.228741948270084094
6102.5470470217351249 23.222972771122417868
6102.5942094607662511 23.217207946389176954
6102.6413678780663759 23.211447444853007482
6102.6885222427808912 23.205691237233942559
6102.735672525521295 23.199939294201172402
6102.7828186983451815 23.194191586384590664
6102.8299607347362326 23.188448084386099168
6102.8770986095796616 23.182708758790720793
6102.9242322991440233 23.176973580177303802
6102.9713617810530195 23.17124251912898103
6103.0184870342654904 23.165515546243483413
6103.0656080390454008 23.159792632143137325
6103.1127247769372843 23.154073747484567036
6103.1598372307389582 23.148358862968098748
6103.2069453844742384 23.142647949346866199
6103.2540492233638361 23.136940977435610733
6103.3011487337944345 23.131237918119172292
6103.3482439032923139 23.125538742360660649
6103.395334720491519 23.119843421209299805
6103.4424211751029361 23.114151925807966848
6103.4895032578860992 23.108464227400400404
6103.5365809606155381 23.102780297338085802
6103.5836542760507655 23.097100107086784959
6103.630723197905354 23.091423628232792709
6103.677787720815104 23.085750832488834305
6103.7248478403062109 23.080081691699657398
6103.7719035527652522 23.074416177847307807
6103.8189548554064459 23.068754263056089115
6103.8660017462407268 23.063095919597191852
6103.9130442240466436 23.057441119892953196
6103.9600822883367073 23.05178983652088931
6104.0071159393301059 23.046142042217415025
6104.0541451779190538 23.040497709881361033
6104.1011700056433256 23.034856812577135798
6104.1481904246566046 23.029219323537560626
6104.1952064376991984 23.023585216166463141
6104.2422180480698444 23.017954464040958129
6104.2892252595975151 23.012327040913461929
6104.3362280766123149 23.006702920713465232
6104.3832265039209233 23.001082077549057203
6104.4302205467793101 22.995464485708211555
6104.4772102108645413 22.989850119659816841
6104.524195502252951 22.984238954054500681
6104.5711764273928566 22.978630963725226621
6104.6181529930836405 22.973026123687677824
6104.6651252064493747 22.967424409140434705
6104.7120930749179024 22.961825795464964273
6104.7590566061990103 22.95623025822540697
6104.8060158082626003 22.950637773168200084
6104.8529706893186813 22.945048316221527074
6104.8999212577991784 22.939461863494624794
6104.9468675223351966 22.93387839127690242
6104.9938094917433773 22.928297876036928926
6105.0407471750058903 22.922720294421317533
6105.0876805812549719 22.917145623253446729
6105.1346097197547351 22.911573839532078267
6105.1815345998902558 22.906004920429865024
6105.2284552311493826 22.900438843291738067
6105.2753716231118233 22.894875585633041482
6105.32228378543914 22.88931512513750377
6105.3691917278620167 22.88375743965530873
6105.4160954601684352 22.878202507201095273
6105.4629949921954903 22.872650305951960803
6105.5098903338166565 22.867100814245389984
6105.5567814949354215 22.861554010577144425
6105.6036684854752821 22.856009873599113291
6105.6505513153706488 22.850468382117114174
6105.6974299945622988 22.844929515088669092
6105.7443045329873712 22.839393251620766279
6105.7911749405766386 22.833859570967590003
6105.8380412272481408 22.828328452528250381
6105.884903402902637 22.822799875844310691
6105.9317614774226968 22.817273820597357314
6105.9786154606699711 22.811750266606718895
6106.0254653624815546 22.806229193827252999
6106.0723111926663478 22.800710582347175404
6106.1191529610041471 22.795194412385800575
6106.1659906772456452 22.789680664291338985
6106.2128243511069741 22.784169318538683768
6106.2596539922742522 22.77866035572725778
6106.3064796103990375 22.773153756578867757
6106.3533012151001458 22.767649501935601108
6106.4001188159636513 22.762147572757772451
6106.4469324225483433 22.756647950121671187
6106.4937420443848168 22.751150615217436979
6106.540547690981839 22.74565554934732603
6106.5873493718254394 22.740162733923899196
6106.6341470963834581 22.734672150468195895
6106.6809408741064544 22.729183780607872478
6106.7277307144331644 22.723697606075287325
6106.7745166267932291 22.718213608705834616
6106.8212986206090136 22.71273177043634206
6106.8680767053001546 22.707252073303521911
6106.9148508902862886 22.701774499442478827
6106.9616211849897809 22.696299031085285236
6107.0083875988402724 22.690825650559631299
6107.0551501412783182 22.685354340287688046
6107.1019088217617536 22.679885082784917216
6107.1486636497675136 22.674417860659005441
6107.1954146347961796 22.668952656608887253
6107.2421617863783467 22.663489453423682818
6107.2889051140755328 22.65802823398168897
6107.3356446274865448 22.652568981249441293
6107.3823803362520266 22.647111678280829494
6107.4291122500571873 22.641656308216262516
6107.4758403786363488 22.636202854281901153
6107.5225647317765834 22.630751299788954611
6107.5692853193231713 22.625301628133012599
6107.6160021511832383 22.619853822793452025
6107.6627152373275749 22.614407867332875668
6107.709424587797912 22.608963745396636114
6107.7561302127087401 22.603521440712590618
6107.8028321222554951 22.598080937090767151
6107.8495303267154668 22.592642218422767542
6107.8962248364541665 22.587205268681366022
6107.9429156619307832 22.581770071920338694
6107.9896028136972745 22.576336612274250371
6108.0362863024038234 22.570904873958284043
6108.0829661388033855 22.56547484126812364
6108.1296423337525994 22.560046498579851004
6108.1763148982136045 22.554619830349960097
6108.2229838432594988 22.54919482111532858
6108.2696491800770673 22.543771455493168077
6108.3163109199686005 22.538349718180931802
6108.3629690743573519 22.532929593956406933
6108.4096236547875378 22.527511067677831846
6108.4562746729270657 22.522094124284031125
6108.5029221405693534 22.516678748794596743
6108.5495660696333289 22.511264926310062151
6108.5962064721670686 22.50585264201212965
6108.6428433603487065 22.500441881163901314
6108.6894767464855249 22.495032629110134792
6108.7361066430175924 22.489624871277491991
6108.7827330625168543 22.484218593174794876
6108.8293560176880419 22.478813780393323896
6108.8759755213695826 22.473410418607144834
6108.9225915865335992 22.468008493573421447
6108.9692042262859104 22.462607991132749419
6109.0158134538669401 22.457208897209497422
6109.0624192826498984 22.451811197812165943
6109.1090217261426005 22.446414879033738998
6109.1556207979847386 22.441019927052042959
6109.2022165119478814 22.435626328130105378
6109.2488088819372933 22.43023406861651381
6109.2953979219873872 22.424843134945774636
6109.3419836462626336 22.419453513638696762
6109.3885660690557415 22.41406519130275754
6109.4351452047876592 22.408678154632454493
6109.4817210680048447 22.403292390409657031
6109.5282936733783572 22.397907885503947512
6109.574863035701128 22.392524626872951643
6109.6214291698879606 22.387142601562672439
6109.667992090971893 22.381761796707809964
6109.7145518141041975 22.376382199532070416
6109.7611083545507427 22.371003797348461006
6109.8076617276901743 22.365626577559577726
6109.8542119490120967 22.360250527657886011
6109.9007590341152536 22.354875635225987196
6109.9473029987029804 22.349501887936870759
6109.9938438585832046 22.344129273554152348
6110.0403816296629884 22.338757779932318925
6110.0869163279503482 22.33338739501692416
6110.1334479695460686 22.328018106844798041
6110.1799765706455219 22.322649903544199645
6110.226502147532301 22.317282773334984114
6110.2730247165782203 22.311916704528762523
6110.3195442942396767 22.306551685529033335
6110.3660608970521935 22.301187704831292535
6110.4125745416304198 22.295824751023150867
6110.4590852446635836 22.290462812784411994
6110.5055930229127625 22.285101878887140003
6110.5520978932063372 22.279741938195702033
6110.5985998724399906 22.274382979666771831
6110.6450989775694325 22.269024992349340408
6110.6915952256113087 22.263667965384719594
6110.7380886336359254 22.258311888006527823
6110.7845792187672487 22.252956749540707904
6110.8310669981783576 22.24760253940555188
6110.8775519890905343 22.242249247111594457
6110.9240342087678073 22.236896862261545493
6110.9705136745151322 22.231545374550339744
6111.0169904036756634 22.226194773765030277
6111.0634644136271163 22.220845049784642811
6111.1099357217772194 22.215496192580033608
6111.1564043455628052 22.210148192213711837
6111.2028703024434435 22.204801038839661942
6111.2493336098996224 22.199454722703134024
6111.2957942854309294 22.194109234140423581
6111.3422523465515042 22.188764563578644129
6111.3887078107854904 22.183420701535428776
6111.4351606956679461 22.178077638618617584
6111.4816110187375671 22.172735365526001772
6111.5280587975394155 22.167393873045259767
6111.5745040496185538 22.162053152053626803
6111.6209467925209537 22.15671319351744728
6111.6673870437925871 22.151373988491826594
6111.7138248209712401 22.146035528120290081
6111.7602601415892423 22.140697803634417085
6111.8066930231652805 22.135360806353446605
6111.8531234832080372 22.130024527683723079
6111.8995515392080051 22.124688959118277154
6111.9459772086420344 22.119354092236299891
6111.9924005089706043 22.114019918702584988
6112.0388214576360042 22.108686430266978107
6112.0852400720623336 22.10335361876391147
6112.1316563696518642 22.098021476111970429
6112.1780703677823112 22.092689994313431612
6112.2244820838031956 22.087359165453811727
6112.2708915350358438 22.082028981701395054
6112.3172987387688408 22.076699435306760932
6112.3637037122553011 22.071370518602297039
6112.4101064727101402 22.066042224001730432
6112.4565070373100752 22.060714543999612403
6112.5029054231881673 22.055387471170831759
6112.5493016474329124 22.050060998170085469
6112.5956957270864223 22.044735117731399043
6112.6420876791416958 22.039409822667664685
6112.6884775205389815 22.034085105870126142
6112.7348652681666863 22.028760960307842254
6112.7812509388559192 22.023437379027143379
6112.8276345493814006 22.018114355151094941
6112.874016116457824 22.012791881878936096
6112.9203956567371279 22.007469952485532616
6112.9667731868075862 22.00214856032081201
6113.0131487231919891 21.996827698809212848
6113.0595222823449149 21.991507361449112778
6113.1058938806527294 21.98618754181220325
6113.1522635344335868 21.9808682335426262
6113.1986312599392477 21.97554943035615338
6113.2449970733514419 21.970231126039514891
6113.2913609907827777 21.964913314449823645
6113.3377230282749224 21.959595989514053116
6113.3840832018049696 21.95427914522842272
6113.4304415272854385 21.948962775657687274
6113.4767980205615459 21.943646874934540136
6113.5231526974130247 21.93833143725907675
6113.5695055735532151 21.933016456898482005
6113.6158566646254258 21.927701928186483116
6113.6622059862056631 21.922387845522759875
6113.7085535537989927 21.917074203372351349
6113.7548993828395396 21.911760996265066126
6113.80124348868776 21.906448218794839278
6113.8475858866340786 21.901135865619131948
6113.8939265918988895 21.895823931458540557
6113.9402656196307362 21.89051241109622481
6113.9866029849081315 21.885201299377314399
6114.0329387027359189 21.879890591208347672
6114.079272788045273 21.874580281556749384
6114.1256052556955183 21.869270365450422133
6114.17193612047231 21.863960837977341356
6114.218265397086725 21.858651694285299527
6114.2645931001788995 21.853342929581582865
6114.3109192443162101 21.848034539132367371
6114.3572438439905454 21.842726518262129076
6114.4035669136210345 21.8374188623530614
6114.4498884675513182 21.832111566844496053
6114.4962085200477304 21.826804627232331057
6114.542527085301117 21.821498039068497832
6114.5888441774250168 21.816191797960406973
6114.635159810454752 21.810885899570369162
6114.6814739983483378 21.805580339615048047
6114.7277867549837538 21.80027511386489536
6114.7740980941598536 21.794970218143589591
6114.8204080295954554 21.789665648327495973
6114.8667165749293417 21.784361400345112258
6114.91302374371935 21.779057470176521605
6114.9593295494423728 21.773753853852852558
6115.0056340054925386 21.768450547455739041
6115.0519371251830307 21.763147547116783898
6115.0982389217442687 21.757844849017025979
6115.144539408323908 21.7525424493864179
6115.1908385979859304 21.74724034450329313
6115.2371365037124633 21.741938530693854403
6115.2834331384001416 21.736637004331651468
6115.3297285148628362 21.731335761837065945
6115.3760226458298348 21.726034799676810394
6115.4223155439467519 21.72073411436341317
6115.4686072217737092 21.715433702454728149
6115.5148976917862456 21.710133560553430243
6115.5611869663753168 21.704833685306525126
6115.6074750578472958 21.699534073404862511
6115.6537619784221533 21.694234721582645875
6115.7000477402352772 21.688935626616959951
6115.7463323553365626 21.683636785327284002
6115.792615835689503 21.678338194575029974
6115.8388981931739181 21.673039851263055766
6115.8851794395886827 21.667741752335178518
6115.9314595866526361 21.662443894775709197
6115.9777386460036723 21.65714627560900496
6116.0240166292005597 21.651848891899046379
6116.0702935477211213 21.646551740748982695
6116.1165694129649637 21.641254819300666412
6116.1628442362543865 21.63595812473417368
6116.2091180288371106 21.630661654267427707
6116.255390801885369 21.625365405155832832
6116.3016625664940875 21.620069374691837538
6116.3479333336845229 21.61477356020452234
6116.3942031143997156 21.609477959059173457
6116.440471919508127 21.604182568656867147
6116.4867397598018215 21.598887386434064695
6116.533006645997375 21.593592409862196746
6116.5792725887349661 21.588297636447268957
6116.6255375985774663 21.58300306372945343
6116.6718016860131684 21.577708689282705024
6116.7180648614530583 21.57241451071437055
6116.7643271352335432 21.567120525664826403
6116.8105885176137235 21.561826731807119728
6116.8568490187763018 21.556533126846574078
6116.9031086488321307 21.5512397085205194
6116.9493674178265792 21.545946474597833742
6116.9956253357377136 21.540653422878481393
6117.0418824124808452 21.53536055119313275
6117.0881386579048922 21.530067857402812592
6117.1343940817960174 21.52477533939853771
6117.1806486938739909 21.519482995100972289
6117.2269025037940082 21.514190822460065533
6117.2731555211476007 21.508898819454714157
6117.3194077554626347 21.503606984092339616
6117.3656592162051311 21.498315314408280585
6117.4119099127810841 21.493023808465444802
6117.4581598545364614 21.487732464353978656
6117.5044090507572037 21.482441280190961663
6117.5506575106674063 21.477150254120083162
6117.5969052434338664 21.471859384311326124
6117.6431522581615354 21.466568668960636757
6117.6893985638962477 21.46127810628960475
6117.7356441696274487 21.455987694544987221
6117.7818890842872861 21.450697431998342779
6117.8281333167542471 21.445407316945587439
6117.8743768758540682 21.440117347706681983
6117.9206197703588259 21.434827522625337082
6117.9668620089878459 21.429537840068725529
6118.0131036004058842 21.424248298427201576
6118.0593445532258556 21.418958896114009605
6118.1055848760079243 21.413669631565024787
6118.1518245772622322 21.408380503238593207
6118.1980636654498085 21.403091509615297383
6118.2443021489816601 21.397802649197689817
6118.2905400362215005 21.392513920510044301
6118.3367773354839301 21.387225322098085911
6118.3830140550353462 21.381936852528752979
6118.4292502030948526 21.376648510389937741
6118.4754857878324401 21.3713602942902412
6118.5217208173744439 21.366072202858557461
6118.5679552998071813 21.360784234743743326
6118.614189243173314 21.355496388614387371
6118.660422655475486 21.350208663158579014
6118.7066555446754137 21.344921057083677596
6118.7528879186929771 21.339633569116092104
6118.7991197854071288 21.334346198001053807
6118.8453511526586226 21.329058942502282292
6118.8915820282481945 21.323771801401594672
6118.9378124199392914 21.318484773498692419
6118.9840423354580707 21.313197857610933994
6119.0302717824934007 21.307911052573057731
6119.0765007687014077 21.302624357237018415
6119.1227293017054762 21.297337770471852281
6119.1689573890989777 21.292051291163549109
6119.215185038450727 21.286764918214721831
6119.2614122573022541 21.281478650544308096
6119.3076390531750803 21.276192487087186578
6119.3538654335688989 21.270906426793949606
6119.4000914059652132 21.265620468630739737
6119.4463169778227893 21.260334611579068564
6119.492542156581294 21.255048854635660405
6119.5387669496603849 21.249763196812285315
6119.5849913644597109 21.244477637135599224
6119.6312154083589121 21.239192174646959188
6119.6774390887176196 21.233906808402199573
6119.7236624128772746 21.228621537471479286
6119.7698853881584 21.223336360939125456
6119.8161080218633288 21.218051277903494878
6119.8623303212752944 21.212766287476821248
6119.9085522936584312 21.207481388785080156
6119.9547739462586833 21.202196580967843431
6120.0009952863019862 21.196911863178140578
6120.0472163209988139 21.191627234582263384
6120.093437057544179 21.186342694359861838
6120.1396575031212706 21.181058241704025846
6120.1858776648996354 21.175773875821178649
6120.2320975500379063 21.170489595930927607
6120.2783171656838022 21.165205401265939855
6120.3245365189732183 21.159921291071810856
6120.3707556170311364 21.154637264606943603
6120.4169744669716238 21.149353321142427831
6120.4631930758987437 21.144069459961912116
6120.5094114509047358 21.138785680361493746
6120.5556295990754734 21.133501981649519763
6120.6018475274941011 21.128218363146213932
6120.6480652432419447 21.122934824183527525
6120.6942827533976015 21.117651364105039846
6120.7405000650387592 21.112367982265848099
6120.7867171852421961 21.107084678032464353
6120.8329341210819621 21.101801450782716074
6120.8791508796357448 21.09651829990568217
6120.9253674679839605 21.091235224801735626
6120.9715838932124825 21.085952224882458239
6121.0178001624126409 21.080669299570608644
6121.064016282679404 21.075386448300072573
6121.1102322611141062 21.070103670515774041
6121.1564481048244488 21.064820965673604292
6121.2026638209244993 21.059538333240350738
6121.2488794165374202 21.054255772693839077
6121.2950948987991069 21.048973283522908417
6121.3413102748554593 21.043690865227357989
6121.3875255518651102 21.038408517317918722
6121.4337407370012443 21.033126239316366934
6121.4799558374552362 21.027844030755527882
6121.5261708604339219 21.022561891179233129
6121.5723858131641464 21.017279820142260149
6121.6186007028909444 21.011997817210286144
6121.6648155368784501 21.006715881959841852
6121.7110303224108065 21.001434013978169446
6121.7572450667939847 20.996152212863087527
6121.8034597773576024 20.990870478222937834
6121.8496744614531053 20.985588809676524846
6121.8958891264564954 20.980307206852991442
6121.9421037797692406 20.975025669391662575
6121.9883184288191842 20.969744196941931591
6122.0345330794652909 20.964462789345713389
6122.0807477370462948 20.959181446518233116
6122.1269624090609796 20.953900168141359472
6122.1731771030417804 20.948618953907068629
6122.2193918265511456 20.943337803517387385
6122.2656065871869941 20.93805671668438606
6122.3118213925790769 20.932775693130153627
6122.3580362503926153 20.927494732586787052
6122.4042511683292105 20.922213834796401954
6122.4504661541323003 20.916932999511715252
6122.4966812155944353 20.911652226495903051
6122.5428963605609169 20.906371515522376825
6122.5891115969288876 20.901090866374783417
6122.6353269326500595 20.895810278846987273
6122.6815423757298049 20.890529752743066894
6122.727757934229885 20.885249287877321933
6122.7739736162684494 20.8799688840742661
6122.820189430020946 20.874688541168623601
6122.8664053837219399 20.869408259005343353
6122.9126214856642036 20.864128037439602537
6122.9588377442023557 20.858847876336813698
6123.0050541677510409 20.853567775572638965
6123.0512707647876596 20.848287735032997148
6123.0974875438541858 20.843007754614088611
6123.143704513557168 20.837727834222405932
6123.1899216825695476 20.832447973774915084
6123.2361390596342972 20.827168173199250845
6123.2823566535698774 20.821888432433535598
6123.3285744732693274 20.816608751426329604
6123.3747925277066315 20.811329130136464016
6123.4210108259348999 20.806049568533033778
6123.4672293770900069 20.800770066595408281
6123.5134481903924097 20.7954906243131461
6123.5596672751462393 20.790211241685987886
6123.6058866407438472 20.78493191872389545
6123.6521062966658064 20.779652655447087284
6123.6983262524827296 20.774373451886091857
6123.7445465178552695 20.769094308081790246
6123.7907671025377567 20.763815224085472977
6123.8369880163791095 20.75853619995889332
6123.8832092693273808 20.753257235774224654
6123.9294308714333965 20.747978331613957437
6123.9756528328507557 20.742699487570973815
6124.0218751638376489 20.737420703748611572
6124.0680978747604968 20.732141980260728076
6124.1143209760930404 20.726863317231774886
6124.160544478419979 20.721584714796851046
6124.2067683924406083 20.716306173101639132
6124.2529927289779152 20.711027692302167225
6124.2992174989785781 20.705749272564958119
6124.3454427135184233 20.700470914067366834
6124.391668383805154 20.695192616997580615
6124.4378945211801692 20.68991438155470064
6124.4841211371203826 20.684636207949093745
6124.5303482432436795 20.679358096402477685
6124.5765758513125547 20.674080047147963768
6124.6228039732350226 20.668802060430170542
6124.6690326210709827 20.663524136505255768
6124.715261807031311 20.658246275641026557
6124.761491543482407 20.652968478117017526
6124.8077218429525601 20.64769074422466133
6124.8539527181346784 20.642413074267327744
6124.900184181892655 20.637135468560543927
6124.946416247263187 20.631857927432076139
6124.9926489274575943 20.626580451222057633
6125.0388822358663674 20.621303040283127217
6125.0851161860591674 20.616025694980557148
6125.1313507917902825 20.610748415692398794
6125.1775860669986287 20.605471202809617637
6125.223822025813206 20.600194056736288672
6125.2700586825549181 20.594916977890040499
6125.3162960517402098 20.589639966702172558
6125.362534148087434 20.584363023617701316
6125.4087729865186702 20.579086149095431324
6125.4550125821642723 20.573809343608143507
6125.5012529503646874 20.568532607642762144
6125.5474941066750034 20.563255941700546714
6125.5937360668676774 20.557979346297280188
6125.6399788469343548 20.552702821963453772
6125.6862224630922356 20.547426369244469413
6125.7324669317858934 20.5421499887008423
6125.7787122696909137 20.53687368090841403
6125.8249584937175314 20.531597446458651035
6125.8712056210169976 20.526321285958843532
6125.9174536689870365 20.521045200032158817
6125.9637026552754833 20.515769189317762056
6126.0099525977866506 20.510493254470997471
6126.0562035146876951 20.505217396163452293
6126.102455424413165 20.499941615082914126
6126.1487083456731852 20.494665911933509506
6126.1949622974561862 20.489390287435959692
6126.2412172990343606 20.484114742327950154
6126.2874733699673016 20.478839277364389915
6126.3337305301065498 20.473563893317692219
6126.3799887996028701 20.468288590978044539
6126.4262481989080698 20.463013371153685682
6126.4725087487804558 20.45773823467121133
6126.518770470290292 20.452463182375858253
6126.5650333848252558 20.447188215131813394
6126.6112975140958952 20.441913333822522958
6126.6575628801383573 20.436638539351012156
6126.7038295053225738 20.431363832640204947
6126.750097412355899 20.426089214633261548
6126.796366624291295 20.420814686293912388
6126.8426371645300605 20.415540248606809826
6126.8889090568291067 20.410265902577876318
6126.935182325306414 20.404991649234670348
6126.9814569944492177 20.399717489626844724
6127.0277330891176462 20.394443424826530276
6127.0740106345529057 20.389169455928723096
6127.120289656384557 20.383895584051678895
6127.1665701806359721 20.378621810337310905
6127.2128522337316099 20.373348135951989235
6127.2591358425088401 20.368074562087024049
6127.305421034225219 20.362801089959095435
6127.3517078365666748 20.357527720810608685
6127.3979962776556931 20.352254455909953634
6127.444286386060412 20.346981296551899021
6127.490578190801898 20.341708244058015254
6127.5368717213641503 20.336435299776994157
6127.5831670077041053 20.331162465085348856
6127.6294640802607319 20.32588974138814919
6127.6757629699650352 20.32061713011945514
6127.7220637082482426 20.315344632742821318
6127.7683663270499892 20.310072250751847633
6127.8146708588283218 20.304799985670715756
6127.8609773365678848 20.299527839054743339
6127.9072857937890149 20.294255812490959556
6127.9535962645595646 20.288983907598911571
6127.9999087835067257 20.283712126031616663
6128.0462233858315813 20.278440469475956576
6128.0925401073191097 20.273168939653228193
6128.138858984349099 20.267897538319914474
6128.1851800539070609 20.262626267268384339
6128.2315033535942348 20.257355128327461102
6128.2778289216430494 20.252084123362919854
6128.3241567969243988 20.246813254278091421
6128.3704870189621943 20.241542523014540933
6128.4168196279433687 20.236271931552781922
6128.463154664731519 20.231001481912969098
6128.5094921708778202 20.225731176155505864
6128.5558321886383055 20.220461016381658936
6128.6021747609838712 20.215191004734244018
6128.6485199316166472 20.209921143398410948
6128.6948677449790921 20.20465143460242885
6128.741218246270364 20.199381880618496155
6128.7875714814608727 20.194112483763539956
6128.8339274973041029 20.188843246400026032
6128.8802863413548039 20.183574170936637415
6128.9266480619862705 20.178305259828977825
6128.9730127084030755 20.173036515580321293
6129.0193803306601694 20.167767940742507449
6129.0657509796756131 20.162499537916843906
6129.1121247072478582 20.157231309755019311
6129.1585015660721183 20.151963258960048364
6129.2048816097567396 20.146695388287309214
6129.2512648928423005 20.141427700545712298
6129.2976514708161631 20.136160198598656024
6129.344041400135211 20.130892885365017975
6129.3904347382385822 20.125625763820181646
6129.4368315435704062 20.120358836997056073
6129.4832318755961751 20.11509210798713454
6129.5296357948245713 20.109825579941549734
6129.5760433628247483 20.104559256072199958
6129.622454642251796 20.099293139652871787
6129.668869696864931 20.094027234020245487
6129.7152885915511433 20.088761542575024777
6129.7617113923461147 20.083496068783080801
6129.8081381664560467 20.078230816176620976
6129.8545689822813074 20.072965788355368488
6129.9010039094382591 20.067700988987756006
6129.9474430187856342 20.062436421812041232
6129.9938863824518194 20.05717209063734785
6130.040334073856684 20.051907999344859235
6130.0867861677388646 20.046644151889090324
6130.1332427401839595 20.041380552299138174
6130.1797038686499945 20.036117204679715798
6130.2261696320001647 20.030854113212157586
6130.2726401105310288 20.025591282155676964
6130.3191153860007034 20.02032871584871998
6130.3655955416570578 20.015066418710325991
6130.4120806622677264 20.009804395241495456
6130.4585708341519421 20.004542650026589712
6130.5050661452105487 19.999281187734727183
6130.5515666849587433 19.994020013121211576
6130.5980725445560893 19.988759131028956517
6130.6445838168447153 19.983498546390119799
6130.6911005963811476 19.978238264227655918
6130.7376229794745086 19.972978289656730055
6130.7841510642201683 19.967718627886185345
6130.8306849505379432 19.96245928422005278
6130.8772247402102948 19.957200264059046901
6130.9237705369187097 19.951941572902104127
6130.970322446285536 19.946683216348095158
6131.0168805759140014 19.941425200097345538
6131.0634450354318687 19.936167529953142008
6131.1100159365323634 19.930910211823324119
6131.1565933930196479 19.925653251721872294
6131.2031775208515683 19.920396655770442607
6131.2497684381878571 19.915140430199894439
6131.2963662654356085 19.909884581351644073
6131.3429711253038477 19.904629115678947215
6131.389583142853553 19.899374039748142451
6131.436202445554045 19.894119360240047456
6131.4828291633357367 19.888865083951419166
6131.529463428641975 19.883611217796516968
6131.5761053764845201 19.878357768808669448
6131.622755144500843 19.873104744141812716
6131.6694128730114244 19.867852151072050049
6131.7160787050779618 19.862599996999183105
6131.762752786564306 19.857348289448239598
6131.8094352662019446 19.852097036070990299
6131.8561262956500286 19.846846244647419866
6131.9028260295644941 19.841595923087151476
6131.9495346256671837 19.836346079430864364
6131.9962522448140589 19.831096721851732667
6132.0429790510661405 19.825847858656828748
6132.0897152117677251 19.820599498288640206
6132.1364608976191448 19.815351649326682804
6132.1832162827613502 19.810104320488715501
6132.2299815448523077 19.804857520632012324
6132.276756865153402 19.799611258754680421
6132.3235424286131092 19.794365543996960355
6132.3703384239579464 19.789120385642348765
6132.4171450437806925 19.783875793118735231
6132.4639624846340666 19.778631775999475195
6132.5107909471262246 19.773388344004416695
6132.5576306360217131 19.768145507000877359
6132.604481760341514 19.762903275004553905
6132.6513445334694552 19.757661658180339259
6132.6982191732604406 19.75242066684313258
6132.7451059021559558 19.747180311458766511
6132.7920049472986648 19.741940602644511671
6132.8389165406524626 19.73670155116963798
6132.8858409191243481 19.731463167955872962
6132.9327783246917534 19.726225464077788985
6132.9797290045362388 19.720988450763346833
6133.0266932111780989 19.715752139393934783
6133.0736712026200621 19.710516541504397026
6133.1206632424891723 19.705281668783005244
6133.167669600183217 19.700047533071320061
6133.2146905510289798 19.694814146363995633
6133.2617263764350355 19.689581520808392412
6133.3087773640600062 19.684349668704054892
6133.3558438079789994 19.679118602502075674
6133.4029260088636875 19.673888334804580325
6133.4500242741651164 19.668658878363451947
6133.4971389183028805 19.663430246079016683
6133.5442702628579354 19.658202450998768285
6133.591418636772687 19.652975506315890186
6133.6385843765610844 19.647749425367635467
6133.6857678265187133 19.64252422163339773
6133.7329693389492604 19.637299908732650522
6133.7801892743946155 19.632076500422751764
6133.8274280018713398 19.626854010596471056
6133.8746858991180488 19.621632453279332253
6133.9219633528518898 19.616411842626725104
6133.9692607590295665 19.611192192920775312
6134.0165785231247355 19.605973518566980118
6134.063917060409949 19.600755834090591634
6134.1112767962495127 19.595539154132712412
6134.1586581664068945 19.590323493446142322
6134.2060616173575909 19.585108866890916346
6134.2534876066183642 19.579895289429543936
6134.3009366030855745 19.574682776121996142
6134.3484090873889727 19.569471342120202451
6134.3959055522600465 19.564261002662284739
6134.4434265029121889 19.559051773066371993
6134.4909724574326901 19.553843668724208982
6134.5385439471911013 19.548636705094391885
6134.5861415172603301 19.543430897695241555
6134.6337657268559269 19.538226262097285968
6134.6814171497926509 19.533022813915341231
6134.7290963749528601 19.527820568800169809
6134.7768040067794573 19.522619542429715978
6134.8245406657824788 19.517419750499890085
6134.8723069890684201 19.512221208714908727
6134.9201036308868424 19.507023932777141084
6134.9679312631988068 19.50182793837647921
6135.0157905762671362 19.496633241179196716
6135.0636822792703242 19.491439856816288767
6135.1116071009391817 19.486247800871154823
6135.1595657902180392 19.481057088866830185
6135.2075591169495965 19.47586773625262424
6135.2555878725879666 19.470679758390179614
6135.3036528709399136 19.465493170538945122
6135.351754948929738 19.460307987840927524
6135.3998949674005416 19.455124225304839314
6135.4480738119418675 19.449941897789535972
6135.4962923937500818 19.444761019986703587
6135.5445516505242267 19.43958160640275068
6135.5928525473927948 19.434403671339978814
6135.6411960778805224 19.429227228877071099
6135.6895832649088334 19.424052292848735135
6135.7380151618353921 19.418878876824525292
6135.786492853535492 19.41370699408685141
6135.8350174575243727 19.408536657608379983
6135.8835901251250107 19.403367880028103087
6135.9322120426768379 19.398200673626497803
6135.9808844327953921 19.393035050299744171
6136.0296085556738035 19.387871021532905758
6136.0783857104415802 19.382708598372069275
6136.1272172365725055 19.377547791395361543
6136.1761045153452869 19.372388610682847343
6136.225048971364231 19.367231065785279753
6136.274052074139945 19.362075165691525314
6136.3231153397264279 19.356920918794706665
6136.3722403324218249 19.3517683328571799
6136.4214286665337568 19.346617414974144111
6136.4706820082110426 19.3414681715358725
6136.5200020773490905 19.336320608188387382
6136.5693906495644114 19.33117472979279583
6136.6188495582428004 19.326030540383200673
6136.6683806966675547 19.320888043123105149
6136.7179860202222699 19.315747240260197515
6136.7676675486809472 19.310608133079519177
6136.8174273685817752 19.305470721854973704
6136.8672676356873126 19.300335005799141186
6136.9171905775438063 19.295200983011575602
6136.9671984961278213 19.290068650424874619
6137.0172937705920049 19.284938003749186208
6137.0674788601099863 19.279809037414771922
6137.1177563068204108 19.274681744512808024
6137.1681287388782948 19.269556116734325002
6137.2185988736137006 19.264432144307317429
6137.2691695208050078 19.259309815931928256
6137.3198435860595055 19.254189118713732398
6137.370624074315856 19.249070038095236868
6137.4215140934629744 19.243952557785640067
6137.4725168580780519 19.238836659688764996
6137.5236356932946364 19.233722323829333334
6137.5748740387871294 19.228609528277583962
6137.6262354528989817 19.223498249073159627
6137.677723616889125 19.218388460146631047
6137.7293423393157354 19.213280133240630221
6137.7810955605464187 19.208173237829988977
6137.8329873574039084 19.203067741040694472
6137.8850219479381849 19.197963607568226507
6137.9372036963277424 19.19286079959591973
6137.9895371179063659 19.187759276713549639
6138.042026884322695 19.182658995836547433
6138.0946778288162022 19.1775599111263233
6138.1474949516186825 19.172461973912263034
6138.2004834254694288 19.167365132615948653
6138.2536486012377281 19.162269332678096845
6138.3069960136517693 19.157174516489217098
6138.3605313871103135 19.152080623325126396
6138.4142606415834962 19.146987589288134046
6138.4681898985736552 19.141895347254948234
6138.5223254871407335 19.136803826832892383
6138.5766739499649702 19.131712954325152509
6138.6312420494241451 19.126622652706327443
6138.6860367736717308 19.121532841610527242
6138.7410653426868521 19.116443437333344946
6138.7963352142760414 19.11135435284997186
6138.851854089990411 19.106265497851310897
6138.9076299209291392 19.10117677880035103
6138.9636709133956174 19.096088099011151229
6139.0199855343626041 19.090999358753059312
6139.0765825166945433 19.085910455381608131
6139.1334708640952158 19.080821283502206853
6139.1906598557243342 19.075731735167316572
6139.2481590504303313 19.070641700110847694
6139.3059782905411339 19.065551066023115112
6139.3641277051483485 19.060459718870149004
6139.4226177128202835 19.055367543259880136
6139.4814590236792355 19.050274422861232182
6139.5406626407666408 19.045180240876199207
6139.6002398606160568 19.040084880570571357
6139.660202272954848 19.034988225865699718
6139.7205617594645446 19.029890161995751896
6139.7813304915043773 19.024790576231662698
6139.842520926807083 19.019689358682381197
6139.9041458049759967 19.014586403153188598
6139.9662181415715168 19.009481608087700266
6140.02875122079422 19.004374877583359194
6140.0917585866172885 18.999266122483327024
6140.1552540322700224 18.994155261545596858
6140.2192515879723942 18.989042222687551487
6140.2837655068378808 18.98392694430647154
6140.3488102488745426 18.978809376668721143
6140.4144004630234122 18.973689483366257491
6140.4805509671841719 18.968567242832094166
6140.547276726149903 18.963442649904447279
6140.6145928275091137 18.958315717440516579
6140.6808634366043407 18.953310636148760437
6140.7458188650898592 18.948445551299283096
6140.8095450485334368 18.943711651470700019
6140.8721204947696606 18.939100907329727619
6140.9336171256873058 18.934605982284494985
6140.994101159029924 18.930220144252395187
6141.0536332750925794 18.925937232598492699
6141.1122694351761311 18.921751580072005083
6141.1700614408109686 18.917657956465316005
6141.2270572094457748 18.913651534548179711
6141.2833011217207968 18.909727852430357586
6141.338834412164033 18.90588277449407073
6141.3936954618848176 18.902112460663751392
6141.4479200543864863 18.898413339437720282
6141.5015416010064655 18.894782084057958116
6141.5545913446721897 18.89121559108459536
6141.6070985468531944 18.887710960938886018
6141.6590906450273906 18.884265481155200206
6141.7105933983921204 18.880876611050076974
6141.7616310051062101 18.877541968833813968
6141.8122262441302155 18.874259317618253817
6141.8624005427082011 18.8710265567327653
6141.9121741337867206 18.867841707623583147
6141.9615660954241321 18.864702907759628658
6142.010594439489978 18.861608401648521038
6142.0592762152609794 18.85855653125110365
6142.1076274983561234 18.855545733864929048
6142.1556634853568539 18.852574533547571178
6142.2033985673633651 18.84964153414256316
6142.2508463321755698 18.846745416896698799
6142.2980196193520896 18.843884934951105947
6142.344930669392852 18.841058902372939343
6142.3915909596607889 18.838266202280415484
6142.4380113216047903 18.83550577796042802
6142.4842020148271331 18.832776626848858115
6142.5301726744337429 18.830077802138710297
6142.575932380269478 18.827408407222698372
6142.6214896878354921 18.824767592544080941
6142.6668526690200451 18.822154551987271276
6142.7120288865853581 18.81956852317055251
6142.7570254405454762 18.817008783637138691
6142.8018489908472475 18.814474648509659005
6142.846505803963737 18.81196546688009974
6142.8910017551870624 18.809480620787198291
6142.9353423250659034 18.807019524545754763
6142.9795326684707106 18.80458162009615819
6143.0235776199851898 18.80216637599454188
6143.0674817215922303 18.799773285218716268
6143.1112491339335975 18.797401869335814695
6143.1548839034012417 18.79505166340812039
6143.1983898813841733 18.792722219994995925
6143.2417707884833362 18.790413105315977305
6143.285030310293223 18.78812389387867654
6143.3281721735847896 18.785854164318049442
6143.3712002992033376 18.78360349137614449
6143.4141188991598028 18.781371441050577431
6143.456932320170381 18.779157578981305221
6143.499644299645297 18.776961508675206858
6143.5422567957057254 18.774782930150987426
6143.5847697288618292 18.772621650388614967
6143.6271821885247846 18.770477519575653247
6143.6694937959109666 18.768350361628971967
6143.7117050635324631 18.766239957040909303
6143.7538171534015419 18.764146056105001747
6143.7958315769274122 18.762068394585845965
6143.8377500002270608 18.760006703709620979
6143.8795741484937025 18.757960714999629914
6143.9213057756196577 18.755930161789972743
6143.9629468960838494 18.753914768031361149
6144.0044992876410106 18.751914272462165911
6144.0459647303987367 18.749928416847307489
6144.0873449985756451 18.74795694633591836
6144.1286418665340534 18.745999609132706354
6144.1698571122879002 18.744056156297801863
6144.2109925111826669 18.742126342012205953
6144.2520498287021837 18.740209923875308817
6144.2930308237455392 18.738306662707916672
6144.3339372473383264 18.736416322570960347
6144.3747708419086848 18.734538670757238776
6144.4155333388935105 18.732673477858842404
6144.4562265031781862 18.730820515704909468
6144.4968520463635286 18.72897956128807806
6144.5374116699604201 18.727150394731733485
6144.5779071630904582 18.725332794874322673
6144.61834029693091 18.723526544036300123
6144.6587127466000311 18.721731431434768922
6144.6990261800692679 18.719947249127688593
6144.7392822641941166 18.718173791712736431
6144.7794826549497884 18.716410856724795764
6144.8196290042460532 18.714658244299815948
6144.8597230518917058 18.712915753154899079
6144.8997664355583765 18.711183188848934833
6144.9397607823138969 18.709460359721372669
6144.9797077285347768 18.707747076002707587
6145.0196089710771048 18.70604314761529352
6145.0594661473887754 18.704348389288114163
6145.0992808635301117 18.702662619291047008
6145.1390547152777799 18.70098565849176353
6145.178789281580066 18.699317330594439568
6145.2184861873884074 18.697657459477198927
6145.2581470521736264 18.696005871345036553
6145.29777343402111 18.694362397012572075
6145.3373668718313638 18.69272687008713163
6145.3769290104773972 18.691099121788834481
6145.416461239340606 18.689478995796125815
6145.4559650496385075 18.687866333457147761
6145.495441753839259 18.686260985236156529
6145.5348926211036087 18.684662805075095804
6145.5743189673949018 18.683071646710583735
6145.6137220064438225 18.681487369670218612
6145.6531028716435685 18.679909838301146152
6145.6924626611271378 18.678338919896738446
6145.7318023969810383 18.676774486273277631
6145.7711230632994557 18.675216412194206583
6145.8104256241886105 18.673664574618641154
6145.8497109912432279 18.672118853950411932
6145.8889800424121859 18.670579133249823656
6145.9282335997186237 18.669045299066723942
6145.9674724232445442 18.667517241624437929
6146.0066972490976696 18.665994853296318468
6146.0459087782719507 18.664478029009202942
6146.0851076704229854 18.66296666644996094
6146.1242945721342039 18.66146066494472322
6146.1634705631568067 18.659959908373934923
6146.2026361286152678 18.658464304611275253
6146.2417917412476527 18.656973763023103174
6146.2809376789955422 18.655488201365031387
6146.3200740218699138 18.654007545780501687
6146.3592013541092456 18.652531704238402455
6146.3983202834460826 18.651060584865241765
6146.4374314782244255 18.649594094558498369
6146.4765356311299911 18.648132140362935871
6146.5156334708944996 18.646674629036308346
6146.5547257521811844 18.645221467431795759
6146.5938133226409263 18.643772560016685702
6146.6328969537653393 18.64232781515053361
6146.6719773972954499 18.640887142955836708
6146.7110554156197395 18.639450454178987826
6146.7501317482337981 18.638017661410700043
6146.7892071076175853 18.636588679212511721
6146.8282821945467731 18.635163423533754212
6146.8673574816521068 18.633741819558075292
6146.9064335040147853 18.632323791054968609
6146.9455108964702958 18.630909259050561388
6146.9845902419956474 18.629498147329854874
6147.0236721242663407 18.628090380512215773
6147.0627570943397586 18.626685885237222351
6147.1018456930041793 18.625284589340260766
6147.1409384275066259 18.623886422669936991
6147.18003572240832 18.622491318816305039
6147.2191379712940034 18.621099213229523883
6147.2582455447818575 18.619710042915215809
6147.297358768725644 18.618323747189489126
6147.3364779180528785 18.616940267871918024
6147.3756032699138814 18.615559547385544192
6147.4147350779603585 18.614181529656065095
6147.45387353895876 18.612806161268636629
6147.4930188255912071 18.611433390292052792
6147.532171181056583 18.610063162956897997
6147.5713307448113483 18.608695429754920525
6147.6104974665322516 18.607330148393060654
6147.6496712533908067 18.60596727860523103
6147.6888519616750273 18.604606782425261002
6147.7280394262852496 18.603248623145656637
6147.7672334624339783 18.601892765249083084
6147.806433866207044 18.600539174379900231
6147.8456404375592683 18.599187816543675922
6147.8848530075538292 18.597838657169262433
6147.924071387332333 18.596491662866476702
6147.9632954170456287 18.595146799740881249
6148.0025250253011109 18.593804031366058638
6148.0417601391982316 18.592463321877051641
6148.0810006818255715 18.591124636051116426
6148.1202466140639444 18.589787937879652446
6148.1594978879693372 18.588453192158173266
6148.1987544181829435 18.5871203654493371
6148.238016122792942 18.585789424684485027
6148.2772829854129668 18.584460335060715153
6148.3165549853310949 18.583133062412059644
6148.3558320536085375 18.581807574683949724
6148.395114134040341 18.580483839863873641
6148.4344011417415459 18.579161827372509208
6148.473692963526446 18.577841508039622198
6148.5129894760320894 18.576522853485503362
6148.5522905456173248 18.575205836117813618
6148.5915960290194562 18.573890429103254718
6148.6309058210772491 18.572576604767419894
6148.6702198543789564 18.571264334610731339
6148.7095380016589843 18.569953592563773981
6148.7488600708547892 18.568644355134861001
6148.7881858877608465 18.567336598645709955
6148.8275153068880172 18.566030298870888515
6148.8668481445274665 18.564725433258931986
6148.9061841872298828 18.563421980640008258
6148.9455232092323058 18.562119920640089532
6148.984864955359626 18.56081923424004998
6149.0242091623940723 18.55951990306149213
6149.0635555651952018 18.558221909160145913
6149.1029038951264738 18.556925235074032798
6149.1422538785809593 18.55562986386803459
6149.1816052178282916 18.554335779759345115
6149.220957612278653 18.553042967411975894
6149.2603107803170133 18.551751411216869769
6149.2996644421909878 18.550461095852604387
6149.3390183218725724 18.549172006221439801
6149.3783722028720149 18.547884125620853979
6149.4177260781334553 18.546597430850603416
6149.4570797465457872 18.545311905413946363
6149.4964331289556867 18.544027529175927782
6149.5357859318100964 18.542744289340163277
6149.5751378430268232 18.541462174035924448
6149.6144886376368959 18.540181168874894979
6149.6538380494066587 18.538901261133606369
6149.693185802343578 18.537622438721019336
6149.7325316523219954 18.536344688822669724
6149.7718753513754564 18.535067999059620547
6149.8112165502961943 18.533792360641612618
6149.8505549274141231 18.532517764180493458
6149.889890364231178 18.531244194006195158
6149.9292228596405039 18.52997163096127764
6149.9685522502395543 18.528700061449665526
6150.0078783892904539 18.527429471634135894
6150.0472011519404987 18.526159847265773806
6150.0865207018887304 18.524891165081111666
6150.1258369802244488 18.52362340930510598
6150.16514984915284 18.522356566993437355
6150.2044591865369512 18.521090624976906724
6150.2437648514287503 18.519825570968404094
6150.2830667671914853 18.518561390884364926
6150.3223649704586933 18.517298067273806339
6150.3616594139994049 18.516035585656677398
6150.4009499025769401 18.514773936571106816
6150.4402364170855435 18.513513105157002769
6150.479518953364277 18.512253076336588009
6150.5187975262433611 18.51099383468194759
6150.5580721695450848 18.509735364412890135
6150.5973429389623561 18.508477649302328416
6150.6366098966036589 18.507220673168596647
6150.6758733858077903 18.505964411081230026
6150.7151334823483921 18.504708846924479815
6150.7543902776460527 18.503453964322023495
6150.7936438780061508 18.502199746658465784
6150.8328944041304567 18.500946177092078671
6150.8721419920620974 18.499693238521725647
6150.9113867942769502 18.498440913549071496
6150.9506289738756095 18.497189184661063877
6150.9898687291224633 18.495938033444286219
6151.029106260005392 18.494687441648888893
6151.0683421878457011 18.493437377818377598
6151.1075767636320961 18.492187822519166929
6151.1468101377577113 18.490938759728241081
6151.1860424695196343 18.489690173339596413
6151.2252739276518696 18.488442047144136637
6151.2645042005196956 18.487194380401778204
6151.3037335056569646 18.485947155721845547
6151.3429620430279101 18.484700356461917892
6151.3821900195971466 18.483453965942775454
6151.4214176359373596 18.482207967870770915
6151.460645084144744 18.480962346400399809
6151.4998725391642438 18.479717086406150628
6151.5391000923091269 18.478472175587949522
6151.5783279006127486 18.477227599726678164
6151.617556106534721 18.475983345230595489
6151.6567848413915272 18.474739399022894304
6151.6960142806547083 18.473495746785669525
6151.735244583522217 18.472252374873768588
6151.7744758714743512 18.471009270990794704
6151.8137082374196325 18.469766423895261909
6151.8529417046547678 18.468523824696628566
6151.8921762772661168 18.467281465254487216
6151.9314119407645194 18.466039338155535887
6151.9706486627492268 18.464797436689568855
6152.0098863944322147 18.463555754798353092
6152.0491250723716803 18.462314287018042336
6152.0883646198008137 18.461073028434718424
6152.1276049483840325 18.459831974626368378
6152.166845950341667 18.458591121909545762
6152.2060875275383296 18.457350466417430823
6152.2453295851728399 18.45611000429750348
6152.2845720087170776 18.454869732438666574
6152.3238146814401262 18.453629647915093415
6152.3630574840617555 18.452389747995340485
6152.4023002757285212 18.45115003074144866
6152.4415429085593132 18.449910494547303585
6152.4807852755402564 18.448671136624213318
6152.5200272780393789 18.447431954025809375
6152.5592688358337909 18.446192943329883462
6152.5985103050279577 18.44495408744414533
6152.6377515326003049 18.443715385455227818
6152.6769923793563066 18.442476836112568606
6152.7162327195183025 18.441238437839945874
6152.7554724402261854 18.440000188749980481
6152.7947114409489586 18.438762086661320438
6152.8339488294814146 18.437524154462192172
6152.8731846301079713 18.436286386212774602
6152.9124188666855844 18.435048776079181465
6152.9516515626646651 18.433811318331137841
6152.9908827410954473 18.432574007340107869
6153.0301124246361724 18.43133683757747221
6153.0693406355585466 18.430099803612659315
6153.1085673957541076 18.428862900111369072
6153.1477927267414998 18.427626121833831974
6153.1870166496728416 18.426389463633309873
6153.2262390342548315 18.425152925217428646
6153.2654598973304019 18.423916501733017981
6153.3046792554550848 18.422680188413142588
6153.343897124974319 18.421443980573165788
6153.3831135220079886 18.420207873609822258
6153.4223284624822554 18.418971862998859024
6153.4615419621095498 18.417735944294395978
6153.5007540364158558 18.416500113126645033
6153.5399647007670865 18.415264365199895735
6153.5791739703781786 18.414028696290888121
6153.6183818602967222 18.412793102248066646
6153.6575883854357016 18.411557578989377504
6153.6967935605807725 18.410322122500708986
6153.7359974004039032 18.409086728834367364
6153.7751999194706514 18.407851394107616727
6153.8144011322510778 18.406616114501229475
6153.8536010531279317 18.405380886258082995
6153.8927996964048361 18.404145705681770551
6153.9319970763099263 18.402910569135425334
6153.9711932070122202 18.401675473040132403
6154.0103881026207091 18.400440413873813128
6154.0495817771952716 18.399205388170010167
6154.0887742447566779 18.397970392516398874
6154.1279655193084182 18.39673542355323832
6154.167155614782132 18.395500477973993014
6154.2063445450830841 18.394265552523027196
6154.2455323240901635 18.393030643994581652
6154.284718965643151 18.391795749232301205
6154.3239044835536333 18.390560865127863366
6154.3630888915922696 18.389325988620587538
6154.4022722035224433 18.38809111669536378
6154.4414544331430079 18.386856246380443025
6154.4806355941855145 18.385621374749906209
6154.5198157003396773 18.384386498921955422
6154.5589947652406408 18.38315161605850534
6154.5981728025244593 18.381916723362628829
6154.6373498257971733 18.380681818078738132
6154.6765258486293533 18.379446897491988011
6154.715700884558828 18.378211958927359149
6154.7548749470424809 18.376976999750507247
6154.7940480495371958 18.375742017364391501
6154.8332202054543814 18.374507009210081065
6154.8723914281526959 18.373271972766183069
6154.9115617309344088 18.372036905548334573
6154.9507311270390346 18.370801805108655458
6154.9898996296324185 18.36956666903548907
6155.0290672518276551 18.368331494951998906
6155.0682340066450706 18.367096280516850726
6155.1073999070167702 18.365861023423338594
6155.1465649657829999 18.364625721398994074
6155.1857291956757763 18.363390372205454781
6155.2248919287658282 18.362154995106379829
6155.2640530719527305 18.360919591265822959
6155.3032125196623383 18.359684162271378227
6155.3423701531264669 18.358448710156526573
6155.3815258396898571 18.357213237422097762
6155.4206794322790302 18.35597774705270524
6155.4598307690112051 18.3547422425288147
6155.4989803341131847 18.353506706967465334
6155.5381280491619691 18.352271141266289334
6155.5772738250734619 18.351035546685796618
6155.6164175674284706 18.34979992468082699
6155.6555583597319128 18.348564302684607696
6155.6946959859478739 18.347328686048363977
6155.733829955022884 18.346093088832944318
6155.7729600284264961 18.344857517153670301
6155.8120859650171042 18.343621977233883769
6155.8512080850441635 18.342386457592091631
6155.8903262995972909 18.341150959689102251
6155.9294405097471099 18.339915485325033018
6155.9685506364594403 18.338680035693986525
6156.0076566270900003 18.337444611178224108
6156.0467580142985753 18.336209225283887747
6156.0858547835650825 18.334973877234038042
6156.1249469571121153 18.333738565110657248
6156.1640345955574958 18.332503285801543313
6156.2031177986700641 18.331268034975469305
6156.242196705274182 18.33003280708421201
6156.281271758622097 18.328797586972402911
6156.3203431946230921 18.327562366052692511
6156.3594118043538401 18.326327118198701527
6156.3984779842594435 18.325091829770531859
6156.4375421579943577 18.323856486279609612
6156.476604854328798 18.32262106992373063
6156.5156666489456256 18.321385561426069444
6156.5547282793668273 18.32014993639830891
6156.5937900956487283 18.318914182716333983
6156.6328525798953706 18.317678284088103169
6156.6719163618527091 18.316442219557703908
6156.7109821031453976 18.315205967166185985
6156.7500504449171785 18.313969505607719412
6156.7891220207575316 18.312732813820442601
6156.828197552871643 18.311495867941651738
6156.8672777034526007 18.310258646011526196
6156.9063631302806243 18.309021126213302466
6156.9454545163225703 18.307783285935538942
6156.984552437075763 18.306545105972656273
6157.0236574807095167 18.305306566721061046
6157.0627701956764213 18.304067649838117404
6157.1018910945249445 18.302828338121674534
6157.1410207405751862 18.301588612764220443
6157.1801594199450847 18.300348463744388283
6157.2193075586874329 18.299107876611948598
6157.258465801111015 18.297866830002746497
6157.2976346055174872 18.296625308449105063
6157.3368144233054409 18.295383296704812892
6157.3760056490782517 18.294140781327008938
6157.4152089475119283 18.29289774031213156
6157.4544253197427679 18.291654140985411203
6157.4936555826170661 18.290409956510892187
6157.532900377101214 18.289165165627760956
6157.5721603039592082 18.287919748349107607
6157.6114357871692846 18.286673690295980776
6157.6507271821756149 18.28542697926550531
6157.6900347718492412 18.284179605360098009
6157.7293587840622422 18.282931560431041618
6157.7686994783389309 18.281682835328716408
6157.808057115504198 18.280433420865495719
6157.8474318518501605 18.279183311175895454
6157.8868237886936186 18.277932502144807358
6157.9262330556402958 18.276680988764148594
6157.9656597728608176 18.275428766330410468
6158.005104056228447 18.274175830281588873
6158.0445659935112417 18.272922176953620976
6158.0840455995730736 18.271667805004291552
6158.1235429130692864 18.270412712341865813
6158.1630579910197412 18.269156896296994574
6158.2025908486757544 18.267900355533786438
6158.2421414407181146 18.266643090648308601
6158.2817096241487889 18.265385105349704276
6158.3212952165049501 18.264126404611019439
6158.3608980310955303 18.262866993549440764
6158.4005178446277569 18.261606878456106529
6158.4401544747188382 18.260346064331081095
6158.4798077743407703 18.25908455505932082
6158.519477593227748 18.257822354638022944
6158.5591638084151782 18.256559466204819842
6158.5988662320687581 18.255295894970799964
6158.6385846661178221 18.254031646482939522
6158.6783189285733897 18.252766725786464974
6158.7180688706903311 18.251501136878104603
6158.7578343922195927 18.250234882219757537
6158.7976154070211123 18.248967963832722461
6158.8374118717702004 18.247700382382994633
6158.8772238357469178 18.24643213559424737
6158.9170514122934037 18.245163219155301704
6158.9568946885401601 18.243893629595525852
6158.9967537264546991 18.242623364251972617
6159.0366285307563885 18.241352422292738567
6159.0765191075051916 18.240080802850485497
6159.1164254967507077 18.238808503981449149
6159.1563477127501756 18.237535524571185874
6159.1962857727376104 18.23626186341761013
6159.2362397531060196 18.234987517438980831
6159.2762097440527214 18.233712483119457914
6159.316195824897477 18.232436757296486718
6159.3561981077737073 18.231160335766794844
6159.3962167232348293 18.22988321374519316
6159.4362518168909446 18.228605385971526687
6159.4763035550849963 18.22732684652921975
6159.5163721287053704 18.226047588723133686
6159.5564577536433717 18.224767605064464249
6159.5965606562931498 18.223486887733411521
6159.6366810864128638 18.222205428168120278
6159.6768193058424004 18.220923217424680018
6159.71697554201819 18.219640247662258759
6159.7571500020330859 18.218356511694569377
6159.7973428765835706 18.217072002864291846
6159.8375543585016203 18.215786714451056127
6159.8777846606690218 18.214500639098918811
6159.9180340049106235 18.213213769171019862
6159.9583026409463855 18.211926096143464804
6159.9985908401176857 18.210637610805441966
6160.0388988898585012 18.209348303435568539
6160.0792271203554265 18.208058162948706382
6160.1195759144666226 18.2067671765776673
6160.1599457055326639 18.205475329942238716
6160.2003369881722392 18.204182606702453029
6160.2407503165904927 18.202888988611544363
6160.2811862916541941 18.201594455928418625
6160.3216455628053154 18.200298987355413516
6160.3621287927753656 18.199002561167297642
6160.4026366216430688 18.197705156362420809
6160.4431696492501942 18.196406753226629149
6160.4837283936540189 18.195107334665618026
6160.5243132113364481 18.193806888763809582
6160.5649237436682597 18.192505426529162804
6160.6055551491508595 18.191203102683900283
6160.6461826524209755 18.189900711118752952
6160.686795231556971 18.188598605216384385
6160.7274063759823548 18.187296352532609234
6160.7680190567689351 18.18599385774000865
6160.8086353256330767 18.18469105495855942
6160.8492558452780941 18.183387922845575702
6160.8898808419262423 18.182084454064284529
6160.9305104827144532 18.180780643182782086
6160.9711449540845933 18.17947648415936257
6161.0117844753713143 18.178171969906177452
6161.0524293027565363 18.176867092161483441
6161.0930797317132601 18.175561841410491581
6161.1337360953612006 18.174256206937467795
6161.1743987676691177 18.172950176722096671
6161.2150681618541057 18.171643737490139614
6161.2557446891059953 18.170336876038867047
6161.2964287996283019 18.169029577918490048
6161.33712101972651 18.167721826239318972
6161.3778219173391335 18.166413602778245462
6161.418532115502785 18.165104887545066248
6161.4592522980456124 18.163795658598278493
6161.4999831989616723 18.162485892385664243
6161.5407256163398415 18.16117556329522742
6161.5814804212704985 18.159864643367495063
6161.6222485535454325 18.158553102432442472
6161.6630310359350915 18.157240907648755979
6161.7038289807442197 18.155928023291131979
6161.7446435960073359 18.154614410549058334
6161.7854761890248483 18.153300027411045647
6161.8263281612498758 18.151984828827163909
6161.8672010032496473 18.150668766869411996
6161.9080962852704033 18.149351791033833337
6161.9490156542378827 18.148033848335611395
6161.9899608326131784 18.146714883344490232
6162.0309335823885704 18.145394839343435223
6162.0719357832504102 18.144073655809396683
6162.1129692885915574 18.142751273051558769
6162.1540357818548728 18.141427636843008742
6162.1951368820491552 18.140102695023507806
6162.2362741440738318 18.138776397490840253
6162.2774490857700584 18.137448695330380843
6162.3186631780408788 18.136119541135027333
6162.3599178506301541 18.134788888820349229
6162.401214632486699 18.133456689097609882
6162.4425551224412629 18.132122890418077787
6162.4839409677051663 18.130787439665883909
6162.525373993960784 18.129450277958653714
6162.5668562633427427 18.128111338772463057
6162.6083900621806606 18.126770548332732602
6162.6499778736870212 18.125427826491669947
6162.6916223571397495 18.124083087396989811
6162.7333263740338225 18.122736238644005624
6162.7750930201900701 18.121387180234719949
6162.8169255946895646 18.12003580557701099
6162.8588276581804166 18.118681999597043841
6162.9008030238082938 18.117325639027498596
6162.9428557299515887 18.11596659328414205
6162.9849901144916657 18.114604722061287134
6163.0272107632308689 18.113239876993858957
6163.0695224825376499 18.11187190253774304
6163.1119303768864484 18.110500633458904929
6163.1544398408987036 18.109125895085494307
6163.1970565517385694 18.107747503549113333
6163.2397864836129884 18.106365265311065826
6163.282635911044963 18.104978977051828792
6163.3256114132764196 18.103588425523916783
6163.3687198634306696 18.102193387897997923
6163.4119684091629097 18.100793632384959864
6163.4553644811912818 18.099388917956108713
6163.4989157806912772 18.097978994747592196
6163.5426302490286616 18.096563605037268019
6163.5865160610628664 18.095142483458982241
6163.630581633788097 18.093715356720764476
6163.6748356047473862 18.092281944301745966
6163.7192868023084884 18.090841959413758389
6163.763944371321486 18.089395104929266722
6163.8088176466708319 18.087941077475839791
6163.853916049788495 18.086479570789869342
6163.8992492133056658 18.085010271678406468
6163.9448269068016089 18.083532862425961696
6163.990659079919169 18.082047019398370225
6164.0367558475500118 18.080552413524124233
6164.0831273794519802 18.079048713875682353
6164.1297839294738878 18.077535586725765882
6164.1767358699871693 18.076012694434307804
6164.2239936950390984 18.074479695349747743
6164.2715680227456687 18.072936243735199469
6164.3194696710816061 18.071381987313365869
6164.3677096222691034 18.069816568425398629
6164.4162987406634784 18.068239633191623739
6164.4652480450095027 18.066650822684234612
6164.5145690032159109 18.065049763363195012
6164.5642733408585627 18.063436073294322881
6164.6143731013580691 18.061809360200101082
6164.6648807445717466 18.060169218262270618
6164.7158091976862124 18.058515226472415804
6164.7671719122936338 18.056846946781501373
6164.8189829821112653 18.055163920279039047
6164.8712572517461012 18.053465663661885543
6164.9240103832817113 18.051751667072569063
6164.9772589628137212 18.050021390639560792
6165.0310206159238078 18.048274260726394402
6165.0853140331000759 18.046509669107500429
6165.1401590973810016 18.044726968822619284
6165.1955768962452566 18.042925473794237945
6165.2515897647672318 18.041104457430741093
6165.3082211521341378 18.039263156975202662
6165.3654953366185509 18.037400782787617715
6165.4234373324252374 18.035516521395397405
6165.4820726731804825 18.033609542560991912
6165.5414271148083571 18.031679008978695578
6165.601526141337672 18.029724092390019052
6165.6623943997174138 18.027743992020273112
6165.7240550301075928 18.025737956427185793
6165.7865290871013713 18.023705302403271844
6165.8498345640718981 18.021645446801731083
6165.9139852524485832 18.01955794374755726
6165.9789899818724734 18.017442509466278011
6166.044851682198896 18.015299052915430877
6166.1115665804409218 18.013127702027883714
6166.1791236611106797 18.010928821379810216
6166.2475041355473877 18.008703029557732833
6166.3166810951997832 18.006451210524975437
6166.386619468608842 18.004174515083871455
6166.4572766122873873 18.001874341678142599
6166.5286033157335623 17.999552303683667986
6166.6005447167290185 17.99721019958893109
6166.6730415915262711 17.994849970941658057
6166.746032027775982 17.992473647807603498
6166.8194529070715362 17.990083300405487421
6166.8932416673860644 17.987680981614314391
6166.9673379895220933 17.985268671947174823
6167.0416848705781376 17.982848244482362077
6167.1162294688001566 17.980421437244295646
6167.1901236601379424 17.978015877864685024
6167.2627973325243147 17.975650139956830031
6167.3343852652278656 17.973319848167619739
6167.4050046806632963 17.971021198120951112
6167.4747601063763796 17.968750798304462535
6167.5437470095293975 17.966505551902475446
6167.6120517081535581 17.964282659796900532
6167.6797524928078928 17.962079584147321754
6167.7469218624546556 17.959893975704073199
6167.8136260332530583 17.957723689858372751
6167.8799266862815784 17.955566729828753125
6167.9458804169344148 17.953421264622850373
6168.0115408576157279 17.951285560025830534
6168.0769569853564462 17.949158033691066549
6168.1421746118458032 17.947037206700063194
6168.2072370330624835 17.944921682469551882
6168.2721849695180936 17.942810148728252528
6168.3370563218986717 17.940701385486068631
6168.4018866090409574 17.938594250814258402
6168.4667104096943149 17.936487634012703296
6168.53154660306609 17.934380935195079587
6168.5964222466009232 17.932273289280146855
6168.6613666299772376 17.930163759377926169
6168.7264087140174524 17.92805142007980379
6168.7915752435828836 17.925935418783847553
6168.8568866111108946 17.923815109968817438
6168.9223585596537305 17.921689999781097669
6168.9880082126765046 17.919559550271788595
6169.0538540669622307 17.917423179714180748
6169.1199147233683107 17.915280303864392408
6169.1862083741361857 17.91313035263957687
6169.2527524141496542 17.910972782756076072
6169.3195636618465869 17.908807070589137567
6169.3866580956391772 17.906632720741065157
6169.4540511784398404 17.904449255543664066
6169.5217579329337241 17.902256212648058664
6169.5897928937265533 17.900053146604456344
6169.6581700849137633 17.897839629615834411
6169.7269029431427043 17.895615254053556242
6169.7960041825199369 17.893379636848489866
6169.8654858531444916 17.891132417611434136
6169.9353592959714661 17.888873260106382901
6170.005635169616653 17.886601851393990614
6170.0763235313788755 17.884317899223226789
6170.1474343434501861 17.882021115695842184
6170.2189771832890983 17.879711226655690126
6170.2909612718167409 17.877387970801475348
6170.3633962741505457 17.875051073882051611
6170.4362912121860063 17.872700283832582357
6170.5096541231114315 17.870335381785562134
6170.5834926380257457 17.86795616340927495
6170.6578138491895515 17.865562443197571696
6170.7322975994466105 17.863164569959828043
6170.8067982008869876 17.860767261441178988
6170.8813207275870809 17.858370378952933777
6170.9558709597022244 17.855973761493626029
6171.0304546858469621 17.853577248227356478
6171.1050770273959643 17.851180700193619799
6171.1797429918997295 17.848783982505519674
6171.2544570221543836 17.846386978815242941
6171.3292224152746712 17.843989609899271187
6171.4040416551006274 17.841591822917063581
6171.4789163433661088 17.83919359354801415
6171.5538463996917926 17.836794951516779406
6171.6288310839954647 17.83439594773552983
6171.7038685096513291 17.831996669797710808
6171.778954029851775 17.829597293408319558
6171.8540812924120473 17.827198048424968135
6171.9292425950934557 17.824799207329331097
6172.0044288283133938 17.822401086889996691
6172.0796299750591061 17.820004032056303345
6172.1548349529457482 17.81760842085735419
6172.2300283189551919 17.815214769114678717
6172.3052000786847202 17.812823417985136132
6172.3803403354759212 17.81043470455069766
6172.4554398110713009 17.808048945258676099
6172.5304898442973354 17.805666435997917318
6172.6054828559426824 17.803287437394466508
6172.6804124159907587 17.800912172775767317
6172.7552729535782419 17.798540837462798692
6172.8300599386693648 17.796173593100839128
6172.9047716011073135 17.793810513412275043
6172.979406584253411 17.791451658643794076
6173.0539638796835789 17.789097077670522395
6173.1284429986608302 17.786746802623163433
6173.2028441742577343 17.784400842576612689
6173.2771681939011614 17.782059188910793068
6173.3514165371661875 17.77972181104318139
6173.4255895424130358 17.777388714162125183
6173.4996900771848232 17.775059823770131828
6173.5737215484004992 17.772735048474824993
6173.6476875073594783 17.770414292453779126
6173.7215921638180589 17.768097439371029367
6173.7954402533350731 17.765784356626529217
6173.869236649477898 17.763474907567143646
6173.9429868401430213 17.761168936628560999
6174.0166961920913309 17.758866292396238151
6174.0903707106035654 17.75656680389978348
6174.1640166823153777 17.75427029184730543
6174.2376409842590874 17.751976559054504889
6174.3112510316695989 17.74968539216688157
6174.3848546556109795 17.747396565556393
6174.4584591545271905 17.745109870850008349
6174.5320694325482691 17.742825174622584683
6174.6056936751265312 17.740542242148467977
6174.6793400728984125 17.738260839344800246
6174.7530168914363458 17.73598073063213576
6174.8267323899735857 17.733701681474727252
6174.9004949222653522 17.73142345528365027
6174.9743126513749303 17.729145822244671393
6175.0481937454305807 17.726868553274979234
6175.1221468877074585 17.724591404342689316
6175.196181226338922 17.722314118112542758
6175.270306832049755 17.720036409981695158
6175.3445352609933252 17.717757950982349513
6175.4188797350188906 17.715478362523530365
6175.4933551485519274 17.713197216482580387
6175.5679777359073341 17.710914045689129637
6175.6427649481847766 17.708628347947300341
6175.7177349696685269 17.706339601038649789
6175.7929058690378952 17.704047288761625367
6175.8682956596494478 17.701750899124064631
6175.9439225015294141 17.699449918239476887
6176.0198051646148087 17.697143816331905697
6176.0959633736620162 17.694832037431154959
6176.1724179887396531 17.692513994128244548
6176.2491911617962614 17.690189063100401512
6176.3263063856502413 17.687856583929455923
6176.4037887605791184 17.68551585137006299
6176.4816651214741796 17.683166111891544858
6176.5599645458032683 17.680806548791153432
6176.6387186046622446 17.678436275164198577
6176.7179618257214315 17.676054320583801882
6176.7977314872023271 17.673659637977976899
6176.8780661776572742 17.67125114746007597
6176.9590052697167266 17.668827752491587546
6177.0405888075210896 17.666388343571991726
6177.1228568413816902 17.663931818408212138
6177.2058487389222137 17.661457102631143101
6177.2896029646753959 17.658963156405494743
6177.3741569326202807 17.656448978817810058
6177.4595467080980598 17.653913616693731825
6177.5458068250900396 17.65135616991600287
6177.6329705294110681 17.648775784087423091
6177.7210694414488898 17.646171660394958991
6177.8101334877737827 17.643543057443597633
6177.9001912510357215 17.640889280742882761
6177.9912700125651099 17.638209681312162047
6178.0833962210481332 17.635503641781671291
6178.1764545402083968 17.632774706360518024
6178.2698135876689776 17.630041493996365887
6178.3634661757505455 17.627304272429814347
6178.4574034707002284 17.624563355794506947
6178.5516150342446053 17.621819102968270698
6178.6460881546017845 17.619071936575394943
6178.7408085096822106 17.616322323144263606
6178.8357611740111679 17.613570743507594329
6178.9309301323955879 17.610817706665439886
6179.0262982324029508 17.608063750840191375
6179.1218473274129792 17.605309439028335561
6179.2175591368677487 17.602555333977605301
6179.313414856072086 17.599802009316192652
6179.4093946927059733 17.597050062664330028
6179.5054787074623164 17.594300091314256207
6179.601646941625404 17.591552688526636672
6179.697878288733591 17.588808475653340935
6179.7941515655902549 17.586068071365581034
6179.8904467933907654 17.583332055255443294
6179.9867395163255424 17.580601129122960913
6180.0830047212502905 17.577876004948528532
6180.1792226064917486 17.575157241894615368
6180.2753744361252757 17.572445364491890984
6180.371444436762431 17.569740809581059438
6180.4674205575029191 17.567043905767004475
6180.5632934527020552 17.564354902912729273
6180.6590553267442374 17.561674005174033653
6180.7547000001604829 17.559001369576360929
6180.8502230726053313 17.556337101912880883
6180.9456257012225251 17.553681152136345389
6181.0409083391505192 17.551033489647629438
6181.1360699470651525 17.548394124975967401
6181.2311103355268642 17.545763044623001292
6181.3260281232633133 17.543140267661943454
6181.42082042043603 17.540525854172134501
6181.5154866054017475 17.537919800992870734
6181.6100303382181664 17.535321987049158565
6181.7044605749970287 17.532732146672127982
6181.7987904318670189 17.53014990203719492
6181.8930382423286574 17.527574735372034809
6181.9872258039631561 17.525006038065381375
6182.0813786352346142 17.522443104568012018
6182.1755267967837426 17.519885111049337212
6182.2696897079995324 17.517331527925630752
6182.3639009927683219 17.514781445261736081
6182.4582013213012033 17.512233769610766387
6182.5526351249627623 17.509687314325972807
6182.64725013491352 17.507140812945390707
6182.7420965824549057 17.504592941525391581
6182.8372267543909402 17.502042331232729566
6182.9326892358294572 17.499487722843618087
6183.0285232615806308 17.496928116576935253
6183.1247625157202492 17.494362668557904783
6183.2214396833596766 17.491790568459489208
6183.3185886524615853 17.489210980897070158
6183.4162469756092833 17.486622980635832647
6183.5144571252167225 17.484025520464818726
6183.6132667762603887 17.481417425132452337
6183.7127296080052474 17.47879737174234549
6183.8129054700029883 17.476163887135314212
6183.9138602959428681 17.473515351975390075
6184.0156664991245634 17.47084999226105495
6184.1184023565629104 17.468165897417822663
6184.2221512633186649 17.465461041633016492
6184.3269994124066216 17.462733345927482276
6184.433034058616613 17.459980724374812411
6184.5403430331944037 17.457201097421616964
6184.6490133141651313 17.454392429467496584
6184.759131097579484 17.45155272732715801
6184.8707812974025728 17.448680053430443593
6184.9840484104297502 17.445772503872227333
6185.0980326497428905 17.44285337584744866
6185.2116789447718475 17.439949714693167238
6185.3249847658944418 17.437061515267640033
6185.4379459774236238 17.434188813057289735
6185.5505567526906816 17.431331685870532056
6185.6628077067925915 17.428490300571095162
6185.7746875481416282 17.425664870400670026
6185.8861825968715493 17.42285566657613316
6185.9972782506320073 17.420062980829857935
6186.1079602284153225 17.417287094027390282
6186.2182147375515342 17.414528272130606723
6186.3280280469934951 17.411786777021557526
6186.4373891148588882 17.409062801189314484
6186.546287578555166 17.406356518423116597
6186.6547149346815786 17.403668054813284272
6186.762661386178479 17.400997567211479833
6186.8701174631078175 17.398345202933111153
6186.9770745110963617 17.395711087858664712
6187.0835247470668037 17.39309532531488145
6187.1894605384350143 17.390498013987549797
6187.2948746912061324 17.387919240940924226
6187.3997608382887847 17.385359072285741178
6187.5041128974880849 17.382817566602991377
6187.6079260644073656 17.380294750929980552
6187.7111949861564426 17.377790665346608989
6187.8139152934954836 17.37530532580768039
6187.9160832894103805 17.372838731919266309
6188.0176952264919237 17.370390884507553864
6188.1187482876184731 17.367961762059003661
6188.2192401530774077 17.3655513313337444
6188.3191702020485536 17.363159518765304057
6188.4185383881822418 17.360786237717345415
6188.5173457416785823 17.358431376667603274
6188.6155963054052336 17.356094753472486758
6188.7132995788169865 17.353776058170797825
6188.8104350255807731 17.351475693967792324
6188.9070101525630889 17.349193398652595022
6189.0030333702852658 17.3469288909154713
6189.0985159179344919 17.34468182528175717
6189.1934715524439525 17.342451800061539302
6189.2879181508851616 17.340238320404878891
6189.3818739210637432 17.338040887785219013
6189.4753510325726893 17.335859148522725803
6189.5683591665720087 17.33369280969337467
6189.6609058138355977 17.331541631579803209
6189.7530021085813132 17.329405291934047995
6189.8446606014413192 17.327283438314019293
6189.9358953006239972 17.325175687434516192
6190.0267198182455104 17.323081668169265868
6190.1171478977266815 17.32100100930170683
6190.207194236297255 17.318933320655776953
6190.2968729588610586 17.316878228223380631
6190.3861969904755824 17.314835388338639888
6190.4751794448575311 17.312804455714410068
6190.5638329679622984 17.310785098397232673
6190.6521702260542952 17.30877698655232777
6190.7402034124952479 17.30677980362396795
6190.8279443860810716 17.304793243077746467
6190.915404704035609 17.302817007560506113
6191.0025961128321796 17.300850797756215371
6191.0895304324940298 17.298894315013289003
6191.1762203957896418 17.296947242515923193
6191.2626788449233572 17.295009263462887361
6191.3489194769163078 17.293080044419824048
6191.4349557420127894 17.291159260066478964
6191.5208031984975605 17.289246540715343059
6191.6064766381905429 17.287341536624737159
6191.6919909083289895 17.285443899596952377
6191.7773629798703041 17.283553237223436838
6191.8626075774627679 17.281669209838586454
6191.9477410346307806 17.279791445065455946
6192.0327784206574506 17.277919601350546941
6192.1177349320732901 17.276053337142769806
6192.202626190573028 17.274192304396997599
6192.2874676925048334 17.272336160701900809
6192.372274901748824 17.270484567228866268
6192.4570634749461533 17.268637183826889725
6192.5418494389641637 17.266793665217289089
6192.6266429110628451 17.264953797204974251
6192.7114594881786616 17.263117248998089082
6192.7963162643054602 17.261283660419039165
6192.8812311464116647 17.259452656990891484
6192.9662226522405035 17.257623854483725268
6193.051310742923306 17.255796841213367543
6193.1365172681489639 17.253971168864126184
6193.2218679075967884 17.252146311482583485
6193.3073930521914008 17.25032164760846598
6193.3931244045315907 17.24849653369810909
6193.4790952894491056 17.246670297894624468
6193.5653436227594284 17.244842177613790568
6193.6519119536515063 17.24301131979939683
6193.7388471352105626 17.241176789055156604
6193.8262001591938315 17.239337572259124443
6193.9140258521119904 17.237492586074587564
6194.0023828909888834 17.235640677717871228
6194.0913330707971909 17.233780641401313716
6194.1809418294787974 17.231911208401061941
6194.271279979469 17.230031012245529354
6194.362421846788493 17.228138628978260982
6194.4544435704328862 17.226232613614204325
6194.5474232565384227 17.224311497863688203
6194.6414407560978361 17.222373795708950439
6194.7365768868612577 17.220418020382417978
6194.8329126917997201 17.218442700409365642
6194.9305288180239586 17.216446393005288229
6195.0295048921507259 17.214427697389012906
6195.1299188315178981 17.212385269230480844
6195.2318460649585177 17.210317836726311214
6195.3353588324716839 17.208224214832057442
6195.4405253892355177 17.206103321178598975
6195.5474090534680727 17.203954194827005608
6195.6560666674058666 17.201776026391602414
6195.7665479563456756 17.199568169615083946
6195.8788927198465899 17.197330195728429914
6195.9931299813815713 17.195061907783014021
6196.1092784171405583 17.192763329203966549
6196.2273427217187418 17.190434772323186507
6196.347312235579011 17.188076860835483473
6196.4691599642992514 17.185690543744911452
6196.5928419411648065 17.183277101900937822
6196.7182966916061559 17.180838151961562943
6196.8454455339933702 17.178375633628519381
6196.9741942283189928 17.175891770745089104
6197.1044349767225867 17.173389026114939782
6197.2360491799518059 17.170870042576733994
6197.3689103638980669 17.168337581967264782
6197.5028878078292109 17.165794452082682398
6197.6378540789864928 17.163243361668474307
6197.7737173275409077 17.160686314103550387
6197.9105858280254324 17.158121544381334189
6198.0490442255322705 17.15553845939567168
6198.1890337724080382 17.152938589508849532
6198.3290861024761398 17.150349451713626792
6198.4682916493484299 17.147787806286483914
6198.6064826938745682 17.145256547168070682
6198.7435917764996702 17.142756687775392521
6198.8796174324970707 17.140288024056765437
6199.0146014515912611 17.137849572174793877
6199.1486139926528267 17.135439853573046776
6199.2817415396457363 17.13305712169744055
6199.4140733913445729 17.13069960870201669
6199.5456990929023959 17.128365571862733674
6199.6767057731376553 17.126053340413772474
6199.8071781569915402 17.123761314223553853
6199.9371963054009029 17.121488002163008701
6200.0668377527836128 17.119231983048557311
6200.1961776315338284 17.116991902460831909
6200.3252882915767259 17.11476647833996978
6200.4542390977776449 17.112554503377122472
6200.5830942286711434 17.110354881365083202
6200.7119186594509301 17.108166523780258927
6200.8407585654667855 17.105988680692515658
6200.9696577441018235 17.103820657513939096
6201.0986742296781813 17.101661536775207395
6201.2278642887840761 17.099510450113825755
6201.3572806895017493 17.097366606329128302
6201.4869741112252086 17.09522926693442102
6201.6169935788848306 17.093097738386301643
6201.7473852212669954 17.090971391800852786
6201.8782008855978347 17.088849522581632812
6202.0094966496626512 17.086731377121338937
6202.1413241348609517 17.084616293969535405
6202.2737374781299877 17.082503591263701992
6202.4067965620934046 17.080392517097731542
6202.5405685243131302 17.078282228771232809
6202.6751314153361818 17.076171739359100599
6202.8105667400386665 17.074060039252454857
6202.9469365218810708 17.071946452861464394
6203.0842803541545436 17.06983067546132915
6203.2226444072948652 17.06771232037439745
6203.3620994429938946 17.065590649348798991
6203.5027340513870513 17.063464686953818017
6203.6446427554919865 17.061333408249293342
6203.787923958074316 17.059195773339656199
6203.9326778487766205 17.057050761450334164
6204.0790034814726823 17.054897416038134139
6204.2269974534110588 17.052734864870124909
6204.3767489684778411 17.050562391584826116
6204.5283403805069611 17.048379425468496606
6204.6818442487028733 17.046185581137038412
6204.8373185071422995 17.043980722781899573
6204.9948047934476563 17.041764980666162188
6205.1543241922845482 17.039538802037199616
6205.3158774955782064 17.037302936382971552
6205.478822704241793 17.035066929241498457
6205.6396468713774084 17.032878920574983539
6205.7984800904505391 17.030736479268195893
6205.9554465586361403 17.028637316993421535
6206.1106647688638986 17.026579281140421074
6206.2642487174844064 17.024560334740250767
6206.4163075726601164 17.022578557318336578
6206.5669458081401899 17.02063213965839239
6206.7162632526924426 17.018719379842369932
6206.8643555413718786 17.01683867434424613
6207.0113142972795686 17.01498851289298031
6207.1572276879023775 17.013167468883317213
6207.3021811990056449 17.011374187544845427
6207.4462580828849241 17.009607378654713727
6207.589539606931794 17.007865812012973095
6207.7321075231911891 17.006148286491665544
6207.8740419442610801 17.004453655321899674
6208.0154186608642704 17.002780856625932415
6208.1563005108973812 17.001129011698733251
6208.2967608877361272 16.999497146119001201
6208.4368732195498524 16.997884315878479811
6208.576710333551091 16.996289614582316574
6208.7163456699463495 16.994712159477771252
6208.855853006970392 16.993151094877596563
6208.9953081927087624 16.991605573309797705
6209.1347776261836771 16.990074882538579004
6209.27431259586956 16.988558501836330095
6209.4139901430608006 16.987055656511653723
6209.5538863675838002 16.98556561489039396
6209.6940770435421655 16.984087681598854402
6209.8346379064369103 16.982621194697152589
6209.9756428692271584 16.981165544310847793
6210.1171619820052001 16.979720192719646832
6210.259261721032999 16.978284669709175603
6210.4020042818638103 16.976858578007281153
6210.5454530957422321 16.975441537112203605
6210.6896650143626175 16.974033260289179026
6210.8346822564653849 16.972633628538453365
6210.980538547200922 16.9712426244047343
6211.1272583076288356 16.969860334962422854
6211.2748511247691567 16.968486997767485036
6211.4233161372621908 16.967122952269871661
6211.5726486440389635 16.96576857412126671
6211.7228336442731234 16.964424330272279917
6211.8738485185913305 16.963090749188001638
6212.0256601820219657 16.961768440699017901
6212.1782225265023953 16.960458111214766319
6212.3314826800014998 16.959160502838148687
6212.4853827523184009 16.957876374361941174
6212.639861415354062 16.95660648486606803
6212.7948556192441174 16.955351577394374374
6212.9503028542339962 16.954112359601566595
6213.1061429702049281 16.952889489567116499
6213.2623318860796644 16.951683471955245608
6213.4188270579079472 16.950494777325928908
6213.5755757484621427 16.949323929796591415
6213.7325317963877751 16.948171378350622263
6213.8896495854050954 16.947037543978048291
6214.0468915938017744 16.94592276685338561
6214.2042341568121628 16.944827271626923704
6214.3616591719728603 16.943751232345682922
6214.5191535737994855 16.942694779449443132
6214.6767087517437176 16.941658006752259524
6214.8343199499895491 16.940640978107321502
6214.9919856813367005 16.939643733536382086
6215.1497071757921731 16.938666294704773918
6215.3074878757215629 16.937708669699393482
6215.4653329819866485 16.936770857126656864
6215.6232490545398832 16.935852849553416632
6215.7812436681824693 16.934954636329020872
6215.9393251168212373 16.934076205878277221
6216.0975021620633925 16.933217547530993841
6216.2557838781849568 16.932378652651781437
6216.4141794158877019 16.931559516066560178
6216.5726977875865487 16.930760137194681647
6216.7313476892713879 16.929980520842818237
6216.8901374776214652 16.929220677126835426
6217.0490751847464708 16.928480621206301038
6217.2081682631851436 16.927760374231553442
6217.3674234175950915 16.927059963715372248
6217.5268464524533556 16.926379423701973792
6217.6864419886132964 16.925718795347741263
6217.8462130040870761 16.925078127968138375
6218.0061600300523423 16.924457481040700912
6218.1662796542259457 16.923856928129353605
6218.3265616685021087 16.923276564457204074
6218.4869842769430761 16.922716518891451898
6218.6475115627727064 16.922176954736926291
6218.8080914875417875 16.921658066867372838
6218.9685712780510585 16.921160328173886711
6219.128850005714412 16.920683980741060282
6219.2888910528172346 16.920229034980430072
6219.4486823941324474 16.919795416525804654
6219.6082228083168957 16.919383016865150893
6219.7675164133179351 16.918991713336453131
6219.9265703472237874 16.918621377749960999
6220.0853936891498961 16.918271880559274223
6220.2439969143761118 16.917943093113631647
6220.402391599944167 16.917634889011285537
6220.560590255929128 16.917347145001567554
6220.718606224792893 16.917079741638072932
6220.8764536212638632 16.916832563793359867
6221.0341472934433114 16.916605501093993524
6221.1917027976842292 16.916398448307528923
6221.3491363839293626 16.916211305696215561
6221.5064649873647795 16.916043979354121518
6221.6637062232402968 16.915896381537187665
6221.8208783878462782 16.915768430980136827
6221.9780004590866156 16.915660053215873404
6222.1350920985560151 16.915571180891639358
6222.2921736551379581 16.915501754085973118
6222.4492609722101406 16.915451721950365283
6222.6063701147568281 16.915421039203103248
6222.7635231597841994 16.915409666117071197
6222.9207428799654735 16.915417571528138296
6223.0780527477463693 16.91544473316671926
6223.2354769395205949 16.915491137991097048
6223.3930403399717761 16.915556782523012203
6223.5507685474212849 16.915641673190119576
6223.7086878800619161 16.915745826667677676
6223.8668253835330688 16.915869270226245646
6224.0252088403231028 16.916012042096674861
6224.1838667808042374 16.916174191836017116
6224.3428285273503207 16.916355780742261317
6224.5021241741387712 16.916556882216806201
6224.661784502667615 16.916777582022369586
6224.8218409763312593 16.917017978606072148
6224.9823251114612503 16.91727818237185943
6225.1432695775001775 16.917558317621843145
6225.3047089830788536 16.917858524677132692
6225.4666788971180722 16.918178958978948856
6225.6292159062013525 16.918519791712892442
6225.7923576782259261 16.918881210492731526
6225.9561440289508027 16.919263422484711157
6226.1206159168150407 16.919666653094012077
6226.2858139621093869 16.92009114268942227
6226.4517801940919526 16.920537151149858346
6226.6185586698447878 16.921004960415427121
6226.7861950884816906 16.9214948744815743
6226.9547368169069159 16.922007220395109073
6227.1242331746498166 16.922542350098286335
6227.2947355959850029 16.923100642066824406
6227.4662968048542098 16.923682499656099054
6227.6389718188002007 16.924288355390988414
6227.8128189845101588 16.924918676079943936
6227.9878993725487817 16.925573962424145691
6228.164276985289689 16.926254751389038233
6228.3420189958551418 16.926961618853230362
6228.5211959460457365 16.927695182264322682
6228.7018820718449206 16.928456103988573034
6228.8841556770230454 16.929245095111753017
6229.0680994279991864 16.930062919158906709
6229.2538007378316252 16.930910396453597855
6229.4413521968263012 16.931788408976053972
6229.6308520594693618 16.932697905823278717
6229.8224047952635374 16.933639909361033915
6230.0161216923233951 16.934615522062980375
6230.2121215527977256 16.935625934288548677
6230.4105315315282496 16.936672433371413149
6230.6114880956292836 16.937756414017837159
6230.815138116212438 16.938879390199677033
6231.0213064101071723 16.940041108179272555
6231.2274352986059966 16.941227369076038656
6231.4335260553434637 16.942437931612783331
6231.6395800229947781 16.943672557147586133
6231.8455986086273697 16.944931009754476747
6232.0515832788960324 16.946213056295324151
6232.256598617441341 16.947512474427462337
6232.4584988524884466 16.948814750176246946
6232.6574533169778078 16.95011975832234441
6232.853617662482975 16.951427389741787977
6233.0471372610409162 16.952737562413808803
6233.238148671253839 16.954050221876816096
6233.4267811737718148 16.955365343645635079
6233.6131591510002181 16.956682943035453093
6233.7973967165517024 16.958003030859259752
6233.9796017775033761 16.959325635368418972
6234.1598774787807997 16.960650807494555892
6234.3383241690107752 16.961978631068767243
6234.5150408058279936 16.963309230072180611
6234.6901183834288531 16.96464271568841653
6234.8636451227357611 16.965979221251615172
6235.0357065301795956 16.967318899898664597
6235.2063850686990918 16.968661919329850463
6235.3757611299743076 16.970008466947977155
6235.5439140518283239 16.971358755958213749
6235.7109217484330657 16.972713020756206248
6235.8768667161884878 16.974071564669007017
6236.0418201138463701 16.975434628511941071
6236.2058515039116173 16.976802466920435819
6236.3690288172956571 16.97817534662156902
6236.531418419343936 16.979553545629652689
6236.693085276149759 16.980937353400889833
6236.8540940119391962 16.982327078841972678
6237.0145066553923243 16.983723029892527023
6237.1743839920318351 16.985125523967074201
6237.3337856022544656 16.986534887351833589
6237.4927624542597187 16.987951388072033865
6237.6513712778596528 16.989375362086317267
6237.809667790423191 16.99080715336135583
6237.9677068228456847 16.992247114318960399
6238.1255426709994936 16.993695608441584
6238.2832253501555897 16.995152975042511656
6238.4408133953784272 16.996619647141951503
6238.5982766657034517 16.998095239993311623
6238.7546477355426759 16.999570489870947654
6238.9100752998892858 17.00104652794714255
6239.0646727314069722 17.002524188437504904
6239.2185462195675427 17.004004268163942726
6239.3717977330625217 17.005487552241909555
6239.5245265608582486 17.006974827081247525
6239.6768325990706217 17.008466911183898418
6239.8288193614062038 17.009964684427512083
6239.9805973410839215 17.011469121924971404
6240.1322885513491201 17.012981340838123856
6240.2840022168138603 17.014502358689846062
6240.4358412081237475 17.016033154319394782
6240.5879767663400344 17.017575425305551562
6240.7406115783196583 17.019131229150747942
6240.8939913540152702 17.020703110490899235
6241.0484083115061367 17.022294148610548348
6241.2042083608739631 17.023908044704402442
6241.3617977921012425 17.025549206678494585
6241.521649187920957 17.027222828598539195
6241.684306401341928 17.028934963123464996
6241.8503895994836057 17.030692597520722842
6242.0199241055370294 17.032496518242528083
6242.1907428134845759 17.034324002376695972
6242.3629317408040151 17.036176126357975846
6242.536580818236871 17.038054029066007189
6242.7099961166541107 17.039939423995058121
6242.8810956735205764 17.041809384646882108
6243.0495841003694295 17.043660198438121967
6243.2152126990204124 17.045488618024538852
6243.3777948349106737 17.047292047722677921
6243.537217769909148 17.049068694264931878
6243.6934404506146166 17.050817562315138787
6243.8464903701424191 17.05253843743303932
6243.9964511603257051 17.054231761869850459
6244.14345416148808 17.055898550874250219
6244.2876631905837712 17.057540228215607669
6244.4292792222595381 17.059158685025263225
6244.5685071109292039 17.060755903213792095
6244.7055623688056585 17.062334032213971824
6244.8406651938876166 17.063895319951836171
6244.9740360283349219 17.06544206022171295
6245.1058911204390824 17.066976539194026685
6245.2364397368073696 17.068501000377914067
6245.3658817493369497 17.070017613554512081
6245.4944058083210621 17.071528450278176336
6245.6221881815636152 17.073035467042579683
6245.7493921290206345 17.074540494727390438
6245.8761678094497256 17.076045234403665063
6246.0026526611345616 17.077551258923374888
6246.1289721586035739 17.079060019218008648
6246.2552409433319554 17.080572855356372486
6246.3815369789572287 17.082090683245240825
6246.5079356944916071 17.083614399942330664
6246.6345304991336889 17.08514513152792702
6246.7614087025212939 17.086683943836828092
6246.8886527493705216 17.088231856321719704
6247.01634128144633 17.089789854104385114
6247.1445499646970347 17.091358897403225114
6247.2733521342097447 17.092939928920330317
6247.4028207752999151 17.094533897859612637
6247.5330258006952135 17.096141726222505497
6247.6640321243721701 17.097764284395797318
6247.7959020991938814 17.099402420608800668
6247.9286951304102331 17.101056955693806572
6248.0624672723824915 17.102728677553987069
6248.1972693538700696 17.104418317073189826
6248.3331466776780871 17.106126543422007558
6248.4701416332245572 17.107853996073494329
6248.6082906736692166 17.109601246021718168
6248.7476255190294978 17.111368809988729112
6248.8881761270777133 17.1131571874225763
6249.0299680116195304 17.114966825920532756
6249.1730226172085167 17.116798125205800574
6249.3173577332145214 17.118651441682878556
6249.4629893008786894 17.120527111045003466
6249.6099315065703195 17.122425449122573582
6249.7581967901624012 17.124346751646655207
6249.9077979876010431 17.126291321788283284
6250.0587497144833833 17.12825948829422984
6250.2110698133519691 17.13025162479160457
6250.3647808142814029 17.132268169622385301
6250.5199113538064921 17.134309645491342167
6250.6764974761863414 17.136376677923706779
6250.8345838166042086 17.138470012494355643
6250.9942244189232952 17.14059052752531187
6251.1554833051159221 17.142739243688467354
6251.3184348767799747 17.144917331536927207
6251.4831643505494867 17.147126119631035834
6251.6497673246494742 17.149367091116531014
6251.8183484612782195 17.151641868286390036
6251.9890216980065816 17.15395221758458888
6252.1619101171963848 17.156300050061446427
6252.3371446280834789 17.158687405646571023
6252.5148630997618966 17.161116443301629886
6252.6952092210894989 17.163589427239962504
6252.87833173112449 17.166108717989267518
6253.0643833426011042 17.168676759040053525
6253.2535195644759369 17.171296061826470947
6253.4458983028616785 17.173969201223993508
6253.6416791853152972 17.176698807080370557
6253.841023487701932 17.179487563995188282
6254.0440957600139882 17.18233823494502488
6254.2510682565880415 17.185253724939880016
6254.4621386369535685 17.188237333868091383
6254.6775332866554891 17.191292810315594863
6254.8975152932744095 17.194424472939815018
6255.1183162048200757 17.197578993214225562
6255.3395795952910703 17.200751281074506238
6255.5613165907279836 17.203941468377866642
6255.7835385593980391 17.20714968902302644
6256.0062571180924351 17.210376078837736458
6256.2294841388293207 17.213620775490621639
6256.4532317558614523 17.21688391837706078
6256.6775123728721155 17.220165648495282085
6256.902338670483914 17.223466108318039147
6257.1277236141786489 17.226785441657682441
6257.3536804627265155 17.230123793523379305
6257.5802227771500839 17.23348130997655403
6257.8073644300766318 17.236858137974795824
6258.035119615559779 17.240254425208156874
6258.2635028595377662 17.243670319932675739
6258.4925290307146497 17.247105970789334606
6258.7222133520626812 17.250561526618866992
6258.9525714131923451 17.254037136278554954
6259.1836191834754572 17.257532948457047439
6259.4153730259422446 17.26104911148706833
6259.6468096737944506 17.264569929818584626
6259.8783336365268042 17.268101342031076939
6260.1106041198854655 17.271653244234666857
6260.3448348848141904 17.27524413764581368
6260.5803624661493814 17.278863808314120831
6260.8167030566482936 17.282504698746464555
6261.0538762348378441 17.286166949548519511
6261.2919021202078511 17.289850699528336975
6261.5308013970507091 17.293556085527438171
6261.7705953399790815 17.297283242253229218
6262.0113058419747176 17.301032302119256912
6262.2529554440889115 17.304803395092317686
6262.4955673667782321 17.308596648509993798
6262.7391655434976201 17.312412186913327616
6262.9837746564189729 17.316250131876284257
6263.2294201747208717 17.320110601861500754
6263.4761283957959677 17.323993712067636608
6263.7239264887184618 17.327899574320468901
6263.9728425403764049 17.331828296908465603
6264.2229056053047316 17.335779984394079634
6264.4741457596264809 17.339754737383191951
6264.7258636850810944 17.343741078215522577
6264.9777827019697725 17.347734170058302539
6265.2302962557696446 17.351739780959437809
6265.4838110202344978 17.35576388993977659
6265.7355845169340682 17.359762442637801882
6265.9845998094788229 17.363718724376202118
6266.2309804282676851 17.36763414508492076
6266.4748392097008036 17.371509968826543968
6266.7162870873062275 17.375347451274919308
6266.9554762147172369 17.37914852294788659
6267.1925140396169809 17.382914421200027277
6267.4275092253228649 17.386646418187982732
6267.6605670645685677 17.390345746194654453
6267.8918071728558061 17.39401387654929465
6268.1213285033190914 17.3976519625945798
6268.3492274180498498 17.401261125265644836
6268.5756027555544279 17.404842531828052188
6268.80054626092533 17.408397242958269402
6269.0241478435718818 17.411926294833836693
6269.2464969673919768 17.415430719825458539
6269.4676831851429597 17.418911553546195137
6269.6878125110124529 17.422370090465459924
6269.9069760210704771 17.425807388036723466
6270.1252559501017458 17.429224362590684194
6270.3427298641618108 17.432621854435431885
6270.5594846167741707 17.436000844696412315
6270.7756034955182258 17.439362252713653589
6270.9911660934794781 17.442706933323265162
6271.206262918356515 17.446035902056131306
6271.4209769614944889 17.449350047419592613
6271.6353955866652541 17.452650313764621615
6271.8496117816785045 17.455937718079212573
6272.0637169650262877 17.45921323726023644
6272.2778039645136232 17.462477852184999705
6272.4919340848491629 17.465732046037619085
6272.7061897249723188 17.468976606751382974
6272.9206694390622943 17.472212545531402128
6273.1354740156602929 17.475440881702446916
6273.3507066409556501 17.478662642523023152
6273.5664724089720039 17.481878853170261578
6273.7828801065452353 17.48509056040794718
6274.0000428232769991 17.488298838080474695
6274.2180764930080841 17.49150476181652536
6274.4371010152526651 17.494709421802614457
6274.65724163082632 17.497913938552631663
6274.878679756042402 17.501120191985457097
6275.1015957221879944 17.504329973233399897
6275.3261156754942931 17.50754422230993157
6275.5523697826683929 17.51076387256043887
6275.780495182474624 17.513989886906813354
6276.0106348869812791 17.517223235409954185
6276.242938918386244 17.520464904089948277
6276.4775530525303111 17.523715731511920524
6276.7145165451893263 17.526975004622023846
6276.9498133307661192 17.530186818042189145
6277.1831969769655188 17.533347821207950545
6277.4144472828074868 17.5364551465442986
6277.6433827166320043 17.5395065628565483
6277.8698630771286844 17.542500490694994397
6278.0937987721526952 17.54543610129718445
6278.3151521385780143 17.548313305409809715
6278.5339317408070201 17.551132650388034051
6278.7502023597580774 17.553895420155047447
6278.9640474858542802 17.556603129316751932
6279.1755791432460683 17.559257633742070936
6279.3849228063363626 17.561860926121749316
6279.5922168109336781 17.564415119547135191
6279.797606480313334 17.566922367304822927
6280.001240125014192 17.569384809297648786
6280.2032496942620128 17.571804338333862461
6280.4037787357865454 17.574182938344730331
6280.6029659778332643 17.576522484595827223
6280.8009433754787096 17.578824722732640851
6280.9978366940631531 17.581091278342540818
6281.1937653141994815 17.583323657364207548
6281.3888396932152318 17.585523220423525004
6281.5831927401832218 17.587691535395109099
6281.7769228234674301 17.589829737475444205
6281.9701199575210921 17.591938833330846848
6282.1628662421280751 17.594019710129053635
6282.3552447132442467 17.596073233626562171
6282.5473250004351939 17.598100096512638402
6282.7391672342719176 17.600100866569825087
6282.9308241867793186 17.602076013987630887
6283.1223446461199273 17.604025949684100283
6283.3137624903065444 17.605950918248492343
6283.5051079061640849 17.607851117722152168
6283.6964028869970207 17.609726657872140976
6283.8876606626108696 17.611577559745672517
6284.0788858490031998 17.613403762569536326
6284.2700724362885012 17.615205110386636278
6284.4612069537424759 17.616981388088436944
6284.6522635282726696 17.618732281312723842
6284.8432076298431639 17.620457418128555815
6285.0324053960548554 17.622142312262454311
6285.2177701432383401 17.623769379223340081
6285.3997638480295791 17.625343977239069204
6285.5787838764945263 17.626870674092785407
6285.7551743063031608 17.628353388123034762
6285.9292396246764838 17.629795538380374609
6286.1012501588411396 17.631200116354442287
6286.2714508701419618 17.632569779589609027
6286.4400640542735346 17.633906890284627877
6286.6072886605643362 17.635213525161237413
6286.7733136653796464 17.636491592675582751
6286.9383157641441358 17.637742822601317982
6287.1024655856599566 17.638968820087360001
6287.2659203328448712 17.640171016178321395
6287.4288304573246933 17.641350723994840166
6287.5913413480730014 17.642509154941308225
6287.7535928821789639 17.643647418762057555
6287.9157224389109615 17.644766547495144948
6288.0778592280057637 17.645867458805504668
6288.2400778481560337 17.646950653120896391
6288.4025133079967418 17.648016992947638926
6288.565300334078529 17.649067280571120619
6288.728576871551013 17.65010228001796122
6288.8924826732791189 17.651122706249019245
6289.0571637470375208 17.652129250677042194
6289.222769944411084 17.653122562784751892
6289.3894420985534452 17.6541031723652182
6289.5573240370440544 17.655071562569773391
6289.7265708019203885 17.656028213358521128
6289.897344345374222 17.656973570445035904
6290.0698140075637639 17.657908042663546411
6290.2441611246749744 17.65883202041655764
6290.4205826439847442 17.659745885464939619
6290.5992866589158439 17.660649977336564831
6290.7804939349953202 17.661544591756893396
6290.9644428800511378 17.662429993868425271
6291.151392875327474 17.663306419594842822
6291.3416274622368292 17.66417407309458909
6291.5354573301056007 17.665033119977518794
6291.7319888729398372 17.665878449227012226
6291.9293243401525615 17.66670128962762476
6292.1274626758522572 17.66750140338491093
6292.3248270149188102 17.668272502987608874
6292.519947321190557 17.669009521558376008
6292.7129983729246305 17.669714037966304687
6292.9041638490980404 17.670387559779722864
6293.0936385543154756 17.671031528137802979
6293.2816288075118791 17.671647315082676499
6293.4683543281516904 17.672236225196080284
6293.6540514468551919 17.672799499779650034
6293.8389578129808797 17.673338265835475624
6294.0233579406822173 17.673853662214622062
6294.2075727125775302 17.674346786516437646
6294.3918788199125629 17.674818474113600075
6294.5765765824098708 17.675269487060685236
6294.7621176159664174 17.675700790251426042
6294.9490179653130326 17.676113276063709634
6295.1378606970192777 17.676507730385811357
6295.3293063997616628 17.676884809692545275
6295.5240747949637807 17.677244955808458116
6295.722913059224993 17.677588298016640778
6295.9265753261543068 17.677914591730250038
6296.1357759140773851 17.678223132036677612
6296.3511194539760254 17.678512671507810694
6296.5715330499888296 17.67877968110795095
6296.7917593036136168 17.679016951273297309
6297.0068601495459006 17.679220354348881727
6297.2171974626307929 17.679392289562798624
6297.4231012815826034 17.679534892733983042
6297.6248734011669512 17.679650070138702489
6297.8227721076182206 17.679739520053022517
6298.0170492887082219 17.67980477742183254
6298.207935799077859 17.679847222614007762
6298.3956440019228467 17.67986810003218423
6298.5803697204373748 17.679868533921894169
6298.7622938388904004 17.679849541987760375
6298.9415836748385118 17.679812047254170437
6299.118394833194543 17.679756888191406006
6299.2928658048786019 17.679684830482646163
6299.4651301000312742 17.679596571628390933
6299.6353117385569931 17.679492748859743756
6299.8035367029106055 17.679373937327511612
6299.9699145367421806 17.679240666820653871
6300.1345465602262266 17.679093423596171419
6300.2975266989587908 17.678932654896616583
6300.4589414407846562 17.678758773753283862
6300.6188729565246831 17.678572159770851613
6300.7773981351865586 17.678373163383525934
6300.9345901550095732 17.678162106971505807
6301.0905167495347996 17.677939289900329811
6301.2452481616401201 17.677704979256919415
6301.3988451567820448 17.677459429186203721
6301.551365102548516 17.677202875050340936
6301.7028623595233512 17.676935534711034848
6301.8533887592002429 17.676657609385255654
6302.0029937978197268 17.676369284767545764
6302.1517250031702133 17.676070731662154145
6302.2996282278245417 17.675762106546461183
6302.4467479152008309 17.675443552017167548
6302.5931272968809935 17.675115197236280551
6302.7388088765419525 17.674777157581477383
6302.8838343363513559 17.67442953545633344
6303.0282450025561047 17.674072419717330007
6303.1720819274214591 17.673705885865242493
6303.3153862479930467 17.673329995449847729
6303.458201295777144 17.672944790514307556
6303.60056820362297 17.672550305360623213
6303.7425284593527977 17.672146560230533652
6303.884118560549723 17.671733577174503438
6304.0253803796076681 17.671311350697724407
6304.1663557025540285 17.670879862921349712
6304.3070869461853363 17.670439081530137315
6304.4476170737616485 17.669988960001692391
6304.5879904263692879 17.66952943483607541
6304.7282634818475344 17.669060388883192303
6304.8684787874999529 17.668581737167638579
6305.0086785154044264 17.66809338422290665
6305.1488919536586764 17.667595269226737287
6305.2891532140065465 17.667087305821407739
6305.4295045872522678 17.666569368041216137
6305.5699882132794301 17.666041319203120707
6305.7106512237205607 17.665502992210843303
6305.8515411633525218 17.664954205947189791
6305.9927005935860507 17.664394786804763271
6306.1341692749747381 17.663824561592793572
6306.2759859941925242 17.663243351010315507
6306.4181902570408056 17.662650962931490284
6306.56083270803083 17.662047147767580668
6306.7039607556116607 17.661431657081902102
6306.8476045395291294 17.660804306492689619
6306.9917891119948763 17.660164927080113983
6307.1365321104485702 17.659513377676326229
6307.2818428897107879 17.658849551367424624
6307.427720677211255 17.658173386895949619
6307.57415182517434 17.657484885068168268
6307.7211066610443595 17.656784128173342197
6307.8685376384928531 17.656071294303579577
6308.0163823600032629 17.65534664832628664
6308.1645318198925452 17.654610705525598746
6308.3121975744861629 17.653867452920916747
6308.459411427554187 17.653116874811928483
6308.6062042179773925 17.652358951057788516
6308.7526057751510962 17.6515936577817385
6308.898644863879781 17.650820968135324307
6309.0443490895167997 17.650040853284501452
6309.1897447339115388 17.649253283793100877
6309.3348567614639251 17.648458230126486512
6309.4797086014414162 17.647655664379463758
6309.6243219569869325 17.646845561921281842
6309.7687165759007257 17.646027903314656982
6309.912910013691544 17.645202676348283433
6310.0569173297981251 17.644369878531040996
6310.2007507595490097 17.643529519820049245
6310.3444193644245388 17.642681625577633753
6310.487928687767635 17.641826239602252713
6310.631280466384851 17.64096342692303665
6310.7744724806771046 17.640093275827542385
6310.9174986700090813 17.639215898290910189
6311.0603496186240591 17.638331428035055382
6311.2030136122348267 17.637440014819080858
6311.3454782215385421 17.636541815016254731
6311.4877322442798686 17.635636979358025656
6311.6297678816381449 17.6347256385201554
6311.771582348422271 17.633807891679776247
6311.9131787126543713 17.63288379961728225
6312.0545658494093004 17.631953383429095794
6312.1957577297653188 17.631016627718995693
6312.3367724149802598 17.630073486031015761
6312.4776310606230254 17.629123886560559953
6312.6183571408009811 17.628167736701588098
6312.7589758927551884 17.627204926337928015
6312.8995139678136184 17.626235329888171321
6313.0399992219381602 17.625258807490318702
6313.1804605928409728 17.624275205645599129
6313.3209251160205895 17.623284378157258345
6313.461411127651445 17.622286235170154356
6313.6019499412868754 17.621280589790970339
6313.74257372007105 17.620267242578133704
6313.8833154174508309 17.619245981846184179
6314.0242087143678873 17.618216584012234449
6314.1652875111021785 17.617178817247392431
6314.3065862549665326 17.616132439069932758
6314.4481403427707846 17.615077193274569112
6314.589985624143992 17.614012813510051103
6314.732158371278274 17.612939023460221222
6314.8746951734856339 17.611855537609617528
6315.0176328526804355 17.610762061878588725
6315.1610084623653165 17.609658293631973436
6315.3048592475843179 17.608543921987649838
6315.4492226252714318 17.607418627973565606
6315.594136198367778 17.606282084421295053
6315.7396379310785051 17.605133954575876487
6315.8857657993830799 17.603973894834048508
6316.0325576103787171 17.602801556224953572
6316.1800513967182269 17.60161658130455109
6316.3282855207462489 17.600418603287977248
6316.4772988055792666 17.599207244928280147
6316.6271306234502845 17.59798211771024512
6316.7778195923983731 17.596742832491589326
6316.9294051547449271 17.595488986607517035
6317.0819295560295359 17.594220147178972979
6317.2354362383812258 17.592935863941654873
6317.3899698160485059 17.5916356691817235
6317.5455764332164108 17.590319074429615398
6317.7023039331961627 17.588985568659222025
6317.860202192129691 17.587634615022150086
6318.0193233062100262 17.58626564874753484
6318.1797224738356817 17.584878068955827501
6318.3414577506446221 17.583471240046222306
6318.5045895698913228 17.582044495204364409
6318.669181566030602 17.580597128550518704
6318.8353009033116905 17.579128391429431844
6319.0030185986524884 17.577637488638444552
6319.1724099667790142 17.576123573458836802
6319.3435549182322575 17.574585743871057986
6319.5165382763943853 17.573023038494444137
6319.69145033345103 17.571434430239101232
6319.8683873729714833 17.569818820075610688
6320.0474522543072453 17.568175030058647224
6320.2287550714818281 17.566501795454296797
6320.4124138958004551 17.564797755852715966
6320.5985556218001875 17.563061445049456211
6320.787316838102015 17.5612912803896144
6320.978844975265929 17.559485549166119256
6321.173299654924449 17.557642392681760413
6321.3708540630123025 17.555759789584911346
6321.5716966061936546 17.553835535949676938
6321.7760328275380743 17.551867222186263717
6321.9840876280513839 17.549852206243414798
6322.1961078520962474 17.547787582364975378
6322.4123648729646447 17.545670148787507969
6322.6331584698436927 17.543496361571104813
6322.8588214820692883 17.541262279099516519
6323.0897243610515943 17.53896350561642592
6323.3262810583782993 17.53659511926828074
6323.5627899111395891 17.534213848019376769
6323.7990220499314091 17.531822139923900039
6324.0352105699448657 17.529417775438151494
6324.2714984778394864 17.526999405295640599
6324.5080865482768786 17.524565050742634043
6324.7451908006378289 17.522112529587669627
6324.9830311226050981 17.519639571496952613
6325.2218289607435509 17.517143841867461873
6325.4578172306410124 17.514664961853355862
6325.6907959582877083 17.512205588417049995
6325.920950469849231 17.509764308387790521
6326.1484490181837828 17.507339839842316564
6326.3734453104998465 17.504931011388411122
6326.5960890290498355 17.502536654183352027
6326.8165279624581672 17.50015558149250694
6327.0349084329382094 17.497786586036443879
6327.2513728199892284 17.495428468784343323
6327.4660609290840512 17.493080026125326754
6327.6791060399664275 17.490740095129062581
6327.8906359770317067 17.488407544227332124
6328.1007730467927104 17.486081276091709924
6328.3096336862190583 17.483760233598395928
6328.5173283634876498 17.481443402941152954
6328.7239615430698905 17.479129815990273045
6328.929631713524941 17.47681855184735511
6329.1344314397974813 17.474508738012477949
6329.3384474437179961 17.472199551151771146
6329.5417146571408011 17.469890741475268214
6329.7443000493658474 17.467581686181297584
6329.9462627483153483 17.46527184027757329
6330.147654700313069 17.46296073078772082
6330.3486112400869388 17.460646913804747982
6330.549194727586837 17.458329768201934939
6330.7494660259908414 17.456008680025011159
6330.9494808987865326 17.453683084943186543
6331.149291109339174 17.451352456548058001
6331.348947188584134 17.44901627482930806
6331.5484921881225091 17.446674100002994123
6331.7479587970519788 17.444325608041108211
6331.947347378338236 17.441970852461633257
6332.1465753167049115 17.439610871110293289
6332.3454707914115716 17.437247774949099721
6332.5438755361619769 17.434883537145360322
6332.7417093351905351 17.432519218294277863
6332.9389733708358108 17.43015491235283676
6333.1357244966584403 17.427790042259253767
6333.3320623871459247 17.425423505744511488
6333.5281039384781252 17.423053978262075248
6333.7239868985852809 17.420679866436607597
6333.9198541354217014 17.418299496462307019
6334.1157903558632825 17.415911885832493056
6334.3119453707158755 17.413515245066246706
6334.5084853690159434 17.411107565186835444
6334.7055788909037801 17.408686787989736899
6334.9033999524044702 17.406250767504918286
6335.1021278608404828 17.403797271770912403
6335.3019470454973998 17.401323984446481319
6335.5030474999857688 17.398828498832170197
6335.7056243598372021 17.396308322571940153
6335.9085470041054577 17.393777496911305036
6336.1108559454578426 17.391248063654398237
6336.3126376614764013 17.388719057638081011
6336.5140029555559522 17.386189197107466242
6336.7150292828337115 17.383657607635402798
6336.9157888229528908 17.381123472661222706
6337.1163416070103267 17.378586121608861959
6337.31673688238061 17.37604501456217676
6337.5170167717051299 17.373499697452885471
6337.717218064755798 17.370949780384226102
6337.9173759136792796 17.368394891292123106
6338.1175249126335984 17.365834662468728311
6338.3176942151576441 17.363268793409741164
6338.5179085223608126 17.360697038948504911
6338.7182039556555537 17.358119005421229986
6338.9186188136291094 17.355534268611997106
6339.1191923352835147 17.352942389593696504
6339.3199649770549513 17.35034291114681082
6339.5209852067509928 17.347735269533970381
6339.7223054854366637 17.345118845939566654
6339.9239812565383545 17.342492979331741054
6340.1260709428443079 17.339856966312996889
6340.3286330577811896 17.337210098747998899
6340.5317296930516022 17.334551618265859219
6340.7354262469425521 17.331880719631282517
6340.9397903161207068 17.329196565169016964
6341.1448937125151133 17.326498258205003111
6341.3508192999579478 17.323784752705314816
6341.5576558187303817 17.321054920745439176
6341.7654943008883492 17.318307599638306016
6341.9744341819350666 17.315541511064960645
6342.1845859881605065 17.312755224943998655
6342.3960734066995428 17.309947131249806773
6342.609038202861484 17.30711537378046927
6342.8236449559062748 17.304257785894392896
6343.0400814506356255 17.301371883807622254
6343.2585608656563636 17.298454835992533418
6343.4793228173366515 17.295503447816461318
6343.7026331536908401 17.292514162991075466
6343.928788504910699 17.289483001434692966
6344.1581203130435824 17.286405503878480516
6344.3909999122197405 17.283276662213445718
6344.627830673643075 17.280091023743896272
6344.8690300321759423 17.276842932826454557
6345.1150184413909301 17.273526680938154243
6345.3601637318261055 17.270218278236008302
6345.6038692649881341 17.266925992518650901
6345.846054640789589 17.263651133347089228
6346.083882891128269 17.260432331693841945
6346.3177070633028052 17.257265106904757346
6346.5478530044574654 17.254145313243810733
6346.7747013459938898 17.251068032015872689
6346.9985315501862715 17.248029689821247956
6347.2196258374824538 17.245026653629778934
6347.4382448372780345 17.242055563920523298
6347.6546444209288893 17.239113108549069864
6347.869077751371151 17.236195996817492926
6348.08180796317356 17.233300788607621712
6348.2930888120827149 17.230424159182717858
6348.5031761572417963 17.227562744490452218
6348.7123448354550419 17.224712912535032672
6348.920867414557506 17.221871053934066254
6349.1290273419681398 17.219033404015902988
6349.3371340406347372 17.216195838070664337
6349.545390441337986 17.213355679046220104
6349.7540999054826898 17.210508877295445984
6349.9636318338607452 17.207650479829673884
6350.1743994290582123 17.204774934609329051
6350.3868687865851825 17.201875967870726925
6350.6015908450244751 17.198946149816311646
6350.8192523575435189 17.195976201163013286
6351.040703301886424 17.192954621988171482
6351.2669907415120178 17.189867233827541781
6351.499384165434094 17.186696839815599702
6351.7314816633579539 17.183530901607817043
6351.9588578194970978 17.180429879068871202
6352.1824016643586219 17.177381719771599222
6352.4028776086852304 17.174376068673485207
6352.6209219999063862 17.171404316863721817
6352.8371210260002044 17.168458541004699924
6353.0519951381747887 17.165531717039637982
6353.2660116320848829 17.162617549736683742
6353.4795993227653526 17.159710273685618631
6353.6931601577462061 17.15680449611812719
6353.9068991381736851 17.153897510542016391
6354.1211772723891045 17.150984495039310218
6354.336359107230237 17.148060589642085461
6354.5528066489914636 17.145120980581587844
6354.7708963735767611 17.142160671048895182
6354.9910273590494398 17.139174373269170815
6355.2136223009983951 17.13615649770066085
6355.4351589940106351 17.133154908019079699
6355.6468143299989606 17.130289093816109869
6355.8504750409929329 17.127533351064926137
6356.0476059730872294 17.124867737295534909
6356.2393756094597848 17.122276358872124291
6356.4267194417798237 17.119746503731956722
6356.6104095101263738 17.117267694054241645
6356.7910698876812603 17.114831471205551594
6356.9692216823477793 17.112430783672145651
6357.1453177395942475 17.110059515976054456
6357.3197493500283599 17.107712396015525513
6357.492852841275635 17.105384904221455855
6357.6649237408164481 17.10307308130483861
6357.8362516783145111 17.100773058460308818
6358.007085738026035 17.0984815223231017
6358.1776569747953545 17.096195411780527706
6358.3481905105427359 17.093911755696318266
6358.5188178846719893 17.09162884543151506
6358.6897394915749828 17.089344059439312673
6358.8611707748059416 17.087054586275773005
6359.0333300699912797 17.084757588417510021
6359.2064457392052645 17.082450108241776121
6359.3807667438240969 17.080128928926257004
6359.5565616540116025 17.077790590102317481
6359.7341087233726284 17.075431522354669767
6359.9137085911870599 17.073047880950085187
6360.0957003719713612 17.07063533612463857
6360.2804650888037941 17.068189032827486784
6360.4684549638450335 17.065703209741844404
6360.660208438301197 17.063171010566453134
6360.8563514766092339 17.060584479031852823
6361.0576444188336609 17.057933956538150255
6361.2650373330507136 17.055207376244858608
6361.4797332343223388 17.052389465021445147
6361.7000815125702502 17.049502453344068442
6361.9212776484628193 17.046609660926215213
6362.1436363316934148 17.043707193410448042
6362.3674884262181877 17.040790984399521335
6362.5931698437925661 17.037856944909183454
6362.8210392506034623 17.034900737775021895
6363.0514949475045796 17.031917566233868655
6363.2849640379172342 17.028902323777476369
6363.5219083207621225 17.025849527886364854
6363.7628290657348771 17.022753270386729696
6364.0066278667472943 17.019628214320050574
6364.2501783783091014 17.016514784775015556
6364.4916558945215002 17.013436404789612055
6364.7311785122710717 17.01039156962185217
6364.9688911391394868 17.007378445264574651
6365.2049300818662232 17.004395321080590264
6365.4393893814067269 17.001441032622409466
6365.6723942133176024 16.998514033650817368
6365.9040608045434055 16.995612904049533398
6366.1344934607677715 16.992736385888708384
6366.3637917702008053 16.989883292266533488
6366.592048242695455 16.98705253624927991
6366.8193491675019686 16.984243119457264726
6367.0457748549997632 16.981454128425575334
6367.2714001530011956 16.978684727580258595
6367.4963229476925335 16.975933810636387733
6367.7206098604538056 16.973200666846281592
6367.9443235786757214 16.970484643377865552
6368.1675249136815182 16.967785120054724501
6368.3902700250346243 16.965101542763903808
6368.6126124583952333 16.962433398396225215
6368.8346025043219925 16.959780222284930318
6369.0562860797053872 16.957141611105924994
6369.2777087501444839 16.954517174596691831
6369.4989121159005663 16.951906578389206004
6369.7199407293892364 16.949309462238161927
6369.940833661367833 16.946725539562027762
6370.1616274897824042 16.944154561612169374
6370.3823564398999224 16.941596315497331915
6370.603050809949309 16.93905064195145016
6370.8237395784663022 16.936517404651180385
6371.044447473164837 16.933996523480942642
6371.265186994753094 16.931488063966575908
6371.4859780577435231 16.928992012395084998
6371.7068362427989996 16.926508409903011199
6371.9277733634316974 16.924037345010635391
6372.1487952656261768 16.921578977003086663
6372.3699004168684041 16.919133549729291843
6372.5910824482543831 16.916701361441521811
6372.8123244093767426 16.914282825866127524
6373.0336018444177171 16.911878435368343787
6373.2548791015533425 16.90948879807937999
6373.4761273064459601 16.907114441653728676
6373.6973159696317452 16.9047559045664606
6373.9184142461899683 16.902413722074964397
6374.1393929469722934 16.900088404806123066
6374.3602263642578691 16.897780420138630575
6374.5808954731219274 16.895490160162818682
6374.8013897610999265 16.893217925182007377
6375.0217098574694319 16.89096389996521097
6375.2418721796448153 16.888728110892508028
6375.4619066998320704 16.886510454467344999
6375.6818768595439906 16.884310504356690785
6375.9018571358055851 16.882127746606137464
6376.1219007483314272 16.879961901232004351
6376.342118913052218 16.877812143818456292
6376.5626588143768458 16.875677342263752934
6376.7837057382384955 16.873556052673592376
6377.0054907788817218 16.871446464352573003
6377.2283004652636009 16.869346331774142556
6377.4524887560482966 16.867252890949096411
6377.6784926065884065 16.865162751228272242
6377.9068475879694233 16.863071797827590359
6378.1382053790675855 16.860975089994614251
6378.3733532090791414 16.858866757114409296
6378.6132314595151911 16.856739929970565584
6378.858942643843875 16.854586768158110743
6379.107139162416388 16.85243825865962819
6379.3515577786793074 16.850348762997295893
6379.5899923037377448 16.848335909933464194
6379.8236622232434456 16.846388004563699781
6380.0535835339596815 16.844495524687186361
6380.2806200696686574 16.842650593632257028
6380.5055516993197671 16.840846354996187983
6380.729054191963769 16.839077087503913077
6380.9517559964415341 16.837337712062129924
6381.1742582005599616 16.835623617720489875
6381.3969592351368192 16.833931974174674906
6381.6203646146650499 16.832259324915085585
6381.8451164844163941 16.830601435175008618
6382.0719296172992472 16.828953838012285615
6382.301640893460899 16.827311537152233711
6382.5352837596647078 16.825668576144320099
6382.7741765799964924 16.824017576133645235
6383.0200377830633442 16.822349177249915186
6383.2730041541435639 16.820665418114916889
6383.5246430350262017 16.819023844580623717
6383.7758940260546296 16.817418263153985691
6384.0273594578738994 16.815845056887550157
6384.279612569767778 16.814301100053548055
6384.5333326176069022 16.812782946308718834
6384.7884444499932215 16.811291880177659408
6385.0439247331678416 16.809834486610629511
6385.2997784448280072 16.808411119716790694
6385.5560105130989541 16.807022127163453007
6385.8126258144211533 16.805667849867610641
6386.0696291714466497 16.804348621681540976
6386.3270253503196727 16.803064769106079268
6386.5848190578353751 16.801816610992315049
6386.8430149387913843 16.80060445823395554
6387.1016175728018425 16.799428613469356009
6387.3606314705011755 16.798289370781429142
6387.6200610695086652 16.79718701540739545
6387.879910730193842 16.796121823419092323
6388.1336712451739004 16.795119303418747592
6388.382317412678276 16.794173205838532681
6388.6270024884952363 16.793277233952899508
6388.8685690039264955 16.79242683560426741
6389.1076491469966641 16.791618635118542358
6389.3447299461322473 16.790850070110437287
6389.5802011342002515 16.790119139969554851
6389.8143839794602172 16.789424251783398034
6390.0475286901137224 16.788764178341018862
6390.2798702027439504 16.788137861639565784
6390.5116469650847648 16.787544354557809356
6390.7430583532523087 16.786982922696328302
6390.9742884633087669 16.786452964414916522
6391.2055105914805608 16.7859539906181503
6391.4368491152354181 16.785485691623385662
6391.6684735575245213 16.785047732511635843
6391.90053243940838 16.784639894677418681
6392.1331710355652831 16.784262033748024834
6392.3665338288947169 16.783914073540127987
6392.6007611663080752 16.783596009462439014
6392.8359999984586466 16.783307892929251182
6393.072404039758112 16.783049835172757724
6393.3101219867548934 16.782822021819775671
6393.5465432055489146 16.782626799196037837
6393.7813244226153984 16.782463702457818044
6394.0148025691223665 16.782331747939348787
6394.2472887443936997 16.78223013535641428
6394.4790868512191082 16.782158222647886703
6394.710498802965958 16.782115517307939712
6394.9418295152509017 16.782101672004340998
6395.1732763874688317 16.782116469696603644
6395.4051179568386942 16.782159802028473905
6395.6376946079581103 16.782231710060496965
6395.8713709889188976 16.782332401331455429
6396.1035489802088705 16.782460433565457691
6396.3318846257325276 16.782613305655633695
6396.556772065977384 16.782789755755278094
6396.7785637395636513 16.782988697965681268
6396.9975709042528251 16.783209189849923604
6397.2140546920081761 16.783450391478474728
6397.4282734393109422 16.783711592427476234
6397.6404617152356877 16.783992175977701322
6397.8508132026263411 16.784291576844058369
6398.0595294535769426 16.784609333352030092
6398.2667998963424907 16.784945054474189163
6398.4728046985101173 16.785298415778498793
6398.6777063314511906 16.785669136503418741
6398.8816712014686345 16.786057010938684186
6399.084865888985405 16.786461900297911853
6399.2874523227455938 16.786883720342693493
6399.4895915896340739 16.787322445696442941
6399.691471049831307 16.787778169950769325
6399.8932656496272102 16.788251022744194785
6400.0951104283285531 16.788741094629781259
6400.2971434912051336 16.789248528470469779
6400.499570669527202 16.789773689865178596
6400.7026050194108393 16.790317029057025167
6400.906456714234082 16.790879053798498433
6401.1113519992268266 16.791460381050885786
6401.3175347031319689 16.792061746246645271
6401.5252705730144953 16.792684021783248483
6401.7348503670882565 16.793328233635676838
6401.9465823284263024 16.793995545474945885
6402.1608141468641406 16.794687335629951974
6402.3779537009158958 16.795405280163542727
6402.5984628252426774 16.796151353185440058
6402.8228691841532054 16.796927887674421243
6403.051783877296657 16.797737662442607132
6403.2859063921750931 16.798583951336606646
6403.5260319941344278 16.799470584357486302
6403.7730693776738917 16.800402052060675828
6404.0243261205559975 16.80136910496790037
6404.2778337400686723 16.802364498400439885
6404.5337869837385369 16.803389101660670235
6404.7923777988708025 16.804443811780306106
6405.0537993102007022 16.805529566093198923
6405.318257514922152 16.806647389229745215
6405.5859572431081688 16.807798333269403201
6405.8570948592023342 16.808983441078584775
6406.1318651128294732 16.810203769515045025
6406.4104423838125513 16.811460298838714067
6406.6880165906532056 16.812731025150213782
6406.9637841984476836 16.814011390023001269
6407.2379073233014424 16.815301219383691489
6407.5105471254373697 16.816600391555638794
6407.7818751897757465 16.817908887932819795
6408.0520620700071959 16.819226735560313557
6408.321276810776908 16.820554000401514827
6408.5896895035521084 16.821890795826959675
6408.8574730217933393 16.823237287862191636
6409.1248017513744344 16.824593685627945661
6409.3918492901693753 16.82596022622269416
6409.6587913043404114 16.827337185757350824
6409.9257734460870779 16.828724708838500135
6410.1928987188011888 16.830122733334256679
6410.4603275602767098 16.831531509363699683
6410.7282134000361111 16.832951263691157351
6410.9967035615518398 16.834382200358966486
6411.2659584888651807 16.835824600118417749
6411.5361201185396567 16.837278648487071564
6411.8072883441736849 16.838744303063648999
6412.0787760396842714 16.840217237221114743
6412.3501988706657357 16.841694714243836017
6412.6218295762519119 16.843177563310888445
6412.8940396933721786 16.844667170281361734
6413.167141094391809 16.846164607079579412
6413.4413857415756866 16.847670620258821117
6413.7169691827211864 16.849185642373271321
6413.9940424428932602 16.850709851852805343
6414.2717765725647041 16.85223802193953091
6414.5503772091524297 16.853770611531661672
6414.8305699188085782 16.85531093328134844
6415.1130811842685944 16.85686228296778566
6415.3980471680424671 16.858424684684354844
6415.6836212250054814 16.859987299273132777
6415.9696939458090128 16.86154884826997602
6416.2558057870273842 16.863106168148039643
6416.5385152169592402 16.864639991709132971
6416.8185605760136241 16.866153911452368419
6417.096756508098224 16.867651924573934252
6417.3738201808591839 16.869137479506548516
6417.650470580721958 16.870614002356635552
6417.9272943995329115 16.872084173940130825
6418.2048323651661121 16.873550392083533467
6418.4838892512798338 16.87501639361578043
6418.7653349828669889 16.876486168599392101
6419.0498508390382995 16.877962624457069296
6419.3334585790216806 16.879424636430702122
6419.6131588129492229 16.880856648790583563
6419.8892596344294361 16.88226032837896895
6420.1620567446552741 16.883637274689174745
6420.4319160332743195 16.884989428833197422
6420.6991436251100822 16.886318411644907655
6420.9640040079020764 16.887625619663946708
6421.2267754456370312 16.888912499720046156
6421.4877325315919734 16.890180458741681946
6421.7471472556089793 16.891430866840551062
6422.005247388457974 16.892664857244575671
6422.2622370026101635 16.893883429784139594
6422.5183090706459552 16.895087512821859832
6422.7736508202542609 16.896277988791482016
6423.0284994425455807 16.897455950375281475
6423.2830432672899406 16.898622238359532588
6423.5374717711711128 16.899777676406610993
6423.7919430806468881 16.900922924188797936
6424.041947809305384 16.902037901596337122
6424.2878199161441444 16.903124571711021673
6424.5301248837722596 16.904185854590117799
6424.7693820172744381 16.905224382330519717
6425.0060957159803365 16.906242643183695407
6425.2384637712075346 16.90723325970377644
6425.4668680208897058 16.908198315092878516
6425.6917411902686581 16.909140043497750128
6425.9134640320762628 16.910060397037476321
6426.1323829082812154 16.910961128834685496
6426.3488018609878054 16.911843768232831309
6426.5630005428247387 16.912709701523180428
6426.7752367063749261 16.913560186985240108
6426.985756713259434 16.914396400970485246
6427.1947649909425309 16.915219320716971652
6427.4024522338049792 16.916029841663185351
6427.6089924511652498 16.916828768799337723
6427.8145469744531511 16.917616835120966812
6428.0192717774234552 16.918394731748307436
6428.2233149334142581 16.919163099519774818
6428.4268224671977805 16.919922552257869341
6428.6299090022366727 16.920673569231929889
6428.832723319120305 16.921416739707982657
6429.0354241197874217 16.922152669728802721
6429.2381369204895236 16.922881826234014824
6429.440936313390921 16.923604479825343105
6429.643954368994855 16.924321094220861283
6429.8473219661691473 16.925032112552013785
6430.0511722264218406 16.925737969476056577
6430.2556435967944708 16.9264391013878992
6430.4608804638719448 16.927135947659607496
6430.667031645141833 16.927828944645369802
6430.8742458969800282 16.928518510101067562
6431.0826828224917335 16.929205078963288855
6431.2925226578045113 16.929889133272620683
6431.5039584335645486 16.930571173515307493
6431.7171982267427666 16.931251723564908929
6431.9324720513295688 16.931931349691499378
6432.150037433721991 16.932610674008721219
6432.3701801690713182 16.933290371882392833
6432.5932206523602872 16.933971186010307264
6432.8195237404770523 16.934653949622134661
6433.0495029240300937 16.935339590536958809
6433.2836288510879967 16.936029146822043856
6433.5224482399844419 16.936723810303398352
6433.7665972348604555 16.937424949607461144
6434.0168195489977734 16.938134143057972381
6434.2740003254421026 16.938853250215800017
6434.5297581000259015 16.93955862017202918
6434.7812033395675826 16.940242713321001844
6435.02845319233802 16.94090642333520691
6435.2716579808638926 16.941550700025214127
6435.5110012742998151 16.942176544719487197
6435.7466946740232743 16.94278499257679016
6435.9789592517199708 16.943377062550794676
6436.2080215999276334 16.943953747711283597
6436.4341171895430307 16.944516024418501132
6436.6574842982445261 16.945064837864912022
6436.8783642804710325 16.945601104009977433
6437.0969966183565703 16.946125698978448781
6437.3136308967523291 16.946639489130149059
6437.5285051572218435 16.947143280731822301
6437.7418556413758779 16.94763784539548368
6437.9539260073470359 16.948123942612472348
6438.1649454596945361 16.94860227074122605
6438.3751384066508763 16.949073491494278443
6438.5847340109148718 16.949538252607702304
6438.7939584279938572 16.949997171280500652
6439.0030396270158235 16.950450845817464085
6439.2121662432391531 16.950899768378487664
6439.4214942731541669 16.951344344333637792
6439.6312502172722816 16.951785112044198911
6439.8416671099939776 16.952222603238684684
6440.0529870334157749 16.952657348050792052
6440.2654601462472783 16.953089872644067526
6440.4793517895004697 16.953520713122685493
6440.6949452630142332 16.953950419930325921
6440.9125423577397669 16.954379557479960283
6441.1324614675277189 16.954808699012424711
6441.3550453716916309 16.955238440230299801
6441.5806887612479841 16.955669449438538265
6441.809827100360053 16.956102441580142681
6442.0429282595687255 16.956538158784837833
6442.2805226705640962 16.956977422688606083
6442.5182060860479396 16.957412041968531469
6442.754656706327296 16.95783972326048783
6442.9893010170781054 16.95825960408284061
6443.2226669272959043 16.958672799105269036
6443.4552366228517712 16.959080298138562881
6443.6874534366879743 16.959482984372062475
6443.9186673210415393 16.959879838970262966
6444.1488997431879397 16.960271019921517421
6444.3782326916625607 16.960656780828873735
6444.6067584455304313 16.961037382858677347
6444.8345566212492486 16.961413056604829563
6445.0617425593982261 16.961784082096190929
6445.288440930436991 16.962150743827720589
6445.5147945863755012 16.962513344529114079
6445.740945315411409 16.962872173759254935
6445.96704246743775 16.963227521836937939
6446.1931926934075818 16.963579601725015777
6446.4195262832436129 16.963928654254733175
6446.6462071157620812 16.964274961742209058
6446.8734037243984858 16.964618802223327521
6447.1012890862275526 16.964960449039551804
6447.330040803582051 16.965300170966301607
6447.5598412951139835 16.965638232302950428
6447.7908781237329094 16.965974893116477773
6448.0233459519949974 16.966310411756502674
6448.2574506931377982 16.96664505029388792
6448.4934059554743726 16.966979068721567359
6448.7314288490169929 16.967312718517813863
6448.9682528163593815 16.967641426467654497
6449.2027401338737036 16.967963707281278118
6449.4350894947538109 16.968279943361554984
6449.6655095072783297 16.968590516225088294
6449.8942227501338493 16.968895811896409498
6450.1214551803604991 16.969196206655663417
6450.3474476862575102 16.969492082411541389
6450.5724457365222406 16.969783812869945194
6450.796698667043529 16.970071762746592015
6451.0204606749002778 16.970356289124232774
6451.2439898154825642 16.970637740186809594
6451.4675349952631223 16.970916439047602609
6451.6912428863315654 16.971192570129367994
6451.9153861877011877 16.971466463088706433
6452.1402489186702951 16.971738447002064021
6452.3661271663631851 16.972008850511883793
6452.5933317007702499 16.972278004038003019
6452.8221928707598636 16.972546244371596202
6453.0530625459296061 16.972813915395146722
6453.2863149167997108 16.973081367237295325
6453.5223451108367954 16.97334895277897715
6453.7615748171765517 16.973617031916024445
6454.0010799569954543 16.973882257122454575
6454.2385363500752646 16.97414208649728451
6454.4740212524284289 16.97439667980700051
6454.7076759719120673 16.974646259613134447
6454.9396900449846726 16.974891090706591967
6455.1702881800601972 16.975131463677897159
6455.3997308894086018 16.975367693508594868
6455.6282985247080433 16.97560010133101116
6455.8562799853434626 16.97582900203327938
6456.0839779401630949 16.976054708951007655
6456.3116976161991261 16.976277522114838092
6456.5396083104706122 16.976497595217526992
6456.7680447860866479 16.976715229512027605
6456.997355470034563 16.976930721336767505
6457.2279090540569086 16.97714436709275887
6457.4600977822719869 16.977356464594468122
6457.6943434617205639 16.977567316474519998
6457.931106417177034 16.97777723557537044
6458.1708904196657386 16.977986545922274075
6458.4142494044872365 16.978195584578298138
6458.6618002020804852 16.978404707676279628
6458.9142438914086597 16.978614302058240071
6459.1723768649126214 16.978824786230262589
6459.437108469089253 16.979036614849317033
6459.7094985803205418 16.979250296162913259
6459.9907820699809236 16.979466394663596418
6460.2824232131179087 16.979685551891734008
6460.573307783832206 16.979899168306864965
6460.8603322440076226 16.980105081431737801
6461.1438146847594908 16.980303708999151979
6461.4240547482795591 16.980495436247164065
6461.7013352078447497 16.980680619084676408
6461.9759365833870106 16.980859595436509579
6462.242893052168256 16.981029391939120643
6462.5027017682614314 16.98119068845398516
6462.7564282005660061 16.981344466757999356
6463.0050025306618409 16.981491560929661944
6463.2492582891864004 16.981632692706032373
6463.4898834940677261 16.981768453869168667
6463.7274784062956314 16.981899349777773267
6463.9625578556851906 16.982025808152442892
6464.1955811457710297 16.982148201520960384
6464.4269649390453196 16.982266858410355326
6464.6571015835415892 16.982382076044295616
6464.8863506572124606 16.98249411863391245
6465.1150537097419146 16.98260322711389847
6465.3435396816421417 16.982709623440062074
6465.5720801436837064 16.982813491932407857
6465.8008923652087105 16.982914984460574459
6466.0303074580724569 16.98301429582159372
6466.2606660040228235 16.983111614832733238
6466.4923210876286248 16.983207125920383618
6466.7256404029321857 16.983301010237553896
6466.9610178368320703 16.983393450425204207
6467.198877884441572 16.983484632136878645
6467.4396808479350511 16.983574745790491534
6467.6839394003409325 16.983663992370402696
6467.9322252524298165 16.983752585186874029
6468.1851902131984389 16.983840756629504654
6468.4436083583286745 16.983928771505127031
6468.7016588031638094 16.984014714068631946
6468.9585275995159463 16.984098459011942595
6469.2145926264529407 16.984180278483691495
6469.4702807156381823 16.984260448436462099
6469.7259795054233109 16.984339222018384419
6469.9818848644599711 16.984416786443244263
6470.238385235052192 16.984493382567872999
6470.4958886229078416 16.98456925131323203
6470.754810635648937 16.984644631454653307
6471.0155629042419605 16.984719757891209468
6471.2708953224009747 16.98479268595175995
6471.5190988594704322 16.984863091239329691
6471.7616847986910216 16.984931546632648036
6471.9999810121271366 16.984998547708030969
6472.2352008552406915 16.985064540004902511
6472.4685033664281946 16.985129941861519143
6472.7010620161163388 16.985195168543818056
6472.9338860421812569 16.985260586375112268
6473.1679035232637034 16.98532653946558213
6473.4045928159603136 16.985393531662658972
6473.6456771474931884 16.985462147279747569
6473.893211817196061 16.985533084003140658
6474.1393567417462691 16.985604196559620505
6474.3838505401336079 16.985675480616684752
6474.6268563974617791 16.98574704820321557
6474.8685507671279993 16.985819011040501181
6475.1091045765415402 16.985891475558524633
6475.3486689279789061 16.985964538852844186
6475.5873672074339993 16.986038286216611937
6475.8253017399738383 16.986112792920607717
6476.0625671008010613 16.986188128195369273
6476.29925520870529 16.986264356833789435
6476.5354620958414671 16.986341541453931825
6476.771297864816006 16.986419745985084973
6477.00688717412595 16.986499036229943727
6477.2423801057138917 16.98657948402924589
6477.4779082191944326 16.986661152492942506
6477.7135803927767483 16.986744094036403396
6477.948853923248862 16.986828123474197128
6478.1809159222611925 16.986912210208895857
6478.410853878150192 16.98699670378132609
6478.6395439900143174 16.987081892067251943
6478.8677163922538966 16.987168020384938671
6479.095949013808422 16.987255285064655652
6479.3245796140245147 16.987343794990650281
6479.5541543272920535 16.987433742210484411
6479.7851933615802409 16.987525312708001479
6480.0182005062633834 16.987618688735565797
6480.2536690827637358 16.987714049793869009
6480.4920994489521036 16.987811578315866967
6480.7340120763210507 16.987911463656825362
6480.9799565068533411 16.988013904349998029
6481.2305199207175974 16.988119109949348484
6481.4863254184947436 16.988227298095260664
6481.7450020142068752 16.988337397822103725
6482.0070291041402015 16.988449521979028134
6482.2729343829842037 16.988563792840320588
6482.5433026749151395 16.988680343053765398
6482.8187815749497531 16.988799314321251899
6483.1000906099579879 16.988920856541440685
6483.388035825051702 16.989045127892566711
6483.6835272003281716 16.989172294250160178
6483.9811634761317691 16.989299777520333379
6484.2728658728492519 16.989423890020905361
6484.5594487226007914 16.989544792489500225
6484.8417576207884849 16.989662664809845438
6485.1205385593293613 16.989777645776300119
6485.3964588251537862 16.989889838701852653
6485.6701454698841189 16.989999324235647293
6485.9394172259435436 16.990105080213989908
6486.2039705424695057 16.990206879020298913
6486.4643677085496165 16.990304841801656011
6486.7211707557871705 16.990399085078269792
6486.9748934462058969 16.990489700234732595
6487.2261173347778822 16.990576792230207559
6487.475340788203539 16.990660422755706094
6487.7230567393526144 16.990740636386224338
6487.9697433063311109 16.990817454986608226
6488.2158736450955985 16.990890878481341275
6488.4619217191466305 16.990960883710439333
6488.7081686091305528 16.991027370283713793
6488.9550416102847521 16.991090256122351576
6489.2030176946191204 16.991149441199929981
6489.4507596311323141 16.991204402259292294
6489.6964518463573768 16.991254613118407235
6489.9402518029701241 16.991300032255225005
6490.1823242275913799 16.991340615329303176
6490.4228457423932923 16.991376314153892935
6490.6619984214485157 16.991407073737487821
6490.8999831222135981 16.991432831956821303
6491.137006012269012 16.991453515467391355
6491.3732871583970336 16.991469038412013504
6491.6090539811129929 16.991479299438164929
6491.8445512043826966 16.991484179588955072
6492.0800481060359743 16.991483538731547043
6492.3156945513610481 16.99147721668524369
6492.5517824071512223 16.991465029706144918
6492.7886281517130556 16.991446761689221745
6493.026567542158773 16.991422159417023607
6493.265956613166054 16.991390927378223097
6493.5071733453323759 16.991352721904267042
6493.7506193368835739 16.991307144566505372
6493.9967228774485193 16.991253734390387109
6494.244034324930908 16.991192461111111811
6494.4929013858518374 16.991122937486917266
6494.7440682571041179 16.991044595884954305
6494.9970505265855536 16.990957206405155944
6495.2495694731123876 16.990861308949188668
6495.5021211979565123 16.990756560205351633
6495.7549880404421856 16.990642649288968613
6496.0087029449678084 16.990519099193175379
6496.2638546746929933 16.990385323479682
6496.5210957218605472 16.990240606707157411
6496.7811773717321557 16.990084064872817748
6497.044986548842644 16.989914594373878742
6497.3136142014927827 16.989730786673266749
6497.58785947553406 16.989531243705549457
6497.8637070796548869 16.989318224256884093
6498.141689226620656 16.989090879260071887
6498.4223289721858237 16.98884826838409623
6498.7048290092516254 16.988590585667033395
6498.9815480272436616 16.988324916499944806
6499.25201983154966 16.988052421765001299
6499.5175567578935443 16.987772444679336559
6499.77925182999752 16.987484340625602641
6500.0380449899794257 16.987187453428596484
6500.2947739232995445 16.986881090421771745
6500.5501732674492814 16.986564547765844679
6500.8049797865487562 16.986236996782881903
6501.0598563221446966 16.985897586397616266
6501.315248852588411 16.985545660167328919
6501.5719397345847028 16.985180005339916676
6501.8307877771285348 16.98479916238472498
6502.089965878154544 16.984405665298258015
6502.3438482810270216 16.98400843748195399
6502.5937442415115584 16.983606116950156206
6502.8407269284243739 16.983197499630641403
6503.0857611307937987 16.982781380304917462
6503.3296161507832949 16.982356735791867663
6503.5729651802375884 16.98192259186899733
6503.8163760705710956 16.981478063911580989
6504.0601416201461689 16.981022702112451128
6504.3047651164270064 16.980555613249944003
6504.5506977673285292 16.980075936451285656
6504.7983480476314071 16.979582837068935675
6505.0480708777213295 16.979075539475971368
6505.3001832909603763 16.978553306997095973
6505.5549826951273644 16.978015412529014583
6505.8127322452337467 16.977461176208393567
6506.073660511475282 16.976889974967047436
6506.3379573194606564 16.976301260760816803
6506.6021987043723129 16.975702735993859704
6506.8661917163162798 16.975095131014853678
6507.1307489654927849 16.974476844138731479
6507.3970990607213025 16.973845176650293354
6507.6665476802663761 16.973197092250117635
6507.9404184539916969 16.972529360353341588
6508.2201835240784931 16.971838239387647462
6508.5075854588094444 16.971119157411134637
6508.8047722407454785 16.970366338573114717
6509.0994074262998765 16.969611153904597955
6509.3896132763311471 16.968859174547414881
6509.676367975541325 16.968108625445605497
6509.9605485706797481 16.967357862922959555
6510.2429862720200617 16.966605254236295508
6510.5244856533818165 16.965849144016143413
6510.8058638828924813 16.965087762015699013
6511.0861901082671466 16.964324045443547107
6511.3619830399838975 16.96356799892637568
6511.6336497411029995 16.962819068585609728
6511.9015870320854447 16.962076663386962849
6512.1661374592349603 16.961340285870356581
6512.4276281595821274 16.9606094328264696
6512.6863733733398476 16.9598835943455164
6512.9426859884024452 16.95916222671971596
6513.1968637124409724 16.958444795963693252
6513.4491857981220164 16.95773079160136021
6513.6999733712882517 16.957019559489243221
6513.9495918104985321 16.956310297149943978
6514.1983470115410455 16.955602351546335882
6514.446550466042936 16.954895037822687698
6514.6945369114819187 16.954187591468993901
6514.9425886088420157 16.953479386825655695
6515.190943121518103 16.952769917639280095
6515.439273141265403 16.952060285801785255
6515.6845023125542866 16.951359445216024113
6515.9267206618305863 16.950667288362510021
6516.1660332820201802 16.949983648996678198
6516.4025625162075812 16.949308297814390301
6516.6364437094725872 16.948640956437213134
6516.867819347187833 16.947981315896651466
6517.096844914644862 16.947329021572492991
6517.3236699585158931 16.94668372872673956
6517.5484404990793337 16.946045096839206678
6517.7713052842063917 16.945412772987022976
6517.9924135630426463 16.944786399254265774
6518.2119143776662895 16.944165615704193328
6518.430015766653014 16.943549894232337039
6518.6468435482356654 16.942938938543139926
6518.862543946704136 16.942332394386589556
6519.0772294128873909 16.941730002715829073
6519.2910078990098555 16.941131517368845039
6519.5039868121339168 16.940536694395589734
6519.7162673349357647 16.939945308319003914
6519.9279523721979785 16.939357130317361566
6520.13911516978078 16.938772015533750448
6520.3498525484792481 16.93818975542659544
6520.560250701943005 16.937610173170241978
6520.7703825340904586 16.937033130890252863
6520.9803255459719367 16.936458480553383765
6521.1901537648336671 16.935886086505075099
6521.3999342624747442 16.935315835081841129
6521.6097261098529998 16.934747637424738542
6521.8195705874859414 16.934181455745825673
6522.0295383911643512 16.933617176048311848
6522.2397002397774486 16.933054688511333552
6522.4501226628708537 16.932493899036558105
6522.6608715212023526 16.93193472001939881
6522.8720197311467928 16.931377050273603402
6523.0836443612633957 16.930820783424213261
6523.2958164824513005 16.93026583501692528
6523.5086063139224279 16.929712129127175047
6523.7220883002555638 16.929159585550674905
6523.9363439348053362 16.928608113226360388
6524.1514578127962523 16.928057621236295205
6524.3675121867072448 16.927508033269575094
6524.5845992357890282 16.926959256977642809
6524.8028153465811556 16.926411199573681898
6525.0222608451540509 16.92586376937534709
6525.2430407764577467 16.925316874814786416
6525.4652587013924858 16.924770440682543438
6525.6890325549720728 16.924224370127529227
6525.9144880648009348 16.923678562659297597
6526.1417458960695512 16.923132946528003373
6526.3709358259420696 16.922587445586714239
6526.6021963369275909 16.922041982211155187
6526.8356668840970087 16.921496497375134282
6527.0714945865620393 16.920950936572172196
6527.3098373282791727 16.920405244956427282
6527.5508649410739963 16.91985936742392127
6527.7947602823596753 16.919313249352413209
6528.0417206506226648 16.918766837034837636
6528.2919601967696508 16.918220076503267535
6528.5453807493231579 16.9176736233573628
6528.7982977173678591 16.917135712769482581
6529.0512860122707934 16.916605277364634929
6529.3046644183232274 16.916081844467999673
6529.5589821917246809 16.91556451702333419
6529.814812787360097 16.915052423356556233
6530.0727248914154188 16.914544782427693548
6530.3332878580195029 16.914040897946680531
6530.5970965117458036 16.913540117761495907
6530.8647324709900204 16.913041916503431139
6531.1332920531813215 16.912552165765347922
6531.3974986385983357 16.912080492823143629
6531.6581244041926766 16.911625254705253241
6531.9158789636358051 16.911185022501364017
6532.1713571357659021 16.910758657545738259
6532.4251029614797517 16.910345188106788328
6532.67764590407387 16.909943744728156645
6532.9294774313675589 16.909553595500533163
6533.1810718231054125 16.909174109896706995
6533.4327839919196776 16.908804905617902392
6533.6849655802561756 16.908445663107887214
6533.9380967281485937 16.908095947881889742
6534.1926715787876674 16.907755391974234271
6534.4492045199294807 16.907423692961362605
6534.7082390117284376 16.907100612185818278
6534.9703591651268653 16.906785973110753929
6535.2361957661705674 16.906479670462086773
6535.5064474509736101 16.906181666293015553
6535.7818870799310389 16.905892009749454274
6536.0633633606139483 16.905610866298030004
6536.3518258790436448 16.905338529538671111
6536.6475083555951642 16.905076168377579648
6536.9387641375687963 16.904834561891462386
6537.2239272729202639 16.904614380938898677
6537.503690735766213 16.904414287338777712
6537.7786844062520686 16.904233134628359636
6538.0495005349102939 16.904069934582746981
6538.3167651133380787 16.903923808959500974
6538.5809651288436726 16.903794078499803533
6538.8425453363415727 16.903680184720116131
6539.1019632751858808 16.903581659056428066
6539.3595967237406512 16.90349815431725844
6539.615804182048123 16.903429408538759304
6539.8709267956255644 16.903375239982342038
6540.1252994035412485 16.903335541725692082
6540.3792431597075847 16.903310281391590308
6540.6330216370351991 16.903299498947216506
6540.886894873451638 16.903303293629349469
6541.1410910150507334 16.903321821027091687
6541.3959187548234695 16.903355302851789332
6541.6516942522011959 16.903404035691647067
6541.9087312667006699 16.903468392085709837
6542.1673546287474892 16.903548826212002609
6542.4279185473606049 16.903645886687929334
6542.6907863439482753 16.903760218651306957
6542.9563363331071741 16.903892572605329292
6543.2249818774243977 16.904043824435756704
6543.497174898629055 16.904214993013585655
6543.7734161289208714 16.90440726518459158
6544.0506889567905091 16.904619169258186417
6544.3273332590670179 16.904849586230195513
6544.6033549301264429 16.905098493983931718
6544.878759955518035 16.905365864873793669
6545.1495380212136297 16.90564735176544886
6545.4140340503581683 16.905940196880472115
6545.6734365436850567 16.906244639542954644
6545.9287730144314992 16.906561037994745078
6546.1809508570240723 16.906889862354987031
6546.4308072296580576 16.907231719628722288
6546.679111058966555 16.907587330249700841
6546.9265865745119299 16.907957540052937162
6547.1739620784455838 16.908343382819364109
6547.4216637661957066 16.908745575008339301
6547.6703988486506205 16.909165423024372643
6547.9209932556095737 16.90960462594582836
6548.1743722172013804 16.910065282039930423
6548.4316233126055522 16.910550048634469533
6548.6940726790753615 16.911062357581201354
6548.9609720149655914 16.911601756649265127
6549.2273632177557374 16.912158654136455027
6549.493253466907845 16.912732978545808038
6549.7586499342123716 16.913324659515705406
6550.023559773641864 16.913933628089502292
6550.2879901113165033 16.914559816960636596
6550.5519480354059851 16.915203160692612983
6550.8154405859013423 16.915863595894212068
6551.0784747448769849 16.916541061368093324
6551.3410574271083533 16.917235498229036494
6551.6031954709887941 16.917946849981692736
6551.8648956299120982 16.918675062577079871
6552.1261645640506686 16.919420084429265927
6552.3870088325065808 16.920181866409034654
6552.6474348859892416 16.920960361819343376
6552.9074490598923148 16.921755526311024198
6553.167057568670316 16.922567317797643227
6553.4262665009810007 16.923395696351335005
6553.6850818157899994 16.924240624097951269
6553.9435093400834376 16.925102065085397385
6554.2015547673463516 16.925979985135629846
6554.4592236565367784 16.926874351690578635
6554.7165214318965809 16.92778513365623283
6554.9734533841628945 16.928712301258041606
6555.2300246729500941 16.9296558258931924
6555.4862403288279893 16.930615680009644564
6555.7420768809124638 16.931591727765695765
6555.9957858637108075 16.93257706806241103
6556.248238840101294 16.933574765720177169
6556.50025325965089 16.934587904889031762
6556.7524394544843744 16.935618938777569298
6557.0053309696977522 16.936670165563000978
6557.2592017957631469 16.937742924704931369
6557.5127527940458094 16.938831822012215156
6557.7659879873181126 16.939936836409607679
6558.0189113044289115 16.941057947486790169
6558.2715265843362431 16.942195135511273207
6558.5238375800417998 16.943348381447133733
6558.7758479623917083 16.944517666948843981
6559.0275613240073653 16.945702974370615124
6559.2789811830734834 16.946904286768557313
6559.5301109873325913 16.948121587890216944
6559.780954117724832 16.949354862161634117
6560.0315138919477249 16.950604094679274425
6560.2817935680186565 16.95186927120856879
6560.5317963474344651 16.953150378182058944
6560.7815253781891442 16.954447402702506054
6561.030983757435024 16.955760332561979453
6561.2801745342403592 16.957089156255580775
6561.5291007118084963 16.958433862995502039
6561.7777652498425596 16.959794442742460063
6562.0261710665072314 16.961170886243177591
6562.2743210400512908 16.962563185065523186
6562.5222180103992287 16.963971331643797669
6562.7698647807137604 16.965395319331989299
6563.0172641186836699 16.966835142453533081
6563.2644187578898709 16.968290796347773153
6563.5113313996398574 16.969762277411245321
6563.7574240427293262 16.971246061751287471
6564.0003245681236876 16.972727460434221314
6564.2406092010578504 16.974209417825608881
6564.4788507660186951 16.975695019939884389
6564.7156304225736676 16.977187564604090397
6564.9514940555727662 16.978690282827649582
6565.186920986900077 16.980206123188565925
6565.4223614094134973 16.981737973832302657
6565.6580487498840739 16.983287413024321211
6565.8943937615513278 16.984857267174305662
6566.1318048170933253 16.986450460156362396
6566.3706854351912625 16.988069997260151212
6566.6114375150718843 16.989718987905121139
6566.8544540755283379 16.991400597204037837
6567.0981179119935405 16.993103983375032584
6567.3415787993353661 16.994823291396464526
6567.5848391003401048 16.996558536705425269
6567.827901167723212 16.998309735748005522
6568.0707673447159323 17.000076905938328764
6568.313439965924772 17.001860065659887056
6568.5559213576998445 17.003659234237996856
6568.7982138384159043 17.005474431923641276
6569.0403197185214594 17.007305679875994286
6569.2822413003959809 17.009153000146397972
6569.5239808781170723 17.011016415659476309
6569.7655407370930334 17.012895950198473116
6570.0069231537872838 17.014791628392973877
6570.2481303953572933 17.016703475710237115
6570.4891647192698656 17.018631518449101492
6570.7300283730264709 17.020575783738387088
6570.970723593769435 17.022536299532983861
6571.2112526078035444 17.024513094607900854
6571.4516176302468011 17.026506198556475624
6571.691820864915826 17.028515641782796308
6571.9318645039475086 17.030541455488680924
6572.1717507276734977 17.032583671657459234
6572.4114817042755021 17.034642323033256872
6572.6510595891750199 17.036717443086068613
6572.8904865243912354 17.03880906596810263
6573.1297646379653088 17.040917226471261614
6573.3688960434183173 17.043041959984172706
6573.6078828390800481 17.045183302440957362
6573.846727107335937 17.047341290255715762
6574.0854309139331235 17.049515960255082092
6574.3239963072128376 17.051707349609120712
6574.5624253171636155 17.05391549575664456
6574.8007199545227195 17.056140436331745036
6575.0388822098202581 17.058382209089121062
6575.2769140525006151 17.060640851833145604
6575.5148174301502877 17.062916402351778089
6575.7525942677366402 17.065208898355923139
6575.9902464670358313 17.067518377429308885
6576.2277759058424635 17.069844876965024838
6576.4651844374666325 17.072188434114639932
6576.7024738909358348 17.074549085744074262
6576.9396460706593643 17.076926868388468961
6577.176702756096347 17.079321818198252458
6577.4136457016948043 17.081733970896184616
6577.6493031915370011 17.084151279343362972
6577.8782060859821286 17.086516759540774757
6578.1020525364992864 17.088846662375079433
6578.3221389476175318 17.091153539781906545
6578.5394975388289822 17.093447536070137005
6578.7549728831463653 17.095737098181626124
6578.9692814500667737 17.098029541918748464
6579.1830801003561646 17.100331743563973674
6579.3969162997555031 17.102649576253188712
6579.6111007719409827 17.104986477260684552
6579.8261893531407623 17.107348673338275802
6580.0427337576302307 17.109742506239072668
6580.2612835366098807 17.112174456010389889
6580.4824070484028198 17.11465137981650031
6580.7067044386494672 17.117180670879797333
6580.9348224622508496 17.119770445851994367
6581.1674695413230438 17.122429743811970582
6581.4027360568570657 17.125137610483402995
6581.6379171923463218 17.127863249407262458
6581.8730144522724004 17.130606691702837452
6582.1080293406703277 17.133367969061460201
6582.3429633621835819 17.136147113892278071
6582.5778180227152916 17.138944159458759486
6582.8125948299393713 17.141759140008797857
6583.0472952934069326 17.144592090908979287
6583.2819209251692882 17.147443048795636855
6583.516473239971674 17.150312051729869722
6583.7509537551868561 17.153199139341481327
6583.9853639906123135 17.156104352972285199
6584.2197054681582813 17.159027735820238547
6584.4539797114312023 17.161969333082872424
6584.6881882452635182 17.164929192100874644
6584.9223325949060381 17.167907362494066348
6585.1564142852803343 17.170903896295115487
6585.3904348408095757 17.173918848071995313
6585.624395784340777 17.176952275046854623
6585.8582986361789153 17.180004237226327746
6586.0921449126544758 17.183074797508751885
6586.3259361244590764 17.186164021779248401
6586.559673774843759 17.18927197899498438
6586.7933593576617568 17.192398741259026451
6587.0269943552739278 17.195544383860468685
6587.2605802362204486 17.198708985322522125
6587.4941184527087898 17.201892627433252869
6587.7276104376805961 17.205095395262638647
6587.9610576019085784 17.208317377160916806
6588.1944613309706256 17.211558664739300184
6588.4278229819292392 17.21481935283282283
6588.6611438799627649 17.218099539446022561
6588.89442531523855 17.221399325679154657
6589.1276685400598581 17.224718815645090331
6589.3608747651978774 17.228058116363804686
6589.5940451560618385 17.231417337635019038
6589.827180828838209 17.234796591894234297
6590.0602828466862775 17.238195994050176552
6590.293352215786399 17.241615661295149664
6590.5263898813909691 17.245055712903575085
6590.7593967239072299 17.248516270011780449
6590.9923735550464698 17.251997455380159607
6591.2253211140587155 17.255499393135362851
6591.4582400640647393 17.259022208497700746
6591.6911309885945229 17.262566027495548582
6591.9239943882239459 17.266130976663575325
6592.1568306774588564 17.269717182724850346
6592.389640182270341 17.273324772260750137
6592.6224231376845637 17.276953871371247828
6592.855179685555413 17.280604605330218249
6593.087909872657292 17.28427709823627012
6593.3206136491089637 17.287971472655151217
6593.5532908672657868 17.291687849264565813
6593.7859412809812056 17.295426346495027303
6594.0185645452693279 17.299187080169453168
6594.2511602169015532 17.302970163124378189
6594.4837277548049315 17.306775704864982401
6594.7162665208679755 17.31060381123023717
6594.9487757811439224 17.31445458406411575
6595.1812547074932809 17.318328120899085576
6595.4137023796729409 17.32222451464431856
6595.6461177879718889 17.326143853299925013
6595.8784998357805307 17.330086219692805827
6596.110847342548368 17.33405169122860201
6596.3431590471327581 17.338040339671408674
6596.5754336110985605 17.342052230937941459
6596.8076696223188264 17.346087424903053886
6597.0398655987428356 17.350145975239861684
6597.2720199927016438 17.354227929280892084
6597.5041311950635645 17.358333327907200072
6597.7361975390322186 17.362462205461380194
6597.9682173039755071 17.366614589681990566
6598.2001887192227514 17.370790501657506155
6598.4321099679782492 17.374989955802384145
6598.6639791908692132 17.379212959848381104
6598.8957944894300454 17.383459514859168848
6599.127553929424721 17.387729615262344396
6599.3592555440591241 17.392023248899221244
6599.5908973371087995 17.396340397088692953
6599.8224772862158716 17.400681034707517369
6600.0539933457539519 17.405045130285689226
6600.2854434494438465 17.409432646111888232
6600.516825512799187 17.413843538352349327
6600.7481374354483705 17.41827775717710125
6600.9793771033218945 17.422735246894653471
6601.2105423907887598 17.42721594609651703
6601.4416311626855531 17.43171978780435083
6601.6726412762300242 17.436246699624291523
6601.9035705830638108 17.440796603897439354
6602.1344169313333623 17.445369417850582039
6602.3651781673188452 17.449965053758468514
6602.5958521368465881 17.454583419105205166
6602.8264366867624631 17.459224416740443786
6603.0569296662179113 17.463887945029938464
6603.2873289281269535 17.468573897987518251
6603.5176323305931874 17.473282165425814583
6603.7478377383204133 17.478012633100686202
6603.9779430241642331 17.482765182852713082
6604.207946071054721 17.487539692739197505
6604.4378447742510616 17.492336037169962992
6604.6676370429659073 17.49715408702896724
6604.8973208021980099 17.501993709778222552
6605.1268939946567116 17.506854769557126161
6605.3563545825927577 17.511737127287108962
6605.5857005497437058 17.516640640773335491
6605.8149299033775605 17.521565164803565295
6606.0440406763746068 17.52651055124212931
6606.2730309294893232 17.53147664912628656
6606.5018987536604982 17.536463304766051863
6606.7306422723786454 17.541470361844016423
6606.9592596440934358 17.546497661517900468
6607.1877490646602382 17.551545042526409901
6607.4161087698457777 17.556612341298521329
6607.6443370377610336 17.561699392061832725
6607.8724321911959123 17.566806026961554466
6608.1003925998948034 17.571932076187533056
6608.3282166827229958 17.5770773681051935
6608.5559029096575614 17.582241729387991569
6608.7834498036791047 17.587424985152889434
6609.010855942505259 17.592626959099824546
6609.2381199601786648 17.597847473654429251
6609.4652405486676798 17.603086350113219538
6609.6922164594470814 17.608343408792151763
6609.9190465046804093 17.613618469180508441
6610.1457295586878899 17.618911350101953417
6610.3722645590933098 17.624221869884021174
6610.5986505075179593 17.629549846512386324
6610.824886470135425 17.634895097792355756
6611.0509715780626721 17.640257441504690661
6611.2769050275992413 17.645636695556277118
6611.502686080310923 17.651032678127744902
6611.7283140629133413 17.656445207803358244
6611.9537883670664087 17.661874103705649475
6612.1791084489123023 17.667319185637275325
6612.4042738285706946 17.672780274215664775
6612.6292840895566769 17.678257190992464842
6612.8541388779512999 17.683749758569319965
6613.0788379014020393 17.689257800708471535
6613.3033809279777415 17.694781142435214605
6613.5277677849471729 17.700319610132563497
6613.7519983574438811 17.705873031627490377
6613.9760725870528404 17.711441236270697885
6614.1999904702852291 17.717024055007673411
6614.4237520570050037 17.722621320438697978
6614.6473574488500162 17.728232866872353668
6614.8708067976176608 17.733858530372224038
6615.0941003036323309 17.739498148795920685
6615.3172382139609908 17.745151561828038211
6615.5402208205541683 17.7508186110106152
6615.763048458384219 17.756499139757845995
6615.9857215036499838 17.762192993372512007
6616.2082403719750801 17.767900019056376948
6616.4306055168326566 17.773620065916670541
6616.652817427681839 17.77935298497297012
6616.8748766280168638 17.785098629156575356
6617.0967836733807417 17.790856853311968422
6617.3185391494416763 17.796627514189303554
6617.5401436700631166 17.802410470437653345
6617.7615978756684854 17.808205582598489514
6617.9829024313949049 17.814012713093742235
6618.204058025177801 17.819831726211941003
6618.4250653657763905 17.825662488094202729
6618.6459251808710178 17.831504866716350932
6618.8666382152105143 17.837358731869997541
6619.0872052288550549 17.843223955144740245
6619.3076269955145108 17.849100409910864329
6619.5279043007394648 17.854987971295031457
6619.7480379402277322 17.860886516154021564
6619.9680287184191911 17.866795923044598737
6620.1878774468459596 17.872716072192854853
6620.4075849426581044 17.878646845458408876
6620.6271520270656765 17.884588126299284738
6620.8465795238753344 17.890539799736693283
6621.0658682580360619 17.896501752316492428
6621.2850190543340432 17.902473872064632587
6621.5040327361411983 17.908456048443206043
6621.7229101243792684 17.914448172304648921
6621.9416520364766257 17.920450135841448969
6622.1602592853687383 17.926461832539317243
6622.3787326785977712 17.932483157130079121
6622.5970730174931305 17.938514005547009589
6622.8152810964484161 17.9445542748769995
6623.0333577023284306 17.950603863312878161
6623.2513036139853284 17.956662670104119428
6623.4691196019020936 17.96273059550449247
6623.6868064280297403 17.968807540717065763
6623.9043648457454765 17.974893407846352034
6624.1217956003401923 17.980988099857778906
6624.3390994291439711 17.987091520531535593
6624.5562770618134891 17.993203574422388158
6624.7733292205439284 17.999324166819302917
6624.9902566204245886 18.00545320370501301
6625.2070599698126898 18.011590591716100107
6625.4237399707353688 18.017736238104745894
6625.640297319650017 18.023890050705563937
6625.8567327082910197 18.03005193790505345
6626.07304682420272 18.036221808610036987
6626.2892403513005775 18.04239957221878754
6626.5053139704623391 18.048585138594546606
6626.7212683601383105 18.054778418042129573
6626.9371041969807266 18.060979321287568666
6627.1528221565095009 18.067187759458146701
6627.3684229138189039 18.073403644066502238
6627.58390714464349 18.079626886988137358
6627.7992755260702324 18.085857400451569532
6628.0145287371851737 18.092095097031283046
6628.2296674597128003 18.098339889645657763
6628.4446923786581465 18.104591691560322886
6628.6596041830653121 18.11085041639466553
6628.8744035666250056 18.117115978120093445
6629.0890912281392957 18.123388291070760658
6629.3036678719599877 18.129667269956829756
6629.5181342088226302 18.135952829879826709
6629.7324909563603796 18.142244886350589184
6629.9467388393968577 18.148543355309470826
6630.1608785901917145 18.154848153148233081
6630.3749109487607711 18.161159196737571619
6630.5888366631324971 18.167476403455047773
6630.802656489421679 18.173799691211375062
6631.0163711918703484 18.180128978477490875
6631.2299815428277725 18.186464184312946202
6631.4434883227204409 18.192805228392781913
6631.6568923200975405 18.19915203103088075
6631.8701943314854361 18.205504513207863226
6632.0833951611894008 18.211862596601037012
6632.2964956211380922 18.218226203611600056
6632.5094965307507664 18.224595257395566961
6632.7223987166480583 18.230969681891277645
6632.9352030123445729 18.237349401845033725
6633.1479102580051403 18.243734342839076135
6633.3605213002028904 18.250124431316720575
6633.5730369915518168 18.256519594604718293
6633.7854581902302016 18.262919760934568814
6633.9977857594758461 18.269324859463118571
6634.2100205670840296 18.275734820290242766
6634.4221634849491238 18.282149574477251974
6634.634215388582561 18.288569054063707142
6634.8461771565771414 18.294993192079747502
6635.0580496701395532 18.301421922558674282
6635.2698338128739124 18.30785518055586536
6635.4815304703079164 18.314292902156417142
6635.6931405293744319 18.320735024480207187
6635.9046648779267343 18.327181485684178597
6636.1161044044592927 18.333632224956531331
6636.3274599977339676 18.340087182512775144
6636.5387325463716479 18.346546299592109364
6636.7499229384984574 18.353009518451710136
6636.9610320613555814 18.359476782361070946
6637.1720608009563875 18.365948035593557819
6637.3830100417617359 18.372423223416628701
6637.5938806663807554 18.378902292080827152
6637.8046735552998143 18.385385188807411794
6638.0153895866360472 18.391871861775150876
6638.2260296359290805 18.398362260106232213
6638.436594576151947 18.404856333853889083
6638.647085277617407 18.411354033987066714
6638.8575026078624433 18.417855312372086729
6639.0678474315573112 18.424360121754144615
6639.278120610411861 18.430868415740473409
6639.4883230033319705 18.437380148783386602
6639.6984554663958988 18.443895276163175367
6639.9085188527815262 18.45041375397102712
6640.1185140127054183 18.456935539092423681
6640.3284417933909936 18.463460589190265893
6640.5383030392085857 18.469988862688641262
6640.7480985917209182 18.476520318757266637
6640.9578292897322171 18.483054917295710595
6641.1674959694155405 18.489592618917033207
6641.3770994643555241 18.496133384930629973
6641.5866406055529296 18.502677177327406355
6641.7961202214628429 18.509223958765822715
6642.0055391380610672 18.515773692557139896
6642.2148981793479834 18.522326342649385822
6642.4241981676659634 18.528881873611762643
6642.6334399238439801 18.535440250621629588
6642.8426242677669507 18.542001439454157463
6643.0517520186440379 18.548565406472356187
6643.2608239951296127 18.555132118615514258
6643.4698410154351222 18.561701543386043056
6643.6788038975073505 18.568273648839191736
6643.8877134593667506 18.574848403577888689
6644.0965705193684698 18.581425776740982059
6644.3053758964815643 18.58800573799032918
6644.5141304103963193 18.594588257501950324
6644.7228348816352081 18.601173305957146908
6644.9314901316583928 18.607760854534372896
6645.1400969829637688 18.614350874901358424
6645.3486562591842812 18.620943339207688183
6645.5571687851788738 18.627538220077560993
6645.7656353871225292 18.634135490603210172
6645.974056892668159 18.640735124340331197
6646.1824341312849356 18.647337095301985244
6646.390767934671203 18.653941377953451308
6646.5990591368881724 18.660547947212879905
6646.8073085743626507 18.667156778446983623
6647.0155170858943166 18.673767847467164671
6647.2236855127939634 18.680381130527390354
6647.4318146989899105 18.686996604320754045
6647.6399054910016275 18.693614245976814203
6647.8479587383089893 18.700234033063718897
6648.0559752935478173 18.706855943590202429
6648.2639560124252966 18.713479956003510551
6648.4719017536299361 18.72010604918752108
6648.6798133787387997 18.726734202460882273
6648.8876917521201904 18.733364395575662797
6649.0955377408290587 18.739996608715770776
6649.3033522145242387 18.746630822492587498
6649.5111360454175156 18.753267017936156691
6649.7188901082972734 18.759905176495099255
6649.9266152804912053 18.766545280038581467
6650.1343124418772277 18.773187310861377597
6650.3419824747497842 18.779831251683049231
6650.5496262636752363 18.786477085647003804
6650.7572446953427061 18.793124796319499836
6650.9648386584167383 18.799774367688478094
6651.1724090433763195 18.806425784162641435
6651.3799567423557164 18.813079030570229122
6651.5874826489780389 18.819734092157617056
6651.7949876583879814 18.826390954590408455
6652.002472667373695 18.833049603955867468
6652.2099385744131723 18.839710026764429074
6652.4173862797633774 18.846372209949137755
6652.6248166852983559 18.853036140864325887
6652.83223069433825 18.859701807284242392
6653.0396292114610333 18.866369197401724023
6653.2470131423187922 18.873038299826820463
6653.454383393446733 18.879709103585401664
6653.6617408720694584 18.886381598117733205
6653.8690864859536305 18.893055773275897025
6654.0764211434416211 18.89973161931716561
6654.2837457532832559 18.906409126901952078
6654.4910612244439108 18.913088287092442386
6654.6983684659089704 18.919769091351184898
6654.9056683864855586 18.926451531539825623
6655.1129618946060873 18.9331355999175166
6655.3202498981436293 18.939821289139423754
6655.5275333045501611 18.946508592258247461
6655.7348130208174553 18.953197502723945433
6655.9420899532851763 18.959888014381874655
6656.1493650074571633 18.966580121470954623
6656.3566390878086168 18.973273818621823494
6656.5639130976060187 18.979969100854592767
6656.7711875261438763 18.986665950245754431
6656.9784632361197509 18.993364361365564719
6657.1857411269074873 19.000064330410175728
6657.3930220961055966 19.006765853958949464
6657.6003070395017858 19.013468928974429417
6657.807596851001108 19.020173552803154138
6658.014892422518642 19.026879723175039061
6658.2221946438148734 19.033587438201085007
6658.4295044022992442 19.040296696370045737
6658.6368225828418872 19.047007496544800631
6658.8441500676017313 19.053719837959025796
6659.0514877358682497 19.060433720213904252
6659.2588364639132124 19.067149143275219814
6659.4661971249151975 19.073866107472618125
6659.6735705888977463 19.080584613499024016
6659.8809577225983958 19.087304662407625244
6660.0883593893258876 19.094026255608447684
6660.2957764488264729 19.100749394864795505
6660.5032097571502163 19.10747408228993649
6660.7106601665482231 19.114200320343901041
6660.9181285254644536 19.120928111828426665
6661.1256156785575513 19.127657459886489022
6661.3331224666335402 19.134388368000497138
6661.5406497265494181 19.141120839989088864
6661.7481982911212981 19.147854880002785904
6661.9557689890480106 19.154590492520384259
6662.1633626449201984 19.161327682342101042
6662.3709800795550109 19.168066454575068747
6662.5786221102725904 19.174806814639254071
6662.786289550872425 19.181548768265457738
6662.9939832116433536 19.188292321489864634
6663.201703899738277 19.195037480637733296
6663.4094524195661506 19.201784252325850844
6663.6172295728547397 19.208532643458099187
6663.8250361586342478 19.21528266122425066
6664.0328729731982094 19.222034313097935865
6664.2407408100689281 19.228787606835034296
6664.4486404599565503 19.235542550472111145
6664.6565727107772545 19.24229915231968846
6664.8645383477969517 19.249057420955352882
6665.0725381539423324 19.25581736521628784
6665.2805729101000907 19.262578994199721194
6665.4886433953133746 19.269342317261600073
6665.6967503868509084 19.276107344020239509
6665.9048946601633361 19.282874084355857036
6666.1130769888377472 19.289642548410618872
6666.3212981445440164 19.2964127465884836
6666.5295588970493554 19.303184689554488074
6666.7378600143592848 19.309958388236921678
6666.9462022630405045 19.316733853831525636
6667.1545864087829614 19.323511097796771452
6667.3630132169682838 19.330290131854543034
6667.5714834528962456 19.337070967998215565
6667.7799978817956799 19.34385361849236773
6667.9885572689072433 19.350638095874682421
6668.1971623795698179 19.357424412961080407
6668.4058139792177826 19.364212582847674327
6668.6145128333491812 19.37100261891190911
6668.823259707485704 19.377794534813823191
6669.0320553671363086 19.384588344497256429
6669.2409005777599305 19.391384062191303173
6669.4497961047236458 19.398181702411775973
6669.6587427132608354 19.404981279962733254
6669.8677411684293475 19.411782809938003425
6670.0767922350987646 19.418586307718680217
6670.2858966780086121 19.425391788970330254
6670.4950552618020083 19.432199269645934692
6670.7042687510102041 19.439008765985132499
6670.9135379100180216 19.445820294516117599
6671.1228635030201986 19.452633872057678133
6671.3322462939668185 19.459449515720482538
6671.5416870465087413 19.466267242908781299
6671.751186523943943 19.473087071322286334
6671.9607454891738598 19.47990901895785143
6672.1703647046560945 19.486733104111301884
6672.3800449324489819 19.49355934537774715
6672.589786934341646 19.500387761655122887
6672.7995914720386281 19.507218372146923002
6673.0094593073044962 19.514051196367908858
6673.2193912019602067 19.520886254146599725
6673.4293879178530915 19.527723565625677793
6673.6394502168968756 19.534563151260552871
6673.8495788612781325 19.541405031823007477
6674.0597746136418209 19.548249228407673428
6674.2700382371440355 19.55509576243547798
6674.4803704954802015 19.561944655655885583
6674.6907721528905313 19.568795930148450424
6674.9012439741363778 19.575649608323082873
6675.1117867244802255 19.582505712920241336
6675.3224011696656817 19.58936426701109923
6675.5330880759192951 19.596225293999971484
6675.7438482099705652 19.603088817626858287
6675.9546823391183352 19.609954861966695461
6676.1655912313135559 19.616823451430548175
6676.3765756551856612 19.623694610766669655
6676.5876363800853142 19.630568365061190406
6676.798774176227198 19.637444739735986587
6677.0099898148264401 19.644323760550641111
6677.2212840681022499 19.651205453601335194
6677.4326577092660955 19.658089845318691857
6677.6441115125007855 19.664976962465566146
6677.8556462530477802 19.671866832130287861
6678.0672627074654883 19.678759481723620439
6678.2789616537738766 19.685654938981759443
6678.4907438714008094 19.692553231963511706
6678.7026101411265699 19.699454389047001968
6678.9145612450183762 19.706358438926145027
6679.1265979663603503 19.713265410606695127
6679.338721089655337 19.720175333399879491
6679.550931400652189 19.727088236920355513
6679.763229686311206 19.73400415108359951
6679.9756167347222799 19.740923106101824658
6680.1880933350103078 19.747845132479966423
6680.4006602772342376 19.754770261011191934
6680.613318352285205 19.761698522772650932
6680.8260683518119549 19.768629949117066502
6681.0389110681853708 19.77556457166383197
6681.2518472944275345 19.782502422296079914
6681.4648778240871252 19.789443533156365618
6681.6780034511093618 19.796387936642261707
6681.8912249697095831 19.803335665400744858
6682.1045431742868459 19.810286752316628167
6682.3179588593375229 19.817241230508216177
6682.531472819314331 19.824199133323066491
6682.7450858484917262 19.831160494334483246
6682.9587987408394838 19.838125347338444016
6683.1726122898899121 19.845093726349904983
6683.3865272886032471 19.852065665598789934
6683.6005445293785669 19.859041199523694843
6683.8146648041447406 19.86602036277184169
6684.0288889043158633 19.873003190198136991
6684.2432176207212251 19.879989716859331139
6684.4576517435862115 19.886979978009431846
6684.672192062479553 19.893974009098780442
6684.8868393662251037 19.900971845772271962
6685.1015944428299917 19.907973523868012222
6685.3164580794191352 19.914979079416461616
6685.5314310624153222 19.921988548629137483
6685.7465141779384794 19.929001967896780911
6685.9617082121721978 19.936019373794977128
6686.177013951661138 19.94304080309032301
6686.3924321834256261 19.950066292746679864
6686.6079636949580163 19.957095879927646109
6686.8236092742299661 19.964129601999921704
6687.0393697097024415 19.971167496537084673
6687.2552457903802861 19.978209601321278654
6687.4712383060159482 19.985255954337542761
6687.6873480473013842 19.992306593782569024
6687.9035758059335421 19.999361558071381495
6688.1199223746734788 20.00642088584438838
6688.3363885474109338 20.013484615974995506
6688.5529751192243566 20.020552787577951648
6688.7696828864518466 20.027625440018152148
6688.9865126467693699 20.034702612920650466
6689.2034651993008083 20.041784346182993204
6689.4205413447252795 20.048870679987544463
6689.637741885365358 20.055961654813359019
6689.8550676252752965 20.063057311448670106
6690.0725193703337936 20.070157691004418155
6690.2900979283285778 20.077262834928152557
6690.5078041090473562 20.084372785018860696
6690.7256387244469806 20.091487583437622533
6690.9436025888944641 20.098607272718883365
6691.1616965193197757 20.105731895789336505
6691.3799213352931474 20.112861495984954985
6691.5982778590869202 20.119996117068421171
6691.8167669157364799 20.127135803246801515
6692.0353893330657229 20.134280599190741867
6692.254145941704337 20.141430550052376702
6692.4730375751150859 20.148585701484023502
6692.6920650696174562 20.155746099656994375
6692.911229264422218 20.162911791280716756
6693.1305310016514341 20.170082823622369261
6693.3499711263384597 20.177259244525938442
6693.5695504864161194 20.184441102431023296
6693.7892699326839647 20.191628446391337803
6694.0091303187546146 20.198821326092840422
6694.2291325009882712 20.206019791871145941
6694.4492773384072279 20.213223894728809427
6694.6695656926131051 20.220433686353043612
6694.8899984276804389 20.227649219132267433
6695.1105764100029774 20.234870546171197958
6695.3313005081417941 20.242097721302869218
6695.5521715927161495 20.249330799096053823
6695.7731905362606994 20.256569834868614066
6695.9943582129781134 20.263814884698955865
6696.2156754984644067 20.271066005433841184
6696.4371432695270414 20.278323254690651112
6696.6587624041085292 20.285586690860252901
6696.8805337810927085 20.29285637311697954
6697.1024582799836935 20.300132361423461447
6697.3245367805257047 20.307414716534420762
6697.5467701622428649 20.31470349999722913
6697.7691593039453437 20.321998774150468847
6697.9917050832154928 20.32930060212086687
6698.214408375874882 20.336609047818786422
6698.437270055422232 20.343924175931721976
6698.6602909924395135 20.351246051916220381
6698.8834720539634873 20.358574741987748524
6699.1068141028372338 20.365910313108379626
6699.330317997043494 20.373252832972838178
6699.5539845889979915 20.380602369992857348
6699.777814724806376 20.387958993279287512
6700.0018092435002472 20.395322772622261454
6700.2259689762386188 20.402693778469508601
6700.4502947454893729 20.410072081902807639
6700.6747873641706974 20.4174577546119842
6700.8994476347679665 20.424850868867018505
6701.1242763484478928 20.432251497487300185
6701.3492742841481231 20.439659713810350183
6701.5744422076058981 20.44707559165725641
6701.7997808703648843 20.454499205296233555
6702.0252910087638156 20.461930629404086801
6702.2509733430370034 20.469369939017660442
6702.4768285765921974 20.47681720948553874
6702.7028573952411534 20.48427251643122915
6702.9290604662828628 20.491735935712522831
6703.1554384375658628 20.499207543376599006
6703.3819919366460454 20.506687415614809566
6703.6087215698944419 20.514175628718756883
6703.8356279215367977 20.521672259028498786
6704.062711552822293 20.529177382871637292
6704.2899730011922657 20.536691076515506182
6704.5174127793452499 20.544213416116491544
6704.745031374305654 20.551744477667959643
6704.9728292465106279 20.559284336948067562
6705.2008068289133007 20.566833069467154615
6705.4289645261615078 20.574390750411168938
6705.6573027139284022 20.581957454578809319
6705.885821738276718 20.589533256330526001
6706.114521915057594 20.597118229532703992
6706.3434035293203124 20.60471244750951314
6706.5724668346738326 20.612315982992761576
6706.8017120527147199 20.619928908070054518
6707.0311393726087772 20.627551294135077598
6707.2607489506799539 20.635183211840594453
6707.4905409099210374 20.642824731047049625
6707.7205153396689639 20.650475920777026317
6707.950672295338336 20.658136849175164684
6708.1810117981112853 20.665807583467081798
6708.4115338346618955 20.673488189919936531
6708.6422383569224621 20.68117873380509053
6708.8731252818997746 20.688879279362932806
6709.1041944915778004 20.696589889766372039
6709.335445833013182 20.704310627090503516
6709.5668791184389192 20.712041552289026214
6709.7984941252825593 20.719782725166375315
6710.0302905962589648 20.727534204353336378
6710.2622682395167431 20.735296047285064702
6710.4944267288301489 20.743068310181399738
6710.7267657038537436 20.75085104802923297
6710.9592847705025633 20.758644314568808653
6711.1919835014141427 20.766448162284113721
6711.4248614364078094 20.774262642393640732
6711.6579180829494362 20.782087804842696244
6711.8911529166525725 20.78992369829767739
6712.1245653818159553 20.797770370144565533
6712.3581548919937632 20.805627866489338373
6712.591920830651361 20.813496232159188537
6712.8258625520311398 20.821375510701976452
6713.0599793820447303 20.829265744399709348
6713.2942706190569879 20.837166974281913667
6713.5287355346827098 20.845079240141419774
6713.7633733745515201 20.85300258055093181
6713.9981833590918541 20.860937032881420095
6714.2331646843285853 20.868882633322773046
6714.4683165226924757 20.876839416906669555
6714.7036380238396305 20.884807417531263241
6714.9391283154755001 20.892786667987511606
6715.1747865042452759 20.900777199986986687
6715.4106116767643471 20.908779044188076313
6715.6466029006205645 20.916792230230768723
6715.8827592252755494 20.924816786770389143
6716.1190796832670458 20.932852741494631488
6716.3555632914867601 20.940900121159710778
6716.5922090521471546 20.948958951628753766
6716.8290159535918065 20.957029257909194797
6717.0659829710757549 20.965111064189404289
6717.3031090675394807 20.973204393875519713
6717.5403931943474163 20.981309269629548453
6717.7778342919837087 20.989425713407143803
6718.0154312907370695 20.997553746494684646
6718.2531831113974476 21.005693389546596705
6718.4910886659790776 21.013844662624002524
6718.7291468583543974 21.022007585232710625
6718.9673565847697319 21.030182176360202817
6719.2057167342982211 21.038368454510891326
6719.4442261892481838 21.04656643773641278
6719.6828838255360097 21.05477614366511574
6719.9216885130190349 21.06299758953121426
6720.1606391157702092 21.071230792201131266
6720.3997344922972843 21.079475768198818741
6720.6389734957001565 21.087732533729372619
6720.8783549737572685 21.096001104700189188
6721.1178777690065544 21.1042814967346537
6721.3575407188982354 21.112573725181881912
6721.5973426560713051 21.12087780512166546
6721.8372824085245156 21.129193751381592392
6722.0773587994681293 21.137521578547854517
6722.3175706472438833 21.145861300979991171
6722.5579167651403623 21.154212932816779613
6722.7983959609136946 21.162576487972337702
6723.0390070362564074 21.17095198012905044
6723.279748786253549 21.17933942272437875
6723.520619999054361 21.187738828921922618
6723.7616194555030233 21.196150211600247815
6724.0027459284392535 21.204573583332944509
6724.2439981819179593 21.21300895636346695
6724.4853749704097936 21.221456342577937448
6724.7268750379707853 21.229915753475584239
6724.9684971173910526 21.238387200137335498
6725.2102399293171402 21.246870693192921209
6725.4521021813552579 21.25536624278585407
6725.6940825671899802 21.263873858534747541
6725.9361797656629278 21.272393549495706822
6726.1783924398459931 21.280925324121668041
6726.4207192361391208 21.289469190212525262
6726.6631587833580852 21.298025154865012354
6726.9057096918295429 21.306593224419785315
6727.1483705525397454 21.315173404406625224
6727.391139936302352 21.323765699488362202
6727.6340163929744449 21.332370113401594836
6727.8769984507252957 21.340986648898184086
6728.1200846153542443 21.349615307685997578
6728.3632733696604191 21.358256090369508229
6728.6065631729206871 21.366908996390787223
6728.8499524604076214 21.37557402397498052
6729.0934396428874606 21.384251170074396242
6729.3370231061635423 21.392940430313093003
6729.5807012107206901 21.401641798933592753
6729.8244437904477309 21.410354249473119381
6730.0643002919678111 21.418936406855976884
6730.3007033874337139 21.427403398417322222
6730.5340446245190833 21.435768939495684293
6730.7646907154612563 21.444045909841019437
6730.9929767682187958 21.452246105086601347
6731.2192383129377049 21.460381382617839563
6731.4437751025598118 21.468462357658555817
6731.6669177681205838 21.476500799034209166
6731.8889459747533692 21.484506681645655135
6732.110136409619372 21.492489910401108233
6732.3307621594167358 21.500460297161431811
6732.5511055055103498 21.508428023072841739
6732.7714398439229626 21.516402985582814722
6732.9919180444558151 21.524390750584444731
6733.2128169619636537 21.532401403032512377
6733.4344327781909669 21.540445768008847693
6733.6570703375009543 21.548535027008099974
6733.8810474133697426 21.556680875441468714
6734.106692250580636 21.564895436323176625
6734.3343691681020573 21.573192196716547642
6734.5644612270143625 21.581585383121595356
6734.7973573939743801 21.590089497687262821
6735.0334965071788247 21.598720929233671484
6735.2733798865283461 21.607498426851009299
6735.5175843155029725 21.616443590954446563
6735.763030953926318 21.625443999824344843
6736.008519922315827 21.63445575811182664
6736.2540489026305295 21.643478812095306552
6736.4996155565104345 21.652513106291099376
6736.7452175257703857 21.661558583482417362
6736.9908524326319821 21.670615184743589055
6737.236517879893654 21.679682849463247862
6737.4822114510589017 21.688761515367961152
6737.7279307104936379 21.697851118542615723
6737.9736732035398745 21.706951593457013416
6738.2180181619778523 21.716010263194533536
6738.4607924893925883 21.725020550538907571
6738.7025386265504494 21.734002449857118933
6738.94383664725774 21.742977443418251227
6739.1852269761957359 21.751965629620261922
6739.4271152094706849 21.76098216544821895
6739.6701794792106739 21.77005244935126882
6739.9151558215799014 21.779204155698010936
6740.1609932258497793 21.788398211382066449
6740.4068272348022219 21.797602358324336791
6740.6526551872584605 21.806816514354856906
6740.898474406250898 21.816040595942215674
6741.1442821994978658 21.825274518208324537
6741.3900758601184862 21.834518194935686353
6741.635852667063773 21.843771538569949797
6741.8816098857805628 21.85303446022206586
6742.1273447693292837 21.862306869675570908
6742.3730545599482866 21.871588675399102897
6742.6187364904844799 21.880879784566882762
6742.8643877860340581 21.890180103083800134
6743.1100056657996902 21.899489535614780067
6743.3555873452733067 21.908807985619333181
6743.6011300386844596 21.918135355385928165
6743.8466309613004341 21.927471546067902608
6744.0920873318382291 21.936816457721189266
6744.3374963750184179 21.946169989344642914
6744.5828553242454291 21.955532038923543325
6744.8281614243651347 21.964902503476999129
6745.0734119346807347 21.974281279108364373
6745.3186041321678204 21.983668261055068882
6745.5637353146194073 21.993063343741315663
6745.8088028038919219 22.002466420834206673
6746.053803949513167 22.011877385302675236
6746.2987361321147546 22.021296129477619274
6746.5435967668026933 22.030722545115665412
6746.7883833066698571 22.040156523464656146
6747.0330932465603837 22.049597955330472843
6747.2777241265484918 22.059046731145837583
6747.5222735352772361 22.068502741041896797
6747.7667391130871692 22.077965874926981371
6748.0111185553660107 22.087436022560812177
6748.2554096156954984 22.09691307362976076
6748.4996101088545402 22.106396917821701464
6748.7437179137396015 22.115887444901368042
6748.9877309761404831 22.125384544785759999
6749.2316473113633037 22.134888107619090647
6749.4754650066943213 22.144398023846736834
6749.7191822237173255 22.153914184286918498
6749.9627972004609546 22.163436480202406642
6750.2063082533695706 22.172964803369442421
6750.4497137790995112 22.18249904614593504
6750.6930122561379903 22.192039101537346824
6750.9362022462282766 22.201584863260176661
6751.1792823956166103 22.21113622580273983
6751.4222514361208596 22.220693084483190916
6751.6651081860009072 22.230255335504416792
6751.907851550662599 22.239822876005767682
6752.1504805231907085 22.249395604111580127
6752.3929941847018199 22.258973418976292891
6752.6353917045253183 22.268556220826212666
6752.8776723402334028 22.278143910998519317
6753.1198354375146664 22.287736391976093131
6753.3618804299640033 22.297333567419151734
6753.6038068389443652 22.306935342192176108
6753.8456142730574356 22.316541622392872313
6754.087302427479699 22.326152315373430923
6754.3288710831820936 22.335767329758603239
6754.5703201060632637 22.345386575460274514
6754.8116494459727619 22.355009963689763453
6755.0528591359370694 22.364637406964245514
6755.2939492914729271 22.374268819109026651
6755.5349201093886222 22.383904115260452983
6755.7757718665025095 22.393543211866536069
6756.0165049183087831 22.403186026687407661
6756.2571196977951331 22.412832478791845148
6756.4976167143058774 22.422482488551839452
6756.7379965522532075 22.432135977632459145
6756.9782598698393485 22.441792868979781872
6757.2184073978323795 22.451453086807429571
6757.4584399383757045 22.461116556581590231
6757.6983583638620985 22.470783205005005811
6757.9381636158195761 22.480452959999865925
6758.1778567039546033 22.490125750689809792
6758.4174387053026294 22.499801507381306465
6758.656910763277665 22.509480161544388466
6758.896274086791891 22.51916164579247237
6759.1355299495198778 22.528845893861671357
6759.3746796892173734 22.538532840589937223
6759.6137247071301317 22.548222421895243173
6759.8526664677037843 22.55791457475004691
6760.0915064985092613 22.567609237160628055
6760.330246390008142 22.577306348145938841
6760.5688877956717988 22.587005847715190043
6760.8074324320759843 22.596707676845614543
6761.0458820787689547 22.606411777460557744
6761.2842385782523706 22.616118092407766937
6761.5225038360285907 22.625826565438188709
6761.7606798207543761 22.635537141185277932
6761.9987685644446174 22.645249765143315557
6762.2367721627915671 22.654964383648454884
6762.4746927755559227 22.664680943860567197
6762.7125326270115693 22.6743993937464694
6762.9502940064521681 22.684119682063499823
6763.187979268664094 22.69384175834557027
6763.4255908344475756 22.703565572889853996
6763.6631311911623925 22.713291076745210972
6763.9006028933945345 22.72301822170132013
6764.1380085636701551 22.732746960279243353
6764.3753508933050398 22.74247724572255791
6764.6126326429566689 22.752209031988844146
6764.8498566433408996 22.761942273741166076
6765.0870257960805247 22.771676926340003178
6765.3241430742245939 22.781412945836549966
6765.5612115226649621 22.791150288966566251
6765.798234258647426 22.80088891314442634
6766.035214472253756 22.810628776457487987
6766.2721554270437991 22.820369837661115042
6766.5090604604765758 22.830112056172968238
6766.7459329845223692 22.839855392067271112
6766.9827764863684934 22.849599806068937369
6767.2195945292996839 22.859345259547076523
6767.4563907542615198 22.869091714507934654
6767.6931688802687859 22.87883913358917809
6767.9299327046910548 22.888587480054123802
6768.1666861035346301 22.898336717784935956
6768.403433031710847 22.908086811275747863
6768.6401775232152431 22.917837725625386014
6768.8769229015670135 22.927589394003746293
6769.1136720508739018 22.93734172879721811
6769.3504292033048841 22.947094695224397043
6769.5871986705851668 22.956848259085504083
6769.8239848438915942 22.966602386756100884
6770.0607921936862112 22.976357045178065874
6770.297625269549826 22.986112201850115611
6770.534488700061047 22.995867824815409364
6770.7713871927198852 23.005623882650496626
6771.0083255339804964 23.015380344449329897
6771.2453085894103424 23.025137179812539046
6771.4823413038593571 23.034894358834733907
6771.7194287017782699 23.044651852087902455
6771.9565758874668973 23.054409630615797511
6772.1937880452569516 23.064167665914602878
6772.4310704397612426 23.073925929920878986
6772.6684284159809977 23.083684394997781908
6772.9058673994222772 23.093443033915114881
6773.143392896219666 23.103201819835792463
6773.3810104931817477 23.112960726299021985
6773.6187258578866022 23.122719727200696127
6773.8565447388700704 23.132478796773558116
6774.0944729659240693 23.142237909565306353
6774.332516450465846 23.151997040419637131
6774.5706811859854497 23.161756164451997364
6774.8089732486751018 23.171515257024204004
6775.0473987982140898 23.181274293721347846
6775.2859640786600721 23.191033250327265591
6775.5246754194768073 23.200792102797368699
6775.7635392367647 23.210550827229258886
6776.0025620347769291 23.220309399830359354
6776.2417504078075581 23.230067796881350262
6776.4811110422660931 23.239825994710024304
6776.7206507190967386 23.249583969650476689
6776.9603763167942816 23.25934169800585849
6777.2002948145236587 23.269099156023848707
6777.4404132952258806 23.278856319860867785
6777.6807389491086724 23.288613165539491234
6777.9212790776100519 23.298369668905554164
6778.1620410977693609 23.308125805586129786
6778.4030325469702802 23.317881550945816826
6778.6442610881404107 23.327636880039573697
6778.8857345155984149 23.337391767562504441
6779.1274607615114292 23.347146187800255746
6779.369447902851789 23.356900114576422567
6779.6117041686857192 23.36665352120559902
6779.854237947502952 23.376406380448454314
6780.0970577949246945 23.386158664448334576
6780.3401724420536993 23.395910344672195436
6780.5835908042909068 23.405661391850227204
6780.8273219906150189 23.415411775911000092
6781.0713753133495629 23.425161465915408598
6781.31576029842563 23.434910429986633318
6781.5604866963158202 23.444658635230908317
6781.8055644934593147 23.454406047668239665
6782.0510039240589322 23.464152632151410671
6782.2968154825084639 23.473898352278705914
6782.5430099364111811 23.48364317030610593
6782.7895983399866964 23.493387047060569017
6783.0365920480035129 23.503129941836302663
6783.284002730213615 23.512871812297795771
6783.531842386201788 23.522612614370654427
6783.7801233607351605 23.532352302129183386
6784.0288583595602177 23.542090827676865672
6784.2780604656009018 23.551828141022255636
6784.5277431555650764 23.561564189943418057
6784.7779203173968199 23.571298919828016949
6785.0286062681288968 23.581032273541751465
6785.2798157716024434 23.590764191275216177
6785.5315640563758279 23.600494610381186789
6785.7838668337726631 23.610223465202906823
6786.0367403162854316 23.619950686881828972
6786.2902012362837922 23.629676203166198434
6786.5421770145158007 23.639320056374842238
6786.7930898621216329 23.648898218321367182
6787.04345330081469 23.658429967840088892
6787.2937753780070125 23.667934165396086854
6787.5443244372754634 23.677420389195656725
6787.7955691164470409 23.686905642249936221
6788.0480080773941154 23.696407832896589696
6788.3021548386495851 23.705945175589537399
6788.558547193701088 23.715536517678238226
6788.817804577746756 23.725203441303857943
6789.0788626097519227 23.734904694567198646
6789.34075224305343 23.744603041839450697
6789.6034985876622159 23.754298342995756599
6789.8671275406104542 23.763990450026152956
6790.131665804988188 23.773679206527226881
6790.3971409087953361 23.783364447160355581
6790.6635812234781042 23.793045997077147291
6790.9310159820242916 23.802723671305674458
6791.1994752965720181 23.812397274096394284
6791.4689901754018138 23.822066598228023082
6791.7395925396895109 23.831731424245344186
6792.0113152398016609 23.841391519675006805
6792.2841920704959193 23.851046638185515292
6792.558257785411115 23.860696518680899914
6792.8335481109588727 23.870340884340087939
6793.1100997592347994 23.879979441602110057
6793.3879504399155849 23.889611879077421008
6793.6671388712165935 23.899237866394688723
6793.9477047895243231 23.908857052981222324
6794.2296889580993593 23.918469066742598983
6794.5131331751799735 23.928073512670742673
6794.7980802815400239 23.937669971347951048
6795.0845741675448153 23.947257997370346772
6795.3726597794338886 23.956837117670332304
6795.6623831248052738 23.966406829744563822
6795.9537912784398941 23.975966599706534765
6796.2469323880941374 23.985515860294469803
6796.5391825314027301 23.99496786771276291
6796.8240457241890908 24.004114480179737257
6797.1031509264685155 24.013011709561936868
6797.3778420444259609 24.021705107891019537
6797.6493047792773723 24.030234078783646368
6797.9185613518848186 24.038631896847284963
6798.1865311085530266 24.046927759224502097
6798.4540896341613916 24.055148702817831463
6798.7218558170516189 24.063313171765383203
6798.9904509181742469 24.07143911020470739
6799.2607150351259406 24.079550412543131443
6799.5335344924733363 24.087671515544244016
6799.809833496844476 24.095827059693021965
6800.0906108271901758 24.10404286449971778
6800.377010627988966 24.112347817499262703
6800.6703634111036081 24.120774775973327309
6800.970563990368646 24.129314295203901253
6801.2739048631701735 24.137855922081314475
6801.5815270303119178 24.146427794835442882
6801.889725081459801 24.15492374771727313
6802.1986255314750451 24.163345938995501427
6802.508844445739669 24.171709503609800862
6802.8209884513762518 24.180028567663875094
6803.1356917316188628 24.188317207384418595
6803.4536244637774871 24.196589595441917453
6803.7755095777602037 24.204860336890916983
6804.1021454231331518 24.213144912342023929
6804.4344316212127524 24.221460142561490159
6804.7733991440563841 24.229824685834991271
6805.1202529928241347 24.238259751343065318
6805.4764307955547338 24.246790062391987419
6805.8436918567022076 24.25544534696150123
6806.2136571653518331 24.264019204379902561
6806.5775408307654288 24.272309085428830144
6806.9332353280724419 24.280274470831141542
6807.2812980021926705 24.287936192613990727
6807.6223659413235509 24.295315879526381053
6807.9571106581533968 24.302434878799822116
6808.2862133105272733 24.309313707186056774
6808.610344991348029 24.315971658764265584
6808.9241504372612326 24.322306462985068265
6809.2288618660404609 24.328352769913323073
6809.5263601580618342 24.33415588899013926
6809.8182267589963885 24.33975279588341678
6810.1058430254361156 24.345174581711354733
6810.3903701488407023 24.350446473533118308
6810.6728674514133672 24.355590363036810686
6810.954253756777689 24.360624306895147129
6811.2353858221504197 24.365564126880535412
6811.516796970519863 24.370419043026277706
6811.7991631400964252 24.37520000383274521
6812.0832951954716918 24.379919324316304596
6812.3700372864705059 24.384588815653433613
6812.6602492251086005 24.38921943079206045
6812.9548038149496278 24.393821167701950969
6813.2546340641629286 24.398403723641191476
6813.5607773270521648 24.402976996763889872
6813.8743814513900361 24.407550931299432762
6814.1921199702228478 24.412070861803233157
6814.5106448018823357 24.41648657538486944
6814.8273101156682969 24.420762081269483446
6815.1394271435128758 24.424864660522040083
6815.4470972992367024 24.428800583644488142
6815.7465268795358497 24.432528102315497875
6816.0391098887566841 24.436072434656509245
6816.3258023605249036 24.439451674145729498
6816.6074890389691063 24.442681734405766747
6816.8849730577549053 24.445776409083109115
6817.1591439458616151 24.448749342798084427
6817.4307497206655171 24.451611571517641863
6817.7004501327810431 24.45437230651651106
6817.9688817083870163 24.457039725898198412
6818.2366721306125328 24.459621161900184205
6818.5043998119717799 24.462122753994179902
6818.7724219825595355 24.46454799917001921
6819.0413338743919667 24.46690203392025964
6819.3118109496936086 24.46918997373151683
6819.5845624371468148 24.471416420720778717
6819.8603419140608821 24.473585489203337318
6820.1399705486555831 24.47570090064134618
6820.4243409382961545 24.477765891438966861
6820.7144670663001307 24.479783418008061346
6821.0115334018528301 24.481756250565648969
6821.3101054398830456 24.483644805186859372
6821.6015019239303001 24.485397329556455759
6821.8864680002461682 24.487025053425075072
6822.1656644747336031 24.488537677709118157
6822.4396799996911795 24.489943614813185491
6822.7090634465539551 24.491250289583927469
6822.9743551438859868 24.492464371331163164
6823.2360176791935373 24.493591529650988292
6823.4944840783900872 24.494636754038300097
6823.7501648321431276 24.49560444055778774
6824.0034495025856813 24.496498445310535885
6824.2547146506676654 24.497322152189276778
6824.5043269395564494 24.498078512102384963
6824.752663695468982 24.498770121990073534
6825.0000718885685274 24.499399123125360944
6825.2469052904298223 24.49996732791509757
6825.4935231948848013 24.500476216820562314
6825.7402230460193095 24.500926823195250392
6825.9872789353221378 24.501319868053183626
6826.2350869229985619 24.501655971146057311
6826.4840457024301941 24.501935391420744281
6826.7345798321184702 24.50215804452539814
6826.9871638085687664 24.502323486976631983
6827.2423102520760949 24.502430854173198327
6827.5005817046330776 24.502478814748876346
6827.7626036309611663 24.502465505606743079
6828.0290769711982648 24.502388445401898309
6828.3007947244932438 24.50224442291769833
6828.5786673993134173 24.502029347379878033
6828.8637590209109476 24.501738040668534779
6829.1573187440035326 24.501363969446384061
6829.460828573886829 24.500898884368456976
6829.776082525964739 24.500332298417774268
6830.0937236560857855 24.499676248233182463
6830.4076575163244343 24.498944740441984891
6830.7195214353541814 24.498137121585866538
6831.0308498938256889 24.497251308592844055
6831.3426144007162293 24.496285466394127184
6831.6559354797027481 24.495236280987949584
6831.972255017030875 24.494098155196066813
6832.2921701134446266 24.492867458324884211
6832.6113853014521737 24.49156066327727288
6832.9299694989049385 24.49017902439714689
6833.2480345377489357 24.488723534408382676
6833.5628642306901384 24.48720902570057234
6833.8725805676585878 24.485648486630353204
6834.1781529357858744 24.484041188099091357
6834.4804729941051846 24.482385874247732716
6834.7802983229521487 24.480681226685554464
6835.0784469417676519 24.478924881274028991
6835.3755639873033942 24.477114847930543817
6835.672301052885814 24.475248567299313862
6835.9691740045609549 24.473323863750408691
6836.2659871000623752 24.47134299362333465
6836.5599563013129227 24.469326370356874634
6836.8516763590014307 24.46727232097343574
6837.1417281298972739 24.465178796681296802
6837.430793617281779 24.463042551140443237
6837.7193033143857974 24.460861774991741413
6838.0077626886568396 24.458633777458096858
6838.2964638094372276 24.456357238123835884
6838.5858876935035369 24.454029121879656827
6838.8765872354470048 24.451645510976053544
6839.1692387407902061 24.449201129643753916
6839.4645964926976376 24.446689656078394393
6839.7624049186624688 24.444113173707521014
6840.0613459625628821 24.441483386389851518
6840.3599333404390563 24.438814302132335854
6840.653251743357032 24.436152120083171724
6840.9418556277423704 24.433494857859429317
6841.2262622387297597 24.430840459619634686
6841.5069642618855141 24.42818673107790417
6841.784436310917954 24.425531319756174753
6842.0591251833411661 24.422871844955786003
6842.3314616107145412 24.420205819084035426
6842.6018601580653922 24.417530676324005867
6842.8707209902067916 24.414843780238189908
6843.1384330539722214 24.41214241387942252
6843.4053760125661938 24.409423779132978893
6843.6719213093447252 24.406685002566202769
6843.9384650475121816 24.403922808438672121
6844.2051953301725007 24.401135959911830042
6844.472515038466554 24.398320884725404056
6844.7408210187813893 24.395473947652337898
6845.0104847413213065 24.392591670607714605
6845.2818996359292214 24.389670240638569254
6845.5554805056162877 24.386705517516812591
6845.8317176758773712 24.383692443273101702
6846.1093236617571165 24.380645432974070275
6846.3787436291504491 24.377670823357803442
6846.6408830728742032 24.374760802220688305
6846.8965348214132973 24.371908445380366715
6847.1464126205710272 24.369107412411654678
6847.3911634542455431 24.366351861789080857
6847.6313774160107641 24.363636382781272971
6847.8676536288694479 24.360955281712715959
6848.1005115033040056 24.358303612425427076
6848.3304411412291302 24.355676632136059823
6848.5579102047431661 24.353069742195234682
6848.7833711379325905 24.350478421242655713
6849.0072669747542022 24.347898171673406864
6849.2300369050763038 24.345324466656467877
6849.4520687631693363 24.342753310720361526
6849.6737965443971916 24.340180121696597837
6849.8955971584100553 24.337600934708540024
6850.1178122031778912 24.335012162059758367
6850.3409799743176336 24.332407893561889267
6850.5656500194827458 24.329782054834556249
6850.7924340802683218 24.327127819272995168
6851.0220172689560059 24.324437482545409495
6851.2551735324313995 24.321702287946003196
6851.4928101676368897 24.318911912105587447
6851.7360149568894485 24.3160539212004565
6851.9861120124760419 24.313113128445625222
6852.2447383009384794 24.310070715109336703
6852.5139445676968535 24.306903075800416758
6852.7963253887010069 24.303580340291709661
6853.0889858511955026 24.300137426516538852
6853.3862773996461328 24.296641777297907083
6853.6892202424642164 24.293082468220170256
6853.9989855569638166 24.289446954331182837
6854.3168852943163074 24.285721245750185204
6854.6395325628736828 24.281946545926235359
6854.9567006205397774 24.278243656892787072
6855.2688267985777202 24.274608213615984198
6855.5763296616669322 24.271036013734573089
6855.8795804242217855 24.267523362371100859
6856.178383855134598 24.264073063544554287
6856.4662375064435764 24.260760277113231353
6856.745496370199362 24.25755760306726927
6857.0179465026085381 24.254444390120479369
6857.2849812845288398 24.25140465557089442
6857.5478636357793221 24.248424063779292936
6857.8075582994788419 24.245491812539775367
6858.0648945348439156 24.242598758712162521
6858.3206130893231602 24.239736877945574633
6858.5754041847812914 24.236898835561966337
6858.8299038510140235 24.234078028350882761
6859.0845990153438834 24.231269627490142682
6859.3399461230837915 24.228469250273942492
6859.5965567159419152 24.225670944021292286
6859.8550715779829261 24.222868608856508388
6860.1161796368587602 24.220055821464143264
6860.3806028739481917 24.217226032457567442
6860.6491266324846947 24.214372280531783588
6860.922648023974034 24.211486735269300397
6861.1994859697124411 24.208588822724244949
6861.4778617051442779 24.205698489382676541
6861.7581956030217043 24.202812558995120185
6862.0409456289944501 24.199927654500648089
6862.326616621928224 24.197040137432583862
6862.6157700765024856 24.194146051238824668
6862.9090356991009685 24.191241057619169652
6863.2071318217240332 24.188320299806296276
6863.5050377494771965 24.185434603019693611
6863.802123847137409 24.182590770523177071
6864.0988727988869869 24.179784847633442268
6864.3956582969476585 24.177014106357496814
6864.692727709425526 24.174277149825730504
6864.990559112151459 24.171570620588969547
6865.2884674619645011 24.168901755105689944
6865.5842242025737505 24.166290956839553417
6865.8788602759805144 24.163729301596973187
6866.1733749360137153 24.161208660837839801
6866.4683343536044049 24.1587250566150189
6866.7646799195817948 24.156271745322914768
6867.0634963418870029 24.153841379217066532
6867.3659570481186165 24.151426580234197417
6867.6733278387682731 24.149020026603295719
6867.9870652521312877 24.146613839332388807
6868.301586191865681 24.14425346849040821
6868.6068878615178619 24.142012773595958208
6868.9040930412411399 24.139880052402101995
6869.1942807292143698 24.137844609553464892
6869.4784421496742652 24.135897010737178192
6869.7575177884009463 24.134028761155033038
6870.0324042619186002 24.132232216883164
6870.3039813348332245 24.130500378246544813
6870.5730819639538822 24.128827061045718949
6870.8405329779770909 24.127206619153806599
6871.1072098034574083 24.125633626767527318
6871.3739829592941533 24.124103228895574347
6871.6414028898807373 24.122612880433187854
6871.9104565147390531 24.121158066955338484
6872.1822387269476167 24.119734379826365256
6872.4579942250547901 24.118337429197634236
6872.7391874116374311 24.116962680576065736
6873.027589070965405 24.115605311863362203
6873.3254005730923382 24.114260037622031518
6873.6275382804233232 24.112954229343262824
6873.9314865101232499 24.111701020447021904
6874.2382491685093555 24.110498094244789513
6874.5489008370595911 24.109343699501881275
6874.864616591324193 24.108236656271028409
6875.1853823959645524 24.107180612578684276
6875.5073243347560492 24.106190698487878876
6875.8311470465259845 24.105266081700133185
6876.1576435806910013 24.104406305294901358
6876.4876991211140194 24.103611393971313248
6876.8176702091950574 24.102891529212804755
6877.1482362136866868 24.102245593367236154
6877.4806951751243105 24.101672051744952086
6877.8165678318682694 24.101170221957303852
6878.1509659573366662 24.100748148836554918
6878.4814673563432734 24.100407055600413742
6878.8087562966411497 24.100143780448227915
6879.1334773351027252 24.099955788721853622
6879.4562232394855528 24.09984112095989417
6879.7775304825236162 24.099798327160534939
6880.0978787909361927 24.099826398259853732
6880.4177444631523031 24.099924721404413219
6880.7374744552325865 24.100092992775884682
6881.0573072737270195 24.100331091853433918
6881.3774204997425841 24.100639013079298678
6881.6980166795328842 24.101016909904817709
6882.019234917988797 24.101464988557189884
6882.3411485505530436 24.101983435257807287
6882.6637643695885345 24.102572344102732416
6882.9870245779966353 24.103231650453796675
6883.3108216760929281 24.103961098230396232
6883.6237383451580172 24.104731278965427776
6883.927754097289835 24.105540577968472604
6884.2213590675837622 24.10637888489847569
6884.5019607258809629 24.107231812598453047
6884.7718112374723205 24.108099462193155915
6885.032699646499168 24.108982202445314869
6885.2860727026927634 24.109880572465318238
6885.533119816330327 24.110795226318987972
6885.7748341888063806 24.111726902412346618
6886.0120623700004217 24.112676426883695058
6886.2455314483186157 24.113644683684931636
6886.47582009281723 24.114632375246067397
6886.703493536680071 24.115640505404357441
6886.9290487091766408 24.116670100784993735
6887.1529360610311414 24.117722256284860549
6887.3755720504968849 24.118798155770917901
6887.5973729789047866 24.119899212461792359
6887.8186974456257303 24.121026765994351138
6888.0398942837109644 24.122182293877752812
6888.2611998228785524 24.123366845270272307
6888.4829344488152856 24.124582056344809899
6888.7054958855715086 24.125830164127197719
6888.9292449583681446 24.127113391742273762
6889.1545605204300955 24.128434249528194044
6889.3818568634078474 24.129795651724386119
6889.6115740664681653 24.131200879970332807
6889.8441905114250403 24.132653680250403028
6890.0802360143725309 24.134158374639341105
6890.32031912891307 24.135720077961032359
6890.565135578043737 24.137344811750530482
6890.8154770989676763 24.139039631090696503
6891.072272707695447 24.14081298912662632
6891.3366319386641408 24.1426751558861028
6891.6098662191807307 24.144638524426188297
6891.8935913463346878 24.146718549942598031
6892.1898578862264912 24.148935011865987121
6892.501264696283215 24.151313301201636108
6892.8183390947369844 24.153785525230055953
6893.1364244881797276 24.156316485835109376
6893.4552087743104494 24.158903611854430693
6893.775417798302442 24.161552800157057419
6894.0979394575497281 24.164271777042014122
6894.4157215921977695 24.167000022315857422
6894.7274616554777822 24.169723398636811851
6895.0346700407344542 24.172452281892361725
6895.332240378644201 24.175137817417525099
6895.6219541743930677 24.177792027909312367
6895.9053869005865636 24.180426130570090493
6896.1839218615759819 24.183050454489784187
6896.4587695236787113 24.185674446347849909
6896.7310262506762228 24.188307092926944364
6897.0017341059692626 24.190957410519569493
6897.2718652251805906 24.193634234313790898
6897.5421818931627058 24.19634474950659353
6897.8133491284597767 24.199095506183105897
6898.0863377487085017 24.201896515217601547
6898.3621485989742723 24.204758543703174922
6898.6418624181751511 24.207693656463330711
6898.9266636894926705 24.210715518664134294
6899.2178424645289851 24.213839482303352924
6899.516869480034984 24.217083479381138034
6899.8254524217918515 24.220468769369151829
6900.1344489177263313 24.223896422374483706
6900.4367594492159697 24.227286083829568497
6900.7329546888495315 24.230641446472020561
6901.0235378665975077 24.233965785554033801
6901.3090052744428249 24.237262601996160782
6901.5898009402253592 24.240535069453070349
6901.8662533380429522 24.243785243684456532
6902.1386586089693083 24.247014982454270893
6902.4073392378095377 24.250226624222669614
6902.6725182246500481 24.253421470001896409
6902.934384344078353 24.256600524752567338
6903.1931554264483566 24.259765253139139674
6903.4489946235689786 24.262916552329016895
6903.7020444010559004 24.266055146867692827
6903.9524492721175193 24.269181861252867805
6904.2003358587044204 24.272297366235498828
6904.4458326452104302 24.275402419390552211
6904.6890742596751807 24.27849791791325984
6904.9301962447434562 24.281584831312404305
6905.1693501168074363 24.284664393741795863
6905.4066817157217884 24.287737826223782633
6905.6423334984037865 24.290806362069680802
6905.8764474428735411 24.293871281514856975
6906.1091681794669057 24.296933950713910377
6906.3406353412510725 24.299995719148089535
6906.5709792097095487 24.303057857980242318
6906.8003217654804757 24.306121569303972052
6907.0287615856314005 24.309187778716847106
6907.2563983419149736 24.312257457732805221
6907.4833229909754664 24.315331489793685193
6907.7097496182759642 24.318412464531093065
6907.9357222209500833 24.321500697158352722
6908.1612846534153505 24.324596514477729414
6908.3864828272971863 24.327700284793923657
6908.6113694296873291 24.330812483499816068
6908.835999367961449 24.333933631102834028
6909.0604333574510747 24.33706434349201686
6909.2847175961760513 24.340205047833613605
6909.5089302104943272 24.343356632303930098
6909.7331549732334679 24.346520082467147716
6909.9574382931969012 24.349695871934798674
6910.1818750529046156 24.3528851742736272
6910.4065692081903762 24.356089311735505731
6910.6316296963213972 24.359309698063217553
6910.8571685677907226 24.362547812018814142
6911.0833016199921985 24.365805206454901111
6911.3101494900001853 24.369083524186262224
6911.5378333012331495 24.372384435057288243
6911.7664664267176704 24.375709515228574986
6911.9961595688428133 24.379060318830912735
6912.2270190365152303 24.38243835134757731
6912.4591533638104011 24.385845165181368799
6912.6926792660342471 24.38928244718284688
6912.9276925140557069 24.392751589050149619
6913.164259033162125 24.396253550204399119
6913.4024384602853388 24.399789201149637563
6913.6422896574513288 24.403359403828542185
6913.8838617477813386 24.406964876961765754
6914.1272007878678778 24.410606293563610336
6914.3723568465429707 24.414284386175811647
6914.6193675224249091 24.41799969887364341
6914.8682797813544312 24.421752914070236073
6915.1191712170639221 24.425545175456107927
6915.3721768038176378 24.429378498666004305
6915.6274510144630767 24.433255204474097155
6915.8851402430000235 24.437177500586034995
6916.1454156844247336 24.441147980911871684
6916.4084689655583134 24.445169561234695976
6916.6745394588133422 24.449245899588888165
6916.9438968036420192 24.453381133054833185
6917.2168359233073716 24.457579803087419634
6917.4937015121086006 24.461847234122934935
6917.7749162609443374 24.466189973686716996
6918.0609568810168639 24.470615428036143868
6918.3523331616133873 24.475131539580658568
6918.6496272998219865 24.479747396408221505
6918.949055773156033 24.484404153562913109
6919.2509227503942384 24.489106278865339306
6919.5559067866524856 24.49386409247854246
6919.8647314133850159 24.498688652475944849
6920.1782041588367065 24.503592360120343585
6920.4971572973054208 24.508588027852336921
6920.8224329779041 24.513688634692559987
6921.1549554604171135 24.518908446452375216
6921.4883673150870891 24.524147242774326116
6921.8143291973383384 24.529273226806061814
6922.1320715618239774 24.534273415898717019
6922.4429408867199527 24.539168211348918902
6922.7481394476944843 24.543975861138715544
6923.0487690139234473 24.548713117806464368
6923.3459036958820434 24.553396362612183168
6923.6404484228733054 24.558039354884463989
6923.9332870604894197 24.562655549291513069
6924.2253012854889676 24.567258378839454735
6924.5173288619653249 24.571860583292728819
6924.8098690870137943 24.576469556138860639
6925.1039469085690143 24.581100948830400199
6925.4007000620940744 24.585772142132835683
6925.7014466381488091 24.590503284294921826
6926.0077618730829272 24.595318464086247445
6926.3215804432011282 24.600247268999329009
6926.6453287944077601 24.605326790413112548
6926.9759436873573577 24.610507841258282724
6927.3033714086523105 24.615632034014485185
6927.6284499068597142 24.620711935484045796
6927.9519854911031871 24.625759564791366074
6928.2747912949689635 24.630786979242149215
6928.5976252703085265 24.635805293549353223
6928.9189522728902375 24.640789990668100273
6929.2341288045008696 24.645668699315290695
6929.543958681658296 24.65045376925947096
6929.8491569067664386 24.655156125687739177
6930.1503787583669691 24.659785719180199237
6930.4482110645785724 24.664351392215412062
6930.7432067198751611 24.668861409845415977
6931.0358581939335636 24.673323054347129357
6931.3266233845452007 24.677743022666710715
6931.615930062705047 24.682127493965836607
6931.9041677734276163 24.686482007534301886
6932.1917115986625504 24.690811822790397656
6932.4789539663397591 24.695122393276108141
6932.7662261396098984 24.699418183858302456
6933.053733250584628 24.703701714989783511
6933.3418154608825716 24.707977462174291361
6933.6308017210885737 24.71224965463494172
6933.9210280248953495 24.716522540753519621
6934.2128288056264864 24.720800253734857677
6934.5065299075477014 24.725086703104185659
6934.8024570500201662 24.729385693371735755
6935.1009424195754036 24.733701012067928815
6935.4023289080496397 24.738036480745805079
6935.7069668940102929 24.742395896965014401
6936.015215997865198 24.746783047566893288
6936.3274498764030795 24.751201763202868023
6936.6428081327740074 24.755638395965021914
6936.9587135587835292 24.76005561967659574
6937.2760310082067008 24.764464671954890207
6937.5956156450492927 24.768876346727740412
6937.9183304485231929 24.773301218293010351
6938.2450628723654518 24.777749842115376566
6938.5709986565761938 24.78215560214221469
6938.8952637603688345 24.786506465866754212
6939.2182438191794063 24.790807492337581408
6939.5404059347010843 24.79506468624379778
6939.862274438391978 24.799284634009328698
6940.1842566133291257 24.803472209989628539
6940.5066728574183799 24.807631019773033643
6940.829912064013115 24.811765421226702699
6941.1542939801820467 24.815878744791358912
6941.4801100415888868 24.81997383828225523
6941.8076461916734843 24.824053362059199657
6942.1371874383694376 24.828119844766710855
6942.4690367247758331 24.832175910141547348
6942.8016416552463852 24.836201701266034547
6943.1289948317844392 24.840124994738349784
6943.4527397464398746 24.843966789028055331
6943.7743440382564586 24.847745278693246007
6944.0950845401857805 24.851475787325764344
6944.4140094819722435 24.855147537390973156
6944.7329981334996774 24.858782319760070578
6945.0529551123618148 24.862390127449302213
6945.3660759428466918 24.865883891304402908
6945.6684189311208684 24.869222626130522258
6945.961009548698712 24.872421087885605573
6946.2447910403852802 24.875492607832395464
6946.5206169463863262 24.878449083874127012
6946.7892533763615575 24.881301074199775769
6947.0513873597647034 24.884057948124997495
6947.3076080303653725 24.88672774585293368
6947.5584658350180689 24.889317847010310913
6947.8044603462039959 24.891834875386315673
6948.0460410126643183 24.894284739061657064
6948.2836195969020991 24.896672785122166971
6948.5175722945687085 24.899003843769062172
6948.7482519005734503 24.90128236885531976
6948.9759799627299799 24.903512376019158125
6949.2010572960653008 24.905697561444345212
6949.4237999249344284 24.90784165831810526
6949.6444902017674394 24.909947968996135614
6949.8634006354295707 24.912019605907723019
6950.0807986039262687 24.914059541787455743
6950.2969523662150095 24.916070669372764712
6950.5121333523175053 24.918055823815780769
6950.7266138074091941 24.920017761487333274
6950.9406903512171993 24.921959373713765018
6951.1546685377143149 24.9238835401792862
6951.3687595417395642 24.925792209280078993
6951.5832460334968346 24.927687894680950365
6951.7984853381713037 24.929573675685741563
6952.0148721888699583 24.93145284658229599
6952.2328486589240129 24.933328987008209765
6952.4529078380401188 24.935205973939563506
6952.6756240148915822 24.937088214031803091
6952.9016827061805088 24.938980859130083445
6953.13188658962099 24.940889806482065438
6953.3671309558312714 24.942821443851308061
6953.608375343532316 24.944782371855577452
6953.8567362619651249 24.94678010511045585
6954.1136797817525803 24.948824510076999417
6954.3811863534692748 24.950928911232196583
6954.6618782776931766 24.953110793141824786
6954.9592555816479944 24.955393212913193679
6955.2780506594335748 24.957806890094385466
6955.5937193087120249 24.960163335887443736
6955.9068144367965942 24.962467796162002287
6956.2179469047223392 24.964725688758839794
6956.5277095478086267 24.966942042293620574
6956.8366914763082605 24.96912161284070919
6957.1457110228520833 24.971270500131815595
6957.455057400300575 24.973390878576108065
6957.7652555962913539 24.975486392769898458
6958.0768708698551563 24.977560751420956109
6958.3905803116876996 24.979618175415108539
6958.7016655617144352 24.981628035011201661
6959.0107488051717155 24.983595259233737806
6959.3184926728181381 24.985524779348754265
6959.625485996200041 24.987420817620119351
6959.9323479935310388 24.989287557480036384
6960.2394304679201014 24.991127364353729945
6960.5472304813865776 24.992943327830637656
6960.8563107146628681 24.994738739141158845
6961.1672399313429196 24.996516726347717707
6961.4806013767702098 24.998280300638146656
6961.7970003733516933 25.00003239296366786
6962.1170725432075415 25.001775889324303392
6962.4414995117149374 25.003513700621702753
6962.7710142184851065 25.005248768922470504
6963.1064030460775029 25.006984053541355451
6963.4452736512876072 25.008706228522548543
6963.7842374282126912 25.010397933233921464
6964.1236830059415297 25.012061386516290185
6964.4643212860646599 25.013700208811993519
6964.8068996687861727 25.015317946456509191
6965.1521998203179464 25.0169180504087727
6965.4868939490097546 25.018440168013981406
6965.8100591387301392 25.019883256056136389
6966.1238839942270715 25.021259936202213225
6966.4302440164738073 25.022580684154455355
6966.7307464886162052 25.023854199100494355
6967.0268102015397744 25.025087875703047047
6967.319680127700849 25.026287962972279644
6967.6104866465839223 25.027459884606106044
6967.9002838766609784 25.02860844579333488
6968.1900872335081658 25.029738016775333165
6968.4803967406314769 25.030850743795603819
6968.7721821957902648 25.031950402569400183
6969.0664524204239569 25.033040670626292012
6969.3642668652473731 25.034125161425858863
6969.6667541921824522 25.035207477260936315
6969.9751486208197093 25.03629131532710872
6970.2908261885359025 25.037380557760442912
6970.615347803419354 25.038479368325617713
6970.9398715117540632 25.039557310727442285
6971.2644042339461521 25.04061477142673553
6971.5895660554415372 25.041654077931735145
6971.9164870779122793 25.04267899274291409
6972.2455461834479138 25.043690726613210273
6972.5756171424454806 25.044685919807282204
6972.9060374542505087 25.045662846203999408
6973.2321127275827166 25.046608362552646554
6973.5556817837496055 25.047528759591781267
6973.8782197275331782 25.048428896630277052
6974.1972309985767424 25.049302539063024398
6974.5135326504987461 25.050152764819344497
6974.827882747210424 25.050982310943961551
6975.1409953752454385 25.051793638152375365
6975.4535849291323757 25.052589062709312628
6975.7662685012610382 25.053370523205980902
6976.079506921140819 25.054139466246962087
6976.3941210534321726 25.054898119939132073
6976.7110618869819518 25.055648882675093603
6977.0312934874209532 25.056394033146347056
6977.3558056658976056 25.057135763513976201
6977.682214019494495 25.05786861691387557
6978.0106613817761172 25.05859305645130064
6978.3415264453733471 25.059310040156141497
6978.6751443717685106 25.060020388650457335
6979.0118654382931709 25.060724918067446509
6979.3424815060434412 25.061404923138304923
6979.6601723770918397 25.062047734866080617
6979.9668490050526088 25.062658717139655096
6980.2641531624058189 25.06324236472555711
6980.5535272758115752 25.063802516601061399
6980.836260076371218 25.064342500020082127
6981.1135223476849205 25.064865240645680444
6981.3864195811665923 25.065373392774876748
6981.6559843014656508 25.065869347794240696
6981.9232485817137785 25.066355385566989611
6982.1892660302701188 25.066833724188722243
6982.4551660983206602 25.067306623031676338
6982.7216238586406689 25.067775455883939628
6982.9898945130680659 25.068242551315840672
6983.2615067969882148 25.068710620557354218
6983.538318050066664 25.069182834516190894
6983.8226456263546424 25.069663024470674628
6984.11387063044549 25.070150001903243719
6984.4036265873664888 25.070629875990253055
6984.6926659461332747 25.07110417748185327
6984.9817568469889011 25.07157441257877295
6985.271287562987709 25.072041432790065585
6985.5619730784710555 25.072506590754656486
6985.8545258188451044 25.072971203250837391
6986.149653572671923 25.073436553466539323
6986.4480685966991587 25.073903910800567019
6986.750495501360092 25.074374548297612364
6987.0577158128098745 25.074849816456836749
6987.3705598734713931 25.075331134493424656
6987.6898229091257235 25.075819867231111004
6988.0162412669278638 25.076317297919391791
6988.342170075948161 25.076812031035935036
6988.6639981547050411 25.077298942345969124
6988.9848772259147154 25.077783145661804554
6989.3066971785374335 25.078267799738199528
6989.6316803462805183 25.07875654437614088
6989.9623763256140592 25.079253509388927057
6990.301223307714281 25.079762677780877311
6990.6440378600254917 25.080278120382253348
6990.9902369274650482 25.080799339661890457
6991.3403615131073821 25.081327550319066688
6991.6949656992537712 25.081864016643532267
6992.0530514032734573 25.082407678583301447
6992.4042488937257076 25.082943154819567155
6992.7493421278877577 25.083471880888328798
6993.0890501358444453 25.08399517555423941
6993.4239322687690219 25.084514099326113978
6993.7545916276558273 25.085029772055577268
6994.0815697491461833 25.085543215251583149
6994.4053501045091252 25.086055359719885871
6994.7263601543918412 25.086567050118066646
6995.0449697037201986 25.087079042881075708
6995.3614995875714158 25.087592019935090804
6995.6762213629453981 25.088106587656536561
6995.9893596707806864 25.088623279598316174
6996.3011058828105888 25.089142577702684633
6996.6116482272236681 25.089664962194991205
6996.9210919457973432 25.09019077646328455
6997.2294886771151141 25.090720271727686708
6997.5369004682806917 25.091253714582610002
6997.8433778175267435 25.091791349794640098
6998.1489707938808351 25.092333419516290149
6998.4537227193377475 25.092880152327659005
6998.7576806169408883 25.093431782055038326
6999.0609217910332518 25.093988597678421826
6999.3635051880337414 25.09455085621885928
6999.665498436344933 25.095118832394518904
6999.9669765934622774 25.095692817712116351
7000.2680222927256182 25.09627312215384265
7000.2680222927256182 25.09627312215384265
