# Fix print output for fix log_pen
39003.371808763833542 45.996801294940127036
39003.417309553573432 45.989730227128262641
39003.462810343320598 45.982659159316398245
39003.508311133060488 45.97558809150453385
39003.553811922800378 45.968517023692669454
39003.599312712547544 45.961445955880805059
39003.644813502287434 45.954374888068940663
39003.6903142920346 45.947303820257076268
39003.73581508177449 45.940232752445211872
39003.78131587151438 45.933161684633347477
39003.826816661261546 45.926090616821483081
39003.872317451001436 45.919019549009618686
39003.917818240741326 45.91194848119775429
39003.963319030488492 45.904877413385889895
39004.008819820228382 45.897806345574025499
39004.054320609968272 45.890735277762161104
39004.099821399715438 45.883664209950296708
39004.145322189455328 45.876593142138432313
39004.190822979195218 45.869522074326567918
39004.236323768942384 45.862451006514703522
39004.281824558682274 45.855379938702839127
39004.32732534842944 45.848308870890974731
39004.37282613816933 45.841237803079110336
39004.41832692790922 45.83416673526724594
39004.463827717656386 45.827095667455381545
39004.509328507396276 45.820024599643517149
39004.554829297136166 45.812953531831652754
39004.600330086883332 45.805882464019788358
39004.645830876623222 45.798811396207923963
39004.691331666363112 45.791740328396059567
39004.736832456110278 45.784669260584195172
39004.782333245850168 45.777598192772330776
39004.827834035590058 45.770527124960466381
39004.873334825337224 45.763456057148601985
39004.918835615077114 45.75638498933673759
39004.96433640482428 45.749313921524873194
39005.00983719456417 45.742242853713008799
39005.05533798430406 45.735171785901144403
39005.100838774051226 45.728100718089280008
39005.146339563791116 45.721029650277415612
39005.191840353531006 45.713958582465551217
39005.237341143278172 45.706887514653686821
39005.282841933018062 45.699816446841822426
39005.328342722757952 45.692745379029958031
39005.373843512505118 45.685674311218093635
39005.419344302245008 45.67860324340622924
39005.464845091984898 45.671532175594364844
39005.510345881732064 45.664461107782500449
39005.555846671471954 45.657390039970636053
39005.60134746121912 45.650318972158771658
39005.64684825095901 45.643247904346907262
39005.6923490406989 45.636176836535042867
39005.737849830446066 45.629105768723178471
39005.783350620185956 45.622034700911314076
39005.828851409925846 45.61496363309944968
39005.874352199673012 45.607892565287585285
39005.919852989412902 45.600821497475720889
39005.965353779152792 45.593750429663856494
39006.010854568899958 45.586679361851992098
39006.056355358639848 45.579608294040127703
39006.101856148379738 45.572537226228263307
39006.147356938126904 45.565466158416398912
39006.192857727866794 45.558395090604534516
39006.23835851761396 45.551324022792670121
39006.28385930735385 45.544252954980805725
39006.32936009709374 45.53718188716894133
39006.374860886840906 45.530110819357076934
39006.420361676580796 45.523039751545212539
39006.465862466320687 45.515968683733348144
39006.511363256067852 45.508897615921483748
39006.556864045807743 45.501826548109619353
39006.602364835547633 45.494755480297754957
39006.647865625294799 45.487684412485890562
39006.693366415034689 45.480613344674026166
39006.738867204781855 45.473542276862161771
39006.784367994521745 45.466471209050297375
39006.829868784261635 45.45940014123843298
39006.875369574008801 45.452329073426568584
39006.920870363748691 45.445258005614704189
39006.966371153488581 45.438186937802839793
39007.011871943235747 45.431115869990975398
39007.057372732975637 45.424044802179111002
39007.102873522715527 45.416973734367246607
39007.148374312462693 45.409902666555382211
39007.193875102202583 45.402831598743517816
39007.239375891942473 45.39576053093165342
39007.284876681689639 45.388689463119789025
39007.330377471429529 45.381618395307924629
39007.375878261176695 45.374547327496060234
39007.421379050916585 45.367476259684195838
39007.466879840656475 45.360405191872331443
39007.512380630403641 45.353334124060467047
39007.557881420143531 45.346263056248602652
39007.603382209883421 45.339191988436738256
39007.648882999630587 45.332120920624873861
39007.694383789370477 45.325049852813009466
39007.739884579110367 45.31797878500114507
39007.785385368857533 45.310907717189280675
39007.830886158597423 45.303836649377416279
39007.876386948337313 45.296765581565551884
39007.921887738084479 45.289694513753687488
39007.967388527824369 45.282623445941823093
39008.012889317571535 45.275552378129958697
39008.058390107311425 45.268481310318094302
39008.103890897051315 45.261410242506229906
39008.149391686798481 45.254339174694365511
39008.194892476538371 45.247268106882501115
39008.240393266278261 45.24019703907063672
39008.285894056025427 45.233125971258772324
39008.331394845765317 45.226054903446907929
39008.376895635505207 45.218983835635043533
39008.422396425252373 45.211912767823179138
39008.467897214992263 45.204841700011314742
39008.513398004732153 45.197770632199450347
39008.558898794479319 45.190699564387585951
39008.604399584219209 45.183628496575721556
39008.649900373966375 45.17655742876385716
39008.695401163706265 45.169486360951992765
39008.740901953446155 45.162415293140128369
39008.786402743193321 45.155344225328263974
39008.831903532933211 45.148273157516399579
39008.877404322673101 45.141202089704535183
39008.922905112420267 45.134131021892670788
39008.968405902160157 45.127059954080806392
39009.013906691900047 45.119988886268941997
39009.059407481647213 45.112917818457077601
39009.104908271387103 45.105846750645213206
39009.150409061126993 45.09877568283334881
39009.195909850874159 45.091704615021484415
39009.241410640614049 45.084633547209620019
39009.286911430361215 45.077562479397755624
39009.332412220101105 45.070491411585891228
39009.377913009840995 45.063420343774026833
39009.423413799588161 45.056349275962162437
39009.468914589328051 45.049278208150298042
39009.514415379067941 45.042207140338433646
39009.559916168815107 45.035136072526569251
39009.605416958554997 45.028065004714704855
39009.650917748294887 45.02099393690284046
39009.696418538042053 45.013922869090976064
39009.741919327781943 45.006851801279111669
39009.787420117529109 44.999780733467247273
39009.832920907268999 44.992709665655382878
39009.878421697008889 44.985638597843518482
39009.923922486756055 44.978567530031654087
39009.969423276495945 44.971496462219789692
39010.014924066235835 44.964425394407925296
39010.060424855983001 44.957354326596060901
39010.105925645722891 44.950283258784196505
39010.151426435462781 44.94321219097233211
39010.196927225209947 44.936141123160467714
39010.242428014949837 44.929070055348603319
39010.287928804689727 44.921998987536738923
39010.333429594436893 44.914927919724874528
39010.378930384176783 44.907856851913010132
39010.424431173923949 44.900785784101145737
39010.469931963663839 44.893714716289281341
39010.515432753403729 44.886643648477416946
39010.560933543150895 44.87957258066555255
39010.606434332890785 44.872501512853688155
39010.651935122630675 44.865430445041823759
39010.697435912377841 44.858359377229959364
39010.742936702117731 44.851288309418094968
39010.788437491857621 44.844217241606230573
39010.833938281604787 44.837146173794366177
39010.879439071344677 44.830075105982501782
39010.924939861084567 44.823004038170637386
39010.970440650831733 44.815932970358772991
39011.015941440571623 44.808861902546908595
39011.061442230318789 44.8017908347350442
39011.106943020058679 44.794719766923179805
39011.152443809798569 44.787648699111315409
39011.197944599545735 44.780577631299451014
39011.243445389285625 44.773506563487586618
39011.288946179025515 44.766435495675722223
39011.334446968772681 44.759364427863857827
39011.379947758512571 44.752293360051993432
39011.425448548252461 44.745222292240129036
39011.470949337999627 44.738151224428264641
39011.516450127739517 44.731080156616400245
39011.561950917479408 44.72400908880453585
39011.607451707226573 44.716938020992671454
39011.652952496966464 44.709866953180807059
39011.698453286713629 44.702795885368942663
39011.74395407645352 44.695724817557078268
39011.78945486619341 44.688653749745213872
39011.834955655940576 44.681582681933349477
39011.880456445680466 44.674511614121485081
39011.925957235420356 44.667440546309620686
39011.971458025167522 44.66036947849775629
39012.016958814907412 44.653298410685891895
39012.062459604647302 44.646227342874027499
39012.107960394394468 44.639156275062163104
39012.153461184134358 44.632085207250298708
39012.198961973874248 44.625014139438434313
39012.244462763621414 44.617943071626569917
39012.289963553361304 44.610872003814705522
39012.33546434310847 44.603800936002841127
39012.38096513284836 44.596729868190976731
39012.42646592258825 44.589658800379112336
39012.471966712335416 44.58258773256724794
39012.517467502075306 44.575516664755383545
39012.562968291815196 44.568445596943519149
39012.608469081562362 44.561374529131654754
39012.653969871302252 44.554303461319790358
39012.699470661042142 44.547232393507925963
39012.744971450789308 44.540161325696061567
39012.790472240529198 44.533090257884197172
39012.835973030276364 44.526019190072332776
39012.881473820016254 44.518948122260468381
39012.926974609756144 44.511877054448603985
39012.97247539950331 44.50480598663673959
39013.0179761892432 44.497734918824875194
39013.06347697898309 44.490663851013010799
39013.108977768730256 44.483592783201146403
39013.154478558470146 44.476521715389282008
39013.199979348210036 44.469450647577417612
39013.245480137957202 44.462379579765553217
39013.290980927697092 44.455308511953688821
39013.336481717436982 44.448237444141824426
39013.381982507184148 44.44116637632996003
39013.427483296924038 44.434095308518095635
39013.472984086671204 44.42702424070623124
39013.518484876411094 44.419953172894366844
39013.563985666150984 44.412882105082502449
39013.60948645589815 44.405811037270638053
39013.65498724563804 44.398739969458773658
39013.70048803537793 44.391668901646909262
39013.745988825125096 44.384597833835044867
39013.791489614864986 44.377526766023180471
39013.836990404604876 44.370455698211316076
39013.882491194352042 44.36338463039945168
39013.927991984091932 44.356313562587587285
39013.973492773831822 44.349242494775722889
39014.018993563578988 44.342171426963858494
39014.064494353318878 44.335100359151994098
39014.109995143066044 44.328029291340129703
39014.155495932805934 44.320958223528265307
39014.200996722545824 44.313887155716400912
39014.24649751229299 44.306816087904536516
39014.29199830203288 44.299745020092672121
39014.33749909177277 44.292673952280807725
39014.382999881519936 44.28560288446894333
39014.428500671259826 44.278531816657078934
39014.474001460999716 44.271460748845214539
39014.519502250746882 44.264389681033350143
39014.565003040486772 44.257318613221485748
39014.610503830226662 44.250247545409621353
39014.656004619973828 44.243176477597756957
39014.701505409713718 44.236105409785892562
39014.747006199460884 44.229034341974028166
39014.792506989200774 44.221963274162163771
39014.838007778940664 44.214892206350299375
39014.88350856868783 44.20782113853843498
39014.92900935842772 44.200750070726570584
39014.97451014816761 44.193679002914706189
39015.020010937914776 44.186607935102841793
39015.065511727654666 44.179536867290977398
39015.111012517394556 44.172465799479113002
39015.156513307141722 44.165394731667248607
39015.202014096881612 44.158323663855384211
39015.247514886621502 44.151252596043519816
39015.293015676368668 44.14418152823165542
39015.338516466108558 44.137110460419791025
39015.384017255855724 44.130039392607926629
39015.429518045595614 44.122968324796062234
39015.475018835335504 44.115897256984197838
39015.52051962508267 44.108826189172333443
39015.56602041482256 44.101755121360469047
39015.61152120456245 44.094684053548604652
39015.657021994309616 44.087612985736740256
39015.702522784049506 44.080541917924875861
39015.748023573789396 44.073470850113011466
39015.793524363536562 44.06639978230114707
39015.839025153276452 44.059328714489282675
39015.884525943023618 44.052257646677418279
39015.930026732763508 44.045186578865553884
39015.975527522503398 44.038115511053689488
39016.021028312250564 44.031044443241825093
39016.066529101990454 44.023973375429960697
39016.112029891730344 44.016902307618096302
39016.15753068147751 44.009831239806231906
39016.2030314712174 44.002760171994367511
39016.24853226095729 43.995689104182503115
39016.294033050704456 43.98861803637063872
39016.339533840444346 43.981546968558774324
39016.385034630184236 43.974475900746909929
39016.430535419931402 43.967404832935045533
39016.476036209671292 43.960333765123181138
39016.521536999418458 43.953262697311316742
39016.567037789158348 43.946191629499452347
39016.612538578898238 43.939120561687587951
39016.658039368645404 43.932049493875723556
39016.703540158385294 43.92497842606385916
39016.749040948125185 43.917907358251994765
39016.79454173787235 43.910836290440130369
39016.840042527612241 43.903765222628265974
39016.885543317352131 43.896694154816401579
39016.931044107099297 43.889623087004537183
39016.976544896839187 43.882552019192672788
39017.022045686579077 43.875480951380808392
39017.067546476326243 43.868409883568943997
39017.113047266066133 43.861338815757079601
39017.158548055813299 43.854267747945215206
39017.204048845553189 43.84719668013335081
39017.249549635293079 43.840125612321486415
39017.295050425040245 43.833054544509622019
39017.340551214780135 43.825983476697757624
39017.386052004520025 43.818912408885893228
39017.431552794267191 43.811841341074028833
39017.477053584007081 43.804770273262164437
39017.522554373746971 43.797699205450300042
39017.568055163494137 43.790628137638435646
39017.613555953234027 43.783557069826571251
39017.659056742973917 43.776486002014706855
39017.704557532721083 43.76941493420284246
39017.750058322460973 43.762343866390978064
39017.795559112208139 43.755272798579113669
39017.841059901948029 43.748201730767249273
39017.886560691687919 43.741130662955384878
39017.932061481435085 43.734059595143520482
39017.977562271174975 43.726988527331656087
39018.023063060914865 43.719917459519791691
39018.068563850662031 43.712846391707927296
39018.114064640401921 43.705775323896062901
39018.159565430141811 43.698704256084198505
39018.205066219888977 43.69163318827233411
39018.250567009628867 43.684562120460469714
39018.296067799368757 43.677491052648605319
39018.341568589115923 43.670419984836740923
39018.387069378855813 43.663348917024876528
39018.432570168602979 43.656277849213012132
39018.478070958342869 43.649206781401147737
39018.523571748082759 43.642135713589283341
39018.569072537829925 43.635064645777418946
39018.614573327569815 43.62799357796555455
39018.660074117309705 43.620922510153690155
39018.705574907056871 43.613851442341825759
39018.751075696796761 43.606780374529961364
39018.796576486536651 43.599709306718096968
39018.842077276283817 43.592638238906232573
39018.887578066023707 43.585567171094368177
39018.933078855770873 43.578496103282503782
39018.978579645510763 43.571425035470639386
39019.024080435250653 43.564353967658774991
39019.069581224997819 43.557282899846910595
39019.115082014737709 43.5502118320350462
39019.160582804477599 43.543140764223181804
39019.206083594224765 43.536069696411317409
39019.251584383964655 43.528998628599453014
39019.297085173704545 43.521927560787588618
39019.342585963451711 43.514856492975724223
39019.388086753191601 43.507785425163859827
39019.433587542931491 43.500714357351995432
39019.479088332678657 43.493643289540131036
39019.524589122418547 43.486572221728266641
39019.570089912165713 43.479501153916402245
39019.615590701905603 43.47243008610453785
39019.661091491645493 43.465359018292673454
39019.706592281392659 43.458287950480809059
39019.752093071132549 43.451216882668944663
39019.797593860872439 43.444145814857080268
39019.843094650619605 43.437074747045215872
39019.888595440359495 43.430003679233351477
39019.934096230099385 43.422932611421487081
39019.979597019846551 43.415861543609622686
39020.025097809586441 43.40879047579775829
39020.070598599326331 43.401719407985893895
39020.116099389073497 43.394648340174029499
39020.161600178813387 43.387577272362165104
39020.207100968560553 43.380506204550300708
39020.252601758300443 43.373435136738436313
39020.298102548040333 43.366364068926571917
39020.343603337787499 43.359293001114707522
39020.389104127527389 43.352221933302843127
39020.434604917267279 43.345150865490978731
39020.480105707014445 43.338079797679114336
39020.525606496754335 43.33100872986724994
39020.571107286494225 43.323937662055385545
39020.616608076241391 43.316866594243521149
39020.662108865981281 43.309795526431656754
39020.707609655721171 43.302724458619792358
39020.753110445468337 43.295653390807927963
39020.798611235208227 43.288582322996063567
39020.844112024955393 43.281511255184199172
39020.889612814695283 43.274440187372334776
39020.935113604435173 43.267369119560470381
39020.980614394182339 43.260298051748605985
39021.026115183922229 43.25322698393674159
39021.071615973662119 43.246155916124877194
39021.117116763409285 43.239084848313012799
39021.162617553149175 43.232013780501148403
39021.208118342889065 43.224942712689284008
39021.253619132636231 43.217871644877419612
39021.299119922376121 43.210800577065555217
39021.344620712116011 43.203729509253690821
39021.390121501863177 43.196658441441826426
39021.435622291603067 43.18958737362996203
39021.481123081350233 43.182516305818097635
39021.526623871090123 43.17544523800623324
39021.572124660830013 43.168374170194368844
39021.617625450577179 43.161303102382504449
39021.663126240317069 43.154232034570640053
39021.708627030056959 43.147160966758775658
39021.754127819804125 43.140089898946911262
39021.799628609544015 43.133018831135046867
39021.845129399283906 43.125947763323182471
39021.890630189031071 43.118876695511318076
39021.936130978770962 43.11180562769945368
39021.981631768518128 43.104734559887589285
39022.027132558258018 43.097663492075724889
39022.072633347997908 43.090592424263860494
39022.118134137745074 43.083521356451996098
39022.163634927484964 43.076450288640131703
39022.209135717224854 43.069379220828267307
39022.25463650697202 43.062308153016402912
39022.30013729671191 43.055237085204538516
39022.3456380864518 43.048166017392674121
39022.391138876198966 43.041094949580809725
39022.436639665938856 43.03402388176894533
39022.482140455678746 43.026952813957080934
39022.527641245425912 43.019881746145216539
39022.573142035165802 43.012810678333352143
39022.618642824912968 43.005739610521487748
39022.664143614652858 42.998668542709623352
39022.709644404392748 42.991597474897758957
39022.755145194139914 42.984526407085894562
39022.800645983879804 42.977455339274030166
39022.846146773619694 42.970384271462165771
39022.89164756336686 42.963313203650301375
39022.93714835310675 42.95624213583843698
39022.98264914284664 42.949171068026572584
39023.028149932593806 42.942100000214708189
39023.073650722333696 42.935028932402843793
39023.119151512073586 42.927957864590979398
39023.164652301820752 42.920886796779115002
39023.210153091560642 42.913815728967250607
39023.255653881307808 42.906744661155386211
39023.301154671047698 42.899673593343521816
39023.346655460787588 42.89260252553165742
39023.392156250534754 42.885531457719793025
39023.437657040274644 42.878460389907928629
39023.483157830014534 42.871389322096064234
39023.5286586197617 42.864318254284199838
39023.57415940950159 42.857247186472335443
39023.61966019924148 42.850176118660471047
39023.665160988988646 42.843105050848606652
39023.710661778728536 42.836033983036742256
39023.756162568468426 42.828962915224877861
39023.801663358215592 42.821891847413013465
39023.847164147955482 42.81482077960114907
39023.892664937702648 42.807749711789284675
39023.938165727442538 42.800678643977420279
39023.983666517182428 42.793607576165555884
39024.029167306929594 42.786536508353691488
39024.074668096669484 42.779465440541827093
39024.120168886409374 42.772394372729962697
39024.16566967615654 42.765323304918098302
39024.21117046589643 42.758252237106233906
39024.25667125563632 42.751181169294369511
39024.302172045383486 42.744110101482505115
39024.347672835123376 42.73703903367064072
39024.393173624863266 42.729967965858776324
39024.438674414610432 42.722896898046911929
39024.484175204350322 42.715825830235047533
39024.529675994097488 42.708754762423183138
39024.575176783837378 42.701683694611318742
39024.620677573577268 42.694612626799454347
39024.666178363324434 42.687541558987589951
39024.711679153064324 42.680470491175725556
39024.757179942804214 42.67339942336386116
39024.80268073255138 42.666328355551996765
39024.84818152229127 42.659257287740132369
39024.89368231203116 42.652186219928267974
39024.939183101778326 42.645115152116403578
39024.984683891518216 42.638044084304539183
39025.030184681265382 42.630973016492674788
39025.075685471005272 42.623901948680810392
39025.121186260745162 42.616830880868945997
39025.166687050492328 42.609759813057081601
39025.212187840232218 42.602688745245217206
39025.257688629972108 42.59561767743335281
39025.303189419719274 42.588546609621488415
39025.348690209459164 42.581475541809624019
39025.394190999199054 42.574404473997759624
39025.43969178894622 42.567333406185895228
39025.48519257868611 42.560262338374030833
39025.530693368426 42.553191270562166437
39025.576194158173166 42.546120202750302042
39025.621694947913056 42.539049134938437646
39025.667195737660222 42.531978067126573251
39025.712696527400112 42.524906999314708855
39025.758197317140002 42.51783593150284446
39025.803698106887168 42.510764863690980064
39025.849198896627058 42.503693795879115669
39025.894699686366948 42.496622728067251273
39025.940200476114114 42.489551660255386878
39025.985701265854004 42.482480592443522482
39026.031202055593894 42.475409524631658087
39026.07670284534106 42.468338456819793691
39026.12220363508095 42.461267389007929296
39026.16770442482084 42.454196321196064901
39026.213205214568006 42.447125253384200505
39026.258706004307896 42.44005418557233611
39026.304206794055062 42.432983117760471714
39026.349707583794952 42.425912049948607319
39026.395208373534842 42.418840982136742923
39026.440709163282008 42.411769914324878528
39026.486209953021898 42.404698846513014132
39026.531710742761788 42.397627778701149737
39026.577211532508954 42.390556710889285341
39026.622712322248844 42.383485643077420946
39026.668213111988734 42.37641457526555655
39026.7137139017359 42.369343507453692155
39026.75921469147579 42.362272439641827759
39026.80471548121568 42.355201371829963364
39026.850216270962846 42.348130304018098968
39026.895717060702736 42.341059236206234573
39026.941217850449902 42.333988168394370177
39026.986718640189792 42.326917100582505782
39027.032219429929683 42.319846032770641386
39027.077720219676849 42.312774964958776991
39027.123221009416739 42.305703897146912595
39027.168721799156629 42.2986328293350482
39027.214222588903795 42.291561761523183804
39027.259723378643685 42.284490693711319409
39027.305224168383575 42.277419625899455013
39027.350724958130741 42.270348558087590618
39027.396225747870631 42.263277490275726223
39027.441726537610521 42.256206422463861827
39027.487227327357687 42.249135354651997432
39027.532728117097577 42.242064286840133036
39027.578228906844743 42.234993219028268641
39027.623729696584633 42.227922151216404245
39027.669230486324523 42.22085108340453985
39027.714731276071689 42.213780015592675454
39027.760232065811579 42.206708947780811059
39027.805732855551469 42.199637879968946663
39027.851233645298635 42.192566812157082268
39027.896734435038525 42.185495744345217872
39027.942235224778415 42.178424676533353477
39027.987736014525581 42.171353608721489081
39028.033236804265471 42.164282540909624686
39028.078737594012637 42.15721147309776029
39028.124238383752527 42.150140405285895895
39028.169739173492417 42.143069337474031499
39028.215239963239583 42.135998269662167104
39028.260740752979473 42.128927201850302708
39028.306241542719363 42.121856134038438313
39028.351742332466529 42.114785066226573917
39028.397243122206419 42.107713998414709522
39028.442743911946309 42.100642930602845126
39028.488244701693475 42.093571862790980731
39028.533745491433365 42.086500794979116336
39028.579246281173255 42.07942972716725194
39028.624747070920421 42.072358659355387545
39028.670247860660311 42.065287591543523149
39028.715748650407477 42.058216523731658754
39028.761249440147367 42.051145455919794358
39028.806750229887257 42.044074388107929963
39028.852251019634423 42.037003320296065567
39028.897751809374313 42.029932252484201172
39028.943252599114203 42.022861184672336776
39028.988753388861369 42.015790116860472381
39029.034254178601259 42.008719049048607985
39029.079754968341149 42.00164798123674359
39029.125255758088315 41.994576913424879194
39029.170756547828205 41.987505845613014799
39029.216257337568095 41.980434777801150403
39029.261758127315261 41.973363709989286008
39029.307258917055151 41.966292642177421612
39029.352759706802317 41.959221574365557217
39029.398260496542207 41.952150506553692821
39029.443761286282097 41.945079438741828426
39029.489262076029263 41.93800837092996403
39029.534762865769153 41.930937303118099635
39029.580263655509043 41.923866235306235239
39029.625764445256209 41.916795167494370844
39029.671265234996099 41.909724099682506449
39029.716766024735989 41.902653031870642053
39029.762266814483155 41.895581964058777658
39029.807767604223045 41.888510896246913262
39029.853268393962935 41.881439828435048867
39029.898769183710101 41.874368760623184471
39029.944269973449991 41.867297692811320076
39029.989770763197157 41.86022662499945568
39030.035271552937047 41.853155557187591285
39030.080772342676937 41.846084489375726889
39030.126273132424103 41.839013421563862494
39030.171773922163993 41.831942353751998098
39030.217274711903883 41.824871285940133703
39030.262775501651049 41.817800218128269307
39030.308276291390939 41.810729150316404912
39030.353777081130829 41.803658082504540516
39030.399277870877995 41.796587014692676121
39030.444778660617885 41.789515946880811725
39030.490279450357775 41.78244487906894733
39030.535780240104941 41.775373811257082934
39030.581281029844831 41.768302743445218539
39030.626781819591997 41.761231675633354143
39030.672282609331887 41.754160607821489748
39030.717783399071777 41.747089540009625352
39030.763284188818943 41.740018472197760957
39030.808784978558833 41.732947404385896562
39030.854285768298723 41.725876336574032166
39030.899786558045889 41.718805268762167771
39030.945287347785779 41.711734200950303375
39030.990788137525669 41.70466313313843898
39031.036288927272835 41.697592065326574584
39031.081789717012725 41.690520997514710189
39031.127290506759891 41.683449929702845793
39031.172791296499781 41.676378861890981398
39031.218292086239671 41.669307794079117002
39031.263792875986837 41.662236726267252607
39031.309293665726727 41.655165658455388211
39031.354794455466617 41.648094590643523816
39031.400295245213783 41.64102352283165942
39031.445796034953673 41.633952455019795025
39031.491296824693563 41.626881387207930629
39031.536797614440729 41.619810319396066234
39031.582298404180619 41.612739251584201838
39031.627799193920509 41.605668183772337443
39031.673299983667675 41.598597115960473047
39031.718800773407565 41.591526048148608652
39031.764301563154731 41.584454980336744256
39031.809802352894621 41.577383912524879861
39031.855303142634511 41.570312844713015465
39031.900803932381677 41.56324177690115107
39031.946304722121567 41.556170709089286674
39031.991805511861457 41.549099641277422279
39032.037306301608623 41.542028573465557884
39032.082807091348513 41.534957505653693488
39032.128307881088404 41.527886437841829093
39032.17380867083557 41.520815370029964697
39032.21930946057546 41.513744302218100302
39032.26481025031535 41.506673234406235906
39032.310311040062516 41.499602166594371511
39032.355811829802406 41.492531098782507115
39032.401312619549572 41.48546003097064272
39032.446813409289462 41.478388963158778324
39032.492314199029352 41.471317895346913929
39032.537814988776518 41.464246827535049533
39032.583315778516408 41.457175759723185138
39032.628816568256298 41.450104691911320742
39032.674317358003464 41.443033624099456347
39032.719818147743354 41.435962556287591951
39032.765318937483244 41.428891488475727556
39032.81081972723041 41.42182042066386316
39032.8563205169703 41.414749352851998765
39032.90182130671019 41.407678285040134369
39032.947322096457356 41.400607217228269974
39032.992822886197246 41.393536149416405578
39033.038323675944412 41.386465081604541183
39033.083824465684302 41.379394013792676787
39033.129325255424192 41.372322945980812392
39033.174826045171358 41.365251878168947997
39033.220326834911248 41.358180810357083601
39033.265827624651138 41.351109742545219206
39033.311328414398304 41.34403867473335481
39033.356829204138194 41.336967606921490415
39033.402329993878084 41.329896539109626019
39033.44783078362525 41.322825471297761624
39033.49333157336514 41.315754403485897228
39033.538832363112306 41.308683335674032833
39033.584333152852196 41.301612267862168437
39033.629833942592086 41.294541200050304042
39033.675334732339252 41.287470132238439646
39033.720835522079142 41.280399064426575251
39033.766336311819032 41.273327996614710855
39033.811837101566198 41.26625692880284646
39033.857337891306088 41.259185860990982064
39033.902838681045978 41.252114793179117669
39033.948339470793144 41.245043725367253273
39033.993840260533034 41.237972657555388878
39034.039341050272924 41.230901589743524482
39034.08484184002009 41.223830521931660087
39034.13034262975998 41.216759454119795691
39034.175843419507146 41.209688386307931296
39034.221344209247036 41.2026173184960669
39034.266844998986926 41.195546250684202505
39034.312345788734092 41.18847518287233811
39034.357846578473982 41.181404115060473714
39034.403347368213872 41.174333047248609319
39034.448848157961038 41.167261979436744923
39034.494348947700928 41.160190911624880528
39034.539849737440818 41.153119843813016132
39034.585350527187984 41.146048776001151737
39034.630851316927874 41.138977708189287341
39034.676352106667764 41.131906640377422946
39034.72185289641493 41.12483557256555855
39034.76735368615482 41.117764504753694155
39034.812854475901986 41.110693436941829759
39034.858355265641876 41.103622369129965364
39034.903856055381766 41.096551301318100968
39034.949356845128932 41.089480233506236573
39034.994857634868822 41.082409165694372177
39035.040358424608712 41.075338097882507782
39035.085859214355878 41.068267030070643386
39035.131360004095768 41.061195962258778991
39035.176860793835658 41.054124894446914595
39035.222361583582824 41.0470538266350502
39035.267862373322714 41.039982758823185804
39035.313363163062604 41.032911691011321409
39035.35886395280977 41.025840623199457013
39035.40436474254966 41.018769555387592618
39035.449865532296826 41.011698487575728223
39035.495366322036716 41.004627419763863827
39035.540867111776606 40.997556351951999432
39035.586367901523772 40.990485284140135036
39035.631868691263662 40.983414216328270641
39035.677369481003552 40.976343148516406245
39035.722870270750718 40.96927208070454185
39035.768371060490608 40.962201012892677454
39035.813871850230498 40.955129945080813059
39035.859372639977664 40.948058877268948663
39035.904873429717554 40.940987809457084268
39035.950374219457444 40.933916741645219872
39035.99587500920461 40.926845673833355477
39036.0413757989445 40.919774606021491081
39036.086876588691666 40.912703538209626686
39036.132377378431556 40.90563247039776229
39036.177878168171446 40.898561402585897895
39036.223378957918612 40.891490334774033499
39036.268879747658502 40.884419266962169104
39036.314380537398392 40.877348199150304708
39036.359881327145558 40.870277131338440313
39036.405382116885448 40.863206063526575917
39036.450882906625338 40.856134995714711522
39036.496383696372504 40.849063927902847126
39036.541884486112394 40.841992860090982731
39036.58738527585956 40.834921792279118336
39036.63288606559945 40.82785072446725394
39036.67838685533934 40.820779656655389545
39036.723887645086506 40.813708588843525149
39036.769388434826396 40.806637521031660754
39036.814889224566286 40.799566453219796358
39036.860390014313452 40.792495385407931963
39036.905890804053342 40.785424317596067567
39036.951391593793232 40.778353249784203172
39036.996892383540398 40.771282181972338776
39037.042393173280288 40.764211114160474381
39037.087893963020178 40.757140046348609985
39037.133394752767344 40.75006897853674559
39037.178895542507234 40.742997910724881194
39037.2243963322544 40.735926842913016799
39037.269897121994291 40.728855775101152403
39037.315397911734181 40.721784707289288008
39037.360898701481347 40.714713639477423612
39037.406399491221237 40.707642571665559217
39037.451900280961127 40.700571503853694821
39037.497401070708293 40.693500436041830426
39037.542901860448183 40.68642936822996603
39037.588402650188073 40.679358300418101635
39037.633903439935239 40.672287232606237239
39037.679404229675129 40.665216164794372844
39037.724905019415019 40.658145096982508448
39037.770405809162185 40.651074029170644053
39037.815906598902075 40.644002961358779658
39037.861407388649241 40.636931893546915262
39037.906908178389131 40.629860825735050867
39037.952408968129021 40.622789757923186471
39037.997909757876187 40.615718690111322076
39038.043410547616077 40.60864762229945768
39038.088911337355967 40.601576554487593285
39038.134412127103133 40.594505486675728889
39038.179912916843023 40.587434418863864494
39038.225413706582913 40.580363351052000098
39038.270914496330079 40.573292283240135703
39038.316415286069969 40.566221215428271307
39038.361916075809859 40.559150147616406912
39038.407416865557025 40.552079079804542516
39038.452917655296915 40.545008011992678121
39038.498418445044081 40.537936944180813725
39038.543919234783971 40.53086587636894933
39038.589420024523861 40.523794808557084934
39038.634920814271027 40.516723740745220539
39038.680421604010917 40.509652672933356143
39038.725922393750807 40.502581605121491748
39038.771423183497973 40.495510537309627352
39038.816923973237863 40.488439469497762957
39038.862424762977753 40.481368401685898561
39038.907925552724919 40.474297333874034166
39038.953426342464809 40.467226266062169771
39038.998927132204699 40.460155198250305375
39039.044427921951865 40.45308413043844098
39039.089928711691755 40.446013062626576584
39039.135429501438921 40.438941994814712189
39039.180930291178811 40.431870927002847793
39039.226431080918701 40.424799859190983398
39039.271931870665867 40.417728791379119002
39039.317432660405757 40.410657723567254607
39039.362933450145647 40.403586655755390211
39039.408434239892813 40.396515587943525816
39039.453935029632703 40.38944452013166142
39039.499435819372593 40.382373452319797025
39039.544936609119759 40.375302384507932629
39039.590437398859649 40.368231316696068234
39039.635938188606815 40.361160248884203838
39039.681438978346705 40.354089181072339443
39039.726939768086595 40.347018113260475047
39039.772440557833761 40.339947045448610652
39039.817941347573651 40.332875977636746256
39039.863442137313541 40.325804909824881861
39039.908942927060707 40.318733842013017465
39039.954443716800597 40.31166277420115307
39039.999944506540487 40.304591706389288674
39040.045445296287653 40.297520638577424279
39040.090946086027543 40.290449570765559884
39040.136446875767433 40.283378502953695488
39040.181947665514599 40.276307435141831093
39040.227448455254489 40.269236367329966697
39040.272949245001655 40.262165299518102302
39040.318450034741545 40.255094231706237906
39040.363950824481435 40.248023163894373511
39040.409451614228601 40.240952096082509115
39040.454952403968491 40.23388102827064472
39040.500453193708381 40.226809960458780324
39040.545953983455547 40.219738892646915929
39040.591454773195437 40.212667824835051533
39040.636955562935327 40.205596757023187138
39040.682456352682493 40.198525689211322742
39040.727957142422383 40.191454621399458347
39040.773457932162273 40.184383553587593951
39040.818958721909439 40.177312485775729556
39040.864459511649329 40.17024141796386516
39040.909960301396495 40.163170350152000765
39040.955461091136385 40.156099282340136369
39041.000961880876275 40.149028214528271974
39041.046462670623441 40.141957146716407578
39041.091963460363331 40.134886078904543183
39041.137464250103221 40.127815011092678787
39041.182965039850387 40.120743943280814392
39041.228465829590277 40.113672875468949997
39041.273966619330167 40.106601807657085601
39041.319467409077333 40.099530739845221206
39041.364968198817223 40.09245967203335681
39041.410468988557113 40.085388604221492415
39041.455969778304279 40.078317536409628019
39041.501470568044169 40.071246468597763624
39041.546971357791335 40.064175400785899228
39041.592472147531225 40.057104332974034833
39041.637972937271115 40.050033265162170437
39041.683473727018281 40.042962197350306042
39041.728974516758171 40.035891129538441646
39041.774475306498061 40.028820061726577251
39041.819976096245227 40.021748993914712855
39041.865476885985117 40.01467792610284846
39041.910977675725007 40.007606858290984064
39041.956478465472173 40.000535790479119669
39042.001979255212063 39.993464722667255273
39042.047480044951953 39.986393654855390878
39042.092980834699119 39.979322587043526482
39042.138481624439009 39.972251519231662087
39042.183982414186175 39.965180451419797691
39042.229483203926065 39.958109383607933296
39042.274983993665955 39.9510383157960689
39042.320484783413121 39.943967247984204505
39042.365985573153012 39.936896180172340109
39042.411486362892902 39.929825112360475714
39042.456987152640068 39.922754044548611319
39042.502487942379958 39.915682976736746923
39042.547988732119848 39.908611908924882528
39042.593489521867014 39.901540841113018132
39042.638990311606904 39.894469773301153737
39042.68449110135407 39.887398705489289341
39042.72999189109396 39.880327637677424946
39042.77549268083385 39.87325656986556055
39042.820993470581016 39.866185502053696155
39042.866494260320906 39.859114434241831759
39042.911995050060796 39.852043366429967364
39042.957495839807962 39.844972298618102968
39043.002996629547852 39.837901230806238573
39043.048497419287742 39.830830162994374177
39043.093998209034908 39.823759095182509782
39043.139498998774798 39.816688027370645386
39043.139498998774798 39.816688027370645386
39043.139498998774798 39.816688027370645386
39043.139498998774798 39.816688027370645386
39043.139498998774798 39.816688027370645386
39043.139498998774798 39.816688027370645386
39043.184999788514688 39.809616959558780991
39043.230500578261854 39.802545891746916595
39043.276001368001744 39.7954748239350522
39043.321502157741634 39.788403756123187804
39043.3670029474888 39.781332688311323409
39043.41250373722869 39.774261620499459013
39043.458004526975856 39.767190552687594618
39043.503505316715746 39.760119484875730222
39043.549006106455636 39.753048417063865827
39043.594506896202802 39.745977349252001432
39043.640007685942692 39.738906281440137036
39043.685508475682582 39.731835213628272641
39043.731009265429748 39.724764145816408245
39043.776510055169638 39.71769307800454385
39043.822010844909528 39.710622010192679454
39043.867511634656694 39.703550942380815059
39043.913012424396584 39.696479874568950663
39043.958513214136474 39.689408806757086268
39044.00401400388364 39.682337738945221872
39044.04951479362353 39.675266671133357477
39044.095015583370696 39.668195603321493081
39044.140516373110586 39.661124535509628686
39044.186017162850476 39.65405346769776429
39044.231517952597642 39.646982399885899895
39044.277018742337532 39.639911332074035499
39044.322519532077422 39.632840264262171104
39044.368020321824588 39.625769196450306708
39044.413521111564478 39.618698128638442313
39044.459021901304368 39.611627060826577917
39044.504522691051534 39.604555993014713522
39044.550023480791424 39.597484925202849126
39044.595524270531314 39.590413857390984731
39044.64102506027848 39.583342789579120335
39044.68652585001837 39.57627172176725594
39044.732026639765536 39.569200653955391545
39044.777527429505426 39.562129586143527149
39044.823028219245316 39.555058518331662754
39044.868529008992482 39.547987450519798358
39044.914029798732372 39.540916382707933963
39044.959530588472262 39.533845314896069567
39045.005031378219428 39.526774247084205172
39045.050532167959318 39.519703179272340776
39045.096032957699208 39.512632111460476381
39045.141533747446374 39.505561043648611985
39045.187034537186264 39.49848997583674759
39045.232535326926154 39.491418908024883194
39045.27803611667332 39.484347840213018799
39045.32353690641321 39.477276772401154403
39045.369037696160376 39.470205704589290008
39045.414538485900266 39.463134636777425612
39045.460039275640156 39.456063568965561217
39045.505540065387322 39.448992501153696821
39045.551040855127212 39.441921433341832426
39045.596541644867102 39.43485036552996803
39045.642042434614268 39.427779297718103635
39045.687543224354158 39.420708229906239239
39045.733044014094048 39.413637162094374844
39045.778544803841214 39.406566094282510448
39045.824045593581104 39.399495026470646053
39045.869546383320994 39.392423958658781658
39045.91504717306816 39.385352890846917262
39045.96054796280805 39.378281823035052867
39046.006048752555216 39.371210755223188471
39046.051549542295106 39.364139687411324076
39046.097050332034996 39.35706861959945968
39046.142551121782162 39.349997551787595285
39046.188051911522052 39.342926483975730889
39046.233552701261942 39.335855416163866494
39046.279053491009108 39.328784348352002098
39046.324554280748998 39.321713280540137703
39046.370055070488888 39.314642212728273307
39046.415555860236054 39.307571144916408912
39046.461056649975944 39.300500077104544516
39046.50655743972311 39.293429009292680121
39046.552058229463 39.286357941480815725
39046.59755901920289 39.27928687366895133
39046.643059808950056 39.272215805857086934
39046.688560598689946 39.265144738045222539
39046.734061388429836 39.258073670233358143
39046.779562178177002 39.251002602421493748
39046.825062967916892 39.243931534609629352
39046.870563757656782 39.236860466797764957
39046.916064547403948 39.229789398985900561
39046.961565337143838 39.222718331174036166
39047.007066126883728 39.21564726336217177
39047.052566916630894 39.208576195550307375
39047.098067706370784 39.20150512773844298
39047.14356849611795 39.194434059926578584
39047.18906928585784 39.187362992114714189
39047.23457007559773 39.180291924302849793
39047.280070865344896 39.173220856490985398
39047.325571655084786 39.166149788679121002
39047.371072444824676 39.159078720867256607
39047.416573234571842 39.152007653055392211
39047.462074024311733 39.144936585243527816
39047.507574814051623 39.13786551743166342
39047.553075603798789 39.130794449619799025
39047.598576393538679 39.123723381807934629
39047.644077183278569 39.116652313996070234
39047.689577973025735 39.109581246184205838
39047.735078762765625 39.102510178372341443
39047.780579552512791 39.095439110560477047
39047.826080342252681 39.088368042748612652
39047.871581131992571 39.081296974936748256
39047.917081921739737 39.074225907124883861
39047.962582711479627 39.067154839313019465
39048.008083501219517 39.06008377150115507
39048.053584290966683 39.053012703689290674
39048.099085080706573 39.045941635877426279
39048.144585870446463 39.038870568065561883
39048.190086660193629 39.031799500253697488
39048.235587449933519 39.024728432441833093
39048.281088239673409 39.017657364629968697
39048.326589029420575 39.010586296818104302
39048.372089819160465 39.003515229006239906
39048.417590608907631 38.996444161194375511
39048.463091398647521 38.989373093382511115
39048.508592188387411 38.98230202557064672
39048.554092978134577 38.975230957758782324
39048.599593767874467 38.968159889946917929
39048.645094557614357 38.961088822135053533
39048.690595347361523 38.954017754323189138
39048.736096137101413 38.946946686511324742
39048.781596926841303 38.939875618699460347
39048.827097716588469 38.932804550887595951
39048.872598506328359 38.925733483075731556
39048.918099296068249 38.91866241526386716
39048.963600085815415 38.911591347452002765
39049.009100875555305 38.904520279640138369
39049.054601665302471 38.897449211828273974
39049.100102455042361 38.890378144016409578
39049.145603244782251 38.883307076204545183
39049.191104034529417 38.876236008392680787
39049.236604824269307 38.869164940580816392
39049.282105614009197 38.862093872768951996
39049.327606403756363 38.855022804957087601
39049.373107193496253 38.847951737145223206
39049.418607983236143 38.84088066933335881
39049.464108772983309 38.833809601521494415
39049.509609562723199 38.826738533709630019
39049.555110352470365 38.819667465897765624
39049.600611142210255 38.812596398085901228
39049.646111931950145 38.805525330274036833
39049.691612721697311 38.798454262462172437
39049.737113511437201 38.791383194650308042
39049.782614301177091 38.784312126838443646
39049.828115090924257 38.777241059026579251
39049.873615880664147 38.770169991214714855
39049.919116670404037 38.76309892340285046
39049.964617460151203 38.756027855590986064
39050.010118249891093 38.748956787779121669
39050.055619039630983 38.741885719967257273
39050.101119829378149 38.734814652155392878
39050.146620619118039 38.727743584343528482
39050.192121408865205 38.720672516531664087
39050.237622198605095 38.713601448719799691
39050.283122988344985 38.706530380907935296
39050.328623778092151 38.6994593130960709
39050.374124567832041 38.692388245284206505
39050.419625357571931 38.685317177472342109
39050.465126147319097 38.678246109660477714
39050.510626937058987 38.671175041848613319
39050.556127726798877 38.664103974036748923
39050.601628516546043 38.657032906224884528
39050.647129306285933 38.649961838413020132
39050.692630096025823 38.642890770601155737
39050.738130885772989 38.635819702789291341
39050.783631675512879 38.628748634977426946
39050.829132465260045 38.62167756716556255
39050.874633254999935 38.614606499353698155
39050.920134044739825 38.607535431541833759
39050.965634834486991 38.600464363729969364
39051.011135624226881 38.593393295918104968
39051.056636413966771 38.586322228106240573
39051.102137203713937 38.579251160294376177
39051.147637993453827 38.572180092482511782
39051.193138783193717 38.565109024670647386
39051.238639572940883 38.558037956858782991
39051.284140362680773 38.550966889046918595
39051.329641152420663 38.5438958212350542
39051.375141942167829 38.536824753423189804
39051.420642731907719 38.529753685611325409
39051.466143521654885 38.522682617799461013
39051.511644311394775 38.515611549987596618
39051.557145101134665 38.508540482175732222
39051.602645890881831 38.501469414363867827
39051.648146680621721 38.494398346552003431
39051.693647470361611 38.487327278740139036
39051.739148260108777 38.480256210928274641
39051.784649049848667 38.473185143116410245
39051.830149839588557 38.46611407530454585
39051.875650629335723 38.459043007492681454
39051.921151419075613 38.451971939680817059
39051.966652208815503 38.444900871868952663
39052.012152998562669 38.437829804057088268
39052.057653788302559 38.430758736245223872
39052.103154578049725 38.423687668433359477
39052.148655367789615 38.416616600621495081
39052.194156157529505 38.409545532809630686
39052.239656947276671 38.40247446499776629
39052.285157737016561 38.395403397185901895
39052.330658526756451 38.388332329374037499
39052.376159316503617 38.381261261562173104
39052.421660106243507 38.374190193750308708
39052.467160895983397 38.367119125938444313
39052.512661685730563 38.360048058126579917
39052.558162475470454 38.352976990314715522
39052.603663265217619 38.345905922502851126
39052.64916405495751 38.338834854690986731
39052.6946648446974 38.331763786879122335
39052.740165634444566 38.32469271906725794
39052.785666424184456 38.317621651255393544
39052.831167213924346 38.310550583443529149
39052.876668003671512 38.303479515631664754
39052.922168793411402 38.296408447819800358
39052.967669583151292 38.289337380007935963
39053.013170372898458 38.282266312196071567
39053.058671162638348 38.275195244384207172
39053.104171952378238 38.268124176572342776
39053.149672742125404 38.261053108760478381
39053.195173531865294 38.253982040948613985
39053.24067432161246 38.24691097313674959
39053.28617511135235 38.239839905324885194
39053.33167590109224 38.232768837513020799
39053.377176690839406 38.225697769701156403
39053.422677480579296 38.218626701889292008
39053.468178270319186 38.211555634077427612
39053.513679060066352 38.204484566265563217
39053.559179849806242 38.197413498453698821
39053.604680639546132 38.190342430641834426
39053.650181429293298 38.18327136282997003
39053.695682219033188 38.176200295018105635
39053.741183008773078 38.169129227206241239
39053.786683798520244 38.162058159394376844
39053.832184588260134 38.154987091582512448
39053.8776853780073 38.147916023770648053
39053.92318616774719 38.140844955958783657
39053.96868695748708 38.133773888146919262
39054.014187747234246 38.126702820335054867
39054.059688536974136 38.119631752523190471
39054.105189326714026 38.112560684711326076
39054.150690116461192 38.10548961689946168
39054.196190906201082 38.098418549087597285
39054.241691695940972 38.091347481275732889
39054.287192485688138 38.084276413463868494
39054.332693275428028 38.077205345652004098
39054.378194065167918 38.070134277840139703
39054.423694854915084 38.063063210028275307
39054.469195644654974 38.055992142216410912
39054.51469643440214 38.048921074404546516
39054.56019722414203 38.041850006592682121
39054.60569801388192 38.034778938780817725
39054.651198803629086 38.02770787096895333
39054.696699593368976 38.020636803157088934
39054.742200383108866 38.013565735345224539
39054.787701172856032 38.006494667533360143
39054.833201962595922 37.999423599721495748
39054.878702752335812 37.992352531909631352
39054.924203542082978 37.985281464097766957
39054.969704331822868 37.978210396285902561
39055.015205121562758 37.971139328474038166
39055.060705911309924 37.96406826066217377
39055.106206701049814 37.956997192850309375
39055.15170749079698 37.94992612503844498
39055.19720828053687 37.942855057226580584
39055.24270907027676 37.935783989414716189
39055.288209860023926 37.928712921602851793
39055.333710649763816 37.921641853790987398
39055.379211439503706 37.914570785979123002
39055.424712229250872 37.907499718167258607
39055.470213018990762 37.900428650355394211
39055.515713808730652 37.893357582543529816
39055.561214598477818 37.88628651473166542
39055.606715388217708 37.879215446919801025
39055.652216177964874 37.872144379107936629
39055.697716967704764 37.865073311296072234
39055.743217757444654 37.858002243484207838
39055.78871854719182 37.850931175672343443
39055.83421933693171 37.843860107860479047
39055.8797201266716 37.836789040048614652
39055.925220916418766 37.829717972236750256
39055.970721706158656 37.822646904424885861
39056.016222495898546 37.815575836613021465
39056.061723285645712 37.80850476880115707
39056.107224075385602 37.801433700989292674
39056.152724865125492 37.794362633177428279
39056.198225654872658 37.787291565365563883
39056.243726444612548 37.780220497553699488
39056.289227234359714 37.773149429741835092
39056.334728024099604 37.766078361929970697
39056.380228813839494 37.759007294118106302
39056.42572960358666 37.751936226306241906
39056.47123039332655 37.744865158494377511
39056.51673118306644 37.737794090682513115
39056.562231972813606 37.73072302287064872
39056.607732762553496 37.723651955058784324
39056.653233552293386 37.716580887246919929
39056.698734342040552 37.709509819435055533
39056.744235131780442 37.702438751623191138
39056.789735921520332 37.695367683811326742
39056.835236711267498 37.688296615999462347
39056.880737501007388 37.681225548187597951
39056.926238290754554 37.674154480375733556
39056.971739080494444 37.66708341256386916
39057.017239870234334 37.660012344752004765
39057.0627406599815 37.652941276940140369
39057.10824144972139 37.645870209128275974
39057.15374223946128 37.638799141316411578
39057.199243029208446 37.631728073504547183
39057.244743818948336 37.624657005692682787
39057.290244608688226 37.617585937880818392
39057.335745398435392 37.610514870068953996
39057.381246188175282 37.603443802257089601
39057.426746977915172 37.596372734445225205
39057.472247767662338 37.58930166663336081
39057.517748557402228 37.582230598821496415
39057.563249347149394 37.575159531009632019
39057.608750136889284 37.568088463197767624
39057.654250926629175 37.561017395385903228
39057.69975171637634 37.553946327574038833
39057.745252506116231 37.546875259762174437
39057.790753295856121 37.539804191950310042
39057.836254085603287 37.532733124138445646
39057.881754875343177 37.525662056326581251
39057.927255665083067 37.518590988514716855
39057.972756454830233 37.51151992070285246
39058.018257244570123 37.504448852890988064
39058.063758034310013 37.497377785079123669
39058.109258824057179 37.490306717267259273
39058.154759613797069 37.483235649455394878
39058.200260403544235 37.476164581643530482
39058.245761193284125 37.469093513831666087
39058.291261983024015 37.462022446019801691
39058.336762772771181 37.454951378207937296
39058.382263562511071 37.4478803103960729
39058.427764352250961 37.440809242584208505
39058.473265141998127 37.433738174772344109
39058.518765931738017 37.426667106960479714
39058.564266721477907 37.419596039148615318
39058.609767511225073 37.412524971336750923
39058.655268300964963 37.405453903524886528
39058.700769090712129 37.398382835713022132
39058.746269880452019 37.391311767901157737
39058.791770670191909 37.384240700089293341
39058.837271459939075 37.377169632277428946
39058.882772249678965 37.37009856446556455
39058.928273039418855 37.363027496653700155
39058.973773829166021 37.355956428841835759
39059.019274618905911 37.348885361029971364
39059.064775408645801 37.341814293218106968
39059.110276198392967 37.334743225406242573
39059.155776988132857 37.327672157594378177
39059.201277777872747 37.320601089782513782
39059.246778567619913 37.313530021970649386
39059.292279357359803 37.306458954158784991
39059.337780147106969 37.299387886346920595
39059.383280936846859 37.2923168185350562
39059.428781726586749 37.285245750723191804
39059.474282516333915 37.278174682911327409
39059.519783306073805 37.271103615099463013
39059.565284095813695 37.264032547287598618
39059.610784885560861 37.256961479475734222
39059.656285675300751 37.249890411663869827
39059.701786465040641 37.242819343852005431
39059.747287254787807 37.235748276040141036
39059.792788044527697 37.228677208228276641
39059.838288834267587 37.221606140416412245
39059.883789624014753 37.21453507260454785
39059.929290413754643 37.207464004792683454
39059.974791203501809 37.200392936980819059
39060.020291993241699 37.193321869168954663
39060.065792782981589 37.186250801357090268
39060.111293572728755 37.179179733545225872
39060.156794362468645 37.172108665733361477
39060.202295152208535 37.165037597921497081
39060.247795941955701 37.157966530109632686
39060.293296731695591 37.15089546229776829
39060.338797521435481 37.143824394485903895
39060.384298311182647 37.136753326674039499
39060.429799100922537 37.129682258862175104
39060.475299890662427 37.122611191050310708
39060.520800680409593 37.115540123238446313
39060.566301470149483 37.108469055426581917
39060.611802259896649 37.101397987614717522
39060.657303049636539 37.094326919802853126
39060.702803839376429 37.087255851990988731
39060.748304629123595 37.080184784179124335
39060.793805418863485 37.07311371636725994
39060.839306208603375 37.066042648555395544
39060.884806998350541 37.058971580743531149
39060.930307788090431 37.051900512931666754
39060.975808577830321 37.044829445119802358
39061.021309367577487 37.037758377307937963
39061.066810157317377 37.030687309496073567
39061.112310947057267 37.023616241684209172
39061.157811736804433 37.016545173872344776
39061.203312526544323 37.009474106060480381
39061.248813316291489 37.002403038248615985
39061.294314106031379 36.99533197043675159
39061.339814895771269 36.988260902624887194
39061.385315685518435 36.981189834813022799
39061.430816475258325 36.974118767001158403
39061.476317264998215 36.967047699189294008
39061.521818054745381 36.959976631377429612
39061.567318844485271 36.952905563565565217
39061.612819634225161 36.945834495753700821
39061.658320423972327 36.938763427941836426
39061.703821213712217 36.93169236012997203
39061.749322003459383 36.924621292318107635
39061.794822793199273 36.917550224506243239
39061.840323582939163 36.910479156694378844
39061.885824372686329 36.903408088882514448
39061.931325162426219 36.896337021070650053
39061.976825952166109 36.889265953258785657
39062.022326741913275 36.882194885446921262
39062.067827531653165 36.875123817635056866
39062.113328321393055 36.868052749823192471
39062.158829111140221 36.860981682011328076
39062.204329900880111 36.85391061419946368
39062.249830690620001 36.846839546387599285
39062.295331480367167 36.839768478575734889
39062.340832270107057 36.832697410763870494
39062.386333059854223 36.825626342952006098
39062.431833849594113 36.818555275140141703
39062.477334639334003 36.811484207328277307
39062.522835429081169 36.804413139516412912
39062.568336218821059 36.797342071704548516
39062.613837008560949 36.790271003892684121
39062.659337798308115 36.783199936080819725
39062.704838588048005 36.77612886826895533
39062.750339377787896 36.769057800457090934
39062.795840167535061 36.761986732645226539
39062.841340957274952 36.754915664833362143
39062.886841747014842 36.747844597021497748
39062.932342536762008 36.740773529209633352
39062.977843326501898 36.733702461397768957
39063.023344116249064 36.726631393585904561
39063.068844905988954 36.719560325774040166
39063.114345695728844 36.71248925796217577
39063.15984648547601 36.705418190150311375
39063.2053472752159 36.698347122338446979
39063.25084806495579 36.691276054526582584
39063.296348854702956 36.684204986714718189
39063.341849644442846 36.677133918902853793
39063.387350434182736 36.670062851090989398
39063.432851223929902 36.662991783279125002
39063.478352013669792 36.655920715467260607
39063.523852803409682 36.648849647655396211
39063.569353593156848 36.641778579843531816
39063.614854382896738 36.63470751203166742
39063.660355172643904 36.627636444219803025
39063.705855962383794 36.620565376407938629
39063.751356752123684 36.613494308596074234
39063.79685754187085 36.606423240784209838
39063.84235833161074 36.599352172972345443
39063.88785912135063 36.592281105160481047
39063.933359911097796 36.585210037348616652
39063.978860700837686 36.578138969536752256
39064.024361490577576 36.571067901724887861
39064.069862280324742 36.563996833913023465
39064.115363070064632 36.55692576610115907
39064.160863859804522 36.549854698289294674
39064.206364649551688 36.542783630477430279
39064.251865439291578 36.535712562665565883
39064.297366229038744 36.528641494853701488
39064.342867018778634 36.521570427041837092
39064.388367808518524 36.514499359229972697
39064.43386859826569 36.507428291418108302
39064.47936938800558 36.500357223606243906
39064.52487017774547 36.493286155794379511
39064.570370967492636 36.486215087982515115
39064.615871757232526 36.47914402017065072
39064.661372546972416 36.472072952358786324
39064.706873336719582 36.465001884546921929
39064.752374126459472 36.457930816735057533
39064.797874916206638 36.450859748923193138
39064.843375705946528 36.443788681111328742
39064.888876495686418 36.436717613299464347
39064.934377285433584 36.429646545487599951
39064.979878075173474 36.422575477675735556
39065.025378864913364 36.41550440986387116
39065.07087965466053 36.408433342052006765
39065.11638044440042 36.401362274240142369
39065.16188123414031 36.394291206428277974
39065.207382023887476 36.387220138616413578
39065.252882813627366 36.380149070804549183
39065.298383603367256 36.373078002992684787
39065.343884393114422 36.366006935180820392
39065.389385182854312 36.358935867368955996
39065.434885972601478 36.351864799557091601
39065.480386762341368 36.344793731745227205
39065.525887552081258 36.33772266393336281
39065.571388341828424 36.330651596121498415
39065.616889131568314 36.323580528309634019
39065.662389921308204 36.316509460497769624
39065.70789071105537 36.309438392685905228
39065.75339150079526 36.302367324874040833
39065.79889229053515 36.295296257062176437
39065.844393080282316 36.288225189250312042
39065.889893870022206 36.281154121438447646
39065.935394659762096 36.274083053626583251
39065.980895449509262 36.267011985814718855
39066.026396239249152 36.25994091800285446
39066.071897028996318 36.252869850190990064
39066.117397818736208 36.245798782379125669
39066.162898608476098 36.238727714567261273
39066.208399398223264 36.231656646755396878
39066.253900187963154 36.224585578943532482
39066.299400977703044 36.217514511131668087
39066.34490176745021 36.210443443319803691
39066.3904025571901 36.203372375507939296
39066.43590334692999 36.1963013076960749
39066.481404136677156 36.189230239884210505
39066.526904926417046 36.182159172072346109
39066.572405716156936 36.175088104260481714
39066.617906505904102 36.168017036448617318
39066.663407295643992 36.160945968636752923
39066.708908085391158 36.153874900824888527
39066.754408875131048 36.146803833013024132
39066.799909664870938 36.139732765201159737
39066.845410454618104 36.132661697389295341
39066.890911244357994 36.125590629577430946
39066.936412034097884 36.11851956176556655
39066.98191282384505 36.111448493953702155
39067.02741361358494 36.104377426141837759
39067.07291440332483 36.097306358329973364
39067.118415193071996 36.090235290518108968
39067.163915982811886 36.083164222706244573
39067.209416772551776 36.076093154894380177
39067.254917562298942 36.069022087082515782
39067.300418352038832 36.061951019270651386
39067.345919141785998 36.054879951458786991
39067.391419931525888 36.047808883646922595
39067.436920721265778 36.0407378158350582
39067.482421511012944 36.033666748023193804
39067.527922300752834 36.026595680211329409
39067.573423090492724 36.019524612399465013
39067.61892388023989 36.012453544587600618
39067.66442466997978 36.005382476775736222
39067.70992545971967 35.998311408963871827
39067.755426249466836 35.991240341152007431
39067.800927039206726 35.984169273340143036
39067.846427828953892 35.97709820552827864
39067.891928618693782 35.970027137716414245
39067.937429408433673 35.96295606990454985
39067.982930198180838 35.955885002092685454
39068.028430987920729 35.948813934280821059
39068.073931777660619 35.941742866468956663
39068.119432567407785 35.934671798657092268
39068.164933357147675 35.927600730845227872
39068.210434146887565 35.920529663033363477
39068.255934936634731 35.913458595221499081
39068.301435726374621 35.906387527409634686
39068.346936516114511 35.89931645959777029
39068.392437305861677 35.892245391785905895
39068.437938095601567 35.885174323974041499
39068.483438885348733 35.878103256162177104
39068.528939675088623 35.871032188350312708
39068.574440464828513 35.863961120538448313
39068.619941254575679 35.856890052726583917
39068.665442044315569 35.849818984914719522
39068.710942834055459 35.842747917102855126
39068.756443623802625 35.835676849290990731
39068.801944413542515 35.828605781479126335
39068.847445203282405 35.82153471366726194
39068.892945993029571 35.814463645855397544
39068.938446782769461 35.807392578043533149
39068.983947572509351 35.800321510231668753
39069.029448362256517 35.793250442419804358
39069.074949151996407 35.786179374607939963
39069.120449941743573 35.779108306796075567
39069.165950731483463 35.772037238984211172
39069.211451521223353 35.764966171172346776
39069.256952310970519 35.757895103360482381
39069.302453100710409 35.750824035548617985
39069.347953890450299 35.74375296773675359
39069.393454680197465 35.736681899924889194
39069.438955469937355 35.729610832113024799
39069.484456259677245 35.722539764301160403
39069.529957049424411 35.715468696489296008
39069.575457839164301 35.708397628677431612
39069.620958628904191 35.701326560865567217
39069.666459418651357 35.694255493053702821
39069.711960208391247 35.687184425241838426
39069.757460998138413 35.68011335742997403
39069.802961787878303 35.673042289618109635
39069.848462577618193 35.665971221806245239
39069.893963367365359 35.658900153994380844
39069.939464157105249 35.651829086182516448
39069.984964946845139 35.644758018370652053
39070.030465736592305 35.637686950558787657
39070.075966526332195 35.630615882746923262
39070.121467316072085 35.623544814935058866
39070.166968105819251 35.616473747123194471
39070.212468895559141 35.609402679311330076
39070.257969685299031 35.60233161149946568
39070.303470475046197 35.595260543687601285
39070.348971264786087 35.588189475875736889
39070.394472054533253 35.581118408063872494
39070.439972844273143 35.574047340252008098
39070.485473634013033 35.566976272440143703
39070.530974423760199 35.559905204628279307
39070.576475213500089 35.552834136816414912
39070.621976003239979 35.545763069004550516
39070.667476792987145 35.538692001192686121
39070.712977582727035 35.531620933380821725
39070.758478372466925 35.52454986556895733
39070.803979162214091 35.517478797757092934
39070.849479951953981 35.510407729945228539
39070.894980741701147 35.503336662133364143
39070.940481531441037 35.496265594321499748
39070.985982321180927 35.489194526509635352
39071.031483110928093 35.482123458697770957
39071.076983900667983 35.475052390885906561
39071.122484690407873 35.467981323074042166
39071.167985480155039 35.46091025526217777
39071.213486269894929 35.453839187450313375
39071.258987059634819 35.446768119638448979
39071.304487849381985 35.439697051826584584
39071.349988639121875 35.432625984014720188
39071.395489428861765 35.425554916202855793
39071.440990218608931 35.418483848390991398
39071.486491008348821 35.411412780579127002
39071.531991798095987 35.404341712767262607
39071.577492587835877 35.397270644955398211
39071.622993377575767 35.390199577143533816
39071.668494167322933 35.38312850933166942
39071.713994957062823 35.376057441519805025
39071.759495746802713 35.368986373707940629
39071.804996536549879 35.361915305896076234
39071.850497326289769 35.354844238084211838
39071.895998116029659 35.347773170272347443
39071.941498905776825 35.340702102460483047
39071.986999695516715 35.333631034648618652
39072.032500485256605 35.326559966836754256
39072.078001275003771 35.319488899024889861
39072.123502064743661 35.312417831213025465
39072.169002854490827 35.30534676340116107
39072.214503644230717 35.298275695589296674
39072.260004433970607 35.291204627777432279
39072.305505223717773 35.284133559965567883
39072.351006013457663 35.277062492153703488
39072.396506803197553 35.269991424341839092
39072.442007592944719 35.262920356529974697
39072.487508382684609 35.255849288718110301
39072.533009172424499 35.248778220906245906
39072.578509962171665 35.241707153094381511
39072.624010751911555 35.234636085282517115
39072.669511541651445 35.22756501747065272
39072.715012331398611 35.220493949658788324
39072.760513121138501 35.213422881846923929
39072.806013910885667 35.206351814035059533
39072.851514700625557 35.199280746223195138
39072.897015490365447 35.192209678411330742
39072.942516280112613 35.185138610599466347
39072.988017069852503 35.178067542787601951
39073.033517859592394 35.170996474975737556
39073.079018649339559 35.16392540716387316
39073.12451943907945 35.156854339352008765
39073.17002022881934 35.149783271540144369
39073.215521018566506 35.142712203728279974
39073.261021808306396 35.135641135916415578
39073.306522598053562 35.128570068104551183
39073.352023387793452 35.121499000292686787
39073.397524177533342 35.114427932480822392
39073.443024967280508 35.107356864668957996
39073.488525757020398 35.100285796857093601
39073.534026546760288 35.093214729045229205
39073.579527336507454 35.08614366123336481
39073.625028126247344 35.079072593421500414
39073.670528915987234 35.072001525609636019
39073.7160297057344 35.064930457797771624
39073.76153049547429 35.057859389985907228
39073.80703128521418 35.050788322174042833
39073.852532074961346 35.043717254362178437
39073.898032864701236 35.036646186550314042
39073.943533654448402 35.029575118738449646
39073.989034444188292 35.022504050926585251
39074.034535233928182 35.015432983114720855
39074.080036023675348 35.00836191530285646
39074.125536813415238 35.001290847490992064
39074.171037603155128 34.994219779679127669
39074.216538392902294 34.987148711867263273
39074.262039182642184 34.980077644055398878
39074.307539972382074 34.973006576243534482
39074.35304076212924 34.965935508431670087
39074.39854155186913 34.958864440619805691
39074.44404234160902 34.951793372807941296
39074.489543131356186 34.9447223049960769
39074.535043921096076 34.937651237184212505
39074.580544710843242 34.930580169372348109
39074.626045500583132 34.923509101560483714
39074.671546290323022 34.916438033748619318
39074.717047080070188 34.909366965936754923
39074.762547869810078 34.902295898124890527
39074.808048659549968 34.895224830313026132
39074.853549449297134 34.888153762501161737
39074.899050239037024 34.881082694689297341
39074.944551028776914 34.874011626877432946
39074.99005181852408 34.86694055906556855
39075.03555260826397 34.859869491253704155
39075.08105339800386 34.852798423441939235
39075.126554187751026 34.845727355630579325
39075.172054977498192 34.83865628782005075
39075.21755576725991 34.831585220010907733
39075.26305655703618 34.82451415220382529
39075.308557346834277 34.817443084399592124
39075.354058136668755 34.810372016599117728
39075.399558926546888 34.803300948803432391
39075.445059716483229 34.796229881013687191
39075.490560506492329 34.789158813231139789
39075.536061296588741 34.782087745457168637
39075.581562086794293 34.775016677693265876
39075.627062877123535 34.767945609941037333
39075.672563667598297 34.760874542202195414
39075.71806445823313 34.753803474478566216
39075.763565249057137 34.746732406772089519
39075.809066040092148 34.739661339084804581
39075.854566831367265 34.732590271418871453
39075.900067622911592 34.725519203776549659
39075.945568414746958 34.718448136160205308
39075.991069206902466 34.711377068572311089
39076.03656999940722 34.70430600101544627
39076.0820707922976 34.697234933492289599
39076.127571585602709 34.690163866005619298
39076.173072379358928 34.683092798558320169
39076.218573173602636 34.676021731153369387
39076.264073968370212 34.668950663793857814
39076.309574763698038 34.66187959648296868
39076.355075559622492 34.654808529223977587
39076.400576356179954 34.647737462020259613
39076.44607715341408 34.640666394875282208
39076.491577951368527 34.6335953277926194
39076.537078750086948 34.626524260775930486
39076.582579549605725 34.619453193828974236
39076.628080349975789 34.61238212695558758
39076.673581151240796 34.605311060159714032
39076.719081953444402 34.598239993445382368
39076.764582756637537 34.591168926816713736
39076.810083560863859 34.584097860277914549
39076.855584366174298 34.577026793833276486
39076.901085172612511 34.569955727487183594
39076.946585980236705 34.562884661244169138
39076.992086789097812 34.555813595109100334
39077.037587599246763 34.5487425290871073
39077.083088410741766 34.541671463183583057
39077.128589223641029 34.534600397404169314
39077.17409003800276 34.52752933175475647
39077.219590853892441 34.520458266241490719
39077.265091671375558 34.513387200870752736
39077.310592490524868 34.506316135649171883
39077.356093311398581 34.49924507058361911
39077.401594134076731 34.49217400568120695
39077.447094958632078 34.485102940949282413
39077.492595785137382 34.478031876395426991
39077.538096613665402 34.470960812027534814
39077.58359744430345 34.463889747853919232
39077.629098277131561 34.456818683883206234
39077.674599112244323 34.449747620124327341
39077.720099949729047 34.442676556586519609
39077.76560078968032 34.435605493279311418
39077.811101632200007 34.428534430212529571
39077.856602477382694 34.42146336739630641
39077.902103325344797 34.41439230484105849
39077.947604176188179 34.40732124255749369
39077.993105030029255 34.400250180556604107
39078.038605886984442 34.393179118849666054
39078.084106747170154 34.386108057448240061
39078.129607610710082 34.379036996364156664
39078.175108477727917 34.371965935609537723
39078.220609348354628 34.364894875196760893
39078.266110222721181 34.357823815138480938
39078.311611100958544 34.350752755447622633
39078.357111983204959 34.343681696137373649
39078.40261286959867 34.336610637221184561
39078.44811376027792 34.329539578712761738
39078.493614655395504 34.322468520626081556
39078.539115555096942 34.31539746297535487
39078.584616459527751 34.30832640577506254
39078.630117368840729 34.301255349039927012
39078.675618283195945 34.294184292784919421
39078.721119202746195 34.287113237025259593
39078.766620127651549 34.280042181776401833
39078.81212105807208 34.272971127054042029
39078.857621994175133 34.265900072874110549
39078.903122936120781 34.258829019252786452
39078.948623884076369 34.251757966206461958
39078.994124838216521 34.244686913751770874
39079.039625798708585 34.237615861905574377
39079.085126765727182 34.230544810684953916
39079.130627739454212 34.223473760107218311
39079.176128720057022 34.216402710189896652
39079.221629707717511 34.209331660950731191
39079.267130702617578 34.202260612407684448
39079.312631704939122 34.195189564578932107
39079.358132714864041 34.188118517482855907
39079.403633732581511 34.181047471138050753
39079.449134758273431 34.173976425563317605
39079.494635792128975 34.166905380777663481
39079.540136834337318 34.159834336800294352
39079.585637885087635 34.152763293650622245
39079.631138944576378 34.145692251348251034
39079.676640012992721 34.13862120991297644
39079.722141090533114 34.13155016936480024
39079.767642177394009 34.124479129723901849
39079.813143273771857 34.117408091010659632
39079.858644379863108 34.110337053245636696
39079.904145495864213 34.103266016449580889
39079.9496466219789 34.096194980643417693
39079.995147758403618 34.089123945848257335
39080.040648905342096 34.08205291208539478
39080.086150062998058 34.074981879376295524
39080.131651231567957 34.067910847742595593
39080.177152411262796 34.060839817206115754
39080.2226536022863 34.053768787788833095
39080.268154804834921 34.046697759512909442
39080.313656019126938 34.039626732400662945
39080.359157245358801 34.03255570647483097
39080.404658483741514 34.025484681758598526
39080.450159734493354 34.018413658275562739
39080.495660997825325 34.01134263604971153
39080.54116227394843 34.00427161510540941
39080.586663563088223 33.997200595467404582
39080.632164865462983 33.99012957716083605
39080.677666181290988 33.983058560211212296
39080.723167510805069 33.975987544644418392
39080.768668854230782 33.968916530486701788
39080.81417021179368 33.961845517764679414
39080.859671583726595 33.954774506505323473
39080.905172970262356 33.947703496735968542
39080.950674371633795 33.940632488484297369
39080.996175788081018 33.933561481778390601
39081.041677219844132 33.926490476646939953
39081.087178667163244 33.919419473119098996
39081.132680130285735 33.912348471224468938
39081.17818160947354 33.905277470993084421
39081.223683104974043 33.898206472455420624
39081.269184617049177 33.891135475642364838
39081.314686145968153 33.884064480585244894
39081.360187691992905 33.87699348731580784
39081.405689255399921 33.869922495866205736
39081.451190836458409 33.862851506269002755
39081.496692435452132 33.85578051855718229
39081.542194052664854 33.84870953276412564
39081.587695688380336 33.841638548923604901
39081.633197342889616 33.834567567069804284
39081.678699016483733 33.827496587237284587
39081.724200709461002 33.820425609461004512
39081.769702422119735 33.813354633776299352
39081.815204154758248 33.806283660218888087
39081.860705907682132 33.799212688824859185
39081.906207681204251 33.792141719630684804
39081.95170947562292 33.785070752673284744
39081.997211291258282 33.77799978799030356
39082.042713128430478 33.770928825619954239
39082.088214987466927 33.763857865600996888
39082.133716868695046 33.756786907972745837
39082.179218772442255 33.749715952775069638
39082.224720699057798 33.742645000048355541
39082.270222648883646 33.735574049833545018
39082.315724622261769 33.728503102172091133
39082.361226619548688 33.721432157105979854
39082.406728641100926 33.714361214677708745
39082.452230687282281 33.707290274930301166
39082.49773275845655 33.700219337907277861
39082.543234854994807 33.693148403652664058
39082.588736977275403 33.68607747221098947
39082.63423912566941 33.679006543627274084
39082.679741300555179 33.67193561794706369
39082.725243502318335 33.66486469521644409
39082.770745731351781 33.657793775482026888
39082.816247988048417 33.650722858790949488
39082.861750272801146 33.643651945190867991
39082.907252586010145 33.636581034729942985
39082.952754928075592 33.629510127456839541
39082.998257299412217 33.622439223420741428
39083.043759700420196 33.615368322671315582
39083.089262131514261 33.608297425258733426
39083.134764593109139 33.601226531233649553
39083.180267085626838 33.594155640647208827
39083.225769609489362 33.587084753551039285
39083.271272165118717 33.580013869997237919
39083.316774752936908 33.572942990038384892
39083.362277373373217 33.565872113727529324
39083.407780026864202 33.558801241118175085
39083.453282713839144 33.551730372264294999
39083.4987854347346 33.544659507220323746
39083.544288189994404 33.537588646041129437
39083.589790980055113 33.530517788782049138
39083.635293805353285 33.52344693549885335
39083.680796666340029 33.516376086247760213
39083.726299563451903 33.509305241085414195
39083.771802497147291 33.5022344000689003
39083.817305467862752 33.49516356325573696
39083.862808476056671 33.488092730703854727
39083.908311522180156 33.481021902471610474
39083.953814606684318 33.473951078617787402
39083.999317730020266 33.466880259201566616
39084.044820892646385 33.459809444282555546
39084.09032409502106 33.45273863392075242
39084.135827337602677 33.445667828176567582
39084.181330620849621 33.438597027110809279
39084.226833945213002 33.431526230784669451
39084.272337311158481 33.424455439259752154
39084.317840719151718 33.417384652598030925
39084.363344169643824 33.4103138708618701
39084.40884766310046 33.403243094114017708
39084.454351199987286 33.396172322417598366
39084.499854780762689 33.389101555836106172
39084.54535840589233 33.382030794433404708
39084.590862075841869 33.374960038273734142
39084.636365791069693 33.367889287421746758
39084.681869552041462 33.36081854194293328
39084.727373359230114 33.353747801903587344
39084.772877213108586 33.346677067370663394
39084.818381114157091 33.33960633841176957
39084.863885062855843 33.332535615095167714
39084.90938905969233 33.325464897489759153
39084.954893105168594 33.318394185665091811
39085.0003971997794 33.311323479691345995
39085.045901344019512 33.304252779639334392
39085.091405538398249 33.297182085580480759
39085.136909783432202 33.290111397586841235
39085.182414079623413 33.283040715731118553
39085.227918427495752 33.275970040086704671
39085.273422827573086 33.268899370727638143
39085.318927280372009 33.261828707728611221
39085.364431786430941 33.254758051164976962
39085.409936346273753 33.247687401112720806
39085.455440960438864 33.240616757648474788
39085.500945629464695 33.233546120849503325
39085.546450353889668 33.226475490793703216
39085.591955134266755 33.219404867559589434
39085.637459971134376 33.212334251226302229
39085.682964865045506 33.205263641873592917
39085.728469816553115 33.198193039581823882
39085.773974826217454 33.191122444431961469
39085.819479894591495 33.184051856505575984
39085.864985022235487 33.176981275884834588
39085.910490209709678 33.169910702652479983
39085.955995457581594 33.162840136891858833
39086.001500766411482 33.15576957868689334
39086.047006136774144 33.148699028122074139
39086.092511569237104 33.141628485282474514
39086.138017064375163 33.134557950253729075
39086.183522622755845 33.127487423122033761
39086.229028244953952 33.120416903974138734
39086.274533931551559 33.113346392897355486
39086.320039683116192 33.106275889979535521
39086.365545500237204 33.09920539530907746
39086.411051383482118 33.092134908974919938
39086.456557333440287 33.085064431066534496
39086.502063350686512 33.077993961673925583
39086.54756943580287 33.070923500887616342
39086.593075589371438 33.063853048798662826
39086.638581811981567 33.056782605498995053
39086.684088104215334 33.049712171081402801
39086.729594466662093 33.042641745639436124
39086.775100899918471 33.03557132926740536
39086.820607404588372 33.028500922060374023
39086.866113981268427 33.021430524114144589
39086.911620630562538 33.014360135525265605
39086.957127353081887 33.007289756391017477
39087.002634149430378 33.000219386809398259
39087.048141020226467 32.993149026879137864
39087.093647966088611 32.986078676699683854
39087.139154987635266 32.979008336371308019
39087.184662085492164 32.971938005995056642
39087.230169260285038 32.964867685672729181
39087.27567651263962 32.957797375506892479
39087.321183843196195 32.950727075600852345
39087.366691252587771 32.943656786058646446
39087.412198741454631 32.936586506985065625
39087.457706310437061 32.929516238485625479
39087.50321396018262 32.922445980666566356
39087.548721691338869 32.915375733634846256
39087.594229504560644 32.908305497498155034
39087.639737400495505 32.901235272364885986
39087.685245379805565 32.894165058344135844
39087.730753443145659 32.887094855545733196
39087.776261591177899 32.880024664080302443
39087.821769824564399 32.87295448405924958
39087.867278143967269 32.865884315594755094
39087.912786550055898 32.858814158799773963
39087.958295043506951 32.851744013788035659
39088.003803624989814 32.844673880674022826
39088.049312295173877 32.83760375957297839
39088.094821054743079 32.83053365060090556
39088.140329904374084 32.823463553874560716
39088.185838844743557 32.816393469511439207
39088.231347876535438 32.809323397629789554
39088.276857000433665 32.802253338348741352
39088.322366217129456 32.795183291788283952
39088.367875527306751 32.788113258069259359
39088.413384931656765 32.781043237313333805
39088.45889443087799 32.773973229643019067
39088.504404025661643 32.766903235181665366
39088.549913716706214 32.759833254053440044
39088.595423504710197 32.752763286383348884
39088.640933390379359 32.745693332297229006
39088.640933390379359 32.745693332297229006
39088.640933390379359 32.745693332297229006
39088.640933390379359 32.745693332297229006
39088.640933390379359 32.745693332297229006
39088.640933390379359 32.745693332297229006
39088.686443374412192 32.738623391921734651
39088.73195345752174 32.731553465384344292
39088.777463640406495 32.724483552813360632
39088.8229739237795 32.717413654337896389
39088.8684843083538 32.710343770087888515
39088.913994794842438 32.703273900194083978
39088.959505383958458 32.696204044788032661
39089.005016076414904 32.689134204002172623
39089.05052687292482 32.682064377970014846
39089.096037774223078 32.674994566826022435
39089.141548781029996 32.667924770705823789
39089.187059894087724 32.660854989746169963
39089.232571114138409 32.653785224084913352
39089.278082441931474 32.6467154738610148
39089.323593878223619 32.639645739214536491
39089.369105423778819 32.632576020286613527
39089.414617079361051 32.625506317219482355
39089.460128845741565 32.618436630156537603
39089.505640723698889 32.611366959242673147
39089.551152714026102 32.604297304624218157
39089.596664817516285 32.597227666448866046
39089.642177034969791 32.590158044865695786
39089.687689367201529 32.583088440025150589
39089.733201815026405 32.576018852079037913
39089.778714379266603 32.568949281180522348
39089.824227060758858 32.561879727484161151
39089.869739860347181 32.554810191146259513
39089.915252778882859 32.547740672324707134
39089.960765817224456 32.540671171178914278
39090.006278976245085 32.533601687869797559
39090.051792256832414 32.526532222559772833
39090.09730565987411 32.519462775412748101
39090.142819186272391 32.5123933465941235
39090.188332836944028 32.505323936270777097
39090.233846612813068 32.498254544611057781
39090.279360514810833 32.491185171784771057
39090.324874543875922 32.48411581796317904
39090.370388700954209 32.477046483319000458
39090.41590298700612 32.46997716802638223
39090.461417402999359 32.462907872260920783
39090.506931949901627 32.455838596199619417
39090.552446628702455 32.448769340020938046
39090.597961440391373 32.441700103904835828
39090.643476385965187 32.434630888032685903
39090.688991466435255 32.427561692587282494
39090.734506682820211 32.4204925177528267
39090.780022036138689 32.413423363714905179
39090.825537527431152 32.406354230660504356
39090.871053157738061 32.399285118777989112
39090.91656892811443 32.392216028257102778
39090.962084839607996 32.385146959288960034
39091.007600893288327 32.378077912066039801
39091.053117090232263 32.371008886782178138
39091.098633431516646 32.363939883632554029
39091.144149918225594 32.356870902813703594
39091.189666551457776 32.349801944523484565
39091.235183332311863 32.342733008961097596
39091.280700261893799 32.335664096327057848
39091.326217341324082 32.328595206823209196
39091.371734571715933 32.321526340652695808
39091.417251954197127 32.314457498019990567
39091.462769489902712 32.307388679130887965
39091.508287179967738 32.300319884192497
39091.55380502553453 32.293251113413234066
39091.599323027752689 32.286182367002815852
39091.644841187779093 32.279113645172266445
39091.690359506770619 32.272044948133881803
39091.73587798589142 32.264976276101258179
39091.781396626312926 32.25790762928925659
39091.826915429213841 32.250839007914017031
39091.872434395772871 32.243770412192937158
39091.91795352716872 32.236701842344672286
39091.963472824594646 32.229633298589135393
39092.00899228923663 32.222564781147482904
39092.054511922295205 32.215496290242114696
39092.100031724970904 32.208427826096659885
39092.145551698471536 32.201359388935991035
39092.19107184400491 32.194290978986387586
39092.236592162778834 32.187222596475557168
39092.28211265601567 32.18015424163257876
39092.327633324937779 32.173085914687916897
39092.373154170774797 32.166017615873400359
39092.418675194763637 32.158949345422236377
39092.464196398141212 32.151881103568996423
39092.509717782144435 32.144812890549630424
39092.55523934802477 32.137744706601445444
39092.600761097033683 32.130676551963112786
39092.646283030429913 32.123608426874675104
39092.691805149464926 32.11654033157752508
39092.737327455412014 32.109472266314426747
39092.782849949529918 32.102404231329487061
39092.828372633099207 32.095336226868177221
39092.873895507385896 32.088268253177325562
39092.919418573677831 32.081200310505110451
39092.96494183325558 32.074132399101067392
39093.010465287399711 32.067064519216074814
39093.055988937405345 32.059996671102368282
39093.101512784567603 32.052928855013526288
39093.147036830174329 32.04586107120448446
39093.192561075535195 32.038793319931521353
39093.238085521945322 32.031725601452258445
39093.283610170714383 32.024657916025667248
39093.329135023144772 32.017590263912069304
39093.37466008055344 32.010522645373185924
39093.420185344257334 32.003455060672230559
39093.465710815573402 31.996387510073684979
39093.511236495833145 31.989319993843317036
39093.55676238637534 31.982252512248162901
39093.602288488538761 31.975185065556537722
39093.647814803669462 31.968117654038032072
39093.69334133312077 31.961050277963511945
39093.73886807825329 31.953982937605118764
39093.784395040427626 31.94691563323628003
39093.829922221011657 31.939848365131691565
39093.87544962138054 31.932781133567335274
39093.92097724290943 31.92571393882047559
39093.966505086988036 31.918646781169648818
39094.012033155006065 31.911579660894684451
39094.057561448353226 31.904512578276687407
39094.103089968426502 31.897445533598105527
39094.148618716630153 31.890378527142818399
39094.194147694375715 31.883311559196027218
39094.239676903082 31.876244630044261896
39094.285206344167818 31.869177739975381058
39094.330736019066535 31.862110889278568493
39094.376265929211513 31.855044078244336703
39094.421796076043393 31.847977307164541116
39094.467326461010089 31.840910576332380089
39094.512857085566793 31.833843886042426874
39094.558387951168697 31.826777236590626075
39094.603919059278269 31.819710628274297193
39094.649450411372527 31.812644061392127526
39094.694982008921215 31.805577536244182824
39094.740513853408629 31.798511053131914394
39094.786045946319064 31.791444612358148447
39094.83157828914409 31.784378214227093196
39094.877110883382556 31.777311859044349518
39094.922643730533309 31.770245547116900298
39094.968176832109748 31.76317927875324898
39095.013710189617996 31.756113054263511941
39095.059243804586004 31.749046873959336779
39095.104777678541723 31.741980738153902308
39095.150311813013104 31.734914647161922119
39095.195846209549927 31.727848601299683651
39095.241380869694694 31.720782600885407021
39095.286915795019013 31.713716646239266339
39095.332450987087213 31.706650737683663266
39095.377986447485455 31.69958487554311688
39095.423522177821724 31.692519060144253018
39095.469058179696731 31.685453291815811383
39095.514594454747566 31.678387570888638436
39095.560131004604045 31.671321897695701608
39095.60566783091781 31.664256272572078643
39095.651204935355054 31.657190695854968254
39095.696742319581972 31.650125167883686572
39095.742279985293862 31.643059688999677803
39095.787817934186023 31.635994259546510676
39095.83335616797558 31.628928879869878443
39095.87889468837966 31.621863550317637959
39095.924433497129939 31.614798271239962446
39095.969972595979925 31.60773304298931663
39096.015511986683123 31.600667865920460287
39096.06105167100759 31.593602740390448247
39096.106591650743212 31.586537666758637499
39096.152131927679875 31.579472645386701402
39096.197672503629292 31.572407676638736262
39096.243213380410452 31.565342760881272
39096.288754559842346 31.558277898483275692
39096.334296043773065 31.551213089816155133
39096.37983783405798 31.544148335253755278
39096.425379932559736 31.537083635172368901
39096.470922341148253 31.530018989950733044
39096.51646506171528 31.522954399970036121
39096.562008096152567 31.51588986561391792
39096.607551446366415 31.50882538726847315
39096.653095114277676 31.501760965322262109
39096.698639101814479 31.494696600166300016
39096.744183410912228 31.487632292194071226
39096.789728043528157 31.480568041801525681
39096.835273001612222 31.473503849387086007
39096.880818287128932 31.466439715351651074
39096.926363902064622 31.459375640098592442
39096.971909848398354 31.452311624033765014
39097.017456128131016 31.445247667565507044
39097.063002743270772 31.438183771104643682
39097.108549695833062 31.431119935064490534
39097.154096987833327 31.424056159860853654
39097.199644621308835 31.41699244591204021
39097.245192598304129 31.409928793638851374
39097.290740920863755 31.402865203464596533
39097.336289591054083 31.395801675815082632
39097.38183861093421 31.388738211118631938
39097.427387982577784 31.381674809806074933
39097.472937708073005 31.374611472310757421
39097.518487789508072 31.367548199068544079
39097.564038228978461 31.36048499051781846
39097.6095890285942 31.353421847099486541
39097.655140190465318 31.346358769256987387
39097.700691716716392 31.339295757436357093
39097.746243609472003 31.332232812086235896
39097.791795870864007 31.325169933657871724
39097.837348503038811 31.318107122605123749
39097.882901508150098 31.311044379384597391
39097.928454888351553 31.303981704456006696
39097.974008645804133 31.296919098282010907
39098.019562782697903 31.28985656132820381
39098.065117301215651 31.282794094063113732
39098.110672203547438 31.275731696958203543
39098.156227491905156 31.268669370487863546
39098.201783168507973 31.261607115129425694
39098.247339235575055 31.254544931363149374
39098.292895695340121 31.247482819672228516
39098.338452550044167 31.24042078054279159
39098.384009801935463 31.233358814463901609
39098.429567453276832 31.226296921927552575
39098.475125506331096 31.219235103428673028
39098.520683963375632 31.212173359465126055
39098.566242826687812 31.205111690537705726
39098.611802098559565 31.198050097150140658
39098.657361781282816 31.190988579809090453
39098.702921877164044 31.183927139024145703
39098.748482388509728 31.176865775307835094
39098.794043317640899 31.169804489175614748
39098.839604666878586 31.162743281145875329
39098.885166438558372 31.155682151739945596
39098.930728635015839 31.148621101482149243
39098.976291258593847 31.14156013089970898
39099.021854311642528 31.134499240522750085
39099.06741779652657 31.127438430884279086
39099.112981715610658 31.120377702520201524
39099.158546071274031 31.113317055969304192
39099.204110865895927 31.106256491773265793
39099.24967610186286 31.099196010476653385
39099.295241781575896 31.092135612626915275
39099.340807907428825 31.085075298774388131
39099.386374481837265 31.078015069472289866
39099.431941507209558 31.070954925276723202
39099.477508985975874 31.06389486674667566
39099.52307692055183 31.05683489444400891
39099.568645313382149 31.049775008933469422
39099.614214166897 31.042715210782677815
39099.659783483548381 31.035655500562139508
39099.705353265781014 31.028595878845234068
39099.750923516054172 31.021536346208215207
39099.796494236827129 31.014476903230239202
39099.842065430566436 31.007417550493386216
39099.887637099753192 31.000358288582500421
39099.9332092468685 30.993299118085204213
39099.978781874408014 30.986240039591880446
39100.024354984860111 30.979181053695686643
39100.069928580742271 30.972122160992544337
39100.115502664564701 30.965063362081146181
39100.161077238844882 30.958004657562955941
39100.206652306107571 30.950946048042208503
39100.252227868892078 30.943887534125909866
39100.297803929737711 30.936829116423837149
39100.343380491191056 30.929770795548545692
39100.388957555798697 30.922712572115361951
39100.434535126129049 30.915654446742387051
39100.480113204743247 30.908596420050503895
39100.525691794209706 30.90153849266352637
39100.57127089711139 30.894480665208263304
39100.616850516031263 30.887422938314454512
39100.662430653566844 30.880365312614774354
39100.708011312322924 30.873307788744838831
39100.753592494904296 30.866250367343202043
39100.799174203930306 30.859193049051402369
39100.844756442020298 30.852135834514182733
39100.890339211815444 30.845078724379479951
39100.935922515956918 30.838021719298595258
39100.981506357093167 30.83096481992637905
39101.027090737894468 30.823908026921031933
39101.072675661031099 30.816851340944111826
39101.118261129202438 30.809794762660523304
39101.16384714510059 30.802738292738510495
39101.209433711439488 30.795681931849660629
39101.255020830947615 30.788625680668904039
39101.300608506360732 30.781569539874514163
39101.346196740421874 30.774513510148125306
39101.391785535895906 30.767457592174718428
39101.437374895547691 30.760401786642638911
39101.482964822156646 30.753346094243596553
39101.528555318509461 30.74629051567266913
39101.574146387414658 30.739235051628305939
39101.61973803168803 30.732179702812334909
39101.665330254145374 30.725124469929973259
39101.710923057631589 30.718069353689827494
39101.756516444977024 30.711014354803900517
39101.802110419048404 30.703959473987595175
39101.847704982705181 30.696904711959817291
39101.89330013882136 30.689850069443082248
39101.938895890285494 30.682795547163490113
39101.984492239993415 30.67574114585073275
39102.030089190855506 30.668686866238108024
39102.075686745789426 30.661632709062516255
39102.121284907727386 30.654578675064488635
39102.166883679601597 30.647524764988183676
39102.212483064366097 30.640470979581401423
39102.258083064982202 30.633417319595594108
39102.303683684411226 30.626363785785880367
39102.349284925643587 30.619310378911048787
39102.394886791662429 30.612257099733582777
39102.440489285472722 30.605203949019653464
39102.486092410079436 30.598150927539148114
39102.531696168502094 30.591098036065677235
39102.577300563767494 30.584045275376581685
39102.622905598916986 30.576992646252953989
39102.668511276999197 30.569940149479648994
39102.714117601070029 30.562887785845290978
39102.759724574199936 30.555835556142302067
39102.805332199459372 30.548783461166902242
39102.850940479933342 30.541731501719127095
39102.896549418721406 30.534679678602849151
39102.942159018915845 30.527627992625806286
39102.987769283638045 30.520576444599800681
39103.033380216002115 30.513525035340695268
39103.078991819143994 30.506473765668424392
39103.124604096199619 30.499422636407000908
39103.170217050319479 30.492371648384533955
39103.215830684661341 30.485320802433246712
39103.261445002397522 30.478270099389490611
39103.30706000670034 30.471219540093763101
39103.352675700749387 30.46416912539072186
39103.398292087746086 30.457118856129209661
39103.443909170884581 30.450068733162261481
39103.489526953380846 30.443018757347132919
39103.535145438450854 30.435968929545307304
39103.580764629325131 30.42891925062252767
39103.626384529234201 30.4218697214487932
39103.672005141415866 30.414820342898380545
39103.717626469122479 30.407771115850046328
39103.763248515613668 30.400722041187044908
39103.808871284156339 30.393673119797128379
39103.854494778031949 30.386624352572567886
39103.900119000521954 30.37957574041018205
39103.945743954915088 30.372527284211354726
39103.991369644514634 30.365478984882070534
39104.036996072631155 30.358430843332932625
39104.08262324257521 30.351382860479187542
39104.128251157679188 30.344335037240764308
39104.173879821268201 30.337287374542320606
39104.219509236681915 30.330239873313274757
39104.265139407259994 30.32319253448787677
39104.310770336356654 30.316145359005425064
39104.356402027333388 30.309098347810170537
39104.402034483558964 30.302051501851330784
39104.44766770840215 30.295004822083118512
39104.493301705253543 30.287958309464773521
39104.538936477503739 30.280911964960591121
39104.58457202855061 30.273865789539947002
39104.630208361792029 30.266819784177332764
39104.675845480640419 30.259773949852380781
39104.72148338851548 30.252728287549899733
39104.767122088829638 30.245682798259895918
39104.812761585009866 30.238637482977612336
39104.858401880490419 30.231592342703550003
39104.904042978698271 30.224547378443507029
39104.949684883067675 30.217502591208607043
39104.995327597040159 30.210457982015324063
39105.040971124057251 30.203413551885521571
39105.086615467560478 30.196369301846473832
39105.132260630998644 30.189325232930922738
39105.177906617813278 30.182281346177202153
39105.223553431445907 30.175237642629237911
39105.269201075345336 30.168194123336583345
39105.314849552960368 30.16115078935444771
39105.360498867732531 30.154107641743724599
39105.406149023103353 30.147064681571013267
39105.451800022507086 30.14002190990866481
39105.497451869392535 30.132979327834792826
39105.543104567179398 30.125936936433312496
39105.588758119309205 30.118894736793972555
39105.634412529194378 30.111852730012369506
39105.680067800254619 30.104810917189990249
39105.725723935909627 30.097769299434233403
39105.771380939549999 30.090727877858615358
39105.817038814580883 30.08368665358299765
39105.86269756440015 30.076645627733377353
39105.908357192398398 30.069604801441894182
39105.95401770195167 30.062564175846862469
39105.999679096443288 30.055523752092788925
39106.045341379242018 30.048483531330401064
39106.09100455371663 30.041443514716721808
39106.136668623214064 30.034403703415357256
39106.182333591073984 30.027364098596446951
39106.227999460643332 30.020324701436642556
39106.273666235247219 30.0132855131194205
39106.319333918203483 30.006246534835160134
39106.365002512822684 29.999207767781051359
39106.410672022408107 29.992169213161094632
39106.456342450255761 29.985130872186065432
39106.502013799639826 29.978092746073542685
39106.547686073827208 29.971054836047912318
39106.593359276077535 29.964017143340385019
39106.639033409621334 29.956979669189006898
39106.684708477689128 29.949942414838677252
39106.730384483482339 29.942905381541148557
39106.776061430187838 29.935868570555040691
39106.82173932097794 29.928831983145851581
39106.867418158988585 29.921795620585957209
39106.913097947348433 29.914759484154618718
39106.958778689157043 29.907723575137985961
39107.004460387492145 29.90068789482910816
39107.050143045395089 29.893652444527923251
39107.095826665885397 29.886617225541257881
39107.141511251953489 29.879582239182838066
39107.187196806560678 29.87254748677327143
39107.232883332639176 29.865512969640047203
39107.278570833070262 29.858478689117525562
39107.324259310720663 29.851444646546937634
39107.369948768413451 29.844410843276364176
39107.415639208928042 29.837377280660732026
39107.461330635007471 29.830343960061796338
39107.507023049358395 29.823310882848126369
39107.552716454636538 29.816278050395084165
39107.598410853468522 29.809245464084760613
39107.644106248415483 29.802213125305890173
39107.689802642009454 29.795181035453829566
39107.735500036731537 29.788149195930525792
39107.781198435011902 29.781117608144494824
39107.826897839229787 29.774086273510789624
39107.872598251713498 29.767055193450971728
39107.918299674733134 29.760024369393068611
39107.964002110507863 29.752993802771538157
39108.009705561198643 29.745963495027240242
39108.055410028908227 29.738933447607383442
39108.101115515673882 29.731903661965482399
39108.14682202347467 29.724874139561542563
39108.192529554224166 29.717844881862223616
39108.238238109785016 29.710815890340569467
39108.283947691947105 29.70378716647596562
39108.329658302442112 29.696758711754064564
39108.375369942928955 29.689730527666732485
39108.421082615001069 29.682702615711985317
39108.466796320179128 29.675674977393910581
39108.512511059918324 29.668647614222610542
39108.558226835593814 29.661620527714116946
39108.603943648515269 29.654593719390319961
39108.649661499897775 29.64756719077888647
39108.695380390898208 29.640540943413178354
39108.741100322578859 29.633514978832163678
39108.786821295921982 29.626489298580331422
39108.832543311829795 29.619463904207599114
39108.878266371124482 29.6124387972692098
39108.923990474526363 29.605413979325639673
39108.969715622675722 29.598389451942502149
39109.015441816125531 29.591365216690430628
39109.0611690553269 29.584341275144975469
39109.106897340650903 29.57731762888649385
39109.152626672359474 29.570294279500036083
39109.198357050627237 29.563271228575221272
39109.244088475526951 29.556248477706123623
39109.289820947029511 29.549226028491144547
39109.335554465011228 29.542203882532881209
39109.381289029239269 29.535182041438002187
39109.427024639386218 29.528160506817105357
39109.472761295000964 29.521139280284593553
39109.518498995545087 29.514118363458518246
39109.564237740363751 29.50709775796044454
39109.609977528685704 29.500077465415305511
39109.655718359637831 29.493057487451242338
39109.701460232237878 29.486037825699465742
39109.747203145379899 29.47901848179408546
39109.79294709784881 29.471999457371961029
39109.83869208831311 29.464980754072531255
39109.884438115324883 29.457962373537657896
39109.9301851773198 29.450944317411448026
39109.975933272609836 29.443926587340087053
39110.021682399397832 29.436909184971668196
39110.067432555755659 29.429892111956011291
39110.113183739638771 29.422875369944485158
39110.158935948878934 29.415858960589943649
39110.204689181184222 29.408842885546906842
39110.250443434146291 29.401827146471234187
39110.29619870523311 29.394811745019914895
39110.341954991788953 29.387796682850879648
39110.38771229104168 29.38078196162279454
39110.433470600088185 29.37376758299486923
39110.479229915908945 29.366753548626657988
39110.524990235353471 29.359739860177949566
39110.570751555154857 29.352726519308703246
39110.616513871915231 29.345713527678707777
39110.662277182127582 29.338700886947393087
39110.708041482146655 29.331688598773752119
39110.753806768225331 29.324676664816049509
39110.79957303647825 29.31766508673158711
39110.845340282910911 29.310653866176505034
39110.891108503405121 29.30364300480556139
39110.936877693718998 29.296632504271919117
39110.982647849486966 29.289622366226932826
39111.028418966234312 29.282612592319971156
39111.074191039355355 29.27560318419830665
39111.119964064135274 29.268594143507087324
39111.165738035742834 29.261585471888974297
39111.211512949230382 29.254577170983889545
39111.257288799541129 29.247569242428802738
39111.303065581494593 29.240561687857507422
39111.348843289808428 29.233554508900414959
39111.394621919076599 29.226547707184334257
39111.440401463791204 29.21954128433225506
39111.486181918327929 29.212535241963156096
39111.531963276960596 29.205529581691756391
39111.577745533853886 29.198524305128291445
39111.623528683063341 29.191519413878282307
39111.669312718535366 29.184514909542237149
39111.715097634129052 29.17751079371542744
39111.76088342359435 29.170507067987632155
39111.806670080579352 29.16350373394289619
39111.852457598637557 29.156500793159331408
39111.89824597122788 29.149498247208921242
39111.944035191707371 29.142496097657311083
39111.989825253345771 29.135494346063627091
39112.03561614931823 29.128492993980298564
39112.081407872719865 29.121492042952873192
39112.127200416543928 29.11449149451982521
39112.172993773703638 29.107491350212374215
39112.218787937024899 29.100491611554303972
39112.264582899253583 29.093492280061784783
39112.310378653055523 29.086493357243195845
39112.356175191023794 29.079494844598965386
39112.401972505664162 29.072496743621385917
39112.447770589409629 29.065499055794472127
39112.493569434634992 29.058501782593790352
39112.539369033627736 29.051504925486298703
39112.585169378617138 29.044508485930208508
39112.630970461766992 29.03751246537483155
39112.676772275175608 29.030516865260437953
39112.722574810875813 29.023521687018121185
39112.768378060856776 29.016526932069663047
39112.814182017042185 29.009532601827402232
39112.859986671304796 29.002538697694120629
39112.905792015466432 28.995545221062915431
39112.951598041297984 28.988552173317089
39112.997404740533966 28.981559555830038732
39113.043212104850681 28.974567369965157582
39113.089020125902607 28.967575617075731031
39113.134828795293288 28.960584298504848277
39113.180638104597165 28.953593415585309856
39113.226448045352299 28.946602969639709357
39113.272258609067649 28.939612961980472505
39113.318069787237619 28.932623393909803866
39113.363881571334787 28.9256342667196229
39113.409693952802627 28.918645581691563962
39113.455506923077337 28.911657340097345781
39113.501320473587839 28.904669543198505011
39113.547134595763055 28.897682192246303856
39113.592949281017354 28.8906952884816981
39113.63876452077966 28.883708833135301575
39113.684580306471616 28.876722827427368401
39113.730396629522147 28.869737272567771669
39113.776213481374725 28.862752169755985676
39113.822030853472825 28.855767520181082375
39113.867848737281747 28.848783325021717161
39113.913667124288622 28.841799585446121768
39113.959486005987856 28.834816302611997685
39114.005305373902956 28.827833477666501949
39114.051125219579262 28.820851111746353723
39114.09694553459849 28.813869205977837851
39114.14276631057146 28.806887761476826171
39114.188587539138098 28.799906779348788177
39114.234409211974707 28.792926260688755491
39114.280231320801249 28.785946206581311202
39114.326053857374063 28.778966618100614738
39114.371876813493145 28.771987496310448051
39114.417700181002147 28.765008842264265354
39114.463523951795651 28.758030657005235753
39114.509348117811896 28.751052941566300092
39114.555172671054606 28.744075696970227796
39114.600997603563883 28.737098924229673713
39114.646822907445312 28.730122624347249172
39114.692648574855411 28.723146798315582373
39114.738474598023458 28.716171447117393001
39114.784300969222386 28.709196571725552616
39114.830127680797887 28.70222217310318058
39114.875954725153861 28.695248252203697348
39114.921782094766968 28.688274809970920387
39114.967609782186628 28.681301847339145894
39115.013437780013192 28.674329365233219846
39115.059266080934322 28.667357364568630373
39115.105094677695888 28.660385846251596575
39115.150923563131073 28.653414811179153787
39115.196752730138542 28.646444260239242396
39115.242582171696995 28.639474194310906796
39115.288411880857893 28.632504614264828291
39115.334241850767285 28.625535520963193648
39115.380072074643977 28.618566915259751937
39115.425902545794088 28.611598797999914012
39115.471733257611049 28.604631170020830666
39115.517564203568327 28.597664032151488556
39115.563395377233974 28.59069738521279902
39115.609226772256079 28.583731230017686897
39115.65505838237732 28.576765567371168686
39115.700890201420407 28.569800398070452019
39115.74672222330264 28.562835722905010272
39115.792554442021355 28.555871542656678486
39115.838386851683026 28.548907858099727974
39115.88421944645961 28.541944670000940931
39115.93005222062493 28.534981979119706352
39115.975885168547393 28.528019786208080433
39116.021718284675444 28.521058092010875384
39116.067551563552115 28.514096897265719832
39116.113384999807749 28.507136202703140526
39116.159218588160002 28.500176009046626291
39116.205052323421114 28.493216317012734606
39116.250886200497916 28.486257127311336745
39116.296720214369998 28.47929844064563909
39116.342554360126087 28.472340257712229317
39116.388388632934948 28.465382579201136792
39116.434223028052656 28.458425405795836127
39116.480057540829876 28.451468738173154804
39116.525892166711856 28.444512577003255416
39116.571726901216607 28.43755692294967119
39116.617561739964003 28.430601776669352176
39116.663396678661229 28.423647138812686563
39116.709231713095505 28.416693010023532651
39116.755066839141364 28.409739390939254378
39116.800902052767924 28.402786282190721323
39116.846737350024341 28.395833684402322916
39116.892572727047082 28.3888815981919862
39116.938408180052647 28.38193002417117583
39116.984243705344852 28.374978962944911842
39117.030079299307545 28.368028415111815832
39117.075914958411886 28.361078381264160697
39117.121750679201796 28.354128861987799581
39117.167586458308506 28.347179857862162322
39117.213422292450559 28.340231369460248345
39117.259258178411983 28.333283397348608901
39117.305094113071391 28.326335942087336406
39117.350930093365605 28.319389004230043128
39117.39676611633331 28.312442584323839867
39117.442602179064124 28.30549668290931109
39117.488438278742251 28.298551300520490059
39117.534274412624654 28.291606437684823305
39117.580110578026506 28.284662094923145759
39117.625946772350289 28.277718272749634565
39117.671782993071247 28.270774971671823295
39117.717619237722829 28.263832192190612602
39117.763455503933073 28.25688993480009259
39117.80929178938095 28.249948199987493069
39117.855128091825463 28.243006988233148036
39117.900964409098378 28.236066300010442376
39117.946800739096943 28.229126135785758578
39117.992637079791166 28.222186496018434099
39118.038473429209262 28.215247381160704521
39118.084309785459482 28.208308791657657366
39118.130146146708285 28.201370727947171702
39118.175982511187613 28.194433190459875505
39118.221818877194892 28.187496179619149217
39118.267655242554611 28.180559695923363961
39118.31349160548416 28.173623739815525369
39118.359327964513795 28.166688311692240632
39118.405164318246534 28.159753411942748613
39118.451000665358151 28.152819040948870111
39118.49683700458263 28.145885199084968775
39118.542673334726715 28.138951886717901374
39118.58850965466263 28.132019104207085292
39118.634345963328087 28.125086851904622876
39118.680182259733556 28.118155130155262356
39118.726018542947713 28.111223939296355212
39118.771854812111997 28.104293279657817095
39118.817691066433326 28.097363151562088746
39118.863527305191383 28.090433555324107573
39118.909363527724054 28.083504491251275681
39118.955199733434711 28.076575959643594871
39119.001035921806761 28.06964796079376967
39119.046872092389094 28.062720494987175357
39119.092708244803362 28.055793562501850857
39119.138544378743973 28.048867163608385056
39119.184380493963545 28.041941298569781793
39119.230216590302007 28.035015967641445656
39119.276052667672047 28.028091171071192633
39119.321888726044563 28.021166909099246567
39119.36772476547776 28.014243181958310203
39119.413560786102607 28.007319989873671773
39119.459396788115555 28.00039733306322276
39119.505232771793089 27.993475211737443686
39119.551068737491732 27.986553626099436087
39119.596904685640766 27.979632576344950934
39119.64274061674223 27.972712062662459687
39119.688576531378203 27.96579208523318627
39119.734412430210796 27.958872644231192339
39119.780248313982156 27.951953739823430567
39119.826084183507191 27.945035372169844123
39119.871920039680845 27.938117541423679313
39119.917755883492646 27.931200247731670316
39119.963591716004885 27.924283491234142218
39120.009427538367163 27.917367272065114037
39120.055263351816393 27.910451590352415963
39120.101099157676799 27.903536446217813705
39120.146934957352642 27.896621839777129281
39120.192770752335491 27.889707771140368919
39120.238606544211507 27.882794240411907793
39120.284442334661435 27.875881247690710296
39120.330278125373297 27.868968793084029301
39120.37611391738028 27.86205687680864429
39120.421949712603237 27.855145498956019878
39120.467785513072158 27.848234659613034125
39120.513621320926177 27.841324358862173938
39120.559457138406287 27.834414596781726914
39120.605292967848072 27.827505373445941217
39120.651128811710805 27.820596688925228079
39120.696964672541071 27.813688543286414045
39120.742800553016423 27.806780936593003872
39120.788636455901724 27.79987386890544343
39120.834472384085529 27.792967340281578004
39120.880308340565534 27.786061350777067958
39120.926144328455848 27.77915590044554861
39120.97198035097972 27.772250989338914451
39121.017816411484091 27.765346617507642435
39121.063652513432316 27.758442785001104625
39121.109488660404168 27.751539491867905696
39121.155324856095831 27.744636738156209788
39121.201161104327184 27.737734523914095774
39121.24699740903452 27.730832849189912537
39121.292833774277824 27.723931714032644891
39121.338670204233495 27.717031118492283071
39121.384506703201623 27.710131062620202869
39121.430343275605992 27.70323154646956354
39121.476179925994074 27.696332570095695047
39121.522016659044311 27.689434133556517281
39121.567853479544283 27.682536236912941519
39121.613690392412536 27.675638880229300298
39121.659527402698586 27.668742063573777301
39121.705364515575639 27.661845787018823017
39121.751201736347866 27.654950050641609494
39121.797039070435858 27.648054854524474422
39121.842876523391169 27.641160198755386546
39121.888714100896323 27.634266083428411065
39121.934551808764809 27.6273725086441857
39121.980389652933809 27.620479474510400308
39122.026227639471472 27.613586981142290711
39122.072065774569637 27.60669502866312186
39122.117904064565664 27.599803617204702988
39122.163742515906051 27.592912746907881427
39122.209581135182816 27.586022417923061312
39122.255419929104391 27.579132630410725824
39122.30125890452473 27.572243384541952338
39122.347098068421474 27.565354680498945328
39122.392937427895959 27.558466518475572826
39122.438776990195038 27.551578898677878016
39122.484616762674705 27.544691821324484238
39122.530456752843747 27.537805286647049741
39122.576296968334645 27.530919294890804139
39122.62213741690357 27.524033846315109741
39122.667978106444934 27.517148941194012224
39122.71381904498412 27.510264579816812613
39122.759660240677476 27.503380762488667699
39122.805501701812318 27.49649748953145334
39122.851343436799652 27.489614761284276057
39122.89718545418873 27.482732578104016596
39122.943027762659767 27.475850940365916131
39122.988870371016674 27.468969848464148242
39123.034713288201601 27.462089302812394465
39123.080556523273117 27.455209303844434032
39123.126400085428031 27.448329852014722974
39123.17224398397957 27.441450947798980309
39123.218088228371926 27.434572591694774246
39123.263932828180259 27.427694784222111934
39123.30977779308887 27.420817525924025659
39123.3556231329203 27.41394081736720878
39123.401468857606233 27.407064659142861274
39123.447314977216593 27.400189051867037904
39123.493161501930445 27.393313996181177572
39123.539008442065096 27.386439492752700176
39123.584855808054272 27.379565542275578593
39123.630703610448109 27.372692145470939096
39123.676551859913161 27.365819303087640435
39123.722400567239674 27.358947015902863598
39123.768249743319757 27.352075284722687343
39123.814099399176484 27.345204110382670848
39123.85994954592752 27.338333493748436354
39123.905800194806943 27.331463435716237598
39123.951651357150695 27.324593937213531802
39123.997503044411133 27.317724999199551661
39124.043355268127925 27.310856622665863114
39124.089208039957157 27.303988808636940888
39124.135061371642223 27.297121558170708511
39124.180915275021107 27.290254872359103189
39124.226769762026379 27.283388752328626481
39124.272624844692473 27.276523199240887863
39124.318480535133858 27.26965821429330461
39124.364336845559592 27.262793798719805238
39124.410193788258766 27.255929953791266485
39124.456051375629613 27.249066680815847263
39124.501909620135848 27.242203981139486046
39124.547768534335773 27.235341856146479955
39124.593628130867728 27.228480307259950166
39124.639488422450086 27.221619335942303763
39124.68534942187398 27.214758943695731119
39124.731211142003303 27.20789913206268551
39124.777073595767433 27.201039902626366285
39124.822936796168506 27.194181257011191377
39124.868800756259589 27.187323196883255605
39124.914665489159233 27.180465723950781864
39124.960531008036924 27.17360883996456522
39125.00639732612035 27.166752546718406336
39125.052264456673583 27.159896846049530694
39125.098132413011626 27.15304173983901137
39125.144001208485861 27.146187230012163383
39125.189870856484049 27.139333318538930939
39125.235741370423057 27.132480007434267577
39125.281612763741578 27.125627298758505646
39125.327485049914685 27.118775194617850133
39125.373358242432005 27.111923697164662883
39125.419232354797714 27.105072808597732603
39125.465107400530542 27.098222531162541316
39125.510983393156494 27.091372867151552128
39125.55686034620885 27.084523818904504111
39125.602738273220893 27.077675388808760459
39125.648617187718628 27.070827579299464816
39125.694497103228059 27.063980392859811275
39125.740378033253364 27.057133832021413866
39125.786259991298721 27.050287899364473532
39125.832142990846478 27.043442597518005499
39125.878027045349882 27.036597929160031129
39125.923912168240349 27.029753897017670283
39125.969798372920195 27.022910503867304755
39126.015685672740801 27.016067752534706159
39126.061574081031722 27.009225645895163836
39126.10746361107158 27.002384186873587879
39126.153354276073514 26.995543378444597948
39126.199246089214284 26.988703223632597883
39126.24513906359789 26.981863725511836094
39126.291033212262846 26.975024887206853208
39126.336928548189462 26.968186711892322194
39126.382825084292563 26.961349202792749935
39126.428722833406937 26.954512363182374202
39126.474621808294614 26.947676196385121017
39126.520522021644865 26.940840705774643737
39126.566423486045096 26.934005894774340817
39126.612326214009954 26.927171766857174617
39126.658230217944947 26.920338325545536406
39126.704135510153719 26.913505574411111354
39126.750042102852603 26.906673517074700897
39126.795950008134241 26.899842157205966942
39126.841859237974859 26.893011498523151204
39126.887769804241543 26.886181544792847831
39126.933681718670414 26.879352299829765371
39126.979594992873899 26.872523767496460323
39127.025509638326184 26.865695951703060018
39127.071425666363211 26.858868856406949988
39127.117343088175403 26.852042485612450662
39127.163261914807663 26.845216843370469206
39127.2091821571521 26.838391933778133591
39127.255103825933475 26.831567760978401793
39127.301026931723754 26.824744329159649681
39127.346951484913006 26.817921642555290873
39127.392877495738503 26.811099705443385943
39127.438804974248342 26.804278522146166353
39127.484733930301445 26.797458097029512203
39127.530664373589389 26.79063843450247262
39127.576596313607297 26.78381953901661916
39127.62252975966112 26.777001415065331713
39127.668464720853081 26.770184067183226517
39127.714401206103503 26.763367499945548644
39127.760339224114432 26.756551717967692383
39127.806278783391463 26.749736725904583068
39127.85221989222191 26.742922528449980746
39127.898162558689364 26.736109130335780293
39127.944106790659134 26.729296536331322187
39127.990052595778252 26.72248475124266065
39128.035999981460918 26.715673779911824681
39128.081948954903055 26.708863627216064884
39128.127899523067754 26.702054298067160687
39128.173851692692551 26.695245797410763089
39128.219805470274878 26.688438130225385692
39128.265760862086609 26.681631301521516519
39128.311717874166789 26.674825316340765369
39128.357676512299804 26.668020179755007604
39128.403636782044487 26.661215896865513741
39128.449598688712285 26.654412472802054168
39128.495562237374543 26.64760991272199675
39128.541527432847943 26.640808221809376022
39128.587494279709063 26.63400740527398014
39128.633462782287097 26.627207468350398756
39128.679432944656583 26.620408416297085097
39128.725404770651949 26.613610254395382526
39128.771378263838415 26.60681298794856886
39128.817353427548369 26.600016622280861611
39128.863330264859542 26.593221162736437435
39128.909308778587729 26.58642661467844448
39128.955288971308619 26.579632983487989861
39129.001270845335966 26.57284027456314135
39129.047254402750696 26.566048493317858004
39129.09323964536452 26.559257645180895935
39129.139226574756321 26.552467735594760256
39129.185215192250325 26.545678770014635717
39129.231205498930649 26.538890753907278253
39129.277197495634027 26.532103692749956281
39129.323191182964365 26.525317592029423963
39129.369186561270908 26.518532457240915789
39129.415183630684623 26.511748293887126948
39129.461182391089096 26.504965107477211461
39129.50718284213508 26.498182903525783871
39129.553184983247775 26.491401687551917377
39129.599188813626824 26.48462146507815973
39129.645194332246319 26.477842241629545583
39129.691201537854795 26.47106402273263015
39129.737210428989783 26.464286813914526419
39129.783221003977815 26.457510620701956583
39129.829233260934416 26.450735448620317669
39129.875247197756835 26.443961303192747181
39129.921262812160421 26.437188189939217153
39129.967280101656797 26.430416114375631764
39130.013299063561135 26.423645082012960472
39130.059319694999431 26.416875098356353391
39130.105341992923059 26.410106168904317059
39130.151365954101493 26.403338299147872448
39130.197391575129586 26.3965714945697556
39130.243418852442119 26.389805760643636035
39130.2894477823138 26.383041102833480807
39130.335478360851994 26.376277526592755152
39130.381510584033094 26.369515037363598253
39130.427544447687978 26.362753640576144676
39130.473579947509279 26.355993341647842243
39130.519617079065938 26.349234145982890709
39130.565655837810482 26.342476058971609376
39130.611696219071746 26.335719085989786947
39130.657738218069426 26.328963232398113092
39130.703781829935906 26.322208503541652647
39130.749827049694431 26.315454904749330467
39130.795873872288212 26.308702441333466027
39130.841922292573145 26.30195111858932222
39130.887972305339645 26.295200941794671934
39130.934023905305366 26.288451916209293557
39130.980077087129757 26.281704047074445185
39131.026131845428608 26.274957339612534213
39131.072188174759503 26.268211799026826014
39131.118246069658198 26.261467430501259201
39131.164305524616793 26.254724239200239566
39131.210366534120112 26.247982230268416259
39131.256429092623875 26.241241408830628501
39131.302493194576527 26.234501779991607151
39131.348558834441064 26.227763348835747337
39131.394626006687758 26.221026120426973449
39131.440694705786882 26.214290099808700063
39131.486764926245087 26.20755529200383549
39131.532836662590853 26.200821702014806647
39131.57890990938904 26.194089334823548398
39131.624984661240887 26.187358195391457372
39131.671060912805842 26.180628288659477221
39131.717138658794283 26.173899619548308237
39131.763217893982073 26.1671721929584713
39131.809298613210558 26.160446013770499718
39131.855380811393843 26.153721086845180821
39131.90146448352607 26.146997417023808197
39131.947549624688691 26.140275009128473016
39131.99363623005047 26.133553867962383777
39132.039724294882035 26.126833998310196705
39132.085813814548601 26.120115404938381687
39132.131904784524522 26.113398092595609512
39132.177997200386017 26.106682066013146226
39132.224091057825717 26.099967329905293667
39132.270186352645396 26.093253888969822896
39132.31628308078507 26.086541747888396969
39132.362381238301168 26.079830911326848053
39132.408480821388366 26.073121383935610851
39132.454581826372305 26.066413170350230644
39132.500684249709593 26.059706275191881986
39132.546788088002359 26.053000703067890953
39132.592893337990972 26.046296458572282262
39132.6389999965686 26.039593546286400993
39132.685108060759376 26.03289197077952366
39132.731217527747503 26.026191736609401772
39132.777328394862707 26.019492848322808953
39132.823440659572952 26.012795310456098719
39132.869554319513554 26.006099127535755144
39132.915669372458069 25.999404304078844063
39132.961785816340125 25.992710844593510444
39133.00790364923887 25.986018753579418927
39133.054022869400796 25.979328035528034491
39133.100143475210643 25.972638694923112723
39133.146265465220495 25.965950736241207863
39133.19238883813523 25.959264163952205706
39133.238513592797972 25.952578982519860062
39133.284639728211914 25.945895196402183558
39133.330767243518494 25.939212810051895275
39133.376896138011944 25.932531827916818656
39133.423026411117462 25.925852254440226119
39133.469158062405768 25.919174094061173008
39133.515291091578547 25.912497351214856423
39133.561425498468452 25.905822030333059303
39133.607561283031828 25.899148135844527019
39133.653698445355985 25.892475672175184087
39133.699836985637376 25.885804643748343778
39133.745976904196141 25.879135054984907072
39133.792118201454286 25.872466910303497656
39133.838260877935681 25.865800214120568512
39133.884404934266058 25.859134970850480073
39133.930550371158461 25.852471184905528645
39133.976697189413244 25.845808860695957065
39134.022845389910799 25.839148002629876544
39134.068994973604276 25.832488615113163632
39134.11514594151231 25.825830702549300355
39134.161298294711742 25.819174269339171701
39134.207452034344897 25.812519319880809832
39134.253607161583204 25.805865858569088545
39134.299763677649025 25.799213889795360899
39134.345921583786549 25.792563417947057758
39134.392080881276343 25.785914447407208172
39134.438241571398976 25.779266982553899368
39134.484403655464121 25.772621027759630152
39134.530567134766898 25.765976587390671426
39134.576732010609703 25.759333665806376956
39134.622898284273106 25.752692267358426648
39134.669065957023122 25.746052396390041395
39134.715235030089389 25.73941405723510556
39134.761405504672439 25.732777254217261031
39134.807577381921874 25.726141991648916019
39134.853750662943639 25.71950827383022542
39134.899925348770921 25.712876105048032116
39134.946101440385974 25.706245489574783392
39134.992278938676463 25.699616431667323013
39135.038457844464574 25.692988935565672648
39135.084638158477901 25.686363005491681832
39135.130819881342177 25.679738645647642414
39135.17700301358127 25.673115860214856809
39135.223187555609911 25.66649465335214586
39135.269373507719138 25.659875029194314067
39135.315560870076297 25.653256991850540203
39135.361749642725044 25.646640545402739519
39135.407939825563517 25.640025693903861992
39135.454131418337056 25.633412441376144386
39135.50032442065276 25.626800791809316138
39135.546518831957655 25.620190749158759047
39135.592714651531423 25.613582317343627892
39135.638911878493673 25.606975500244910648
39135.685110511782113 25.600370301703456732
39135.731310550159833 25.593766725517980376
39135.777511992215295 25.587164775442953868
39135.82371483634779 25.580564455186440398
39135.869919080767431 25.573965768407809662
39135.916124723495159 25.567368718715581366
39135.962331762362737 25.56077330966524741
39136.008540194998204 25.554179544757054998
39136.054750018833147 25.547587427433786189
39136.100961231102701 25.540996961078501926
39136.147173828838277 25.534408149012264744
39136.19338780886028 25.527820994491854378
39136.23960316778539 25.521235500707458499
39136.285819902033836 25.514651670780363446
39136.332038007807569 25.508069507760630756
39136.378257481104811 25.50148901462476303
39136.424478317727335 25.494910194273391113
39136.470700513258635 25.488333049528954177
39136.516924063093029 25.481757583133369138
39136.563148962413834 25.475183797745696523
39136.609375206207915 25.468611695939838313
39136.655602789265686 25.462041280202221571
39136.701831706188386 25.455472552929567343
39136.748061951380805 25.44890551642678389
39136.794293519073108 25.442340172904525986
39136.840526403313561 25.435776524476899851
39136.886760597983084 25.42921457315927114
39136.932996096802526 25.422654320866072908
39136.979232893318112 25.416095769408620697
39137.02547098093055 25.409538920492988012
39137.071710352887749 25.402983775717920878
39137.117951002306654 25.396430336572816344
39137.164192922165967 25.389878604435722309
39137.21043610531342 25.383328580571401289
39137.256680544480332 25.376780266129426167
39137.302926232296159 25.370233662142290143
39137.349173161288491 25.363688769523477617
39137.395421323890332 25.357145589065599012
39137.441670712454652 25.350604121438660599
39137.487921319268935 25.344064367188387621
39137.534173136569734 25.337526326734526094
39137.580426156535395 25.330990000369268955
39137.62668037131516 25.324455388255842081
39137.672935773036443 25.317922490427157811
39137.719192353804829 25.311391306784546629
39137.765450105740456 25.304861837096545685
39137.811709020956187 25.298334080997776141
39137.857969091601262 25.291808037987902225
39137.904230309854029 25.285283707430643574
39137.950492667951039 25.278761088552936798
39137.996756158172502 25.272240180444178748
39138.043020772893215 25.265720982055579924
39138.089286504568008 25.259203492199471697
39138.135553345760854 25.252687709548776951
39138.181821289144864 25.246173632636452311
39138.22809032753139 25.239661259854919706
39138.274360453891859 25.23315058945568623
39138.32063166135049 25.226641619549020845
39138.366903943213401 25.22013434810378385
39138.413177292983164 25.213628772947377144
39138.459451704358798 25.207124891765779751
39138.505727171272156 25.200622702103668615
39138.552003687887918 25.194122201364642422
39138.598281248625426 25.18762338681150581
39138.644559848158679 25.18112625556666373
39138.690839481452713 25.174630804612593948
39138.737120143763605 25.168137030792397724
39138.783401830660296 25.161644930810414422
39138.82968453803187 25.155154501232818376
39138.875968262123934 25.148665738488436006
39138.922252999524062 25.142178638869630447
39138.968538747190905 25.135693198533374471
39139.014825502468739 25.129209413502408665
39139.061113263109291 25.122727279666364097
39139.107402027271746 25.116246792782973785
39139.153691793544567 25.109767948479507993
39139.199982560967328 25.103290742254170453
39139.246274329023436 25.09681516947740576
39139.292567097683786 25.090341225393423485
39139.33886086739949 25.083868905121747162
39139.385155639116419 25.077398203658788134
39139.43145141430432 25.070929115879543758
39139.477748194956803 25.06446163653939152
39139.524045983598626 25.057995760275883157
39139.570344783314795 25.051531481610588514
39139.616644597750565 25.045068794951063751
39139.662945431133267 25.038607694592887043
39139.709247288272309 25.032148174721768896
39139.755550174581003 25.025690229415690879
39139.801854096083844 25.019233852647104754
39139.848159059431055 25.01277903828516358
39139.894465071898594 25.006325780098020317
39139.940772141417256 24.999874071755147753
39139.987080276558117 24.993423906829718817
39140.033389486568922 24.986975278801011768
39140.079699781359523 24.980528181056854464
39140.126011171538266 24.974082606896093495
39140.172323668390163 24.967638549531123715
39140.218637283913267 24.961196002090417778
39140.264952030811401 24.954754957621108957
39140.311267922501429 24.94831540909158818
39140.357584973127814 24.941877349394129482
39140.403903197569889 24.935440771347529676
39140.450222611449135 24.929005667699779991
39140.496543231136457 24.922572031130737713
39140.542865073752182 24.916139854254822694
39140.589188157173339 24.909709129623731627
39140.635512500048208 24.90327984972914166
39140.681838121796318 24.896852007005438878
39140.728165042615728 24.890425593832450346
39140.774493283483025 24.884000602538169034
39140.820822866160597 24.877577025401496513
39140.867153813203913 24.871154854654974997
39140.913486147961521 24.864734082487508715
39140.959819894582324 24.85831470104710661
39141.006155078015581 24.851896702443585951
39141.052491724010906 24.84548007875129727
39141.09882985913282 24.839064822011842182
39141.145169510753476 24.832650924236762791
39141.191510707045381 24.82623837741022399
39141.237853477010503 24.819827173491681549
39141.284197850451164 24.813417304418514675
39141.33054385799187 24.807008762108665678
39141.376891531072033 24.800601538463244111
39141.423240901945974 24.794195625369109592
39141.469592003675643 24.78779101470144397
39141.515944870145177 24.781387698326287961
39141.562299536053615 24.774985668103060021
39141.608656036907632 24.768584915887057463
39141.655014409028809 24.762185433531911372
39141.701374689546356 24.755787212892027327
39141.747736916397116 24.749390245824979928
39141.794101128318289 24.742994524193857586
39141.840467364847427 24.736600039869603762
39141.88683566632244 24.730206784733255176
39141.933206073874317 24.723814750678162255
39141.979578629427124 24.717423929612209577
39142.025953375683457 24.711034313460025658
39142.072330356138991 24.704645894165153663
39142.1187096150461 24.698258663692179482
39142.165091197435686 24.691872614028827826
39142.211475149109901 24.685487737187958857
39142.257861516613048 24.679104025209561257
39142.304250347246125 24.67272147016277728
39142.350641689052281 24.666340064148027267
39142.397035590809537 24.65995979929880022
39142.443432102023507 24.653580667783504765
39142.48983127293468 24.647202661807284585
39142.536233154474758 24.640825773613808991
39142.582637798281212 24.634449995487013751
39142.629045256690006 24.628075319752930739
39142.675455582713766 24.621701738781371915
39142.721868830034509 24.61532924498749253
39142.768285052996362 24.608957830833368519
39142.814704306591011 24.602587488829495754
39142.86112664645043 24.596218211536140075
39142.90755212881777 24.589849991564566523
39142.953980810561916 24.583482821578410693
39143.000412749141105 24.577116694295032318
39143.046848002602928 24.570751602486822662
39143.093286629555223 24.564387538982352055
39143.139728689173353 24.5580244966675032
39143.18617424115655 24.551662468486643576
39143.232623345727916 24.545301447443744536
39143.279076063612592 24.538941426603468443
39143.325532456023211 24.532582399092230929
39143.371992584638065 24.526224358099284473
39143.418456511572003 24.519867296877613683
39143.464924299376435 24.513511208744823477
39143.511396011002944 24.507156087083991736
39143.557871709788742 24.500801925344333654
39143.604351459434838 24.494448717041930053
39143.650835323984211 24.488096455760423709
39143.69732336778543 24.48174513515165529
39143.743815655492654 24.475394748936217582
39143.790312252021977 24.469045290903935097
39143.836813222529599 24.462696754914361463
39143.883318632390001 24.456349134897223507
39143.929828547159559 24.450002424852829819
39143.976343032561999 24.443656618852159568
39144.02286215445929 24.437311711037128958
39144.069385978807986 24.430967695620843472
39144.115914571651956 24.424624566887782606
39144.16244799906417 24.418282319193934882
39144.208986327132152 24.411940946966890209
39144.255529621921596 24.405600444705868313
39144.30207794943999 24.399260806981697414
39144.348631375600235 24.392922028436647253
39144.395189966191538 24.386584103784098687
39144.441753786850313 24.380247027808284344
39144.488322903001972 24.373910795364025716
39144.534897379839094 24.367575401376427635
39144.58147728228505 24.361240840840519439
39144.628062674943067 24.354907108820817996
39144.674653622067126 24.348574200450844529
39144.721250187511032 24.342242110932577503
39144.767852434692031 24.335910835535852215
39144.814460426554433 24.329580369597682221
39144.861074225511402 24.323250708521531038
39144.907693893408577 24.316921847776523435
39144.954319491487695 24.310593782896567916
39145.000951080335653 24.30426650947932643
39145.04758871984086 24.297940023185052638
39145.094232469135022 24.291614319735511884
39145.140882386564044 24.285289394912854988
39145.187538529644371 24.278965244558321501
39145.234200954982953 24.272641864570886128
39145.280869718269969 24.266319250905908689
39145.327544874206069 24.259997399573741461
39145.37422647645144 24.253676306638258353
39145.420914577589429 24.247355968215323685
39145.46760922906833 24.24103638047114373
39145.51431048115046 24.234717539620504567
39145.561018382868497 24.228399441925013491
39145.607732981967274 24.222082083691290677
39145.65445432485285 24.21576546126909335
39145.70118245654885 24.209449571049336924
39145.74791742063826 24.203134409462055743
39145.79465925921977 24.196819972974289215
39145.841408012856846 24.190506258087893343
39145.888163720512239 24.184193261337274095
39145.934926419518888 24.177880979287063923
39145.981696145514434 24.171569408529709477
39146.028472932397563 24.16525854568300602
39146.075256812284351 24.158948387387546575
39146.122047815457336 24.152638930304107134
39146.168845970300026 24.146330171110975016
39146.215651303282357 24.140022106501188404
39146.262463838887925 24.133714733179747469
39146.309283599570335 24.127408047860729567
39146.356110605724098 24.121102047264351143
39146.402944875633693 24.114796728113976343
39146.449786425415368 24.108492087133047477
39146.496635269002581 24.102188121041976387
39146.543491418087797 24.095884826554968328
39146.590354882086103 24.089582200376813859
39146.637225668098836 24.083280239199609696
39146.68410378088447 24.076978939699451132
39146.730989222807693 24.070678298533081829
39146.777881993824849 24.064378312334525845
39146.824782091440284 24.05807897771160242
39146.871689510691795 24.051780291242401688
39146.918604244106973 24.045482249471799463
39146.965526281681377 24.039184848907936498
39147.012455610856705 24.032888086018701301
39147.059392216513515 24.026591957228188079
39147.1063360809203 24.020296458913140469
39147.153287183740758 24.014001587399341986
39147.200245502011967 24.00770733895800646
39147.247211010129831 24.00141370980222888
39147.294183679841808 23.995120696083453993
39147.341163480217801 23.988828293887969778
39147.388150377679267 23.982536499233425786
39147.435144335970108 23.976245308065376349
39147.482145316156675 23.969954716253873528
39147.529153276635043 23.963664719590084928
39147.576168173131009 23.957375313782989679
39147.623189958714647 23.951086494456099274
39147.670218583800306 23.944798257144277898
39147.71725399614661 23.938510597290608928
39147.764296140892839 23.932223510243357367
39147.811344960551651 23.925936991253003328
39147.85840039505274 23.919651035469367883
39147.90546238173556 23.913365637938849062
39147.952530855392979 23.907080793601753754
39147.99960574828583 23.900796497289753972
39148.046686990179296 23.894512743723456794
39148.093774508357455 23.888229527510105754
39148.140868227674218 23.881946843141410142
39148.187968070575153 23.875664684991573239
39148.235073957148416 23.869383047315221091
39148.282185805153858 23.863101924245555097
39148.329303530073958 23.856821309792778152
39148.376427045142918 23.850541197842659358
39148.423556261412159 23.84426158215514846
39148.470691087779414 23.837982456363256745
39148.517831431054219 23.831703813972168859
39148.564977195987012 23.825425648358564246
39148.612128285341896 23.819147952770123311
39148.659284599940293 23.812870720325229001
39148.70644603871915 23.806593944012867325
39148.753612498767325 23.80031761669272683
39148.80078387541289 23.794041731095514791
39148.847960062266793 23.787766279823497229
39148.895140951281064 23.781491255351241421
39148.942326432807022 23.775216650026482768
39148.989516395675309 23.768942456071293634
39149.036710727225 23.762668665583461802
39149.083909313398181 23.756395270538089193
39149.131112038790889 23.750122262789403749
39149.178318786711316 23.743849634072791588
39149.225529439245292 23.737577376007049423
39149.272743877329049 23.731305480096835936
39149.319961980800144 23.725033937735368283
39149.367183628484781 23.718762740207289141
39149.414408698234183 23.712491878691803748
39149.461637067004631 23.706221344266108275
39149.508868610930222 23.699951127908807536
39149.556103205366526 23.693681220503613361
39149.603340724977897 23.687411612843234821
39149.650581043781131 23.681142295633442529
39149.697824035225494 23.674873259497250189
39149.745069572236389 23.668604494979298636
39149.792317527295381 23.662335992550453057
39149.839567772498413 23.656067742612567173
39149.88682017960673 23.649799735503396647
39149.934074620112369 23.643531961501661698
39149.981330965310917 23.637264410832123929
39150.02858908635244 23.630997073670890529
39150.075848854285141 23.624729940150860585
39150.123110140135395 23.618463000367249549
39150.170372814958682 23.612196244383216737
39150.217636749883241 23.605929662235624278
39150.264901816168276 23.599663243940870672
39150.312167885276722 23.593396979500830923
39150.359434828897065 23.5871308589088855
39150.406702519016108 23.580864872155945733
39150.453970827969897 23.574599009236539615
39150.501239628480107 23.568333260154837205
39150.54850879371952 23.562067614930665371
39150.595778197348409 23.555802063605632668
39150.643047713565466 23.549536596249282638
39150.690317177126417 23.543271208270986961
39150.737586441355234 23.537005892741767354
39150.784855382684327 23.530740639805458159
39150.832123878295533 23.524475439655557096
39150.879391806141939 23.518210282541236467
39150.92665904500609 23.511945158773183806
39150.97392547452182 23.505680058729513604
39151.021190975239733 23.499414972861625728
39151.068455428641755 23.493149891699747656
39151.115718717192067 23.486884805858444736
39151.162980724366207 23.480619706042169526
39151.210241334709281 23.474354583050700995
39151.257500433835958 23.468089427784470047
39151.304757908488682 23.461824231249760686
39151.352013646566775 23.455558984563761982
39151.399267537148262 23.449293678959485021
39151.446519470548083 23.443028305790299726
39151.493769338325365 23.436762856534340216
39151.541017033319804 23.430497322798938598
39151.588262449688045 23.42423169632490243
39151.63550548292551 23.417965968990596792
39151.682746029910049 23.411700132815855824
39151.729983988909225 23.405434179965716623
39151.777219259616686 23.399168102753939991
39151.824451743188547 23.392901893646246947
39151.871681342250668 23.38663554526333499
39151.918907960949582 23.380369050383851715
39151.966131504945224 23.374102401947261853
39152.013351881461858 23.367835593056398125
39152.06056899928808 23.361568616979834445
39152.107782768813195 23.355301467154031769
39152.154993102041772 23.349034137185309845
39152.20219991261547 23.342766620851591597
39152.249403115820314 23.336498912103973424
39152.296602628623077 23.330231005068064576
39152.343798369678552 23.323962894045163097
39152.390990259351383 23.317694573513200851
39152.438178219723341 23.311426038127510907
39152.485362174622423 23.305157282721403078
39152.53254204960831 23.298888302306544063
39152.579717772023287 23.2926190920731635
39152.626889270977699 23.286349647390053974
39152.674056477364502 23.280079963804404031
39152.721219323881087 23.273810037041460674
39152.768377745029284 23.26753986300402488
39152.815531677129911 23.261269437771758817
39152.862681058322778 23.254998757600347403
39152.909825828573958 23.248727818920478683
39152.956965929683065 23.242456618336667873
39153.004101305297809 23.236185152625925099
39153.051231900906714 23.229913418736192199
39153.098357663839124 23.223641413784786636
39153.145478543287027 23.217369135056685536
39153.192594490283227 23.211096580002653411
39153.239705457708624 23.204823746237270399
39153.286811400292208 23.198550631536825506
39153.333912274611066 23.192277233837099715
39153.381008039083099 23.186003551231063824
39153.428098653967027 23.179729581966455498
39153.475184081340558 23.173455324443274606
39153.522264285114943 23.167180777211193288
39153.569339231013146 23.160905938966884321
39153.616408886577119 23.154630808551271315
39153.663473221138702 23.148355384946693647
39153.710532205812342 23.142079667273989685
39153.757585813502374 23.135803654789448558
39153.804634018873912 23.129527346881804561
39153.851676798338303 23.12325074306917827
39153.898714130045846 23.116973842995854227
39153.945745993878518 23.110696646429136791
39153.992772371413594 23.104419153256198882
39154.039793245916371 23.098141363480880983
39154.08680860234017 23.091863277220483042
39154.133818427268125 23.085584894702545711
39154.180822708942287 23.079306216261599616
39154.227821437198145 23.073027242335928833
39154.274814603471896 23.066747973464305943
39154.321802200771344 23.060468410282766172
39154.368784223654075 23.054188553521349547
39154.415760668205621 23.047908404000875038
39154.462731532010366 23.041627962629689819
39154.509696814136987 23.035347230400468277
39154.556656515109353 23.02906620838702878
39154.603610636870144 23.022784897741175314
39154.650559182780853 23.016503299689563988
39154.697502157570852 23.010221415530580202
39154.744439567337395 23.003939246631194493
39154.791371419494681 22.997656794423839699
39154.838297722759307 22.991374060403376944
39154.885218487128441 22.985091046124157543
39154.932133723850711 22.978807753197095565
39154.979043445382558 22.972524183286786581
39155.025947665373678 22.966240338108526942
39155.072846398652473 22.959956219425507129
39155.119739661182393 22.953671829046097486
39155.166627470032836 22.947387168821169467
39155.213509843350039 22.941102240641491505
39155.260386800335255 22.934817046435167498
39155.307258361208369 22.928531588165096622
39155.354124547186075 22.922245867826468668
39155.400985380445491 22.915959887444373067
39155.447840884095058 22.909673649071464752
39155.494691082152713 22.903387154785701085
39155.541535999509506 22.897100406688114305
39155.5883756619005 22.89081340690066213
39155.635210095890216 22.884526157564138771
39155.682039328814426 22.878238660836125007
39155.728863388780155 22.871950918889027093
39155.775682304622023 22.865662933908154741
39155.822496105880418 22.859374708089873707
39155.869304822772392 22.853086243639808117
39155.916108486155281 22.846797542771113854
39155.962907127512153 22.840508607702791011
39156.009700778922706 22.834219440658074518
39156.056489473026886 22.82793004386286384
39156.103273243003059 22.821640419544237943
39156.150052122553461 22.815350569928991575
39156.196826145853265 22.809060497242253263
39156.243595347543305 22.802770203706163699
39156.290359762708249 22.796479691538639401
39156.337119426840218 22.790188962952186102
39156.383874375824234 22.78389802015272636
39156.430624645894568 22.777606865338476894
39156.477370273634733 22.771315500698886325
39156.524111295948387 22.765023928413619103
39156.570847750030225 22.758732150651585613
39156.617579673351429 22.752440169570135708
39156.664307103630563 22.746147987314323302
39156.711030078819022 22.739855606016071476
39156.757748637093755 22.73356302779339444
39156.804462816806335 22.72727025474965501
39156.851172656490235 22.720977288972871833
39156.897878194831719 22.714684132535023053
39156.944579470640747 22.708390787491243401
39156.991276522850967 22.70209725587909233
39157.037969390505168 22.695803539717815056
39157.084658112711622 22.689509641007841623
39157.131342728665913 22.683215561730317944
39157.178023277592729 22.676921303846675926
39157.224699798767688 22.670626869298242667
39157.271372331473685 22.664332260005874531
39157.318040915000893 22.658037477869626741
39157.364705588624929 22.651742524768458509
39157.41136639159231 22.645447402559959471
39157.458023363105895 22.639152113080118767
39157.504676542324887 22.632856658143097661
39157.551325968335732 22.626561039541048359
39157.597971680137562 22.620265259043957684
39157.644613716642198 22.613969318399430364
39157.691252116652322 22.607673219332326653
39157.737886918876029 22.601376963544659304
39157.784518161875894 22.59508055271551541
39157.831145884098078 22.588783988500981792
39157.87777012384322 22.582487272534102374
39157.924390919251891 22.576190406424949231
39157.971008308326418 22.569893391760864176
39158.017622328887228 22.563596230106373497
39158.064233018587402 22.557298923003077817
39158.110840414905397 22.55100147196963789
39158.15744455512322 22.544703878501849204
39158.204045476326428 22.538406144072734349
39158.250643215396849 22.532108270132656713
39158.29723780900531 22.525810258109423501
39158.343829293611634 22.519512109408438505
39158.390417705442815 22.513213825412822899
39158.43700308050029 22.506915407483585767
39158.483585454552667 22.500616856959780421
39158.530164863128448 22.494318175158678486
39158.576741341501474 22.488019363375951087
39158.623314924698207 22.4817204228858607
39158.669885647490446 22.475421354941460095
39158.716453544402611 22.469122160774773533
39158.763018649682635 22.462822841596828738
39158.809580997316516 22.4565233985977315
39158.856140621035593 22.450223832946846869
39158.902697554287442 22.443924145792994551
39158.949251830257708 22.437624338264541279
39158.995803481855546 22.431324411469645952
39159.042352541713626 22.425024366496554507
39159.088899042195408 22.418724204413848611
39159.135443015366036 22.412423926270715668
39159.181984493028722 22.406123533097204614
39159.228523506688362 22.39982302590448171
39159.275060087566089 22.393522405685100551
39159.321594266606553 22.387221673413272072
39159.368126074456086 22.380920830045258896
39159.414655541484535 22.374619876519947326
39159.461182697777986 22.368318813759124453
39159.507707573124208 22.362017642667751716
39159.554230197034485 22.355716364134231355
39159.60075059873634 22.349414979030694184
39159.64726880715898 22.343113488213436568
39159.693784850969678 22.336811892523282808
39159.740298758537392 22.330510192785855139
39159.786810557961871 22.324208389811833086
39159.833320277066377 22.317906484397070699
39159.879827943383134 22.311604477322717344
39159.92633358418243 22.305302369355377579
39159.972837226458068 22.299000161247604979
39160.019338896927366 22.292697853738268066
39160.065838622045703 22.286395447552816762
39160.112336427984701 22.280092943403541739
39160.15883234066132 22.273790341989840869
39160.205326385708759 22.267487643998471469
39160.251818588505557 22.261184850103816757
39160.298308974161046 22.254881960968234011
39160.344797567515343 22.248578977242367216
39160.391284393146634 22.242275899565388642
39160.437769475371169 22.235972728565251089
39160.484252838250541 22.229669464858904604
39160.530734505584405 22.223366109052509643
39160.577214500910486 22.217062661741703522
39160.623692847511848 22.21075912351182069
39160.670169568416895 22.204455494938144966
39160.716644686399377 22.198151776586140471
39160.763118223985657 22.191847969011742947
39160.809590203454718 22.185544072761654633
39160.856060646830883 22.179240088373564532
39160.90252957589837 22.17293601637637579
39160.948997012201289 22.166631857290422403
39160.995462977029092 22.160327611627710809
39161.0419274914384 22.154023279892214759
39161.088390576253005 22.147718862580106247
39161.134852252042037 22.141414360179961562
39161.181312539156352 22.135109773172967351
39161.22777145771397 22.128805102033130225
39161.274229027585534 22.122500347227450845
39161.320685268423404 22.116195509216126425
39161.367140199654386 22.109890588452742577
39161.413593840472458 22.103585585384472267
39161.460046209846041 22.09728050045226766
39161.506497326532553 22.090975334091051963
39161.552947209063859 22.084670086729907723
39161.599395875746268 22.078364758792258016
39161.645843344675086 22.072059350696054736
39161.692289633734617 22.065753862854045053
39161.738734760598163 22.059448295673963258
39161.785178742742573 22.053142649558694188
39161.831621597433696 22.046836924906642707
39161.878063341755478 22.040531122112017925
39161.924503992580867 22.034225241564989517
39161.970943566600909 22.027919283651872462
39162.017382080324751 22.02161324875527626
39162.063819550057815 22.01530713725427546
39162.110255991923623 22.009000949524562429
39162.156691421863798 22.002694685938664065
39162.203125855645339 21.996388346866137198
39162.249559308838798 21.990081932673721354
39162.295991796854651 21.983775443725487975
39162.342423334914201 21.977468880382986072
39162.38885393806413 21.971162243005387893
39162.435283621183771 21.964855531949634582
39162.48171239898511 21.958548747570620918
39162.528140286012786 21.952241890221422693
39162.574567296651367 21.945934960253449475
39162.62099344512535 21.939627958016572506
39162.667418745491887 21.933320883859259709
39162.713843211662606 21.927013738128707132
39162.760266857396346 21.920706521170963299
39162.806689696284593 21.914399233331049999
39162.853111741780594 21.908091874953097289
39162.899533007177524 21.901784446380450078
39162.945953505623038 21.895476947955796021
39162.992373250119272 21.889169380021289868
39163.038792253522843 21.882861742918652936
39163.085210528537573 21.876554036989297458
39163.131628087729041 21.870246262574443818
39163.178044943517307 21.863938420015223585
39163.224461108191463 21.857630509652789641
39163.270876593895082 21.851322531828429874
39163.317291412633494 21.845014486883663096
39163.363705576281063 21.838706375160356288
39163.410119096566632 21.832398197000852491
39163.456531985102629 21.826089952748166212
39163.502944253355963 21.819781642746221451
39163.549355912684405 21.813473267340199868
39163.595766974314756 21.807164826876640262
39163.642177449342853 21.800856321703530938
39163.688587348755391 21.794547752170394972
39163.734996683415375 21.788239118628382585
39163.781405464062118 21.781930421430352851
39163.827813701325795 21.775621660930966073
39163.874221405712888 21.769312837486761936
39163.920628587613464 21.763003951456344254
39163.967035257301177 21.756695003200562155
39164.01344142495509 21.750385993082606007
39164.059847100623301 21.74407692146808202
39164.106252294252045 21.737767788725097517
39164.152657015685691 21.731458595224403041
39164.199061274652195 21.725149341339303533
39164.245465080792201 21.718840027445576624
39164.291868443644489 21.712530653921415791
39164.338271372653253 21.706221221147302458
39164.384673877168098 21.699911729506073499
39164.431075966451317 21.693602179383017159
39164.477477649677894 21.68729257116602227
39164.523878935942776 21.680982905245649306
39164.570279834260873 21.674673182015308015
39164.616680353559786 21.668363401871388874
39164.66308050268708 21.662053565213376771
39164.709480290424835 21.655743672444156545
39164.755879725482373 21.649433723969821131
39164.802278816488979 21.643123720199529458
39164.848677572023007 21.636813661545776455
39164.8950760005755 21.630503548424492521
39164.941474110593845 21.62419338125510393
39164.987871910452668 21.617883160460600322
39165.03426940846839 21.611572886467609322
39165.080666612899222 21.605262559706453374
39165.127063531945169 21.598952180611217244
39165.173460173748026 21.592641749619801317
39165.21985654639866 21.586331267173751058
39165.266252657937002 21.580020733718210835
39165.312648516359332 21.573710149701987859
39165.359044129603717 21.567399515577605484
39165.405439505564573 21.561088831801335175
39165.451834652099933 21.554778098833025979
39165.4982295770169 21.548467317136125843
39165.544624288078921 21.54215648717773135
39165.591018793020339 21.535845609428644565
39165.637413099524565 21.52953468436342277
39165.68380721523863 21.523223712460438861
39165.730201147780463 21.51691269420203767
39165.776594904717058 21.510601630074713597
39165.82298849360086 21.504290520569185219
39165.869381921933382 21.497979366180533844
39165.915775197201583 21.491668167408288781
39165.962168326848769 21.485356924756576547
39166.008561318289139 21.479045638734170609
39166.054954178915068 21.472734309854548229
39166.101346916082548 21.466422938635961515
39166.147739537125744 21.460111525601483606
39166.194132049356995 21.453800071279072625
39166.240524460044981 21.447488576201635624
39166.286916776451108 21.441177040907085427
39166.333309005807678 21.434865465938397477
39166.379701155317889 21.428553851843677336
39166.426093232163112 21.422242199176221078
39166.472485243510164 21.415930508494582796
39166.518877196504036 21.409618780362663415
39166.565269098267891 21.403307015349792408
39166.611660955910338 21.396995214030884114
39166.658052776532713 21.390683376986604713
39166.704444567214523 21.384371504803425523
39166.750836335020722 21.378059598073704706
39166.797228087008989 21.371747657395737008
39166.843619830222451 21.365435683373860343
39166.890011571704235 21.359123676618708032
39166.936403315834468 21.352811638107823455
39166.982795068783162 21.346499568583421791
39167.029186837593443 21.340187468676372617
39167.075578629308438 21.333875339024316986
39167.121970450985827 21.327563180271752685
39167.168362309683289 21.321250993070091084
39167.214754212465778 21.314938778077742398
39167.261146166420076 21.30862653596018319
39167.307538178625691 21.302314267390038083
39167.353930256183958 21.29600197304723963
39167.400322406203486 21.289689653619248588
39167.446714635814715 21.283377309801263522
39167.493106952155358 21.277064942296391337
39167.539499362392235 21.270752551815750309
39167.58589187371399 21.264440139078509162
39167.632284493331099 21.258127704812064707
39167.678677228483139 21.251815249752102233
39167.725070086431515 21.24550277464264525
39167.771463074459461 21.239190280236076802
39167.817856199879316 21.232877767293246052
39167.864249470032519 21.226565236583542884
39167.910642892289616 21.220252688885011594
39167.957036474050255 21.213940124984436153
39168.003430222735915 21.207627545677436132
39168.04982414580445 21.201314951768576833
39168.096218250750098 21.195002344071461664
39168.142612545081647 21.188689723409002141
39168.189007036358817 21.182377090613517368
39168.23540173217043 21.176064446526801532
39168.281796640141692 21.169751792000209178
39168.32819176792691 21.163439127894775993
39168.374587123231322 21.157126455081311178
39168.420982713781996 21.150813774440511139
39168.46737854735693 21.144501086863069617
39168.513774631763226 21.138188393249784269
39168.560170974851644 21.131875694511663255
39168.606567584516597 21.125562991570049576
39168.652964468688879 21.119250285356724106
39168.699361635342939 21.11293757681400507
39168.745759092496883 21.106624866894758696
39168.792156848219747 21.10031215656242054
39168.838554910616949 21.093999446791119823
39168.884953287852113 21.087686738565796674
39168.931351988132519 21.081374032882326475
39168.977751019709103 21.075061330747690391
39169.024150390891009 21.068748633180227614
39169.070550110031036 21.062435941209720625
39169.11695018554019 21.056123255877643885
39169.163350625880412 21.049810578237419634
39169.209751439579122 21.043497909354407227
39169.256152635214676 21.037185250306041695
39169.302554221423634 21.030872602181965192
39169.348956206908042 21.024559966084204632
39169.395358600428153 21.018247343127551829
39169.441761410802428 21.011934734439670081
39169.488164646922087 21.005622141161140348
39169.534568317743833 20.999309564445646004
39169.580972432297131 20.992997005459997695
39169.627376999684202 20.986684465384172427
39169.673782029072754 20.980371945411476986
39169.720187529710529 20.974059446748697155
39169.766593510925304 20.967746970616261137
39169.812999982117617 20.961434518248406533
39169.859406952760764 20.955122090893326003
39169.905814432415355 20.948809689813337798
39169.952222430722031 20.942497316285045628
39169.998630957394198 20.936184971599509197
39170.04504002223257 20.92987265706242539
39170.091449635117897 20.923560373994295247
39170.137859806025517 20.917248123730605158
39170.184270545003528 20.910935907622008045
39170.230681862187339 20.904623727034504554
39170.277093767806946 20.898311583349631348
39170.323506272179657 20.891999477964812826
39170.369919385710091 20.885687412293908238
39170.416333118897455 20.87937538776727564
39170.46274748234282 20.873063405831949524
39170.509162486734567 20.866751467951843324
39170.555578142870218 20.860439575607944818
39170.601994461634604 20.85412773029850797
39170.648411454014422 20.847815933539280309
39170.694829131098231 20.841504186864025172
39170.741247504091007 20.83519249182465316
39170.787666584299586 20.828880849991193713
39170.834086383154499 20.822569262951994062
39170.880506912188139 20.816257732313925288
39170.926928183049313 20.809946259702602589
39170.973350207510521 20.80363484676263397
39171.019772997453401 20.797323495157918671
39171.066196564883285 20.79101220657185678
39171.112620921929192 20.784700982707580152
39171.159046080829285 20.778389825288186898
39171.20547205395269 20.772078736056972303
39171.251898853784951 20.765767716777681073
39171.298326492949855 20.759456769234745366
39171.344754984180327 20.753145895233519269
39171.391184340347536 20.746835096600531045
39171.437614574453619 20.74052437518373182
39171.484045699624403 20.734213732852758483
39171.530477729116683 20.727903171499182378
39171.576910676318221 20.721592693036786414
39171.623344554755022 20.715282299401899024
39171.669779378091334 20.708971992553752983
39171.716215160136926 20.702661774474620415
39171.762651914825256 20.696351647170089905
39171.809089656249853 20.69004161266934716
39171.855528398635215 20.683731673025452125
39171.901968156365911 20.677421830315637408
39171.948408943964751 20.671112086641592498
39171.994850776100066 20.664802444129762193
39172.041293667600257 20.658492904931637923
39172.087737633439247 20.652183471224073941
39172.134182688743749 20.645874145209582196
39172.180628848800552 20.639564929116648528
39172.227076129049237 20.633255825200187417
39172.27352454510401 20.626946835742028696
39172.319974112724594 20.620637963051080987
39172.366424847859889 20.614329209463665649
39172.412876766618865 20.608020577343790336
39172.459329885292391 20.601712069083486512
39172.505784220331407 20.59540368710314695
39172.552239788383304 20.589095433851817063
39172.598696606255544 20.582787311807482666
39172.645154690944764 20.576479323477425254
39172.691614059636777 20.570171471398570162
39172.738074729692016 20.563863758137866711
39172.784536718652816 20.557556186292679001
39172.831000044265238 20.551248758491230006
39172.877464724449965 20.54494147739298171
39172.923930777331407 20.538634345689072092
39172.970398221223149 20.532327366102801847
39173.016867074642505 20.526020541389918606
39173.063337356310512 20.519713874339128523
39173.109809085137385 20.513407367772451551
39173.156282280258893 20.507101024545651313
39173.202756961014529 20.500794847548807098
39173.249233146962069 20.494488839706679784
39173.295710857863014 20.488183003979127506
39173.342190113711695 20.481877343361528432
39173.38867093470617 20.475571860885221298
39173.435153341284604 20.469266559617935286
39173.481637354096165 20.462961442664237666
39173.528122994030127 20.456656513165981437
39173.574610282194044 20.450351774302760077
39173.621099239928299 20.444047229292369394
39173.667589888813382 20.437742881391269378
39173.71408225066989 20.431438733895181059
39173.76057634755125 20.425134790139892971
39173.80707220176555 20.418831053501783401
39173.853569835875533 20.412527527398012239
39173.900069272705878 20.406224215287004142
39173.946570535328647 20.399921120668956576
39173.993073647099664 20.393618247086379824
39174.039578631629411 20.387315598124541083
39174.086085512797581 20.381013177411965387
39174.132594314760354 20.374710988621103525
39174.179105061957671 20.368409035468967971
39174.225617779098684 20.362107321717807906
39174.27213249119086 20.355805851175819754
39174.31864922351815 20.349504627697566406
39174.365168001677375 20.343203655184534995
39174.41168885154184 20.336902937585701778
39174.458211799297715 20.330602478898114782
39174.504736871429486 20.324302283167479999
39174.55126409472723 20.318002354488751138
39174.597793496301165 20.311702697006730034
39174.644325103567098 20.305403314916667057
39174.690858944260981 20.299104212464815333
39174.737395046446181 20.292805393949045367
39174.78393343850621 20.286506863719484528
39174.830474149151996 20.280208626179195619
39174.877017207436438 20.273910685784866104
39174.923562642747129 20.2676130470474547
39174.970110484820907 20.261315714532862842
39175.016660763729305 20.25501869286261325
39175.063213509914931 20.248721986714546262
39175.109768754155084 20.242425600823519716
39175.156326527605415 20.236129539982130154
39175.202886861778097 20.229833809041750214
39175.249449788563652 20.223538412913242723
39175.296015340230952 20.217243356567745849
39175.34258354944177 20.210948645037444038
39175.389154449243506 20.204654283416456195
39175.435728073083737 20.198360276861908602
39175.482304454810219 20.192066630594613486
39175.528883628692711 20.185773349900067331
39175.575465629415703 20.179480440129189844
39175.622050492085691 20.173187906699102001
39175.668638252238452 20.166895755093989351
39175.715228945853596 20.160603990865965329
39175.761822609354567 20.154312619635973647
39175.808419279608643 20.148021647094793707
39175.855018993956037 20.141731079003797333
39175.901621790188074 20.135440921195989716
39175.948227706590842 20.129151179576908248
39175.994836781923368 20.122861860125556888
39176.041449055432167 20.116572968895383156
39176.088064566873072 20.110284512015258684
39176.13468335649668 20.103996495690488189
39176.181305465070182 20.097708926203821989
39176.22793093387736 20.091421809916507613
39176.27455980474042 20.085135153269337849
39176.321192120012711 20.078848962783762744
39176.367827922593278 20.072563245063371085
39176.414467255941418 20.066278006794934896
39176.461110164083948 20.059993254749642233
39176.507756691615214 20.053708995784415237
39176.554406883726188 20.047425236843050556
39176.601060786204471 20.041141984957420163
39176.647718445427017 20.034859247248707703
39176.694379908396513 20.028577030928662595
39176.741045222741377 20.022295343300879011
39176.787714436723036 20.016014191762106833
39176.834387599250476 20.009733583803569701
39176.881064759887522 20.003453527012336366
39176.927745968867384 19.997174029072695589
39176.974431277107215 19.990895097767587885
39177.021120736208104 19.984616740980154503
39177.067814398484188 19.978338966695154966
39177.114512316977198 19.972061783000416568
39177.161214545441908 19.965785198088436658
39177.207921138397069 19.959509220257917406
39177.254632151110854 19.953233857915375182
39177.301347639629967 19.946959119576781916
39177.34806766078691 19.94068501386922776
39177.394792272214545 19.934411549532644159
39177.441521532367915 19.928138735421541128
39177.488255500524247 19.921866580506808475
39177.534994236812054 19.915595093877531241
39177.581737802225689 19.909324284742872635
39177.62848625863262 19.903054162433971186
39177.675239668802533 19.896784736405908944
39177.721998096414609 19.890516016239693897
39177.768761606079352 19.884248011644206855
39177.815530263360415 19.877980732458269131
39177.86230413478188 19.87171418865278838
39177.909083287857356 19.865448390332957729
39177.955867791104538 19.859183347740515302
39178.002657714067027 19.852919071256046379
39178.049453127336164 19.846655571401345952
39178.096254102565581 19.840392858841848778
39178.143060712500301 19.834130944389105622
39178.189873030991293 19.827869839003351871
39178.236691133031854 19.821609553796371017
39178.28351509476488 19.815350100034066827
39178.330344993519248 19.809091489139298403
39178.37718090783892 19.802833732694502089
39178.424022917504772 19.796576842444565614
39178.470871103556419 19.790320830299794608
39178.517725548321323 19.78406570833893241
39178.564586335443892 19.777811488812282903
39178.61145354990731 19.771558184144893744
39178.658327278062643 19.765305806939849731
39178.705207607672492 19.75905436998155551
39178.752094627910992 19.752803886239135522
39178.798988429414749 19.74655436886999027
39178.845889104319212 19.740305831223427191
39178.892796746273234 19.734058286844408769
39178.939711450475443 19.727811749477407233
39178.986633313725179 19.721566233070344509
39179.033562434429768 19.715321751778663639
39179.080498912655457 19.709078319969481896
39179.127442850156513 19.70283595222587536
39179.174394350426155 19.696594663351277177
39179.221353518711112 19.690354468374000163
39179.268320462069823 19.68411538255187665
39179.315295289401547 19.677877421377093725
39179.362278111482738 19.671640600581564939
39179.40926904103253 19.665404936141921866
39179.456268192727293 19.65917044428465843
39179.503275683258835 19.652937141491470641
39179.550291631385335 19.64670504450474553
39179.597316157953173 19.640474170333199311
39179.64434938596969 19.634244536257682512
39179.691391440632287 19.628016159837148535
39179.738442449386639 19.621789058914792747
39179.785502541963069 19.615563251624372754
39179.832571850456588 19.609338756396713421
39179.879650509341445 19.603115591966393083
39179.926738655551162 19.596893777378628698
39179.973836428522191 19.590673331996363515
39180.020943970252119 19.584454275507560794
39180.068061425350606 19.578236627932703584
39180.115188941119413 19.572020409632536087
39180.16232666758151 19.565805641316053709
39180.209474757568387 19.559592344048812862
39180.256633366770984 19.553380539261606685
39180.303802653812454 19.547170248759147881
39180.350982780306367 19.540961494728911418
39180.398173910929472 19.534754299750325401
39180.445376213494455 19.528548686804246159
39180.492589859015425 19.522344679282710445
39180.539815021773393 19.516142300998989612
39180.587051879403589 19.509941576197942226
39180.63430061294639 19.503742529566640229
39180.681561406949186 19.497545186245265114
39180.728834449524584 19.491349571838359367
39180.776119932444999 19.485155712426461605
39180.823418051215413 19.478963634578082775
39180.870729005146131 19.472773365361934594
39180.918052997461928 19.466584932359641158
39180.965390235360246 19.460398363678795164
39181.012740930113068 19.454213687966426249
39181.060105297154223 19.448030934422860128
39181.107483556166699 19.441850132816004049
39181.15487593117723 19.435671313496044377
39181.202282650658162 19.429494507410687731
39181.249703947607486 19.423319746121219254
39181.297140059665253 19.417147061818429421
39181.344591229200887 19.410976487339123508
39181.392057703415048 19.404808056183128429
39181.439539734456048 19.398641802530828926
39181.487037579514435 19.392477761261240232
39181.534551500917587 19.386315967970499941
39181.582081766260671 19.380156458990963841
39181.629628648501239 19.373999271410912826
39181.677192426082911 19.367844443095194151
39181.724773383029969 19.361692012706001265
39181.772371809078322 19.355542019724257585
39181.81998799979192 19.349394504471685963
39181.867622256664617 19.343249508133467884
39181.91527488725842 19.33710707278167007
39181.962946205312619 19.33096724139953082
39182.010636530867487 19.324830057906641656
39182.058346190409793 19.318695567184402506
39182.106075516967394 19.312563815101920994
39182.153824850269302 19.306434848542945559
39182.201594536840275 19.300308715433256879
39182.249384930146334 19.294185464768936811
39182.29719639072573 19.288065146645418935
39182.345029286298086 19.281947812287434374
39182.392883991909912 19.275833514079760533
39182.4407608900583 19.269722305598627088
39182.48866037082189 19.263614241644003044
39182.53658283198456 19.257509378272736456
39182.584528679173673 19.251407772832539678
39182.632498325976485 19.245309483996852151
39182.680492194078397 19.239214571800570042
39182.728510713393916 19.233123097676514845
39182.77655432219035 19.227035124492804385
39182.824623467204219 19.220950716591286067
39182.87271860378678 19.214869939826897394
39182.920840196020436 19.208792861607964397
39182.968988716820604 19.202719550937406012
39183.017164648081234 19.196650078454904786
39183.065368480769393 19.190584516480022614
39183.113600715063512 19.18452293905625794
39183.161861860433419 19.178465421996037321
39183.210152435778582 19.172412042926659126
39183.258472969508148 19.166362881337175139
39183.306823999650078 19.160318018626181669
39183.355206073945737 19.154277538150669358
39183.403619749929931 19.148241525275768282
39183.452065595018212 19.142210067425271092
39183.500544186601473 19.136183254133037224
39183.549056112089602 19.130161177095285296
39183.597601968991512 19.124143930223709731
39183.646182364958804 19.118131609699400286
39183.694797917843971 19.112124314027489902
39183.743449255729502 19.106122144092612558
39183.792137016964261 19.100125203214989966
39183.840861850170768 19.094133597207065378
39183.889624414274294 19.088147434430997151
39183.938425378466491 19.08216682585724655
39183.98726542222721 19.076191885123083836
39184.03614523527358 19.070222728591243566
39184.085065517523617 19.06425947540920518
39184.134026979038026 19.058302247569042009
39184.183030339947436 19.052351169967007394
39184.232076330365089 19.04640637046325935
39184.281165690270427 19.040467979941627874
39184.33029916939995 19.034536132369247241
39184.379477527094423 19.028610964855769083
39184.428701532146079 19.022692617712351648
39184.477971962602169 19.0167812345102476
39184.527289605561236 19.010876962138780755
39184.576655256962113 19.004979950862558979
39184.626069721307431 18.999090354377738521
39184.675533811394416 18.993208329867229622
39184.725048348023847 18.98733403805459119
39184.774614159672637 18.981467643256511479
39184.824232082122762 18.975609313433594139
39184.87390295809746 18.96975922023951
39184.923627636846504 18.963917539068184226
39184.973406973716919 18.958084449098048907
39185.023241829680046 18.952260133334110748
39185.073133070822223 18.946444778647268947
39185.123081567828194 18.940638575810485378
39185.17308819542086 18.934841719532027327
39185.223153831764648 18.929054408484926597
39185.273279357832507 18.923276845332697604
39185.323465656758344 18.917509236751335777
39185.373713613153086 18.911751793446171632
39185.424024112347979 18.906004730164195138
39185.474398039666994 18.900268265701523518
39185.524836279611918 18.894542622905568408
39185.575339715025621 18.88882802867158972
39185.625909226233489 18.883124713933330696
39185.676545690163039 18.87743291364740017
39185.727249979383487 18.871752866771121404
39185.778022961174429 18.866084816233559707
39185.828865496514481 18.860429008899338044
39185.879778439055372 18.854785695525194456
39185.930762634096027 18.849155130708677319
39185.981818917483906 18.843537572828463311
39186.03294811451633 18.837933283976376231
39186.084151038819982 18.832342529881053395
39186.135428491186758 18.826765579822783536
39186.186781258402334 18.821202706539853722
39186.238210112060187 18.815654186125442493
39186.289715807339235 18.810120297914785681
39186.341299081810575 18.804601324362817394
39186.392960654164199 18.799097550912549082
39186.444701223015727 18.793609265852829537
39186.496521465633123 18.788136760166011641
39186.5484220366925 18.782680327365781636
39186.600403567048488 18.777240263324831204
39186.652466662468214 18.771816866092553511
39186.704611902423494 18.766410435702873372
39186.756839838868473 18.76102127397168573
39186.809150995017262 18.75564968428502155
39186.861545864187065 18.750295971377546778
39186.914024908619467 18.744960441101795823
39186.966588558352669 18.739643400188217726
39187.019237210108258 18.734345155996766863
39187.071971226228925 18.729066016259533711
39187.1247909336671 18.723806288815367793
39187.177696622966323 18.718566281335455415
39187.230688547344471 18.713346301042275144
39187.283766921791539 18.708146654421486943
39187.336931922211079 18.702967646927572076
39187.390183684670774 18.697809582683664331
39187.443522304660291 18.692672764175789268
39187.496947836421896 18.687557491942939691
39187.550460292361095 18.682464064262823911
39187.60405964252277 18.677392776834249588
39187.657745814110967 18.672343922457134369
39187.711518691132369 18.667317790710281855
39187.765378114039777 18.662314667627548204
39187.819323879535659 18.657334835373259097
39187.873355740368424 18.652378571917772376
39187.927473405266937 18.647446150713872015
39187.981676538925967 18.642537840374778568
39188.035964762071671 18.637653904354753109
39188.090337651621667 18.632794600633161508
39188.14479474091786 18.627960181402951179
39188.199335520032037 18.623150892762446063
39188.25395943615149 18.618366974414488624
39188.308665894066507 18.613608659369472065
39188.363454256701516 18.608876173655815478
39188.418323845748091 18.604169736037615479
39188.473273942348897 18.59948955774053303
39188.528303787898039 18.594835842186753894
39188.583412584877806 18.590208784739395753
39188.638599497782707 18.585608572456951748
39188.693863654109009 18.581035383859401122
39188.749204145431577 18.576489388704686689
39188.804620028517093 18.571970747777026389
39188.860110326524591 18.56747961269097047
39188.915674030256923 18.563016125705242843
39188.971310099484981 18.55858041955059079
39189.027017464330129 18.554172617273330559
39189.082795026661188 18.549792832091441142
39189.138641661607835 18.545441167265600768
39189.194556219074002 18.541117715985464542
39189.250537525302207 18.536822561271257825
39189.306584384496091 18.532555775892117111
39189.362695580493892 18.528317422301093131
39189.418869878434634 18.524107552586503544
39189.475106026511639 18.51992620844033155
39189.531402757711476 18.515773421143819633
39189.587758791589295 18.511649211570741613
39189.644172836087819 18.507553590207844962
39189.70064358934178 18.503486557193063788
39189.757169741518737 18.499448102370955382
39189.81374997664534 18.495438205365712037
39189.870382974455424 18.491456835671538528
39189.927067412208999 18.487503952760430792
39189.983801966533065 18.483579506206769594
39190.040585315240605 18.479683435828590632
39190.097416139120469 18.475815671845420951
39190.154293123719981 18.471976135052049273
39190.211214961105725 18.468164737008045506
39190.26818035155884 18.464381380242453901
39190.325188005277596 18.460625958472789421
39190.382236644029035 18.456898356834994246
39190.43932500272058 18.45319845213010268
39190.496451830957085 18.449526113082878709
39190.553615894561517 18.445881200612596729
39190.610815977001039 18.442263568114849903
39190.668050880783994 18.4386730617533523
39190.725319428784132 18.435109520761379542
39190.782620465499349 18.431572777751281222
39190.839952858252218 18.428062659031947845
39190.897315498303215 18.424578984933621228
39190.954707301898452 18.421121570137501067
39191.012127211266488 18.417690224011487032
39191.069574195498717 18.41428475094813777
39191.127047251400654 18.410904950706868277
39191.184545404234086 18.407550618758168781
39191.242067708401009 18.404221546628804163
39191.299613248047535 18.400917522247677738
39191.357181137595035 18.397638330291385955
39191.414770522191247 18.394383752527541986
39191.472380578103184 18.391153568179333888
39191.530010513066372 18.387947554264851391
39191.587659566488583 18.384765485933424856
39191.64532700964628 18.381607136796866087
39191.70301214576466 18.378472279253234234
39191.760714310075855 18.375360684806150147
39191.818432869789831 18.372272124377111879
39191.876167224007077 18.369206368608651303
39191.933916803594911 18.366163188159845276
39191.991681070976483 18.363142353994959421
39192.049459519912489 18.360143637661376914
39192.107251675181033 18.357166811559217479
39192.16505709226476 18.354211649201332079
39192.222875356965233 18.351277925463371332
39192.280706084988196 18.348365416822037588
39192.338548921492475 18.345473901585723553
39192.396403540624306 18.342603160114880012
39192.454269644993474 18.339752975032084237
39192.512146965149441 18.336923131422459221
39192.570035259021097 18.334113417023548465
39192.627934311363788 18.331323622406220153
39192.685843933140859 18.328553541145129913
39192.743763960934302 18.325802969979307022
39192.801694256319024 18.323071708963343696
39192.859634705229837 18.320359561609375731
39192.917585217306623 18.317666335019886503
39192.975545725268603 18.314991840011067836
39193.033516184237669 18.312335891227711215
39193.091496571105381 18.309698307248979177
39193.149486883856298 18.307078910686104933
39193.207487140927697 18.304477528272492748
39193.265497380540182 18.301893990945735879
39193.323517660050129 18.29932813392290214
39193.381548055280291 18.296779796768262827
39193.439588659901347 18.294248823454275055
39193.497639584755234 18.291735062416794477
39193.555700957258523 18.289238366602770469
39193.613772920740303 18.286758593512029591
39193.671855633845553 18.284295605233804594
39193.72994926989486 18.281849268477049719
39193.788054016309616 18.279419454595338124
39193.84617007397901 18.277006039606799703
39193.904297656699782 18.274608904210115412
39193.96243699057959 18.272227933795324617
39194.020588313469489 18.269863018450415382
39194.078751874396403 18.267514052963885973
39194.136927933017432 18.265180936823853131
39194.195116759066877 18.26286357421314932
39194.253318631832371 18.260561874001361105
39194.311533839616459 18.258275749733005711
39194.369762679227279 18.256005119613590182
39194.428005455454695 18.253749906492348742
39194.486262480575533 18.251510037842237466
39194.544534073836985 18.249285445737438494
39194.602820560998225 18.24707606682797234
39194.661122273806541 18.244881842316026166
39194.719439549538947 18.242702717927201661
39194.77777273052925 18.240538643879016689
39194.836122163687833 18.2383895748473428
39194.894488200035994 18.236255469932324047
39194.95287119425484 18.234136292621819564
39195.011271504212345 18.232032010752362794
39195.069689490526798 18.229942596468294624
39195.12812551609386 18.227868026179535832
39195.18657994565001 18.225808280517849624
39195.245053145321435 18.223763344292187583
39195.303545482172922 18.221733206441520281
39195.362057323778572 18.219717859986289454
39195.42058903776342 18.21771730197844974
39195.479140991374152 18.215731533450323809
39195.537713551006163 18.213760559361212188
39195.596307081774285 18.211804388542351063
39195.654921947039838 18.209863033640150576
39195.713558507981361 18.207936511057752682
39195.772217123114388 18.20602484089476647
39195.83089814784762 18.204128046885344361
39195.889601934017264 18.202246156334044969
39195.948328829421371 18.200379200049717099
39196.007079177368723 18.198527212277525678
39196.065853316191351 18.196690230629382512
39196.124651578778867 18.194868296011510012
39196.183474292098253 18.193061452549656565
39196.242321776728204 18.191269747512517796
39196.301194346342527 18.189493231231985249
39196.360092307259038 18.187731957020833562
39196.419015957930242 18.185985981087277708
39196.477965588448569 18.184255362447085957
39196.536941480066162 18.182540162833404906
39196.595943904692831 18.180840446603092175
39196.654973124372191 18.179156280639787724
39196.714029390823271 18.17748773425410036
39196.773112944916647 18.175834879079957318
39196.832224016172404 18.174197788967415335
39196.891362822287192 18.172576539872395074
39196.950529568624916 18.170971209742631913
39197.009724447707413 18.169381878400351127
39197.068947638756072 18.167808627421443646
39197.128199307167961 18.166251540011405297
39197.187479604071996 18.164710700877048311
39197.246788665826898 18.163186196094539326
39197.30612661356281 18.161678112973561383
39197.36549355272291 18.160186539918242943
39197.424889572612301 18.158711566284367223
39197.484314745976008 18.157253282232872493
39197.543769128562417 18.155811778579881377
39197.603252758715826 18.154387146643273354
39197.662765656990814 18.152979478086134435
39197.72230782576662 18.15158886475689215
39197.781879248890618 18.15021539852617849
39197.841479891358176 18.148859171120580669
39197.901109698985238 18.147520273953848147
39197.960768598110008 18.146198797955662485
39198.02045649534557 18.144894833397657408
39198.08017327732523 18.143608469718230936
39198.139918810513336 18.142339795345058917
39198.199692941008834 18.141088897516254974
39198.259495494399744 18.139855862100016992
39198.319326275639469 18.138640773413442275
39198.379185068981315 18.137443714040792031
39198.439071637905727 18.136264764651073733
39198.498985725127568 18.135104003815776252
39198.558927052617946 18.133961507827066839
39198.618895321662421 18.132837350517096553
39198.678890212977421 18.131731603078442561
39198.738911386863037 18.130644333892131925
39198.798958483392198 18.129575608352251237
39198.859031122650777 18.128525488693323808
39198.919128905014077 18.127494033824195441
39198.979251411466976 18.12648129916156492
39199.039398203953169 18.12548733646796606
39199.099568825782626 18.124512193694538809
39199.159762802089972 18.123555914828404667
39199.219979640314705 18.122618539747445965
39199.280218830717786 18.121700104078506399
39199.340479846985545 18.120800639062373705
39199.400762146811758 18.119920171425722089
39199.461065172559756 18.119058723260774713
39199.521388351953647 18.118216311911737648
39199.581731098791352 18.117392949869202567
39199.642092813708587 18.116588644672642516
39199.702472884971939 18.115803398825612192
39199.762870689308329 18.115037209716341238
39199.82328559274174 18.114290069547209328
39199.883716951488168 18.113561965273746068
39199.944164112850558 18.112852878552761382
39200.004626416135579 18.112162785700931522
39200.065103193621326 18.111491657663592036
39200.125593771503191 18.110839459993627543
39200.186097470861569 18.110206152840248706
39200.246613608658663 18.10959169094762089
39200.307141498728015 18.108996023664374775
39200.367680452756758 18.108419094962339813
39200.428229781311529 18.107860843469342882
39200.488788794827997 18.107321202508227742
39200.549356804600393 18.106800100144702981
39200.609933123792871 18.106297459245631387
39200.670517068407207 18.105813197547352189
39200.731107958243228 18.105347227732476512
39200.791705117873789 18.10489945751244889
39200.852307877561543 18.104469789720184281
39200.912915574175713 18.104058122412542531
39200.973527552087035 18.103664348981247656
39201.034143164026318 18.103288358270695824
39201.094761771935737 18.102930034702037432
39201.155382747798285 18.102589258404290007
39201.21600547440903 18.102265905351249131
39201.276629346117261 18.10195984750468412
39201.337253769575909 18.101670952965633887
39201.397877982315549 18.101399086918373627
39201.45850132018677 18.10114411044969529
39201.519123237958411 18.100905880756727129
39201.579743205504201 18.100684251824532112
39201.640360708319349 18.10047907459265204
39201.700975248000759 18.100290197124529357
39201.761586342698138 18.100117464778328724
39201.822193527528725 18.099960720378586387
39201.882796354941092 18.099819804388697975
39201.943394395057112 18.099694555084433034
39202.003987235955719 18.099584808729439089
39202.0645744839494 18.099490399747235614
39202.125155763787916 18.099411160892486805
39202.18573071888386 18.099346923435366108
39202.246299011429073 18.099297517331145002
39202.306860322532884 18.099262771387447657
39202.3674143523167 18.099242513430095158
39202.427960819964937 18.099236570465631502
39202.488499463754124 18.099244768840961228
39202.549030041052902 18.09926693440051082
39202.609552328300197 18.099302892639656193
39202.670066120947013 18.099352468854384313
39202.730571233383671 18.099415488287998954
39202.791067498823395 18.099491776273666233
39202.851554769193172 18.099581158373364786
39202.912032914995507 18.099683460512338229
39202.972501825148356 18.099798509109234601
39203.032961406803224 18.099926131202153101
39203.093411585170543 18.100066154570551902
39203.153852303294116 18.100218407852747049
39203.21428352183284 18.100382720659016655
39203.274705218849704 18.100558923680360124
39203.335117389535299 18.100746848793633603
39203.395520045996818 18.100946329160965576
39203.455913216981571 18.101157199324845237
39203.516296947600495 18.101379295299370398
39203.576671299080772 18.101612454657324491
39203.63703634848207 18.101856516613654691
39203.697392188405502 18.102111322103564106
39203.757738926724414 18.102376713858006951
39203.818076686293352 18.102652536474792555
39203.878405604678846 18.102938636485042423
39203.938725833868375 18.10323486241683355
39203.999037539986602 18.103541064855011911
39204.059340903018892 18.103857096498835233
39204.119636116549373 18.10418281221523884
39204.179923387477174 18.104518069088662457
39204.240202935761772 18.10486272646765471
39204.300474994139222 18.105216646008596371
39204.360739807867503 18.105579691716247481
39204.420997634479136 18.105951729981494935
39204.481248743526521 18.106332629616488816
39204.541493416349113 18.106722261887103542
39204.601731945833308 18.107120500542990271
39204.661964636179619 18.10752722184498964
39204.722191802713496 18.107942304590633142
39204.782413771630672 18.10836563013787881
39204.842630879829812 18.108797082426654868
39204.902843474701513 18.109236547998836642
39204.963051913946401 18.109683916016518168
39205.023256565400516 18.110139078278866265
39205.083457806867955 18.11060192923717338
39205.143656025953533 18.111072366008318824
39205.203851619931811 18.11155028838733827
39205.264044995579752 18.112035598859133501
39205.32423656906758 18.112528202609176731
39205.384426765820535 18.113028007533419128
39205.444616020431567 18.113534924247467472
39205.50480477653764 18.114048866095089352
39205.564993486717867 18.114569749156146372
39205.625182408417459 18.11509749045373141
39205.68537198066042 18.115632011214682251
39205.745562678021088 18.116173235654112972
39205.80575498376129 18.116721090751923384
39205.865949389757589 18.117275506259716167
39205.926146396464901 18.117836414707284121
39205.986346512865566 18.118403751409143609
39206.046550256469345 18.118977454471309585
39206.10675815326249 18.119557464798134561
39206.166970737700467 18.120143726099342985
39206.227188552693406 18.120736184897459964
39206.28741214962065 18.121334790535808423
39206.347642088316206 18.121939495186882851
39206.407878937090572 18.122550253861263059
39206.468123272752564 18.123167024417085713
39206.528375680638419 18.123789767570254838
39206.588636754633626 18.1244184469054197
39206.648907097223855 18.125053028887560203
39206.709187319524062 18.125693482874240203
39206.769478041351249 18.126339781128457673
39206.829779891260841 18.126991898832841343
39206.890093506619451 18.127649814104646708
39206.950419533670356 18.128313508011743238
39207.010758627598989 18.128982964589493321
39207.071111452612968 18.129658170858856892
39207.131478682014858 18.130339116845597403
39207.191860998282209 18.131025795600507422
39207.252259093162138 18.131718203220845709
39207.312673667729541 18.132416338872939576
39207.373105432510783 18.133120204815938337
39207.433555107541906 18.133829806426842168
39207.494023422485043 18.134545152226596798
39207.554511116708454 18.135266253907513345
39207.615018939381116 18.135993126361778849
39207.675547649567307 18.136725787710897606
39207.736098016321193 18.137464259336095296
39207.796670818774146 18.138208565910403536
39207.857266846236598 18.138958735431351954
39207.917886898270808 18.139714799255564515
39207.978531784785446 18.140476792134382578
39208.039202326101076 18.141244752250646144
39208.099899353037472 18.142018721256309988
39208.160623706979095 18.142798744310777437
39208.221376239940582 18.143584870120822217
39208.282157814624952 18.144377150981391367
39208.342969304459984 18.145175642817271466
39208.403811593649152 18.145980405225298426
39208.464685577208002 18.146791501517721912
39208.525592160964152 18.14760899876617728
39208.586532261579123 18.148432967846158448
39208.647506806511956 18.149263483481661297
39208.708516734026489 18.150100624290200102
39208.76956299313315 18.150944472828477672
39208.830646543545299 18.15179511563821535
39208.891768355606473 18.152652643292032764
39208.952929410203069 18.153517150439178351
39209.014130698640656 18.154388735850961467
39209.075373222542112 18.155267502465612495
39209.136657993680274 18.15615355743257453
39209.197986033796042 18.157047012156191101
39209.259358374423755 18.157947982337610426
39209.320776056651084 18.158856588015972022
39209.382240130878927 18.15977295360809407
39209.443751656523091 18.16069720794615705
39209.505311701723258 18.161629484313515093
39209.566921342986461 18.162569920478492946
39209.628581664823287 18.163518658725394062
39209.690293759333144 18.164475845882758875
39209.752058725731331 18.165441633348482497
39209.813877669890644 18.16641617711131218
39209.87575170378841 18.167399637768454568
39209.937681944968062 18.168392180538898373
39209.999669515906135 18.169393975272182473
39210.061715543386526 18.170405196452037444
39210.123821157780185 18.171426023194651833
39210.185987492302957 18.172456639240962772
39210.248215682244336 18.173497232942658286
39210.31050686409435 18.174547997241319308
39210.372862174677721 18.175609129640303507
39210.435282750200713 18.176680832168848667
39210.497769725254329 18.17776331133807588
39210.5603242317884 18.178856778088182011
39210.62294739799836 18.179961447726938673
39210.685640347204753 18.18107753985809083
39210.748404196645424 18.182205278299672813
39210.811240056209499 18.18334489099164486
39210.874149027142266 18.184496609892374153
39210.937132200684573 18.185660670863839528
39211.000190656654013 18.186837313544405248
39211.06332546199701 18.188026781208858296
39211.126537669268146 18.189229320614881402
39211.189828315102204 18.19044518183553194
39211.253198418598913 18.191674618078955916
39211.316648979693127 18.192917885493699259
39211.380180977481359 18.194175242959556016
39211.443795368497376 18.195446951863775809
39211.50749308495142 18.196733275862222001
39211.571275032969425 18.19803448062524609
39211.635142090781301 18.199350833568207264
39211.699095106894674 18.200682603566580298
39211.763134898275894 18.202030060655275179
39211.82726224848011 18.203393475713053107
39211.891477905817737 18.204773120131964248
39211.955782581513631 18.206169265471814356
39212.020176947873551 18.207582183100175399
39212.084661636450619 18.209012143817982832
39212.14923723629181 18.210459417471223986
39212.213904292148072 18.211924272549769199
39212.278663302786299 18.213406975774738328
39212.343514719337691 18.21490779167445595
39212.40845894368249 18.216426982149958036
39212.47349632690748 18.217964806030988001
39212.538627167836239 18.21952151862468483
39212.60385171166854 18.221097371256821162
39212.669170148670673 18.222692610807573743
39212.734582612996746 18.224307479243808672
39212.80008918162639 18.22594221314880869
39212.865689873404335 18.227597043249776476
39212.931384648218227 18.229272193947103631
39212.997173406285583 18.230967882845689587
39213.063055987622647 18.232684320289962443
39213.129032171622384 18.234421708905848902
39213.195101676792547 18.236180243151263625
39213.261264160661085 18.237960108877139476
39213.327519219841633 18.239761482900540557
39213.393866390251787 18.241584532591932799
39213.460305147491454 18.243429415478459532
39213.526834907432203 18.245296278864817197
39213.593455026915763 18.247185259475870112
39213.660164804685337 18.249096483119547685
39213.726963482433348 18.251030064373178874
39213.793850246052898 18.25298610629432261
39213.860824226998375 18.254964700157721325
39213.927884503857058 18.256965925220427494
39213.995030104037141 18.258989848515490451
39214.062260005593998 18.261036524675283488
39214.129573139201966 18.263105995785540614
39214.196968390257098 18.265198291270685615
39214.264444601074501 18.267313427811483706
39214.332000573202095 18.269451409294617861
39214.399635069828946 18.271612226795312495
39214.467346818288206 18.273795858592187358
39214.535134512610966 18.276002270215538914
39214.602996816167433 18.278231414525688336
39214.670932364373584 18.280483231824259605
39214.73893976736872 18.282757649995641458
39214.807017612780328 18.285054584677737921
39214.875164468445291 18.28737393946097356
39214.9433788851602 18.289715606114306468
39215.011659399395285 18.292079464836948688
39215.080004536008346 18.294465384534099428
39215.14841281088593 18.296873223115600382
39215.216882733591774 18.299302827815758121
39215.285412809884292 18.301754035532656673
39215.354001544234052 18.304226673185663543
39215.422647442232119 18.306720558088372286
39215.491349012940191 18.309235498335269199
39215.560104771102488 18.311771293199772259
39215.628913239306712 18.31432773354237753
39215.697772950014041 18.316904602227037202
39215.766682447516359 18.319501674543889891
39215.835640289740695 18.322118718636396295
39215.9046450499809 18.324755495931338345
39215.973695318491082 18.32741176156974916
39216.042789703999006 18.330087264837025884
39216.111926835044869 18.3327817495915113
39216.181105361269147 18.335494954689384173
39216.250323954525811 18.338226614405055415
39216.319581309930072 18.340976458845325681
39216.388876146753319 18.343744214356568989
39216.458207209238026 18.346529603913868556
39216.527573267267144 18.349332347510301844
39216.596973116997106 18.352152162536491176
39216.666405581330764 18.354988764148579605
39216.735869510346674 18.357841865624809685
39216.805363781633787 18.360711178711397906
39216.874887300495175 18.363596413955846742
39216.944439000129933 18.366497281027605482
39217.014017841691384 18.369413489025841812
39217.083622814287082 18.372344746774192714
39217.153252934927878 18.375290763102412939
39217.222907248389674 18.37825124711483582
39217.292584827046085 18.381225908457789586
39217.362284770642873 18.384214457564166167
39217.432006206014194 18.387216605884329823
39217.501748286762449 18.390232066103813224
39217.571510192865389 18.393260552348625225
39217.641291130319587 18.396301780378333746
39217.711090330674779 18.399355467767016137
39217.780907050611859 18.402421334073459036
39217.850740571448114 18.40549910100045139
39217.920590198627906 18.408588492543671578
39217.990455261227908 18.41168923513036404
39218.060335111396853 18.414801057748473312
39218.130229123817116 18.417923692066917596
39218.200136695115361 18.421056872548764005
39218.270057243316842 18.4242003365540441
39218.339990207256051 18.427353824434302254
39218.409935046009196 18.430517079620056364
39218.479891238297569 18.433689848701217073
39218.5498582819273 18.436871881500575654
39218.619835693214554 18.44006293114045647
39218.689823006403458 18.443262754103471934
39218.759819773084018 18.446471110287308903
39218.829825561660982 18.449687763053866263
39218.899839956757205 18.452912479273017254
39218.969862558704335 18.456145029361046284
39219.039892982997117 18.459385187314676813
39219.10993085976952 18.462632730740551779
39219.179975833263597 18.465887440880180748
39219.250027561334718 18.469149102630332493
39219.320085714978632 18.47241750455939524
39219.3901499778367 18.475692438920333416
39219.460220045759343 18.478973701659366924
39219.530295626340376 18.48226109242093429
39219.600376438465901 18.485554414548865054
39219.670462211914128 18.488853475084546574
39219.740552686918818 18.492158084762291281
39219.810647613790934 18.495468058001627298
39219.880746752518462 18.498783212896643846
39219.95084987240989 18.502103371202391457
39220.020956751744961 18.505428358319491622
39220.091067177418154 18.508758003275858073
39220.161180944618536 18.51209213870606618
39220.231297856502351 18.515430600828729268
39220.301417723909253 18.51877322942141646
39220.371540365063993 18.522119867793506387
39220.441665605278104 18.525470362757989307
39220.511793276724347 18.528824564600139269
39220.581923218160227 18.532182327047127757
39220.652055274702434 18.535543507234006455
39220.722189297594014 18.538907965668315114
39220.792325143993367 18.542275566193353598
39220.862462676792347 18.545646175950405876
39220.932601764390711 18.549019665339642415
39221.002742280550592 18.552395907979875034
39221.072884104200057 18.555774780667206869
39221.143027119287581 18.559156163332929168
39221.21317121462198 18.562539939000700429
39221.28331628372689 18.56592599374253183
39221.353462224702525 18.569314216634762005
39221.423608940101985 18.572704499713385218
39221.493756336807564 18.576096737928583735
39221.56390432590706 18.579490829097782267
39221.634052822621015 18.582886673859281501
39221.704201746171748 18.586284175625738868
39221.774351019696041 18.589683240537109299
39221.844500570172386 18.593083777413134783
39221.914650328319112 18.596485697705713136
39221.984800228521635 18.599888915450854654
39222.054950208788796 18.603293347220837717
39222.12510020632908 18.606698911865830581
39222.195250143930025 18.610105529806400426
39222.265399971744046 18.613513125017309591
39222.335549643263221 18.616921623817273002
39222.405699115261086 18.620330954821564973
39222.475848347748979 18.623741048894640215
39222.545997303910553 18.627151839103081699
39222.616145950065402 18.630563260668854042
39222.68629425560357 18.633975250922713229
39222.75644219294918 18.637387749257918301
39222.826589737494942 18.640800697084117132
39222.896736867565778 18.644214037781530635
39222.966883564360614 18.647627716655549079
39223.037029811930552 18.651041680891655261
39223.107175597106107 18.654455879510667415
39223.177320909460832 18.657870263324355165
39223.247465741260385 18.661284784891446265
39223.317610087433422 18.664699398474386527
39223.387753945527948 18.668114059996483434
39223.457897315660375 18.671528726999010672
39223.528040200479154 18.674943358598792287
39223.598182605142938 18.678357915445989335
39223.668324537269655 18.681772359682490503
39223.738466006878298 18.685186654901187353
39223.808607026352547 18.688600766105693651
39223.878747610404389 18.692014659670920906
39223.948887775994081 18.695428303303991413
39224.019027542301046 18.698841666005449724
39224.089166930672945 18.702254718031021241
39224.159305964545638 18.705667430853992528
39224.229444669428631 18.709079777128348354
39224.299583072817768 18.712491730652168087
39224.36972120415885 18.71590326633170065
39224.43985909478215 18.719314360146043441
39224.509996777844208 18.722724989112389693
39224.580134288262343 18.726135131251915311
39224.650271662671003 18.72954476555600678
39224.720408939341723 18.732953871952759073
39224.790546158132202 18.736362431274542928
39224.860683360428084 18.739770425226165429
39224.930820575922553 18.743177835715542301
39225.0009578398749 18.746584645663890711
39225.071095197177783 18.749990839176771118
39225.141232694026257 18.753396401111764646
39225.211370377859566 18.756801317049649924
39225.281508297266555 18.760205573266112822
39225.351646501956566 18.763609156703765279
39225.421785042664851 18.767012054944849808
39225.491923971116194 18.770414256183705959
39225.562063339937595 18.773815749200210234
39225.632203202621895 18.777216523334331555
39225.70234361346229 18.780616568461212523
39225.772484627472295 18.784015874966726756
39225.842626300327538 18.787414433723604645
39225.912768688300275 18.790812236068109797
39225.982911848186632 18.794209273777283897
39226.053055837262946 18.797605539046688961
39226.123200713191181 18.801001024468213529
39226.193346533989825 18.804395723008912711
39226.263493357961124 18.807789627990509018
39226.333641243640159 18.811182733069273354
39226.403790249714802 18.814575032216538375
39226.473940434982069 18.817966519699329098
39226.544091858282627 18.821357190061700493
39226.61424457844987 18.824747038106369956
39226.684398654251709 18.828136058875937664
39226.754554144339636 18.831524247635886837
39226.824711107212352 18.834911599858042308
39226.894869601143 18.838298111204490937
39226.965029684142792 18.841683777511988751
39227.035191413924622 18.845068594776805071
39227.105354847837589 18.848452559139960982
39227.175520042837888 18.851835666872911901
39227.245687055452436 18.855217914363738174
39227.315855941720656 18.858599298103712272
39227.38602675718721 18.861979814674288747
39227.456199556836509 18.865359460734506314
39227.526374395092716 18.868738233008834015
39227.596551325768814 18.872116128275397529
39227.666730402044777 18.875493143354692194
39227.736911676460295 18.87886927509852697
39227.807095200863841 18.882244520379195762
39227.877281026419951 18.88561887607916745
39227.947469203601941 18.888992339081525529
39228.017659782184637 18.892364906260759483
39228.087852811222547 18.89573657447349575
39228.158048339035304 18.899107340549349487
39228.228246413229499 18.902477201281360664
39228.298447080676851 18.905846153417041222
39228.368650387550588 18.909214193650903724
39228.438856379310891 18.912581318616979331
39228.50906510072673 18.915947524881552511
39228.579276595861302 18.919312808936147974
39228.649490908086591 18.922677167190826708
39228.719708080097917 18.9260405959679332
39228.789928153943038 18.92940309149585687
39228.860151171029429 18.932764649903440102
39228.930377172175213 18.936125267214528378
39229.000606197587331 18.939484939342662528
39229.070838286919752 18.942843662086083611
39229.141073479266197 18.946201431122943859
39229.211311813203793 18.949558242006826703
39229.281553326814901 18.952914090161971927
39229.351798057723499 18.956268970878660696
39229.422046043131559 18.959622879309687704
39229.492297319848149 18.962975810466772941
39229.562551924318541 18.966327759216966342
39229.632809892682417 18.969678720278608353
39229.70307126078842 18.973028688218455784
39229.77333606423781 18.976377657449141623
39229.843604338442674 18.979725622226876425
39229.913876118640474 18.983072576649156815
39229.984151439937705 18.986418514652704914
39230.054430337353551 18.989763430011613821
39230.124712845856266 18.993107316335688495
39230.194999000399548 18.996450167069340864
39230.265288835966203 18.999791975490719409
39230.33558238761907 19.003132734710678875
39230.405879690522852 19.006472437671888542
39230.476180779987772 19.009811077148015102
39230.546485691527778 19.013148645742717235
39230.616794460889651 19.016485135889237057
39230.687107124082104 19.019820539850236685
39230.757423717433994 19.023154849717787584
39230.827744277623424 19.026488057413587285
39230.898068841706845 19.029820154689314649
39230.968397447177267 19.033151133127152121
39231.038730131964257 19.036480984140471406
39231.1090669345067 19.039809698974696772
39231.179407893760072 19.043137268708317578
39231.249753049240098 19.04646368425407843
39231.320102441044583 19.049788936360318559
39231.390456109882507 19.05311301561247106
39231.460814097124967 19.056435912434711355
39231.531176444805169 19.059757617091598547
39231.601543195662089 19.063078119690189283
39231.671914393147745 19.066397410182140959
39231.742290081478131 19.069715478365843353
39231.812670305640495 19.073032313887786415
39231.883055111466092 19.076347906245000985
39231.953444545637467 19.079662244788305969
39232.02383865572483 19.082975318724887615
39232.094237490207888 19.08628711712028192
39232.16464109847584 19.089597628901518789
39232.235049530871038 19.09290684286029105
39232.305462838667154 19.096214747656244271
39232.37588107411284 19.099521331820199066
39232.446304290402622 19.10282658375769671
39232.516732541727833 19.106130491752590927
39232.587165883240232 19.109433043970732058
39232.65760437107383 19.112734228463761355
39232.728048062359449 19.116034033173090023
39232.798497015195608 19.119332445933885367
39232.868951288684912 19.122629454479270095
39232.939410942897666 19.125925046443562394
39233.009876038915536 19.129219209365906806
39233.080346638795163 19.132511930694523272
39233.150822805611824 19.135803197790632879
39233.221304603437602 19.139092997933754958
39233.291792097363214 19.14238131832649259
39233.362285353483458 19.145668146099513507
39233.432784438889939 19.148953468316548765
39233.503289421685622 19.152237271978716393
39233.573800370955723 19.15551954402888768
39233.644317356789543 19.158800271356707157
39233.714840450258635 19.162079440803406527
39233.785369723402255 19.165357039166618591
39233.85590524921281 19.16863305320523736
39233.926447101643134 19.17190746964425685
39233.996995355584659 19.175180275179705802
39234.067550086845586 19.178451456483305293
39234.138111372158164 19.181721000207382133
39234.208679289156862 19.184988892989736087
39234.279253916378366 19.188255121458485775
39234.349835333239753 19.191519672236903915
39234.420423620023939 19.194782531948224147
39234.491018857886957 19.198043687220401665
39234.561621128828847 19.201303124690330293
39234.632230515715491 19.204560831007412958
39234.702847102264059 19.207816792838329434
39234.773470973035728 19.211070996871608685
39234.844102213442966 19.214323429822339762
39234.91474090974225 19.217574078436609142
39234.985387149026792 19.22082292949582083
39235.056041019226541 19.224069969820909876
39235.126702609100903 19.227315186276364045
39235.197372008238744 19.230558565773574031
39235.268049307072943 19.233800095274943942
39235.338734596865834 19.237039761797753101
39235.409427969723765 19.240277552417857976
39235.480129518582544 19.24351345427297133
39235.550839337221987 19.246747454565753088
39235.621557520265924 19.249979540567192515
39235.692284163182194 19.253209699619670658
39235.763019362282648 19.256437919139958836
39235.833763214737701 19.259664186622067916
39235.904515818561777 19.262888489639912848
39235.975277272627864 19.26611081584980667
39236.046047676652961 19.26933115299284438
39236.116827131219907 19.272549488897244174
39236.187615737762826 19.275765811480418677
39236.258413598596235 19.278980108751113676
39236.32922081691504 19.28219236881144738
39236.400037496779987 19.285402579858356376
39236.470863743154041 19.288610730184803543
39236.541699661866005 19.29181680818081901
39236.612545359625074 19.295020802334324372
39236.683400944028108 19.298222701231789955
39236.754266523537808 19.301422493558661131
39236.825142207497265 19.304620168099472011
39236.896028106115409 19.307815713737316088
39236.966924330496113 19.311009119452968719
39237.037830992601812 19.314200374324201448
39237.108748205289885 19.317389467525355684
39237.179676082261722 19.320576388326156092
39237.250614738106378 19.323761126090509777
39237.321564288256923 19.326943670275856135
39237.392524849012261 19.330124010431873671
39237.463496537493484 19.333302136198877719
39237.534479471651139 19.33647803730602277
39237.605473770228855 19.339651703569288088
39237.67647955276334 19.342823124889058306
39237.747496939548 19.345992291247945616
39237.818526051618392 19.349159192708281552
39237.889567010723113 19.352323819409068761
39237.96061993931653 19.355486161562076575
39238.031684960529674 19.358646209448632902
39238.102762198119308 19.361803953416348634
39238.173851776467927 19.364959383875632426
39238.244953820540104 19.368112491296056277
39238.316068455838831 19.371263266202547015
39238.387195808383694 19.374411699171552925
39238.458336004659941 19.377557780826911937
39238.529489171589375 19.380701501835606138
39238.600655436486704 19.383842852903338638
39238.671834927023156 19.386981824769556226
39238.7430277711901 19.390118408202766886
39238.814234097269946 19.393252593995846667
39238.885454033777933 19.396384372961218645
39238.956687709425751 19.399513735925861369
39239.027935253085161 19.402640673726125442
39239.099196793722513 19.405765177202464855
39239.170472460369638 19.408887237194207387
39239.241762382080196 19.41200684453512082
39239.313066687886021 19.415123990048080316
39239.384385506746185 19.418238664539465788
39239.45571896751062 19.421350858793477556
39239.527067198861914 19.424460563566377402
39239.598430329278926 19.427567769580793566
39239.669808486978582 19.430672467520377467
39239.741201799901319 19.433774648023987908
39239.812610395631054 19.436874301679811339
39239.884034401387908 19.439971419019414611
39239.955473943969992 19.443065990511751551
39240.026929149702482 19.446158006557269005
39240.098400144437619 19.449247457482197632
39240.169887053511047 19.45233433353302388
39240.24139000170544 19.455418624870528532
39240.31290911322867 19.458500321563768409
39240.384444511684706 19.461579413584033205
39240.455996320037229 19.464655890798809423
39240.527564660587814 19.467729742965797612
39240.599149654939538 19.470800959726997093
39240.670751424004266 19.473869530602705424
39240.742370087951713 19.476935444985553403
39240.814005766224 19.479998692134476102
39240.885658577499271 19.483059261168584442
39240.957328639713523 19.486117141061402691
39241.029016070038779 19.489172320635020696
39241.100720984890359 19.492224788553663473
39241.172443499955989 19.495274533318088572
39241.244183730173972 19.498321543260008326
39241.315941789776844 19.501365806536451686
39241.387717792276817 19.504407311124161595
39241.459511850494891 19.507446044814077624
39241.531324076575402 19.510481995205861239
39241.603154582022398 19.51351514970249923
39241.675003477721475 19.516545495505017271
39241.746870873961598 19.519573019607211251
39241.818756880486035 19.522597708790431881
39241.890661606528738 19.525619549618479454
39241.962585160850722 19.528638528432569643
39242.034527651790995 19.53165463134636326
39242.106489187339321 19.53466784424109548
39242.178469875150768 19.537678152760772576
39242.250469822647574 19.540685542307468126
39242.322489137048251 19.543689998036946065
39242.394527925454895 19.54669150485428375
39242.466586294911394 19.54969004740944527
39242.538664352490741 19.552685610092936486
39242.61076220535324 19.555678177031559528
39242.682879960833816 19.558667732084416002
39242.755017726522055 19.561654258839080711
39242.827175610334962 19.564637740607668803
39242.899353720611543 19.567618160422917128
39242.971552166192851 19.57059550103410217
39243.043771056531114 19.573569744903309697
39243.116010501755227 19.576540874201352693
39243.18827061279444 19.579508870803898901
39243.260551501443842 19.582473716288127719
39243.332853280480776 19.585435391929383542
39243.405176063744875 19.588393878698447281
39243.477519966247201 19.591349157258605373
39243.549885104250279 19.594301207961642319
39243.62227159539907 19.597250010845531421
39243.694679558793723 19.600195545633049221
39243.767109115098719 19.603137791729924544
39243.839560386630183 19.606076728222767258
39243.91203349744319 19.609012333877004153
39243.984528573411808 19.611944587134981788
39244.057045742301852 19.614873466114218559
39244.1295851338582 19.617798948605830844
39244.20214687987027 19.620721012073115475
39244.274731114244787 19.623639633650316938
39244.347337973085814 19.626554790141597095
39244.419967594723857 19.629466458020754516
39244.49262011981773 19.632374613430904731
39244.565295691390929 19.635279232184068121
39244.637994454875297 19.638180289760963859
39244.710716558161948 19.641077761310938854
39244.78346215163765 19.643971621652131176
39244.856231388213928 19.646861845271835989
39244.929024423348892 19.649748406327113059
39245.001841415069066 19.652631278645696256
39245.074682523983938 19.655510435727560292
39245.147547913278686 19.658385850746508794
39245.220437748728727 19.661257496551897361
39245.29335219868517 19.66412534567028203
39245.366291434052982 19.666989370306797724
39245.439255628290994 19.669849542347911608
39245.512244957360963 19.672705833364481975
39245.585259599691199 19.675558214614856212
39245.658299736147455 19.67840665704823877
39245.731365549945622 19.681251131307817559
39245.804457226608065 19.684091607733449791
39245.877574953890871 19.686928056365999851
39245.950718921696534 19.6897604469521319
39246.023889321986644 19.69258874894943645
39246.097086348680023 19.695412931531979694
39246.170310197529034 19.698232963596456813
39246.243561066024995 19.701048813768522905
39246.316839153252658 19.703860450409475646
39246.39014465976652 19.706667841623360715
39246.463477787445299 19.709470955264507097
39246.536838739324594 19.712269758945502929
39246.610227719465911 19.715064220045448451
39246.683644932774769 19.717854305718621077
39246.757090584811522 19.720639982903819032
39246.83056488163129 19.723421218334152627
39246.90406802958023 19.72619797854732937
39246.977600235099089 19.728970229896443556
39247.051161704512197 19.731737938561256129
39247.124752643831016 19.734501070559993252
39247.198373258514039 19.737259591761660005
39247.27202375325578 19.740013467898826605
39247.345704331746674 19.742762664580965293
39247.419415196440241 19.745507147308366314
39247.493156548320258 19.748246881486604565
39247.566928586631548 19.750981832441521391
39247.64073150864715 19.75371196543479968
39247.71456550941366 19.756437245680093184
39247.788430781474744 19.759157638359191367
39247.862327514631033 19.761873108637022511
39247.936255895692739 19.764583621679292946
39248.010216108195891 19.767289142670989577
39248.08420833216951 19.769989636835479274
39248.158232743844565 19.772685069453714846
39248.232289515399316 19.775375405884229707
39248.306378814697382 19.778060611583303086
39248.380500805025804 19.780740652125587076
39248.454655644840386 19.783415493225373183
39248.528843487481936 19.786085100758807442
39248.603064480950707 19.788749440786542522
39248.677318767622637 19.791408479577285107
39248.751606484031072 19.79406218363236647
39248.825927760612103 19.796710519710337906
39248.90028272147174 19.799353454851122081
39248.974671484174905 19.80199095640027096
39249.04909415950533 19.804622992034424556
39249.123550851261825 19.80724952978705744
39249.198041656032728 19.80987053807462317
39249.272566663006728 19.812485985723068183
39249.347125953776413 19.815095841994722292
39249.421719602163648 19.817700076615118121
39249.496347674044955 19.820298659800283048
39249.571010227205988 19.8228915622844859
39249.64570731119602 19.825478755347919702
39249.720438967218797 19.828060210844697053
39249.795205227994302 19.830635901231023155
39249.870006117685989 19.833205799593446983
39249.9448416518062 19.835769879677293659
39250.019711837136128 19.83832811591503642
39250.094616671711265 19.840880483454707672
39250.169556144755916 19.843426958188260301
39250.244530236705032 19.845967516779865036
39250.319538919189654 19.848502136694044395
39250.394582155066018 19.851030796223479769
39250.469659898473765 19.853553474516900224
39250.544772094901418 19.856070151606694196
39250.619918681266427 19.85858080843620499
39250.695099586024298 19.861085426886692318
39250.770314729306847 19.863583989801135488
39250.845564023067709 19.8660764810106798
39250.920847371249693 19.868562885360510961
39250.996164669981226 19.871043188735246332
39251.071515807780088 19.87351737808372576
39251.14690066579351 19.875985441443273061
39251.222319118060113 19.878447367963239856
39251.297771031786397 19.880903147927675434
39251.373256267637771 19.88335277277746016
39251.448774680073257 19.88579623513196637
39251.524326117672899 19.888233528809639239
39251.599910423501569 19.890664648847678819
39251.675527435494587 19.893089591520919157
39251.751176986836072 19.895508354359328962
39251.826858906366397 19.897920936164364747
39251.902573019018746 19.900327337024172891
39251.978319146270223 19.902727558327534041
39252.054097106571135 19.905121602776553402
39252.129906715854304 19.907509474398011662
39252.205747787986184 19.909891178553841939
39252.281620135290723 19.912266721949418269
39252.357523569051409 19.914636112640678789
39252.433457900049689 19.916999360041128142
39252.50942293908156 19.919356474927536027
39252.585418497517821 19.921707469443337146
39252.661444387857046 19.924052357100592303
39252.737500424256723 19.926391152780158933
39252.813586423108063 19.92872387273122925
39252.889702203581692 19.93105053456890019
39252.965847588187899 19.933371157270052265
39253.042022403344163 19.935685761167746932
39253.11822647992085 19.937994367944380514
39253.194459653808735 19.940297000622905443
39253.270721766493807 19.942593683556257389
39253.347012665610237 19.944884442413741255
39253.42333220551518 19.947169304168113513
39253.4996802478272 19.949448297081133319
39253.576056661964685 19.951721450687671222
39253.652461325662443 19.953988795778503373
39253.728894125502848 19.956250364382118079
39253.805354957417876 19.958506189744934289
39253.881843727191153 19.960756306310074137
39253.958360350930889 19.963000749694874258
39254.034904755564639 19.965239556667260246
39254.111476879290421 19.967472765120966471
39254.188076672005991 19.969700414049686543
39254.264704095767229 19.971922543520193472
39254.341359125202871 19.974139194644507711
39254.418041747907409 19.976350409551130838
39254.494751964848547 19.978556231354989592
39254.571489790738269 19.980756704125454348
39254.648255254403921 19.982951872854737729
39254.725048399122898 19.985141783426112028
39254.801869282979169 19.987326482581501352
39254.878717979147041 19.989506017888601264
39254.955594576196745 19.991680437707579188
39255.032499178385478 19.993849791159263418
39255.109431905904785 19.996014128091136541
39255.186392895157041 19.998173499043048196
39255.263382298966462 20.000327955212775066
39255.340400286797376 20.002477548421502718
39255.417447044979781 20.004622331079254138
39255.494522776869417 20.00676235615035381
39255.571627703044214 20.00889767711838374
39255.648762061449816 20.011028347951782536
39255.725926107552368 20.013154423069654086
39255.803120114469493 20.015275957308002575
39255.8803443730867 20.017393005886503943
39255.95759919215925 20.019505624375536712
39256.034884898406744 20.021613868663809654
39256.112201836578606 20.023717794927179625
39256.189550369541394 20.025817459597710979
39256.266930878315179 20.027912919333175523
39256.344343762117205 20.030004230987216829
39256.421789438398264 20.032091451580171793
39256.499268342849973 20.034174638270638269
39256.576780929404777 20.03625384832784917
39256.654327670243219 20.038329139104885002
39256.731909055772121 20.040400568012731952
39256.809525594580919 20.042468192495352497
39256.887177813427115 20.04453207000632986
39256.964866257178073 20.046592257985803798
39257.042591488730977 20.048648813838173766
39257.120354088961903 20.050701794910775533
39257.198154656631232 20.052751258473524132
39257.275993808274507 20.054797261699530253
39257.353872178100573 20.056839861646718504
39257.431790417882439 20.058879115240433322
39257.509749196789926 20.060915079257132021
39257.587749201273255 20.062947810309022856
39257.665791134881147 20.064977364829783113
39257.743875718086201 20.067003799061499336
39257.82200368809572 20.069027169042247039
39257.900175798640703 20.071047530594761099
39257.978392819757573 20.07306493931609026
39258.056655537548068 20.075079450568242834
39258.134964753917302 20.077091119469830716
39258.213321286333667 20.079100000887962096
39258.291725967515958 20.081106149430272723
39258.370179645164171 20.083109619439198923
39258.448683181624801 20.085110464986843937
39258.527237453541602 20.087108739871403884
39258.605843351477233 20.089104497614894029
39258.684501779534912 20.091097791461240973
39258.763213654929132 20.093088674375142233
39258.841979907527275 20.095077199041792682
39258.920801479398506 20.097063417867339297
39258.999679324297176 20.099047382980170795
39259.078614407138957 20.101029146232235689
39259.157607703455142 20.103008759201355105
39259.236660198803293 20.104986273194707991
39259.315772888177889 20.1069617392528599
39259.394946775348217 20.108935208154996133
39259.474182872188976 20.110906730424623845
39259.553482197981793 20.112876356335398498
39259.632845778651244 20.114844135918161783
39259.71227464601543 20.116810118968974308
39259.791769836971071 20.118774355057290393
39259.871332392620388 20.120736893534672873
39259.950963357397995 20.122697783544040817
39260.030663778161397 20.124657074029428827
39260.110434703230567 20.126614813745870691
39260.190277181434794 20.128571051270480297
39260.270192261079501 20.130525835012896607
39260.350180988883949 20.132479213227057357
39260.430244408897124 20.134431234023537627
39260.510383561348135 20.136381945382304082
39260.590599481489335 20.138331395166158444
39260.67089319841034 20.140279631134742289
39260.751265733801119 20.14222670095877632
39260.831718100707803 20.144172652234352938
39260.912251302237564 20.146117532496411684
39260.992866330307152 20.148061389233806295
39261.073564164267736 20.15000426990462401
39261.154345769602514 20.151946221952591998
39261.235212096529722 20.153887292823988275
39261.316164078649308 20.15582752998464855
39261.397202631582331 20.157766980937296353
39261.478328651581251 20.159705693240017155
39261.559543014147494 20.161643714525641968
39261.640846572649025 20.163581092521813076
39261.722240156923363 20.165517875071309106
39261.803724571924249 20.167454110153045121
39261.885300596361049 20.169389845903552327
39261.966968981367245 20.171325130639488066
39262.048730449205323 20.173260012880650294
39262.130585691978922 20.175194541373254964
39262.212535370403202 20.177128765113902631
39262.294580112611584 20.179062733374259153
39262.376720512998872 20.180996495727232087
39262.458957131158968 20.182930102073335377
39262.541290490822576 20.184863602667995508
39262.623721078933158 20.186797048149035305
39262.706249344766547 20.188730489565532622
39262.788875699130585 20.19066397840837368
39262.871600513666635 20.19259756664083838
39262.954424120209296 20.194531306730517883
39263.037346810277086 20.196465251683417108
39263.120368834643159 20.198399455078455134
39263.203490402993339 20.20033397110400486
39263.286711683715112 20.202268854594517933
39263.370032803781214 20.204204161068684442
39263.453453848742356 20.206139946768743698
39263.536974862880015 20.20807626870003304
39263.620595849417441 20.210013184672042996
39263.704316770883452 20.211950753340545361
39263.788137549599924 20.213889034250758669
39263.872058068271144 20.215828087881558162
39263.956078170711407 20.217767975690914994
39264.040197662681749 20.219708760162625083
39264.124416312857647 20.221650504853609931
39264.208733853905869 20.223593274440140988
39264.293149983670446 20.225537134766259584
39264.377664366475074 20.227482152892335421
39264.462276634541922 20.229428397145319707
39264.546986389475933 20.231375937169836732
39264.631793203872803 20.233324843979495711
39264.716696622977906 20.235275190008746193
39264.801696166454349 20.237227049165252168
39264.886791330223787 20.239180496881864713
39264.971981588336348 20.241135610168765169
39265.057266394942417 20.243092467664219214
39265.142645186264417 20.245051149686389635
39265.22811738265591 20.247011738285159765
39265.313682390653412 20.248974317293150449
39265.399339605079149 20.250938972375706726
39265.485088411100151 20.252905791080067388
39265.57092818635283 20.254874862883617936
39265.656858303002082 20.256846279241027986
39265.742878129836754 20.258820133629892979
39265.828987034285092 20.260796521595413111
39265.915184384444728 20.262775540794322637
39266.001469551039918 20.264757291036268327
39266.087841909349663 20.266741874323379591
39266.174300841063086 20.268729394887991191
39266.260845736069314 20.270719959228571838
39266.347475994203705 20.272713676143339967
39266.434191026906774 20.274710656760426275
39266.520990258766687 20.276711014566799918
39266.607873129054497 20.278714865434814385
39266.69483909309929 20.280722327645815284
39266.781887623626972 20.282733521911453067
39266.86901821198262 20.284748571392668737
39266.956230369250989 20.286767601716089615
39267.043523627267859 20.288790740987643346
39267.130897539558646 20.290818119803283537
39267.218351682160574 20.292849871256880334
39267.305885654364829 20.294886130945673841
39267.393499079349567 20.296927036972761016
39267.481191604711057 20.298972729946864746
39267.568962902922067 20.301023352978884162
39267.656812671673833 20.303079051675652522
39267.744740634145273 20.30513997413081384
39267.832746539177606 20.307206270912971036
39267.920830161383492 20.309278095051052304
39268.008991301132482 20.311355602017101774
39268.097229784521915 20.313438949706412728
39268.185545463231392 20.315528298414985642
39268.273938214326336 20.317623810815131691
39268.362407939996046 20.319725651929591237
39268.45095456726267 20.321833989107130236
39268.539578047631949 20.323948991990320678
39268.628278356627561 20.326070832480429118
39268.717055493340013 20.328199684699161054
39268.805909479888214 20.330335724949030407
39268.894840360888338 20.332479131672606343
39268.983848202857189 20.33463008540907424
39269.072933093564643 20.336788768747069867
39269.162095141386089 20.338955366277403414
39269.251334474618488 20.34113006454461825
39269.340651240803709 20.343313051996059215
39269.430045605993655 20.345504518926198045
39269.51951775400812 20.347704657422539753
39269.609067885692639 20.349913661309276591
39269.698696218234545 20.352131726090370023
39269.788402984384447 20.354359048892749939
39269.878188431735907 20.356595828407318294
39269.968052821939636 20.358842264829341673
39270.057996429954073 20.361098559797387253
39270.148019543274131 20.363364916330841226
39270.238122461181774 20.365641538766386276
39270.328305493982043 20.367928632694688673
39270.418568962260906 20.370226404895031891
39270.508913196135836 20.372535063268781386
39270.599338534520939 20.374854816770550769
39270.689845324413909 20.377185875339634435
39270.78043392017571 20.379528449830562664
39270.871104682824807 20.381882751944463195
39270.96185797938233 20.384248994159193558
39271.052694182188134 20.386627389659938814
39271.143613668245962 20.389018152266764616
39271.234616818575887 20.391421496361505916
39271.325704017552198 20.393837636813707093
39271.416875652314047 20.396266788906103784
39271.508132112154271 20.398709168259696156
39271.599473787922761 20.401164990758207551
39271.690901071437111 20.403634472471246397
39271.78241435491509 20.406117829576452039
39271.874014030436228 20.408615278280951344
39271.965700489374285 20.41112703474175305
39272.057474121902487 20.413653314984443909
39272.149335316498764 20.416194334822353795
39272.241284459450981 20.418750309774740259
39272.333321934391279 20.421321454983861088
39272.425448121823138 20.423907985127396358
39272.517663398684817 20.426510114334298862
39272.609968137927353 20.429128056099283839
39272.702362708128931 20.431762023197322264
39272.794847473101981 20.434412227597327671
39272.887422791551217 20.437078880375739942
39272.980089016724378 20.439762191629998966
39273.072846496084821 20.44246237039159908
39273.165695571027754 20.445179624538976526
39273.258636576596473 20.447914160711945897
39273.351669841249532 20.450666184225816835
39273.444795686635189 20.453435898984906771
39273.538014427402231 20.45622350739625972
39273.631326370996248 20.459029210284125355
39273.724731817521388 20.46185320680427111
39273.818231059609388 20.464695694359019029
39273.911824382339546 20.467556868513653967
39274.005512063180504 20.470436922915517641
39274.099294371982978 20.473336049214712062
39274.193171570972481 20.476254436987098018
39274.287143914800254 20.47919227366087469
39274.381211650616024 20.48214974444286085
39274.475375018133491 20.485127032247891776
39274.569634249768569 20.48812431763331432
39274.66398957077763 20.491141778736668755
39274.758441199461231 20.494179591216028058
39274.852989347353287 20.497237928193705159
39274.947634219446627 20.500316960203022632
39275.04237601449131 20.503416855136805452
39275.137214925292938 20.506537778203266953
39275.23215113904007 20.509679891885067349
39275.327184837617096 20.512843355904067266
39275.42231619796803 20.516028327190554137
39275.517545392438478 20.51923495985821333
39275.612872589153994 20.522463405182350016
39275.708297952412977 20.52571381158585595
39275.803821643094125 20.528986324633887506
39275.89944381910027 20.532281087032821176
39275.99516463575128 20.535598238632751134
39276.090984246206062 20.53893791643443123
39276.186902801870019 20.542300254602075427
39276.28292045276612 20.545685384483455493
39276.379037347942358 20.549093434632556665
39276.475253635820991 20.552524530836898009
39276.571569464547792 20.555978796149133814
39276.667984982304915 20.559456350923863255
39276.764500337594654 20.562957312858046066
39276.861115679494105 20.566481797035034873
39276.957831157909823 20.570029915970270196
39277.054646923766995 20.573601779661156996
39277.151563129147689 20.577197495640170644
39277.248579927385435 20.580817169030211744
39277.345697473123437 20.58446090260126482
39277.442915922292741 20.588128796828186751
39277.540235432054033 20.591820949949006803
39277.637656160688493 20.595537458022590727
39277.735178267445008 20.599278414987519881
39277.832801912270952 20.603043912722586839
39277.93052725551388 20.606834041102974453
39278.028354457550449 20.6106488880549783
39278.126283678364416 20.614488539608860407
39278.224315077102801 20.618353079949201856
39278.322448811508366 20.622242591461237282
39278.420685037315707 20.626157154773650859
39278.519023907567316 20.630096848796441122
39278.617465571835055 20.634061750754167264
39278.716010175419797 20.638051936222659322
39278.814657858485589 20.642067479150497888
39278.913408755099226 20.646108451873111278
39279.012262992211618 20.650174925120548863
39279.111220688588219 20.654266968018319517
39279.210281953695812 20.658384648080989621
39279.309446886531077 20.662528031198633016
39279.408715574427333 20.666697181614999579
39279.508088091824902 20.670892161899264039
39279.607564499005093 20.675113032909102628
39279.707144840809633 20.679359853746824172
39279.806829145287338 20.683632681707880607
39279.906617422326235 20.687931572210416675
39280.006509662300232 20.692256578728557059
39280.106505834686686 20.696607752718115592
39280.206605886713078 20.700985143534524013
39280.306809742010955 20.705388798344078083
39280.407117299248057 20.709818762027971673
39280.507528430825914 20.714275077079232545
39280.608042981577455 20.718757783493657598
39280.708660767493711 20.723266918654736912
39280.809381574486906 20.727802517213330447
39280.910205157226301 20.732364610962278562
39281.011131237988593 20.736953228706880736
39281.112159505588352 20.741568396131434326
39281.213289614359383 20.746210135662590091
39281.314521183208853 20.750878466331403871
39281.415853794766008 20.755573403632272544
39281.517286994559981 20.76029495938058389
39281.618820290335862 20.765043141569627494
39281.720453151428956 20.76981795422701893
39281.822185008219094 20.774619397272811483
39281.924015251730452 20.779447466383146548
39282.025943233304133 20.784302152852259127
39282.127968264408992 20.789183443458220779
39282.23008961652522 20.794091320333020434
39282.33230652113707 20.799025760836578058
39282.434618169841997 20.803986737436012788
39282.537023714598035 20.808974217591007516
39282.639522268065775 20.813988163649053575
39282.742112904044916 20.819028532743242721
39282.844794658034516 20.824095276698450618
39282.947566527836898 20.829188341944668394
39283.050427474336175 20.834307669438654642
39283.15337642232771 20.839453194594387497
39283.256412261463993 20.844624847224544339
39283.359533847346029 20.849822551489243239
39283.462740002643841 20.855046225854952269
39283.566029518340656 20.860295783064049857
39283.669401155042578 20.865571130114176412
39283.772853644433781 20.870872168264693158
39283.876385690746247 20.876198793038557966
39283.979995972353208 20.881550894233665616
39284.083683143391681 20.886928355945816094
39284.187445835479593 20.892331056600681904
39284.291282659418357 20.897758868995307324
39284.395192207004584 20.90321166034983591
39284.499173052878177 20.908689292368421775
39284.603223756384978 20.91419162131133902
39284.707342863519443 20.919718498075940971
39284.811528908867331 20.925269768287730443
39284.9157804175411 20.93084527240605297
39285.020095907166251 20.936444845832419048
39285.124473889838555 20.942068319026379442
39285.228912874088564 20.947715517628843429
39285.333411366911605 20.953386262592925249
39285.437967875717732 20.959080370321618858
39285.542580910303514 20.96479765281243246
39285.647248984809266 20.970537917809465966
39285.751970619603526 20.976300968960241988
39285.8567443432039 20.982086605976029148
39285.961568694125162 20.987894624800603083
39286.06644222272007 20.993724817780787362
39286.171363492947421 20.999576973841616478
39286.276331084118283 21.005450878665570258
39286.381343592591293 21.011346314874664643
39286.486399633431574 21.017263062214311731
39286.591497842033277 21.023200897740260018
39286.6966368756257 21.02915959600615281
39286.801815414772136 21.035138929251619544
39286.907032164745033 21.041138667591003042
39287.01228585690842 21.047158579201518336
39287.117575249998481 21.053198430512090056
39287.222899131360464 21.059257986390797157
39287.328256318134663 21.065337010331504075
39287.433645658362366 21.071435264640069107
39287.53906603201176 21.077552510620044757
39287.644516351960192 21.083688508754185875
39287.749995564940036 21.089843018884653958
39287.855502652397263 21.096015800390766515
39287.961036631313618 21.102206612369407424
39288.066596554963326 21.108415213806758004
39288.172181513611577 21.114641363746354585
39288.277790635191195 21.120884821442523105
39288.383423085906543 21.12714534652319287
39288.489078070764663 21.133422699154056801
39288.594754834055493 21.139716640192222741
39288.700452659832081 21.146026931337750909
39288.806170872288931 21.152353335280224655
39288.911908836111252 21.158695615845235949
39289.017665956765995 21.165053538131370914
39289.123441680785618 21.171426868643862917
39289.229235495971807 21.177815375425613098
39289.335046931570105 21.184218828183407624
39289.440875558371772 21.190636998410365521
39289.546720988779271 21.197069659503764427
39289.652582876835368 21.203516586895709395
39289.758460918164928 21.209977558162879774
39289.864354849923984 21.216452353130787145
39289.970264450712421 21.22294075397541846
39290.076189540457563 21.229442545320150515
39290.182129980275931 21.235957514326948115
39290.288085672291345 21.242485450785004275
39290.394056559431192 21.249026147193546876
39290.500042625164497 21.255579398849349104
39290.606043893203605 21.262145003918718089
39290.712060427220422 21.268722763507586393
39290.818092330533545 21.275312481725684677
39290.924139745802677 21.281913965747754958
39291.030202854715753 21.28852702587073864
39291.136281877661531 21.295151475563251608
39291.242377073416719 21.301787131514412721
39291.348488738833112 21.308433813677389423
39291.45461720849562 21.31509134530981342
39291.560762854402128 21.32175955301086745
39291.666926085657906 21.328438266754663033
39291.773107348162739 21.335127319920268008
39291.879307124298066 21.341826549317765682
39291.985525932665041 21.348535795211880384
39292.091764327786223 21.355254901343158735
39292.198022899829084 21.361983714944262402
39292.304302274314978 21.368722086753194844
39292.410603111864475 21.375469871023661028
39292.516926107913605 21.382226925532698658
39292.623271992495575 21.388993111585840268
39292.729641530000663 21.395768294019703148
39292.83603551894339 21.402552341202191855
39292.942454791787895 21.409345125031716606
39293.048900214766036 21.41614652093324267
39293.155372687724594 21.422956407851916794
39293.261873143987032 21.429774668245819669
39293.368402550280734 21.436601188074895674
39293.474961906656972 21.443435856793851002
39293.581552246389037 21.450278567341523939
39293.688174635877658 21.457129216129786187
39293.794830174541858 21.463987703030266374
39293.901519994738919 21.470853931360160516
39294.008245261713455 21.477727807867772469
39294.11500717351737 21.484609242716725674
39294.221806960966205 21.491498149472430867
39294.328645887624589 21.498394445084333171
39294.435525249784405 21.50529804986773641
39294.542446376501175 21.512208887487599185
39294.649410629579506 21.519126884941119471
39294.756419403616746 21.526051972540127366
39294.863474126032088 21.532984083893730087
39294.970576257132052 21.539923155891344209
39295.077727290175972 21.546869128685678163
39295.184928751419648 21.553821945676510552
39295.292182200217212 21.560781553493605145
39295.399489229101164 21.567747901979810621
39295.506851463920611 21.574720944175314941
39295.614270563957689 21.581700636302262097
39295.72174822208035 21.588686937749997696
39295.829286164829682 21.595679811061327058
39295.936886152579973 21.602679221918595687
39296.04454997969151 21.609685139130196063
39296.152279474656098 21.61669753461792709
39296.260076500286232 21.623716383404154584
39296.367942953897 21.630741663601867231
39296.475880767473427 21.637773356405553216
39296.583891907888756 21.644811446083153328
39296.691978377079067 21.651855919968710396
39296.800142212268838 21.658906768455949532
39296.908385486160114 21.665963984992789193
39297.016710307179892 21.67302756607477221
39297.125118819712952 21.680097511241502417
39297.233613204363792 21.687173823074829215
39297.342195678167627 21.694256507197763995
39297.45086849485233 21.701345572274163942
39297.559633945056703 21.708441030010344974
39297.668494356585143 21.715542895157220471
39297.777452094655018 21.72265118551258567
39297.886509562129504 21.729765921925896066
39297.995669199743134 21.736887128304413608
39298.10493348633463 21.744014831618866168
39298.214304939057911 21.751149061910727056
39298.323786113636743 21.758289852300581657
39298.433379604612128 21.765437238997098035
39298.54308804559696 21.772591261304022225
39298.652914109603444 21.779751961631408363
39298.762860509305028 21.786919385514234904
39298.872929997247411 21.79409358162478938
39298.983125366052263 21.801274601787923757
39299.093449448584579 21.808462500996231626
39299.203905118120019 21.815657337423804307
39299.314495288475882 21.822859172442534259
39299.425222914163896 21.830068070639935485
39299.536090990484809 21.837284099837532381
39299.647102553659352 21.844507331110392556
39299.758260680879175 21.851737838806933212
39299.869568490386882 21.858975700568979761
39299.981029141476029 21.866220997352126432
39300.092645834716677 21.873473813453841785
39300.20442181215185 21.88073423654841676
39300.316360357239319 21.888002357708476353
39300.428464794771571 21.895278271426583672
39300.540738490766671 21.902562075637483474
39300.653184852286358 21.909853871739404241
39300.765807327217772 21.917153764615033396
39300.878609404033341 21.924461862651622113
39300.991594611441542 21.93177827776116473
39301.104766518008546 21.939103125399125105
39301.218128731678007 21.94643652458140437
39301.331684899239917 21.953778597900537761
39301.445438705755805 21.961129471540274949
39301.559393873874797 21.968489275288114015
39301.673554163069639 21.975858142546467633
39301.787923368770862 21.983236210341164707
39301.902505321420904 21.990623619327305249
39302.017303885389993 21.998020513792166497
39302.132322957811994 22.005427041655078568
39302.247566467282013 22.012843354463026202
39302.363038372481242 22.020269607384030053
39302.478742660598073 22.027705959195291285
39302.594683345661906 22.03515257226733226
39302.710864466731437 22.042609612543476061
39302.827290085901041 22.050077249513773125
39302.943964286154369 22.057555656184653969
39303.060891169094248 22.065045009041764246
39303.178074852432474 22.072545488005435033
39303.295519467319536 22.080057276379051245
39303.413229155492445 22.087580560790119222
39303.531208066211548 22.09511553112325899
39303.64946035300818 22.102662380443121037
39303.76799017025769 22.110221304906360729
39303.886801669446868 22.117792503665487658
39304.00589899514307 22.125376178759385226
39304.125286280839646 22.132972534996628866
39304.244967644568533 22.140581779827897435
39304.364947184280027 22.1482041232107143
39304.485228972938785 22.155839777460986539
39304.605817053379724 22.163488957092070564
39304.726715432923811 22.171151878641079946
39304.847928077666438 22.1788287604813803
39304.969458906605723 22.186519822621566078
39305.091311785421567 22.194225286490677718
39305.213490520094638 22.201945374708920156
39305.335998850263422 22.209680310844994722
39305.458840442333894 22.217430319159582552
39305.582018882356351 22.225195624333185407
39305.705537668807665 22.23297645118016419
39305.82940020517708 22.240773024358112764
39305.953609792290081 22.248585568053385941
39306.078169620406698 22.256414305653571262
39306.203082761181577 22.264259459404158292
39306.328352159456699 22.27212125005168275
39306.453980624959513 22.279999896473515975
39306.579970823942858 22.287895615296111629
39306.706325270759407 22.295808620501702535
39306.833046319501591 22.303739123025451363
39306.960136155663349 22.311687330346661184
39307.087596787881921 22.319653446067636793
39307.215430039737839 22.327637669487714334
39307.343637541744101 22.335640195171709621
39307.472220723502687 22.343661212514895453
39307.601180806217599 22.351700905306390865
39307.730518795448006 22.359759451295015964
39307.860235474276124 22.367837021753139481
39307.990331396882539 22.375933781048704674
39308.120806882579927 22.384049886225039216
39308.251662010370637 22.39218548658591601
39308.382896614144556 22.400340723297382794
39308.51451027845178 22.408515729003752881
39308.646502334966499 22.416710627460048499
39308.778871859700303 22.424925533182317849
39308.911617671095883 22.433160551127745208
39309.044738328942913 22.441415776398670801
39309.178232134014252 22.449691293966175465
39309.312097128626192 22.457987178421461749
39309.446331097853545 22.466303493754999465
39309.580931571625115 22.474640293153253623
39309.715895827990607 22.482997618844844823
39309.851220897391613 22.491375501982069807
39309.986903567834815 22.49977396255845008
39310.12294039101107 22.508193009363711923
39310.259327689353086 22.516632639973458652
39310.396061563988042 22.525092840778192738
39310.533137903570605 22.533573587051275666
39310.670552393923572 22.542074843052432698
39310.808300528486143 22.55059656216824493
39310.946377620144631 22.559138687107331833
39311.084778813608864 22.567701150150814016
39311.223499097883177 22.576283873401234104
39311.362533319210343 22.584886769059881573
39311.501876194277429 22.593509739727352326
39311.641522323763638 22.602152678724685586
39311.781466206324694 22.610815470443171193
39311.921702252831892 22.619497990714915403
39312.062224800669355 22.628200107205231006
39312.203028127987636 22.636921679818041042
39312.344106467964593 22.645662561113841349
39312.485454022877093 22.6544225967370636
39312.627064978034468 22.663201625849428211
39312.768933515486424 22.671999481567809198
39312.911053827570868 22.680815991413233235
39313.053420130068844 22.68965097776035833
39313.196026674748282 22.698504258269316836
39313.338867761442089 22.707375646315767881
39313.481937749587814 22.716264951413283057
39313.625231069177971 22.725171979626772156
39313.768742231135548 22.734096533973467302
39313.91246583704924 22.743038414811422854
39314.056396588333882 22.751997420214593149
39314.200529294830631 22.760973346330995781
39314.344858882810513 22.769965987732394552
39314.48938040232315 22.778975137747217161
39314.634089033832424 22.788000588775492616
39314.778980094277358 22.797042132588106966
39314.924049042507249 22.806099560610523014
39315.069291484149289 22.815172664186892604
39315.214703175835893 22.824261234832569301
39315.360280028893612 22.833365064462665117
39315.506018112530001 22.842483945609188822
39315.651913656540273 22.851617671623827732
39315.797963053570129 22.860766036865289408
39315.944162860883807 22.869928836872446709
39316.090509801710141 22.879105868521371292
39316.237000766159326 22.88829693016659661
39316.383632811703137 22.897501821760606333
39316.53040316321858 22.906720344947768098
39316.67730921277689 22.915952303123287237
39316.824348519337946 22.92519750147399904
39316.971518808641122 22.934455747034590445
39317.11881797319802 22.94372684878520019
39317.266244072059635 22.953010617769905366
39317.413795330270659 22.96230686720867098
39317.56147013809823 22.971615412598008987
39317.709267049940536 22.98093607180846476
39317.857184782944387 22.990268665161689654
39318.005222215491813 22.999613015496912283
39318.153378385432006 23.008968948229277629
39318.301652488065884 23.01833629140172377
39318.450043873926916 23.027714875724640819
39318.598552046380064 23.037104534607834694
39318.747176659075194 23.046505104184017654
39318.895917513291351 23.055916423327754927
39319.044774555244658 23.065338333664193726
39319.193747873287066 23.074770679569912346
39319.34283769504691 23.084213308169243106
39319.492044384423934 23.093666069325450962
39319.641368438540667 23.103128815624636161
39319.790810484621034 23.112601402354219005
39319.940371276847145 23.122083687476916225
39320.090051693223359 23.13157553159702573
39320.23985273247672 23.141076797922217168
39320.389775510913751 23.15058735222293862
39320.539821259262681 23.160107062789759169
39320.689991319355613 23.169635800388657998
39320.840287140781584 23.17917343820520415
39320.990710277626931 23.188719851789127091
39321.141262385150185 23.198274918995370086
39321.291945216624299 23.207838519919611997
39321.442760620106128 23.217410536837761015
39321.593710535125865 23.226990854137032017
39321.744796989405586 23.236579358242636317
39321.896022095570515 23.246175937543508638
39322.047388047867571 23.255780482312857771
39322.198897118883906 23.265392884627367209
39322.35055165628728 23.275013038284328104
39322.50235407956643 23.284640838715947808
39322.654306876764167 23.294276182901601402
39322.806412601203192 23.303918969277027884
39322.958673868211918 23.313569097642705685
39323.111093351835734 23.323226469068696787
39323.263673781519174 23.33289098579661669
39323.416417938802624 23.342562551138332338
39323.569328654033598 23.352241069372674076
39323.722408803107101 23.361926445638456329
39323.875661304176901 23.371618585830955084
39324.029089114264934 23.381317396494154082
39324.182695225936186 23.391022784699664783
39324.336482664039067 23.400734657939846528
39324.490454482263885 23.410452924015721976
39324.644613759635831 23.420177490918376861
39324.798963597022521 23.429908266712676124
39324.953507113619708 23.439645159414045139
39325.108247443495202 23.449388076864046582
39325.263187732052756 23.459136926609993168
39325.418331132466847 23.468891615779945425
39325.57368080195738 23.478652050960043596
39325.729239897991647 23.488418138066908369
39325.885011574428063 23.498189782218823041
39326.040998977550771 23.507966887605480366
39326.19720524209697 23.517749357355707929
39326.353633487145999 23.52753709340465349
39326.510286811957485 23.537329996359787287
39326.667168291722191 23.547127965365440616
39326.824280973218265 23.55693089796751849
39326.981627870365628 23.566738689975149867
39327.139211959736713 23.576551235321343114
39327.297036176052643 23.586368425923200931
39327.455103407584829 23.596190151541584612
39327.613416491483804 23.606016299643727052
39327.771978208940709 23.615846755265501145
39327.930791280246922 23.625681400872117877
39328.089858359788195 23.635520116219272069
39328.249182030936936 23.64536277821503063
39328.408764800900826 23.655209260782363856
39328.568609095476859 23.665059434723140441
39328.728717253768991 23.674913167582431583
39328.889091522862145 23.684770323516140422
39329.04973405248893 23.694630763160756004
39329.210646889652708 23.704494343507150234
39329.37183197325794 23.714360917778698479
39329.533291128696874 23.724230335312999074
39329.695026062443503 23.734102441444971276
39329.857038356662088 23.743977077397289577
39330.019329463837494 23.753854080176065366
39330.181900701449194 23.763733282470202113
39330.344753246819892 23.773614512556672906
39330.507888131942309 23.783497594225359251
39330.671306238407851 23.793382346692816043
39330.835008292626298 23.803268584536017016
39330.998994861132815 23.813156117633369036
39331.16326634613506 23.823044751115730833
39331.327822981205827 23.832934285329869795
39331.492664827179397 23.842824515812626629
39331.657791768237075 23.85271523327314469
39331.823203508378356 23.862606223589690302
39331.988899568183115 23.872497267820296685
39332.154879281915782 23.882388142226044891
39332.321141795029689 23.892278618310395899
39332.487686061998829 23.902168462873031984
39332.654510844673496 23.912057438074306503
39332.821614710985159 23.921945301525983751
39332.988258049423166 23.93178825581250635
39333.154067054550978 23.941564373014287526
39333.319093694197363 23.951276926810493251
39333.483385418294347 23.96092891046774298
39333.646991183064529 23.970523391874436925
39333.809958464684314 23.98006333780021393
39333.972333487799915 23.989551627756824814
39334.134160710520518 23.998991024406649331
39334.295483691232221 24.008384224694857778
39334.456344477883249 24.017733824656676944
39334.616783833276713 24.027042333076302327
39334.776841707185667 24.036312199301136161
39334.936556967048091 24.045545797947880828
39335.095967852525064 24.054745455528895093
39335.255111282174767 24.063913410873155385
39335.414023400691804 24.073051847171189621
39335.572740273761156 24.082162932103166497
39335.731297136320791 24.091248774712013869
39335.889728160997038 24.10031141247496933
39336.048053324702778 24.109352062455545962
39336.20630368294951 24.11837256771729443
39336.364509509039635 24.127374717349727717
39336.522700234418153 24.136360243372578793
39336.680898430757225 24.145330480128745165
39336.83912431041972 24.154286622099334636
39336.997437560050457 24.163232086685781042
39337.155903769191355 24.172170602709815768
39337.314562824511086 24.181104429397869637
39337.473454386374215 24.19003579975033702
39337.632618804324011 24.198966971907207579
39337.792097067278519 24.207900225954908535
39337.951930920207815 24.216837870055012871
39338.112163522935589 24.225782276737145793
39338.272842624945042 24.234736058887758503
39338.434016936305852 24.243701865742973922
39338.595748723142606 24.252683081169561063
39338.758102459374641 24.261683188472392914
39338.921128085668897 24.270704843590568345
39339.084876451328455 24.279750734252630195
39339.249399221349449 24.288823574254678306
39339.414759123741533 24.297926666506235449
39339.581020296805946 24.307063367507918628
39339.748246017297788 24.316236961918882287
39339.916510298819048 24.325451297287166597
39340.085880495556921 24.33470982844188768
39340.256414786766982 24.344015483222015916
39340.428170307997789 24.353371109067097677
39340.601199079042999 24.362779251915032575
39340.775549799327564 24.372242255632020402
39340.95127051298914 24.381762407448366758
39341.12719869686407 24.391276565736422555
39341.30319251822948 24.400777090523359192
39341.479248141746211 24.410263823369216851
39341.655361874196387 24.419736611685028294
39341.831530166862649 24.429195308621622473
39342.007749617274385 24.438639772956801011
39342.184016970481025 24.448069868953030692
39342.360329119976086 24.457485466208403579
39342.536683108148281 24.466886439495510785
39342.713076126317901 24.476272668589146519
39342.889505514445773 24.485644038084600993
39343.065968760383839 24.495000437214848432
39343.242463498689176 24.50434175965181538
39343.418987509103317 24.513667903307730711
39343.595538714624126 24.522978770130180237
39343.772115179206594 24.532274265890769982
39343.948715105136216 24.541554299968968422
39344.125336830176821 24.550818785137135336
39344.301978824492835 24.560067637337230195
39344.478639687455143 24.56930077546183
39344.655318144083139 24.578518121142884922
39344.832013041239406 24.587719598535297649
39345.008723343584279 24.596905134115544911
39345.185448129421275 24.606074656469022699
39345.362186586447933 24.61522809608209883
39345.538938007353863 24.624365385137558349
39345.715701785367855 24.633486457314603513
39345.892477409724961 24.642591247593852444
39346.069264461140847 24.651679692062966609
39346.246062607329804 24.660751727732776573
39346.422871598435449 24.669807292360193429
39346.599691262563283 24.678846324272544877
39346.776521501211391 24.687868762217028973
39346.953362284570176 24.696874545200170559
39347.130213646894845 24.705863612336049329
39347.307075681892456 24.714835902703075732
39347.483948538145341 24.723791355206088838
39347.660832414621837 24.732729908448412459
39347.837727556259779 24.741651500611165915
39348.014634249557275 24.750556069339857856
39348.19155281822168 24.759443551638483427
39348.368483618862228 24.76831388376999854
39348.545427036755427 24.777167001164826843
39348.722383481690485 24.786002838337314103
39348.899353383909329 24.794821328809948824
39349.076337190082995 24.803622405045665289
39349.253335359418998 24.812405998387966122
39349.430348359805066 24.821172039008796872
39349.607376664076583 24.829920455864378681
39349.784420746356773 24.838651176659066522
39349.961481078484212 24.84736412781866477
39350.13855812651309 24.856059234469128683
39350.315652347358991 24.864736420424211616
39350.49276418548834 24.873395608178988425
39350.669894069716975 24.882036718913862927
39350.847042410132417 24.890659672505950795
39351.024209595074353 24.89926438754776683
39351.201395988209697 24.907850781374392568
39351.378601925745897 24.91641877009854511
39351.555827713746112 24.924968268652012426
39351.733073625560792 24.93349919083628663
39351.910339899382961 24.942011449380689925
39352.087626735890808 24.950504956006916757
39352.264934296050342 24.958979621499157275
39352.442262699070852 24.967435355778917483
39352.619612020491331 24.975872067992721526
39352.796982290317828 24.984289666604666991
39352.97437349127722 24.992688059495108632
39353.151785557194671 25.001067154069694709
39353.329218371516617 25.009426857370563368
39353.506671766008367 25.017767076191759656
39353.684145519597223 25.026087717204447358
39353.86163935726654 25.034388687095106008
39354.0391529491244 25.04266989269826027
39354.216685909625085 25.050931241137273986
39354.394237797045207 25.059172639963787077
39354.571808113229054 25.067393997299603825
39354.749396303363028 25.075595221994674944
39354.927001755837409 25.083776223785882564
39355.104623802202696 25.091936913459196745
39355.282261717286019 25.100077203012855165
39355.459914719504013 25.108197005824195003
39355.637581971306645 25.116296236818875798
39355.815262579802948 25.124374812641992349
39355.992955597539549 25.132432651832903758
39356.170660023475648 25.140469674997479643
39356.348374804139894 25.148485804985501346
39356.526098834838194 25.156480967064549503
39356.703830961057974 25.164455089095817186
39356.881569980039785 25.172408101709486061
39357.059314642523532 25.18033993847929608
39357.237063654654776 25.188250536097115173
39357.414815679956519 25.196139834545668634
39357.592569341453782 25.20400777726455388
39357.770322693548223 25.211854287931878105
39357.94807408304041 25.219679308691024033
39358.125822010057163 25.227482793899174141
39358.303564945672406 25.235264702075177468
39358.481301334781165 25.243024996048461617
39358.659029599111818 25.250763643102249745
39358.836748140354757 25.258480615109967005
39359.01445534342929 25.26617588866545816
39359.192149579830584 25.273849445207709152
39359.369829211034812 25.281501271135475406
39359.547492592006165 25.289131357913966269
39359.72513807494397 25.296739702173820064
39359.902764012869739 25.304326305798756636
39360.080368763316073 25.311891176003364023
39360.257950692001032 25.319434325400870023
39360.43550817653886 25.326955772060291139
39360.61303961017984 25.334455539553413672
39360.790543405579228 25.341933656991574964
39360.968017998537107 25.34939015905053239
39361.145461851730943 25.356825085984407764
39361.322873458440881 25.364238483628572141
39361.500251346209552 25.371630403389946906
39361.677594080349081 25.379000902231869219
39361.854900267477205 25.386350042641332436
39362.032168559009733 25.393677892584566536
39362.209397654543864 25.400984525450905238
39362.386586305132369 25.408270019979820376
39362.563733316506841 25.415534460183586418
39362.74083755218453 25.422777935260601367
39362.917897936458758 25.430000539493690326
39363.094913457323855 25.43720237213796409
39363.271883169189095 25.444383537298961073
39363.448806195527141 25.451544143793483954
39363.625681731406075 25.458684305006627824
39363.802509045679471 25.465804138741077622
39363.979287483125518 25.472903767057683666
39364.156016466367873 25.4799833161076279
39364.332695497665554 25.4870429159569305
39364.509324160506367 25.494082700403769337
39364.685902121069375 25.501102806789656796
39364.862429129650991 25.508103375807589686
39365.038905021850951 25.515084551302919635
39365.215329719481815 25.522046480067803742
39365.391703231427527 25.528989311631338666
39365.56802565419639 25.535913198046298334
39365.744297172306688 25.542818293672791441
39365.920518058381276 25.549704754953246777
39366.096688673176686 25.556572740192937232
39366.272809465473983 25.563422409340024188
39366.448880971780454 25.57025392376491979
39366.624903815878497 25.577067446040711474
39366.800878708272649 25.583863139724730473
39366.976806445440161 25.590641169142074318
39367.152687909023371 25.597401699171246747
39367.328524064811063 25.604144895032678875
39367.50431596171984 25.610870922081417689
39367.680064730542654 25.617579945602976466
39367.855771582639136 25.624272130613508835
39368.031437808524061 25.630947641664839409
39368.207064776353945 25.637606642654983347
39368.382653930399101 25.644249296645220682
39368.558206789559335 25.650875765686372176
39368.733724945661379 25.657486210646059277
39368.909210061719932 25.664080791043733853
39369.084663870147779 25.670659664893157981
39369.260088170936797 25.677222988551658744
39369.435484829795314 25.683770916576555976
39369.610855776263634 25.690303601588887261
39369.786203001822287 25.696821194144852996
39369.96152855802211 25.703323842615109385
39370.136834554570669 25.709811693070957261
39370.312123157418682 25.716284889179938489
39370.4873965868901 25.722743572107368948
39370.662657115863112 25.729187880424852608
39370.837907067980268 25.735617950023467415
39371.013148815902241 25.742033914036706932
39371.188384779474291 25.748435902770015815
39371.363617424045515 25.754824043643264275
39371.538849258839036 25.761198461136476823
39371.714082035497995 25.767559247741608885
39371.889317848457722 25.773906504101844916
39372.064559309488686 25.780240345213655928
39372.239809068851173 25.78656088301133309
39372.415069813978334 25.792868226344268123
39372.590344268151966 25.799162480959271448
39372.765635189309251 25.805443749488325977
39372.940945368885878 25.811712131442959617
39373.116277630731929 25.817967723212266407
39373.291634830115072 25.824210618066882006
39373.467019852818339 25.830440906167911663
39373.642435614288843 25.836658674580348816
39373.817885058902903 25.842864007290735628
39373.993371159289381 25.849056985228774153
39374.168896915733058 25.855237686292785071
39374.344465355665307 25.861406185378065459
39374.520079533242097 25.867562554406635655
39374.69574252905295 25.873706862359849623
39374.871457449895388 25.879839175315417776
39375.047227428600308 25.88595955648819924
39375.223055623922846 25.892068066272411642
39375.398945220520545 25.898164762285844631
39375.574899428975186 25.90424969941582134
39375.750921485923755 25.910322929866456576
39375.92701465425489 25.916384503207165579
39376.103182223370823 25.92243446642230964
39376.279427509507514 25.928472863961410155
39376.455753856156662 25.934499737788748064
39376.632164634553192 25.940515127434707665
39376.808663244199124 25.946519070048850608
39376.985253113445651 25.95251160045171801
39377.161937700184353 25.958492751186774683
39377.338720492560242 25.964462552572086906
39377.51560500976484 25.970421032751389134
39377.692594802872918 25.976368217740269273
39377.869693455722881 25.982304131475920883
39378.046904585884477 25.988228795866373133
39378.224231845691975 25.994142230838910734
39378.401678923328291 26.000044454387591486
39378.579249544083723 26.005935482618323107
39378.75694747169473 26.011815329797734364
39378.934776509573567 26.017684008398095585
39379.112740502125234 26.023541529140306494
39379.290843336071703 26.02938790103546296
39379.469088941848895 26.035223131424086063
39379.647481295032776 26.041047226014256921
39379.826024417867302 26.046860188918028456
39380.004722380850581 26.052662022688192422
39380.183579304321029 26.058452728352730077
39380.362599360072636 26.06423230544749714
39380.541786773050262 26.07000075204752676
39380.721145823008555 26.075758064796488611
39380.900680846280011 26.081504238934414275
39381.080396237528475 26.087239268323706654
39381.260296451597242 26.092963145474424635
39381.440386005349865 26.098675861567368628
39381.620669479561911 26.104377406475041568
39381.801151520841813 26.110067768781657804
39381.981836843653582 26.115746935799240447
39382.162730232405011 26.12141489358191393
39382.343836543564976 26.127071626941418714
39382.525160707715258 26.132717119460004085
39382.706707731616916 26.138351353501160901
39382.888482700313034 26.143974310218801804
39383.070490779202373 26.149585969564647314
39383.252737216178502 26.155186310294716634
39383.435227343790757 26.160775309973484326
39383.617966581419751 26.166352944976903672
39383.800960437423782 26.171919190493024843
39383.984214511336177 26.17747402052046013
39384.167734496091725 26.183017407862486436
39384.351526180282235 26.188549324123812312
39384.535595450324763 26.194069739703827793
39384.719948292644403 26.199578623787580511
39384.904590795835247 26.205075944334673466
39385.08952915280679 26.210561668065508911
39385.274769662966719 26.216035760446036562
39385.460318734425528 26.221498185670135683
39385.646182886135648 26.226948906641059267
39385.832368749935995 26.232387884947996781
39386.018883072647441 26.237815080839709481
39386.205732718110085 26.243230453196538576
39386.3929246692569 26.248633959496512347
39386.580466030107345 26.254025555784387791
39386.768364027622738 26.259405196637345625
39386.95662601346703 26.264772835128958661
39387.145259465651179 26.270128422790779865
39387.334271990112029 26.275471909571823659
39387.523671322145674 26.280803243796100332
39387.713465327717131 26.286122372118622792
39387.903662004675425 26.291429239480248015
39388.094269483772223 26.296723789060912679
39388.285296029571327 26.30200596223183851
39388.476750041263585 26.307275698510160566
39388.668640053248964 26.3125329355119284
39388.860974735471245 26.317777608902442665
39389.053762893563544 26.323009652345092491
39389.24701346886286 26.328228997443822834
39389.440735538031731 26.333435573696153398
39389.634938312323357 26.338629308444456711
39389.829631136519311 26.343810126828042684
39390.024823487518006 26.348977951736284098
39390.220524972639396 26.35413270376319872
39390.416745327587705 26.359274301166415455
39390.613494413970329 26.364402659825866948
39390.810782216314692 26.369517693206510955
39391.008618838561233 26.374619312323577702
39391.207014500112564 26.379707425710797963
39391.405979531300545 26.38478193939064198
39391.605524368387705 26.389842756849635208
39391.805659548081167 26.394889779019006681
39392.006395701391739 26.399922904262588474
39392.207743546838174 26.404942028368996176
39392.409713883054792 26.409947044550904138
39392.612317580802483 26.414937843453667909
39392.815565574463108 26.419914313174260201
39393.019468852769933 26.424876339287088456
39393.224038448672218 26.429823804875208992
39393.429285428552248 26.434756590569421064
39393.635220880663837 26.439674574596654821
39393.841855902894167 26.444577632837891201
39394.049201589798031 26.449465638898487896
39394.257269018882653 26.454338464190019664
39394.46606923622312 26.459195978025839224
39394.675613241321116 26.464038047729051328
39394.885911971265159 26.468864538754246496
39395.096976284257835 26.47367531482434444
39395.308816942459089 26.478470238083495758
39395.521444594269269 26.483249169266006362
39395.734869755979162 26.488011967882385989
39395.949102792947087 26.492758492423234884
39396.164153900172096 26.497488600567240979
39396.380033082474256 26.502202149422302568
39396.596750134485774 26.506898995789178741
39396.814314620365622 26.511578996445859246
39397.032735853252234 26.516242008452024947
39397.252022874832619 26.520887889461501885
39397.47218443499878 26.525516498067318594
39397.693228971525969 26.530127694173820885
39397.915164589809137 26.534721339388219974
39398.137999043043237 26.539297297431538425
39398.361739712803683 26.543855434576673957
39398.586393590085208 26.548395620107267945
39398.811967257002834 26.552917726798519027
39399.038466869220429 26.557421631418439034
39399.265898139252386 26.561907215249259906
39399.494266320783936 26.566374364628170923
39399.72357619414106 26.570822971510160926
39399.953832052960934 26.575252934043039232
39400.185037692011974 26.579664157151700721
39400.417196396410873 26.58405655313708138
39400.650310932353023 26.588430042287846788
39400.8843835395528 26.592784553513517665
39401.119415925306384 26.597120024982380926
39401.35540926046815 26.601436404772279332
39401.592364177486161 26.605733651524325012
39401.830280770227546 26.610011735077506501
39402.069158595375484 26.614270637101746786
39402.308996675426897 26.618510351723045915
39402.549793503356341 26.62273088613379457
39402.789010800537653 26.626888371190727156
39403.026260256905516 26.630977323263675061
39403.261684053897625 26.635001493469879108
39403.495416399789974 26.638964399187425869
39403.727584411950374 26.642869347810819391
39403.958308824207052 26.646719456488330735
39404.187704623509489 26.650517669787937791
39404.415881624001486 26.654266775540925494
39404.642944985927898 26.657969419086469998
39404.868995685341361 26.661628116101944386
39405.094130940444302 26.665245264187454666
39405.318444623764663 26.668823153738347997
39405.542027570860228 26.672363976734679625
39405.76496958041389 26.675869861682652839
39405.987356314901263 26.679342827784608971
39406.209271308558527 26.682784819927178432
39406.430796357642976 26.686197717429600118
39406.652011470345315 26.689583335750757698
39406.872994678684336 26.692943426055983025
39407.093823335315392 26.696279697180496981
39407.314573759431369 26.699593812079061905
39407.535321482020663 26.702887393349211465
39407.756105322274379 26.706161493855613998
39407.976998348007328 26.709417657012707537
39408.198074581487163 26.712657416264445231
39408.419407725676137 26.715882277472360329
39408.64107131545461 26.719093722536953806
39408.863138864981011 26.722293212877019641
39409.085684011843114 26.725482192783214686
39409.308780656268937 26.72866209263912296
39409.532502085960004 26.731834317739821216
39409.756922153384949 26.735000266366323984
39409.982116435654461 26.73816134712493664
39410.208161552254751 26.741318970171882086
39410.43513513013022 26.744474547742022708
39410.66311573870189 26.747629494316015553
39410.89218325499678 26.750785232766251198
39411.122418875798758 26.753943195581811665
39411.353905423646211 26.757104830144598395
39411.586727664740465 26.760271604110368315
39411.820972338609863 26.763445006876565913
39412.05672922906524 26.766626565147198846
39412.294090452538512 26.769817834344483032
39412.533149747381685 26.773020390361409682
39412.774003623781027 26.776235846407672625
39413.01675158450962 26.779465857304678877
39413.261496356717544 26.782712124002959087
39413.508344136949745 26.785976398369832907
39413.757404643954942 26.789260485542087054
39414.008791615800874 26.792566252272351335
39414.262623303045984 26.795895635317499739
39414.519023184715479 26.799250652855917565
39414.778119776441599 26.802633404182657273
39415.040046374801022 26.80604606887718333
39415.304942023780313 26.809490922159909587
39415.572951965972607 26.812970343725481825
39415.844228147638205 26.816486827585542585
39416.11892977856769 26.820042992942834559
39416.397223925188882 26.823641595867787402
39416.678897899175354 26.82728052854815104
39416.961108764226083 26.830923796733920028
39417.243850717823079 26.834572110148414481
39417.52711816932424 26.838226181079711807
39417.810905729777005 26.841886723941907889
39418.095208200225898 26.845554454832345925
39418.380020558739488 26.849230091089534511
39418.665337946353247 26.852914350863823501
39418.951155652393936 26.856607952695412678
39419.237469099469308 26.860311615113218409
39419.524273827271827 26.864026056218083482
39419.811565476098622 26.867751993336291605
39420.099339771004452 26.871490142714456795
39420.387592506107467 26.875241219274862203
39420.676319529105967 26.879005936423457257
39420.960757138600457 26.882722743650141695
39421.240736350475345 26.886389736396026251
39421.516704699693946 26.890013029640378761
39421.789144400994701 26.89359919688087075
39422.05854532673402 26.897154930215972257
39422.325404756600619 26.900687049156825736
39422.590242402773583 26.904202711985082175
39422.853583770644036 26.907709208278564716
39423.115906036211527 26.911213245912648517
39423.37768700329616 26.914721607198984543
39423.6394182287695 26.918241334809803078
39423.901383473777969 26.921776748975318583
39424.164022665536322 26.925334343456864161
39424.427795497445913 26.928920974318792503
39424.693174066043866 26.932543773888443894
39424.960679011193861 26.936210660932921712
39425.230842789431335 26.939929859694867531
39425.504212437801471 26.943709955161100567
39425.781358712840301 26.947560039754343109
39426.062903646081395 26.951490123500107643
39426.349519009396317 26.955511149650192237
39426.641913952669711 26.959634861088041191
39426.939699860929977 26.963857700026338193
39427.237848676428257 26.968109727221783345
39427.536352759758302 26.972391611456203009
39427.835204041788529 26.976704015071828024
39428.134393993525009 26.981047592867398066
39428.43391359623638 26.98542299090557961
39428.733753312160843 26.989830845182346764
39429.033903055766132 26.994271780194896593
39429.334352166217286 26.998746407438030559
39429.635089381648868 27.003255323839081115
39429.932090511814749 27.007738342331087722
39430.223933880224649 27.012173286802184435
39430.511746650983696 27.016576479690577628
39430.796632233570563 27.020964299483260618
39431.079630092186562 27.025352552737128775
39431.361704851064133 27.029756281507278715
39431.643767393215967 27.034190069577778814
39431.926274608063977 27.038661670906758872
39432.210093914487516 27.043185599479279801
39432.496097471870598 27.047776835584770083
39432.785158100545232 27.052450781998953033
39433.075984294817317 27.057187892388313344
39433.365176775369036 27.061933297386350006
39433.652960123050434 27.066690584877839854
39433.939564870095637 27.071463523725903144
39434.225198975553212 27.076255589373090515
39434.510065279420814 27.081070248027831582
39434.79436274687032 27.085910976631208058
39435.078288189681189 27.090781291839810763
39435.362035357800778 27.095684734686976469
39435.645790312053578 27.100624789422287364
39435.929654867701174 27.105603532405282863
39436.213820293654862 27.110624658915455143
39436.498477767447184 27.115691942910942203
39436.783819164855231 27.120809252635464048
39437.070034104595834 27.12598049888982743
39437.357316638626799 27.13120975714726768
39437.645870609303529 27.136501370544131362
39437.935905715559784 27.141859885052543433
39438.227638977987226 27.147290082392899535
39438.521296501377947 27.152797019849920446
39438.817068138087052 27.1583851785331305
39439.115143318813352 27.164059123889970238
39439.415359365826589 27.169816736709279326
39439.715205535714631 27.17561025070491354
39440.014663862239104 27.181439138448684645
39440.313717100776557 27.187302855152687187
39440.612348750561068 27.193200840988922096
39440.909568038245197 27.199113059100930911
39441.204114043939626 27.205013468282185585
39441.496330056965235 27.210907788211521563
39441.786519830966427 27.216801122232041621
39442.074951028407668 27.222697998373970307
39442.361859207565431 27.228602425233930262
39442.647453087498434 27.234517978303383501
39442.931918516056612 27.240447863958365815
39443.215424761161557 27.246395035903521631
39443.498130321378994 27.252362306645796508
39443.780189745128155 27.258352485257098863
39444.061757407922414 27.264368455336306596
39444.342993718229991 27.270413308264522811
39444.624069930687256 27.276490450985299674
39444.905168688586855 27.282603624237644624
39445.186399907943269 27.288755064036021025
39445.467979151522741 27.294949390861074079
39445.750158049115271 27.301192131680259934
39446.03321105226496 27.307489446330208693
39446.317414278091746 27.313847666575743034
39446.603067831005319 27.320273800377442797
39446.890068938584591 27.326765864318716126
39447.176460999871779 27.333279543534846567
39447.462241799810727 27.339814370805200383
39447.747409468749538 27.346369889966087641
39448.031962468761776 27.352945655736444763
39448.315899581772101 27.359541233516129211
39448.599219898918818 27.366156199160545981
39448.881922811815457 27.372790138751483369
39449.164008005245705 27.379442648388334192
39449.445475449509104 27.386113333931188407
39449.726325393574371 27.392801810737179125
39450.006558359767951 27.399507703404449188
39450.28617513764766 27.406230645523848466
39450.565176778189198 27.412970279488469316
39450.84356458781258 27.419726256244739915
39451.121340122263064 27.426498235057234609
39451.398505180666689 27.433285883281044448
39451.675061799112882 27.440088876143356345
39451.951012244142476 27.446906896537889509
39452.226359005893755 27.453739634831865857
39452.501104792347178 27.460586788737618491
39452.775252522282244 27.467448063146942872
39453.048805319449457 27.474323169980316095
39453.321766503700928 27.481211828032371614
39453.593980029640079 27.488109711572150218
39453.865729397861287 27.495023637479256706
39454.136937912684516 27.50195131976207108
39454.407569870243606 27.508891495206089672
39454.677629431178502 27.515843915466536629
39454.947120893877582 27.522808338555414309
39455.216048683570989 27.529784528789853937
39455.484417341453081 27.536772256742906961
39455.752231513804873 27.543771299194617086
39456.019495941167406 27.550781439083390723
39456.286215448184521 27.557802465453708152
39456.552394933511096 27.564834173402449125
39456.818039359022805 27.571876364007938065
39457.083153739557019 27.578928844251624497
39457.347743133519543 27.585991426922380043
39457.611812633294903 27.593063930515221216
39457.875367355823983 27.600146179120770284
39458.138412433887424 27.607238002294771206
39458.40095300757821 27.614339234927939515
39458.662994216276275 27.621449717117346978
39458.924541190630407 27.628569294016013913
39459.185599045587878 27.635697815681641742
39459.446172874384501 27.642835136923608275
39459.706267742338241 27.649981117137802045
39459.965888681115757 27.657135620136664045
39460.225040683508269 27.664298513976234517
39460.483728698643972 27.671469670781814187
39460.741957627840748 27.678648966575227774
39460.999732320655312 27.685836281100616674
39461.257057571398036 27.693031497650483885
39461.513938116055215 27.700234502892570276
39461.770378629698826 27.70744518670341705
39462.026383724114567 27.714663441998059312
39462.281957945298927 27.721889164565762798
39462.537105771814822 27.729122252908933177
39462.791831613503746 27.73636260808766707
39463.046139810525347 27.743610133570609122
39463.3000346331537 27.750864735076806511
39463.553520281544479 27.758126320427781053
39463.806600885516673 27.765394799410291427
39464.05928050437069 27.772670083640420557
39464.311563127150293 27.779952086437130987
39464.563452673050051 27.787240722698342665
39464.814952992106555 27.794535908783394973
39465.066067866027879 27.801837562400205428
39465.316801009103074 27.80914560250102241
39465.567156069249904 27.816459949184441314
39465.817136629055312 27.823780523600348147
39466.066746207041433 27.831107247860465748
39466.315988259004371 27.838440044956033859
39466.564866179454839 27.845778838680210754
39466.813383303066075 27.853123553555182212
39467.061542906303657 27.860474114759554709
39467.309348209157179 27.867830448064314197
39467.556802377162967 27.875192479781723875
39467.803908523150312 27.882560136712601917
39468.050669708827627 27.889933346096075439
39468.297088946397707 27.897312035563469834
39468.543169200151169 27.904696133096258848
39468.78891338808171 27.912085566988466212
39469.034324383450439 27.919480265812524067
39469.279405016299279 27.926880158389675302
39469.52415807494981 27.934285173763079513
39469.768586307436635 27.941695241174119957
39470.012692422904365 27.949110290041272009
39470.256479092960944 27.956530249943440936
39470.4999489529946 27.963955050605335373
39470.743104603527172 27.971384621883114363
39470.985948611451022 27.978818893754436203
39471.228483511345985 27.986257796315712199
39471.470711806679901 27.993701259778045909
39471.712635970870906 28.001149214463541881
39471.954258448364271 28.008601590803689163
39472.195581655723799 28.016058319338817739
39472.436607982694113 28.023519330719256715
39472.677339793226565 28.030984555707249228
39472.917779426512425 28.038453925180114368
39473.157929198023339 28.045927370133629353
39473.397791400588176 28.053404821683020742
39473.637368305360724 28.060886211069128393
39473.876662162889261 28.068371469666161033
39474.11567520450626 28.075860528992940601
39474.354409643288818 28.083353320722650892
39474.592867674931767 28.090849776693769257
39474.831051478577137 28.098349828921914906
39475.068963217636338 28.105853409613651195
39475.3066050405032 28.113360451181666377
39475.543979081252473 28.120870886261986499
39475.781087460280105 28.128384647732087132
39476.017932284928975 28.135901668731104763
39476.254515650020039 28.143421882681540325
39476.490839638368925 28.150945223312223931
39476.726906321207935 28.158471624682846368
39476.962717758557119 28.166001021210025357
39477.198275999537145 28.173533347692611528
39477.433583082689438 28.181068539338443912
39477.66864103620901 28.188606531791627674
39477.903451878184569 28.196147261159982378
39478.138017616751313 28.203690664042603942
39478.372340250236448 28.211236677557277375
39478.60642176730471 28.218785239368582296
39478.840264147103881 28.226336287715767526
39479.073869359315722 28.233889761438049959
39479.307239364192355 28.241445599998822757
39479.54037611255626 28.249003743508765751
39479.773281545800273 28.256564132746344598
39480.005957595902146 28.264126709178086116
39480.238406185620988 28.27169141497890692
39480.470629228599137 28.279258193050011982
39480.702628629587707 28.28682698704023224
39480.934406285101431 28.294397741374222477
39481.165964083411382 28.301970401265190702
39481.397303904537694 28.309544912725993271
39481.62842762019136 28.317121222579078932
39481.859337093745125 28.324699278464777308
39482.090034180189832 28.332279028848493141
39482.320520726068935 28.339860423026415504
39482.550798569449398 28.347443411130253565
39482.780869539827108 28.355027944130647199
39483.010735458068666 28.362613973839454928
39483.240398136316799 28.370201452911185669
39483.469859377910325 28.377790334843645326
39483.699120977275015 28.385380573977553098
39483.928184719785349 28.392972125495358426
39484.157052381677204 28.400564945419649376
39484.385725729880505 28.408158990610388628
39484.614206521888264 28.415754218761279049
39484.842496505545569 28.423350588395368987
39485.070597418867692 28.430948058859740968
39485.298510989872739 28.438546590319429441
39485.526238936356094 28.446146143750350888
39485.753782965693972 28.453746680930642299
39485.981144774632412 28.461348164431818475
39486.208326049083553 28.468950557609108643
39486.435328463907354 28.476553824591785968
39486.662153682729695 28.484157930271749137
39486.888803357782308 28.491762840291311676
39487.115279129779083 28.49936852103078877
39487.341582627806929 28.50697493959421891
39487.567715469333052 28.514582063791973354
39487.793679260183126 28.522189862123088488
39488.019475594483083 28.529798303760451006
39488.245106054586358 28.537407358535745061
39488.470572211037506 28.54501699692444916
39488.695875622528547 28.55262719003080818
39488.921017835862585 28.560237909572702364
39489.146000385953812 28.567849127867251724
39489.370824795820226 28.575460817816892956
39489.595492576569086 28.583072952895911101
39489.820005227418733 28.590685507137511223
39490.044364235647663 28.598298455121064165
39490.26857107658725 28.60591177196046786
39490.492627213636297 28.613525433292686273
39490.716534098268312 28.621139415267268902
39490.940293169980578 28.628753694536978713
39491.163905856272322 28.636368248248530222
39491.387373572622892 28.643983054034144686
39491.610697722549958 28.65159809000390112
39491.83387969758769 28.659213334738403489
39492.056920877206721 28.666828767281824497
39492.279822628734109 28.67444436713546807
39492.502586307236925 28.682060114251854088
39492.725213255427661 28.689675989029073122
39492.94770480353327 28.697291972305453811
39493.170062269178743 28.704908045354407875
39493.392286957241595 28.712524189879580661
39493.614380159793654 28.720140388010868548
39493.836343156232033 28.727756622300635314
39494.058177213337331 28.735372875718201868
39494.279883585310017 28.742989131650080736
39494.501463513741328 28.750605373897592187
39494.722918227482296 28.758221586672384262
39494.944248942549166 28.765837754592034514
39495.165456862021529 28.77345386267516858
39495.38654317597684 28.781069896336610725
39495.607509061432211 28.78868584138288611
39495.828355682278925 28.796301684007197252
39496.049084189231507 28.803917410784318776
39496.269695719805895 28.811533008665310973
39496.490191398261231 28.819148464972219159
39496.710572335607139 28.826763767392613147
39496.930839629596449 28.834378903974144492
39497.150994364747021 28.841993863118641883
39497.371037612341752 28.849608633576131922
39497.590970430486777 28.857223204438390951
39497.810793864562584 28.864837565135452735
39498.030508947515045 28.87245170543423356
39498.250116699913633 28.880065615432105375
39498.469618130038725 28.887679285550522224
39498.689014233998023 28.895292706527470727
39498.908305995828414 28.902905869410879802
39499.127494387583283 28.910518765551994846
39499.346580369405274 28.918131386598865618
39499.565564889657253 28.925743724489777264
39499.784448885002348 28.93335577144673465
39500.003233280520362 28.940967519969092336
39500.221918989816913 28.948578962827220096
39500.440506915314472 28.956190093052118328
39500.658997948507022 28.9638009039251898
39500.877392970105575 28.971411388971763046
39501.095692850183696 28.979021541954775643
39501.313898448264808 28.986631356869271059
39501.532010613511375 28.994240827936671678
39501.750030185292417 29.001849949600188694
39501.967957993409073 29.009458716519294086
39502.185794858218287 29.01706712356412865
39502.403541590792884 29.024675165809682653
39502.621198993023427 29.032282838530619529
39502.838767857792845 29.039890137196188391
39503.056248969085573 29.047497057465204051
39503.27364310214034 29.055103595181186904
39503.490951023588423 29.062709746367655583
39503.708173491562775 29.070315507223565277
39503.925311255865381 29.077920874118813543
39504.142365058170981 29.085525843590204431
39504.359335632208968 29.093130412337536939
39504.576223703901633 29.100734577219654398
39504.793029991487856 29.108338335250738993
39505.009755205675901 29.115941683596624046
39505.226400049774384 29.123544619571340775
39505.442965219830512 29.131147140633846249
39505.659451404753781 29.138749244384889892
39505.875859286476043 29.146350928564029203
39506.092189540082472 29.153952191046581532
39506.308442834189918 29.161553029841815743
39506.52461983118701 29.169153443091147437
39506.740721187365125 29.176753429065698242
39506.956747553049354 29.184352986164149968
39507.172699572904094 29.191952112914250961
39507.388577886122221 29.199550807972219246
39507.604383126534231 29.207149070120721035
39507.820115922768309 29.21474689826703397
39508.035776898337645 29.222344291441253006
39508.251366671771393 29.229941248794609976
39508.466885856731096 29.237537769597871318
39508.682335062112543 29.245133853239831723
39508.897714892154909 29.25272949922591792
39509.113025946557173 29.26032470717685996
39509.328268820572703 29.267919476827437109
39509.543444105111121 29.275513808025273477
39509.758552386840165 29.283107700729676282
39509.97359424829483 29.290701155010502532
39510.188570268081094 29.298294171047423617
39510.403481021123298 29.305886749128674751
39510.618327078875154 29.31347888964685211
39510.833109009457985 29.321070593097168455
39511.047827377697104 29.328661860076138623
39511.262482745216403 29.336252691280179761
39511.477075670474733 29.343843087504126288
39511.691606708845939 29.351433049639631179
39511.906076412640687 29.359022578673457105
39512.120485331157397 29.366611675685582838
39512.334834010725899 29.374200341847270579
39512.549122994736535 29.381788578418973401
39512.763352823654714 29.389376386748903514
39512.977524035064562 29.396963768271483275
39513.191637163676205 29.40455072450494356
39513.405692741347593 29.41213725704849935
39513.619691297099052 29.419723367579660334
39513.833633357106009 29.427309057852067298
39514.047519444735372 29.434894329694504478
39514.261350080552802 29.442479185008000542
39514.475125782279065 29.450063625763121422
39514.688847064797301 29.457647653996946957
39514.902514440109371 29.465231271809894764
39515.116128417321306 29.472814481362654249
39515.329689502614201 29.480397284873113506
39515.543198199244216 29.487979684613680575
39515.756655007688096 29.495561682910736323
39515.970060425592237 29.50314328214163595
39516.183414947750862 29.51072448473167853
39516.396719066236983 29.518305293153467517
39516.609973270707997 29.525885709927745637
39516.82317804844206 29.533465737620868907
39517.036333884403575 29.541045378844149383
39517.249441261214088 29.548624636251048514
39517.462500659115904 29.556203512534306554
39517.675512555957539 29.563782010423061308
39517.888477427157341 29.571360132680119648
39518.101395745645277 29.578937882099580747
39518.314267981979356 29.586515261500849761
39518.527094604767626 29.594092273717453878
39518.739876080639078 29.601668921594257
39518.952612874214537 29.609245207985214421
39519.165305448063009 29.61682113575118791
39519.377954262672574 29.624396707757902902
39519.590559776421287 29.631971926874015821
39519.80312244551169 29.639546795969284432
39520.015642723948986 29.647121317912887406
39520.228121063497383 29.654695495571782971
39520.440557913701923 29.662269331808818862
39520.652953721859376 29.66984282948116558
39520.865308933003689 29.677415991439065834
39521.07762398984778 29.684988820524775832
39521.289899332747154 29.692561319571563416
39521.502135399641702 29.700133491402834096
39521.714332626048417 29.70770533883137432
39521.926491444988642 29.715276864658711986
39522.138612286951684 29.722848071674608406
39522.350695579865715 29.730418962656688819
39522.562741749025008 29.737989540370197261
39522.774751217111771 29.745559807569144084
39522.986724404254346 29.753129766999801831
39523.198661727976287 29.760699421400889975
39523.410563603167247 29.768268773503621105
39523.622430442133918 29.775837826030240763
39523.834262654650956 29.783406581693476767
39524.046060647888226 29.790975043197001071
39524.257824826352589 29.79854321323599109
39524.469555591844255 29.806111094497790504
39524.681253343413118 29.813678689662662435
39524.892918477315106 29.821246001404773551
39525.104551387194078 29.828813032394482008
39525.316152464067272 29.836379785299541822
39525.527722096259822 29.843946262785994605
39525.739260669375653 29.85151246751903642
39525.950768566224724 29.85907840216401965
39526.162246167004923 29.866644069385106519
39526.37369384962949 29.874209471842302577
39526.585111989661527 29.881774612192590013
39526.796500960277626 29.889339493091139133
39527.007861132318794 29.896904117190779004
39527.219192874479631 29.904468487139144628
39527.430496553264675 29.912032605579657485
39527.641772532915638 29.919596475152641091
39527.85302117534593 29.927160098496333518
39528.064242840089719 29.93472347824778268
39528.275437884214625 29.942286617043624375
39528.486606662263512 29.949849517520679143
39528.697749526181724 29.957412182316449645
39528.908866825244331 29.964974614069468828
39529.119958905990643 29.972536815419502432
39529.331026112151449 29.980098789007623594
39529.542068784561707 29.987660537476120481
39529.753087261102337 29.995222063468258256
39529.964081876627461 30.002783369627923804
39530.175052962884365 30.010344458599185202
39530.386000848433468 30.01790533302572328
39530.596925858582836 30.025465995550181475
39530.807828315315419 30.033026448813426867
39531.018708537209022 30.040586695453754373
39531.22956683938537 30.048146738106034093
39531.440403533582867 30.055706579398265177
39531.651218928564049 30.063266221943294454
39531.862013330144691 30.070825668337928249
39532.072787041535776 30.078384921162466981
39532.283540363365319 30.085943982980019484
39532.49427359359106 30.093502856335803131
39532.704987027478637 30.101061543756454597
39532.91568095760158 30.108620047748836157
39533.126355673892249 30.116178370798994735
39533.33701146356907 30.123736515371611233
39533.547648611092882 30.131294483909503157
39533.758267398101452 30.138852278833159204
39533.968868103387649 30.146409902540309389
39534.179451002841233 30.153967357405527139
39534.390016369405203 30.161524645779874021
39534.600564473053964 30.169081769990583552
39534.811095580742403 30.17663873234081251
39535.021609956384054 30.18419553510940645
39535.232107860821998 30.191752180550722073
39535.442589551799756 30.199308670894470907
39535.653055283954018 30.20686500834562338
39535.863505308800086 30.214421195084351979
39536.073939874695498 30.221977233265793217
39536.284359226832748 30.229533125020040529
39536.4947636072975 30.237088872451490573
39536.705153255155892 30.244644477637557145
39536.915528406469093 30.252199942628781315
39537.125889294264198 30.259755269448998405
39537.336236148548778 30.267310460095522728
39537.54656919628178 30.274865516539360755
39537.756888661402627 30.282420440725438482
39537.967194764780288 30.289975234572793283
39538.177487724249659 30.297529899975057077
39538.387767754589731 30.305084438800680147
39538.598035067545425 30.312638852893169172
39538.808289871798479 30.320193144071311053
39539.018532373025664 30.327747314129798184
39539.228762774124334 30.335301364842070626
39539.438981275270635 30.342855297960994676
39539.649188073904952 30.350409115219051159
39539.859383364710084 30.357962818328473986
39540.06956733961124 30.365516408981459762
39540.279740187776042 30.373069888850348974
39540.489902095563593 30.380623259587835605
39540.700053246524476 30.38817652282692805
39540.910193821364373 30.395729680181144516
39541.120323997914966 30.403282733244690661
39541.330443951119378 30.410835683592683409
39541.540553852995799 30.41838853278136412
39541.750653872601106 30.425941282348340167
39541.960744176001754 30.433493933812840737
39542.170824926244677 30.441046488675972626
39542.380896283306356 30.448598948421011556
39542.590958404114645 30.456151314513189021
39542.80101144285436 30.463703588396938926
39543.011055550981837 30.471255771495702191
39543.221090877181268 30.478807865212225181
39543.431117567328329 30.486359870928893656
39543.641135764424689 30.493911790008038309
39543.851145608568913 30.501463623792247404
39544.061147236890974 30.509015373604690069
39544.271140783523151 30.516567040749436046
39544.481126379527268 30.524118626511754115
39544.691104152858316 30.531670132158396314
39544.901074228320795 30.53922155893786794
39545.111036727510509 30.546772908080658482
39545.320991768763633 30.554324180799483202
39545.530939467113058 30.56187537828951406
39545.740879934739496 30.569426501730784906
39545.950813281335286 30.576977552289449136
39546.160739614635531 30.584528531113672756
39546.370659040585451 30.592079439332639623
39546.580571663456794 30.599630278056867638
39546.790477585942426 30.607181048377348986
39547.000376909512852 30.614731751361976109
39547.210269734423491 30.622282388055253932
39547.420156159678299 30.629832959478310528
39547.630036283037043 30.637383466628925532
39547.839910200971644 30.644933910481483963
39548.049778008666181 30.652484291986972664
39548.259639799995057 30.660034612072983862
39548.469495667501178 30.667584871643708055
39548.679345702388673 30.675135071579930468
39548.889189994508342 30.682685212739027492
39549.09902863237221 30.690235295956146189
39549.308861703364528 30.697785322051476697
39549.518689293749048 30.705335291831595157
39549.728511488669028 30.712885206089552526
39549.938328372147225 30.720435065605023794
39550.148140027173213 30.727984871146372114
39550.357946535747033 30.735534623471803428
39550.567747978879197 30.743084323329430418
39550.777544436576136 30.750633971457325799
39550.987335987832921 30.758183568583579159
39551.197122710618714 30.765733115426325384
39551.406904681884043 30.773282612693787286
39551.616681977531698 30.780832061084385742
39551.826454672504042 30.788381461288484076
39552.036222840775736 30.795930813989077279
39552.24598655536829 30.803480119861809783
39552.455745888328238 30.811029379575010978
39552.665500910705305 30.818578593789723641
39552.875251692545135 30.826127763159739459
39553.084998302889289 30.83367688833166298
39553.294740809738869 30.841225969944954244
39553.504479280061787 30.848775008632010497
39553.714213779749116 30.856324005018237244
39553.923944373622362 30.863872959722144174
39554.133671125411638 30.871421873355444632
39554.343394097733835 30.878970746523172863
39554.553113352085347 30.886519579823801251
39554.762828948820243 30.89406837384937532
39554.972540947128437 30.901617129185659394
39555.18224940510845 30.909165846413046097
39555.391954379803792 30.916714526107458738
39555.601655927202955 30.924263168840507632
39555.811354102210316 30.931811775179621549
39556.021048958944448 30.939360345686854004
39556.230740551065537 30.946908880917437301
39556.440428931797214 30.954457381419913986
39556.650114153912 30.962005847736271846
39556.859796269709477 30.969554280402082469
39557.069475331052672 30.977102679946668218
39557.279151389331673 30.984651046893255
39557.48882449548546 30.992199381759153454
39557.69849469998735 30.999747685055940138
39557.908162052866828 31.007295957289642274
39558.117826603687718 31.014844198960933142
39558.327488401562732 31.022392410565327481
39558.537147495153476 31.029940592593373339
39558.746803932684998 31.037488745530858125
39558.956457761923957 31.045036869859000461
39559.166109030207735 31.052584966054645577
39559.375757784429879 31.060133034590450052
39559.585404071054654 31.067681075935077217
39559.795047936117044 31.07522909055334992
39560.004689425230026 31.082777078906438817
39560.214328583570023 31.090325041451997379
39560.423965455898724 31.097872978644321762
39560.633600086555816 31.105420890934468048
39560.843232519473531 31.112968778770383693
39561.052862798162096 31.120516642596999901
39561.262490965709731 31.128064482856341755
39561.472117064811755 31.135612299987602825
39561.681741137741483 31.143160094427219775
39561.891363226364774 31.150707866608914998
39562.100983372140035 31.158255616963746348
39562.310601616103668 31.165803345920132017
39562.520217998891894 31.173351053903868291
39562.729832560704381 31.18089874133815087
39562.939445341326063 31.188446408643571317
39563.149056380127149 31.195994056238113501
39563.358665716041287 31.203541684537142942
39563.568273387572845 31.211089293953403256
39563.777879432796908 31.218636884896984185
39563.987483889359282 31.226184457775300274
39564.197086794454663 31.23373201299306956
39564.406688184848463 31.241279550952281596
39564.616288096854987 31.248827072052169029
39564.825886566351983 31.256374576689175626
39565.035483628773363 31.263922065256931404
39565.245079319094657 31.271469538146206446
39565.45467367186211 31.279016995744903795
39565.664266721156309 31.286564438438023927
39565.873858500628558 31.294111866607622119
39566.083449043471774 31.301659280632776472
39566.293038382435043 31.30920668088954173
39566.502626549816341 31.316754067750895985
39566.712213577469811 31.324301441586690942
39566.921799496805761 31.331848802763573758
39567.131384338776115 31.339396151644923094
39567.340968133881688 31.346943488590746085
39567.55055091217946 31.354490813957585971
39567.760132703253475 31.362038128098419065
39567.969713536236668 31.369585431362548178
39568.179293439781759 31.377132724095492478
39568.388872442075808 31.384680006638880911
39568.598450570818386 31.392227279330338519
39568.808027853221574 31.399774542503379848
39569.017604315988137 31.407321796487291721
39569.22717998533335 31.414869041607015987
39569.436754886934068 31.422416278183039395
39569.646329045943276 31.429963506531276352
39569.855902486982814 31.437510726962948127
39570.065475234106998 31.445057939784462064
39570.275047310962691 31.452605145297475531
39570.484618740978476 31.460152343799038022
39570.694189547350106 31.467699535581473924
39570.903759753040504 31.475246720932261724
39571.113329380757932 31.482793900133920317
39571.322898452955997 31.490341073463884669
39571.53246699180454 31.497888241194381465
39571.742035019189643 31.505435403592318977
39571.951602556699072 31.512982560919148511
39572.161169625615003 31.520529713430757823
39572.370736246884917 31.528076861377343221
39572.580302441128879 31.535624005003281667
39572.78986822861043 31.543171144547006435
39572.99943362922204 31.550718280240882763
39573.208998662477825 31.558265412311079956
39573.418563347506279 31.565812540977450595
39573.628127703021164 31.573359666453391981
39573.837691747306962 31.580906788945721786
39574.047255498211598 31.588453908654543056
39574.256818973131885 31.596001025773126969
39574.466382188991702 31.603548140487760065
39574.675945162227436 31.611095252977634118
39574.88550790878071 31.618642363414693364
39575.095070444062003 31.626189471963510158
39575.304632782950648 31.633736578781153526
39575.514194939780282 31.641283684017039946
39575.72375692830974 31.648830787812812559
39575.933318761723058 31.65637789030219551
39576.142880452585814 31.663924991610848281
39576.352442012859683 31.671472091856241349
39576.562003453851503 31.679019191147499868
39576.771564786227827 31.686566289585272216
39576.981126019978547 31.694113387261584336
39577.190687164402334 31.701660484259686967
39577.40024822808482 31.709207580653924197
39577.609809218891314 31.716754676509577138
39577.819370143923152 31.724301771882721823
39578.028931009670487 31.731848866822080169
39578.238491822296055 31.739395961373709554
39578.448052587657003 31.746943055581173354
39578.657613311290334 31.754490149485544492
39578.867173998412909 31.76203724312538057
39579.076734653921449 31.769584336536709657
39579.286295282385254 31.777131429753008973
39579.286295282385254 31.777131429753008973
39579.286295282385254 31.777131429753008973
39579.286295282385254 31.777131429753008973
39579.286295282385254 31.777131429753008973
39579.286295282385254 31.777131429753008973
39579.495855888031656 31.784678522805190681
39579.705416474753292 31.792225615721577014
39579.91497704610083 31.799772708527878962
39580.124537605261139 31.807319801247178503
39580.334098155071842 31.814866893899896638
39580.543658698006766 31.822413986503772065
39580.753219236168661 31.829961079073843422
39580.962779771289206 31.837508171622420861
39581.172340304714453 31.845055264159057629
39581.381900837404828 31.852602356690535856
39581.591461369927856 31.860149449220838136
39581.801021902450884 31.867696541751140415
39582.010582434981188 31.875243634281442695
39582.220142967504216 31.882790726811744975
39582.42970350003452 31.890337819342047254
39582.639264032557548 31.897884911872349534
39582.848824565080577 31.905432004402651813
39583.058385097610881 31.912979096932954093
39583.267945630133909 31.920526189463256372
39583.477506162664213 31.928073281993558652
39583.687066695187241 31.935620374523860932
39583.896627227710269 31.943167467054163211
39584.106187760240573 31.950714559584465491
39584.315748292763601 31.95826165211476777
39584.525308825293905 31.96580874464507005
39584.734869357816933 31.973355837175372329
39584.944429890339961 31.980902929705674609
39585.153990422870265 31.988450022235976888
39585.363550955393293 31.995997114766279168
39585.573111487923597 32.003544207296577895
39585.782672020446626 32.011091299826880174
39585.992232552969654 32.018638392357182454
39586.201793085499958 32.026185484887484733
39586.411353618022986 32.033732577417787013
39586.62091415055329 32.041279669948089293
39586.830474683076318 32.048826762478391572
39587.040035215599346 32.056373855008693852
39587.24959574812965 32.063920947538996131
39587.459156280652678 32.071468040069298411
39587.668716813182982 32.07901513259960069
39587.87827734570601 32.08656222512990297
39588.087837878229038 32.094109317660205249
39588.297398410759342 32.101656410190507529
39588.50695894328237 32.109203502720809809
39588.716519475805399 32.116750595251112088
39588.926080008335703 32.124297687781414368
39589.135640540858731 32.131844780311716647
39589.345201073389035 32.139391872842018927
39589.554761605912063 32.146938965372321206
39589.764322138435091 32.154486057902623486
39589.973882670965395 32.162033150432925765
39590.183443203488423 32.169580242963228045
39590.393003736018727 32.177127335493530325
39590.602564268541755 32.184674428023832604
39590.812124801064783 32.192221520554134884
39591.021685333595087 32.199768613084437163
39591.231245866118115 32.207315705614739443
39591.440806398648419 32.214862798145041722
39591.650366931171448 32.222409890675344002
39591.859927463694476 32.229956983205646281
39592.06948799622478 32.237504075735948561
39592.279048528747808 32.245051168266250841
39592.488609061278112 32.25259826079655312
39592.69816959380114 32.2601453533268554
39592.907730126324168 32.267692445857157679
39593.117290658854472 32.275239538387459959
39593.3268511913775 32.282786630917762238
39593.536411723907804 32.290333723448064518
39593.745972256430832 32.297880815978366797
39593.95553278895386 32.305427908508669077
39594.165093321484164 32.312975001038971357
39594.374653854007192 32.320522093569273636
39594.584214386537496 32.328069186099575916
39594.793774919060525 32.335616278629878195
39595.003335451583553 32.343163371160180475
39595.212895984113857 32.350710463690482754
39595.422456516636885 32.358257556220785034
39595.632017049167189 32.365804648751087313
39595.841577581690217 32.373351741281389593
39596.051138114213245 32.380898833811691873
39596.260698646743549 32.388445926341994152
39596.470259179266577 32.395993018872296432
39596.679819711796881 32.403540111402598711
39596.889380244319909 32.411087203932900991
39597.098940776842937 32.41863429646320327
39597.308501309373241 32.42618138899350555
39597.518061841896269 32.433728481523807829
39597.727622374426574 32.441275574054110109
39597.937182906949602 32.448822666584412389
39598.14674343947263 32.456369759114714668
39598.356303972002934 32.463916851645016948
39598.565864504525962 32.471463944175319227
39598.775425037056266 32.479011036705621507
39598.984985569579294 32.486558129235923786
39599.194546102102322 32.494105221766226066
39599.404106634632626 32.501652314296528345
39599.613667167155654 32.509199406826830625
39599.823227699685958 32.516746499357132905
39600.032788232208986 32.524293591887435184
39600.242348764732014 32.531840684417737464
39600.451909297262318 32.539387776948039743
39600.661469829785347 32.546934869478342023
39600.871030362308375 32.554481962008644302
39601.080590894838679 32.562029054538946582
39601.290151427361707 32.569576147069248861
39601.499711959892011 32.577123239599551141
39601.709272492415039 32.584670332129853421
39601.918833024938067 32.5922174246601557
39602.128393557468371 32.59976451719045798
39602.337954089991399 32.607311609720760259
39602.547514622521703 32.614858702251062539
39602.757075155044731 32.622405794781364818
39602.966635687567759 32.629952887311667098
39603.176196220098063 32.637499979841969378
39603.385756752621091 32.645047072372271657
39603.595317285151395 32.652594164902573937
39603.804877817674424 32.660141257432876216
39604.014438350197452 32.667688349963178496
39604.223998882727756 32.675235442493480775
39604.433559415250784 32.682782535023783055
39604.643119947781088 32.690329627554085334
39604.852680480304116 32.697876720084387614
39605.062241012827144 32.705423812614689894
39605.271801545357448 32.712970905144992173
39605.481362077880476 32.720517997675294453
39605.69092261041078 32.728065090205596732
39605.900483142933808 32.735612182735899012
39606.110043675456836 32.743159275266201291
39606.31960420798714 32.750706367796503571
39606.529164740510168 32.75825346032680585
39606.738725273040473 32.76580055285710813
39606.948285805563501 32.77334764538741041
39607.157846338086529 32.780894737917712689
39607.367406870616833 32.788441830448014969
39607.576967403139861 32.795988922978317248
39607.786527935670165 32.803536015508619528
39607.996088468193193 32.811083108038921807
39608.205649000716221 32.818630200569224087
39608.415209533246525 32.826177293099526366
39608.624770065769553 32.833724385629828646
39608.834330598299857 32.841271478160130926
39609.043891130822885 32.848818570690433205
39609.253451663345913 32.856365663220735485
39609.463012195876217 32.863912755751037764
39609.672572728399246 32.871459848281340044
39609.88213326092955 32.879006940811642323
39610.091693793452578 32.886554033341944603
39610.301254325975606 32.894101125872246882
39610.51081485850591 32.901648218402549162
39610.720375391028938 32.909195310932851442
39610.929935923559242 32.916742403463153721
39611.13949645608227 32.924289495993456001
39611.349056988605298 32.93183658852375828
39611.558617521135602 32.93938368105406056
39611.76817805365863 32.946930773584362839
39611.977738586188934 32.954477866114665119
39612.187299118711962 32.962024958644967398
39612.39685965123499 32.969572051175269678
39612.606420183765294 32.977119143705571958
39612.815980716288323 32.984666236235874237
39613.025541248818627 32.992213328766176517
39613.235101781341655 32.999760421296478796
39613.444662313864683 33.007307513826781076
39613.654222846394987 33.014854606357083355
39613.863783378918015 33.022401698887385635
39614.073343911441043 33.029948791417687914
39614.282904443971347 33.037495883947990194
39614.492464976494375 33.045042976478292474
39614.702025509024679 33.052590069008594753
39614.911586041547707 33.060137161538897033
39615.121146574070735 33.067684254069199312
39615.330707106601039 33.075231346599501592
39615.540267639124068 33.082778439129803871
39615.749828171654372 33.090325531660106151
39615.9593887041774 33.09787262419040843
39616.168949236700428 33.10541971672071071
39616.378509769230732 33.11296680925101299
39616.58807030175376 33.120513901781315269
39616.797630834284064 33.128060994311617549
39617.007191366807092 33.135608086841919828
39617.21675189933012 33.143155179372222108
39617.426312431860424 33.150702271902524387
39617.635872964383452 33.158249364432826667
39617.845433496913756 33.165796456963128946
39618.054994029436784 33.173343549493431226
39618.264554561959812 33.180890642023733506
39618.474115094490116 33.188437734554035785
39618.683675627013145 33.195984827084338065
39618.893236159543449 33.203531919614640344
39619.102796692066477 33.211079012144942624
39619.312357224589505 33.218626104675244903
39619.521917757119809 33.226173197205547183
39619.731478289642837 33.233720289735849462
39619.941038822173141 33.241267382266151742
39620.150599354696169 33.248814474796454022
39620.360159887219197 33.256361567326756301
39620.569720419749501 33.263908659857058581
39620.779280952272529 33.27145575238736086
39620.988841484802833 33.27900284491766314
39621.198402017325861 33.286549937447965419
39621.407962549848889 33.294097029978267699
39621.617523082379194 33.301644122508569978
39621.827083614902222 33.309191215038872258
39622.036644147432526 33.316738307569174538
39622.246204679955554 33.324285400099476817
39622.455765212478582 33.331832492629779097
39622.665325745008886 33.339379585160081376
39622.874886277531914 33.346926677690383656
39623.084446810062218 33.354473770220685935
39623.294007342585246 33.362020862750988215
39623.503567875108274 33.369567955281290494
39623.713128407638578 33.377115047811592774
39623.922688940161606 33.384662140341895054
39624.13224947269191 33.392209232872197333
39624.341810005214938 33.399756325402499613
39624.551370537737967 33.407303417932801892
39624.760931070268271 33.414850510463104172
39624.970491602791299 33.422397602993406451
39625.180052135321603 33.429944695523708731
39625.389612667844631 33.43749178805401101
39625.599173200367659 33.44503888058431329
39625.808733732897963 33.45258597311461557
39626.018294265420991 33.460133065644917849
39626.227854797951295 33.467680158175220129
39626.437415330474323 33.475227250705522408
39626.646975862997351 33.482774343235824688
39626.856536395527655 33.490321435766126967
39627.066096928050683 33.497868528296429247
39627.275657460573711 33.505415620826731526
39627.485217993104015 33.512962713357033806
39627.694778525627044 33.520509805887336086
39627.904339058157348 33.528056898417638365
39628.113899590680376 33.535603990947940645
39628.323460123203404 33.543151083478242924
39628.533020655733708 33.550698176008545204
39628.742581188256736 33.558245268538847483
39628.95214172078704 33.565792361069149763
39629.161702253310068 33.573339453599452042
39629.371262785833096 33.580886546129754322
39629.5808233183634 33.588433638660056602
39629.790383850886428 33.595980731190358881
39629.999944383416732 33.603527823720661161
39630.20950491593976 33.61107491625096344
39630.419065448462788 33.61862200878126572
39630.628625980993093 33.626169101311567999
39630.838186513516121 33.633716193841870279
39631.047747046046425 33.641263286372172558
39631.257307578569453 33.648810378902474838
39631.466868111092481 33.656357471432777118
39631.676428643622785 33.663904563963079397
39631.885989176145813 33.671451656493381677
39632.095549708676117 33.678998749023683956
39632.305110241199145 33.686545841553986236
39632.514670773722173 33.694092934084288515
39632.724231306252477 33.701640026614590795
39632.933791838775505 33.709187119144893074
39633.143352371305809 33.716734211675195354
39633.352912903828837 33.724281304205497634
39633.562473436351866 33.731828396735799913
39633.77203396888217 33.739375489266102193
39633.981594501405198 33.746922581796404472
39634.191155033935502 33.754469674326706752
39634.40071556645853 33.762016766857009031
39634.610276098981558 33.769563859387311311
39634.819836631511862 33.77711095191761359
39635.02939716403489 33.78465804444791587
39635.238957696565194 33.79220513697821815
39635.448518229088222 33.799752229508520429
39635.65807876161125 33.807299322038822709
39635.867639294141554 33.814846414569124988
39636.077199826664582 33.822393507099427268
39636.286760359194886 33.829940599629729547
39636.496320891717914 33.837487692160031827
39636.705881424240943 33.845034784690334106
39636.915441956771247 33.852581877220636386
39637.125002489294275 33.860128969750938666
39637.334563021824579 33.867676062281240945
39637.544123554347607 33.875223154811543225
39637.753684086870635 33.882770247341845504
39637.963244619400939 33.890317339872147784
39638.172805151923967 33.897864432402450063
39638.382365684454271 33.905411524932752343
39638.591926216977299 33.912958617463054622
39638.801486749500327 33.920505709993356902
39639.011047282030631 33.928052802523659182
39639.220607814553659 33.935599895053961461
39639.430168347076687 33.943146987584263741
39639.639728879606992 33.95069408011456602
39639.84928941213002 33.9582411726448683
39640.058849944660324 33.965788265175170579
39640.268410477183352 33.973335357705472859
39640.47797100970638 33.980882450235775138
39640.687531542236684 33.988429542766077418
39640.897092074759712 33.995976635296379698
39641.106652607290016 34.003523727826681977
39641.316213139813044 34.011070820356984257
39641.525773672336072 34.018617912887286536
39641.735334204866376 34.026165005417588816
39641.944894737389404 34.033712097947891095
39642.154455269919708 34.041259190478193375
39642.364015802442736 34.048806283008495654
39642.573576334965765 34.056353375538797934
39642.783136867496069 34.063900468069100214
39642.992697400019097 34.071447560599402493
39643.202257932549401 34.078994653129704773
39643.411818465072429 34.086541745660007052
39643.621378997595457 34.094088838190309332
39643.830939530125761 34.101635930720611611
39644.040500062648789 34.109183023250913891
39644.250060595179093 34.11673011578121617
39644.459621127702121 34.12427720831151845
39644.669181660225149 34.13182430084182073
39644.878742192755453 34.139371393372123009
39645.088302725278481 34.146918485902425289
39645.297863257808785 34.154465578432727568
39645.507423790331814 34.162012670963029848
39645.716984322854842 34.169559763493332127
39645.926544855385146 34.177106856023634407
39646.136105387908174 34.184653948553936686
39646.345665920438478 34.192201041084238966
39646.555226452961506 34.199748133614541246
39646.764786985484534 34.207295226144843525
39646.974347518014838 34.214842318675145805
39647.183908050537866 34.222389411205448084
39647.39346858306817 34.229936503735750364
39647.603029115591198 34.237483596266052643
39647.812589648114226 34.245030688796354923
39648.02215018064453 34.252577781326657202
39648.231710713167558 34.260124873856959482
39648.441271245697862 34.267671966387261762
39648.650831778220891 34.275219058917564041
39648.860392310743919 34.282766151447866321
39649.069952843274223 34.2903132439781686
39649.279513375797251 34.29786033650847088
39649.489073908327555 34.305407429038773159
39649.698634440850583 34.312954521569075439
39649.908194973373611 34.320501614099377719
39650.117755505903915 34.328048706629679998
39650.327316038426943 34.335595799159982278
39650.536876570957247 34.343142891690284557
39650.746437103480275 34.350689984220586837
39650.955997636003303 34.358237076750889116
39651.165558168533607 34.365784169281191396
39651.375118701056635 34.373331261811493675
39651.58467923358694 34.380878354341795955
39651.794239766109968 34.388425446872098235
39652.003800298632996 34.395972539402400514
39652.2133608311633 34.403519631932702794
39652.422921363686328 34.411066724463005073
39652.632481896209356 34.418613816993307353
39652.84204242873966 34.426160909523609632
39653.051602961262688 34.433708002053911912
39653.261163493792992 34.441255094584214191
39653.47072402631602 34.448802187114516471
39653.680284558839048 34.456349279644818751
39653.889845091369352 34.46389637217512103
39654.09940562389238 34.47144346470542331
39654.308966156422684 34.478990557235725589
39654.518526688945713 34.486537649766027869
39654.728087221468741 34.494084742296330148
39654.937647753999045 34.501631834826632428
39655.147208286522073 34.509178927356934707
39655.356768819052377 34.516726019887236987
39655.566329351575405 34.524273112417539267
39655.775889884098433 34.531820204947841546
39655.985450416628737 34.539367297478143826
39656.195010949151765 34.546914390008446105
39656.404571481682069 34.554461482538748385
39656.614132014205097 34.562008575069050664
39656.823692546728125 34.569555667599352944
39657.033253079258429 34.577102760129655223
39657.242813611781457 34.584649852659957503
39657.452374144311761 34.592196945190259783
39657.66193467683479 34.599744037720562062
39657.871495209357818 34.607291130250864342
39658.081055741888122 34.614838222781166621
39658.29061627441115 34.622385315311468901
39658.500176806941454 34.62993240784177118
39658.709737339464482 34.63747950037207346
39658.91929787198751 34.645026592902375739
39659.128858404517814 34.652573685432678019
39659.338418937040842 34.660120777962980299
39659.547979469571146 34.667667870493282578
39659.757540002094174 34.675214963023584858
39659.967100534617202 34.682762055553887137
39660.176661067147506 34.690309148084189417
39660.386221599670534 34.697856240614491696
39660.595782132200839 34.705403333144793976
39660.805342664723867 34.712950425675096255
39661.014903197246895 34.720497518205398535
39661.224463729777199 34.728044610735700815
39661.434024262300227 34.735591703266003094
39661.643584794830531 34.743138795796305374
39661.853145327353559 34.750685888326607653
39662.062705859876587 34.758232980856909933
39662.272266392406891 34.765780073387212212
39662.481826924929919 34.773327165917514492
39662.691387457460223 34.780874258447816771
39662.900947989983251 34.788421350978119051
39663.110508522506279 34.795968443508421331
39663.320069055036583 34.80351553603872361
39663.529629587559612 34.81106262856902589
39663.739190120089916 34.818609721099328169
39663.948750652612944 34.826156813629630449
39664.158311185135972 34.833703906159932728
39664.367871717666276 34.841250998690235008
39664.577432250189304 34.848798091220537287
39664.786992782719608 34.856345183750839567
39664.996553315242636 34.863892276281141847
39665.206113847765664 34.871439368811444126
39665.415674380295968 34.878986461341746406
39665.625234912818996 34.886533553872048685
39665.834795445342024 34.894080646402350965
39666.044355977872328 34.901627738932653244
39666.253916510395356 34.909174831462955524
39666.46347704292566 34.916721923993257803
39666.673037575448689 34.924269016523560083
39666.882598107971717 34.931816109053862363
39667.092158640502021 34.939363201584164642
39667.301719173025049 34.946910294114466922
39667.511279705555353 34.954457386644769201
39667.720840238078381 34.962004479175071481
39667.930400770601409 34.96955157170537376
39668.139961303131713 34.97709866423567604
39668.349521835654741 34.984645756765978319
39668.559082368185045 34.992192849296280599
39668.768642900708073 34.999739941826582879
39668.978203433231101 35.007287034356885158
39669.187763965761405 35.014834126887187438
39669.397324498284434 35.022381219417489717
39669.606885030814738 35.029928311947791997
39669.816445563337766 35.037475404478094276
39670.026006095860794 35.045022497008396556
39670.235566628391098 35.052569589538698835
39670.445127160914126 35.060116682069001115
39670.65468769344443 35.067663774599303395
39670.864248225967458 35.075210867129605674
39671.073808758490486 35.082757959659907954
39671.28336929102079 35.090305052190210233
39671.492929823543818 35.097852144720512513
39671.702490356074122 35.105399237250814792
39671.91205088859715 35.112946329781117072
39672.121611421120178 35.120493422311419351
39672.331171953650482 35.128040514841721631
39672.540732486173511 35.135587607372023911
39672.750293018703815 35.14313469990232619
39672.959853551226843 35.15068179243262847
39673.169414083749871 35.158228884962930749
39673.378974616280175 35.165775977493233029
39673.588535148803203 35.173323070023535308
39673.798095681333507 35.180870162553837588
39674.007656213856535 35.188417255084139867
39674.217216746379563 35.195964347614442147
39674.426777278909867 35.203511440144744427
39674.636337811432895 35.211058532675046706
39674.845898343963199 35.218605625205348986
39675.055458876486227 35.226152717735651265
39675.265019409009255 35.233699810265953545
39675.47457994153956 35.241246902796255824
39675.684140474062588 35.248793995326558104
39675.893701006592892 35.256341087856860383
39676.10326153911592 35.263888180387162663
39676.312822071638948 35.271435272917464943
39676.522382604169252 35.278982365447767222
39676.73194313669228 35.286529457978069502
39676.941503669222584 35.294076550508371781
39677.151064201745612 35.301623643038674061
39677.36062473426864 35.30917073556897634
39677.570185266798944 35.31671782809927862
39677.779745799321972 35.324264920629580899
39677.989306331845 35.331812013159883179
39678.198866864375304 35.339359105690185459
39678.408427396898333 35.346906198220487738
39678.617987929428637 35.354453290750790018
39678.827548461951665 35.362000383281092297
39679.037108994474693 35.369547475811394577
39679.246669527004997 35.377094568341696856
39679.456230059528025 35.384641660871999136
39679.665790592058329 35.392188753402301415
39679.875351124581357 35.399735845932603695
39680.084911657104385 35.407282938462905975
39680.294472189634689 35.414830030993208254
39680.504032722157717 35.422377123523510534
39680.713593254688021 35.429924216053812813
39680.923153787211049 35.437471308584115093
39681.132714319734077 35.445018401114417372
39681.342274852264381 35.452565493644719652
39681.55183538478741 35.460112586175021931
39681.761395917317714 35.467659678705324211
39681.970956449840742 35.475206771235626491
39682.18051698236377 35.48275386376592877
39682.390077514894074 35.49030095629623105
39682.599638047417102 35.497848048826533329
39682.809198579947406 35.505395141356835609
39683.018759112470434 35.512942233887137888
39683.228319644993462 35.520489326417440168
39683.437880177523766 35.528036418947742447
39683.647440710046794 35.535583511478044727
39683.857001242577098 35.543130604008347007
39684.066561775100126 35.550677696538649286
39684.276122307623154 35.558224789068951566
39684.485682840153459 35.565771881599253845
39684.695243372676487 35.573318974129556125
39684.904803905206791 35.580866066659858404
39685.114364437729819 35.588413159190160684
39685.323924970252847 35.595960251720462963
39685.533485502783151 35.603507344250765243
39685.743046035306179 35.611054436781067523
39685.952606567836483 35.618601529311369802
39686.162167100359511 35.626148621841672082
39686.371727632882539 35.633695714371974361
39686.581288165412843 35.641242806902276641
39686.790848697935871 35.64878989943257892
39687.000409230466175 35.6563369919628812
39687.209969762989203 35.663884084493183479
39687.419530295512232 35.671431177023485759
39687.629090828042536 35.678978269553788039
39687.838651360565564 35.686525362084090318
39688.048211893095868 35.694072454614392598
39688.257772425618896 35.701619547144694877
39688.467332958141924 35.709166639674997157
39688.676893490672228 35.716713732205299436
39688.886454023195256 35.724260824735601716
39689.09601455572556 35.731807917265903995
39689.305575088248588 35.739355009796206275
39689.515135620771616 35.746902102326508555
39689.72469615330192 35.754449194856810834
39689.934256685824948 35.761996287387113114
39690.143817218355252 35.769543379917415393
39690.35337775087828 35.777090472447717673
39690.562938283401309 35.784637564978019952
39690.772498815931613 35.792184657508322232
39690.982059348454641 35.799731750038624511
39691.191619880977669 35.807278842568926791
39691.401180413507973 35.814825935099229071
39691.610740946031001 35.82237302762953135
39691.820301478561305 35.82992012015983363
39692.029862011084333 35.837467212690135909
39692.239422543607361 35.845014305220438189
39692.448983076137665 35.852561397750740468
39692.658543608660693 35.860108490281042748
39692.868104141190997 35.867655582811345027
39693.077664673714025 35.875202675341647307
39693.287225206237053 35.882749767871949587
39693.496785738767358 35.890296860402251866
39693.706346271290386 35.897843952932554146
39693.91590680382069 35.905391045462856425
39694.125467336343718 35.912938137993158705
39694.335027868866746 35.920485230523460984
39694.54458840139705 35.928032323053763264
39694.754148933920078 35.935579415584065543
39694.963709466450382 35.943126508114367823
39695.17326999897341 35.950673600644670103
39695.382830531496438 35.958220693174972382
39695.592391064026742 35.965767785705274662
39695.80195159654977 35.973314878235576941
39696.011512129080074 35.980861970765879221
39696.221072661603102 35.9884090632961815
39696.430633194126131 35.99595615582648378
39696.640193726656435 36.00350324835678606
39696.849754259179463 36.011050340887088339
39697.059314791709767 36.018597433417390619
39697.268875324232795 36.026144525947692898
39697.478435856755823 36.033691618477995178
39697.687996389286127 36.041238711008297457
39697.897556921809155 36.048785803538599737
39698.107117454339459 36.056332896068902016
39698.316677986862487 36.063879988599204296
39698.526238519385515 36.071427081129506576
39698.735799051915819 36.078974173659808855
39698.945359584438847 36.086521266190111135
39699.154920116969151 36.094068358720413414
39699.36448064949218 36.101615451250715694
39699.574041182015208 36.109162543781017973
39699.783601714545512 36.116709636311320253
39699.99316224706854 36.124256728841622532
39700.202722779598844 36.131803821371924812
39700.412283312121872 36.139350913902227092
39700.6218438446449 36.146898006432529371
39700.831404377175204 36.154445098962831651
39701.040964909698232 36.16199219149313393
39701.250525442228536 36.16953928402343621
39701.460085974751564 36.177086376553738489
39701.669646507274592 36.184633469084040769
39701.879207039804896 36.192180561614343048
39702.088767572327924 36.199727654144645328
39702.298328104858228 36.207274746674947608
39702.507888637381257 36.214821839205249887
39702.717449169904285 36.222368931735552167
39702.927009702434589 36.229916024265854446
39703.136570234957617 36.237463116796156726
39703.346130767487921 36.245010209326459005
39703.555691300010949 36.252557301856761285
39703.765251832533977 36.260104394387063564
39703.974812365064281 36.267651486917365844
39704.184372897587309 36.275198579447668124
39704.393933430110337 36.282745671977970403
39704.603493962640641 36.290292764508272683
39704.813054495163669 36.297839857038574962
39705.022615027693973 36.305386949568877242
39705.232175560217001 36.312934042099179521
39705.44173609274003 36.320481134629481801
39705.651296625270334 36.32802822715978408
39705.860857157793362 36.33557531969008636
39706.070417690323666 36.34312241222038864
39706.279978222846694 36.350669504750690919
39706.489538755369722 36.358216597280993199
39706.699099287900026 36.365763689811295478
39706.908659820423054 36.373310782341597758
39707.118220352953358 36.380857874871900037
39707.327780885476386 36.388404967402202317
39707.537341417999414 36.395952059932504596
39707.746901950529718 36.403499152462806876
39707.956462483052746 36.411046244993109156
39708.16602301558305 36.418593337523411435
39708.375583548106079 36.426140430053713715
39708.585144080629107 36.433687522584015994
39708.794704613159411 36.441234615114318274
39709.004265145682439 36.448781707644620553
39709.213825678212743 36.456328800174922833
39709.423386210735771 36.463875892705225112
39709.632946743258799 36.471422985235527392
39709.842507275789103 36.478970077765829672
39710.052067808312131 36.486517170296131951
39710.261628340842435 36.494064262826434231
39710.471188873365463 36.50161135535673651
39710.680749405888491 36.50915844788703879
39710.890309938418795 36.516705540417341069
39711.099870470941823 36.524252632947643349
39711.309431003472127 36.531799725477945628
39711.518991535995156 36.539346818008247908
39711.728552068518184 36.546893910538550188
39711.938112601048488 36.554441003068852467
39712.147673133571516 36.561988095599154747
39712.35723366610182 36.569535188129457026
39712.566794198624848 36.577082280659759306
39712.776354731147876 36.584629373190061585
39712.98591526367818 36.592176465720363865
39713.195475796201208 36.599723558250666144
39713.405036328731512 36.607270650780968424
39713.61459686125454 36.614817743311270704
39713.824157393777568 36.622364835841572983
39714.033717926307872 36.629911928371875263
39714.2432784588309 36.637459020902177542
39714.452838991361205 36.645006113432479822
39714.662399523884233 36.652553205962782101
39714.871960056407261 36.660100298493084381
39715.081520588937565 36.66764739102338666
39715.291081121460593 36.67519448355368894
39715.500641653990897 36.68274157608399122
39715.710202186513925 36.690288668614293499
39715.919762719036953 36.697835761144595779
39716.129323251567257 36.705382853674898058
39716.338883784090285 36.712929946205200338
39716.548444316620589 36.720477038735502617
39716.758004849143617 36.728024131265804897
39716.967565381666645 36.735571223796107176
39717.177125914196949 36.743118316326409456
39717.386686446719978 36.750665408856711736
39717.596246979243006 36.758212501387014015
39717.80580751177331 36.765759593917316295
39718.015368044296338 36.773306686447618574
39718.224928576826642 36.780853778977920854
39718.43448910934967 36.788400871508223133
39718.644049641872698 36.795947964038525413
39718.853610174403002 36.803495056568827692
39719.06317070692603 36.811042149099129972
39719.272731239456334 36.818589241629432252
39719.482291771979362 36.826136334159734531
39719.69185230450239 36.833683426690036811
39719.901412837032694 36.84123051922033909
39720.110973369555722 36.84877761175064137
39720.320533902086027 36.856324704280943649
39720.530094434609055 36.863871796811245929
39720.739654967132083 36.871418889341548208
39720.949215499662387 36.878965981871850488
39721.158776032185415 36.886513074402152768
39721.368336564715719 36.894060166932455047
39721.577897097238747 36.901607259462757327
39721.787457629761775 36.909154351993059606
39721.997018162292079 36.916701444523361886
39722.206578694815107 36.924248537053664165
39722.416139227345411 36.931795629583966445
39722.625699759868439 36.939342722114268724
39722.835260292391467 36.946889814644571004
39723.044820824921771 36.954436907174873284
39723.2543813574448 36.961983999705175563
39723.463941889975104 36.969531092235477843
39723.673502422498132 36.977078184765780122
39723.88306295502116 36.984625277296082402
39724.092623487551464 36.992172369826384681
39724.302184020074492 36.999719462356686961
39724.511744552604796 37.00726655488698924
39724.721305085127824 37.01481364741729152
39724.930865617650852 37.0223607399475938
39725.140426150181156 37.029907832477896079
39725.349986682704184 37.037454925008198359
39725.559547215234488 37.045002017538500638
39725.769107747757516 37.052549110068802918
39725.978668280280544 37.060096202599105197
39726.188228812810848 37.067643295129407477
39726.397789345333877 37.075190387659709756
39726.607349877864181 37.082737480190012036
39726.816910410387209 37.090284572720314316
39727.026470942910237 37.097831665250616595
39727.236031475440541 37.105378757780918875
39727.445592007963569 37.112925850311221154
39727.655152540493873 37.120472942841523434
39727.864713073016901 37.128020035371825713
39728.074273605539929 37.135567127902127993
39728.283834138070233 37.143114220432430272
39728.493394670593261 37.150661312962732552
39728.702955203123565 37.158208405493034832
39728.912515735646593 37.165755498023337111
39729.122076268169621 37.173302590553639391
39729.331636800699926 37.18084968308394167
39729.541197333222954 37.18839677561424395
39729.750757865745982 37.195943868144546229
39729.960318398276286 37.203490960674848509
39730.169878930799314 37.211038053205150788
39730.379439463329618 37.218585145735453068
39730.588999995852646 37.226132238265755348
39730.798560528375674 37.233679330796057627
39731.008121060905978 37.241226423326359907
39731.217681593429006 37.248773515856662186
39731.42724212595931 37.256320608386964466
39731.636802658482338 37.263867700917266745
39731.846363191005366 37.271414793447569025
39732.05592372353567 37.278961885977871304
39732.265484256058699 37.286508978508173584
39732.475044788589003 37.294056071038475864
39732.684605321112031 37.301603163568778143
39732.894165853635059 37.309150256099080423
39733.103726386165363 37.316697348629382702
39733.313286918688391 37.324244441159684982
39733.522847451218695 37.331791533689987261
39733.732407983741723 37.339338626220289541
39733.941968516264751 37.34688571875059182
39734.151529048795055 37.3544328112808941
39734.361089581318083 37.36197990381119638
39734.570650113848387 37.369526996341498659
39734.780210646371415 37.377074088871800939
39734.989771178894443 37.384621181402103218
39735.199331711424747 37.392168273932405498
39735.408892243947776 37.399715366462707777
39735.61845277647808 37.407262458993010057
39735.828013309001108 37.414809551523312336
39736.037573841524136 37.422356644053614616
39736.24713437405444 37.429903736583916896
39736.456694906577468 37.437450829114219175
39736.666255439107772 37.444997921644521455
39736.8758159716308 37.452545014174823734
39737.085376504153828 37.460092106705126014
39737.294937036684132 37.467639199235428293
39737.50449756920716 37.475186291765730573
39737.714058101737464 37.482733384296032852
39737.923618634260492 37.490280476826335132
39738.13317916678352 37.497827569356637412
39738.342739699313825 37.505374661886939691
39738.552300231836853 37.512921754417241971
39738.761860764367157 37.52046884694754425
39738.971421296890185 37.52801593947784653
39739.180981829413213 37.535563032008148809
39739.390542361943517 37.543110124538451089
39739.600102894466545 37.550657217068753368
39739.809663426996849 37.558204309599055648
39740.019223959519877 37.565751402129357928
39740.228784492042905 37.573298494659660207
39740.438345024573209 37.580845587189962487
39740.647905557096237 37.588392679720264766
39740.857466089626541 37.595939772250567046
39741.067026622149569 37.603486864780869325
39741.276587154672598 37.611033957311171605
39741.486147687202902 37.618581049841473884
39741.69570821972593 37.626128142371776164
39741.905268752256234 37.633675234902078444
39742.114829284779262 37.641222327432380723
39742.32438981730229 37.648769419962683003
39742.533950349832594 37.656316512492985282
39742.743510882355622 37.663863605023287562
39742.95307141487865 37.671410697553589841
39743.162631947408954 37.678957790083892121
39743.372192479931982 37.686504882614194401
39743.581753012462286 37.69405197514449668
39743.791313544985314 37.70159906767479896
39744.000874077508342 37.709146160205101239
39744.210434610038646 37.716693252735403519
39744.419995142561675 37.724240345265705798
39744.629555675091979 37.731787437796008078
39744.839116207615007 37.739334530326310357
39745.048676740138035 37.746881622856612637
39745.258237272668339 37.754428715386914917
39745.467797805191367 37.761975807917217196
39745.677358337721671 37.769522900447519476
39745.886918870244699 37.777069992977821755
39746.096479402767727 37.784617085508124035
39746.306039935298031 37.792164178038426314
39746.515600467821059 37.799711270568728594
39746.725161000351363 37.807258363099030873
39746.934721532874391 37.814805455629333153
39747.14428206539742 37.822352548159635433
39747.353842597927724 37.829899640689937712
39747.563403130450752 37.837446733220239992
39747.772963662981056 37.844993825750542271
39747.982524195504084 37.852540918280844551
39748.192084728027112 37.86008801081114683
39748.401645260557416 37.86763510334144911
39748.611205793080444 37.875182195871751389
39748.820766325610748 37.882729288402053669
39749.030326858133776 37.890276380932355949
39749.239887390656804 37.897823473462658228
39749.449447923187108 37.905370565992960508
39749.659008455710136 37.912917658523262787
39749.86856898824044 37.920464751053565067
39750.078129520763468 37.928011843583867346
39750.287690053286497 37.935558936114169626
39750.497250585816801 37.943106028644471905
39750.706811118339829 37.950653121174774185
39750.916371650870133 37.958200213705076465
39751.125932183393161 37.965747306235378744
39751.335492715916189 37.973294398765681024
39751.545053248446493 37.980841491295983303
39751.754613780969521 37.988388583826285583
39751.964174313499825 37.995935676356587862
39752.173734846022853 38.003482768886890142
39752.383295378545881 38.011029861417192421
39752.592855911076185 38.018576953947494701
39752.802416443599213 38.026124046477796981
39753.011976976129517 38.03367113900809926
39753.221537508652546 38.04121823153840154
39753.431098041175574 38.048765324068703819
39753.640658573705878 38.056312416599006099
39753.850219106228906 38.063859509129308378
39754.05977963875921 38.071406601659610658
39754.269340171282238 38.078953694189912937
39754.478900703805266 38.086500786720215217
39754.68846123633557 38.094047879250517497
39754.898021768858598 38.101594971780819776
39755.107582301381626 38.109142064311122056
39755.31714283391193 38.116689156841424335
39755.526703366434958 38.124236249371726615
39755.736263898965262 38.131783341902028894
39755.94582443148829 38.139330434432331174
39756.155384964011319 38.146877526962633453
39756.364945496541623 38.154424619492935733
39756.574506029064651 38.161971712023238013
39756.784066561594955 38.169518804553540292
39756.993627094117983 38.177065897083842572
39757.203187626641011 38.184612989614144851
39757.412748159171315 38.192160082144447131
39757.622308691694343 38.19970717467474941
39757.831869224224647 38.20725426720505169
39758.041429756747675 38.214801359735353969
39758.250990289270703 38.222348452265656249
39758.460550821801007 38.229895544795958529
39758.670111354324035 38.237442637326260808
39758.879671886854339 38.244989729856563088
39759.089232419377367 38.252536822386865367
39759.298792951900396 38.260083914917167647
39759.5083534844307 38.267631007447469926
39759.717914016953728 38.275178099977772206
39759.927474549484032 38.282725192508074485
39760.13703508200706 38.290272285038376765
39760.346595614530088 38.297819377568679045
39760.556156147060392 38.305366470098981324
39760.76571667958342 38.312913562629283604
39760.975277212113724 38.320460655159585883
39761.184837744636752 38.328007747689888163
39761.39439827715978 38.335554840220190442
39761.603958809690084 38.343101932750492722
39761.813519342213112 38.350649025280795001
39762.023079874743416 38.358196117811097281
39762.232640407266445 38.365743210341399561
39762.442200939789473 38.37329030287170184
39762.651761472319777 38.38083739540200412
39762.861322004842805 38.388384487932306399
39763.070882537373109 38.395931580462608679
39763.280443069896137 38.403478672992910958
39763.490003602419165 38.411025765523213238
39763.699564134949469 38.418572858053515517
39763.909124667472497 38.426119950583817797
39764.118685200002801 38.433667043114120077
39764.328245732525829 38.441214135644422356
39764.537806265048857 38.448761228174724636
39764.747366797579161 38.456308320705026915
39764.956927330102189 38.463855413235329195
39765.166487862632493 38.471402505765631474
39765.376048395155522 38.478949598295933754
39765.58560892767855 38.486496690826236033
39765.795169460208854 38.494043783356538313
39766.004729992731882 38.501590875886840593
39766.214290525262186 38.509137968417142872
39766.423851057785214 38.516685060947445152
39766.633411590308242 38.524232153477747431
39766.842972122838546 38.531779246008049711
39767.052532655361574 38.53932633853835199
39767.262093187891878 38.54687343106865427
39767.471653720414906 38.554420523598956549
39767.681214252937934 38.561967616129258829
39767.890774785468238 38.569514708659561109
39768.100335317991266 38.577061801189863388
39768.309895850514295 38.584608893720165668
39768.519456383044599 38.592155986250467947
39768.729016915567627 38.599703078780770227
39768.938577448097931 38.607250171311072506
39769.148137980620959 38.614797263841374786
39769.357698513143987 38.622344356371677065
39769.567259045674291 38.629891448901979345
39769.776819578197319 38.637438541432281625
39769.986380110727623 38.644985633962583904
39770.195940643250651 38.652532726492886184
39770.405501175773679 38.660079819023188463
39770.615061708303983 38.667626911553490743
39770.824622240827011 38.675174004083793022
39771.034182773357315 38.682721096614095302
39771.243743305880344 38.690268189144397581
39771.453303838403372 38.697815281674699861
39771.662864370933676 38.705362374205002141
39771.872424903456704 38.71290946673530442
39772.081985435987008 38.7204565592656067
39772.291545968510036 38.728003651795908979
39772.501106501033064 38.735550744326211259
39772.710667033563368 38.743097836856513538
39772.920227566086396 38.750644929386815818
39773.1297880986167 38.758192021917118097
39773.339348631139728 38.765739114447420377
39773.548909163662756 38.773286206977722657
39773.75846969619306 38.780833299508024936
39773.968030228716088 38.788380392038327216
39774.177590761246393 38.795927484568629495
39774.387151293769421 38.803474577098931775
39774.596711826292449 38.811021669629234054
39774.806272358822753 38.818568762159536334
39775.015832891345781 38.826115854689838613
39775.225393423876085 38.833662947220140893
39775.434953956399113 38.841210039750443173
39775.644514488922141 38.848757132280745452
39775.854075021452445 38.856304224811047732
39776.063635553975473 38.863851317341350011
39776.273196086505777 38.871398409871652291
39776.482756619028805 38.87894550240195457
39776.692317151551833 38.88649259493225685
39776.901877684082137 38.894039687462559129
39777.111438216605166 38.901586779992861409
39777.32099874913547 38.909133872523163689
39777.530559281658498 38.916680965053465968
39777.740119814181526 38.924228057583768248
39777.94968034671183 38.931775150114070527
39778.159240879234858 38.939322242644372807
39778.368801411765162 38.946869335174675086
39778.57836194428819 38.954416427704977366
39778.787922476811218 38.961963520235279645
39778.997483009341522 38.969510612765581925
39779.20704354186455 38.977057705295884205
39779.416604074394854 38.984604797826186484
39779.626164606917882 38.992151890356488764
39779.83572513944091 38.999698982886791043
39780.045285671971214 39.007246075417093323
39780.254846204494243 39.014793167947395602
39780.464406737024547 39.022340260477697882
39780.673967269547575 39.029887353008000161
39780.883527802070603 39.037434445538302441
39781.093088334600907 39.044981538068604721
39781.302648867123935 39.052528630598907
39781.512209399646963 39.06007572312920928
39781.721769932177267 39.067622815659511559
39781.931330464700295 39.075169908189813839
39782.140890997230599 39.082717000720116118
39782.350451529753627 39.090264093250418398
39782.560012062276655 39.097811185780720677
39782.769572594806959 39.105358278311022957
39782.979133127329987 39.112905370841325237
39783.188693659860292 39.120452463371627516
39783.39825419238332 39.127999555901929796
39783.607814724906348 39.135546648432232075
39783.817375257436652 39.143093740962534355
39784.02693578995968 39.150640833492836634
39784.236496322489984 39.158187926023138914
39784.446056855013012 39.165735018553441193
39784.65561738753604 39.173282111083743473
39784.865177920066344 39.180829203614045753
39785.074738452589372 39.188376296144348032
39785.284298985119676 39.195923388674650312
39785.493859517642704 39.203470481204952591
39785.703420050165732 39.211017573735254871
39785.912980582696036 39.21856466626555715
39786.122541115219065 39.22611175879585943
39786.332101647749369 39.233658851326161709
39786.541662180272397 39.241205943856463989
39786.751222712795425 39.248753036386766269
39786.960783245325729 39.256300128917068548
39787.170343777848757 39.263847221447370828
39787.379904310379061 39.271394313977673107
39787.589464842902089 39.278941406507975387
39787.799025375425117 39.286488499038277666
39788.008585907955421 39.294035591568579946
39788.218146440478449 39.301582684098882225
39788.427706973008753 39.309129776629184505
39788.637267505531781 39.316676869159486785
39788.846828038054809 39.324223961689789064
39788.846828038054809 39.324223961689789064
39788.846828038054809 39.324223961689789064
39788.846828038054809 39.324223961689789064
39788.846828038054809 39.324223961689789064
39788.846828038054809 39.324223961689789064
39789.056388570577838 39.331771054220091344
39789.265949103108142 39.339318146750393623
39789.47550963563117 39.346865239280695903
39789.685070168161474 39.354412331810998182
39789.894630700684502 39.361959424341300462
39790.10419123320753 39.369506516871602742
39790.313751765737834 39.377053609401905021
39790.523312298260862 39.384600701932207301
39790.732872830791166 39.39214779446250958
39790.942433363314194 39.39969488699281186
39791.151993895837222 39.407241979523114139
39791.361554428367526 39.414789072053416419
39791.571114960890554 39.422336164583718698
39791.780675493420858 39.429883257114020978
39791.990236025943886 39.437430349644323258
39792.199796558466915 39.444977442174625537
39792.409357090997219 39.452524534704927817
39792.618917623520247 39.460071627235230096
39792.828478156050551 39.467618719765532376
39793.038038688573579 39.475165812295834655
39793.247599221096607 39.482712904826136935
39793.457159753626911 39.490259997356439214
39793.666720286149939 39.497807089886741494
39793.876280818680243 39.505354182417043774
39794.085841351203271 39.512901274947346053
39794.295401883726299 39.520448367477648333
39794.504962416256603 39.527995460007950612
39794.714522948779631 39.535542552538252892
39794.924083481309935 39.543089645068555171
39795.133644013832964 39.550636737598857451
39795.343204546355992 39.55818383012915973
39795.552765078886296 39.56573092265946201
39795.762325611409324 39.57327801518976429
39795.971886143932352 39.580825107720066569
39796.181446676462656 39.588372200250368849
39796.391007208985684 39.595919292780671128
39796.600567741515988 39.603466385310973408
39796.810128274039016 39.611013477841275687
39797.019688806562044 39.618560570371577967
39797.229249339092348 39.626107662901880246
39797.438809871615376 39.633654755432182526
39797.64837040414568 39.641201847962484806
39797.857930936668708 39.648748940492787085
39798.067491469191737 39.656296033023089365
39798.277052001722041 39.663843125553391644
39798.486612534245069 39.671390218083693924
39798.696173066775373 39.678937310613996203
39798.905733599298401 39.686484403144298483
39799.115294131821429 39.694031495674600762
39799.324854664351733 39.701578588204903042
39799.534415196874761 39.709125680735205322
39799.743975729405065 39.716672773265507601
39799.953536261928093 39.724219865795809881
39800.163096794451121 39.73176695832611216
39800.372657326981425 39.73931405085641444
39800.582217859504453 39.746861143386716719
39800.791778392034757 39.754408235917018999
39801.001338924557786 39.761955328447321278
39801.210899457080814 39.769502420977623558
39801.420459989611118 39.777049513507925838
39801.630020522134146 39.784596606038228117
39801.83958105466445 39.792143698568530397
39802.049141587187478 39.799690791098832676
39802.258702119710506 39.807237883629134956
39802.46826265224081 39.814784976159437235
39802.677823184763838 39.822332068689739515
39802.887383717294142 39.829879161220041794
39803.09694424981717 39.837426253750344074
39803.306504782340198 39.844973346280646354
39803.516065314870502 39.852520438810948633
39803.72562584739353 39.860067531341250913
39803.935186379923834 39.867614623871553192
39804.144746912446863 39.875161716401855472
39804.354307444969891 39.882708808932157751
39804.563867977500195 39.890255901462460031
39804.773428510023223 39.89780299399276231
39804.982989042553527 39.90535008652306459
39805.192549575076555 39.91289717905336687
39805.402110107599583 39.920444271583669149
39805.611670640129887 39.927991364113971429
39805.821231172652915 39.935538456644273708
39806.030791705183219 39.943085549174575988
39806.240352237706247 39.950632641704878267
39806.449912770229275 39.958179734235180547
39806.659473302759579 39.965726826765482826
39806.869033835282607 39.973273919295785106
39807.078594367812912 39.980821011826087386
39807.28815490033594 39.988368104356389665
39807.497715432858968 39.995915196886691945
39807.707275965389272 40.003462289416994224
39807.9168364979123 40.011009381947296504
39808.126397030435328 40.018556474477598783
39808.335957562965632 40.026103567007901063
39808.54551809548866 40.033650659538203342
39808.755078628018964 40.041197752068505622
39808.964639160541992 40.048744844598807902
39809.17419969306502 40.056291937129110181
39809.383760225595324 40.063839029659412461
39809.593320758118352 40.07138612218971474
39809.802881290648656 40.07893321472001702
39810.012441823171685 40.086480307250319299
39810.222002355694713 40.094027399780621579
39810.431562888225017 40.101574492310923858
39810.641123420748045 40.109121584841226138
39810.850683953278349 40.116668677371528418
39811.060244485801377 40.124215769901830697
39811.269805018324405 40.131762862432132977
39811.479365550854709 40.139309954962435256
39811.688926083377737 40.146857047492737536
39811.898486615908041 40.154404140023039815
39812.108047148431069 40.161951232553342095
39812.317607680954097 40.169498325083644374
39812.527168213484401 40.177045417613946654
39812.736728746007429 40.184592510144248934
39812.946289278537733 40.192139602674551213
39813.155849811060762 40.199686695204853493
39813.36541034358379 40.207233787735155772
39813.574970876114094 40.214780880265458052
39813.784531408637122 40.222327972795760331
39813.994091941167426 40.229875065326062611
39814.203652473690454 40.23742215785636489
39814.413213006213482 40.24496925038666717
39814.622773538743786 40.25251634291696945
39814.832334071266814 40.260063435447271729
39815.041894603797118 40.267610527977574009
39815.251455136320146 40.275157620507876288
39815.461015668843174 40.282704713038178568
39815.670576201373478 40.290251805568480847
39815.880136733896506 40.297798898098783127
39816.089697266426811 40.305345990629085406
39816.299257798949839 40.312893083159387686
39816.508818331472867 40.320440175689689966
39816.718378864003171 40.327987268219992245
39816.927939396526199 40.335534360750294525
39817.137499929056503 40.343081453280596804
39817.347060461579531 40.350628545810899084
39817.556620994102559 40.358175638341201363
39817.766181526632863 40.365722730871503643
39817.975742059155891 40.373269823401805922
39818.185302591686195 40.380816915932108202
39818.394863124209223 40.388364008462410482
39818.604423656732251 40.395911100992712761
39818.813984189262555 40.403458193523015041
39819.023544721785584 40.41100528605331732
39819.233105254315888 40.4185523785836196
39819.442665786838916 40.426099471113921879
39819.652226319361944 40.433646563644224159
39819.861786851892248 40.441193656174526438
39820.071347384415276 40.448740748704828718
39820.28090791694558 40.456287841235130998
39820.490468449468608 40.463834933765433277
39820.700028981991636 40.471382026295735557
39820.90958951452194 40.478929118826037836
39821.119150047044968 40.486476211356340116
39821.328710579567996 40.494023303886642395
39821.5382711120983 40.501570396416944675
39821.747831644621328 40.509117488947246954
39821.957392177151632 40.516664581477549234
39822.166952709674661 40.524211674007851514
39822.376513242197689 40.531758766538153793
39822.586073774727993 40.539305859068456073
39822.795634307251021 40.546852951598758352
39823.005194839781325 40.554400044129060632
39823.214755372304353 40.561947136659362911
39823.424315904827381 40.569494229189665191
39823.633876437357685 40.57704132171996747
39823.843436969880713 40.58458841425026975
39824.052997502411017 40.59213550678057203
39824.262558034934045 40.599682599310874309
39824.472118567457073 40.607229691841176589
39824.681679099987377 40.614776784371478868
39824.891239632510405 40.622323876901781148
39825.10080016504071 40.629870969432083427
39825.310360697563738 40.637418061962385707
39825.519921230086766 40.644965154492687986
39825.72948176261707 40.652512247022990266
39825.939042295140098 40.660059339553292546
39826.148602827670402 40.667606432083594825
39826.35816336019343 40.675153524613897105
39826.567723892716458 40.682700617144199384
39826.777284425246762 40.690247709674501664
39826.98684495776979 40.697794802204803943
39827.196405490300094 40.705341894735106223
39827.405966022823122 40.712888987265408502
39827.61552655534615 40.720436079795710782
39827.825087087876454 40.727983172326013062
39828.034647620399483 40.735530264856315341
39828.244208152929787 40.743077357386617621
39828.453768685452815 40.7506244499169199
39828.663329217975843 40.75817154244722218
39828.872889750506147 40.765718634977524459
39829.082450283029175 40.773265727507826739
39829.292010815559479 40.780812820038129018
39829.501571348082507 40.788359912568431298
39829.711131880605535 40.795907005098733578
39829.920692413135839 40.803454097629035857
39830.130252945658867 40.811001190159338137
39830.339813478189171 40.818548282689640416
39830.549374010712199 40.826095375219942696
39830.758934543235227 40.833642467750244975
39830.968495075765532 40.841189560280547255
39831.17805560828856 40.848736652810849534
39831.387616140818864 40.856283745341151814
39831.597176673341892 40.863830837871454094
39831.80673720586492 40.871377930401756373
39832.016297738395224 40.878925022932058653
39832.225858270918252 40.886472115462360932
39832.435418803448556 40.894019207992663212
39832.644979335971584 40.901566300522965491
39832.854539868494612 40.909113393053267771
39833.064100401024916 40.91666048558357005
39833.273660933547944 40.92420757811387233
39833.483221466078248 40.93175467064417461
39833.692781998601276 40.939301763174476889
39833.902342531124305 40.946848855704779169
39834.111903063654609 40.954395948235081448
39834.321463596177637 40.961943040765383728
39834.531024128700665 40.969490133295686007
39834.740584661230969 40.977037225825988287
39834.950145193753997 40.984584318356290566
39835.159705726284301 40.992131410886592846
39835.369266258807329 40.999678503416895126
39835.578826791330357 41.007225595947197405
39835.788387323860661 41.014772688477499685
39835.997947856383689 41.022319781007801964
39836.207508388913993 41.029866873538104244
39836.417068921437021 41.037413966068406523
39836.626629453960049 41.044961058598708803
39836.836189986490353 41.052508151129011083
39837.045750519013382 41.060055243659313362
39837.255311051543686 41.067602336189615642
39837.464871584066714 41.075149428719917921
39837.674432116589742 41.082696521250220201
39837.883992649120046 41.09024361378052248
39838.093553181643074 41.09779070631082476
39838.303113714173378 41.105337798841127039
39838.512674246696406 41.112884891371429319
39838.722234779219434 41.120431983901731599
39838.931795311749738 41.127979076432033878
39839.141355844272766 41.135526168962336158
39839.35091637680307 41.143073261492638437
39839.560476909326098 41.150620354022940717
39839.770037441849126 41.158167446553242996
39839.979597974379431 41.165714539083545276
39840.189158506902459 41.173261631613847555
39840.398719039432763 41.180808724144149835
39840.608279571955791 41.188355816674452115
39840.817840104478819 41.195902909204754394
39841.027400637009123 41.203450001735056674
39841.236961169532151 41.210997094265358953
39841.446521702062455 41.218544186795661233
39841.656082234585483 41.226091279325963512
39841.865642767108511 41.233638371856265792
39842.075203299638815 41.241185464386568071
39842.284763832161843 41.248732556916870351
39842.494324364692147 41.256279649447172631
39842.703884897215175 41.26382674197747491
39842.913445429738204 41.27137383450777719
39843.123005962268508 41.278920927038079469
39843.332566494791536 41.286468019568381749
39843.54212702732184 41.294015112098684028
39843.751687559844868 41.301562204628986308
39843.961248092367896 41.309109297159288587
39844.1708086248982 41.316656389689590867
39844.380369157421228 41.324203482219893147
39844.589929689951532 41.331750574750195426
39844.79949022247456 41.339297667280497706
39845.009050754997588 41.346844759810799985
39845.218611287527892 41.354391852341102265
39845.42817182005092 41.361938944871404544
39845.637732352581224 41.369486037401706824
39845.847292885104252 41.377033129932009103
39846.056853417627281 41.384580222462311383
39846.266413950157585 41.392127314992613663
39846.475974482680613 41.399674407522915942
39846.685535015203641 41.407221500053218222
39846.895095547733945 41.414768592583520501
39847.104656080256973 41.422315685113822781
39847.314216612787277 41.42986277764412506
39847.523777145310305 41.43740987017442734
39847.733337677833333 41.444956962704729619
39847.942898210363637 41.452504055235031899
39848.152458742886665 41.460051147765334179
39848.362019275416969 41.467598240295636458
39848.571579807939997 41.475145332825938738
39848.781140340463025 41.482692425356241017
39848.99070087299333 41.490239517886543297
39849.200261405516358 41.497786610416845576
39849.409821938046662 41.505333702947147856
39849.61938247056969 41.512880795477450135
39849.828943003092718 41.520427888007752415
39850.038503535623022 41.527974980538054695
39850.24806406814605 41.535522073068356974
39850.457624600676354 41.543069165598659254
39850.667185133199382 41.550616258128961533
39850.87674566572241 41.558163350659263813
39851.086306198252714 41.565710443189566092
39851.295866730775742 41.573257535719868372
39851.505427263306046 41.580804628250170651
39851.714987795829074 41.588351720780472931
39851.924548328352103 41.595898813310775211
39852.134108860882407 41.60344590584107749
39852.343669393405435 41.61099299837137977
39852.553229925935739 41.618540090901682049
39852.762790458458767 41.626087183431984329
39852.972350990981795 41.633634275962286608
39853.181911523512099 41.641181368492588888
39853.391472056035127 41.648728461022891167
39853.601032588565431 41.656275553553193447
39853.810593121088459 41.663822646083495727
39854.020153653611487 41.671369738613798006
39854.229714186141791 41.678916831144100286
39854.439274718664819 41.686463923674402565
39854.648835251195123 41.694011016204704845
39854.858395783718152 41.701558108735007124
39855.06795631624118 41.709105201265309404
39855.277516848771484 41.716652293795611683
39855.487077381294512 41.724199386325913963
39855.696637913824816 41.731746478856216243
39855.906198446347844 41.739293571386518522
39856.115758978870872 41.746840663916820802
39856.325319511401176 41.754387756447123081
39856.534880043924204 41.761934848977425361
39856.744440576454508 41.76948194150772764
39856.954001108977536 41.77702903403802992
39857.163561641500564 41.784576126568332199
39857.373122174030868 41.792123219098634479
39857.582682706553896 41.799670311628936759
39857.7922432390842 41.807217404159239038
39858.001803771607229 41.814764496689541318
39858.211364304130257 41.822311589219843597
39858.420924836660561 41.829858681750145877
39858.630485369183589 41.837405774280448156
39858.840045901713893 41.844952866810750436
39859.049606434236921 41.852499959341052715
39859.259166966759949 41.860047051871354995
39859.468727499290253 41.867594144401657275
39859.678288031813281 41.875141236931959554
39859.887848564336309 41.882688329462261834
39860.097409096866613 41.890235421992564113
39860.306969629389641 41.897782514522866393
39860.516530161919945 41.905329607053168672
39860.726090694442973 41.912876699583470952
39860.935651226966002 41.920423792113773231
39861.145211759496306 41.927970884644075511
39861.354772292019334 41.935517977174377791
39861.564332824549638 41.94306506970468007
39861.773893357072666 41.95061216223498235
39861.983453889595694 41.958159254765284629
39862.193014422125998 41.965706347295586909
39862.402574954649026 41.973253439825889188
39862.61213548717933 41.980800532356191468
39862.821696019702358 41.988347624886493747
39863.031256552225386 41.995894717416796027
39863.24081708475569 42.003441809947098307
39863.450377617278718 42.010988902477400586
39863.659938149809022 42.018535995007702866
39863.869498682332051 42.026083087538005145
39864.079059214855079 42.033630180068307425
39864.288619747385383 42.041177272598609704
39864.498180279908411 42.048724365128911984
39864.707740812438715 42.056271457659214263
39864.917301344961743 42.063818550189516543
39865.126861877484771 42.071365642719818823
39865.336422410015075 42.078912735250121102
39865.545982942538103 42.086459827780423382
39865.755543475068407 42.094006920310725661
39865.965104007591435 42.101554012841027941
39866.174664540114463 42.10910110537133022
39866.384225072644767 42.1166481979016325
39866.593785605167795 42.124195290431934779
39866.803346137698099 42.131742382962237059
39867.012906670221128 42.139289475492539339
39867.222467202744156 42.146836568022841618
39867.43202773527446 42.154383660553143898
39867.641588267797488 42.161930753083446177
39867.851148800327792 42.169477845613748457
39868.06070933285082 42.177024938144050736
39868.270269865373848 42.184572030674353016
39868.479830397904152 42.192119123204655295
39868.68939093042718 42.199666215734957575
39868.898951462957484 42.207213308265259855
39869.108511995480512 42.214760400795562134
39869.31807252800354 42.222307493325864414
39869.527633060533844 42.229854585856166693
39869.737193593056872 42.237401678386468973
39869.946754125587177 42.244948770916771252
39870.156314658110205 42.252495863447073532
39870.365875190633233 42.260042955977375811
39870.575435723163537 42.267590048507678091
39870.784996255686565 42.275137141037980371
39870.994556788216869 42.28268423356828265
39871.204117320739897 42.29023132609858493
39871.413677853262925 42.297778418628887209
39871.623238385793229 42.305325511159189489
39871.832798918316257 42.312872603689491768
39872.042359450846561 42.320419696219794048
39872.251919983369589 42.327966788750096327
39872.461480515892617 42.335513881280398607
39872.671041048422921 42.343060973810700887
39872.88060158094595 42.350608066341003166
39873.090162113468978 42.358155158871305446
39873.299722645999282 42.365702251401607725
39873.50928317852231 42.373249343931910005
39873.718843711052614 42.380796436462212284
39873.928404243575642 42.388343528992514564
39874.13796477609867 42.395890621522816843
39874.347525308628974 42.403437714053119123
39874.557085841152002 42.410984806583421403
39874.766646373682306 42.418531899113723682
39874.976206906205334 42.426078991644025962
39875.185767438728362 42.433626084174328241
39875.395327971258666 42.441173176704630521
39875.604888503781694 42.4487202692349328
39875.814449036311998 42.45626736176523508
39876.024009568835027 42.463814454295537359
39876.233570101358055 42.471361546825839639
39876.443130633888359 42.478908639356141919
39876.652691166411387 42.486455731886444198
39876.862251698941691 42.494002824416746478
39877.071812231464719 42.501549916947048757
39877.281372763987747 42.509097009477351037
39877.490933296518051 42.516644102007653316
39877.700493829041079 42.524191194537955596
39877.910054361571383 42.531738287068257875
39878.119614894094411 42.539285379598560155
39878.329175426617439 42.546832472128862435
39878.538735959147743 42.554379564659164714
39878.748296491670772 42.561926657189466994
39878.957857024201076 42.569473749719769273
39879.167417556724104 42.577020842250071553
39879.376978089247132 42.584567934780373832
39879.586538621777436 42.592115027310676112
39879.796099154300464 42.599662119840978391
39880.005659686830768 42.607209212371280671
39880.215220219353796 42.614756304901582951
39880.424780751876824 42.62230339743188523
39880.634341284407128 42.62985048996218751
39880.843901816930156 42.637397582492489789
39881.05346234946046 42.644944675022792069
39881.263022881983488 42.652491767553094348
39881.472583414506516 42.660038860083396628
39881.68214394703682 42.667585952613698907
39881.891704479559849 42.675133045144001187
39882.101265012090153 42.682680137674303467
39882.310825544613181 42.690227230204605746
39882.520386077136209 42.697774322734908026
39882.729946609666513 42.705321415265210305
39882.939507142189541 42.712868507795512585
39883.149067674719845 42.720415600325814864
39883.358628207242873 42.727962692856117144
39883.568188739765901 42.735509785386419424
39883.777749272296205 42.743056877916721703
39883.987309804819233 42.750603970447023983
39884.196870337349537 42.758151062977326262
39884.406430869872565 42.765698155507628542
39884.615991402395593 42.773245248037930821
39884.825551934925898 42.780792340568233101
39885.035112467448926 42.78833943309853538
39885.244672999971954 42.79588652562883766
39885.454233532502258 42.80343361815913994
39885.663794065025286 42.810980710689442219
39885.87335459755559 42.818527803219744499
39886.082915130078618 42.826074895750046778
39886.292475662601646 42.833621988280349058
39886.50203619513195 42.841169080810651337
39886.711596727654978 42.848716173340953617
39886.921157260185282 42.856263265871255896
39887.13071779270831 42.863810358401558176
39887.340278325231338 42.871357450931860456
39887.549838857761642 42.878904543462162735
39887.759399390284671 42.886451635992465015
39887.968959922814975 42.893998728522767294
39888.178520455338003 42.901545821053069574
39888.388080987861031 42.909092913583371853
39888.597641520391335 42.916640006113674133
39888.807202052914363 42.924187098643976412
39889.016762585444667 42.931734191174278692
39889.226323117967695 42.939281283704580972
39889.435883650490723 42.946828376234883251
39889.645444183021027 42.954375468765185531
39889.855004715544055 42.96192256129548781
39890.064565248074359 42.96946965382579009
39890.274125780597387 42.977016746356092369
39890.483686313120415 42.984563838886394649
39890.693246845650719 42.992110931416696928
39890.902807378173748 42.999658023946999208
39891.112367910704052 43.007205116477301488
39891.32192844322708 43.014752209007603767
39891.531488975750108 43.022299301537906047
39891.741049508280412 43.029846394068208326
39891.95061004080344 43.037393486598510606
39892.160170573333744 43.044940579128812885
39892.369731105856772 43.052487671659115165
39892.5792916383798 43.060034764189417444
39892.788852170910104 43.067581856719719724
39892.998412703433132 43.075128949250022004
39893.207973235963436 43.082676041780324283
39893.417533768486464 43.090223134310626563
39893.627094301009492 43.097770226840928842
39893.836654833539797 43.105317319371231122
39894.046215366062825 43.112864411901533401
39894.255775898593129 43.120411504431835681
39894.465336431116157 43.12795859696213796
39894.674896963639185 43.13550568949244024
39894.884457496169489 43.14305278202274252
39895.094018028692517 43.150599874553044799
39895.303578561222821 43.158146967083347079
39895.513139093745849 43.165694059613649358
39895.722699626268877 43.173241152143951638
39895.932260158799181 43.180788244674253917
39896.141820691322209 43.188335337204556197
39896.351381223852513 43.195882429734858476
39896.560941756375541 43.203429522265160756
39896.77050228889857 43.210976614795463036
39896.980062821428874 43.218523707325765315
39897.189623353951902 43.226070799856067595
39897.399183886482206 43.233617892386369874
39897.608744419005234 43.241164984916672154
39897.818304951528262 43.248712077446974433
39898.027865484058566 43.256259169977276713
39898.237426016581594 43.263806262507578992
39898.446986549104622 43.271353355037881272
39898.656547081634926 43.278900447568183552
39898.866107614157954 43.286447540098485831
39899.075668146688258 43.293994632628788111
39899.285228679211286 43.30154172515909039
39899.494789211734314 43.30908881768939267
39899.704349744264618 43.316635910219694949
39899.913910276787647 43.324183002749997229
39900.123470809317951 43.331730095280299508
39900.333031341840979 43.339277187810601788
39900.542591874364007 43.346824280340904068
39900.752152406894311 43.354371372871206347
39900.961712939417339 43.361918465401508627
39901.171273471947643 43.369465557931810906
39901.380834004470671 43.377012650462113186
39901.590394536993699 43.384559742992415465
39901.799955069524003 43.392106835522717745
39902.009515602047031 43.399653928053020024
39902.219076134577335 43.407201020583322304
39902.428636667100363 43.414748113113624584
39902.638197199623391 43.422295205643926863
39902.847757732153696 43.429842298174229143
39903.057318264676724 43.437389390704531422
39903.266878797207028 43.444936483234833702
39903.476439329730056 43.452483575765135981
39903.685999862253084 43.460030668295438261
39903.895560394783388 43.46757776082574054
39904.105120927306416 43.47512485335604282
39904.31468145983672 43.4826719458863451
39904.524241992359748 43.490219038416647379
39904.733802524882776 43.497766130946949659
39904.94336305741308 43.505313223477251938
39905.152923589936108 43.512860316007554218
39905.362484122466412 43.520407408537856497
39905.57204465498944 43.527954501068158777
39905.781605187512469 43.535501593598461056
39905.991165720042773 43.543048686128763336
39906.200726252565801 43.550595778659065616
39906.410286785096105 43.558142871189367895
39906.619847317619133 43.565689963719670175
39906.829407850142161 43.573237056249972454
39907.038968382672465 43.580784148780274734
39907.248528915195493 43.588331241310577013
39907.458089447725797 43.595878333840879293
39907.667649980248825 43.603425426371181572
39907.877210512771853 43.610972518901483852
39908.086771045302157 43.618519611431786132
39908.296331577825185 43.626066703962088411
39908.505892110355489 43.633613796492390691
39908.715452642878518 43.64116088902269297
39908.925013175401546 43.64870798155299525
39909.13457370793185 43.656255074083297529
39909.344134240454878 43.663802166613599809
39909.553694772985182 43.671349259143902088
39909.76325530550821 43.678896351674204368
39909.972815838031238 43.686443444204506648
39910.182376370561542 43.693990536734808927
39910.39193690308457 43.701537629265111207
39910.601497435614874 43.709084721795413486
39910.811057968137902 43.716631814325715766
39911.02061850066093 43.724178906856018045
39911.230179033191234 43.731725999386320325
39911.439739565714262 43.739273091916622604
39911.649300098237291 43.746820184446924884
39911.858860630767595 43.754367276977227164
39912.068421163290623 43.761914369507529443
39912.277981695820927 43.769461462037831723
39912.487542228343955 43.777008554568134002
39912.697102760866983 43.784555647098436282
39912.906663293397287 43.792102739628738561
39913.116223825920315 43.799649832159040841
39913.325784358450619 43.80719692468934312
39913.535344890973647 43.8147440172196454
39913.744905423496675 43.82229110974994768
39913.954465956026979 43.829838202280249959
39914.164026488550007 43.837385294810552239
39914.373587021080311 43.844932387340854518
39914.583147553603339 43.852479479871156798
39914.792708086126368 43.860026572401459077
39915.002268618656672 43.867573664931761357
39915.2118291511797 43.875120757462063636
39915.421389683710004 43.882667849992365916
39915.630950216233032 43.890214942522668196
39915.84051074875606 43.897762035052970475
39916.050071281286364 43.905309127583272755
39916.259631813809392 43.912856220113575034
39916.469192346339696 43.920403312643877314
39916.678752878862724 43.927950405174179593
39916.888313411385752 43.935497497704481873
39917.097873943916056 43.943044590234784152
39917.307434476439084 43.950591682765086432
39917.516995008969388 43.958138775295388712
39917.726555541492417 43.965685867825690991
39917.936116074015445 43.973232960355993271
39918.145676606545749 43.98078005288629555
39918.355237139068777 43.98832714541659783
39918.564797671599081 43.995874237946900109
39918.774358204122109 44.003421330477202389
39918.983918736645137 44.010968423007504668
39919.193479269175441 44.018515515537806948
39919.403039801698469 44.026062608068109228
39919.612600334228773 44.033609700598411507
39919.822160866751801 44.041156793128713787
39920.031721399274829 44.048703885659016066
39920.241281931805133 44.056250978189318346
39920.450842464328161 44.063798070719620625
39920.660402996858465 44.071345163249922905
39920.869963529381494 44.078892255780225184
39921.079524061904522 44.086439348310527464
39921.289084594434826 44.093986440840829744
39921.498645126957854 44.101533533371132023
39921.708205659488158 44.109080625901434303
39921.917766192011186 44.116627718431736582
39922.127326724534214 44.124174810962038862
39922.336887257064518 44.131721903492341141
39922.546447789587546 44.139268996022643421
39922.75600832211785 44.1468160885529457
39922.965568854640878 44.15436318108324798
39923.175129387163906 44.16191027361355026
39923.38468991969421 44.169457366143852539
39923.594250452217238 44.177004458674154819
39923.803810984740267 44.184551551204457098
39924.013371517270571 44.192098643734759378
39924.222932049793599 44.199645736265061657
39924.432492582323903 44.207192828795363937
39924.642053114846931 44.214739921325666216
39924.851613647369959 44.222287013855968496
39925.061174179900263 44.229834106386270776
39925.270734712423291 44.237381198916573055
39925.480295244953595 44.244928291446875335
39925.689855777476623 44.252475383977177614
39925.899416309999651 44.260022476507479894
39926.108976842529955 44.267569569037782173
39926.318537375052983 44.275116661568084453
39926.528097907583287 44.282663754098386732
39926.737658440106316 44.290210846628689012
39926.947218972629344 44.297757939158991292
39927.156779505159648 44.305305031689293571
39927.366340037682676 44.312852124219595851
39927.57590057021298 44.32039921674989813
39927.785461102736008 44.32794630928020041
39927.995021635259036 44.335493401810502689
39928.20458216778934 44.343040494340804969
39928.414142700312368 44.350587586871107248
39928.623703232842672 44.358134679401409528
39928.8332637653657 44.365681771931711808
39929.042824297888728 44.373228864462014087
39929.252384830419032 44.380775956992316367
39929.46194536294206 44.388323049522618646
39929.671505895472365 44.395870142052920926
39929.881066427995393 44.403417234583223205
39930.090626960518421 44.410964327113525485
39930.300187493048725 44.418511419643827765
39930.509748025571753 44.426058512174130044
39930.719308558102057 44.433605604704432324
39930.928869090625085 44.441152697234734603
39931.138429623148113 44.448699789765036883
39931.347990155678417 44.456246882295339162
39931.557550688201445 44.463793974825641442
39931.767111220731749 44.471341067355943721
39931.976671753254777 44.478888159886246001
39932.186232285777805 44.486435252416548281
39932.395792818308109 44.49398234494685056
39932.605353350831138 44.50152943747715284
39932.814913883361442 44.509076530007455119
39933.02447441588447 44.516623622537757399
39933.234034948407498 44.524170715068059678
39933.443595480937802 44.531717807598361958
39933.65315601346083 44.539264900128664237
39933.862716545991134 44.546811992658966517
39934.072277078514162 44.554359085189268797
39934.28183761103719 44.561906177719571076
39934.491398143567494 44.569453270249873356
39934.700958676090522 44.577000362780175635
39934.910519208620826 44.584547455310477915
39935.120079741143854 44.592094547840780194
39935.329640273666882 44.599641640371082474
39935.539200806197186 44.607188732901384753
39935.748761338720215 44.614735825431687033
39935.958321871250519 44.622282917961989313
39936.167882403773547 44.629830010492291592
39936.377442936296575 44.637377103022593872
39936.587003468826879 44.644924195552896151
39936.796564001349907 44.652471288083198431
39937.006124533872935 44.66001838061350071
39937.215685066403239 44.66756547314380299
39937.425245598926267 44.675112565674105269
39937.634806131456571 44.682659658204407549
39937.844366663979599 44.690206750734709829
39938.053927196502627 44.697753843265012108
39938.263487729032931 44.705300935795314388
39938.473048261555959 44.712848028325616667
39938.682608794086264 44.720395120855918947
39938.892169326609292 44.727942213386221226
39939.10172985913232 44.735489305916523506
39939.311290391662624 44.743036398446825785
39939.520850924185652 44.750583490977128065
39939.730411456715956 44.758130583507430345
39939.939971989238984 44.765677676037732624
39940.149532521762012 44.773224768568034904
39940.359093054292316 44.780771861098337183
39940.568653586815344 44.788318953628639463
39940.778214119345648 44.795866046158941742
39940.987774651868676 44.803413138689244022
39941.197335184391704 44.810960231219546301
39941.406895716922008 44.818507323749848581
39941.616456249445037 44.826054416280150861
39941.826016781975341 44.83360150881045314
39942.035577314498369 44.84114860134075542
39942.245137847021397 44.848695693871057699
39942.454698379551701 44.856242786401359979
39942.664258912074729 44.863789878931662258
39942.873819444605033 44.871336971461964538
39943.083379977128061 44.878884063992266817
39943.292940509651089 44.886431156522569097
39943.502501042181393 44.893978249052871377
39943.712061574704421 44.901525341583173656
39943.921622107234725 44.909072434113475936
39944.131182639757753 44.916619526643778215
39944.340743172280781 44.924166619174080495
39944.550303704811085 44.931713711704382774
39944.759864237334114 44.939260804234685054
39944.969424769864418 44.946807896764987333
39945.178985302387446 44.954354989295289613
39945.388545834910474 44.961902081825591893
39945.598106367440778 44.969449174355894172
39945.807666899963806 44.976996266886196452
39946.01722743249411 44.984543359416498731
39946.226787965017138 44.992090451946801011
39946.436348497540166 44.99963754447710329
39946.64590903007047 45.00718463700740557
39946.855469562593498 45.014731729537707849
39947.065030095123802 45.022278822068010129
39947.27459062764683 45.029825914598312409
39947.484151160169858 45.037373007128614688
39947.693711692700163 45.044920099658916968
39947.903272225223191 45.052467192189219247
39948.112832757753495 45.060014284719521527
39948.322393290276523 45.067561377249823806
39948.531953822799551 45.075108469780126086
39948.741514355329855 45.082655562310428365
39948.951074887852883 45.090202654840730645
39949.160635420383187 45.097749747371032925
39949.370195952906215 45.105296839901335204
39949.579756485429243 45.112843932431637484
39949.789317017959547 45.120391024961939763
39949.998877550482575 45.127938117492242043
39950.208438083005603 45.135485210022544322
39950.417998615535907 45.143032302552846602
39950.627559148058936 45.150579395083148881
39950.83711968058924 45.158126487613451161
39951.046680213112268 45.165673580143753441
39951.256240745635296 45.17322067267405572
39951.4658012781656 45.180767765204358
39951.675361810688628 45.188314857734660279
39951.884922343218932 45.195861950264962559
39952.09448287574196 45.203409042795264838
39952.304043408264988 45.210956135325567118
39952.513603940795292 45.218503227855869397
39952.72316447331832 45.226050320386171677
39952.932725005848624 45.233597412916473957
39953.142285538371652 45.241144505446776236
39953.35184607089468 45.248691597977078516
39953.561406603424984 45.256238690507380795
39953.770967135948013 45.263785783037683075
39953.980527668478317 45.271332875567985354
39954.190088201001345 45.278879968098287634
39954.399648733524373 45.286427060628589913
39954.609209266054677 45.293974153158892193
39954.818769798577705 45.301521245689194473
39955.028330331108009 45.309068338219496752
39955.237890863631037 45.316615430749799032
39955.447451396154065 45.324162523280101311
39955.657011928684369 45.331709615810403591
39955.866572461207397 45.33925670834070587
39956.076132993737701 45.34680380087100815
39956.285693526260729 45.354350893401310429
39956.495254058783758 45.361897985931612709
39956.704814591314062 45.369445078461914989
39956.91437512383709 45.376992170992217268
39957.123935656367394 45.384539263522519548
39957.333496188890422 45.392086356052821827
39957.54305672141345 45.399633448583124107
39957.752617253943754 45.407180541113426386
39957.962177786466782 45.414727633643728666
39958.171738318997086 45.422274726174030945
39958.381298851520114 45.429821818704333225
39958.590859384043142 45.437368911234635505
39958.800419916573446 45.444916003764937784
39959.009980449096474 45.452463096295240064
39959.219540981626778 45.460010188825542343
39959.429101514149806 45.467557281355844623
39959.638662046672835 45.475104373886146902
39959.848222579203139 45.482651466416449182
39960.057783111726167 45.490198558946751461
39960.267343644256471 45.497745651477053741
39960.476904176779499 45.505292744007356021
39960.686464709302527 45.5128398365376583
39960.896025241832831 45.52038692906796058
39961.105585774355859 45.527934021598262859
39961.315146306886163 45.535481114128565139
39961.524706839409191 45.543028206658867418
39961.734267371932219 45.550575299189169698
39961.943827904462523 45.558122391719471977
39962.153388436985551 45.565669484249774257
39962.362948969508579 45.573216576780076537
39962.572509502038884 45.580763669310378816
39962.782070034561912 45.588310761840681096
39962.991630567092216 45.595857854370983375
39963.201191099615244 45.603404946901285655
39963.410751632138272 45.610952039431587934
39963.620312164668576 45.618499131961890214
39963.829872697191604 45.626046224492192493
39964.039433229721908 45.633593317022494773
39964.248993762244936 45.641140409552797053
39964.458554294767964 45.648687502083099332
39964.668114827298268 45.656234594613401612
39964.877675359821296 45.663781687143703891
39965.0872358923516 45.671328779674006171
39965.296796424874628 45.67887587220430845
39965.506356957397657 45.68642296473461073
39965.715917489927961 45.693970057264913009
39965.925478022450989 45.701517149795215289
39966.135038554981293 45.709064242325517569
39966.344599087504321 45.716611334855819848
39966.554159620027349 45.724158427386122128
39966.763720152557653 45.731705519916424407
39966.973280685080681 45.739252612446726687
39967.182841217610985 45.746799704977028966
39967.392401750134013 45.754346797507331246
39967.601962282657041 45.761893890037633525
39967.811522815187345 45.769440982567935805
39968.021083347710373 45.776988075098238085
39968.230643880240677 45.784535167628540364
39968.440204412763705 45.792082260158842644
39968.649764945286734 45.799629352689144923
39968.859325477817038 45.807176445219447203
39969.068886010340066 45.814723537749749482
39969.27844654287037 45.822270630280051762
39969.488007075393398 45.829817722810354041
39969.697567607916426 45.837364815340656321
39969.90712814044673 45.844911907870958601
39970.116688672969758 45.85245900040126088
39970.326249205500062 45.86000609293156316
39970.53580973802309 45.867553185461865439
39970.745370270546118 45.875100277992167719
39970.954930803076422 45.882647370522469998
39971.16449133559945 45.890194463052772278
39971.374051868129754 45.897741555583074557
39971.583612400652783 45.905288648113376837
39971.793172933175811 45.912835740643679117
39972.002733465706115 45.920382833173981396
39972.212293998229143 45.927929925704283676
39972.421854530759447 45.935477018234585955
39972.631415063282475 45.943024110764888235
39972.840975595805503 45.950571203295190514
39973.050536128335807 45.958118295825492794
39973.260096660858835 45.965665388355795073
39973.469657193389139 45.973212480886097353
39973.679217725912167 45.980759573416399633
39973.888778258435195 45.988306665946701912
39974.098338790965499 45.995853758477004192
39974.307899323488527 46.003400851007306471
39974.517459856018831 46.010947943537608751
39974.72702038854186 46.01849503606791103
39974.936580921064888 46.02604212859821331
39975.146141453595192 46.033589221128515589
39975.35570198611822 46.041136313658817869
39975.565262518641248 46.048683406189120149
39975.774823051171552 46.056230498719422428
39975.98438358369458 46.063777591249724708
39976.193944116224884 46.071324683780026987
39976.403504648747912 46.078871776310329267
39976.61306518127094 46.086418868840631546
39976.822625713801244 46.093965961370933826
39977.032186246324272 46.101513053901236106
39977.241746778854576 46.109060146431538385
39977.451307311377604 46.116607238961840665
39977.660867843900633 46.124154331492142944
39977.870428376430937 46.131701424022445224
39978.079988908953965 46.139248516552747503
39978.289549441484269 46.146795609083049783
39978.499109974007297 46.154342701613352062
39978.708670506530325 46.161889794143654342
39978.918231039060629 46.169436886673956622
39979.127791571583657 46.176983979204258901
39979.337352104113961 46.184531071734561181
39979.546912636636989 46.19207816426486346
39979.756473169160017 46.19962525679516574
39979.966033701690321 46.207172349325468019
39980.175594234213349 46.214719441855770299
39980.385154766743653 46.222266534386072578
39980.594715299266682 46.229813626916374858
39980.80427583178971 46.237360719446677138
39981.013836364320014 46.244907811976979417
39981.223396896843042 46.252454904507281697
39981.432957429373346 46.260001997037583976
39981.642517961896374 46.267549089567886256
39981.852078494419402 46.275096182098188535
39982.061639026949706 46.282643274628490815
39982.271199559472734 46.290190367158793094
39982.480760092003038 46.297737459689095374
39982.690320624526066 46.305284552219397654
39982.899881157049094 46.312831644749699933
39983.109441689579398 46.320378737280002213
39983.319002222102426 46.327925829810304492
39983.528562754632731 46.335472922340606772
39983.738123287155759 46.343020014870909051
39983.947683819678787 46.350567107401211331
39984.157244352209091 46.35811419993151361
39984.366804884732119 46.36566129246181589
39984.576365417262423 46.37320838499211817
39984.785925949785451 46.380755477522420449
39984.995486482308479 46.388302570052722729
39985.205047014838783 46.395849662583025008
39985.414607547361811 46.403396755113327288
39985.624168079892115 46.410943847643629567
39985.833728612415143 46.418490940173931847
39986.043289144938171 46.426038032704234126
39986.252849677468475 46.433585125234536406
39986.462410209991504 46.441132217764838686
39986.671970742521808 46.448679310295140965
39986.881531275044836 46.456226402825443245
39987.091091807567864 46.463773495355745524
39987.300652340098168 46.471320587886047804
39987.510212872621196 46.478867680416350083
39987.7197734051515 46.486414772946652363
39987.929333937674528 46.493961865476954642
39988.138894470197556 46.501508958007256922
39988.34845500272786 46.509056050537559202
39988.558015535250888 46.516603143067861481
39988.767576067773916 46.524150235598163761
39988.97713660030422 46.53169732812846604
39989.186697132827248 46.53924442065876832
39989.396257665357552 46.546791513189070599
39989.605818197880581 46.554338605719372879
39989.815378730403609 46.561885698249675158
39990.024939262933913 46.569432790779977438
39990.234499795456941 46.576979883310279718
39990.444060327987245 46.584526975840581997
39990.653620860510273 46.592074068370884277
39990.863181393033301 46.599621160901186556
39991.072741925563605 46.607168253431488836
39991.282302458086633 46.614715345961791115
39991.491862990616937 46.622262438492093395
39991.701423523139965 46.629809531022395674
39991.910984055662993 46.637356623552697954
39992.120544588193297 46.644903716083000234
39992.330105120716325 46.652450808613302513
39992.53966565324663 46.659997901143604793
39992.749226185769658 46.667544993673907072
39992.958786718292686 46.675092086204209352
39993.16834725082299 46.682639178734511631
39993.377907783346018 46.690186271264813911
39993.587468315876322 46.69773336379511619
39993.79702884839935 46.70528045632541847
39994.006589380922378 46.71282754885572075
39994.216149913452682 46.720374641386023029
39994.42571044597571 46.727921733916325309
39994.635270978506014 46.735468826446627588
39994.844831511029042 46.743015918976929868
39995.05439204355207 46.750563011507232147
39995.263952576082374 46.758110104037534427
39995.473513108605403 46.765657196567836706
39995.683073641135707 46.773204289098138986
39995.892634173658735 46.780751381628441266
39996.102194706181763 46.788298474158743545
39996.311755238712067 46.795845566689045825
39996.521315771235095 46.803392659219348104
39996.730876303765399 46.810939751749650384
39996.940436836288427 46.818486844279952663
39997.149997368811455 46.826033936810254943
39997.359557901341759 46.833581029340557222
39997.569118433864787 46.841128121870859502
39997.778678966395091 46.848675214401161782
39997.988239498918119 46.856222306931464061
39998.197800031441147 46.863769399461766341
39998.407360563971451 46.87131649199206862
39998.407360563971451 46.87131649199206862
39998.407360563971451 46.87131649199206862
39998.407360563971451 46.87131649199206862
39998.407360563971451 46.87131649199206862
39998.407360563971451 1e+20
39998.78378749894182 1e+20
39999.166197250131518 1e+20
39999.548156482851482 1e+20
39999.927281329299149 1e+20
40000.304664550181769 1e+20
40000.681402987298497 1e+20
40001.058375720174809 1e+20
40001.436338672210695 1e+20
40001.81640947683627 1e+20
40002.199749506893568 1e+20
40002.587592885240156 1e+20
40002.981278520222986 1e+20
40003.373097755880735 1e+20
40003.373097755880735 1e+20
