# Fix print output for fix log_pen
31503.656127501704759 40.556700991155672398
31503.701628291448287 40.549629923343808002
31503.747129081188177 40.542558855531943607
31503.792629870931705 40.535487787720079211
31503.838130660675233 40.528416719908214816
31503.883631450418761 40.52134565209635042
31503.929132240158651 40.514274584284486025
31503.974633029902179 40.507203516472621629
31504.020133819645707 40.500132448660757234
31504.065634609385597 40.493061380848892838
31504.111135399129125 40.485990313037028443
31504.156636188872653 40.478919245225164047
31504.202136978616181 40.471848177413299652
31504.247637768356071 40.464777109601435257
31504.293138558099599 40.457706041789570861
31504.338639347843127 40.450634973977706466
31504.384140137583017 40.44356390616584207
31504.429640927326545 40.436492838353977675
31504.475141717070073 40.429421770542113279
31504.520642506813601 40.422350702730248884
31504.566143296553491 40.415279634918384488
31504.611644086297019 40.408208567106520093
31504.657144876040547 40.401137499294655697
31504.702645665780437 40.394066431482791302
31504.748146455523965 40.386995363670926906
31504.793647245267493 40.379924295859062511
31504.839148035011021 40.372853228047198115
31504.884648824750911 40.36578216023533372
31504.930149614494439 40.358711092423469324
31504.975650404237967 40.351640024611604929
31505.021151193977857 40.344568956799740533
31505.066651983721385 40.337497888987876138
31505.112152773464913 40.330426821176011742
31505.157653563208441 40.323355753364147347
31505.203154352948332 40.316284685552282951
31505.24865514269186 40.309213617740418556
31505.294155932435388 40.30214254992855416
31505.339656722178916 40.295071482116689765
31505.385157511918806 40.28800041430482537
31505.430658301662334 40.280929346492960974
31505.476159091405862 40.273858278681096579
31505.521659881145752 40.266787210869232183
31505.56716067088928 40.259716143057367788
31505.612661460632808 40.252645075245503392
31505.658162250376336 40.245574007433638997
31505.703663040116226 40.238502939621774601
31505.749163829859754 40.231431871809910206
31505.794664619603282 40.22436080399804581
31505.840165409343172 40.217289736186181415
31505.8856661990867 40.210218668374317019
31505.931166988830228 40.203147600562452624
31505.976667778573756 40.196076532750588228
31506.022168568313646 40.189005464938723833
31506.067669358057174 40.181934397126859437
31506.113170147800702 40.174863329314995042
31506.158670937540592 40.167792261503130646
31506.20417172728412 40.160721193691266251
31506.249672517027648 40.153650125879401855
31506.295173306771176 40.14657905806753746
31506.340674096511066 40.139507990255673064
31506.386174886254594 40.132436922443808669
31506.431675675998122 40.125365854631944273
31506.477176465738012 40.118294786820079878
31506.52267725548154 40.111223719008215483
31506.568178045225068 40.104152651196351087
31506.613678834968596 40.097081583384486692
31506.659179624708486 40.090010515572622296
31506.704680414452014 40.082939447760757901
31506.750181204195542 40.075868379948893505
31506.795681993935432 40.06879731213702911
31506.84118278367896 40.061726244325164714
31506.886683573422488 40.054655176513300319
31506.932184363166016 40.047584108701435923
31506.977685152905906 40.040513040889571528
31507.023185942649434 40.033441973077707132
31507.068686732392962 40.026370905265842737
31507.114187522132852 40.019299837453978341
31507.15968831187638 40.012228769642113946
31507.205189101619908 40.00515770183024955
31507.250689891363436 39.998086634018385155
31507.296190681103326 39.991015566206520759
31507.341691470846854 39.983944498394656364
31507.387192260590382 39.976873430582791968
31507.432693050330272 39.969802362770927573
31507.4781938400738 39.962731294959063177
31507.523694629817328 39.955660227147198782
31507.569195419560856 39.948589159335334386
31507.614696209300746 39.941518091523469991
31507.660196999044274 39.934447023711605596
31507.705697788787802 39.9273759558997412
31507.751198578527692 39.920304888087876805
31507.79669936827122 39.913233820276012409
31507.842200158014748 39.906162752464148014
31507.887700947758276 39.899091684652283618
31507.933201737498166 39.892020616840419223
31507.978702527241694 39.884949549028554827
31508.024203316985222 39.877878481216690432
31508.069704106725112 39.870807413404826036
31508.11520489646864 39.863736345592961641
31508.160705686212168 39.856665277781097245
31508.206206475955696 39.84959420996923285
31508.251707265695586 39.842523142157368454
31508.297208055439114 39.835452074345504059
31508.342708845182642 39.828381006533639663
31508.38820963492617 39.821309938721775268
31508.43371042466606 39.814238870909910872
31508.479211214409588 39.807167803098046477
31508.524712004153116 39.800096735286182081
31508.570212793893006 39.793025667474317686
31508.615713583636534 39.78595459966245329
31508.661214373380062 39.778883531850588895
31508.70671516312359 39.771812464038724499
31508.75221595286348 39.764741396226860104
31508.797716742607008 39.757670328414995708
31508.843217532350536 39.750599260603131313
31508.888718322090426 39.743528192791266918
31508.934219111833954 39.736457124979402522
31508.979719901577482 39.729386057167538127
31509.02522069132101 39.722314989355673731
31509.0707214810609 39.715243921543809336
31509.116222270804428 39.70817285373194494
31509.161723060547956 39.701101785920080545
31509.207223850287846 39.694030718108216149
31509.252724640031374 39.686959650296351754
31509.298225429774902 39.679888582484487358
31509.34372621951843 39.672817514672622963
31509.38922700925832 39.665746446860758567
31509.434727799001848 39.658675379048894172
31509.480228588745376 39.651604311237029776
31509.525729378485266 39.644533243425165381
31509.571230168228794 39.637462175613300985
31509.616730957972322 39.63039110780143659
31509.66223174771585 39.623320039989572194
31509.70773253745574 39.616248972177707799
31509.753233327199268 39.609177904365843403
31509.798734116942796 39.602106836553979008
31509.844234906682686 39.595035768742114612
31509.889735696426214 39.587964700930250217
31509.935236486169742 39.580893633118385821
31509.98073727591327 39.573822565306521426
31510.02623806565316 39.566751497494657031
31510.071738855396688 39.559680429682792635
31510.117239645140216 39.55260936187092824
31510.162740434880106 39.545538294059063844
31510.208241224623634 39.538467226247199449
31510.253742014367162 39.531396158435335053
31510.29924280411069 39.524325090623470658
31510.344743593850581 39.517254022811606262
31510.390244383594109 39.510182954999741867
31510.435745173337637 39.503111887187877471
31510.481245963077527 39.496040819376013076
31510.526746752821055 39.48896975156414868
31510.572247542564583 39.481898683752284285
31510.617748332308111 39.474827615940419889
31510.663249122048001 39.467756548128555494
31510.708749911791529 39.460685480316691098
31510.754250701535057 39.453614412504826703
31510.799751491274947 39.446543344692962307
31510.845252281018475 39.439472276881097912
31510.890753070762003 39.432401209069233516
31510.936253860505531 39.425330141257369121
31510.981754650245421 39.418259073445504725
31511.027255439988949 39.41118800563364033
31511.072756229732477 39.404116937821775934
31511.118257019472367 39.397045870009911539
31511.163757809215895 39.389974802198047144
31511.209258598959423 39.382903734386182748
31511.254759388702951 39.375832666574318353
31511.300260178442841 39.368761598762453957
31511.345760968186369 39.361690530950589562
31511.391261757929897 39.354619463138725166
31511.436762547673425 39.347548395326860771
31511.482263337413315 39.340477327514996375
31511.527764127156843 39.33340625970313198
31511.573264916900371 39.326335191891267584
31511.618765706640261 39.319264124079403189
31511.664266496383789 39.312193056267538793
31511.709767286127317 39.305121988455674398
31511.755268075870845 39.298050920643810002
31511.800768865610735 39.290979852831945607
31511.846269655354263 39.283908785020081211
31511.891770445097791 39.276837717208216816
31511.937271234837681 39.26976664939635242
31511.982772024581209 39.262695581584488025
31512.028272814324737 39.255624513772623629
31512.073773604068265 39.248553445960759234
31512.119274393808155 39.241482378148894838
31512.164775183551683 39.234411310337030443
31512.210275973295211 39.227340242525166047
31512.255776763035101 39.220269174713301652
31512.301277552778629 39.213198106901437257
31512.346778342522157 39.206127039089572861
31512.392279132265685 39.199055971277708466
31512.437779922005575 39.19198490346584407
31512.483280711749103 39.184913835653979675
31512.528781501492631 39.177842767842115279
31512.574282291232521 39.170771700030250884
31512.619783080976049 39.163700632218386488
31512.665283870719577 39.156629564406522093
31512.710784660463105 39.149558496594657697
31512.756285450202995 39.142487428782793302
31512.801786239946523 39.135416360970928906
31512.847287029690051 39.128345293159064511
31512.892787819429941 39.121274225347200115
31512.938288609173469 39.11420315753533572
31512.983789398916997 39.107132089723471324
31513.029290188660525 39.100061021911606929
31513.074790978400415 39.092989954099742533
31513.120291768143943 39.085918886287878138
31513.165792557887471 39.078847818476013742
31513.211293347627361 39.071776750664149347
31513.256794137370889 39.064705682852284951
31513.302294927114417 39.057634615040420556
31513.347795716857945 39.05056354722855616
31513.393296506597835 39.043492479416691765
31513.438797296341363 39.03642141160482737
31513.484298086084891 39.029350343792962974
31513.529798875824781 39.022279275981098579
31513.575299665568309 39.015208208169234183
31513.620800455311837 39.008137140357369788
31513.666301245055365 39.001066072545505392
31513.711802034795255 38.993995004733640997
31513.757302824538783 38.986923936921776601
31513.802803614282311 38.979852869109912206
31513.848304404022201 38.97278180129804781
31513.893805193765729 38.965710733486183415
31513.939305983509257 38.958639665674319019
31513.984806773252785 38.951568597862454624
31514.030307562992675 38.944497530050590228
31514.075808352736203 38.937426462238725833
31514.121309142479731 38.930355394426861437
31514.166809932219621 38.923284326614997042
31514.212310721963149 38.916213258803132646
31514.257811511706677 38.909142190991268251
31514.303312301450205 38.902071123179403855
31514.348813091190095 38.89500005536753946
31514.394313880933623 38.887928987555675064
31514.439814670677151 38.880857919743810669
31514.485315460420679 38.873786851931946273
31514.530816250160569 38.866715784120081878
31514.576317039904097 38.859644716308217482
31514.621817829647625 38.852573648496353087
31514.667318619387515 38.845502580684488692
31514.712819409131043 38.838431512872624296
31514.758320198874571 38.831360445060759901
31514.803820988618099 38.824289377248895505
31514.849321778357989 38.81721830943703111
31514.894822568101517 38.810147241625166714
31514.940323357845045 38.803076173813302319
31514.985824147584935 38.796005106001437923
31515.031324937328463 38.788934038189573528
31515.076825727071991 38.781862970377709132
31515.122326516815519 38.774791902565844737
31515.167827306555409 38.767720834753980341
31515.213328096298937 38.760649766942115946
31515.258828886042465 38.75357869913025155
31515.304329675782355 38.746507631318387155
31515.349830465525883 38.739436563506522759
31515.395331255269411 38.732365495694658364
31515.440832045012939 38.725294427882793968
31515.48633283475283 38.718223360070929573
31515.531833624496358 38.711152292259065177
31515.577334414239886 38.704081224447200782
31515.622835203979776 38.697010156635336386
31515.668335993723304 38.689939088823471991
31515.713836783466832 38.682868021011607595
31515.75933757321036 38.6757969531997432
31515.80483836295025 38.668725885387878805
31515.850339152693778 38.661654817576014409
31515.895839942437306 38.654583749764150014
31515.941340732177196 38.647512681952285618
31515.986841521920724 38.640441614140421223
31516.032342311664252 38.633370546328556827
31516.07784310140778 38.626299478516692432
31516.12334389114767 38.619228410704828036
31516.168844680891198 38.612157342892963641
31516.214345470634726 38.605086275081099245
31516.259846260374616 38.59801520726923485
31516.305347050118144 38.590944139457370454
31516.350847839861672 38.583873071645506059
31516.3963486296052 38.576802003833641663
31516.44184941934509 38.569730936021777268
31516.487350209088618 38.562659868209912872
31516.532850998832146 38.555588800398048477
31516.578351788572036 38.548517732586184081
31516.623852578315564 38.541446664774319686
31516.669353368059092 38.53437559696245529
31516.71485415780262 38.527304529150590895
31516.76035494754251 38.520233461338726499
31516.805855737286038 38.513162393526862104
31516.851356527029566 38.506091325714997708
31516.896857316769456 38.499020257903133313
31516.942358106512984 38.491949190091268918
31516.987858896256512 38.484878122279404522
31517.03335968600004 38.477807054467540127
31517.07886047573993 38.470735986655675731
31517.124361265483458 38.463664918843811336
31517.169862055226986 38.45659385103194694
31517.215362844966876 38.449522783220082545
31517.260863634710404 38.442451715408218149
31517.306364424453932 38.435380647596353754
31517.35186521419746 38.428309579784489358
31517.39736600393735 38.421238511972624963
31517.442866793680878 38.414167444160760567
31517.488367583424406 38.407096376348896172
31517.533868373167934 38.400025308537031776
31517.579369162907824 38.392954240725167381
31517.624869952651352 38.385883172913302985
31517.67037074239488 38.37881210510143859
31517.71587153213477 38.371741037289574194
31517.761372321878298 38.364669969477709799
31517.806873111621826 38.357598901665845403
31517.852373901365354 38.350527833853981008
31517.897874691105244 38.343456766042116612
31517.943375480848772 38.336385698230252217
31517.9888762705923 38.329314630418387821
31518.03437706033219 38.322243562606523426
31518.079877850075718 38.315172494794659031
31518.125378639819246 38.308101426982794635
31518.170879429562774 38.30103035917093024
31518.216380219302664 38.293959291359065844
31518.261881009046192 38.286888223547201449
31518.30738179878972 38.279817155735337053
31518.35288258852961 38.272746087923472658
31518.398383378273138 38.265675020111608262
31518.398383378273138 38.265675020111608262
31518.398383378273138 38.265675020111608262
31518.398383378273138 38.265675020111608262
31518.398383378273138 38.265675020111608262
31518.398383378273138 38.265675020111608262
31518.443884168016666 38.258603952299743867
31518.489384957756556 38.251532884487879471
31518.534885747500084 38.244461816676015076
31518.580386537243612 38.23739074886415068
31518.62588732698714 38.230319681052286285
31518.67138811672703 38.223248613240421889
31518.716888906470558 38.216177545428557494
31518.762389696214086 38.209106477616693098
31518.807890485953976 38.202035409804828703
31518.853391275697504 38.194964341992964307
31518.898892065441032 38.187893274181099912
31518.94439285518456 38.180822206369235516
31518.98989364492445 38.173751138557371121
31519.035394434667978 38.166680070745506725
31519.080895224411506 38.15960900293364233
31519.126396014151396 38.152537935121777934
31519.171896803894924 38.145466867309913539
31519.217397593638452 38.138395799498049143
31519.26289838338198 38.131324731686184748
31519.30839917312187 38.124253663874320353
31519.353899962865398 38.117182596062455957
31519.399400752608926 38.110111528250591562
31519.444901542348816 38.103040460438727166
31519.490402332092344 38.095969392626862771
31519.535903121835872 38.088898324814998375
31519.5814039115794 38.08182725700313398
31519.62690470131929 38.074756189191269584
31519.672405491062818 38.067685121379405189
31519.717906280806346 38.060614053567540793
31519.763407070546236 38.053542985755676398
31519.808907860289764 38.046471917943812002
31519.854408650033292 38.039400850131947607
31519.89990943977682 38.032329782320083211
31519.94541022951671 38.025258714508218816
31519.990911019260238 38.01818764669635442
31520.036411809003766 38.011116578884490025
31520.081912598747294 38.004045511072625629
31520.127413388487184 37.996974443260761234
31520.172914178230712 37.989903375448896838
31520.21841496797424 37.982832307637032443
31520.26391575771413 37.975761239825168047
31520.309416547457658 37.968690172013303652
31520.354917337201186 37.961619104201439256
31520.400418126944714 37.954548036389574861
31520.445918916684604 37.947476968577710466
31520.491419706428132 37.94040590076584607
31520.53692049617166 37.933334832953981675
31520.582421285911551 37.926263765142117279
31520.627922075655079 37.919192697330252884
31520.673422865398607 37.912121629518388488
31520.718923655142135 37.905050561706524093
31520.764424444882025 37.897979493894659697
31520.809925234625553 37.890908426082795302
31520.855426024369081 37.883837358270930906
31520.900926814108971 37.876766290459066511
31520.946427603852499 37.869695222647202115
31520.991928393596027 37.86262415483533772
31521.037429183339555 37.855553087023473324
31521.082929973079445 37.848482019211608929
31521.128430762822973 37.841410951399744533
31521.173931552566501 37.834339883587880138
31521.219432342306391 37.827268815776015742
31521.264933132049919 37.820197747964151347
31521.310433921793447 37.813126680152286951
31521.355934711536975 37.806055612340422556
31521.401435501276865 37.79898454452855816
31521.446936291020393 37.791913476716693765
31521.492437080763921 37.784842408904829369
31521.537937870503811 37.777771341092964974
31521.583438660247339 37.770700273281100579
31521.628939449990867 37.763629205469236183
31521.674440239734395 37.756558137657371788
31521.719941029474285 37.749487069845507392
31521.765441819217813 37.742416002033642997
31521.810942608961341 37.735344934221778601
31521.856443398701231 37.728273866409914206
31521.901944188444759 37.72120279859804981
31521.947444978188287 37.714131730786185415
31521.992945767931815 37.707060662974321019
31522.038446557671705 37.699989595162456624
31522.083947347415233 37.692918527350592228
31522.129448137158761 37.685847459538727833
31522.174948926898651 37.678776391726863437
31522.220449716642179 37.671705323914999042
31522.265950506385707 37.664634256103134646
31522.311451296129235 37.657563188291270251
31522.356952085869125 37.650492120479405855
31522.402452875612653 37.64342105266754146
31522.447953665356181 37.636349984855677064
31522.493454455096071 37.629278917043812669
31522.538955244839599 37.622207849231948273
31522.584456034583127 37.615136781420083878
31522.629956824326655 37.608065713608219482
31522.675457614066545 37.600994645796355087
31522.720958403810073 37.593923577984490692
31522.766459193553601 37.586852510172626296
31522.811959983293491 37.579781442360761901
31522.857460773037019 37.572710374548897505
31522.902961562780547 37.56563930673703311
31522.948462352524075 37.558568238925168714
31522.993963142263965 37.551497171113304319
31523.039463932007493 37.544426103301439923
31523.084964721751021 37.537355035489575528
31523.130465511494549 37.530283967677711132
31523.175966301234439 37.523212899865846737
31523.221467090977967 37.516141832053982341
31523.266967880721495 37.509070764242117946
31523.312468670461385 37.50199969643025355
31523.357969460204913 37.494928628618389155
31523.403470249948441 37.487857560806524759
31523.448971039691969 37.480786492994660364
31523.494471829431859 37.473715425182795968
31523.539972619175387 37.466644357370931573
31523.585473408918915 37.459573289559067177
31523.630974198658805 37.452502221747202782
31523.676474988402333 37.445431153935338386
31523.721975778145861 37.438360086123473991
31523.767476567889389 37.431289018311609595
31523.812977357629279 37.4242179504997452
31523.858478147372807 37.417146882687880804
31523.903978937116335 37.410075814876016409
31523.949479726856225 37.403004747064152014
31523.994980516599753 37.395933679252287618
31524.040481306343281 37.388862611440423223
31524.085982096086809 37.381791543628558827
31524.131482885826699 37.374720475816694432
31524.176983675570227 37.367649408004830036
31524.222484465313755 37.360578340192965641
31524.267985255053645 37.353507272381101245
31524.313486044797173 37.34643620456923685
31524.358986834540701 37.339365136757372454
31524.404487624284229 37.332294068945508059
31524.449988414024119 37.325223001133643663
31524.495489203767647 37.318151933321779268
31524.540989993511175 37.311080865509914872
31524.586490783251065 37.304009797698050477
31524.631991572994593 37.296938729886186081
31524.677492362738121 37.289867662074321686
31524.722993152481649 37.28279659426245729
31524.768493942221539 37.275725526450592895
31524.813994731965067 37.268654458638728499
31524.859495521708595 37.261583390826864104
31524.904996311448485 37.254512323014999708
31524.950497101192013 37.247441255203135313
31524.995997890935541 37.240370187391270917
31525.041498680679069 37.233299119579406522
31525.086999470418959 37.226228051767542127
31525.132500260162487 37.219156983955677731
31525.178001049906015 37.212085916143813336
31525.223501839645905 37.20501484833194894
31525.269002629389433 37.197943780520084545
31525.314503419132961 37.190872712708220149
31525.360004208876489 37.183801644896355754
31525.405504998616379 37.176730577084491358
31525.451005788359907 37.169659509272626963
31525.496506578103435 37.162588441460762567
31525.542007367843325 37.155517373648898172
31525.587508157586853 37.148446305837033776
31525.633008947330381 37.141375238025169381
31525.678509737073909 37.134304170213304985
31525.7240105268138 37.12723310240144059
31525.769511316557328 37.120162034589576194
31525.815012106300856 37.113090966777711799
31525.860512896040746 37.106019898965847403
31525.906013685784274 37.098948831153983008
31525.951514475527802 37.091877763342118612
31525.99701526527133 37.084806695530254217
31526.04251605501122 37.077735627718389821
31526.088016844754748 37.070664559906525426
31526.133517634498276 37.06359349209466103
31526.179018424241804 37.056522424282796635
31526.224519213981694 37.04945135647093224
31526.270020003725222 37.042380288659067844
31526.31552079346875 37.035309220847203449
31526.36102158320864 37.028238153035339053
31526.406522372952168 37.021167085223474658
31526.452023162695696 37.014096017411610262
31526.497523952439224 37.007024949599745867
31526.543024742179114 36.999953881787881471
31526.588525531922642 36.992882813976017076
31526.63402632166617 36.98581174616415268
31526.67952711140606 36.978740678352288285
31526.725027901149588 36.971669610540423889
31526.770528690893116 36.964598542728559494
31526.816029480636644 36.957527474916695098
31526.861530270376534 36.950456407104830703
31526.907031060120062 36.943385339292966307
31526.95253184986359 36.936314271481101912
31526.99803263960348 36.929243203669237516
31527.043533429347008 36.922172135857373121
31527.089034219090536 36.915101068045508725
31527.134535008834064 36.90803000023364433
31527.180035798573954 36.900958932421779934
31527.225536588317482 36.893887864609915539
31527.27103737806101 36.886816796798051143
31527.3165381678009 36.879745728986186748
31527.362038957544428 36.872674661174322353
31527.407539747287956 36.865603593362457957
31527.453040537031484 36.858532525550593562
31527.498541326771374 36.851461457738729166
31527.544042116514902 36.844390389926864771
31527.58954290625843 36.837319322115000375
31527.63504369599832 36.83024825430313598
31527.680544485741848 36.823177186491271584
31527.726045275485376 36.816106118679407189
31527.771546065228904 36.809035050867542793
31527.817046854968794 36.801963983055678398
31527.862547644712322 36.794892915243814002
31527.90804843445585 36.787821847431949607
31527.95354922419574 36.780750779620085211
31527.999050013939268 36.773679711808220816
31528.044550803682796 36.76660864399635642
31528.090051593426324 36.759537576184492025
31528.135552383166214 36.752466508372627629
31528.181053172909742 36.745395440560763234
31528.22655396265327 36.738324372748898838
31528.27205475239316 36.731253304937034443
31528.317555542136688 36.724182237125170047
31528.363056331880216 36.717111169313305652
31528.408557121623744 36.710040101501441256
31528.454057911363634 36.702969033689576861
31528.499558701107162 36.695897965877712465
31528.54505949085069 36.68882689806584807
31528.59056028059058 36.681755830253983675
31528.636061070334108 36.674684762442119279
31528.681561860077636 36.667613694630254884
31528.727062649821164 36.660542626818390488
31528.772563439561054 36.653471559006526093
31528.818064229304582 36.646400491194661697
31528.86356501904811 36.639329423382797302
31528.909065808788 36.632258355570932906
31528.954566598531528 36.625187287759068511
31529.000067388275056 36.618116219947204115
31529.045568178018584 36.61104515213533972
31529.091068967758474 36.603974084323475324
31529.136569757502002 36.596903016511610929
31529.18207054724553 36.589831948699746533
31529.227571336989058 36.582760880887882138
31529.273072126728948 36.575689813076017742
31529.318572916472476 36.568618745264153347
31529.364073706216004 36.561547677452288951
31529.409574495955894 36.554476609640424556
31529.455075285699422 36.54740554182856016
31529.50057607544295 36.540334474016695765
31529.546076865186478 36.533263406204831369
31529.591577654926368 36.526192338392966974
31529.637078444669896 36.519121270581102578
31529.682579234413424 36.512050202769238183
31529.728080024153314 36.504979134957373788
31529.773580813896842 36.497908067145509392
31529.81908160364037 36.490836999333644997
31529.864582393383898 36.483765931521780601
31529.910083183123788 36.476694863709916206
31529.955583972867316 36.46962379589805181
31530.001084762610844 36.462552728086187415
31530.046585552350734 36.455481660274323019
31530.092086342094262 36.448410592462458624
31530.13758713183779 36.441339524650594228
31530.183087921581318 36.434268456838729833
31530.228588711321208 36.427197389026865437
31530.274089501064736 36.420126321215001042
31530.319590290808264 36.413055253403136646
31530.365091080548154 36.405984185591272251
31530.410591870291682 36.398913117779407855
31530.45609266003521 36.39184204996754346
31530.501593449778738 36.384770982155679064
31530.547094239518628 36.377699914343814669
31530.592595029262156 36.370628846531950273
31530.638095819005684 36.363557778720085878
31530.683596608745574 36.356486710908221482
31530.729097398489102 36.349415643096357087
31530.77459818823263 36.342344575284492691
31530.820098977976158 36.335273507472628296
31530.865599767716049 36.328202439660763901
31530.911100557459577 36.321131371848899505
31530.956601347203105 36.31406030403703511
31531.002102136942995 36.306989236225170714
31531.047602926686523 36.299918168413306319
31531.093103716430051 36.292847100601441923
31531.138604506173579 36.285776032789577528
31531.184105295913469 36.278704964977713132
31531.229606085656997 36.271633897165848737
31531.275106875400525 36.264562829353984341
31531.320607665140415 36.257491761542119946
31531.366108454883943 36.25042069373025555
31531.411609244627471 36.243349625918391155
31531.457110034370999 36.236278558106526759
31531.502610824110889 36.229207490294662364
31531.548111613854417 36.222136422482797968
31531.593612403597945 36.215065354670933573
31531.639113193337835 36.207994286859069177
31531.684613983081363 36.200923219047204782
31531.730114772824891 36.193852151235340386
31531.775615562568419 36.186781083423475991
31531.821116352308309 36.179710015611611595
31531.866617142051837 36.1726389477997472
31531.912117931795365 36.165567879987882804
31531.957618721535255 36.158496812176018409
31532.003119511278783 36.151425744364154014
31532.048620301022311 36.144354676552289618
31532.094121090765839 36.137283608740425223
31532.139621880505729 36.130212540928560827
31532.185122670249257 36.123141473116696432
31532.230623459992785 36.116070405304832036
31532.276124249736313 36.108999337492967641
31532.321625039476203 36.101928269681103245
31532.367125829219731 36.09485720186923885
31532.412626618963259 36.087786134057374454
31532.458127408703149 36.080715066245510059
31532.503628198446677 36.073643998433645663
31532.549128988190205 36.066572930621781268
31532.594629777933733 36.059501862809916872
31532.640130567673623 36.052430794998052477
31532.685631357417151 36.045359727186188081
31532.731132147160679 36.038288659374323686
31532.776632936900569 36.03121759156245929
31532.822133726644097 36.024146523750594895
31532.867634516387625 36.017075455938730499
31532.913135306131153 36.010004388126866104
31532.958636095871043 36.002933320315001708
31533.004136885614571 35.995862252503137313
31533.049637675358099 35.988791184691272917
31533.095138465097989 35.981720116879408522
31533.140639254841517 35.974649049067544127
31533.186140044585045 35.967577981255679731
31533.231640834328573 35.960506913443815336
31533.277141624068463 35.95343584563195094
31533.322642413811991 35.946364777820086545
31533.368143203555519 35.939293710008222149
31533.413643993295409 35.932222642196357754
31533.459144783038937 35.925151574384493358
31533.504645572782465 35.918080506572628963
31533.550146362525993 35.911009438760764567
31533.595647152265883 35.903938370948900172
31533.641147942009411 35.896867303137035776
31533.686648731752939 35.889796235325171381
31533.732149521492829 35.882725167513306985
31533.777650311236357 35.87565409970144259
31533.823151100979885 35.868583031889578194
31533.868651890723413 35.861511964077713799
31533.914152680463303 35.854440896265849403
31533.959653470206831 35.847369828453985008
31534.005154259950359 35.840298760642120612
31534.050655049690249 35.833227692830256217
31534.096155839433777 35.826156625018391821
31534.141656629177305 35.819085557206527426
31534.187157418920833 35.81201448939466303
31534.232658208660723 35.804943421582798635
31534.278158998404251 35.797872353770934239
31534.323659788147779 35.790801285959069844
31534.369160577887669 35.783730218147205449
31534.414661367631197 35.776659150335341053
31534.460162157374725 35.769588082523476658
31534.505662947118253 35.762517014711612262
31534.551163736858143 35.755445946899747867
31534.596664526601671 35.748374879087883471
31534.642165316345199 35.741303811276019076
31534.687666106085089 35.73423274346415468
31534.733166895828617 35.727161675652290285
31534.778667685572145 35.720090607840425889
31534.824168475315673 35.713019540028561494
31534.869669265055563 35.705948472216697098
31534.915170054799091 35.698877404404832703
31534.960670844542619 35.691806336592968307
31535.006171634286147 35.684735268781103912
31535.051672424026037 35.677664200969239516
31535.097173213769565 35.670593133157375121
31535.142674003513093 35.663522065345510725
31535.188174793252983 35.65645099753364633
31535.233675582996511 35.649379929721781934
31535.279176372740039 35.642308861909917539
31535.324677162483567 35.635237794098053143
31535.370177952223457 35.628166726286188748
31535.415678741966985 35.621095658474324352
31535.461179531710513 35.614024590662459957
31535.506680321450403 35.606953522850595562
31535.552181111193931 35.599882455038731166
31535.597681900937459 35.592811387226866771
31535.643182690680987 35.585740319415002375
31535.688683480420877 35.57866925160313798
31535.734184270164405 35.571598183791273584
31535.779685059907933 35.564527115979409189
31535.825185849647823 35.557456048167544793
31535.870686639391351 35.550384980355680398
31535.916187429134879 35.543313912543816002
31535.961688218878407 35.536242844731951607
31536.007189008618298 35.529171776920087211
31536.052689798361826 35.522100709108222816
31536.098190588105354 35.51502964129635842
31536.143691377845244 35.507958573484494025
31536.189192167588772 35.500887505672629629
31536.2346929573323 35.493816437860765234
31536.280193747075828 35.486745370048900838
31536.325694536815718 35.479674302237036443
31536.371195326559246 35.472603234425172047
31536.416696116302774 35.465532166613307652
31536.462196906042664 35.458461098801443256
31536.507697695786192 35.451390030989578861
31536.55319848552972 35.444318963177714465
31536.598699275273248 35.43724789536585007
31536.644200065013138 35.430176827553985675
31536.689700854756666 35.423105759742121279
31536.735201644500194 35.416034691930256884
31536.780702434240084 35.408963624118392488
31536.826203223983612 35.401892556306535198
31536.87170401372714 35.394821488494862649
31536.917204803470668 35.387750420683723007
31536.962705593217834 35.380679352873627863
31537.008206382968638 35.373608285065259338
31537.053707172726718 35.366537217259448767
31537.099207962492073 35.359466149457198014
31537.144708752271981 35.35239508165965816
31537.190209542070079 35.345324013868321344
31537.235710331893642 35.33825294608507761
31537.28121112174631 35.331181878312186484
31537.326711911642633 35.324110810552241446
31537.372212701593526 35.317039742808191249
31537.417713491609902 35.309968675083325707
31537.463214281709952 35.302897607381268585
31537.508715071911865 35.295826539705977609
31537.554215862233832 35.288755472061751561
31537.59971665269768 35.28168440445320897
31537.645217443325237 35.274613336885295212
31537.69071823413833 35.267542269363282514
31537.736219025166065 35.260471201892748638
31537.781719816433906 35.253400134479598194
31537.827220607974596 35.246329067130034218
31537.872721399813599 35.239257999850579495
31537.918222191987297 35.232186932648055233
31537.963722984528431 35.225115865529588177
31538.009223777469742 35.218044798502589288
31538.054724570851249 35.210973731574782164
31538.100225364709331 35.203902664754167517
31538.145726159080368 35.196831598049044487
31538.191226954008016 35.18976053146833749
31538.236727749543206 35.182689465021489639
31538.282228545736871 35.175618398718349056
31538.327729342647217 35.168547332569168873
31538.373230140339729 35.161476266584692496
31538.418730938887165 35.154405200776423612
31538.464231738369563 35.147334135156533819
31538.509732538874232 35.140263069737841306
31538.555233340495761 35.133192004533810859
31538.600734143336012 35.126120939558546752
31538.646234947500488 35.11904987482678564
31538.691735753109242 35.111978810353889457
31538.737236560278689 35.104907746155845416
31538.782737369139795 35.097836682249251794
31538.828238179827167 35.090765618651325042
31538.873738992486324 35.08369455537987136
31538.919239807262784 35.076623492453300912
31538.964740624309343 35.069552429890734402
31539.010241443793348 35.0624813677122944
31539.055742265885783 35.055410305938842441
31539.101243090775824 35.048339244591950603
31539.14674391866356 35.041268183693880189
31539.192244749756355 35.034197123267574625
31539.237745584272488 35.027126063336687878
31539.283246422441152 35.02005500392586157
31539.32874726450973 35.012983945060611291
31539.374248110736517 35.00591288676729107
31539.419748961394362 34.998841829073072063
31539.465249816763389 34.991770772005928336
31539.510750677145552 34.984699715594643976
31539.556251542846439 34.977628659868791772
31539.60175241419347 34.970557604858854006
31539.647253291521338 34.963486550596407199
31539.692754175179289 34.956415497114001312
31539.738255065534759 34.949344444445166857
31539.783755962966097 34.942273392624386474
31539.829256867866206 34.935202341687102034
31539.874757780638902 34.92813129166968622
31539.920258701706189 34.921060242609463842
31539.965759631500987 34.913989194544669203
31540.01126057046713 34.906918147514460316
31540.056761519059364 34.899847101558911788
31540.102262477750628 34.89277605671898641
31540.147763447024772 34.88570501303654936
31540.193264427372924 34.878633970554353994
31540.238765419300762 34.871562929316020529
31540.284266423328518 34.864491889366036048
31540.329767439987336 34.857420850749761598
31540.375268469811999 34.850349813513403774
31540.420769513359119 34.843278777704014715
31540.466270571188943 34.836207743369485001
31540.511771643876273 34.829136710558536549
31540.557272732003185 34.822065679320708398
31540.602773836166307 34.814994649706356711
31540.648274956965906 34.80792362176664767
31540.693776095020439 34.800852595553543267
31540.739277250952 34.793781571119801299
31540.784778425393597 34.786710548518961161
31540.830279618989152 34.779639527805350951
31540.875780832389864 34.77256850903410168
31540.921282066261483 34.765497492261133061
31540.966783321273397 34.758426477543146405
31541.012284598102269 34.751355464937624618
31541.057785897439317 34.744284454502810888
31541.103287219983031 34.737213446297722896
31541.148788566435542 34.730142440382124391
31541.194289937513531 34.723071436816525193
31541.239791333937319 34.716000435662181189
31541.285292756438139 34.708929436981073025
31541.330794205750863 34.7018584408359132
31541.376295682624914 34.694787447290138971
31541.421797187809716 34.68771645640789103
31541.467298722065607 34.680645468254020614
31541.512800286163838 34.673574482894075288
31541.558301880875661 34.666503500394291848
31541.60380350698324 34.659432520821603418
31541.649305165276019 34.652361544243625247
31541.694806856550713 34.645290570728633384
31541.740308581607678 34.638219600345593108
31541.785810341258184 34.631148633164237083
31541.8313121363135 34.624077669255058254
31541.876813967599446 34.617006708689295635
31541.922315835945483 34.609935751538941417
31541.967817742184707 34.602864797876719649
31542.013319687157491 34.595793847776093344
31542.058821671711485 34.588722901311236058
31542.104323696701613 34.5816519585570461
31542.149825762990076 34.57458101958913943
31542.195327871439076 34.567510084483821231
31542.240830022921728 34.560439153318114336
31542.286332218314783 34.553368226169716593
31542.331834458498633 34.546297303117029287
31542.377336744364584 34.539226384239121614
31542.422839076803939 34.532155469615744892
31542.468341456715279 34.525084559327318345
31542.513843885004462 34.518013653454936218
31542.559346362580982 34.510942752080339346
31542.604848890357971 34.503871855285936476
31542.6503514692522 34.496800963154946373
31542.695854100191355 34.489730075771404927
31542.741356784106756 34.48265919322041384
31542.786859521937004 34.475588315588332478
31542.832362314627972 34.468517442963111819
31542.877865163140086 34.461446575434116824
31542.923368068451964 34.454375713092012745
31542.968871031545859 34.447304856028743814
31543.014374053425854 34.440234004337519025
31543.059877135103307 34.433163158112861879
31543.105380277604127 34.4260923174507667
31543.150883481972414 34.419021482448599158
31543.196386749266821 34.411950653205053641
31543.241890080556914 34.404879829820160353
31543.287393476930447 34.3978090123952569
31543.332896939489729 34.390738201033016708
31543.378400469351618 34.383667395837406389
31543.423904067647527 34.37659659691370706
31543.469407735519781 34.369525804368493027
31543.514911474132532 34.362455018309645993
31543.560415284657211 34.355384238846333744
31543.605919168283435 34.348313466089003043
31543.651423126215377 34.341242700149571476
31543.696927159675397 34.334171941141455875
31543.742431269900408 34.327101189179444418
31543.787935458141874 34.320030444379710843
31543.833439725676726 34.31295970685979313
31543.878944073796447 34.305888976738621921
31543.924448503803433 34.298818254136506312
31543.969953017029184 34.291747539175119641
31544.015457614812476 34.284676831977527911
31544.060962298517552 34.27760613266816847
31544.106467069523205 34.270535441372864227
31544.151971929222782 34.263464758218823647
31544.197476879035094 34.256394083334633649
31544.242981920389866 34.24932341685026671
31544.288487054735015 34.242252758897095077
31544.333992283543921 34.235182109607876555
31544.379497608300881 34.228111469116761612
31544.425003030512016 34.221040837559300485
31544.470508551701641 34.213970215072450287
31544.516014173412259 34.2068996017945679
31544.561519897200924 34.19982899786543129
31544.607025724650157 34.1927584034262253
31544.652531657357031 34.185687818619555856
31544.698037696940446 34.178617243589457075
31544.743543845037493 34.171546678481398374
31544.789050103303452 34.164476123442277355
31544.834556473411794 34.157405578620455344
31544.880062957057817 34.150335044165728959
31544.925569555958646 34.143264520229358538
31544.971076271849597 34.136194006964210246
31545.016583106484177 34.129123504524770283
31545.062090061641356 34.122053013067116467
31545.107597139121935 34.114982532748925337
31545.153104340744903 34.107912063729493468
31545.198611668358353 34.100841606169737474
31545.244119123828568 34.093771160232208217
31545.289626709047297 34.086700726081119228
31545.33513442592448 34.079630303882332498
31545.380642276399158 34.072559893803394004
31545.426150262428564 34.065489496013540816
31545.471658385999035 34.058419110683708197
31545.517166649118735 34.051348737986558035
31545.562675053817657 34.044278378096485937
31545.608183602151257 34.037208031189635449
31545.653692296204099 34.030137697443919365
31545.699201138082572 34.023067377039033943
31545.744710129918531 34.01599707015648022
31545.790219273869297 34.008926776979585327
31545.835728572117659 34.001856497693601966
31545.881238026875508 33.994786232485701305
31545.926747640380199 33.987715981545008503
31545.972257414898195 33.980645745062645346
31546.017767352721421 33.973575523231851037
31546.063277456170908 33.966505316247996404
31546.108787727596791 33.959435124308605225
31546.154298169378308 33.952364947613354218
31546.1998087839238 33.945294786364136996
31546.245319573670713 33.938224640765049855
31546.290830541085597 33.931154511022434406
31546.336341688671382 33.9240843973449131
31546.381853018956463 33.917014299943396338
31546.427364534505614 33.909944219031117996
31546.472876237909077 33.902874154823663844
31546.518388131793472 33.895804107538999972
31546.563900218818162 33.88873407739750121
31546.609412501671613 33.881664064621972443
31546.65492498308231 33.874594069437691246
31546.70043766580784 33.867524092072429198
31546.745950552642171 33.860454132756487411
31546.791463646412012 33.853384191722732055
31546.836976949984091 33.846314269206629888
31546.882490466254239 33.839244365446262464
31546.928004198161943 33.832174480682461137
31546.97351814868307 33.825104615158828381
31547.019032320826227 33.818034769121780414
31547.06454671764368 33.810964942820575629
31547.110061342224071 33.803895136507357222
31547.155576197696064 33.796825350437174507
31547.201091287228337 33.789755584868053973
31547.246606614033226 33.782685840061013494
31547.292122181359446 33.775616116280112067
31547.337637992503005 33.768546413792627447
31547.383154050803569 33.761476732869262207
31547.428670359640819 33.754407073784030047
31547.474186922452645 33.747337436814291323
31547.519703742716956 33.740267822240809892
31547.565220823962591 33.733198230347817059
31547.610738169765682 33.726128661423047106
31547.656255783756933 33.719059115757787026
31547.701773669617978 33.711989593646940477
31547.747291831077746 33.704920095389077517
31547.792810271919734 33.697850621286491446
31547.83832899598201 33.690781171645248548
31547.883848007153574 33.683711746775259144
31547.92936730938527 33.676642346990327326
31547.974886906675238 33.669572972608207806
31548.020406803083461 33.662503623950669862
31548.065927002724493 33.655434301343568393
31548.111447509774734 33.648365005116893656
31548.156968328468793 33.641295735604842321
31548.20248946310312 33.634226493146073267
31548.248010918032378 33.627157278084055747
31548.293532697687624 33.620088090766905964
31548.339054806561762 33.613018931547436807
31548.384577249216818 33.60594980078324312
31548.430100030287576 33.598880698836751435
31548.475623154477944 33.591811626075319452
31548.521146626564587 33.584742582871285776
31548.566670451393293 33.577673569602055181
31548.612194633886247 33.570604586650183876
31548.657719179042033 33.563535634403450558
31548.70324409193563 33.556466713254941681
31548.74876937771478 33.549397823603122504
31548.794295041607256 33.542328965851929468
31548.839821088920871 33.535260140410862562
31548.885347525043471 33.528191347695056379
31548.930874355442938 33.521122588125386699
31548.976401585670828 33.514053862128548644
31549.021929221366008 33.50698517013715616
31549.067457268247381 33.499916512589905437
31549.11298573212116 33.492847889931653071
31549.15851461888451 33.485779302613529751
31549.204043934518268 33.47871075109308947
31549.249573685101495 33.471642235834551116
31549.295103876804205 33.464573757308862412
31549.340634515883721 33.45750531599381361
31549.38616560869923 33.450436912374136966
31549.431697161704506 33.443368546941620423
31549.477229181451548 33.436300220195228405
31549.522761674594221 33.429231932641222613
31549.568294647884613 33.422163684793297023
31549.613828108176676 33.415095477173082372
31549.65936206243714 33.40802731031018169
31549.704896517734596 33.400959184742298191
31549.750431481246778 33.393891101015327649
31549.795966960264195 33.386823059683528925
31549.841502962193772 33.379755061309616337
31549.887039494551573 33.37268710646492309
31549.932576564970077 33.365619195729514956
31549.97811418119818 33.358551329692353704
31550.023652351108467 33.351483508951417889
31550.069191082693578 33.344415734113873384
31550.114730384066206 33.337348005796201278
31550.160270263466373 33.330280324624354193
31550.205810729257792 33.323212691233919713
31550.251351789935143 33.316145106270276699
31550.296893454124074 33.30907757038875161
31550.342435730581201 33.302010084254789035
31550.387978628201381 33.294942648544122221
31550.433522156006802 33.287875263942943604
31550.479066323168809 33.28080793114807534
31550.52461113899335 33.27374065086714694
31550.570156612931896 33.266673423818765798
31550.615702754581434 33.259606250732694832
31550.661249573684472 33.252539132350044326
31550.706797080132674 33.245472069423470884
31550.752345283974137 33.238405062717369276
31550.797894195409754 33.231338113008078494
31550.843443824793212 33.224271221084094918
31550.888994182641909 33.217204387746285477
31550.93454527963695 33.210137613808093704
31550.980097126619512 33.203070900095781326
31551.025649734598119 33.196004247448627211
31551.071203114755917 33.188937656719176061
31551.116757278443401 33.181871128773487101
31551.162312237192964 33.174804664491347239
31551.207868002707983 33.167738264766541079
31551.253424586877372 33.160671930507085392
31551.298982001775585 33.15360566263551334
31551.34454025965897 33.146539462089108952
31551.390099372976692 33.139473329820191339
31551.435659354374366 33.132407266796391809
31551.481220216690417 33.125341274000938085
31551.526781972963363 33.118275352432917202
31551.572344636435446 33.111209503107609464
31551.617908220556274 33.104143727056758451
31551.663472738982819 33.09707802532889076
31551.709038205590332 33.09001239898962865
31551.754604634465068 33.082946849122016886
31551.800172039918834 33.075881376826835378
31551.845740436485357 33.068815983222954458
31551.891309838927555 33.061750669447661721
31551.936880262237537 33.054685436657031516
31551.982451721647521 33.047620286026273106
31552.028024232629832 33.040555218750085942
31552.073597810896899 33.033490236043071775
31552.119172472412174 33.026425339140075721
31552.164748233393766 33.019360529296612583
31552.210325110310805 33.012295807789250546
31552.255903119901632 33.005231175916030395
31552.301482279162883 32.998166634996884738
31552.347062605364044 32.991102186374064331
31552.392644116054726 32.984037831412592823
31552.438226829057385 32.976973571500693083
31552.483810762485518 32.969909408050277477
31552.529395934736385 32.962845342497395507
31552.574982364509196 32.955781376302724084
31552.620570070797839 32.948717510952064913
31552.66615907290543 32.941653747956848974
31552.711749390444311 32.934590088854655221
31552.757341043343331 32.927526535209729275
31552.802934051855118 32.920463088613544755
31552.848528436559718 32.913399750685336187
31552.894124218368233 32.906336523072688749
31552.939721418533736 32.899273407452092499
31552.985320058654906 32.892210405529596073
31553.030920160686946 32.885147519041659336
31553.07652174694158 32.878084749755707605
31553.122124840097968 32.871022099470742717
31553.167729463213618 32.86395957001798962
31553.213335639728029 32.856897163261564287
31553.258943393466325 32.849834881099170047
31553.304552748650167 32.842772725462815231
31553.350163729901396 32.835710698319523715
31553.395776362256584 32.828648801672073887
31553.441390671167028 32.821587037559758926
31553.487006682513311 32.814525408059175504
31553.532624422601657 32.807463915285005385
31553.578243918189401 32.800402561390839651
31553.623865196474071 32.793341348570010041
31553.669488285118859 32.7862802790564416
31553.71511321224898 32.779219355125526647
31553.760740006462584 32.77215857909503427
31553.806368696848949 32.76509795332601982
31553.851999312984844 32.758037480223769933
31553.897631884949078 32.750977162238761764
31553.943266443333414 32.743917001867878014
31553.988903019253485 32.736857001655572219
31554.034541644359706 32.729797164194827985
31554.080182350840914 32.722737492128224801
31554.125825171442557 32.715677988149032274
31554.171470139473968 32.708618655002318576
31554.217117288815643 32.701559495486485218
31554.262766653941071 32.694500512454453656
31554.308418269924005 32.687441708814738206
31554.354072172453016 32.680383087532668185
31554.399728397835133 32.673324651631645565
31554.445386983014032 32.666266404194438167
31554.491047965584585 32.659208348364522578
31554.536711383796501 32.652150487347427088
31554.582377276572515 32.645092824412124344
31554.628045683522942 32.638035362892473756
31554.673716644956585 32.630978106188692323
31554.719390201891656 32.623921057768832554
31554.765066396070324 32.616864221170352778
31554.810745269973268 32.609807600001687433
31554.856426866834227 32.602751197943874217
31554.902111230658193 32.595695018752216754
31554.947798406228685 32.588639066257989896
31554.99348843912594 32.581583344370201871
31555.039181375745102 32.574527857077370641
31555.084877263307135 32.567472608449399729
31555.130576149877015 32.560417602639446955
31555.176278084385558 32.553362843885864208
31555.221983116633055 32.546308336514201187
31555.267691297318379 32.539254084939244649
31555.313402678053535 32.532200093667121621
31555.359117311374575 32.525146367297438132
31555.404835250770702 32.518092910525489003
31555.450556550695183 32.511039728144538685
31555.496281266583537 32.503986825048137632
31555.54200945487537 32.496934206232502618
31555.587741173039831 32.489881876798975213
31555.633476479582896 32.482829841956537109
31555.679215434076468 32.475778107024375174
31555.724958097180206 32.468726677434553096
31555.770704530656076 32.461675558734704339
31555.816454797397455 32.454624756590845891
31555.862208961443685 32.447574276790234649
31555.907967088009173 32.440524125244287745
31555.953729243497946 32.433474307991630781
31555.999495495540032 32.426424831201181576
31556.045265913006006 32.419375701175319193
31556.091040566032461 32.412326924353166646
31556.136819526047475 32.405278507313930447
31556.182602865796071 32.398230456780346742
31556.228390659362049 32.391182779622205601
31556.274182982204366 32.384135482859981892
31556.319979911175324 32.377088573668558524
31556.365781524549675 32.370042059381042066
31556.411587902050087 32.362995947492677828
31556.457399124883523 32.355950245664899967
31556.503215275755792 32.348904961729431307
31556.549036438918847 32.341860103692553707
31556.594862700185331 32.334815679739456584
31556.640694146964961 32.327771698238699116
31556.686530868297268 32.320728167746899828
31556.732372954877064 32.313685097013504333
31556.778220499090821 32.306642494985602809
31556.824073595053051 32.29960037081291091
31556.86993233863177 32.292558733852843034
31556.915796827481245 32.28551759367580587
31556.961667161085643 32.278476960070655366
31557.007543440784502 32.271436843050167909
31557.053425769816386 32.264397252856717557
31557.099314253340708 32.257358199968201973
31557.14520899848867 32.250319695104067819
31557.191110114392359 32.243281749231400113
31557.237017712228408 32.236244373571175004
31557.282931905243458 32.229207579604718603
31557.328852808805095 32.222171379080286613
31557.374780540434585 32.215135784019850007
31557.42071521984326 32.208100806726037035
31557.466656968983443 32.201066459789267071
31557.512605912070285 32.194032756095062098
31557.558562175643601 32.186999708831535827
31557.604525888589706 32.179967331497095984
31557.650497182192339 32.17293563790833133
31557.696476190179965 32.165904642208090536
31557.742463048751233 32.158874358873781318
31557.788457896636828 32.151844802725875638
31557.83446087512857 32.144815988936620954
31557.88047212813035 32.137787933038964638
31557.926491802198143 32.13076065093571998
31557.97252004658003 32.123734158908931136
31558.018557013270765 32.116708473629508092
31558.064602857051796 32.109683612167046363
31558.110657735527639 32.10265959199993091
31558.156721809180453 32.095636431025653224
31558.202795241413696 32.0886141475713913
31558.248878198592138 32.081592760404838316
31558.294970850089157 32.074572288745279991
31558.341073368330399 32.067552752274934846
31558.387185928844701 32.060534171150571581
31558.433308710296842 32.053516566015375133
31558.479441894542106 32.046499958011096965
31558.52558566666994 32.039484368790454027
31558.571740215036698 32.032469820529847482
31558.617905731320207 32.025456335942315889
31558.664082410559786 32.018443938290822359
31558.710270451192628 32.011432651401776184
31558.756470055104728 32.004422499678874203
31558.802681427663629 31.997413508117226399
31558.848904777762073 31.99040570231777636
31558.895140317854384 31.983399108502005959
31558.941388264000125 31.976393753526949126
31558.987648835893197 31.969389664900482728
31559.033922256898222 31.962386870796933636
31559.080208754090563 31.955385400072973567
31559.126508558281785 31.948385282283872755
31559.172821904059674 31.941386547700254539
31559.219149029810069 31.934389227324754046
31559.26549017774596 31.927393352909074764
31559.311845593936596 31.920398956971343551
31559.358215528325672 31.913406072813753411
31559.404600234753161 31.906414734540486933
31559.450999970973498 31.899424977075906185
31559.497414998670138 31.892436836183009063
31559.543845583466464 31.8854503484821592
31559.590291994933068 31.878465551470050343
31559.636754506595025 31.871482483538926544
31559.683233395935531 31.864501183996026157
31559.729728944392264 31.857521693083260317
31559.776241437346471 31.850544051997083272
31559.822771164122969 31.843568302908579426
31559.86931841796104 31.836594488983710249
31559.915883496010792 31.829622654403735282
31559.962466699296783 31.822652844385782345
31560.00906833269255 31.815685105203730387
31560.055688704891509 31.808719484209539985
31560.102328128366935 31.801756029853883945
31560.148986919321032 31.794794791707030157
31560.195665397641278 31.78783582047982037
31560.242363886827661 31.780879168044648964
31560.289082713934476 31.773924887456406196
31560.335822209501202 31.766973032973385926
31560.382582707457914 31.760023660078076091
31560.429364545048884 31.753076825497831948
31560.476168062730721 31.746132587225392996
31560.522993604063231 31.739191004539168972
31560.569841515600274 31.732252138023291366
31560.616712146769714 31.725316049587359402
31560.663605849738815 31.718382802485844962
31560.710522979268717 31.711452461337088948
31560.757463892568921 31.704525092141871312
31560.80442894913358 31.697600762301448185
31560.851418510577787 31.690679540635041889
31560.898432940441126 31.683761497396705664
31560.94547260400941 31.676846704291488521
31560.992537868103682 31.669935234490850462
31561.039629100869206 31.663027162647264134
31561.08674667154628 31.656122564907903438
31561.133890950237401 31.649221518927369345
31561.18106230765261 31.642324103879378328
31561.228261114847555 31.635430400467310363
31561.275487742961559 31.628540490933563234
31561.32274256292294 31.621654459067610077
31561.370025945150701 31.614772390212689146
31561.417338259248936 31.607894371271029854
31561.464679873690329 31.601020490707526278
31561.512051155474182 31.594150838551769311
31561.559452469791722 31.58728550639835575
31561.606884179655026 31.580424587405374837
31561.654346645544138 31.573568176290965681
31561.701840225021442 31.566716369327881608
31561.749365272338764 31.559869264335947747
31561.796922138040827 31.553026960672365675
31561.844511168550525 31.546189559219676823
31561.892132705754193 31.539357162371349119
31561.939787086565048 31.532529874015189364
31561.987474642497546 31.525707799513906338
31562.035195699216274 31.518891045682995156
31562.082950576073927 31.512079720765974855
31562.13073958566747 31.505273934406858416
31562.17856303336157 31.498473797619755743
31562.226421216822928 31.491679422755552764
31562.274314425547345 31.484890923465609802
31562.32224294037951 31.478108414662425929
31562.370207033043698 31.471332012477216011
31562.418206965656282 31.464561834214382685
31562.466242990256433 31.457797998302826414
31562.514315348333184 31.451040624244093635
31562.562424270352494 31.444289832557554831
31562.610569975291583 31.437545744722172003
31562.658752670184185 31.430808483115011853
31562.706972549669445 31.424078170946728505
31562.755229795548075 31.417354932193955364
31562.803524576363998 31.410638891528641636
31562.851857046978694 31.403930174244433005
31562.900227348171029 31.397228906180110641
31562.948635606255266 31.390535213640237799
31562.997081932709989 31.38384922331309923
31563.045566423836135 31.377171062186047124
31563.094089160418662 31.370500857458413435
31563.142650207435508 31.363838736452112954
31563.19124961376292 31.357184826520132503
31563.239887411935342 31.350539254953062596
31563.288563617908949 31.343902148883888259
31563.337278230861557 31.337273635191230881
31563.386031233025278 31.330653840401275545
31563.434822589541 31.324042890588618349
31563.483652248360158 31.317440911276268167
31563.532520140161068 31.310848027335072885
31563.58142617831254 31.304264362882832984
31563.630370258855692 31.29769004118341158
31563.679352260543965 31.291125184546157101
31563.728372044890421 31.2845699142257061
31563.777429456273239 31.278024350322652936
31563.826524322063051 31.27148861168530658
31563.875656452786643 31.264962815812875618
31563.924825642330688 31.258447078760323024
31563.974031668167299 31.251941515045217557
31564.023274291626876 31.245446237556837588
31564.072553258196422 31.238961357467804447
31564.121868297843321 31.232486984148525977
31564.171219125386415 31.226023225084677648
31564.220605440877989 31.219570185797991257
31564.270026930014865 31.213127969770550152
31564.31948326458587 31.206696678372804143
31564.3689741029375 31.200276410795513726
31564.418499090457772 31.193867263985772809
31564.468057860078261 31.187469332587262727
31564.51765003280525 31.181082708884872545
31564.56727521825087 31.174707482753781562
31564.616933015196992 31.16834374161308574
31564.666623012140917 31.161991570384024897
31564.716344787881098 31.155651051452824873
31564.76609791208466 31.149322264638190205
31564.815881945873116 31.143005287163383343
31564.865696442397166 31.136700193632883327
31564.915540947426052 31.130407056013520872
31564.965414999915083 31.12412594362000462
31565.015318132580433 31.1178569231047355
31565.065249872463028 31.111600058451731599
31565.11520974148516 31.105355410974578234
31565.165197256988904 31.099123039318097739
31565.215211932256352 31.092902999463628788
31565.265253277037118 31.086695344737655944
31565.315320798035827 31.080500125823576241
31565.365413999392331 31.074317390776251102
31565.415532383140089 31.068147185039293845
31565.465675449646369 31.061989551464737502
31565.51584269803061 31.055844530335495079
31565.566033626557328 31.049712159388903387
31565.616247733014461 31.043592473841940205
31565.666484515055345 31.037485506417720416
31565.716743470533402 31.031391287373015331
31565.767024097804097 31.025309844526557157
31565.817325896005059 31.019241203287982955
31565.867648365310743 31.013185386686991762
31565.917991007183446 31.007142415402576319
31565.9683533245734 31.001112307791768075
31566.018734822118859 30.995095079918034031
31566.069135006324359 30.989090745579282782
31566.119553385709878 30.983099316335206197
31566.169989470952714 30.977120801533089889
31566.220442775007541 30.971155208332596942
31566.270912813204632 30.965202541729301089
31566.321399103340809 30.95926280457693025
31566.371901165755844 30.953335997608157015
31566.422418523390661 30.947422119453875666
31566.47295070184191 30.941521166660908904
31566.523497229405621 30.935633133708126508
31566.574057637102669 30.929758013020947516
31566.624631458718795 30.923895794984250784
31566.675218230815517 30.918046467953708145
31566.72581749274832 30.912210018265586342
31566.776428786692122 30.906386430244893404
31566.827051657637639 30.900575686212224724
31566.877685653416847 30.894777766489404769
31566.928330324713897 30.888992649403949287
31566.978985225072392 30.88322031129247236
31567.029649910920853 30.877460726503137778
31567.080323941583629 30.871713867397303943
31567.131006879317283 30.865979704350699819
31567.181698289328779 30.860258205754227845
31567.232397739822773 30.85454933801399946
31567.283104802037997 30.848853065551288921
31567.333819050298189 30.843169350802497775
31567.384540062055748 30.837498154219275648
31567.435267417968134 30.831839434268957234
31567.486000701952435 30.826193147435510866
31567.536739501269039 30.820559248221130133
31567.587483406601677 30.814937689148628408
31567.638232012144726 30.809328420764831691
31567.688984915712354 30.803731391645094106
31567.739741718829464 30.79814654839906396
31567.790502026851755 30.792573835677874428
31567.84126544908213 30.787013196182865471
31567.892031598890753 30.781464570675943548
31567.942800093846017 30.77592789799171058
31567.993570555852784 30.770403115051450982
31568.044342611286993 30.764890156879065586
31568.095115891137539 30.759388956619023503
31568.14589003115907 30.753899445556395875
31568.196664672013867 30.748421553139035467
31568.247439432201645 30.742955209929750282
31568.298213816880889 30.737500357403884976
31568.348987485078396 30.732056919245554383
31568.399760101419815 30.726624817408843882
31568.450531336286076 30.721203972151176487
31568.501300865951634 30.715794302068932353
31568.552068372740905 30.710395724135278073
31568.602833545166504 30.705008153740198651
31568.653596078067494 30.699631504732906251
31568.7043556727549 30.694265689466394775
31568.755112037135405 30.688910618843550537
31568.805864885838673 30.683566202365163633
31568.856613940330135 30.678232348179776068
31568.907358929034672 30.672908963135203209
31568.958099587427569 30.667595952831597117
31569.008835658147291 30.662293221676062416
31569.059566891082795 30.657000672938568897
31569.110293043442653 30.651718208809331401
31569.161013879849634 30.646445730457394063
31569.211729172388004 30.641183138090223537
31569.262438700669009 30.635930331014257888
31569.313142251870886 30.630687207696208674
31569.363839620782528 30.625453665825059346
31569.414530609825306 30.620229602374571698
31569.465215029074898 30.615014913666200869
31569.515892696272203 30.609809495432287463
31569.566563436816068 30.604613242879381119
31569.617227083763282 30.599426050751588946
31569.667883477799478 30.594247813393824487
31569.718532467220939 30.589078424814804436
31569.769173907890945 30.583917778749722061
31569.819807663192478 30.578765768722433904
31569.870433603980928 30.573622288107088707
31569.921051608511334 30.568487230189070658
31569.971661562380177 30.563360488225139733
31570.022263358430791 30.558241955502715825
31570.072856896676967 30.55313152539816457
31570.123442084208364 30.548029091434031557
31570.174018835088646 30.542934547335114814
31570.224587070246344 30.537847787083318707
31570.275146717362077 30.532768704971211093
31570.325697710752138 30.527697195654194928
31570.376239991237526 30.522633154201290751
31570.426773506016616 30.51757647614440927
31570.477298208534194 30.512527057526106944
31570.527814058335935 30.507484794945753492
31570.578321020930161 30.502449585604097138
31570.62881906763505 30.497421327346167175
31570.679308175436745 30.492399918702503214
31570.729788326822018 30.487385258928672016
31570.780259509640018 30.482377248043071916
31570.830721716931293 30.477375786862985763
31570.881174946774991 30.472380777038903688
31570.93161920212151 30.467392121087065959
31570.982054490639712 30.462409722420272118
31571.03248082454229 30.457433485376924409
31571.08289822043298 30.452463315248330389
31571.133306699135574 30.447499118304271803
31571.183706285530207 30.442540801816853957
31571.23409700839693 30.437588274082653328
31571.284478900251997 30.432641444443170542
31571.334851997176884 30.427700223303631333
31571.385216338665487 30.422764522150213651
31571.435571967474971 30.417834253565910529
31571.485918929462059 30.412909331244563305
31571.5362572734266 30.407989670003303218
31571.586587050958769 30.403075185793504431
31571.636908316297195 30.39816579571024846
31571.687221126168879 30.393261418000367513
31571.737525539647322 30.388361972069095174
31571.787821618014277 30.383467378485374155
31571.838109424617869 30.378577558985934814
31571.888389024730714 30.373692436478421541
31571.938660485429864 30.368811935042945294
31571.98892387545493 30.363935979932431763
31572.039179265084385 30.359064497571822017
31572.08942672601188 30.354197415556200212
31572.139666331229819 30.349334662647891037
31572.189898154905677 30.344476168772544611
31572.240122272272856 30.339621865014311908
31572.290338759517908 30.334771683610092907
31572.340547693678673 30.329925557942964076
31572.390749152549688 30.325083422534653721
31572.440943214576691 30.320245213037175347
31572.491129958772945 30.315410866223952979
31572.541309464624646 30.310580319980257258
31572.591481811999984 30.30575351329302336
31572.641647081065457 30.30093038624007562
31572.691805352205847 30.296110879978765951
31572.741956705951452 30.291294936734129095
31572.792101222894416 30.286482499786593792
31572.842238983626885 30.281673513458752467
31572.892370068675518 30.276867923102233959
31572.942494558432372 30.272065675084231628
31572.99261253309669 30.267266716773708168
31573.042724072620331 30.26247099652748318
31573.092829256653204 30.257678463675929947
31573.142928164488694 30.252889068508434178
31573.193020875020011 30.24810276225861827
31573.243107466696529 30.243319497089437675
31573.293188017472858 30.238539226078117395
31573.343262604783376 30.233761903200996102
31573.393331305487663 30.228987483318366714
31573.443394195855944 30.224215922159881842
31573.493451351521799 30.219447176309294889
31573.543502847456693 30.214681203189147851
31573.593548757948156 30.209917961045452017
31573.64358915657067 30.205157408932386431
31573.693624116160208 30.200399506697038987
31573.743653708799684 30.19564421496422213
31573.793678005797119 30.190891495121348953
31573.843697077671095 30.186141309303415881
31573.893710994132562 30.181393620378088372
31573.943719824077561 30.176648391930918081
31573.993723635572678 30.171905588250687913
31574.043722495840484 30.167165174314902742
31574.093716471263178 30.162427115775447106
31574.143705627368035 30.157691378944406324
31574.193690028820129 30.152957930780054596
31574.243669739425968 30.14822673887305271
31574.293644822129863 30.143497771432805621
31574.343615339003009 30.138770997274047403
31574.393581351254397 30.134046385803731738
31574.443542919238098 30.129323907008142669
31574.493500102449616 30.124603531440097726
31574.543452959525894 30.119885230206371318
31574.593401548259862 30.115168974955341952
31574.643345925589529 30.110454737864735364
31574.693286147619801 30.105742491629655433
31574.743222269615217 30.101032209450895749
31574.793154346010851 30.096323865023478561
31574.843082430426875 30.091617432525438858
31574.893006575661275 30.086912886606896222
31574.942926833715319 30.082210202379489061
31574.992843255797197 30.077509355405826597
31575.042755892336572 30.072810321689029678
31575.092664792988217 30.068113077662449228
31575.142570006650203 30.06341760017985365
31575.192471581471182 30.058723866505832945
31575.242369564854016 30.054031854306430205
31575.292264003473974 30.049341541639950748
31575.342154943293281 30.044652906947629134
31575.392042429568392 30.039965929044811332
31575.441926506868185 30.035280587112545447
31575.491807219073962 30.030596860689311001
31575.541684609404911 30.025914729662822822
31575.591558720418107 30.021234174262016126
31575.641429594030342 30.016555175049479232
31575.691297271521762 30.011877712914344585
31575.74116179354678 30.007201769065325436
31575.791023200144991 30.002527325023663707
31575.840881530762999 29.997854362616028112
31575.890736824258056 29.993182863967653873
31575.940589118908974 29.98851281149583059
31575.990438452441595 29.983844187903564205
31576.040284862021508 29.979176976173409486
31576.090128384275886 29.97451115956147305
31576.139969055308029 29.969846721591604677
31576.189806910701009 29.965183646049730726
31576.239641985528579 29.960521916978350987
31576.289474314369727 29.955861518671213162
31576.339303931323229 29.951202435668026425
31576.38913087000401 29.946544652749448545
31576.438955163568608 29.941888154932165378
31576.488776844722452 29.937232927464059173
31576.5385959457235 29.932578955819565181
31576.588412498404068 29.927926225695220097
31576.63822653416355 29.923274723005306441
31576.688038083997526 29.91862443387763193
31576.737847178490483 29.913975344649422539
31576.787653847834008 29.909327441863347019
31576.837458121830423 29.904680712263633779
31576.887260029907338 29.900035142792315668
31576.937059601117653 29.895390720585606203
31576.986856864150468 29.890747432970336206
31577.036651847345638 29.886105267460511214
31577.086444578693772 29.881464211753954174
31577.136235085847147 29.876824253729033387
31577.186023396123346 29.872185381441500596
31577.235809536512534 29.867547583121410781
31577.285593533695646 29.862910847170123674
31577.335375414033479 29.858275162157454474
31577.385155203588511 29.853640516818970241
31577.434932928132184 29.849006900053225877
31577.484708613159455 29.844374300919167098
31577.534482283888792 29.839742708633519186
31577.584253965273092 29.83511211256823259
31577.634023682006955 29.830482502248020893
31577.683791458526684 29.825853867347930759
31577.733557319017564 29.821226197690990034
31577.783321287424769 29.816599483246104541
31577.833083387453371 29.811973714125876711
31577.882843642575608 29.807348880584694228
31577.932602076041803 29.802724973016598398
31577.982358710876724 29.798101981953184492
31578.03211356988686 29.793479898061566047
31578.08186667566406 29.788858712142374685
31578.131618050589168 29.784238415127788357
31578.181367716835666 29.779618998079623537
31578.231115696373308 29.775000452187459388
31578.280862010971759 29.77038276876680456
31578.330606682207872 29.76576593925731018
31578.380349731462047 29.761149955220965069
31578.430091179925512 29.756534808340333598
31578.479831048607593 29.751920490417095522
31578.529569358335721 29.747306993370699502
31578.579306129766337 29.742694309236718198
31578.629041383377626 29.738082430165256653
31578.678775139476784 29.733471348419389102
31578.728507418210938 29.728861056373617089
31578.778238239552593 29.724251546512338251
31578.82796762331418 29.71964281142836839
31578.877695589151699 29.715034843821481303
31578.927422156557441 29.710427636497044546
31578.9771473448709 29.705821182364605448
31579.02687117327514 29.701215474436494901
31579.076593660807703 29.696610505826463111
31579.126314826349699 29.692006269748311809
31579.176034688636719 29.687402759514576189
31579.225753266258835 29.682799968535206858
31579.275470577664237 29.678197890316294405
31579.325186641155597 29.673596518458996485
31579.37490147490098 29.668995846658333448
31579.424615096930211 29.66439586870195555
31579.474327525134868 29.659796578468913708
31579.524038777275564 29.655197969928472901
31579.573748870978307 29.650600037138925558
31579.623457823741774 29.646002774246561273
31579.673165652937314 29.641406175484547703
31579.722872375816223 29.636810235171797245
31579.772578009506105 29.632214947711862152
31579.82228257101815 29.627620307591829629
31579.871986077236215 29.623026309381241816
31579.921688544935023 29.618432947731022864
31579.971389990769239 29.61384021737242378
31580.021090431277116 29.609248113115974377
31580.070789882891404 29.604656629850467198
31580.120488361932075 29.600065762541934333
31580.170185884606326 29.595475506232645557
31580.219882467012212 29.590885856040134883
31580.269578125149565 29.586296807156369226
31580.319272874912713 29.581708354846899311
31580.368966732097761 29.57712049444990754
31580.418659712402587 29.572533221375294943
31580.468351831423206 29.567946531103761032
31580.518043104668322 29.563360419185904959
31580.567733547552052 29.558774881241340893
31580.617423175390286 29.554189912957824049
31580.667112003415241 29.549605510090401594
31580.716800046764547 29.545021668460552888
31580.766487320492161 29.540438383955361701
31580.816173839568364 29.535855652526691983
31580.865859618872491 29.531273470190384955
31580.915544673211116 29.526691833025456191
31580.965229017299862 29.522110737173317574
31581.014912665785232 29.517530178836999255
31581.064595633226418 29.512950154280396475
31581.114277934117126 29.508370659827523497
31581.163959582867392 29.50379169186177819
31581.213640593818127 29.499213246825220835
31581.26332098124476 29.49463532121786713
31581.313000759346323 29.490057911596981199
31581.362679942256364 29.485481014576404135
31581.412358544042945 29.480904626825864767
31581.462036578712286 29.476328745070336623
31581.511714060205122 29.471753366089373571
31581.56139100240398 29.467178486716477437
31581.61106741912954 29.462604103838476277
31581.660743324151554 29.458030214394913315
31581.710418731177924 29.453456815377435873
31581.760093653869262 29.448883903829212727
31581.809768105831608 29.444311476844351461
31581.859442100620072 29.439739531567237663
31581.909115651746106 29.435168065191543718
31581.958788772684784 29.430597074959777615
31582.008461476871162 29.426026558162739377
31582.058133777700277 29.421456512139222639
31582.107805688530789 29.416886934275620291
31582.157477222695888 29.412317822005419998
31582.207148393496027 29.407749172808717475
31582.256819214206189 29.403180984211811477
31582.306489698072255 29.398613253787061694
31582.35615985833283 29.394045979152455317
31582.405829708201054 29.389479157971155843
31582.455499260875513 29.384912787951058988
31582.505168529547518 29.380346866844369913
31582.554837527401105 29.375781392447123608
31582.604506267616671 29.371216362598680405
31582.654174763385527 29.366651775181320971
31582.703843027895346 29.362087628119862615
31582.753511074348353 29.357523919381282695
31582.803178915950411 29.352960646974356251
31582.852846565921936 29.348397808949300725
31582.902514037497895 29.343835403397438455
31582.952181343927805 29.339273428450859171
31583.001848498483014 29.334711882282107354
31583.051515514453058 29.330150763103858935
31583.101182405156578 29.325590069168629981
31583.150849183934042 29.321029798768496022
31583.20051586415866 29.316469950234811392
31583.250182459236385 29.311910521938219887
31583.299848982613184 29.307351512288530415
31583.34951544777141 29.30279291973446476
31583.399181868237065 29.298234742763430205
31583.448848257579812 29.293676979901285051
31583.498514629420242 29.289119629712136117
31583.548180997433519 29.284562690798129125
31583.597847370408999 29.280006162251670077
31583.647513760166476 29.275450042930000194
31583.697180180519354 29.270894331550831424
31583.746846645339247 29.266339026869491846
31583.796513168566889 29.261784127678939882
31583.846179764212138 29.257229632809682585
31583.895846446361247 29.252675541129985248
31583.945513229187782 29.248121851545771932
31583.995180126948981 29.243568563000831517
31584.044847153993032 29.239015674476533491
31584.094514324769989 29.234463184991721363
31584.144181653828127 29.229911093602652272
31584.193849155817588 29.225359399402936589
31584.243516845497652 29.220808101523502387
31584.293184737740376 29.216257199132556366
31584.342852847523318 29.211706691435573191
31584.392521189944091 29.207156577675288389
31584.442189780223998 29.202606857131698348
31584.491858633700758 29.198057529122074527
31584.541527765843057 29.193508593000998985
31584.591197192250547 29.188960048160399907
31584.64086692865385 29.184411894029608447
31584.690536990921828 29.179864130075412021
31584.740207395068865 29.175316755801944169
31584.789878157254861 29.170769770750364813
31584.839549293792516 29.166223174498803417
31584.889220821150957 29.161676966662444244
31584.938892755959387 29.157131146893650708
31584.988565115014353 29.152585714882100376
31585.038237915279751 29.148040670354919968
31585.087911173897737 29.143496013076852336
31585.137584908181452 29.138951742850426996
31585.18725913563685 29.13440785951614842
31585.236933873944508 29.129864362952687884
31585.28660914098873 29.125321253077103734
31585.336284954839357 29.120778529845065208
31585.385961333777232 29.116236193251101128
31585.435638296283287 29.111694243328852139
31585.485315861049457 29.107152680151344271
31585.534994046985958 29.102611503831276707
31585.584672873224918 29.098070714521327318
31585.634352359120385 29.093530312414472405
31585.684032524262875 29.088990297744313551
31585.733713388475735 29.084450670785439996
31585.783394971829694 29.079911431853787462
31585.833077294642862 29.075372581307028952
31585.882760377484374 29.070834119544976204
31585.932444241185294 29.066296047010002468
31585.982128906842263 29.061758364187483039
31586.031814395824767 29.057221071606239349
31586.08150072978242 29.052684169838997263
31586.131187930644955 29.04814765950270683
31586.180876020640426 29.043611541258901099
31586.230565022298833 29.039075815814221926
31586.280254958455771 29.034540483920974197
31586.329945852259698 29.030005546377712022
31586.379637727179215 29.02547100402982494
31586.429330607017619 29.020936857770060158
31586.479024515916535 29.016403108539307709
31586.528719478366838 29.011869757326923747
31586.578415519223199 29.007336805171519245
31586.628112663704087 29.00280425316167765
31586.677810937402683 28.998272102436676079
31586.727510366301431 28.993740354187227837
31586.777210976764763 28.989209009656253357
31586.826912795564567 28.984678070139683115
31586.876615849876544 28.980147536987274748
31586.926320167294762 28.975617411603465712
31586.976025775838934 28.971087695448250798
31587.025732703965332 28.966558390038080972
31587.075440980574058 28.962029496946797735
31587.125150635016325 28.957501017806603016
31587.174861697112647 28.952972954309039721
31587.224574197149195 28.948445308206029125
31587.274288165899634 28.943918081310922474
31587.32400363463239 28.939391275499911416
31587.373720635121572 28.934864892713214601
31587.423439199657878 28.9303389349562039
31587.473159361059516 28.925813404300591003
31587.522881152683112 28.921288302885646004
31587.572604608434631 28.916763632919447957
31587.622329762787558 28.912239396680185166
31587.672056650782906 28.907715596517487455
31587.721785308054677 28.90319223485379041
31587.771515770829865 28.89866931418575291
31587.821248075953918 28.894146837085717294
31587.870982260890742 28.889624806203194396
31587.920718363751803 28.885103224266412525
31587.970456423288852 28.880582094083909084
31588.020196478930302 28.876061418546154158
31588.069938570781233 28.871541200627255819
31588.119682739645214 28.867021443386949642
31588.169429027035221 28.862502149972439014
31588.219177475191827 28.857983323620199911
31588.268928127105028 28.853464967657870943
31588.318681026517879 28.848947085506200239
31588.368436217955605 28.844429680681059835
31588.418193746732868 28.839912756795499149
31588.467953658975603 28.835396317561883706
31588.517716001639201 28.83088036679406585
31588.567480822523066 28.826364908409647825
31588.617248170292442 28.821849946432291034
31588.667018094496598 28.817335484994099915
31588.716790645583387 28.81282152833807686
31588.766565874924709 28.808308080820637542
31588.816343834838335 28.803795146914062286
31588.866124578602466 28.799282731209025599
31588.915908160481194 28.794770838417324654
31588.965694635749969 28.790259473374707255
31589.015484060710151 28.785748641043891638
31589.06527649272175 28.781238346517543647
31589.11507199022526 28.776728595021094037
31589.164870612767118 28.772219391915864861
31589.214672421017895 28.767710742702359283
31589.264477476805041 28.763202653023647315
31589.31428584313835 28.75869512866923472
31589.36409758422451 28.754188175578736519
31589.413912765510759 28.749681799845529184
31589.463731453703076 28.745176007720608879
31589.513553716802562 28.740670805616378658
31589.563379624130903 28.736166200110311308
31589.613209246363112 28.731662197949034976
31589.663042655560275 28.727158806052578655
31589.712879925191373 28.722656031518738473
31589.762721130173304 28.718153881627561219
31589.812566346892709 28.713652363845930893
31589.862415653253265 28.709151485832183681
31589.912269128693879 28.704651255440975177
31589.962126854232338 28.700151680728314574
31590.011988912498055 28.695652769956744521
31590.061855387757532 28.691154531600655986
31590.111726365965296 28.686656974351784299
31590.161601934782084 28.682160107124840209
31590.211482183629414 28.677663939063315013
31590.261367203715054 28.673168479545452669
31590.311257088076673 28.668673738190395994
31590.361151931618224 28.664179724864531806
31590.411051831149962 28.65968644968801371
31590.460956885439373 28.655193923041458959
31590.510867195243918 28.650702155572872698
31590.560782863351051 28.64621115820478181
31590.610703994640062 28.64172094214146469
31590.660630696114822 28.637231518876330227
31590.710563076961989 28.632742900199758651
31590.760501248583751 28.628255098207095131
31590.81044532465603 28.623768125306984444
31590.860395421179419 28.619281994229780253
31590.910351656515559 28.614796718036192402
31590.960314151448983 28.610312310126086999
31591.010283029234415 28.605828784247627539
31591.060258415651333 28.601346154506682495
31591.110240439051267 28.596864435376541991
31591.160229230423283 28.592383641707904474
31591.210224923437636 28.587903788739339461
31591.260227654507617 28.58342489210789239
31591.310237562851398 28.578946967859941708
31591.360254790542967 28.57447003246225492
31591.410279482581245 28.569994102813225823
31591.460311786951934 28.565519196254530954
31591.510351854682085 28.561045330583290536
31591.560399839909223 28.556572524064552709
31591.610455899946828 28.552100795444150805
31591.660520195342542 28.547630163961894567
31591.710592889954569 28.543160649365155734
31591.760674151002604 28.538692271922812438
31591.810764149155148 28.534225052439595061
31591.860863058584073 28.529759012270829999
31591.910971057041024 28.525294173337591985
31591.961088325930177 28.520830558142467481
31592.011215050380997 28.516368189785712417
31592.061351419320999 28.511907091981612439
31592.111497625552147 28.507447289075379615
31592.161653865830885 28.502988806060500337
31592.211820340933627 28.498531668596562838
31592.261997255744063 28.494075903027553665
31592.312184819329559 28.489621536400647983
31592.362383245021192 28.485168596485504366
31592.412592750490148 28.480717111794071172
31592.462813557835034 28.476267111600911619
31592.513045893658273 28.471818625964061766
31592.563289989153418 28.467371685746314824
31592.613546080192464 28.462926322636995735
31592.663814407409518 28.458482569174417876
31592.714095216291753 28.454040458768986355
31592.764388757252163 28.449600025726887509
31592.814695285724156 28.445161305274382357
31592.865015062252496 28.440724333582686256
31592.915348352573346 28.436289147793484489
31592.965695427705214 28.431855786045048262
31593.016056564036262 28.427424287498933353
31593.066432043407985 28.422994692367161917
31593.116822153217072 28.418567041940136164
31593.167227186499076 28.414141378615322964
31593.217647442008456 28.409717745926645449
31593.268083224316797 28.405296188574649108
31593.318534843900125 28.400876752457229202
31593.369002617215301 28.396459484701075837
31593.41948686680189 28.392044433693801153
31593.469987921354914 28.387631649116773502
31593.520506115819444 28.383221181978640857
31593.571041791463358 28.378813084649546994
31593.621595295971929 28.374407410896072435
31593.672166983524221 28.370004215916743817
31593.722757214865851 28.365603556378392369
31593.773366357396299 28.361205490453166078
31593.823994785245304 28.356810077856234642
31593.874642879334715 28.352417379884183646
31593.925311027465796 28.348027459454101518
31593.975999624373799 28.343640381143323737
31594.026709071808 28.339256211230321014
31594.077439778589905 28.334875017736123937
31594.128192160675098 28.330496870466031822
31594.178966641215084 28.326121841051858041
31594.22976365060822 28.321750002994814821
31594.280583626536099 28.31738143170895583
31594.331427014021756 28.313016204565172984
31594.382294265458768 28.30865440093570129
31594.433185840640363 28.304296102239103305
31594.484102206795797 28.299941391985509398
31594.535043838612182 28.295590355822245243
31594.586011218245403 28.291243081580105923
31594.637004835338303 28.28689965931975081
31594.688025187020685 28.282560181378482156
31594.739072777891124 28.278224742417251036
31594.790148120016966 28.273893439467823185
31594.841251732905221 28.269566371979944819
31594.892384143473464 28.265243641868426749
31594.943545886006177 28.26092535356058022
31594.994737502107455 28.256611614043258385
31595.045959540631884 28.252302532909730814
31595.097212557622697 28.247998222406238256
31595.14849711620991 28.243698797478163698
31595.199813786530285 28.239404375815659876
31595.251163145603641 28.235115077898679914
31595.302545777216437 28.23083102704126901
31595.353962271790806 28.226552349434978595
31595.40541322622812 28.222279174191314155
31595.456899243745283 28.218011633383039083
31595.508420933692832 28.213749862084227971
31595.559978911369399 28.20949399840888816
31595.61157379780343 28.205244183548010994
31595.663206219531276 28.201000561805006583
31595.7148768083498 28.196763280629443926
31595.766586201069003 28.192532490648083865
31595.818335039235535 28.188308345693815937
31595.870123968823464 28.184091002832076356
31595.921953639935964 28.179880622384523292
31595.973824706463347 28.175677367949997887
31596.025737825730175 28.171481406422465454
31596.077693658127828 28.16729290800559582
31596.129692866728874 28.16311204622365949
31596.181736116875982 28.158938997928864012
31596.233824075741722 28.154773943304778783
31596.285957411895652 28.150617065865560562
31596.338136794820457 28.146468552450730982
31596.390362894428108 28.142328593215275134
31596.442636380554177 28.138197381614830306
31596.494957922430331 28.134075114385716176
31596.547328188134998 28.129961991519579101
31596.599747844036756 28.125858216232423104
31596.652217554212257 28.12176399492777179
31596.704737979853235 28.117679537153776437
31596.757309778655326 28.113605055554014456
31596.809933604181424 28.109540765811804164
31596.862610105239582 28.10548688658767702
31596.915339925228182 28.101443639449758649
31596.968123701466538 28.097411248797346417
31597.020962064540072 28.093389941777378027
31597.073855637609086 28.08937994819359929
31597.126805035732104 28.08538150040825343
31597.179810865171021 28.081394833236263509
31597.232873722707154 28.077420183831776512
31597.285994194950035 28.073457791567079767
31597.339172857649828 28.069507897903850591
31597.392410275017028 28.065570746256764068
31597.445706999053073 28.061646581849537085
31597.499063568877318 28.057735651563469048
31597.55248051009039 28.053838203778635574
31597.605958334130264 28.049954488207880843
31597.65949753766472 28.046084755723839521
31597.713098601998354 28.04222925817923695
31597.766761992512329 28.038388248220762478
31597.820488158118678 28.034561979096878304
31597.874277530765539 28.030750704460018596
31597.928130524964217 28.026954678163463086
31597.98204753736718 28.023174154053368312
31598.036028946367878 28.019409385756638642
31598.090075111769693 28.015660626465123784
31598.144186374483979 28.01192812871681781
31598.198363056282687 28.00821214417425864
31598.252605459612823 28.00451292340178
31598.306913867454568 28.0008307156418077
31598.361288543252158 27.997165768591710133
31598.415729730899329 27.993518328180194032
31598.470237654786615 27.989888638345885141
31598.524812519917759 27.98627694081849171
31598.579454512091615 27.982683474902263043
31598.634163798160444 27.979108477264553301
31598.688940526350052 27.975552181729923973
31598.743784826641786 27.972014819080452952
31598.798696811234549 27.968496616863252058
31598.853676575068675 27.964997799206010143
31598.908724196422554 27.961518586641574302
31598.963839737578382 27.958059195942531971
31599.019023245553399 27.954619839968675166
31599.074274752892961 27.951200727524216916
31599.129594278525474 27.947802063227399572
31599.184981828682794 27.944424047393525257
31599.240437397867936 27.941066875932509816
31599.295960969877342 27.937730740260970919
31599.351552518881363 27.934415827229717166
31599.407212010537478 27.931122319067316795
31599.462939403150813 27.927850393340019508
31599.518734648863756 27.924600222928315674
31599.574597694889235 27.921371976020598282
31599.630528484751267 27.918165816124162149
31599.686526959565526 27.914981902093686017
31599.742593059319915 27.911820388177240204
31599.798726724166045 27.908681424079350819
31599.854927895710716 27.905565155041703207
31599.911196518307406 27.902471721940962368
31599.967532540329557 27.899401261403383501
31600.023935915432958 27.896353905935853845
31600.080406603792653 27.893329784072800948
31600.136944573307119 27.890329020538967342
31600.193549800769688 27.887351736429796034
31600.250222272992687 27.884398049402957298
31600.306961987884279 27.881468073880963487
31600.363768955470732 27.87856192126777799
31600.420643198871403 27.875679700176718256
31600.477584755190037 27.872821516669457509
31600.534593676351506 27.869987474502973868
31600.591670029862144 27.867177675386400892
31600.648813899471861 27.864392219243832471
31600.706025385763496 27.861631204481913215
31600.763304606658494 27.85889472826092117
31600.820651697802532 27.856182886769108364
31600.878066812882025 27.853495775499276021
31600.93555012383149 27.850833489525388842
31600.993101820928132 27.848196123777825051
31601.05072211280276 27.845583773316466392
31601.108411226323369 27.842996533599670528
31601.16616940636959 27.840434500748052926
31601.22399691551982 27.837897771801777935
31601.281894033589197 27.835386444969962838
31601.339861057091184 27.832900619870752479
31601.397898298557266 27.830440397760909832
31601.456006085758418 27.828005881753298922
31601.514184760817443 27.825597177021343498
31601.572434679197613 27.823214390988983524
31601.63075620858217 27.820857633508921936
31601.689149727659242 27.818527017020802106
31601.74761562479398 27.816222656690985815
31601.806154296584282 27.813944670532734449
31601.864766146314651 27.811693179506296048
31601.923451582326379 27.809468307600834436
31601.982211016282236 27.807270181888711136
31602.041044861340197 27.805098932560174063
31602.099953530239873 27.802954692933209202
31602.158937433287065 27.800837599438747105
31602.217996976287395 27.798747791580446176
31602.277132558385347 27.796685411868310212
31602.336344569845096 27.794650605725905734
31602.395633389773138 27.792643521370582249
31602.454999383797258 27.790664309666635035
31602.514442901694565 27.788713123950653738
31602.573964274975879 27.78679011982946534
31602.633563814470108 27.784895454950046201
31602.693241807864979 27.78302928874229849
31602.752998517262313 27.781191782134097679
31602.812834176711476 27.779383097240572198
31602.872748989786487 27.77760339702757264
31602.932743127141293 27.775852844960557064
31602.992816724134173 27.774131604618833791
31603.052969878484873 27.772439839285251395
31603.113202648008155 27.770777711514831765
31603.17351504839462 27.769145382681951872
31603.233907051115239 27.767543012508106415
31603.294378581391356 27.765970758571157262
31603.354929516310222 27.764428775799586901
31603.415559683038737 27.762917215951873118
31603.476268857179093 27.761436227084448802
31603.537056761262647 27.759985953009316262
31603.597923063411145 27.758566532744545441
31603.658867376168928 27.757178099960057693
31603.719889255498856 27.755820782421199766
31603.780988199989224 27.754494701432985693
31603.842163650235307 27.753199971287767056
31603.903414988450095 27.751936698718981944
31603.964741538260569 27.750704982366812601
31604.026142564740439 27.749504912253680544
31604.087617274646618 27.748336569274901109
31604.149164816888515 27.747200024706739185
31604.210784283215617 27.746095339735340701
31604.272474709123344 27.745022565009836768
31604.334235074984463 27.743981740222089627
31604.396064307376946 27.742972893714959781
31604.457961280644668 27.741996042121666477
31604.519924818629079 27.741051190038696461
31604.581953696626442 27.740138329739238543
31604.644046643516049 27.739257440922308717
31604.706202344063058 27.738408490495498171
31604.768419441385049 27.737591432397145752
31604.830696539542259 27.736806207458961637
31604.893032206284261 27.736052743309727475
31604.955424975905771 27.735330954323181629
31605.017873352207971 27.734640741604536629
31605.08037581154349 27.733981993017856382
31605.142930805926881 27.73335458325448144
31605.205536766217847 27.732758373940693986
31605.268192105300841 27.732193213784501751
31605.330895221322862 27.731658938758794619
31605.393644500913069 27.731155372318372798
31605.456438322395115 27.730682325651759612
31605.519275058977655 27.730239597966903631
31605.582153081890283 27.729826976799181182
31605.645070763472177 27.729444238346282248
31605.708026480187982 27.729091147825563723
31605.7710186155673 27.728767459856765498
31605.834045563056861 27.728472918864127905
31605.897105728789029 27.728207259501157722
31605.960197534222971 27.727970207093395771
31606.02331941868033 27.727761478096766723
31606.086469841753569 27.727580780569848429
31606.149647285623359 27.72742781467385953
31606.212850257255923 27.727302273166866797
31606.276077290407557 27.72720384190566989
31606.339326947490918 27.727132200352521352
31606.402597821295785 27.727087022084546675
31606.465888536586135 27.727067975304684921
31606.529197751529864 27.72707472335132195
31606.592524158997549 27.727106925204445531
31606.655866487712046 27.727164235986968777
31606.719223503259855 27.727246307458106145
31606.782594008964224 27.727352788498112801
31606.845976846620033 27.727483325581779638
31606.909370897104964 27.727637563239490248
31606.972775080866995 27.72781514450585405
31607.036188358284562 27.72801571135483556
31607.09960972992485 27.728238905120850433
31607.163038236696593 27.728484366906144487
31607.226472959890089 27.728751737974295821
31607.289913021118991 27.729040660122336703
31607.353357582145691 27.729350776047667182
31607.416805844673945 27.729681729700676129
31607.480257050017826 27.730033166622856555
31607.543710478723369 27.730404734270386768
31607.607165450110188 27.73079608232255211
31607.670621321754879 27.731206862975415817
31607.734077459524997 27.73163673101681681
31607.797533051503706 27.732085342708550968
31607.860987584299437 27.732552359307167222
31607.924440579758084 27.733037445636455232
31607.987891594169923 27.733540270303798536
31608.051340217440156 27.734060505901407367
31608.114786072219431 27.734597829192733087
31608.178228813041642 27.735151921284824539
31608.241668125414435 27.735722467786700918
31608.3051037248988 27.736309158953659448
31608.368535356181383 27.736911689817866034
31608.431962792117702 27.737529760305893234
31608.495385832782631 27.738163075343663877
31608.558804304528167 27.738811344948985038
31608.622218059015722 27.739474284311690155
31608.685626972277532 27.740151613862721547
31608.749030943752587 27.740843059332064513
31608.81242989535167 27.741548351796193828
31608.875823770522402 27.742267227715331046
31608.939212533321552 27.742999428961027775
31609.002596167505544 27.743744702834156612
31609.065974675635516 27.744502802074006098
31609.129348078193289 27.745273484859001911
31609.19271641272644 27.746056514799324333
31609.256079733004299 27.746851660922025928
31609.319438108188479 27.74765869764859616
31609.382791622043442 27.748477404766251908
31609.446140372150694 27.749307567392715868
31609.509484469181189 27.750148975934006756
31609.572824036167731 27.751001426038030218
31609.636159207795572 27.751864718543544086
31609.699490129725746 27.752738659424608159
31609.762816957940231 27.753623059730720968
31609.826139858098031 27.754517735523382527
31609.889459004942182 27.755422507809043964
31609.952774581714039 27.756337202469207881
31610.016086779589386 27.757261650187871282
31610.079395797143661 27.758195686376602396
31610.142701839838992 27.759139151097713238
31610.20600511954035 27.760091888985741093
31610.26930585404989 27.761053749167313498
31610.332604266663111 27.762024585180174796
31610.395900585754134 27.763004254891406219
31610.459195044364606 27.763992620414853718
31610.522487879836262 27.764989548028104593
31610.585779333439859 27.765994908089179916
31610.649069650044112 27.767008574953180755
31610.712359077813744 27.76803042688936074
31610.775647867900261 27.769060345998290984
31610.838936274161824 27.770098218129191991
31610.902224552901316 27.771143932798139531
31610.965512902181217 27.77219738209754496
31611.028801512522477 27.773258461436256539
31611.092090645252028 27.774327070786469562
31611.155380563341168 27.77540311346940527
31611.218671531205473 27.776486496076937982
31611.281963814522896 27.77757712839411397
31611.345257680070063 27.778674923323290358
31611.408553395576746 27.779779796809730641
31611.471851229562162 27.780891667768855768
31611.535151451225829 27.782010458014763543
31611.598454330309323 27.783136092189803179
31611.661760136990779 27.784268497695641997
31611.7250691417903 27.785407604625657285
31611.788381615471735 27.786553345698809636
31611.851697828962642 27.787705656194976456
31611.915018053285166 27.788864473891802476
31611.978342559483281 27.790029739003006881
31612.041671618568216 27.791201394118257184
31612.105005501474807 27.792379384144876298
31612.168344479003281 27.793563656250618976
31612.231688821790158 27.794754159808082505
31612.295038800282782 27.795950846340542029
31612.358394684699306 27.797153669469302883
31612.421756745017774 27.798362584862530866
31612.485125250954297 27.799577550185414765
31612.548500471952138 27.800798525051849452
31612.611882677170797 27.802025470977568489
31612.675272135489649 27.803258351334957155
31612.73866911550067 27.804497131309208413
31612.802073885515711 27.805741777855757846
31612.865486713570135 27.80699225965864585
31612.928907867437374 27.808248547090165914
31612.992337614636199 27.809510612172360311
31613.055776222445274 27.810778428539727258
31613.119223957917711 27.812051971403189299
31613.182681087899255 27.813331217515369076
31613.246147879057389 27.814616145137346592
31613.309624597906804 27.815906734006240697
31613.373111510820308 27.817202965304076656
31613.436608884068846 27.818504821627875856
31613.500116983821499 27.819812286960900138
31613.563636076185503 27.821125346645146692
31613.627166427228076 27.822443987354471773
31613.690708302994608 27.823768197068954322
31613.754261969548679 27.82509796505066646
31613.817827692979336 27.826433281820165178
31613.881405739426555 27.827774139133964582
31613.944996375103074 27.829120529962892761
31614.008599866305303 27.83047244847154289
31614.072216479438794 27.831829889998076055
31614.135846481032786 27.833192851034919357
31614.199490137751127 27.8345613292104197
31614.263147716417734 27.835935323271250752
31614.326819484016596 27.837314833065594399
31614.390505707702687 27.838699859526911951
31614.454206654820155 27.84009040465839746
31614.517922592891409 27.841486471518205548
31614.581653789638949 27.842888064205222776
31614.645400512981723 27.844295187845528261
31614.709163031027856 27.845707848579507981
31614.772941612081922 27.847126053549626334
31614.836736524637672 27.848549810888794553
31614.900548037370754 27.849979129709435455
31614.964376419135078 27.851414020092935431
31615.028221938944625 27.852854493079473031
31615.092084865969809 27.854300560658447949
31615.155965469519288 27.855752235759133839
31615.219864019014494 27.857209532241441252
31615.283780783975089 27.858672464886623743
31615.347716033989855 27.860141049388030154
31615.411670038683951 27.861615302342034539
31615.475643067704368 27.863095241239154376
31615.539635390687181 27.864580884454539955
31615.603647277213895 27.866072251238161783
31615.667678996789618 27.867569361704774167
31615.731730818799406 27.869072236823431155
31615.795803012464603 27.870580898407300907
31615.859895846813743 27.872095369103263351
31615.924009590617061 27.873615672381323094
31615.988144512342842 27.875141832523798513
31616.052300880113762 27.876673874614112947
31616.116478961645043 27.87821182452575286
31616.180679024197161 27.879755708910938239
31616.244901334513997 27.881305555188877321
31616.309146158757358 27.882861391533108275
31616.373413762459677 27.884423246859331158
31616.437704410447623 27.885991150813033812
31616.502018366783886 27.887565133756815783
31616.566355894690787 27.88914522675759855
31616.630717256481148 27.890731461573242456
31616.695102713481901 27.892323870638918493
31616.759512525961327 27.893922487052901005
31616.823946953049017 27.895527344561998007
31616.888406252655841 27.897138477546548074
31616.952890681401186 27.89875592100491275
31617.017400494525646 27.900379710537535516
31617.081935945814621 27.902009882330538915
31617.146497287507373 27.903646473138977058
31617.211084770231537 27.905289520269583647
31617.275698642919451 27.906939061562823667
31617.34033915270993 27.908595135374557827
31617.405006544879143 27.910257780557266472
31617.469701062749664 27.911927036440371097
31617.534422947610437 27.913602942809951912
31617.599172438636742 27.915285539887864985
31617.663949772817432 27.916974868310997948
31617.728755184882175 27.918670969109417257
31617.79358890722142 27.920373883684032279
31617.858451169813634 27.922083653783253965
31617.923342200141633 27.923800321480140241
31617.988262223130732 27.925523929148877045
31618.053211461072351 27.927254519441358838
31618.118190133547614 27.928992135263211338
31618.183198457365506 27.93073681974919964
31618.248236646490113 27.932488616237943546
31618.3133049119715 27.934247568245339721
31618.378403461909329 27.936013719438342662
31618.443532501380105 27.937787113608319345
31618.508692232389876 27.939567794644176502
31618.573882853830582 27.941355806505150383
31618.639104561429122 27.943151193193312309
31618.704357547707332 27.94495399872581487
31618.769642001949251 27.946764267106932067
31618.834958110164735 27.948582042300035511
31618.900306055067631 27.950407368199261526
31618.965686016050313 27.952240288601203133
31619.031098169169127 27.954080847176381752
31619.096542687140754 27.955929087440502201
31619.162019739331299 27.957785052726048747
31619.227529491759924 27.95964878615402327
31619.293072107102489 27.961520330605711848
31619.358647744702466 27.963399728694533053
31619.424256560585491 27.965287022738266387
31619.489898707488464 27.967182254731646651
31619.555574334877747 27.96908546631923187
31619.621283588989172 27.970996698768640698
31619.687026612864429 27.972915992944209052
31619.752803546398354 27.974843389281410566
31619.818614526393503 27.97677892776152575
31619.884459686600167 27.978722647886939967
31619.950339157796407 27.980674588657109325
31620.016253067849902 27.982634788545169613
31620.082201541779796 27.984603285475337486
31620.148184701854916 27.986580116801356155
31620.214202667666541 27.988565319285601873
31620.280255556222983 27.990558929079114137
31620.346343482029624 27.992560981702460765
31620.412466557198059 27.994571512027729199
31620.478624891529762 27.996590554261320705
31620.544818592639785 27.998618141927067882
31620.611047766051342 28.000654307851554847
31620.677312515315862 28.002699084149913489
31620.743612942118489 28.004752502213385412
31620.809949146390863 28.006814592698088262
31620.876321226427535 28.008885385516030908
31620.942729278995103 28.010964909826391533
31621.00917339944499 28.013053194027907722
31621.075653681833501 28.015150265752705394
31621.142170219027321 28.017256151861204216
31621.208723102823569 28.019370878438632388
31621.275312424051663 28.02149447079280975
31621.341938272682455 28.023626953453181443
31621.408600737944653 28.02576835017118384
31621.475299908412126 28.027918683921921428
31621.542035872113047 28.030077976907119108
31621.608808716617204 28.03224625055924335
31621.675618529123312 28.034423525546905864
31621.742465396553598 28.036609821781492968
31621.809349405622925 28.038805158424825237
31621.876270642915188 28.041009553897225715
31621.943229194963351 28.043223025887161981
31622.010225148311292 28.045445591362540227
31622.077258589561097 28.047677266582891065
31622.144329605413077 28.049918067112518116
31622.211438282705785 28.052168007834573871
31622.278584708437847 28.054427102966013052
31622.345768969782512 28.056695366073576281
31622.412991154087649 28.058972810090292427
31622.48025134888303 28.061259447332631112
31622.547549641854857 28.063555289518301805
31622.614886120820302 28.06586034778318961
31622.682260873698397 28.068174632700081617
31622.74967398845547 28.070498154297762738
31622.817125553054211 28.072830922079990756
31622.884615655377274 28.075172945045249406
31622.952144383154518 28.077524231706597391
31623.019711823864782 28.079884790111602655
31623.087318064634019 28.082254627862269558
31623.154963192115247 28.08463375213491986
31623.222647292364854 28.087022169699721985
31623.290370450700721 28.089419886939783311
31623.358132751567609 28.091826909870416529
31623.425934278358909 28.09424324415795482
31623.493775113260199 28.096668895138094513
31623.561655337052798 28.09910386783371905
31623.629575028935506 28.101548166972612819
31623.697534266313596 28.104001797004485752
31623.765533124602371 28.106464762114807598
31623.833571676994325 28.10893706624000643
31623.90164999424087 28.111418713081782528
31623.969768144401314 28.113909706120271181
31624.037926192606392 28.116410048629710161
31624.106124200803606 28.118919743690938162
31624.174362227495294 28.121438794202692435
31624.242640327473055 28.123967202891922312
31624.3109585515449 28.126504972322681652
31624.379316946247855 28.129052104903962572
31624.447715553578746 28.131608602896577054
31624.516154410688614 28.134174468419082871
31624.584633549617138 28.136749703452569094
31624.653152996983408 28.13933430984402051
31624.721712773698528 28.141928289308385303
31624.790312894656381 28.144531643432962653
31624.858953368438961 28.147144373677427609
31624.927634197007137 28.149766481372640925
31624.996355375413259 28.152397967717899263
31625.065116891513753 28.1550388337774109
31625.133918725667172 28.157689080475623911
31625.202760850454069 28.160348708591346423
31625.271643230393238 28.163017718750683827
31625.340565821665223 28.165696111418544234
31625.409528571846749 28.168383886889170498
31625.478531419659703 28.171081045275972343
31625.547574294705555 28.173787586500168345
31625.616657117221621 28.176503510278404718
31625.685779797848227 28.179228816109404221
31625.754942237392243 28.181963503259652271
31625.824144326616079 28.184707570748194883
31625.893385946041235 28.187461017330523561
31625.962666965748213 28.190223841481696354
31626.03198724520189 28.192996041378709293
31626.101346633098728 28.195777614882107542
31626.170744967217615 28.198568559517042331
31626.24018207428162 28.201368872453656422
31626.309657769859768 28.204178550486926014
31626.379171858268819 28.20699759001593776
31626.448724132493226 28.209825987022718152
31626.518314374137844 28.212663737050700519
31626.587942353387916 28.215510835182438854
31626.657607829009066 28.218367276017907841
31626.727310548343667 28.22123305365247603
31626.797050247347215 28.224108161654786642
31626.866826650624716 28.226992593044236912
31626.936639471514354 28.22988634026837218
31627.006488412174804 28.232789395181104197
31627.076373163708922 28.235701749021121287
31627.146293406283803 28.238623392390753253
31627.216248809305398 28.241554315234981942
31627.286239031585865 28.244494506821098412
31627.356263721547293 28.247443955718111397
31627.426322517458175 28.250402649776919617
31627.496415047666233 28.253370576111418444
31627.566540930874908 28.256347721079972501
31627.636699776441674 28.259334070268256056
31627.706891184676351 28.262329608472647635
31627.777114747179439 28.265334319685017306
31627.847370047202276 28.268348187077947387
31627.917656660010834 28.271371192991736621
31627.987974153289542 28.274403318922193051
31628.058322087559645 28.277444545509386131
31628.128700016608491 28.280494852527294114
31628.199107487936999 28.283554218874666475
31628.269544043225324 28.286622622567083596
31628.340009218816704 28.28970004072963107
31628.410502546215866 28.292786449591499576
31628.481023552583792 28.295881824482083999
31628.551571761276136 28.298986139828418374
31628.62214669235982 28.302099369154131381
31628.692747863169643 28.305221485079893995
31628.763374788850342 28.308352459325533346
31628.834026982927753 28.311492262713795043
31628.90470395786906 28.314640865175267237
31628.975405225664872 28.317798235754750635
31629.046130298400385 28.32096434261908513
31629.116878688844736 28.324139153066482777
31629.187649911033077 28.327322633537406205
31629.258443480855931 28.330514749627067062
31629.329258916637627 28.333715466099128832
31629.400095739732933 28.336924746900898242
31629.470953475101851 28.340142555179916428
31629.541831651898974 28.343368853301949883
31629.61272980404101 28.346603602870207084
31629.683647470785218 28.34984676474619647
31629.754584197286022 28.353098299072478028
31629.825539535158896 28.356358165295716844
31629.896513043022424 28.359626322190756298
31629.967504287058546 28.362902727885050069
31630.038512841547345 28.366187339885588159
31630.10953828939455 28.369480115106160412
31630.180580222629942 28.372781009896264948
31630.25163824291667 28.376089980070915431
31630.322711962027824 28.37940698094139691
31630.393801002304826 28.382731967346906288
31630.464904997123085 28.386064893687073862
31630.53602359132492 28.3894057139552487
31630.607156441637926 28.392754381772505212
31630.678303217093344 28.39611085042202987
31630.749463599426235 28.399475072883131332
31630.820637283457472 28.402847001866572185
31630.891823977472086 28.406226589851300446
31630.963023403553962 28.409613789121447525
31631.034235297916894 28.413008551803532242
31631.105459411210177 28.416410829903231416
31631.17669550881692 28.419820575343681668
31631.247943371137808 28.423237740004662299
31631.319202793849399 28.426662275762296872
31631.390473588133318 28.430094134527713834
31631.46175558091636 28.433533268285870577
31631.533048615066946 28.43697962913437749
31631.604352549584291 28.440433169322346885
31631.675667259776674 28.443893841289280999
31631.746992637425137 28.447361597703864078
31631.818328590925375 28.450836391502566158
31631.889675045407785 28.454318175928257517
31631.961031942872069 28.457806904568535344
31632.032399242296378 28.461302531394263582
31632.103776919720985 28.464805010797864071
31632.175164968339232 28.468314297631053478
31632.246563398541184 28.47183034724237416
31632.317972237968206 28.47535311551447279
31632.38939153156025 28.478882558901048583
31632.460821341570409 28.482418634463368079
31632.532261747590383 28.485961299906243482
31632.603712846575945 28.489510513614163756
31632.675174752857856 28.493066234685638705
31632.746647598152776 28.496628422968402816
31632.818131531545077 28.500197039094796736
31632.889626719461376 28.503772044516406226
31632.961133345641429 28.507353401537997684
31633.032651611087203 28.510941073350892339
31633.104181734011945 28.51453502406590701
31633.175723949789244 28.518135218745808146
31633.247278510883916 28.521741623437328883
31633.318845686786517 28.525354205202766877
31633.390425763933308 28.52897293215108121
31633.462019045640773 28.532597773468545199
31633.533625852014666 28.536228699448969337
31633.605246519866341 28.539865681523476582
31633.67688140262544 28.543508692290217255
31633.748530870256218 28.54715770554339116
31633.820195309155679 28.550812696301616
31633.891875122055353 28.554473640835905002
31633.963570727933984 28.558140516697203992
31634.035282561904751 28.561813302743487952
31634.107011075120681 28.565491979166452552
31634.178756734665512 28.569176527517718966
31634.250520023448189 28.572866930734697632
31634.322301440108276 28.576563173166054099
31634.394101498892269 28.580265240596766319
31634.465920729559002 28.583973120272773372
31634.537759677263239 28.587686800925233399
31634.609618902446527 28.591406272794444021
31634.681498980735341 28.595131527653503412
31634.753400502831937 28.598862558831903868
31634.825324074412492 28.60259936123848945
31634.897270316003414 28.606341931383838073
31634.969239862886752 28.610090267402245701
31635.041233364965592 28.613844369073380136
31635.113251486662193 28.617604237843796255
31635.185294906797935 28.621369876848000047
31635.257364318476903 28.625141290928979743
31635.329460428965831 28.628918486658154308
31635.401583959577692 28.632701472354675332
31635.47373564553709 28.636490258104785767
31635.545916235871118 28.640284855780716811
31635.618126493263844 28.644085279059158466
31635.690367193939892 28.647891543439303774
31635.762639127518923 28.651703666260445402
31635.834943096877396 28.655521666719117491
31635.90727991800668 28.659345565885729457
31635.979650419871177 28.663175386720723736
31636.052055444248253 28.667011154090147329
31636.124495845571801 28.670852894780665565
31636.19697249076853 28.67470063751392928
31636.269486259097903 28.678554412960370001
31636.342038041966589 28.682414253751705502
31636.414628742764762 28.686280194493544826
31636.487259276676923 28.69015227177794003
31636.559930570481811 28.694030524194285903
31636.632643562345038 28.697914992339239149
31636.705399201600812 28.70180571882470133
31636.77819844853002 28.705702748285677472
31636.851042274120118 28.709606127387495178
31636.923931659821392 28.713515904831844239
31636.996867597266828 28.717432131361221082
31637.069851087999268 28.721354859762474376
31637.142883143187646 28.725284144869174696
31637.215964783306845 28.729220043562659015
31637.289097037835745 28.733162614771650567
31637.36228094490798 28.737111919470386567
31637.435517550969962 28.741068020674987338
31637.508807910420728 28.74503098343809171
31637.582153085237223 28.749000874841915021
31637.655554144574126 28.752977763988631921
31637.729012164345477 28.756961721989920733
31637.802528226788127 28.760952821954216319
31637.876103419988794 28.764951138971799338
31637.949738837403856 28.768956750097601116
31638.023435577350028 28.772969734329318925
31638.097194742455031 28.776990172584845595
31638.171017439119169 28.78101814767755684
31638.244904776936892 28.785053744288930488
31638.318857868089253 28.789097048936746148
31638.392877826732729 28.793148149941870884
31638.466965768340742 28.797207137392238252
31638.541122809048829 28.801274103103690294
31638.615350064945233 28.805349140577629186
31638.689648651350581 28.809432344955272498
31638.764019682086655 28.813523812968242055
31638.838464268694224 28.817623642886218249
31638.912983519650879 28.821731934460842695
31638.987578539556125 28.825848788866082373
31639.062250428276457 28.829974308634554347
31639.137000280075881 28.834108597589931833
31639.211829182720976 28.838251760774941346
31639.286738216553204 28.84240390437157231
31639.361728453524847 28.846565135620743092
31639.436800956242223 28.850735562738513806
31639.511956776968873 28.854915294828021644
31639.587196956614207 28.85910444178709966
31639.662522523685766 28.863303114211660727
31639.737934493241482 28.867511423294917705
31639.813433865809202 28.87172948072242562
31639.889021626298927 28.875957398563045331
31639.964698742900509 28.880195289158095306
31640.040466165970429 28.88444326500490078
31640.116324826896744 28.888701438635898455
31640.192275636945851 28.892969922493829671
31640.268319486112887 28.897248828803220988
31640.344457241939381 28.901538269438258766
31640.420689748356381 28.905838355787544458
31640.497017824491195 28.910149198615037847
31640.573442263495963 28.914470907918030207
31640.649963831372588 28.918803592782257539
31640.726583265794034 28.923147361234327946
31640.803301274940168 28.927502320091750931
31640.880118536340888 28.931868574810827965
31640.95703569572288 28.936246229332738267
31641.034053365878208 28.940635385928089818
31641.111172125551093 28.945036145040294429
31641.188392518331966 28.949448605128047518
31641.265715051587904 28.953872862506695895
31641.343140195400338 28.958309011190120685
31641.420668381550058 28.962757142733071447
31641.498300002516771 28.967217346074274786
31641.576035410540499 28.971689707386161672
31641.653874916708446 28.976174309922711814
31641.731818790070975 28.980671233868363856
31641.809867256801226 28.985180556189263257
31641.88802049939477 28.989702350487434046
31641.966278655912902 28.994236686858322116
31642.044641819280514 28.998783631752232282
31642.123110036620346 29.003343247840071228
31642.201683308663632 29.007915593883872418
31642.280361589189852 29.012500724612547032
31642.359144784535602 29.01709869060327307
31642.438032753158041 29.021709538168668274
31642.517025305267452 29.026333309250791359
31642.596122202507104 29.03097004132252934
31642.675323157691309 29.03561976729613292
31642.754627834623534 29.040282515438921251
31642.8340358479727 29.04495830929671385
31642.913546763200429 29.049647167626286404
31642.993160096579231 29.054349104337035214
31643.072875315257988 29.05906412844148079
31643.152691837407474 29.063792244013352928
31643.23260903240589 29.068533450154120601
31643.312626221089886 29.073287740968691395
31643.39274267610017 29.07805510555812134
31643.472957622274407 29.082835528015131388
31643.553270237116521 29.08762898742885028
31643.633679651313287 29.092435457898375262
31643.714184949298215 29.097254908555459707
31643.794785169891838 29.10208730359645557
31643.875479307003843 29.106932602323336567
31643.956266310382489 29.111790759193649336
31644.03714508642588 29.116661723879246892
31644.118114499062358 29.121545441333498871
31644.199173370667268 29.12644185186695367
31644.28032048305613 29.131350891231431177
31644.361554578546929 29.13627249071310743
31644.442874361051508 29.141206577232303232
31644.524278497225168 29.146153073447859327
31644.605765617645375 29.151111897869398604
31644.687334318045032 29.156082964976285155
31644.768983160611242 29.161066185342221502
31644.850710675305891 29.166061465765643845
31644.932515361248079 29.171068709403993324
31645.01439568814385 29.176087815913156476
31645.096350097755931 29.181118681589506281
31645.178377005417133 29.186161199515883169
31645.260474801576493 29.191215259711043473
31645.342641853356326 29.196280749282895073
31645.424876506156579 29.201357552583385058
31645.507177085277362 29.206445551368148017
31645.589541897570598 29.211544624954612459
31645.671969233131676 29.216654650380586844
31645.754457367012947 29.22177550256232692
31645.837004560944479 29.226907054453494794
31645.919609065098484 29.23204917720552487
31646.00226911982827 29.237201740325819088
31646.084982957458124 29.242364611833920662
31646.167748804055009 29.247537658416252526
31646.250564881233004 29.25272074557924995
31646.333429407932272 29.257913737799572829
31646.416340602234413 29.263116498671802646
31646.499296683145076 29.268328891052988183
31646.582295872391114 29.273550777204167872
31646.665336396195926 29.278782018927433484
31646.748416487054783 29.284022477699561904
31646.831534385484701 29.289272014803216848
31646.914688341756118 29.294530491453407706
31646.997876617599104 29.299797768919592755
31647.081097487895022 29.305073708643064379
31647.164349242320895 29.310358172350348127
31647.247630186957394 29.315651022157755534
31647.330938645860442 29.320952120674562025
31647.414272962592804 29.326261331102024599
31647.497631501715659 29.331578517327521638
31647.581012650236516 29.336903544013782863
31647.664414818980731 29.342236276683198781
31647.747836443941196 29.347576581797063966
31647.831275987537083 29.352924326829864299
31647.914731939825288 29.358279380338505149
31647.99820281965367 29.3636416120254502
31648.08168717573426 29.36901089279845678
31648.16518358765461 29.37438709482475474
31648.248690666823677 29.379770091580517999
31648.332207057330379 29.385159757896719412
31648.415731436743954 29.390555970000146857
31648.499262516837916 29.395958605549587617
31648.58279904423398 29.401367543669092441
31648.666339800965943 29.4067826649769124
31648.749883604967181 29.412203851610076555
31648.833429310470819 29.417630987245527052
31648.916975808351708 29.423063957117410183
31649.000521554607985 29.428502617302182642
31649.084065478953562 29.43394685379784903
31649.167606602139131 29.439396557697218526
31649.251143982186477 29.444851621695352861
31649.33467671429753 29.45031194008956632
31649.41820393073067 29.455777408776093296
31649.501724800597003 29.461247925246166091
31649.585238529591152 29.466723388578888176
31649.668744359649281 29.472203699432057533
31649.752241568563477 29.477688760030495985
31649.835729469526996 29.483178474154087212
31649.919207410646777 29.488672747124073936
31650.002674774375919 29.494171485787909148
31650.086130976949789 29.499674598502323875
31650.169575467738468 29.505181995117094829
31650.253007728566445 29.510693586957053469
31650.336427273006848 29.516209286803356093
31650.419833645635663 29.521729008874213918
31650.503226421267755 29.52725266880576882
31650.586605204145599 29.532780183632524995
31650.669969627120736 29.538311471767020322
31650.753319350817037 29.54384645298005907
31650.836654062783055 29.549385048380703012
31650.919973476640735 29.554927180395864639
31651.003277331201389 29.560472772749992743
31651.086565389570751 29.566021750445479199
31651.169837438243121 29.571574039742948514
31651.253093286199146 29.577129568141909743
31651.336332763999962 29.582688264363934394
31651.419555722892255 29.58825005833400823
31651.502762033895124 29.593814881162181507
31651.585951586930605 29.599382665125695269
31651.66912428993237 29.604953343652020692
31651.752280067976244 29.610526851302548579
31651.835418862421648 29.616103123757056892
31651.918540630067582 29.621682097798782252
31652.001645342330448 29.627263711300081184
31652.084732984421862 29.632847903208755724
31652.16780355456649 29.638434613535046935
31652.250857063216245 29.644023783339825684
31652.333893532308139 29.64961535472308185
31652.416912994522136 29.65520927081294289
31652.499915492575383 29.660805475755331884
31652.582901078545547 29.666403914704222444
31652.665869813194149 29.672004533812319949
31652.748821765340836 29.677607280222535024
31652.831757011252193 29.683212102060597459
31652.914675634059677 29.688818948426927591
31652.997577723213908 29.694427769389434957
31653.080463373946259 29.700038515977173148
31653.163332686759531 29.705651140174325064
31653.246185766947747 29.711265594914848975
31653.329022724159586 29.716881834077408797
31653.411843671954557 29.722499812480542403
31653.494648727410095 29.728119485878249151
31653.577438010743208 29.733740810955357148
31653.660211644961237 29.739363745323377231
31653.742969755530794 29.744988247516648272
31653.8257124700649 29.750614276988830653
31653.908439918042859 29.756241794109069332
31653.991152230577427 29.761870760158835481
31654.073849540156516 29.767501137328611804
31654.156531980439468 29.773132888714584965
31654.239199686035136 29.778765978315405505
31654.321852792334539 29.78440037102908633
31654.404491435350792 29.790036032649844344
31654.487115751573583 29.795672929864597478
31654.569725877838209 29.801311030249344469
31654.652321951216436 29.806950302265629915
31654.734904108918272 29.812590715256618523
31654.817472488215572 29.818232239442910014
31654.900027226398379 29.823874845917682563
31654.982568460727634 29.829518506642077824
31655.065096328395157 29.835163194440465162
31655.147610966483626 29.840808882995542461
31655.230112511955667 29.846455546843106532
31655.31260110164294 29.85210316136651798
31655.395076872253412 29.85775170279088897
31655.477539960378635 29.863401148176997424
31655.559990502504661 29.869051475414924113
31655.642428635041142 29.874702663217068022
31655.724854494375904 29.880354691110564858
31655.807268216896773 29.886007539429851221
31655.889669939038868 29.891661189309306934
31655.972059797317343 29.897315622675307623
31656.054437928385596 29.902970822237985971
31656.136804469064373 29.908626771482651918
31656.219159556407249 29.9142834546605485
31656.301503327740647 29.919940856781291671
31656.383835920736601 29.925598963601853342
31656.466157473474595 29.931257761615853497
31656.548468124499777 29.936917238043477596
31656.630768012870249 29.942577380821106203
31656.713057278207998 29.948238178590809611
31656.795336060753471 29.953899620689458771
31656.877604501405585 29.959561697137853997
31656.959862741765392 29.965224398629384694
31657.042110924187 29.970887716518483046
31657.124349191817601 29.976551642808939135
31657.206577688622929 29.982216170142002909
31657.288796559441835 29.987881291784436399
31657.37100595001175 29.993547001616164493
31657.453206007008703 29.999213294117989648
31657.535396878076426 30.004880164359207129
31657.617578711848182 30.010547607985149199
31657.699751657957677 30.016215621204604957
31657.781915867049975 30.021884200777218865
31657.864071490806964 30.027553344000867952
31657.946218681947357 30.033223048699010604
31658.028357594233967 30.038893313208042457
31658.110488382466428 30.04456413636465939
31658.192611202481203 30.05023551749280486
31658.274726211151574 30.055907456390464461
31658.356833566373098 30.061579953317238534
31658.438933427045413 30.067253008982032014
31658.521025953039498 30.072926624530822437
31658.603111305179482 30.078600801534555842
31658.685189645209903 30.084275541977262947
31658.767261135759327 30.089950848244253478
31658.84932594030397 30.095626723110441958
31658.931384223134955 30.101303169729334286
31659.013436149318295 30.106980191621982357
31659.095481884654873 30.112657792665878276
31659.177521595633152 30.118335977083898314
31659.259555449392792 30.124014749433509763
31659.341583613666444 30.129694114596322407
31659.423606256728817 30.135374077767867362
31659.505623547342111 30.141054644447621058
31659.587635654697806 30.146735820429217512
31659.669642748373008 30.152417611790916396
31659.751644998275879 30.158100024886589807
31659.833642574572877 30.163783066336801397
31659.915635647645104 30.169466743020162625
31659.9976243880119 30.175151062064944796
31660.07960896627992 30.180836030841000195
31660.161589553081285 30.186521656951807557
31660.243566319008096 30.192207948226858605
31660.325539434568782 30.197894912714041027
31660.407509070126252 30.203582558672458447
31660.489475395836052 30.209270894565818821
31660.571438581591792 30.21495992905611061
31660.653398796970578 30.220649670997605796
31660.735356211178441 30.226340129431225279
31660.817310993010324 30.232031313579263099
31660.89926331078459 30.237723232840263421
31660.981213332306652 30.243415896784231478
31661.063161224810756 30.24910931514814294
31661.14510715491997 30.254803497831701975
31661.227051288606162 30.260498454893550502
31661.308993791149987 30.266194196547601791
31661.390934827104502 30.271890733159519726
31661.472874560266064 30.277588075244306509
31661.554813153681607 30.283286233463588388
31661.636750769619539 30.288985218623402318
31661.71868756954791 30.294685041671911563
31661.800623714116227 30.300385713697124856
31661.882559363133623 30.306087245924810958
31661.964494675550668 30.31178964971693901
31662.046429809444817 30.31749293657036759
31662.12836492202041 30.323197118115718496
31662.210300106748036 30.32890220173902307
31662.292235504202836 30.334608198296564296
31662.374171269446379 30.340315119844870395
31662.456107556696224 30.346022978572928963
31662.538044519333198 30.351731786802158553
31662.619982309919578 30.357441556985577336
31662.701921080224565 30.363152301707909686
31662.783860981249745 30.36886403368664844
31662.865802163247281 30.374576765772477671
31662.947744775752653 30.380290510949372162
31663.029688967621041 30.386005282335965205
31663.111634887038235 30.391721093186660596
31663.19358268157157 30.397437956892858324
31663.275532498195389 30.403155886984343681
31663.35748448332015 30.408874897130974801
31663.439438782854268 30.414595001144629549
31663.521395542233222 30.42031621298104227
31663.603354906466848 30.426038546741644097
31663.685317020186631 30.431762016675595106
31663.767282027703914 30.437486637181802251
31663.849250073046278 30.443212422811008366
31663.931221300026664 30.448939388267962869
31664.013195852287026 30.454667548413656419
31664.095173873371095 30.460396918267612421
31664.177155506768031 30.466127513010256678
31664.259140895992459 30.471859347985084554
31664.341130184668145 30.477592438700298771
31664.423123516618944 30.483326800832180936
31664.505121035930642 30.489062450227862655
31664.587122887023725 30.494799402907869279
31664.669129214718851 30.500537675068688515
31664.75114016430598 30.506277283085388774
31664.833155881609855 30.512018243514209104
31664.915176513070037 30.517760573095170429
31664.997202205810026 30.523504288754796931
31665.079233107702748 30.529249407608677558
31665.161269367446948 30.534995946963963576
31665.243311134643591 30.54074392432183771
31665.325358559868619 30.54649335737818916
31665.407411794771178 30.552244264025418374
31665.489470992160932 30.557996662355591866
31665.571536306069902 30.563750570662801209
31665.653607891828869 30.569506007445667706
31665.73568590614741 30.575262991409612567
31665.817770507172099 30.581021541469027625
31665.899861854559276 30.586781676749250636
31665.981960109544161 30.592543416588583227
31666.064065435013617 30.598306780539964222
31666.146177995567996 30.604071788372888108
31666.228297957582981 30.609838460075295075
31666.31042548928599 30.615606815855400669
31666.392560760810738 30.621376876143472145
31666.47470394425909 30.627148661593629697
31666.556855213766539 30.632922193085502016
31666.639014745556779 30.63869749172590673
31666.721182718007185 30.644474578850534385
31666.803359311703389 30.650253476025500987
31666.885544709490205 30.656034205048953822
31666.967739096540754 30.661816787952986374
31667.049942660396482 30.667601247004832032
31667.132155591029004 30.673387604708075571
31667.214378080898314 30.679175883802507485
31667.296610325000074 30.684966107265132962
31667.378852520920191 30.690758298311063612
31667.461104868882103 30.696552480394608153
31667.543367571783165 30.702348677210363093
31667.625640835241938 30.708146912694267883
31667.707924867634574 30.713947211024652972
31667.790219880127552 30.719749596623223908
31667.872526086721336 30.725554094156041884
31667.954843704283121 30.73136072853446521
31668.037172952572291 30.73716952491610499
31668.119514054280444 30.74298050870575949
31668.201867235053214 30.748793705556437317
31668.284232723523019 30.75460914137027757
31668.366610751330882 30.760426842299498418
31668.449001553162816 30.7662468347473812
31668.531405366757099 30.772069145369247423
31668.613822432937013 30.777893801073453517
31668.696252995647228 30.78372082902182072
31668.778697301979264 30.789550256631184055
31668.861155602204235 30.795382111574923556
31668.943628149787401 30.801216421784133104
31669.026115201402718 30.807053215448750194
31669.108617016943754 30.812892521018749648
31669.191133859549154 30.818734367205657065
31669.273665995617193 30.824578782984389136
31669.356213694827602 30.830425797595051307
31669.43877723013793 30.836275440544302029
31669.521356877801736 30.842127741606741864
31669.603952917379502 30.84798273082634168
31669.686565631742269 30.85384043851729885
31669.769195307093469 30.859700895265735454
31669.851842232979834 30.865564131931563452
31669.934506702295039 30.871430179650509729
31670.017189011294249 30.877299069836382728
31670.0998894596014 30.8831708341829696
31670.182608350205555 30.889045504665826769
31670.265345989460911 30.894923113544102478
31670.348102687086794 30.900803693362629332
31670.43087875616402 30.906687276953810795
31670.513674513134902 30.912573897439564519
31670.596490277795965 30.918463588233283446
31670.67932637328704 30.924356383041807561
31670.762183126109448 30.930252315866919588
31670.845060866107815 30.936151421006954365
31670.927959926491894 30.94205373305887008
31671.010880643832934 30.9479592869201241
31671.093823358060035 30.95386811779115277
31671.176788412449241 30.959780261177389349
31671.259776153608982 30.965695752891296166
31671.342786931469163 30.971614629054410983
31671.42582109927389 30.977536926099329406
31671.508879013555998 30.983462680771651776
31671.591961034133419 30.98939193013187321
31671.675067524080077 30.995324711557252328
31671.758198849722248 31.001261062743612484
31671.841355380609457 31.007201021707050614
31671.924537489496288 31.013144626785596358
31672.007745552324195 31.019091916641006179
31672.090979948196036 31.025042930259939311
31672.17424105936152 31.030997706954110527
31672.257529271213571 31.036956286362066493
31672.340844972255582 31.042918708450425669
31672.42418855408323 31.048885013514848197
31672.507560411362647 31.054855242180803288
31672.590960941794037 31.060829435403583432
31672.674390546093491 31.066807634468673882
31672.757849627963878 31.072789880992068845
31672.841338594065746 31.078776216920608988
31672.924857854010043 31.08476668453261027
31673.008407820343564 31.090761326438347112
31673.091988908512576 31.096760185579718438
31673.175601536830072 31.102763305229633062
31673.259246126450307 31.108770728991299137
31673.342923101336055 31.114782500797151243
31673.426632888225868 31.120798664907660225
31673.510375916604971 31.126819265909777101
31673.594152618672524 31.132844348715213556
31673.677963429316151 31.138873958558431099
31673.761808786068286 31.144908140994107981
31673.845689129080711 31.150946941893558062
31673.929604901099083 31.15699040744126691
31674.013556547448388 31.163038584134817199
31674.097544516003836 31.169091518782188643
31674.181569257169031 31.175149258497878435
31674.265631223843229 31.181211850698662857
31674.349730871384963 31.187279343098520457
31674.433868657604762 31.19335178370286954
31674.518045042736048 31.199429220803583718
31674.602260489406035 31.205511702973364407
31674.686515462613897 31.211599279059811352
31674.770810429716221 31.217691998178846546
31674.855145860394259 31.223789909707850398
31674.939522226650297 31.229893063278669985
31675.023940002785821 31.236001508770161905
31675.108399665376055 31.242115296300411842
31675.192901693280874 31.248234476218925693
31675.277446567622974 31.25435909909849741
31675.362034771791514 31.260489215726167345
31675.446666791442112 31.266624877093160961
31675.531343114496849 31.272766134385509673
31675.616064231147902 31.278913038974106797
31675.700830633864825 31.285065642404642716
31675.785642817398184 31.291223996387348194
31675.870501278801385 31.297388152786254523
31675.955406517434312 31.303558163607654308
31676.040359034988796 31.309734080988317118
31676.125359335506801 31.315915957182884455
31676.210407925431355 31.322103844551207885
31676.295505313639296 31.328297795546053095
31676.380652011470374 31.334497862700050774
31676.46584853278182 31.340704098612324202
31676.551095393984724 31.346916555934885906
31676.636393114094972 31.353135287358718131
31676.721742214798724 31.359360345599636588
31676.807143220517901 31.365591783383990787
31676.892596658497496 31.371829653433767504
31676.978103058903798 31.378074008450717258
31677.063662954926258 31.384324901101773975
31677.149276882846607 31.390582384003856475
31677.234945382151636 31.396846509708407069
31677.320668995613232 31.403117330685752506
31677.406448269408429 31.409394899309123872
31677.492283753221272 31.415679267838804378
31677.578176000377425 31.421970488406042676
31677.664125567956944 31.428268612996678399
31677.750133016925247 31.434573693434888497
31677.836198912289547 31.440885781366841201
31677.922323823226179 31.447204928244268274
31678.00850832325159 31.453531185307994633
31678.094752990367851 31.45986460357147152
31678.181058407248202 31.466205233804267039
31678.26742516140439 31.472553126515542488
31678.353853845372214 31.478908331937553555
31678.440345056907972 31.48527090000917994
31678.526899399184913 31.491640880359501153
31678.613517481000599 31.498018322291443383
31678.700199916998827 31.504403274765472531
31678.786947327887901 31.510795786383397399
31678.873760340684385 31.51719590537222615
31678.960639588942286 31.523603679568186209
31679.047585713014996 31.530019156400893365
31679.134599360299035 31.536442382877371671
31679.221681185517809 31.542873405566673739
31679.30883185098719 31.549312270583779849
31679.39605202689927 31.555759023574264432
31679.483342391617043 31.562213709699175723
31679.570703631990909 31.568676373618860254
31679.658136443686089 31.575147059478567257
31679.745641531506408 31.581625810894465189
31679.833219609725347 31.588112670939601401
31679.920871402449848 31.59460768212982984
31680.008597643980465 31.601110886411351686
31680.096399079175171 31.607622325147751496
31680.184276463816786 31.614142039107107962
31680.272230564998608 31.620670068449523882
31680.36026216152095 31.627206452715149965
31680.448372044298594 31.633751230812759303
31680.536561016782798 31.640304441008272107
31680.624829895386938 31.646866120913589526
31680.713179509912152 31.653436307475992351
31680.801610704002087 31.660015036967617874
31680.890124335604924 31.666602344975039784
31680.97872127743176 31.673198266389146482
31681.067402417455014 31.679802835395570071
31681.156168659410469 31.686416085466220238
31681.245020923313859 31.693038049350271024
31681.333960145992023 31.699668759065275481
31681.422987281610403 31.706308245888862984
31681.512103302247851 31.712956540349960477
31681.601309198464151 31.719613672221132816
31681.690605979874817 31.726279670510905362
31681.779994675758644 31.732954563456331698
31681.86947633566524 31.739638378516179529
31681.959052030055318 31.746331142364017097
31682.048722850937338 31.753032880881654876
31682.138489912547811 31.759743619152857264
31682.228354352042516 31.766463381457363369
31682.318317330202262 31.77319219126726324
31682.408380032171408 31.779930071241981437
31682.498543668221828 31.786677043223086514
31682.588809474524169 31.793433128229988682
31682.679178713951842 31.800198346455580634
31682.769652676910482 31.806972717262528505
31682.860232682207425 31.813756259179857722
31682.95092007792482 31.820548989899464232
31683.041716242336406 31.827350926273194176
31683.13262258485338 31.834162084310190011
31683.223640546984825 31.84098247917461677
31683.314771603349072 31.847812125184422172
31683.40601726271052 31.854651035809901316
31683.49737906905284 31.861499223672169023
31683.588858602699474 31.868356700542658899
31683.680457481459598 31.875223477343435974
31683.772177361814101 31.882099564147846849
31683.864019940152502 31.888984970181450507
31683.955986954024411 31.895879703823975859
31684.048080183467391 31.902783772611794433
31684.140301452356653 31.909697183241060969
31684.232652629805671 31.916619941571546804
31684.325135631635931 31.923552052630174813
31684.417752421893965 31.930493520616597181
31684.510505014430237 31.937444348909409086
31684.6033954745144 31.944404540072348198
31684.696425920501497 31.951374095862760782
31684.789598525549081 31.958353017240291649
31684.88291551938164 31.965341304376405418
31684.976379190135049 31.972338956664863474
31685.069991886244679 31.979345972733671744
31685.163756018395361 31.986362350457440584
31685.257674061562284 31.99338808697079628
31685.351748557113751 32.00042317868453523
31685.445982114964863 32.007467621301266547
31685.54037741578577 32.014521409831452559
31685.634937213271769 32.021584538610333937
31685.729664336504356 32.028657001315714581
31685.824561692345014 32.03573879098833288
31685.919632267934503 32.042829900049177638
31686.014879133294016 32.049930320317457699
31686.110305443999096 32.057040043033047994
31686.205914443893562 32.064159058878104247
31686.301709467912588 32.071287357999203493
31686.3976939449567 32.078424930029960649
31686.493871400874923 32.085571764114121152
31686.590245461531595 32.092727848928952028
31686.68681985594958 32.099893172708924283
31686.783598419562622 32.107067723269622661
31686.880585097565927 32.114251488032245163
31686.977783948368597 32.12144445404814519
31687.075199147126114 32.128646608022513931
31687.172834989396506 32.135857936337721696
31687.270695894883829 32.143078425076190285
31687.368786411308974 32.150308060042689817
31687.467111218389618 32.157546826785839755
31687.565675131932949 32.164794710618750173
31687.664483108092099 32.172051696638611418
31687.763540247749916 32.179317769743711608
31687.862851801062789 32.186592914650681507
31687.962423172124545 32.193877115909110387
31688.062259923790407 32.201170357917114018
31688.1623677825919 32.208472624933342843
31688.262752643844578 32.215783901086744834
31688.363420576890348 32.223104170384644362
31688.464377830539888 32.230433416719606043
31688.565630838704237 32.237771623872184534
31688.667186226222839 32.245118775508579745
31688.769050814869843 32.252474855178213886
31688.871231629567774 32.259839846307180267
31688.973735904812202 32.267213732188302799
31689.076571091343794 32.274596495967784904
31689.17974486303865 32.281988120628213323
31689.283265124078753 32.289388588967774751
31689.387140016369813 32.296797883575351307
31689.491377927271969 32.304215986800109306
31689.595987497621536 32.311642880718714821
31689.700977630054695 32.319078547098037291
31689.806357497687713 32.326522967353497506
31689.912136553124583 32.333976122503429451
31690.018324537835724 32.341437993118162808
31690.124931491911411 32.348908559264373253
31690.231967764233559 32.356387800444736058
31690.339444023073156 32.36387569553281196
31690.447371267116978 32.371372222706469302
31690.555760836992704 32.378877359371060152
31690.664624427317904 32.386391082079775572
31690.773974099251063 32.3939133664491834
31690.883822293617413 32.401444187070815417
31690.994181844616833 32.408983517418427311
31691.105065994146571 32.416531329751286705
31691.216488406782446 32.424087595013020291
31691.328463185443979 32.431652282727100101
31691.441004887870804 32.439225360877074422
31691.554128543855768 32.446806795799929546
31691.667849673220189 32.454396552071152371
31691.782184304625844 32.461994592388350611
31691.897148995281896 32.469600877453110854
31692.012760851572239 32.477215365851606066
31692.129037550686917 32.484838013935039669
31692.245997363250353 32.492468775700380945
31692.363659176993679 32.500107602669849882
31692.482042521427502 32.507754443766962993
31692.6011675936752 32.515409245189893284
31692.72105528562679 32.523071950294479393
31692.841727212387923 32.530742499480354013
31692.963205742031278 32.538420830081655311
31693.085514026741293 32.546106876263522167
31693.208676035410463 32.55380056892548879
31693.332716587709001 32.561501835612901345
31693.457661389718851 32.569210600438481151
31693.583537071190221 32.576926784015469707
31693.710371224442497 32.584650303403464022
31693.838192445015011 32.592381072069017023
31693.967030374111346 32.600118999861734892
31694.09691574293538 32.607863993007271119
31694.227880418937275 32.61561595412558745
31694.359957453980314 32.623374782270467165
31694.493181134534098 32.631140372994664745
31694.627587033970485 32.638912618443242764
31694.763212066995038 32.646691407477923974
31694.900094546283071 32.654476625835577863
31695.038274241396721 32.662268156324088864
31695.177792440033954 32.670065879059130509
31695.318692011664098 32.677869671745526148
31695.461017473637185 32.685679410007324464
31695.604815059832617 32.693494967770725168
31695.75013279191262 32.701316217704572864
31695.895389606455865 32.709056563534609552
31696.038923720483581 32.716628594402664021
31696.180824532395491 32.724039470745921676
31696.321175402870722 32.731295886531007966
31696.460054214112461 32.738404111923784967
31696.597533841577388 32.745370029870116468
31696.733682605710783 32.752199170269953754
31696.868564651515044 32.758896739244299567
31697.002240288209578 32.76546764532704259
31697.134766300820047 32.771916523299452706
31697.266196243130253 32.778247756217830045
31697.396580682838248 32.784465494346513026
31697.525967431949539 32.790573672659760973
31697.654401739735476 32.796576025940467503
31697.781926483701682 32.80247610323601748
31697.908582337931875 32.808277280739353898
31698.034407926570566 32.81398277352645465
31698.159439964209014 32.819595646277228695
31698.28371338465513 32.825118823091820275
31698.407261459415167 32.830555096502493484
31698.530115907073196 32.83590713576535336
31698.652306994419632 32.841177494501692991
31698.773863630718552 32.846368617775162591
31698.894813455117401 32.851482848628549505
31699.015182918388746 32.856522434153980328
31699.134997381850553 32.861489532057909457
31699.254281143224944 32.866386213990146814
31699.373057527827768 32.871214471443977345
31699.491348952105909 32.875976220318136711
31699.609176983623911 32.880673305182817501
31699.726562397718226 32.88530750326851404
31699.843525231051899 32.889880528197956266
31699.960084832138818 32.894394033474583239
31700.076259909379587 32.898849615758607001
31700.192068576245219 32.903248817924691139
31700.307528393714165 32.907593131916293316
31700.4226564109631 32.911884001440462555
31700.537469199673069 32.916122824341158548
31700.651982896502886 32.920310955195340341
31700.766067268246843 32.924444443691001538
31700.879510747152381 32.928516602738298502
31700.992337019222759 32.932529341827340374
31701.104568190337886 32.936484468309586759
31701.216224820582283 32.940383692104262536
31701.327326116981567 32.944228635682989648
31701.437890055636672 32.948020841178241369
31701.547933455069142 32.951761775523287668
31701.657472026323376 32.955452834597679157
31701.766520552289876 32.959095351503094662
31701.875092760892585 32.962690594363763807
31701.983201617371378 32.966239777981343195
31702.090859456886392 32.969744069757453531
31702.19807798414331 32.973204591076537895
31702.304868354032806 32.976622421233969362
31702.411241246580175 32.979998601016859539
31702.517206937045557 32.983334135982218527
31702.622775429921603 32.98663000158516212
31702.727956397218804 32.989887142046065094
31702.832759259141312 32.993106473646683696
31702.937193167643272 32.996288884939914965
31703.041267211985542 32.999435243646544791
31703.144990360775409 33.002546395381159527
31703.248371485780808 33.005623164875451891
31703.351419379294384 33.008666356969200706
31703.454142765604047 33.011676757397481197
31703.55655030701746 33.014655133397631914
31703.658650604960712 33.017602234159852514
31703.760452196653205 33.020518791143764759
31703.861963547991763 33.023405518284000948
31703.963193043284264 33.02626311210925536
31704.064149186309805 33.02909225776648583
31704.164840713794547 33.031893632365772362
31704.265275646714144 33.0346678789567747
31704.365461863595556 33.037415623215345306
31704.46540708251996 33.040137473392192646
31704.565118840928335 33.042834020208275092
31704.664604478191904 33.045505836836348124
31704.763871119102987 33.048153478914329639
31704.86292565862459 33.050777484598519607
31704.961774748364405 33.053378374665449257
31705.06042478780364 33.055956652739837409
31705.158881914463564 33.058512805490160247
31705.257151995512686 33.06104730285987614
31705.355240624627186 33.063560598428530568
31705.453153122300137 33.066053129850715209
31705.550894539897854 33.068525319377052085
31705.64846950781066 33.070977570453109706
31705.745882575472933 33.073410276695632604
31705.843138396572613 33.075823826704905173
31705.940241056538071 33.078218587614038881
31706.037194455049757 33.080594915028477487
31706.134002335114928 33.082953154020081854
31706.230668316027732 33.085293640181085095
31706.327195929279696 33.087616700713972762
31706.423588656474749 33.089922655531687212
31706.519849968528433 33.092211818352907926
31706.615983365973079 33.094484497786048394
31706.711992417884176 33.096740998344728268
31706.807880798816768 33.098981621384638174
31706.903652322744165 33.101206665939571394
31706.999310972954845 33.103416429438254909
31707.094860927081754 33.105611208287783143
31707.190306576736475 33.107791298315824235
31707.285652541471791 33.10995699507169121
31707.380903677334572 33.112108593997497508
31707.476065388589632 33.114246397386949639
31707.571142957545817 33.116370699237378972
31707.666141959696688 33.118481794649547112
31707.761068424832047 33.120579983326535967
31707.85592928954793 33.122665579351910026
31707.950730141339591 33.124738861585242944
31708.045476803097699 33.126800108945566592
31708.140171108221693 33.128849509194544964
31708.234820039520855 33.130887357527434744
31708.329430540488829 33.132913942945627639
31708.424009446465789 33.134929546936078282
31708.518563532266853 33.136934444653753928
31708.613099532802153 33.138928905501217059
31708.707624088150624 33.140913192108975238
31708.802143730816169 33.142887560225133825
31708.896664198557119 33.144852244625184312
31708.991189327436587 33.146807436771233313
31709.085725360531796 33.148753374322012633
31709.180278437404922 33.150690288707586717
31709.274854595387296 33.152618405295221748
31709.369459735898999 33.154537942843639087
31709.464099622397043 33.156449113609902213
31709.558779896407941 33.158352123816307255
31709.653506070168078 33.160247173637834806
31709.74828352086115 33.162134457221469575
31709.843117510274169 33.164014163208484831
31709.938013193252118 33.165886475022148261
31710.032975627083943 33.167751571165993596
31710.128009781707078 33.169609625530817709
31710.223120549922896 33.171460807693556205
31710.318312758878164 33.173305283233730734
31710.41359118319815 33.175143214073052889
31710.508960503670096 33.176974757763204593
31710.604425375855499 33.178800068890105024
31710.699990498633269 33.180619300440405084
31710.795660573621717 33.18243260306887521
31710.891440319937828 33.184240125427436396
31710.987334489127534 33.186042014489629537
31711.083347880172369 33.187838415868036179
31711.179485354339704 33.189629474121552732
31711.275751849701919 33.191415333048801983
31711.372152379030013 33.193196135668252111
31711.468692058730085 33.194972024769299423
31711.565376153645047 33.196743143739780635
31711.662210054772004 33.198509636152117253
31711.759199271309626 33.200271645619700678
31711.856349448531546 33.202029316123692126
31711.953666374971363 33.203782792140628999
31712.051155985976948 33.205532218701257818
31712.148824355212128 33.207277741233951929
31712.246677688221098 33.209019505448871712
31712.344722310299403 33.2107576571239278
31712.442964647765621 33.212492341779672245
31712.541411205598706 33.214223704298440509
31712.640068540149514 33.215951888466783259
31712.738943213898892 33.217677036216116448
31712.838041772356519 33.219399287265453324
31712.93737071716896 33.221118778707385388
31713.036936449447239 33.222835644091411211
31713.136745224521292 33.224550012724570536
31713.236803105446597 33.22626200896714721
31713.337115916707262 33.227971751548182056
31713.437689199221495 33.22967935291895003
31713.538528167824552 33.231384918663188444
31713.639637672582467 33.233088546985463552
31713.741022164700553 33.234790328288305261
31713.842685667932528 33.236490344851027601
31713.944631756075978 33.238188670616885645
31714.04686353694342 33.239885371092597666
31714.149383642979956 33.241580503359976717
31714.252194228392909 33.243274116194349688
31714.355296972502401 33.24496625028244523
31714.458693088861764 33.246656938529511649
31714.562383339543885 33.248346206443663675
31714.666368053927727 33.250034072584426781
31714.770647151235607 33.251720549062078192
31714.875220166901272 33.253405642087429328
31714.980086331339407 33.255089353349042369
31715.085244544767193 33.256771679700726452
31715.19069335725726 33.258452612938143034
31715.296431053717242 33.260132141243772708
31715.402455727493361 33.261810250420495549
31715.50876527138098 33.263486923798453176
31715.615357361501083 33.265162142031378778
31715.722229527134914 33.266835884240173016
31715.829379184109712 33.268508128564242554
31715.936803662498278 33.270178852612552589
31716.044500233059807 33.271848033885270013
31716.152466133455164 33.273515650182524439
31716.260698591253458 33.275181679954151548
31716.36919484487953 33.276846102611017386
31716.477952165736497 33.278508898847192654
31716.586967899245792 33.280170051243132434
31716.696239451841393 33.281829544036824586
31716.805765173714462 33.283487376434990779
31716.915543422543124 33.285143548263057767
31717.025571667862096 33.286798046509346705
31717.135847464163817 33.288450860093611539
31717.246368449748843 33.29010197981639152
31717.357132342243858 33.291751398259300743
31717.468136930754554 33.293399109637263678
31717.579380069979379 33.295045109682071427
31717.690859661513969 33.296689395339527096
31717.802573632376152 33.298331964431071128
31717.91451992189468 33.299972815443851459
31718.026696378554334 33.30161194601127761
31718.139100834549026 33.303249354004670124
31718.251731156258757 33.304885038256315966
31718.364585113511566 33.306518996649408848
31718.477660358887078 33.30815122582821175
31718.590954408220568 33.309781720930267568
31718.70446335464294 33.311410457177487388
31718.818183150764526 33.313037408479814871
31718.932110876296065 33.314662565500221092
31719.046243414086348 33.316285916598580741
31719.160577440979978 33.317907447726753389
31719.275109420894296 33.319527142356434979
31719.389835600275546 33.321144981440845356
31719.504752005388582 33.322760943402144562
31719.619854441392818 33.324375004143220735
31719.735138492997066 33.325987137080616662
31719.850599526533188 33.327597313195418849
31719.966232693273923 33.329205501100396702
31720.082032933838491 33.330811667120400443
31720.197994983616809 33.332415775384667711
31720.314113379146875 33.334017787930172005
31720.430382465441653 33.335617664815686112
31720.546796404305496 33.337215364246773674
31720.663349183672835 33.338810842712312876
31720.780034628071007 33.340404055133561201
31720.896846410312719 33.341994955026862613
31721.013778064483631 33.34358349468159588
31721.130823001058161 33.345169625363240584
31721.247974524212623 33.346753297542583994
31721.365225847122929 33.348334461094118808
31721.482570108732034 33.349913065511010757
31721.600000395119423 33.351489060178124646
31721.717509762078407 33.353062394656994627
31721.835091358505451 33.354633020312121516
31721.952738343756209 33.356200889169834056
31722.070443744574732 33.357765951993343378
31722.18820059531572 33.359328160136591634
31722.306002040004387 33.360887466868263118
31722.423841359708604 33.362443827693127218
31722.541711998903338 33.363997200656328346
31722.659607590456289 33.365547546626189046
31722.777521978845471 33.367094829550929092
31722.895449241441383 33.368639016687517085
31723.013383707886533 33.370180078803819868
31723.131319118470856 33.371717979163136647
31723.249248738960887 33.373252675077559104
31723.367167939635692 33.374784151412200117
31723.485073555424606 33.376312412009923491
31723.602962475702952 33.377837461269322716
31723.720830095455312 33.379359284153082399
31723.83867217972147 33.380877870367811511
31723.956484841062775 33.382393214018215133
31724.074255053747038 33.383905191886611874
31724.191981223939365 33.385413827855131785
31724.309663813935913 33.386919171725182309
31724.427301266881841 33.388421246993942759
31724.544892050202179 33.389920077108584451
31724.662434653764649 33.391415685439163497
31724.779927588391729 33.392908095257091361
31724.897369384329068 33.3943973297147636
31725.014758589688427 33.395883411823938047
31725.132093768861523 33.397366364433651142
31725.249373500897491 33.398846210208155583
31725.366596377891256 33.400322971604943234
31725.48376100333553 33.401796670852824889
31725.600865990480088 33.403267329930315555
31725.717909960705583 33.404734970544112116
31725.834891541897377 33.406199614108906815
31725.951809366873931 33.407661281727214941
31726.068662071829749 33.409119994169643064
31726.185448294858361 33.410575771855867799
31726.302166674537148 33.412028634837277252
31726.418815848624945 33.413478602780550375
31726.535394162423472 33.414925691350013892
31726.651900147418928 33.416369918161336727
31726.76833239991538 33.417811301264521262
31726.884689523976704 33.419249858433872191
31727.000970127166511 33.420685607115530047
31727.117172818660038 33.42211856440437856
31727.233296208516549 33.42354874703565315
31727.349338907748461 33.424976171386241219
31727.465299529048934 33.426400853484324216
31727.581176688141568 33.427822809026615403
31727.696969005766732 33.429242053403299906
31727.812675110304554 33.430658601730897317
31727.928293641140044 33.432072468893679229
31728.043823252755828 33.433483669594131982
31728.159262619657966 33.43489221841320358
31728.274610442178528 33.436298129880903218
31728.389865453202219 33.437701418557885802
31728.505026425886172 33.439102099128781731
31728.620092182405642 33.440500186507669866
31728.735061603776558 33.441895695955999201
31728.849933640747622 33.443288643213293199
31728.964707325791096 33.444679044640466259
31729.079381786148588 33.446066917375517846
31729.193956257851823 33.447452279500645034
31729.308430100678379 33.448835150219778711
31729.422802813838643 33.450215550044568147
31729.537074052259413 33.451593500986852803
31729.651243643205817 33.452969026754786341
31729.765311602975999 33.454342152949294587
31729.879278153348423 33.455712907257080246
31729.993143737450737 33.457081319636266414
31730.106909034675482 33.458447422490586121
31730.220574974355259 33.459811250828259688
31730.334142747895385 33.461172842402753247
31730.447613819207618 33.462532237832760984
31730.560989933357632 33.463889480701119794
31730.674273123524472 33.465244617633707946
31730.787465716482984 33.466597698361098878
31730.900570336954843 33.467948775767062841
31731.013589911199233 33.46929790592852072
31731.126527670192445 33.470645148150971693
31731.239387152516429 33.471990565001057405
31731.352172206701653 33.473334222333434695
31731.464886992212996 33.474676189301533213
31731.577535977387015 33.476016538332451944
31731.690123931679409 33.477355345035121559
31731.802655908413726 33.478692687996648658
31731.915137213152775 33.480028648408904246
31732.027573351813771 33.481363309456725119
31732.139969952328101 33.482696755394435684
31732.252332653937628 33.484029070242179671
31732.364666959743772 33.485360336050959518
31732.476978050806792 33.486690630717554029
31732.589270563952596 33.488020025376059152
31732.701548340050067 33.489348581446492403
31732.813814154153079 33.490676347476679098
31732.926069442550215 33.492003355955120014
31733.038314043824357 33.493329620295597238
31733.150545970653184 33.49465513219008983
31733.262761226586008 33.495979859496671338
31733.374953657606966 33.497303744539472348
31733.487114923962508 33.498626703827262929
31733.599234477180289 33.499948627830086423
31733.71129961160841 33.501269381630606858
31733.823295568196045 33.502588806185627845
31733.93520568429085 33.503906720122643037
31734.047011583308631 33.505222921998033314
31734.158693398709147 33.506537192950837323
31734.270230027294019 33.507849299693297951
31734.38159940728292 33.509158997784112444
31734.492778816518694 33.510466035130413331
31734.603745185890148 33.511770155660634884
31734.714475422457326 33.513071103103719395
31734.824946736091078 33.514368624803175578
31734.935136963020341 33.51566247548846178
31735.045024879345874 33.51695242092364424
31735.154590497753816 33.518238241354595175
31735.263815341131703 33.51951973468228374
31735.372682687757333 33.520796719300264499
31735.481177783869498 33.522069036548970189
31735.589288020979438 33.523336552756340723
31735.697003076751571 33.524599160852531554
31735.804315019839123 33.5258567815637889
31735.911218380468199 33.527109364207660747
31736.017710189578793 33.528356887122583885
31736.123789990182559 33.529599357775694557
31736.229459824997321 33.530836812596213292
31736.334724204338272 33.53206931658171186
31736.439590057922032 33.533296962719632006
31736.544066673384805 33.534519871257344903
31736.648165623355453 33.535738188841598628
31736.751900681574625 33.536952087533563827
31736.855287727295945 33.538161763690141015
31736.958344635939284 33.539367436687534507
31737.061091152994777 33.540569347452020565
31737.163548747681489 33.541767756756854624
31737.265740443046525 33.542962943246209306
31737.367690620085341 33.544155201157842328
31737.469424795181112 33.545344837736273291
31737.570969372616673 33.546532170356528013
31737.672351376684674 33.547717523411144214
31737.773598170770128 33.548901225046350305
31737.874737173115136 33.550083603860841208
31737.975795580518025 33.55126498569783422
31738.076800111444754 33.552445690664320921
31738.177776779019041 33.553626030499543731
31738.278750702193065 33.55480630638920303
31738.379735295122373 33.555986682625345452
31738.480752685707557 33.557167425293094709
31738.581825204113557 33.558348802792600907
31738.682973970790044 33.559531069351365318
31738.784218898603285 33.560714465064556578
31738.885578724992229 33.561899216284814429
31738.987071066712815 33.563085536274805065
31739.088712489796308 33.56427362603630371
31739.190518587936822 33.565463675236763663
31739.292504063541855 33.566655863166026563
31739.394682806803758 33.567850359669222371
31739.497067969467025 33.56904732601662289
31739.599672031006776 33.570246915684514022
31739.702506856072432 33.571449275033124593
31739.805583742803719 33.572654543877618494
31739.908913462342753 33.573862855955802331
31740.012506290375313 33.575074339301984594
31740.116372031778155 33.576289116540081636
31740.220520039700205 33.577507305111062408
31740.324959230387321 33.578729017450541505
31740.429698095045751 33.579954361131164831
31740.534744709904771 33.581183438983650547
31740.640106745482626 33.582416349208251916
31740.745791475863371 33.583653185485673021
31740.851805788519414 33.584894037094500163
31740.958156195167248 33.586138989039881153
31741.064848843820073 33.587388122196358609
31741.171889532182831 33.588641513465979926
31741.279283722375112 33.589899235951669709
31741.387036556861858 33.591161359144564358
31741.495152875417261 33.592427949123404574
31741.603637232990877 33.593699068764188098
31741.712493918268592 33.594974777957872902
31741.821726972717443 33.596255133833714979
31741.931340209939663 33.597540190986237008
31742.04133723517225 33.598830001703753112
31742.151721464764705 33.600124616196815452
31742.262496145536716 33.601424082824841832
31742.373664373859356 33.602728448320078769
31742.485229114423419 33.604037758007706316
31742.597193218596658 33.605352056021338569
31742.709559442308091 33.606671385513074313
31742.822330463437538 33.607995788857842001
31742.935508898681292 33.609325307851833031
31743.049097319875727 33.61065998390459697
31743.163098269749753 33.611999858224798743
31743.277514277117007 33.613344971999325139
31743.392347871500533 33.614695366566159862
31743.507601597179018 33.616051083580671843
31743.623278026661865 33.617412165175430516
31743.739379773607652 33.618778654113597781
31743.855909505164163 33.620150593935782979
31743.972869953722693 33.621528029100439028
31744.090263928101194 33.62291100511760078
31744.208094324141712 33.624299568675965588
31744.326364134674805 33.625693767762967923
31744.445076533451356 33.62709365265725836
31744.56423480241574 33.628499275075427022
31744.683842265894782 33.629910687399615199
31744.803902379870124 33.631327943733595021
31744.924418738279201 33.63275109998068757
31745.045395078435831 33.634180213911541557
31745.166835285515845 33.635615345221133055
31745.288743396045902 33.637056555574261552
31745.411123600351857 33.638503908639137308
31745.533980243893893 33.639957470107681559
31745.657317827441148 33.641417307702177197
31745.781141006060352 33.642883491168085186
31745.905454540719802 33.64435609170531194
31746.030263342800026 33.645835182499617133
31746.155572516312532 33.647320839228079592
31746.281387305836688 33.648813139447163678
31746.407713090437028 33.650312162525032988
31746.534555376998469 33.651817989566858103
31746.661919789967214 33.65333070329729992
31746.789812055361836 33.654850387874461148
31746.918238001875579 33.656377128906640905
31747.047203586676915 33.65791101376284189
31747.176714930759772 33.659452131998065738
31747.306778578978992 33.661000578455002596
31747.437400919901847 33.662556446365108798
31747.568587880537962 33.664119823705789258
31747.700345432414906 33.665690799222545593
31747.832679581555567 33.667269462310912331
31747.96559635842641 33.668855902897348642
31748.099101807711122 33.670450211317884737
31748.233201977727731 33.672052478192185276
31748.367902909310942 33.673662794290500244
31748.503207989819202 33.67528121887504966
31748.639120831252512 33.676907814065856428
31748.775647843463958 33.67854267566715265
31748.912795348114742 33.680185898671723521
31749.05056956210683 33.681837577059049238
31749.188976579236623 33.683497803571448515
31749.328022349865932 33.685166669465203881
31749.467712658406526 33.686844264234316881
31749.608053098392702 33.688530675304406259
31749.749049045018182 33.690225987694425669
31749.890705624897237 33.691930283643515054
31750.033027682955435 33.693643642201791977
31750.176019746206293 33.695366138781999155
31750.3196859842501 33.697097844669521294
31750.464030166294833 33.698838826488305642
31750.608466526540724 33.700582033617429545
31750.752278966549056 33.702318822719782077
31750.895497207457083 33.704049543792969246
31751.038150132884766 33.70577453736915885
31751.180265986811719 33.707494136889657455
31751.321872542717756 33.70920867073982663
31751.462997237151285 33.710918463860117811
31751.603667260947987 33.712623838849310687
31751.743909601940686 33.714325116482484646
31751.883751034405577 33.716022615583753463
31752.023218052854645 33.717716652221845663
31752.162336751061957 33.719407538236069399
31752.301132651362423 33.721095579150876631
31752.439630493885488 33.722781071594297941
31752.577853999860963 33.724464300391126415
31752.715825626994047 33.726145535547715326
31752.85356633712945 33.727825029374400856
31752.991095396708261 33.729503013996385619
31753.128430228425714 33.731179699481465661
31753.265586328241625 33.732855272759152854
31753.402577255990764 33.734529897435564294
31753.539414701110218 33.736203714526666886
31753.67610861843059 33.737876844052131275
31753.812667423466337 33.739549387364220934
31753.949098232806136 33.741221430038471851
31754.085407133345143 33.742893045129534357
31754.221599464282917 33.74456429659573331
31754.357680097426055 33.746235242716394964
31754.493653704335884 33.747905939360308025
31754.629525002252194 33.74957644300579318
31754.765298974503821 33.751246813457910889
31754.900981064420193 33.752917116249882667
31755.036577344784746 33.754587424751832714
31755.172094667075726 33.756257822038556071
31755.307540796464309 33.757928402588163408
31755.442924539383966 33.759599273895375404
31755.578255870823341 33.761270558087296934
31755.713546068163851 33.762942393625777981
31755.848807857495558 33.764614937170229325
31755.984055576973333 33.766288365657509019
31756.119304767777066 33.767962871301193672
31756.254565101495245 33.769638573992338593
31756.389855820463708 33.771315712538807929
31756.525198498911777 33.772994555220201107
31756.660617277684651 33.774675402795089951
31756.796139097852574 33.776358591506046025
31756.931793920852215 33.778044495928078561
31757.067614055584272 33.779733520718934869
31757.203634201334353 33.781426101248023031
31757.339892600797612 33.783122718054968914
31757.476431326682359 33.784823900565044141
31757.613296113930119 33.786530225152212381
31757.750536085819476 33.788242311871741208
31757.888203356702434 33.789960819640775469
31758.026352498302003 33.791686439697016908
31758.165039862029516 33.793419887233618226
31758.304322756452166 33.795161891191753512
31758.444258486786566 33.796913182287923405
31758.584903271235817 33.798674479453936215
31758.726311056816485 33.800446474965539778
31758.868532264023088 33.802229818621547963
31759.011612494927249 33.804025101402054077
31759.155591242590162 33.805832839078398422
31759.30050064146053 33.807653456272035442
31759.446364299012203 33.809487271469045311
31759.593196248944878 33.81133448350173154
31759.741000066485867 33.813195160013016505
31759.889768186516449 33.815069228425549852
31760.039481465129938 33.816956469939228214
31760.19010902386799 33.818856517066230083
31760.341608411781635 33.820768855164921263
31760.493926112612826 33.822692828337316939
31760.646998411786626 33.824627649898005188
31760.80075262045284 33.826572417403092174
31760.95510863241725 33.828526131956593304
31761.109980766024819 33.830487721209536289
31761.265279819588613 33.832456065164898007
31761.42091524845091 33.834430023637196427
31761.576339179224306 33.836402646888444679
31761.731107674400846 33.838368286674935348
31761.885274543030391 33.840327607572170621
31762.038900648942217 33.842281365835631846
31762.19205260209128 33.84423039301550773
31762.34480140161395 33.846175578887148561
31762.49722107850539 33.848117854307282926
31762.649387385674345 33.8500581746067013
31762.801376579525822 33.851997504086988044
31762.953264330175443 33.853936802101664227
31763.105124787780369 33.855877011081283001
31763.257007569060079 33.857818762143523372
31763.408969368261751 33.859762778592028099
31763.56107750582305 33.861709921642351162
31763.713395865132043 33.863661010655128791
31763.86598472265905 33.865616820811112575
31764.018900707222201 33.867578082436821774
31764.171793044260994 33.869540297402558338
31764.324487503294222 33.871501223964692429
31764.477004579250206 33.873461117758701278
31764.629365106309706 33.875420239460787286
31764.781589813355822 33.877378849075043377
31764.933698947457742 33.879337201075351516
31765.085711969495605 33.881295540459056781
31765.237647322217526 33.883254099720950592
31765.389522266814311 33.885213096701690461
31765.54135278045942 33.887172733214249831
31765.693153505053488 33.889133194327349941
31765.844937736550492 33.891094648171446124
31765.996717444679234 33.893057246138269534
31766.148501477724494 33.895021099591481573
31766.300296463898121 33.896986291415217352
31766.452113566268963 33.898952963456892462
31766.603962583762041 33.900921240217876118
31766.755849905657669 33.902891202260462933
31766.907781049481855 33.904862919019613798
31767.059760725496744 33.906836449606032602
31767.211792901478475 33.908811843615644932
31767.363880867378612 33.910789141941116043
31767.516027299490815 33.912768377580150059
31767.668234323544311 33.914749576433479206
31767.820503576120245 33.916732758083661281
31767.972836263674253 33.918717936546030955
31768.125233218619542 33.92070512098376156
31768.277694951841113 33.922694316379327972
31768.430221695794899 33.924685524085575139
31768.582813446166256 33.926678742359740681
31768.735470000949135 33.928673966866377043
31768.888190992980526 33.93067119109584695
31769.04097593440747 33.932670406940694363
31769.193824243626295 33.934671605044677278
31769.346735253031511 33.936674774901419482
31769.499708219071181 33.938679904983800384
31769.652742325321015 33.940686982782125369
31769.805836678231572 33.942695994746351573
31769.958990295326657 33.944706926129008195
31770.112202085798344 33.94671976072763897
31770.26547083749756 33.94873448071060551
31770.41879516240806 33.950751065896142222
31770.572173442091298 33.952769493028483794
31770.725603809652966 33.954789735532905581
31770.879084113221325 33.956811763026024664
31771.032611853916023 33.958835540488692573
31771.186184130183392 33.96086102751985436
31771.339797603366605 33.962888177868464368
31771.493448461013031 33.964916938934258894
31771.647132389738545 33.966947251392980434
31771.800844559536927 33.968979048972229862
31771.954579621004086 33.971012258397543349
31772.10833171669583 33.973046799525327799
31772.262094507292204 33.97508258567269479
31772.415859236723918 33.977119497963698791
31772.569617076682334 33.979157416327346652
31772.723360415733623 33.98119623659695776
31772.877081455542793 33.983235851924639803
31773.03077230985582 33.985276154090762191
31773.184425111467135 33.987317034923655967
31773.338032124593155 33.989358387795739702
31773.491585859770566 33.991400109157865472
31773.645079188343516 33.993442100073096412
31773.79850545359659 33.995484267710018855
31773.951858575794176 33.997526526759656917
31774.105133120647224 33.999568800369161181
31774.258324441936566 34.001611022066846601
31774.411428728275496 34.003653136414129676
31774.56444295062829 34.005695098334513204
31774.717365145570511 34.007736876923381431
31774.870194341579918 34.009778454499716815
31775.022930615821679 34.011819827398582561
31775.175575064320583 34.013861005607495258
31775.328129848297976 34.015902013420095784
31775.480598209644086 34.017942889678352003
31775.632984485797351 34.019983688006703915
31775.785294126522786 34.022024477072122295
31775.937533714801248 34.024065340899689147
31776.089710993212066 34.026106379262138546
31776.241834895485226 34.028147708139513838
31776.39391558009811 34.030189460207488139
31776.545964458477101 34.03223178525393422
31776.697994202753762 34.034274850321530437
31776.850018716799241 34.036318839356709987
31777.002049022583378 34.038363897898022969
31777.154097223163262 34.040410186327015651
31777.306179575749411 34.042457921288104217
31777.458312653754547 34.044507324106305646
31777.610512728380854 34.046558612457765491
31777.762794807731552 34.048611987397372047
31777.915171485623432 34.050667617781606111
31778.067651583889528 34.052725621859401883
31778.220238665708166 34.054786047069768529
31778.372929535671574 34.056848849603817087
31778.525712866390677 34.058913875621080081
31778.678568094041111 34.060980846052828497
31778.831464705166582 34.063049346659425964
31778.984343450134475 34.065118573381560907
31779.137143750125688 34.067187702655175485
31779.289801786628232 34.069255865492081625
31779.442246711052576 34.071322096004088564
31779.594402499726129 34.07338535635981458
31779.746190087127616 34.075444565591304524
31779.897529685669724 34.077498631016716502
31780.048343201204261 34.079546481052162221
31780.198556659932365 34.081587098269594094
31780.34810257481513 34.083619551721056951
31780.496922195587103 34.085643027764383817
31780.644967602671386 34.087656858842272811
31780.792203617056657 34.089660549824841951
31780.938609501878091 34.091653801575851901
31781.084180425674276 34.093636531321592997
31781.228928642827668 34.095608889205394121
31781.372884326548956 34.097571270133002486
31781.516095966606372 34.099524319696783436
31781.658630220346822 34.101468932641260778
31781.80057108406254 34.103406242034346008
31781.942018236935837 34.105337597102497682
31782.083084410678566 34.107264527693502032
31782.223891668494616 34.109188693742218845
31782.364566554875637 34.111111819175185644
31782.505234216496319 34.113035611585864615
31782.645958369790606 34.114960940673761058
31782.786844588288659 34.116889250539593093
31782.927984684112744 34.118821799108694393
31783.069446498331672 34.120759517875335121
31783.211269437379087 34.122702950074888406
31783.353461735601741 34.124652212381164418
31783.495999564438534 34.126606981845320377
31783.638827900922479 34.128566506948409653
31783.781862958985585 34.13052964013679258
31783.924995967186987 34.132494888930281718
31784.068029688995011 34.134459543156353334
31784.210815175203606 34.136421552075205454
31784.353200830511923 34.138378825424240404
31784.495038409244444 34.140329315853264802
31784.636190045661351 34.142271115792610203
31784.776534754295426 34.144202547251076396
31784.915974021911097 34.14612223930591739
31785.05443615481272 34.148029188612056828
31785.191879104891996 34.149922799066885659
31785.328291576701304 34.151802897845449536
31785.46369211919955 34.153669723655113444
31785.598127207616926 34.155523901009871679
31785.731666966275952 34.157366381873487171
31785.864400158068747 34.159198377038009653
31785.996428649799782 34.161021280108357701
31786.127861915465473 34.162836591845781697
31786.258812050877168 34.164645851419628286
31786.389389619500434 34.166450579010025024
31786.519700482462213 34.168252231907167982
31786.649843626099027 34.170052174326130512
31786.779909903787484 34.171851659817718883
31786.909979283816938 34.173651792970026975
31787.04009075254362 34.175453112402266242
31787.170314063016122 34.177256583626622444
31787.300711396426777 34.179063068537701042
31787.431338283688092 34.180873338008261442
31787.56224460087833 34.182688085535993139
31787.693475548530841 34.184507940695191053
31787.82507254905795 34.186333481480247087
31787.957074021323933 34.188165244969631829
31788.089516286414437 34.190003739833187524
31788.222433793423988 34.19184944942137605
31788.355859190538467 34.193702832711821316
31788.4898238210626 34.19556433116352423
31788.624357854478149 34.197434370511217594
31788.759490343752987 34.199313361537846845
31788.895249233199138 34.201201700160737573
31789.031661339904531 34.203099767150277444
31789.168752330002462 34.205007927776470922
31789.306546708681708 34.206926531645677869
31789.445067839362309 34.20885591294371153
31789.584338002925506 34.210796391237394687
31789.724378500694002 34.212748272887601786
31789.865209807216161 34.214711853159606392
31790.006851759801066 34.21668741885045506
31790.149323773734068 34.218675251279719873
31790.292645076340705 34.220675629549958785
31790.43683494684592 34.222688833894871152
31790.581912957084569 34.224715149046389229
31790.727899191890174 34.226754867325219323
31790.874814467035321 34.228808291703572309
31791.022680564245093 34.230875739113692191
31791.171520461688488 34.232957543700379688
31791.321358564444381 34.235054060080564398
31791.472220933766948 34.237165666593512015
31791.624135514877707 34.239292768538149403
31791.777132411447383 34.241435802072011541
31791.931244157196488 34.24359523807948591
31792.086505976676563 34.245771585897536227
31792.242956085607148 34.247965397605739213
31792.400635971876909 34.250177272055836397
31792.559590704000584 34.252407859297228754
31792.718682182723569 34.254641197887458759
31792.877570180695329 34.256872509435467578
31793.036251976398489 34.259101750804859421
31793.194725053894217 34.261328881721567541
31793.352987119451427 34.263553865013477662
31793.51103611545841 34.26577666681251344
31793.668870231475012 34.267997256716718368
31793.826487912123412 34.270215607908397715
31793.98388786166106 34.272431697225329117
31794.14106904505752 34.274645505183158889
31794.298030685575213 34.276857015948245078
31794.454772258919547 34.279066217261970451
31794.611293484162161 34.281273100319310743
31794.767594311779249 34.283477659606326426
31794.923674909321562 34.285679892703591065
31795.079535645349097 34.287879800064878566
31795.23517707193605 34.290077384774548364
31795.390599906560965 34.292272652294776947
31795.545805014004145 34.294465610213080708
31795.700793388841703 34.296656267997654766
31795.8555661389546 34.298844636766801841
31796.010124470441951 34.301030729077417902
31796.164469674153224 34.303214558736016215
31796.31860311395576 34.305396140633760638
31796.472526216752158 34.307575490605600521
31796.626240464163857 34.309752625312519569
31796.779747385728115 34.31192756214554862
31796.933048553448316 34.314100319148508333
31797.086145577432035 34.316270914956199078
31797.239040102500439 34.31843936874628298
31797.391733805496187 34.320605700201049615
31797.544228393115191 34.32276992947641503
31797.696525600094901 34.324932077175951406
31797.84862718759905 34.327092164327794421
31798.000534941675141 34.329250212362602213
31798.152250671679212 34.33140624309100275
31798.30377620858053 34.333560278679257749
31798.455113403066207 34.33571234162226915
31798.606264123427536 34.337862454713118154
31798.757230253122543 34.340010641008262837
31798.908013688127539 34.342156923789339373
31799.058616333761165 34.344301326517722828
31799.209040101421124 34.346443872787517648
31799.359286904982582 34.348584586273624097
31799.509358656963741 34.350723490676543292
31799.659257264433109 34.352860609662926095
31799.808984624814912 34.354995966804175112
31799.958542621639936 34.357129585514783798
31800.107933120223606 34.359261488989147892
31800.25715796338045 34.361391700139108707
31800.40621896724042 34.36352024153293172
31800.555117917261668 34.365647135337148654
31800.703856564497983 34.367772403261710679
31800.852436622160894 34.369896066509532773
31801.000859762552864 34.372018145731047412
31801.149127614404279 34.374138660984336013
31801.29724176059608 34.376257631701193418
31801.445203736315307 34.378375076658869602
31801.593015027548972 34.380491013957090729
31801.740677069930825 34.382605460999627667
31801.888191247839131 34.384718434479609073
31802.035558893709094 34.386829950368031916
31802.182781287483522 34.38894002390438942
31802.32985965613625 34.391048669588492714
31802.476795173239225 34.393155901172789868
31802.623588958500477 34.395261731654507287
31802.77024207728391 34.397366173267165834
31802.916755540034501 34.399469237471294036
31803.063130301670753 34.401570934944217584
31803.209367260878935 34.403671275568946442
31803.355471043185389 34.405770322791674687
31803.50144261540845 34.407868087546610525
31803.647282896086836 34.409964580087283537
31803.792992754741135 34.412059809974891778
31803.938573013365385 34.414153786098822252
31804.084024448522541 34.416246516705939484
31804.229347794022033 34.418338009438400604
31804.374543288919085 34.420428264824884934
31804.519610764600657 34.422517277524768531
31804.664550500136102 34.424605048642270333
31804.80936281198592 34.426691579822886524
31804.954048017178138 34.428776872723339864
31805.098606421604927 34.430860928841809709
31805.243038315114973 34.432943749446714321
31805.387343968453933 34.435025335532365887
31805.531523631128948 34.437105687787713748
31805.675577529793372 34.439184806572718855
31805.819505867253611 34.441262691903723692
31805.963308822327235 34.443339343450809054
31806.106986550770671 34.445414760550072231
31806.250539187414688 34.447488942234251397
31806.393966849587741 34.449561887281554107
31806.53726968913179 34.45163359496722677
31806.680447795304644 34.453704063659721157
31806.823501257313183 34.455773291724163698
31806.966430171451066 34.457841277625718135
31807.109234648560232 34.459908020037921972
31807.251914821557875 34.461973517952188217
31807.394470852865197 34.464037770786006831
31807.536902941705193 34.466100778489412448
31807.679211330043472 34.468162541632054285
31807.821396309933334 34.470223061510843365
31807.963458233854908 34.472282340301106274
31808.10539752443583 34.474340381199048977
31808.247214686252846 34.476397188594638976
31808.388910320401919 34.478452768284924446
31808.530485142411635 34.480507127736309769
31808.671940003805503 34.482560276399986776
31808.813275917142164 34.48461222607861032
31808.954494083962345 34.486662991335535366
31809.0955959242674 34.488712589926961982
31809.236583105772297 34.490761043231550786
31809.377457570713887 34.492808376644937596
31809.518221405494842 34.494854617690002385
31809.658877151454362 34.496899800538990633
31809.799427668229328 34.498943964034552323
31809.939876131142228 34.500987151657852792
31810.080226019152178 34.503029411358880907
31810.220481094082061 34.505070795259783267
31810.360645441280212 34.507111360251897736
31810.500723302688129 34.509151165570429498
31810.640719101600553 34.511190273157758668
31810.780637400592241 34.513228747053496193
31810.92048285711644 34.515266652749566845
31811.060260177015152 34.517304056514056754
31811.199974065628339 34.519341024678872998
31811.339629175447044 34.521377622876009639
31811.479230048553291 34.523413915196634605
31811.618781051518454 34.525449963239012163
31811.75828629928219 34.527485824994116115
31811.897749564312107 34.529521553514861409
31812.037174166569457 34.531557195303314245
31812.176562839300459 34.533592788342623692
31812.315917565374548 34.535628359695849099
31812.4552393788872 34.537663922594276755
31812.594528127596277 34.53969947294913112
31812.733782193321531 34.541734985244218592
31812.872998170467326 34.543770407810903578
31813.012170505884569 34.545805657531431621
31813.151291114965716 34.547840614187521169
31813.290348988517508 34.549875114666981801
31813.429329816750396 34.551908947413394912
31813.568215662413422 34.553941847588504288
31813.706984718744934 34.555973493470531821
31813.845611187640316 34.558003504609345669
31813.984065308472054 34.560031442186819106
31814.122313558505994 34.562056811893171471
31814.260319032789994 34.564079069438093939
31814.398041996795655 34.566097628602726388
31814.535440590934741 34.568111871529893619
31814.67247179180049 34.570121162793469693
31814.809092056628288 34.572124858840268757
31814.945258372830722 34.574122323387548761
31815.080929188156006 34.576112941088787522
31815.216065293574502 34.578096130522759211
31815.350630628327053 34.58007135605608795
31815.484592984139454 34.582038138239234115
31815.617924594109354 34.583996062520654391
31815.750602599804552 34.585944786181208599
31815.882609396954649 34.587884043491612829
31816.013932865025708 34.589813649168164034
31816.144566492443118 34.591733500296406589
31816.274509404236596 34.593643576820753083
31816.403766315863322 34.595543940946932082
31816.532347668267903 34.597434739207201915
31816.660268977757369 34.599316192976012019
31816.787550847478997 34.601188598706670518
31816.914219158607011 34.603052330810903925
31817.040303907480848 34.604907824611665035
31817.165839329612936 34.606755578218667324
31817.290863552021619 34.60859614746035362
31817.415418208307528 34.610430140260739051
31817.539548020686198 34.612258210522973911
31817.663300335028907 34.614081051313213777
31817.786724617097207 34.615899387465432824
31817.90987191349268 34.61771396765803388
31818.032794287835713 34.619525556117217491
31818.155544247787475 34.621334924176764503
31818.278174181876238 34.623142841974079431
31818.400735826809978 34.62495007058747376
31818.523279847246158 34.626757355824608453
31818.645839592198172 34.628565188580296308
31818.768454356624716 34.630374147823090425
31818.891170243354281 34.632184913388762482
31819.014031147613423 34.633998133000076791
31819.13707866380355 34.635814420860306484
31819.260352091183449 34.637634357706168942
31819.383888580567145 34.639458492943489887
31819.507723702328803 34.641287353008337391
31819.631890610231494 34.64312142899399305
31819.756419743509468 34.644961172217684009
31819.881339918865706 34.64680701032293797
31820.00667852067636 34.6486593500701332
31820.132461685829185 34.650518580050949424
31820.258711395472346 34.652385027674277751
31820.385448945413373 34.654259010432696186
31820.512698167425697 34.656140883537752018
31820.640482179267565 34.658030991877105009
31820.768823487658665 34.659929671529596362
31820.897744297864847 34.661837254339225467
31821.027266366767435 34.663754065737641952
31821.15741082626846 34.665680422125106475
31821.288198443795409 34.667616634720289426
31821.419649653325905 34.669563010015849613
31821.551784576688078 34.671519850090611214
31821.684623037537676 34.6734874528135677
31821.818184568895958 34.675466111952530923
31821.952488415157859 34.677456117201280961
31822.087553529410798 34.679457754136869596
31822.223398566788092 34.681471304118268506
31822.360041874646413 34.683497044137745036
31822.497501480440405 34.685535246637940077
31822.635795078302181 34.687586179309427337
31822.774940015431639 34.689650104885203064
31822.914953279512702 34.691727280950168222
31823.055851488396002 34.693817959783920912
31823.197650883063034 34.695922388252114388
31823.34036732464665 34.698040807757699611
31823.484016295824404 34.700173454257239314
31823.628612906508351 34.702320558340588263
31823.77417190318738 34.704482345365363472
31823.920707681027125 34.706659035631943766
31824.068234297366871 34.708850844579750117
31824.216765117678733 34.711057977521541318
31824.366313184968021 34.713280635124945661
31824.516891609484446 34.715519019201963147
31824.66851321624199 34.717773327468947286
31824.821190553699125 34.72004375367191642
31824.974935900369019 34.722330487681340117
31825.129765766119817 34.724633782457459574
31825.28569683637761 34.726953893757261937
31825.442741542250587 34.729291014206260968
31825.600912149420765 34.731645334106829637
31825.760220763244433 34.734017041511791035
31825.920679331302381 34.736406322260094726
31826.082299642588623 34.738813359962257721
31826.24442598839596 34.741228394360611276
31826.406813674435398 34.743647781960497412
31826.569644906932808 34.746074238615079821
31826.733114149341418 34.748510664928595304
31826.897420609126129 34.750960034413431288
31827.062764599329967 34.753425339304754971
31827.229361717625579 34.755909802057146862
31827.397445194248576 34.75841691060263372
31827.567273703749379 34.760950535180015208
31827.739132369733852 34.763514943730605466
31827.913334294167726 34.766114825158282997
31828.089448355014611 34.768743761638354783
31828.266833745248732 34.771392199325482864
31828.445494192201295 34.774060202824635724
31828.625431900232797 34.776747814013852178
31828.806546396113845 34.779453540688805901
31828.983784326897876 34.782101874838268429
31829.157297806807037 34.784695053991640634
31829.327253498988284 34.787235535882878423
31829.493829453353101 34.7897259512415431
31829.657211991838267 34.792169057235582841
31829.817593535262858 34.794567704947013453
31829.975168031072826 34.796924770925350856
31830.130130248417117 34.799243146540867144
31830.282674058740668 34.801525712152859171
31830.432991185451101 34.803775318282262674
31830.581270397833578 34.805994773424757227
31830.727697071335569 34.808186837347157905
31830.872453140909784 34.810354220272188286
31831.01571732748198 34.812499586161173681
31831.157665703209204 34.814625561082721106
31831.298472672744538 34.816734747827574381
31831.298472672744538 34.816734747827574381
31831.298472672744538 34.816734747827574381
31831.298472672744538 34.816734747827574381
31831.298472672744538 34.816734747827574381
31831.298472672744538 1e+20
31831.438312072594272 1e+20
31831.577358475184155 1e+20
31831.715788644385611 1e+20
31831.853783077516709 1e+20
31831.991527572983614 1e+20
31832.12921469392677 1e+20
31832.266973498644802 1e+20
31832.404980179959239 1e+20
31832.543448965629068 1e+20
31832.682604115940194 1e+20
31832.82268056065368 1e+20
31832.963924470186612 1e+20
31833.10659385757026 1e+20
31833.250959327528108 1e+20
31833.397305099009827 1e+20
31833.545930389689602 1e+20
31833.697151223168476 1e+20
31833.851302679555374 1e+20
31834.008741555746383 1e+20
31834.169849331170553 1e+20
31834.335035239862918 1e+20
31834.504739119383885 1e+20
31834.675158804322564 1e+20
31834.842279115619021 1e+20
31835.006179940290167 1e+20
31835.166970557562308 1e+20
31835.324783621887036 1e+20
31835.479767392935173 1e+20
31835.632081855259457 1e+20
31835.781894839034067 1e+20
31835.929379049495765 1e+20
31836.074709866385092 1e+20
31836.218063765540137 1e+20
31836.359617211830482 1e+20
31836.499545875838521 1e+20
31836.638024036346906 1e+20
31836.775224046665244 1e+20
31836.911315765988547 1e+20
31837.046465887404338 1e+20
31837.180837131920271 1e+20
31837.314587318898703 1e+20
31837.447868361159635 1e+20
31837.580825263445149 1e+20
31837.71359522003695 1e+20
31837.84630690432823 1e+20
31837.97904930009463 1e+20
31838.111908334034524 1e+20
31838.244989991479088 1e+20
31838.378391513204406 1e+20
31838.512202036818053 1e+20
31838.646503440719243 1e+20
31838.781371319328173 1e+20
31838.916876020717609 1e+20
31839.0530836959515 1e+20
31839.190057744544902 1e+20
31839.327859783606982 1e+20
31839.466548656226223 1e+20
31839.606180844402843 1e+20
31839.746812140179827 1e+20
31839.88849797113653 1e+20
31840.031293621654186 1e+20
31840.175247356732143 1e+20
31840.320407793089544 1e+20
31840.466831180507143 1e+20
31840.614573765928071 1e+20
31840.763691781783564 1e+20
31840.914241432135896 1e+20
31841.066278885500651 1e+20
31841.219860280412831 1e+20
31841.375041747305659 1e+20
31841.531879448350082 1e+20
31841.69042963537504 1e+20
31841.850748724995356 1e+20
31842.012893389488454 1e+20
31842.176920661477197 1e+20
31842.342888050472538 1e+20
31842.51085366917323 1e+20
31842.68087636744167 1e+20
31842.853015871867683 1e+20
31843.027332928777469 1e+20
31843.203889448406699 1e+20
31843.382748647749395 1e+20
31843.563975189277699 1e+20
31843.747635312294733 1e+20
31843.933796953111596 1e+20
31844.12252984956649 1e+20
31844.313905624454492 1e+20
31844.507997841381439 1e+20
31844.704882025227562 1e+20
31844.904635637823958 1e+20
31845.107337997520517 1e+20
31845.313070129137486 1e+20
31845.521914528169873 1e+20
31845.733954820057988 1e+20
31845.949275291928643 1e+20
31846.167960270468029 1e+20
31846.390093315370905 1e+20
31846.615469115717133 1e+20
31846.842358693094866 1e+20
31847.070813334936247 1e+20
31847.300897708264529 1e+20
31847.5326759681775 1e+20
31847.766211470985581 1e+20
31847.997789271481452 1e+20
31848.223655603829684 1e+20
31848.444835732505453 1e+20
31848.662239785178826 1e+20
31848.876683128299192 1e+20
31849.088906146724185 1e+20
31849.299593798019487 1e+20
31849.509395431367011 1e+20
31849.718981065547268 1e+20
31849.928773902371177 1e+20
31850.139307883535366 1e+20
31850.351261562551372 1e+20
31850.565372811477573 1e+20
31850.782465677184518 1e+20
31851.003462150754785 1e+20
31851.229435790726711 1e+20
31851.461675072798243 1e+20
31851.69884196039493 1e+20
31851.93605290184496 1e+20
31852.173364140315243 1e+20
31852.40991211493747 1e+20
31852.644637316974695 1e+20
31852.877560310902481 1e+20
31853.108719168343669 1e+20
31853.338171097322629 1e+20
31853.565993927022646 1e+20
31853.792287375894375 1e+20
31854.017174074753711 1e+20
31854.240800409061194 1e+20
31854.463337435150606 1e+20
31854.68498242295027 1e+20
31854.905961844327976 1e+20
31855.126537725485832 1e+20
31855.347018770968134 1e+20
31855.567642197558598 1e+20
31855.788775728884502 1e+20
31856.010947503913485 1e+20
31856.234836247225758 1e+20
31856.46132085393765 1e+20
31856.691535394878883 1e+20
31856.923692152056901 1e+20
31857.155943122354074 1e+20
31857.388362494835746 1e+20
31857.621023297397187 1e+20
31857.853996662710415 1e+20
31858.087350989691913 1e+20
31858.321150449421111 1e+20
31858.55545405725934 1e+20
31858.790314917696378 1e+20
31859.025779073024751 1e+20
31859.261884446521435 1e+20
31859.498658748292655 1e+20
31859.73611821094164 1e+20
31859.974265976925381 1e+20
31860.210258901493944 1e+20
31860.438966275560233 1e+20
31860.661018432208948 1e+20
31860.8771504906872 1e+20
31861.088137277878559 1e+20
31861.294763314399461 1e+20
31861.497800985278445 1e+20
31861.697994866499357 1e+20
31861.896044708348199 1e+20
31862.092592194752797 1e+20
31862.288211431190575 1e+20
31862.483404499525932 1e+20
31862.678600297236699 1e+20
31862.873983270968893 1e+20
31863.06988927355269 1e+20
31863.266600750230282 1e+20
31863.464356146410864 1e+20
31863.663358486486686 1e+20
31863.863782683980389 1e+20
31864.064870081270783 1e+20
31864.263120728493959 1e+20
31864.458703404467087 1e+20
31864.651784424950165 1e+20
31864.842527988963411 1e+20
31865.031096886312298 1e+20
31865.217653024708852 1e+20
31865.402358970921341 1e+20
31865.58537760145191 1e+20
31865.766873591939657 1e+20
31865.947015425390418 1e+20
31866.125978205600404 1e+20
31866.303941422956996 1e+20
31866.481130493204546 1e+20
31866.657746995133493 1e+20
31866.833994191816601 1e+20
31867.010082619115565 1e+20
31867.186202385200886 1e+20
31867.362497487072687 1e+20
31867.539197244204843 1e+20
31867.7165328697738 1e+20
31867.894740621271922 1e+20
31868.07405343476421 1e+20
31868.254679507495894 1e+20
31868.436796335598046 1e+20
31868.620542927827046 1e+20
31868.806027556282061 1e+20
31868.993314340888901 1e+20
31869.182399268174777 1e+20
31869.373215462099324 1e+20
31869.563713378727698 1e+20
31869.752533198661695 1e+20
31869.939939693744236 1e+20
31870.126180905295769 1e+20
31870.311496450209233 1e+20
31870.496123881308449 1e+20
31870.680305714384303 1e+20
31870.864295843923173 1e+20
31871.048330359455576 1e+20
31871.232600271261617 1e+20
31871.417417347216542 1e+20
31871.603133432672621 1e+20
31871.79015025307308 1e+20
31871.978919011613471 1e+20
31872.16996489646408 1e+20
31872.36087277947081 1e+20
31872.551316261135071 1e+20
31872.741389823324425 1e+20
31872.931183682670962 1e+20
31873.120764228151529 1e+20
31873.310210796236788 1e+20
31873.499597932855977 1e+20
31873.688991361792432 1e+20
31873.878428853291553 1e+20
31874.067995459852682 1e+20
31874.257779237523209 1e+20
31874.447852702440287 1e+20
31874.638287727480929 1e+20
31874.829155981624353 1e+20
31875.020530035759293 1e+20
31875.212483717350551 1e+20
31875.40509221546381 1e+20
31875.598432416554715 1e+20
31875.79258287358607 1e+20
31875.987623655251809 1e+20
31876.183636245765229 1e+20
31876.379453129484318 1e+20
31876.572756219848088 1e+20
31876.764094691348873 1e+20
31876.953985893684148 1e+20
31877.142913504725584 1e+20
31877.331326340674423 1e+20
31877.51963800685553 1e+20
31877.708088509349182 1e+20
31877.896989025586663 1e+20
31878.08666910552347 1e+20
31878.277429270900029 1e+20
31878.469545116488007 1e+20
31878.663271942459687 1e+20
31878.858849688574992 1e+20
31879.05650793064342 1e+20
31879.256470712294686 1e+20
31879.458961019045091 1e+20
31879.664204751061334 1e+20
31879.87243410744486 1e+20
31880.083890349404101 1e+20
31880.298826360834937 1e+20
31880.517507905868115 1e+20
31880.740214291028678 1e+20
31880.967239401787083 1e+20
31881.198891980548069 1e+20
31881.435495554789668 1e+20
31881.677388013195014 1e+20
31881.921795595582807 1e+20
31882.165672303501196 1e+20
31882.409231796551467 1e+20
31882.652639598818496 1e+20
31882.896047089823696 1e+20
31883.139526796967402 1e+20
31883.383207471564674 1e+20
31883.627208771398728 1e+20
31883.871638839147636 1e+20
31884.116594881943456 1e+20
31884.362149724216579 1e+20
31884.608367957040173 1e+20
31884.855319795493415 1e+20
31885.103065977487859 1e+20
31885.351658121318906 1e+20
31885.601139086942567 1e+20
31885.85154333214814 1e+20
31886.102897264423518 1e+20
31886.355219586173916 1e+20
31886.608521627920709 1e+20
31886.862807660036196 1e+20
31887.118075169975782 1e+20
31887.373358995810122 1e+20
31887.625596341571509 1e+20
31887.875359065856173 1e+20
31888.123168673781038 1e+20
31888.369493073369085 1e+20
31888.614764867674239 1e+20
31888.859390208614059 1e+20
31889.103744385836762 1e+20
31889.348145294959977 1e+20
31889.592813354203827 1e+20
31889.836860927924135 1e+20
31890.07861544309344 1e+20
31890.318838082865113 1e+20
31890.558198251117574 1e+20
31890.797309899739048 1e+20
31891.036554687874741 1e+20
31891.276276180171408 1e+20
31891.516881397823454 1e+20
31891.758716572570847 1e+20
31892.0020687110773 1e+20
31892.247166990240657 1e+20
31892.494172022576095 1e+20
31892.742382004616957 1e+20
31892.99022948089987 1e+20
31893.238606969709508 1e+20
31893.488843365183129 1e+20
31893.738276502066583 1e+20
31893.985428605603374 1e+20
31894.230558783889137 1e+20
31894.473940918400331 1e+20
31894.715866489183099 1e+20
31894.955667728943808 1e+20
31895.191203118130943 1e+20
31895.422779391497897 1e+20
31895.65068963675003 1e+20
31895.875217626624362 1e+20
31896.096642117987358 1e+20
31896.315274201046122 1e+20
31896.531375150752865 1e+20
31896.745207554402441 1e+20
31896.957040473786037 1e+20
31897.167140801757341 1e+20
31897.375759675964218 1e+20
31897.58317666473522 1e+20
31897.789652655384998 1e+20
31897.995487293872429 1e+20
31898.200957247383485 1e+20
31898.406378297000629 1e+20
31898.611945026430476 1e+20
31898.81797797035324 1e+20
31899.024856400668796 1e+20
31899.23299540888911 1e+20
31899.442843870885554 1e+20
31899.654904940183769 1e+20
31899.868416626315593 1e+20
31900.080581762089423 1e+20
31900.291474193789327 1e+20
31900.501169819657662 1e+20
31900.709746592052397 1e+20
31900.917284587951144 1e+20
31901.123866097350401 1e+20
31901.329545733500709 1e+20
31901.534407166356687 1e+20
31901.73853620627051 1e+20
31901.942016288925515 1e+20
31902.144937322824262 1e+20
31902.347392089555797 1e+20
31902.549486497417092 1e+20
31902.751325726250798 1e+20
31902.953016465093242 1e+20
31903.154668942319404 1e+20
31903.356361088222911 1e+20
31903.558011660388729 1e+20
31903.757749897809845 1e+20
31903.95582922180256 1e+20
31904.152521351312316 1e+20
31904.348116496348666 1e+20
31904.54292504523255 1e+20
31904.737279962369939 1e+20
31904.93153964868543 1e+20
31905.125944966224779 1e+20
31905.320849135008757 1e+20
31905.516682980229234 1e+20
31905.713906104367197 1e+20
31905.913003354053217 1e+20
31906.114478310402774 1e+20
31906.318842399730784 1e+20
31906.526598839605867 1e+20
31906.738220583720249 1e+20
31906.954122033585008 1e+20
31907.171351676304766 1e+20
31907.385113658267073 1e+20
31907.595907655890187 1e+20
31907.80421192986978 1e+20
31908.01049365194558 1e+20
31908.215220549547666 1e+20
31908.418874092665646 1e+20
31908.621965419697517 1e+20
31908.825049879316794 1e+20
31909.028434549170925 1e+20
31909.232754710661538 1e+20
31909.438716600030602 1e+20
31909.6471232344702 1e+20
31909.858902888467128 1e+20
31910.075107107830263 1e+20
31910.296928469884733 1e+20
31910.525719791927258 1e+20
31910.762408656260959 1e+20
31910.996617532648088 1e+20
31911.22852552560289 1e+20
31911.458305451949855 1e+20
31911.686123891515308 1e+20
31911.912141287244594 1e+20
31912.136512071025209 1e+20
31912.359384514398698 1e+20
31912.580902795183647 1e+20
31912.801203329981945 1e+20
31913.0203842438641 1e+20
31913.238567785210762 1e+20
31913.455869506677118 1e+20
31913.672398104845342 1e+20
31913.888255154284707 1e+20
31914.10353650712932 1e+20
31914.318329346100654 1e+20
31914.532731410825363 1e+20
31914.746817752187781 1e+20
31914.960654835947935 1e+20
31915.174301235016173 1e+20
31915.387808153664082 1e+20
31915.599098610633519 1e+20
31915.808665049695264 1e+20
31916.017226694471901 1e+20
31916.225482105252013 1e+20
31916.433945718436007 1e+20
31916.643212044044049 1e+20
31916.854126106485637 1e+20
31917.067657229155884 1e+20
31917.281290276081563 1e+20
31917.495046120300685 1e+20
31917.708946472241223 1e+20
31917.923014249194239 1e+20
31918.137273783238925 1e+20
31918.351750876168808 1e+20
31918.566472716131102 1e+20
31918.781467842018174 1e+20
31918.996761675505695 1e+20
31919.212379225966288 1e+20
31919.428349158373749 1e+20
31919.644699681291968 1e+20
31919.861457950584736 1e+20
31920.078649698461959 1e+20
31920.29629888161071 1e+20
31920.514427116053412 1e+20
31920.733053251609817 1e+20
31920.952197336355312 1e+20
31921.171877228851372 1e+20
31921.392103761292674 1e+20
31921.612883879308356 1e+20
31921.83422060441444 1e+20
31922.056113021557394 1e+20
31922.278556334917084 1e+20
31922.501541299967357 1e+20
31922.72505507482856 1e+20
31922.947942954138853 1e+20
31923.17006710771966 1e+20
31923.391462534727907 1e+20
31923.612163944886561 1e+20
31923.832230927080673 1e+20
31924.051736948105827 1e+20
31924.270770594805072 1e+20
31924.489436199699412 1e+20
31924.70785390614401 1e+20
31924.926159264585294 1e+20
31925.144490151047648 1e+20
31925.362940172330127 1e+20
31925.581679514685675 1e+20
31925.800890567159513 1e+20
31926.020767342157342 1e+20
31926.241516085727199 1e+20
31926.463355241743557 1e+20
31926.686510734685726 1e+20
31926.911216235730535 1e+20
31927.137718274843792 1e+20
31927.366277902936417 1e+20
31927.596143765837041 1e+20
31927.826157021412655 1e+20
31928.056321973850572 1e+20
31928.286644052270276 1e+20
31928.517128933886852 1e+20
31928.747781334521278 1e+20
31928.978603554307483 1e+20
31929.209593650171882 1e+20
31929.44074338757855 1e+20
31929.67203610267461 1e+20
31929.903445109212043 1e+20
31930.134931229666108 1e+20
31930.366421102698951 1e+20
31930.597828471440152 1e+20
31930.829066562931985 1e+20
31931.060039260206395 1e+20
31931.29064591457427 1e+20
31931.520787252258742 1e+20
31931.750372006132238 1e+20
31931.979323659823422 1e+20
31932.207586643027753 1e+20
31932.435131393427582 1e+20
31932.661957883261493 1e+20
31932.888097438964905 1e+20
31933.113612906949129 1e+20
31933.338597408535861 1e+20
31933.563172015255986 1e+20
31933.787482737719984 1e+20
31934.011697195324814 1e+20
31934.235961138263519 1e+20
31934.460413958157005 1e+20
31934.685262533752393 1e+20
31934.910724469773413 1e+20
31935.137026247204631 1e+20
31935.364399107562349 1e+20
31935.593078535977838 1e+20
31935.823304803860083 1e+20
31936.055319136943581 1e+20
31936.289361312148685 1e+20
31936.525669448077679 1e+20
31936.764488588349195 1e+20
31937.006052346681827 1e+20
31937.250567765528103 1e+20
31937.498224948296411 1e+20
31937.749193101197307 1e+20
31938.003617029440647 1e+20
31938.261614606744843 1e+20
31938.523275769624888 1e+20
31938.788663456463837 1e+20
31939.057816904496576 1e+20
31939.330757326555613 1e+20
31939.607495874890446 1e+20
31939.888042140348261 1e+20
31940.168483955108968 1e+20
31940.444373054313473 1e+20
31940.709445269512798 1e+20
31940.965487072702672 1e+20
31941.214091297541017 1e+20
31941.456646302616718 1e+20
31941.694350195790321 1e+20
31941.928235228144331 1e+20
31942.15919508891966 1e+20
31942.388011808870942 1e+20
31942.615380766179442 1e+20
31942.841934063078952 1e+20
31943.068261512366007 1e+20
31943.294759822878405 1e+20
31943.521877189308725 1e+20
31943.750177212892595 1e+20
31943.980239438566059 1e+20
31944.212673452759191 1e+20
31944.448131668239512 1e+20
31944.687320727949555 1e+20
31944.931012870030827 1e+20
31945.180051726954844 1e+20
31945.435354012599419 1e+20
31945.697908765865577 1e+20
31945.962605169130256 1e+20
31946.219966484019096 1e+20
31946.471369718470669 1e+20
31946.717963432733086 1e+20
31946.960721331030072 1e+20
31947.200471948457562 1e+20
31947.437926016445999 1e+20
31947.67369869841059 1e+20
31947.908328295397951 1e+20
31948.142292423784966 1e+20
31948.376022196422127 1e+20
31948.609834493567178 1e+20
31948.843996954892646 1e+20
31949.078876952928113 1e+20
31949.314833365340746 1e+20
31949.552225162125978 1e+20
31949.791419214892812 1e+20
31950.032797782761918 1e+20
31950.276765260678076 1e+20
31950.52375447221857 1e+20
31950.77423174636715 1e+20
31951.02869985115467 1e+20
31951.287699161031924 1e+20
31951.551802279831463 1e+20
31951.821597530459258 1e+20
31952.092442152530566 1e+20
31952.363589103693812 1e+20
31952.635101769028552 1e+20
31952.907041956139437 1e+20
31953.179488816040248 1e+20
31953.452524565309432 1e+20
31953.724928453320899 1e+20
31953.993109594226553 1e+20
31954.257591773322929 1e+20
31954.518900051745732 1e+20
31954.777575166252063 1e+20
31955.034189940342912 1e+20
31955.289368007743178 1e+20
31955.543805517001601 1e+20
31955.798270273538947 1e+20
31956.053327054218244 1e+20
31956.310029283347831 1e+20
31956.569498342239967 1e+20
31956.833099782539648 1e+20
31957.102434166932653 1e+20
31957.378131524226774 1e+20
31957.655601401173044 1e+20
31957.935709304125339 1e+20
31958.219436833587679 1e+20
31958.505474118872371 1e+20
31958.786841386638116 1e+20
31959.063033174636075 1e+20
31959.333694736018515 1e+20
31959.598657516118692 1e+20
31959.857944956042047 1e+20
31960.11175597663896 1e+20
31960.360435956317815 1e+20
31960.604441901614337 1e+20
31960.844311602642847 1e+20
31961.080635446454835 1e+20
31961.314032413010864 1e+20
31961.54512994290053 1e+20
31961.774547175864427 1e+20
31962.002881183772843 1e+20
31962.230696034413995 1e+20
31962.458514072466642 1e+20
31962.686574952625961 1e+20
31962.915329814226425 1e+20
31963.145179840073979 1e+20
31963.376477780886489 1e+20
31963.609531395719387 1e+20
31963.844608425271872 1e+20
31964.081942759326921 1e+20
31964.321741512172594 1e+20
31964.564192756675766 1e+20
31964.809473687619175 1e+20
31965.057759034520132 1e+20
31965.309230129259959 1e+20
31965.564085309673828 1e+20
31965.822543199392385 1e+20
31966.084842487052811 1e+20
31966.348257218010986 1e+20
31966.610111659381801 1e+20
31966.871531520901044 1e+20
31967.133441932724963 1e+20
31967.397179677929671 1e+20
31967.664625642890314 1e+20
31967.938079212795856 1e+20
31968.220373547475901 1e+20
31968.515026878849312 1e+20
31968.817893098745117 1e+20
31969.115020316614391 1e+20
31969.40752904664987 1e+20
31969.695417442650069 1e+20
31969.97953769041851 1e+20
31970.260726037231507 1e+20
31970.539805942808016 1e+20
31970.817595575885207 1e+20
31971.094912306776678 1e+20
31971.372345135521755 1e+20
31971.649741877590714 1e+20
31971.917895603397483 1e+20
31972.178288746697945 1e+20
31972.432212642666855 1e+20
31972.68079378274706 1e+20
31972.92501824176361 1e+20
31973.165761779557215 1e+20
31973.403817176684242 1e+20
31973.639920796005754 1e+20
31973.874779394860525 1e+20
31974.109098556171375 1e+20
31974.3435165894698 1e+20
31974.578531643590395 1e+20
31974.814999810067093 1e+20
31975.053913585630653 1e+20
31975.296465077484754 1e+20
31975.544127333098004 1e+20
31975.798763542392408 1e+20
31976.0627799255235 1e+20
31976.338534082362457 1e+20
31976.612151024415653 1e+20
31976.884112420964811 1e+20
31977.154887896929722 1e+20
31977.424941973247769 1e+20
31977.694739907590701 1e+20
31977.964655718264112 1e+20
31978.235028366867482 1e+20
31978.506351043692121 1e+20
31978.779140888040274 1e+20
31979.052087003765337 1e+20
31979.323515689717169 1e+20
31979.59379869174154 1e+20
31979.863288954878954 1e+20
31980.132326664930588 1e+20
31980.401244365941238 1e+20
31980.666966796568886 1e+20
31980.928967384959833 1e+20
31981.188636873048381 1e+20
31981.447052007373713 1e+20
31981.705080409461516 1e+20
31981.963338059162197 1e+20
31982.222399975835287 1e+20
31982.478636999418086 1e+20
31982.730995500547579 1e+20
31982.979891446600959 1e+20
31983.225705661065149 1e+20
31983.468784277385566 1e+20
31983.709437927933322 1e+20
31983.947941404097946 1e+20
31984.184532764091273 1e+20
31984.419413914733013 1e+20
31984.652751200097555 1e+20
31984.884639031366532 1e+20
31985.115162677171611 1e+20
31985.344383939172985 1e+20
31985.572334985761699 1e+20
31985.799024711486709 1e+20
31986.024435764516966 1e+20
31986.248553862504195 1e+20
31986.471431545312953 1e+20
31986.693086923300143 1e+20
31986.913545518014871 1e+20
31987.132854409748688 1e+20
31987.351082229415624 1e+20
31987.568328924564412 1e+20
31987.784772574534145 1e+20
31988.000550090426259 1e+20
31988.215830266497505 1e+20
31988.430797129625716 1e+20
31988.645658722252847 1e+20
31988.860597236704052 1e+20
31989.075776121790113 1e+20
31989.291448037984082 1e+20
31989.507887083804235 1e+20
31989.725390614978096 1e+20
31989.944271843705792 1e+20
31990.164867408198916 1e+20
31990.384047041199665 1e+20
31990.60199955580174 1e+20
31990.818958734336775 1e+20
31991.03518199764585 1e+20
31991.250953275812208 1e+20
31991.466584069225064 1e+20
31991.682314391819091 1e+20
31991.898421690893883 1e+20
31992.115268313587876 1e+20
31992.333217004710605 1e+20
31992.552611691331549 1e+20
31992.773753740413667 1e+20
31992.996875375290983 1e+20
31993.222112750470842 1e+20
31993.449481704668869 1e+20
31993.674203232563741 1e+20
31993.896321197233192 1e+20
31994.117200858992874 1e+20
31994.338088751181203 1e+20
31994.559583703488897 1e+20
31994.782868847221835 1e+20
31995.009145352683845 1e+20
31995.239132065664307 1e+20
31995.46705916384235 1e+20
31995.692692269880354 1e+20
31995.915944647418655 1e+20
31996.13686742356731 1e+20
31996.355630699006724 1e+20
31996.572500019727158 1e+20
31996.787810836751305 1e+20
31997.001943293867953 1e+20
31997.215302281590994 1e+20
31997.428290836542146 1e+20
31997.641288259750581 1e+20
31997.854484326959209 1e+20
31998.068225724273361 1e+20
31998.28282503171431 1e+20
31998.498559480274707 1e+20
31998.715672412021377 1e+20
31998.934376168130257 1e+20
31999.154855521930585 1e+20
31999.377270979057357 1e+20
31999.601761508987693 1e+20
31999.828446494353557 1e+20
32000.057426866693277 1e+20
32000.288785529875895 1e+20
32000.522587255738472 1e+20
32000.758878275777533 1e+20
32000.997685796512087 1e+20
32001.239017641040846 1e+20
32001.482862167809799 1e+20
32001.729189270947245 1e+20
32001.977950225747918 1e+20
32002.229077893422073 1e+20
32002.482487085511821 1e+20
32002.731571993273974 1e+20
32002.972689855789213 1e+20
32003.207071750286559 1e+20
32003.435845875093946 1e+20
32003.6600240102307 1e+20
32003.880503441429028 1e+20
32004.098076302201662 1e+20
32004.313442377657339 1e+20
32004.527223302757193 1e+20
32004.739992759736197 1e+20
32004.952275548614125 1e+20
32005.164547668435262 1e+20
32005.377041411375103 1e+20
32005.590199498477887 1e+20
32005.804466030120238 1e+20
32006.020291690820159 1e+20
32006.238143216876779 1e+20
32006.458511086850194 1e+20
32006.681914816515928 1e+20
32006.908905032330949 1e+20
32007.140061175548908 1e+20
32007.375523595841514 1e+20
32007.612165121077851 1e+20
32007.850139728889189 1e+20
32008.089578047871328 1e+20
32008.330596611864166 1e+20
32008.573299604933709 1e+20
32008.817780028970446 1e+20
32009.064122467876587 1e+20
32009.312405671975284 1e+20
32009.562704285701329 1e+20
32009.812848021279933 1e+20
32010.057487354337354 1e+20
32010.296420592996583 1e+20
32010.529655104033736 1e+20
32010.75737270935133 1e+20
32010.979890206872369 1e+20
32011.197621782230271 1e+20
32011.411047350520676 1e+20
32011.620687663777062 1e+20
32011.827085366639949 1e+20
32012.030790571214311 1e+20
32012.232349553374661 1e+20
32012.432295589933346 1e+20
32012.631141367477539 1e+20
32012.829372862077435 1e+20
32013.027444794581243 1e+20
32013.225647262086568 1e+20
32013.424302980845823 1e+20
32013.623779395555175 1e+20
32013.824410981098481 1e+20
32014.02650441305741 1e+20
32014.230341720201977 1e+20
32014.436181951390608 1e+20
32014.644267558349384 1e+20
32014.854830984106229 1e+20
32015.068098893349088 1e+20
32015.284295649944397 1e+20
32015.50364595856081 1e+20
32015.726376655733475 1e+20
32015.952698270288238 1e+20
32016.182824309620628 1e+20
32016.416991120062448 1e+20
32016.655436505003308 1e+20
32016.898397804368869 1e+20
32017.146109201959916 1e+20
32017.398798162772437 1e+20
32017.656680859236076 1e+20
32017.91995640823734 1e+20
32018.188798320803471 1e+20
32018.46334712033422 1e+20
32018.743701433988463 1e+20
32019.027145959214977 1e+20
32019.306582497596537 1e+20
32019.582644468620856 1e+20
32019.856049466969125 1e+20
32020.127618536811497 1e+20
32020.398298803069338 1e+20
32020.669083005985158 1e+20
32020.940700645438483 1e+20
32021.214488525602064 1e+20
32021.491941884927655 1e+20
32021.774699924444576 1e+20
32022.057005651575309 1e+20
32022.338968713753275 1e+20
32022.620746529584721 1e+20
32022.902482127530675 1e+20
32023.184265664924169 1e+20
32023.464619732232677 1e+20
32023.741988695484906 1e+20
32024.016723926983104 1e+20
32024.289156557792012 1e+20
32024.559600301105093 1e+20
32024.828353670316574 1e+20
32025.095702365990292 1e+20
32025.361921554198489 1e+20
32025.627277883166244 1e+20
32025.892031497700373 1e+20
32026.154680455660127 1e+20
32026.410787275850453 1e+20
32026.661984554881201 1e+20
32026.909569090701552 1e+20
32027.154576812867163 1e+20
32027.397843188318802 1e+20
32027.640000669118308 1e+20
32027.88161390121968 1e+20
32028.123165041553875 1e+20
32028.364898449151951 1e+20
32028.607178926067718 1e+20
32028.850367404051212 1e+20
32029.094797874073265 1e+20
32029.340795527270529 1e+20
32029.588677110452409 1e+20
32029.838743659664033 1e+20
32030.091290288608434 1e+20
32030.346611225180823 1e+20
32030.605003634376772 1e+20
32030.866772520083032 1e+20
32031.131008356307575 1e+20
32031.394117684081721 1e+20
32031.656602299754013 1e+20
32031.918867741413123 1e+20
32032.181249232180562 1e+20
32032.444079667689948 1e+20
32032.707800986176153 1e+20
32032.972912071425526 1e+20
32033.239938871462073 1e+20
32033.509398621044966 1e+20
32033.781861139250395 1e+20
32034.057972241746029 1e+20
32034.327959682406799 1e+20
32034.590965822830185 1e+20
32034.848228416176426 1e+20
32035.100900768316933 1e+20
32035.350049649528955 1e+20
32035.596656643854658 1e+20
32035.841632219402527 1e+20
32036.082303389397566 1e+20
32036.31885067951589 1e+20
32036.55158316365123 1e+20
32036.780810710406513 1e+20
32037.006839761121228 1e+20
32037.229980758049351 1e+20
32037.45055298880834 1e+20
32037.668890974098758 1e+20
32037.885352664692618 1e+20
32038.10032953319751 1e+20
32038.314258264814271 1e+20
32038.527633371482807 1e+20
32038.741014174436714 1e+20
32038.95472663077453 1e+20
32039.169452712227212 1e+20
32039.385953692941257 1e+20
32039.605065157174977 1e+20
32039.827685678435955 1e+20
32040.054759138034569 1e+20
32040.28724953215351 1e+20
32040.526104482014489 1e+20
32040.772200976232853 1e+20
32041.02626546715328 1e+20
32041.281772562469996 1e+20
32041.537217860332021 1e+20
32041.792856252788624 1e+20
32042.04912389418314 1e+20
32042.306549876138888 1e+20
32042.565755889678258 1e+20
32042.827501889161795 1e+20
32043.092752552933234 1e+20
32043.356906856086425 1e+20
32043.610835222763853 1e+20
32043.856703461657162 1e+20
32044.09641543449834 1e+20
32044.331626083236188 1e+20
32044.563759261109226 1e+20
32044.794027593059582 1e+20
32045.023455483216821 1e+20
32045.252896216439694 1e+20
32045.482724746336316 1e+20
32045.713621981907636 1e+20
32045.946183669060702 1e+20
32046.180949272194994 1e+20
32046.418424642833997 1e+20
32046.659100583194231 1e+20
32046.903465963783674 1e+20
32047.152016842930607 1e+20
32047.405262557454989 1e+20
32047.663729688392777 1e+20
32047.921611156201834 1e+20
32048.175577235659148 1e+20
32048.426238072770502 1e+20
32048.674265574234596 1e+20
32048.920422423278069 1e+20
32049.165585891878436 1e+20
32049.410767227953329 1e+20
32049.65658892898864 1e+20
32049.904379120522208 1e+20
32050.155722421885002 1e+20
32050.409755369259074 1e+20
32050.663896266367374 1e+20
32050.918480521660967 1e+20
32051.173961787953886 1e+20
32051.430797739947593 1e+20
32051.689475816121558 1e+20
32051.950071183939144 1e+20
32052.206596484324109 1e+20
32052.458992861458682 1e+20
32052.707233393579372 1e+20
32052.951318771658407 1e+20
32053.191273270818783 1e+20
32053.427141092848615 1e+20
32053.658983119508775 1e+20
32053.886874082752911 1e+20
32054.110900135176053 1e+20
32054.331156790663954 1e+20
32054.547747198175784 1e+20
32054.760780705604702 1e+20
32054.970371670871828 1e+20
32055.176638478606037 1e+20
32055.379702722195361 1e+20
32055.579688514972077 1e+20
32055.776721898419055 1e+20
32055.970930321404012 1e+20
32056.162442171971634 1e+20
32056.351386353555426 1e+20
32056.537891910629696 1e+20
32056.722087723883305 1e+20
32056.904102312477335 1e+20
32057.084037808552239 1e+20
32057.262020737951389 1e+20
32057.438177546966472 1e+20
32057.612635617562773 1e+20
32057.785524635783077 1e+20
32057.956979753922496 1e+20
32058.127151492884877 1e+20
32058.296193301117455 1e+20
32058.464270439628308 1e+20
32058.631564283867192 1e+20
32058.798275668425049 1e+20
32058.964627580913657 1e+20
32059.130866892806807 1e+20
32059.297185523573717 1e+20
32059.463809663018765 1e+20
32059.631043380821211 1e+20
32059.799209216005693 1e+20
32059.968644286240306 1e+20
32060.139695907808346 1e+20
32060.312717067317863 1e+20
32060.488061933974677 1e+20
32060.666081341096287 1e+20
32060.847117859153514 1e+20
32061.031499864464422 1e+20
32061.219533849121945 1e+20
32061.411494054944342 1e+20
32061.607609217935533 1e+20
32061.808061778450792 1e+20
32062.013021970607952 1e+20
32062.222550676891842 1e+20
32062.436463584559533 1e+20
32062.654370607444434 1e+20
32062.875792017483036 1e+20
32063.100177987929783 1e+20
32063.326888931384019 1e+20
32063.555244253890123 1e+20
32063.784581180334499 1e+20
32064.014313781306555 1e+20
32064.24381790031839 1e+20
32064.472825875815033 1e+20
32064.701229481172049 1e+20
32064.92902521056385 1e+20
32065.156278379945434 1e+20
32065.38309072613265 1e+20
32065.609576333739824 1e+20
32065.83584595398861 1e+20
32066.062000914884266 1e+20
32066.288129627097078 1e+20
32066.514284396202129 1e+20
32066.740521277606604 1e+20
32066.966899042559817 1e+20
32067.19346539331309 1e+20
32067.42025835406821 1e+20
32067.647306954513624 1e+20
32067.874631362152286 1e+20
32068.102242767945427 1e+20
32068.330143154922553 1e+20
32068.558325086774857 1e+20
32068.786771652863536 1e+20
32069.015456698263733 1e+20
32069.244345421124308 1e+20
32069.473395377441193 1e+20
32069.702557854241604 1e+20
32069.93177950768586 1e+20
32070.16098080226584 1e+20
32070.390099262349395 1e+20
32070.619079113577754 1e+20
32070.84786756846006 1e+20
32071.076416251380579 1e+20
32071.304682547113771 1e+20
32071.532630883859383 1e+20
32071.760233963439532 1e+20
32071.987473923669313 1e+20
32072.214343413113966 1e+20
32072.440846542311192 1e+20
32072.667000019140687 1e+20
32072.89283286466889 1e+20
32073.118386917267344 1e+20
32073.343716351570038 1e+20
32073.568879825175827 1e+20
32073.793953954631434 1e+20
32074.019022725940886 1e+20
32074.244132729920238 1e+20
32074.469368775808107 1e+20
32074.694815268758248 1e+20
32074.92054791839837 1e+20
32075.146628167865856 1e+20
32075.37309796585032 1e+20
32075.599975452998478 1e+20
32075.827252128667169 1e+20
32076.054891982992558 1e+20
32076.282832914548635 1e+20
32076.510990517595928 1e+20
32076.739264047017059 1e+20
32076.967507513792953 1e+20
32077.195595126813714 1e+20
32077.423433552550705 1e+20
32077.650950230618037 1e+20
32077.878099137695244 1e+20
32078.104864353754238 1e+20
32078.331261272465781 1e+20
32078.557335550642165 1e+20
32078.78316010085473 1e+20
32079.00883057881947 1e+20
32079.234459895807959 1e+20
32079.46013098446565 1e+20
32079.685949733269808 1e+20
32079.912046000481496 1e+20
32080.138547267408285 1e+20
32080.365574452036526 1e+20
32080.593238639572519 1e+20
32080.82163869730357 1e+20
32081.050859659906564 1e+20
32081.280971725645941 1e+20
32081.512029630695906 1e+20
32081.744072438206786 1e+20
32081.977123469481739 1e+20
32082.21119020302649 1e+20
32082.446264281676122 1e+20
32082.682321449137817 1e+20
32082.918546876393521 1e+20
32083.154452873786795 1e+20
32083.390184455111012 1e+20
32083.625881961685081 1e+20
32083.861632581531012 1e+20
32084.097547964516707 1e+20
32084.333752889975585 1e+20
32084.570365331765061 1e+20
32084.807496404828271 1e+20
32085.045250910934556 1e+20
32085.283728204547515 1e+20
32085.523023864730931 1e+20
32085.763232648365374 1e+20
32086.003183509852533 1e+20
32086.242419654150581 1e+20
32086.480821544148057 1e+20
32086.718279369979427 1e+20
32086.95469403012612 1e+20
32087.18997799347926 1e+20
32087.424055900173698 1e+20
32087.656864930919255 1e+20
32087.888354986971535 1e+20
32088.118488731175603 1e+20
32088.347241544528515 1e+20
32088.574601463864383 1e+20
32088.800569133847603 1e+20
32089.025157828265947 1e+20
32089.248393599958945 1e+20
32089.470315612961713 1e+20
32089.690976720656181 1e+20
32089.9104443631295 1e+20
32090.128801866179856 1e+20
32090.346150226101599 1e+20
32090.562610449524072 1e+20
32090.778326474403002 1e+20
32090.993468612901779 1e+20
32091.208237318318425 1e+20
32091.42286688627064 1e+20
32091.637562506402901 1e+20
32091.852544474517344 1e+20
32092.068140322899126 1e+20
32092.284711938045803 1e+20
32092.50264892035193 1e+20
32092.722357645434386 1e+20
32092.944245818867785 1e+20
32093.16870265777834 1e+20
32093.396075156688312 1e+20
32093.626641273149289 1e+20
32093.860581452026963 1e+20
32094.097950849340123 1e+20
32094.33779609483463 1e+20
32094.576341322059307 1e+20
32094.813796465747146 1e+20
32095.050379742744553 1e+20
32095.286317388061434 1e+20
32095.521839882167114 1e+20
32095.757216209934995 1e+20
32095.992635483224149 1e+20
32096.227715919671027 1e+20
32096.459065745559201 1e+20
32096.68704399503622 1e+20
32096.912076050008181 1e+20
32097.134619580574508 1e+20
32097.355136780643079 1e+20
32097.574073130217585 1e+20
32097.791827285465843 1e+20
32098.008770219617872 1e+20
32098.22522698613102 1e+20
32098.441476068972406 1e+20
32098.657738400099333 1e+20
32098.874123986719496 1e+20
32099.090808889908658 1e+20
32099.307935987377277 1e+20
32099.525620441840147 1e+20
32099.743960823165253 1e+20
32099.963037270154018 1e+20
32100.182908101520297 1e+20
32100.40361728112839 1e+20
32100.625196341006813 1e+20
32100.847665581648471 1e+20
32101.071035416069208 1e+20
32101.295307575124752 1e+20
32101.520475842338783 1e+20
32101.746527030118159 1e+20
32101.973442037313362 1e+20
32102.201197010734177 1e+20
32102.429764611333667 1e+20
32102.659115368780476 1e+20
32102.889219095162844 1e+20
32103.120046319807443 1e+20
32103.351569702728739 1e+20
32103.583765383409627 1e+20
32103.816614224211662 1e+20
32104.048517968494707 1e+20
32104.278217975865118 1e+20
32104.505661693598086 1e+20
32104.73081408122016 1e+20
32104.953656541845703 1e+20
32105.174185715659405 1e+20
32105.392412199209502 1e+20
32105.608359246547479 1e+20
32105.822079669702362 1e+20
32106.033621038361161 1e+20
32106.243039256558404 1e+20
32106.450398009070341 1e+20
32106.65576800294366 1e+20
32106.859226279244467 1e+20
32107.060855654603074 1e+20
32107.260744316230557 1e+20
32107.458985582648893 1e+20
32107.655677836472023 1e+20
32107.850924645070336 1e+20
32108.044835027321824 1e+20
32108.237523864467221 1e+20
32108.429112425936182 1e+20
32108.619728967267292 1e+20
32108.809509343154787 1e+20
32108.998597565507225 1e+20
32109.187146226049663 1e+20
32109.375317231300869 1e+20
32109.563280559723353 1e+20
32109.751214366744534 1e+20
32109.939226260776195 1e+20
32110.127489499911462 1e+20
32110.316196833609865 1e+20
32110.50554348319929 1e+20
32110.695724604829593 1e+20
32110.886932393506868 1e+20
32111.079352887860296 1e+20
32111.273162533099821 1e+20
32111.468524555122713 1e+20
32111.665585198083136 1e+20
32111.86446988843818 1e+20
32112.065279415906843 1e+20
32112.268086711264914 1e+20
32112.472933034743619 1e+20
32112.679824824699608 1e+20
32112.888732373157836 1e+20
32113.099589275057951 1e+20
32113.312293415485328 1e+20
32113.526709685007518 1e+20
32113.742674443587021 1e+20
32113.960001533898321 1e+20
32114.178489414451178 1e+20
32114.394278713516542 1e+20
32114.607277303693991 1e+20
32114.817879904672736 1e+20
32115.026474061698536 1e+20
32115.233435071986605 1e+20
32115.439122747236979 1e+20
32115.643879659954109 1e+20
32115.848030588927941 1e+20
32116.051882922340155 1e+20
32116.255727803873015 1e+20
32116.459708724974917 1e+20
32116.664089936919481 1e+20
32116.869129538572452 1e+20
32117.075076166325744 1e+20
32117.282171381000808 1e+20
32117.490651977856032 1e+20
32117.700752160017146 1e+20
32117.912705537957663 1e+20
32118.125442701613792 1e+20
32118.337047059394536 1e+20
32118.547471744506765 1e+20
32118.756673280367977 1e+20
32118.964612123520055 1e+20
32119.171252645948698 1e+20
32119.376563270241604 1e+20
32119.580516555852228 1e+20
32119.783089220763941 1e+20
32119.984262093395955 1e+20
32120.184020001965109 1e+20
32120.382351617652603 1e+20
32120.57924927165368 1e+20
32120.774708763525268 1e+20
32120.968727851635776 1e+20
32121.161308733611804 1e+20
32121.352456547982001 1e+20
32121.54217922324824 1e+20
32121.730487333414203 1e+20
32121.917393963201903 1e+20
32122.10291458188658 1e+20
32122.287066925367981 1e+20
32122.469870886281569 1e+20
32122.651348412142397 1e+20
32122.831523411739909 1e+20
32123.010421670001961 1e+20
32123.188070771677303 1e+20
32123.364500034298544 1e+20
32123.539740451004036 1e+20
32123.713824644033593 1e+20
32123.886786830182245 1e+20
32124.058662799052399 1e+20
32124.229489905923401 1e+20
32124.399307080977451 1e+20
32124.568154856788169 1e+20
32124.736075415916275 1e+20
32124.903112660165789 1e+20
32125.069312302533945 1e+20
32125.234721981829352 1e+20
32125.399391398495936 1e+20
32125.563372468230227 1e+20
32125.726719487352966 1e+20
32125.889489300898276 1e+20
32126.051741460880294 1e+20
32126.213538358533697 1e+20
32126.374945310926705 1e+20
32126.536030579398357 1e+20
32126.696865295711177 1e+20
32126.857523271792161 1e+20
32127.018080671157804 1e+20
32127.178615524866473 1e+20
32127.3391789025045 1e+20
32127.499838860254386 1e+20
32127.660674694790941 1e+20
32127.821764516622352 1e+20
32127.983184083419474 1e+20
32128.145005540718557 1e+20
32128.307296106417198 1e+20
32128.470116739234072 1e+20
32128.633520833656803 1e+20
32128.797552985310176 1e+20
32128.96224787191386 1e+20
32129.127629296432133 1e+20
32129.293709440447856 1e+20
32129.460488376633293 1e+20
32129.627953888109914 1e+20
32129.796081638301985 1e+20
32129.96483572599027 1e+20
32130.134169645945803 1e+20
32130.304027656828112 1e+20
32130.474346545212029 1e+20
32130.64505769680909 1e+20
32130.816089368930989 1e+20
32130.987369143676915 1e+20
32131.158826369024609 1e+20
32131.330394460779644 1e+20
32131.502012928656768 1e+20
32131.673613358190778 1e+20
32131.845148457730829 1e+20
32132.016588597369264 1e+20
32132.187913583547925 1e+20
32132.359112013728009 1e+20
32132.530180275851308 1e+20
32132.701121311707539 1e+20
32132.871943266905873 1e+20
32133.042658139042032 1e+20
32133.213280513726204 1e+20
32133.383826450430206 1e+20
32133.554312552030751 1e+20
32133.724755227252899 1e+20
32133.895170136784145 1e+20
32134.065571802046179 1e+20
32134.235973349623237 1e+20
32134.40638173581101 1e+20
32134.576806755758298 1e+20
32134.747257567727502 1e+20
32134.917741724308144 1e+20
32135.088265214180865 1e+20
32135.258832520161377 1e+20
32135.429446682228445 1e+20
32135.600109356426401 1e+20
32135.770820862147957 1e+20
32135.94158021145995 1e+20
32136.112385114902281 1e+20
32136.283231958586839 1e+20
32136.454115747441392 1e+20
32136.625030009057809 1e+20
32136.795966651567142 1e+20
32136.966915767239698 1e+20
32137.13785891401858 1e+20
32137.30878018815929 1e+20
32137.479660777902609 1e+20
32137.650478129915427 1e+20
32137.821205155727512 1e+20
32137.991809285893396 1e+20
32138.162251462399581 1e+20
32138.332485349794297 1e+20
32138.502457348360622 1e+20
32138.67210823329151 1e+20
32138.841376921824121 1e+20
32139.0102056277683 1e+20
32139.178544389807939 1e+20
32139.346353265496873 1e+20
32139.513602135841211 1e+20
32139.680269211483392 1e+20
32139.846339276227809 1e+20
32140.01180219440721 1e+20
32140.176651806352311 1e+20
32140.340885163201165 1e+20
32140.504502010924625 1e+20
32140.667504445005761 1e+20
32140.829896676455974 1e+20
32140.991684870979952 1e+20
32141.152877035641723 1e+20
32141.313482937381195 1e+20
32141.473514043853356 1e+20
32141.632983480973053 1e+20
32141.791906094895239 1e+20
32141.950298267092876 1e+20
32142.108177987578529 1e+20
32142.265564860670565 1e+20
32142.422480120556429 1e+20
32142.57894665454296 1e+20
32142.734989030883298 1e+20
32142.890633526796591 1e+20
32143.045908151168987 1e+20
32143.200842655398446 1e+20
32143.355468524983735 1e+20
32143.509818943988648 1e+20
32143.663928723861318 1e+20
32143.817834189656423 1e+20
32143.971573015129252 1e+20
32144.125184005824849 1e+20
32144.278706822082313 1e+20
32144.432181641506759 1e+20
32144.585648765729275 1e+20
32144.73913203365737 1e+20
32144.892667161097052 1e+20
32145.046292663268105 1e+20
32145.200045468998724 1e+20
32145.353960405369435 1e+20
32145.508069700466876 1e+20
32145.66240252357602 1e+20
32145.8169845820521 1e+20
32145.971837792691076 1e+20
32146.126980041717616 1e+20
32146.282425048335426 1e+20
32146.43818233793354 1e+20
32146.594257326993102 1e+20
32146.750651521801046 1e+20
32146.907362824913434 1e+20
32147.064385939647764 1e+20
32147.221712858710816 1e+20
32147.379333419463364 1e+20
32147.537235905267153 1e+20
32147.695407670307759 1e+20
32147.853835764060932 1e+20
32148.01250753167551 1e+20
32148.17141116761195 1e+20
32148.330536202327494 1e+20
32148.489873905215063 1e+20
32148.64941759147041 1e+20
32148.809162825618841 1e+20
32148.969107519984391 1e+20
32149.129251931801264 1e+20
32149.289598567778739 1e+20
32149.450152009616431 1e+20
32149.610918674876302 1e+20
32149.771906532143475 1e+20
32149.933124789673457 1e+20
32150.094583572801639 1e+20
32150.256293605489191 1e+20
32150.418265907974273 1e+20
32150.580511519183347 1e+20
32150.743041249279486 1e+20
32150.905865464817907 1e+20
32151.068993906490505 1e+20
32151.232435537680431 1e+20
32151.396198420865403 1e+20
32151.560289618355455 1e+20
32151.724715113712591 1e+20
32151.88947975046176 1e+20
32152.054587185109995 1e+20
32152.220039848882152 1e+20
32152.385838918209629 1e+20
32152.55198430130622 1e+20
32152.718474633817095 1e+20
32152.885307277520042 1e+20
32153.052478326088021 1e+20
32153.219982617756614 1e+20
32153.387813754827221 1e+20
32153.555964129976928 1e+20
32153.724424959349562 1e+20
32153.893186322315159 1e+20
32154.06223720782873 1e+20
32154.231565567199141 1e+20
32154.401158577911701 1e+20
32154.57100249373616 1e+20
32154.741082522752549 1e+20
32154.911383109083545 1e+20
32155.081888015873119 1e+20
32155.252580414053227 1e+20
32155.423442977036757 1e+20
32155.594457980409061 1e+20
32155.765607408313372 1e+20
32155.936873066442786 1e+20
32156.108236700532871 1e+20
32156.279680122155696 1e+20
32156.451185302106751 1e+20
32156.622734561737161 1e+20
32156.794310344717815 1e+20
32156.96589435572605 1e+20
32157.137465043153497 1e+20
32157.309008252526837 1e+20
32157.480511086603656 1e+20
32157.651962130003085 1e+20
32157.823351667819225 1e+20
32157.99467191840813 1e+20
32158.165917281770817 1e+20
32158.33708460518028 1e+20
32158.508173468078894 1e+20
32158.679186488778214 1e+20
32158.850129655289493 1e+20
32159.021012682769651 1e+20
32159.191849398888735 1e+20
32159.362658156216639 1e+20
32159.533462266594142 1e+20
32159.704278905821411 1e+20
32159.875136724935146 1e+20
32160.046073381963652 1e+20
32160.217132804289577 1e+20
32160.388365460177738 1e+20
32160.559828410332557 1e+20
32160.731584889457736 1e+20
32160.903703504238365 1e+20
32161.076256872864178 1e+20
32161.249319648442906 1e+20
32161.422966032740078 1e+20
32161.597266187884088 1e+20
32161.772282056699623 1e+20
32161.948063142368483 1e+20
32162.124641895392415 1e+20
32162.302029234928341 1e+20
32162.480210161298601 1e+20
32162.65914102168972 1e+20
32162.838748199676047 1e+20
32163.018927715223981 1e+20
32163.19954687682548 1e+20
32163.380447907133203 1e+20
32163.561436520016287 1e+20
32163.742241833027947 1e+20
32163.922669469618995 1e+20
32164.102532939246885 1e+20
32164.281661343280575 1e+20
32164.459905883275496 1e+20
32164.637144863303547 1e+20
32164.813286974342191 1e+20
32164.98827284995059 1e+20
32165.162075032072607 1e+20
32165.334696587313374 1e+20
32165.506168665866426 1e+20
32165.676547522376495 1e+20
32165.845910488187656 1e+20
32166.014352510537719 1e+20
32166.181981541674759 1e+20
32166.348915025901078 1e+20
32166.515276302783604 1e+20
32166.681191347150161 1e+20
32166.846786436595721 1e+20
32167.01218472301116 1e+20
32167.177504869130644 1e+20
32167.342842462767294 1e+20
32167.508267551631434 1e+20
32167.673882425107877 1e+20
32167.839781933784252 1e+20
32168.006053498094843 1e+20
32168.172777452211449 1e+20
32168.340027298974746 1e+20
32168.507870146251662 1e+20
32168.676367403277254 1e+20
32168.84557624682202 1e+20
32169.015549048024695 1e+20
32169.186332763954852 1e+20
32169.357970270950318 1e+20
32169.530500641551043 1e+20
32169.703959357415442 1e+20
32169.878378468369192 1e+20
32170.053786704080267 1e+20
32170.230209544512036 1e+20
32170.407669255273504 1e+20
32170.586184894687904 1e+20
32170.7657722999611 1e+20
32170.94644405208237 1e+20
32171.12820942568942 1e+20
32171.311074327761162 1e+20
32171.495041225054592 1e+20
32171.680109066004661 1e+20
32171.864733757003705 1e+20
32172.047763738628419 1e+20
32172.229196581563883 1e+20
32172.40903588907895 1e+20
32172.587290790539555 1e+20
32172.76397542099221 1e+20
32172.939108402952115 1e+20
32173.112712342695886 1e+20
32173.284813350084733 1e+20
32173.455440587840712 1e+20
32173.624625852891768 1e+20
32173.792403195122461 1e+20
32173.958808571045665 1e+20
32174.123879531565763 1e+20
32174.287654943087546 1e+20
32174.45017474011911 1e+20
32174.611479707255057 1e+20
32174.771611288237182 1e+20
32174.930611419880734 1e+20
32175.088522388814454 1e+20
32175.245386708902515 1e+20
32175.401247018126014 1e+20
32175.556145993479731 1e+20
32175.71012628340759 1e+20
32175.863230459101032 1e+20
32176.015500994544709 1e+20
32176.166982815935626 1e+20
32176.317717709611316 1e+20
32176.467747293161665 1e+20
32176.617113016687654 1e+20
32176.765856181325944 1e+20
32176.914017963692459 1e+20
32177.061639447263587 1e+20
32177.208761653615511 1e+20
32177.355425569203362 1e+20
32177.501672164657066 1e+20
32177.647542396214703 1e+20
32177.793077183127025 1e+20
32177.938317351636215 1e+20
32178.083303537019674 1e+20
32178.228074583599664 1e+20
32178.372670444532559 1e+20
32178.517130254735093 1e+20
32178.661491997292615 1e+20
32178.805792105955334 1e+20
32178.95006501242824 1e+20
32179.094341799598624 1e+20
32179.238638023645763 1e+20
32179.382980843329278 1e+20
32179.527393613352615 1e+20
32179.671895402931113 1e+20
32179.816500571396318 1e+20
32179.96121842473076 1e+20
32180.106052974650083 1e+20
32180.251002818185952 1e+20
32180.396061151284812 1e+20
32180.541215924731659 1e+20
32180.686450145174604 1e+20
32180.831742317772296 1e+20
32180.977067081788846 1e+20
32181.122384917372983 1e+20
32181.267659577988525 1e+20
32181.412857919644011 1e+20
32181.557946613971581 1e+20
32181.702893073790619 1e+20
32181.847666347057384 1e+20
32181.992237950104027 1e+20
32182.136582614108193 1e+20
32182.280678922801599 1e+20
32182.424509824606503 1e+20
32182.568063007824094 1e+20
32182.711331133286876 1e+20
32182.854311924580543 1e+20
32182.997008121426916 1e+20
32183.139427306796279 1e+20
32183.281581622715748 1e+20
32183.423487393276446 1e+20
32183.565164675928827 1e+20
32183.706636763781717 1e+20
32183.847929661900707 1e+20
32183.989071559783042 1e+20
32184.130092320167023 1e+20
32184.271023001205322 1e+20
32184.41189542534994 1e+20
32184.552741803840036 1e+20
32184.693591511877457 1e+20
32184.834463437680824 1e+20
32184.975389501207246 1e+20
32185.116401161798422 1e+20
32185.257529297949077 1e+20
32185.398804127904441 1e+20
32185.540255162315589 1e+20
32185.681911180214229 1e+20
32185.823800220230623 1e+20
32185.965949579880544 1e+20
32186.108385817093222 1e+20
32186.251134753438237 1e+20
32186.394221462825953 1e+20
32186.537670254379918 1e+20
32186.681503688392695 1e+20
32186.825743501278339 1e+20
32186.970411522339418 1e+20
32187.115528696165711 1e+20
32187.261115033052192 1e+20
32187.407189557066886 1e+20
32187.553770254282426 1e+20
32187.700874024012592 1e+20
32187.848516636018758 1e+20
32187.996712696658506 1e+20
32188.145475626777625 1e+20
32188.294817653859354 1e+20
32188.444749820864672 1e+20
32188.595282013608085 1e+20
32188.746423007953126 1e+20
32188.898180537787994 1e+20
32189.050561383872264 1e+20
32189.203571482692496 1e+20
32189.357216054333549 1e+20
32189.511499747142807 1e+20
32189.666426794683503 1e+20
32189.822001187931164 1e+20
32189.978226856266701 1e+20
32190.135107848269399 1e+20
32190.292648519629438 1e+20
32190.450853710142837 1e+20
32190.60972890809353 1e+20
32190.769280425523903 1e+20
32190.92951556025946 1e+20
32191.090442734664975 1e+20
32191.252071618018817 1e+20
32191.414413251950464 1e+20
32191.577480165833549 1e+20
32191.741286462871358 1e+20
32191.905847897796775 1e+20
32192.071181958497618 1e+20
32192.237307941963081 1e+20
32192.404247012462292 1e+20
32192.572022263262625 1e+20
32192.740658776812779 1e+20
32192.910183684001822 1e+20
32193.08062622360012 1e+20
32193.252017798451561 1e+20
32193.424392027995054 1e+20
32193.597784795441839 1e+20
32193.771182615000725 1e+20
32193.943735145556275 1e+20
32194.11548816951472 1e+20
32194.286491055183433 1e+20
32194.456796852646221 1e+20
32194.626462384341721 1e+20
32194.795548312275059 1e+20
32194.964119160016708 1e+20
32195.132243264732097 1e+20
32195.299992633204965 1e+20
32195.467442676690553 1e+20
32195.634671802752564 1e+20
32195.801760849288257 1e+20
32195.9687923499514 1e+20
32196.135837057474419 1e+20
32196.302949242792238 1e+20
32196.470211261552322 1e+20
32196.637703383439657 1e+20
32196.805502531067759 1e+20
32196.973680984068778 1e+20
32197.142305089939327 1e+20
32197.311434032526449 1e+20
32197.481118692958262 1e+20
32197.651401394748973 1e+20
32197.822314310295042 1e+20
32197.993878052478976 1e+20
32198.166101964947302 1e+20
32198.338983929505048 1e+20
32198.512510443499195 1e+20
32198.686656985501031 1e+20
32198.86138867745467 1e+20
32199.036661239686509 1e+20
32199.212422220520239 1e+20
32199.38861246588931 1e+20
32199.565167778408068 1e+20
32199.742020699373825 1e+20
32199.919102335297794 1e+20
32200.096344142973976 1e+20
32200.273679585363425 1e+20
32200.451043040317018 1e+20
32200.628351167972141 1e+20
32200.80555384571926 1e+20
32200.982607052490494 1e+20
32201.159472863510018 1e+20
32201.336119168041478 1e+20
32201.512519173484179 1e+20
32201.688650766656792 1e+20
32201.86449580149565 1e+20
32202.040039373889158 1e+20
32202.215269131185778 1e+20
32202.390174649121036 1e+20
32202.564746894844575 1e+20
32202.738977782995789 1e+20
32202.912859823049075 1e+20
32203.086385850489023 1e+20
32203.259548831385473 1e+20
32203.432341728788742 1e+20
32203.604757419707312 1e+20
32203.776788652263349 1e+20
32203.94842803408028 1e+20
32204.119668044328137 1e+20
32204.290501063169359 1e+20
32204.460919413661031 1e+20
32204.630915412122704 1e+20
32204.800481423899328 1e+20
32204.969609922078234 1e+20
32205.138293547734065 1e+20
32205.306525170384703 1e+20
32205.474297947774176 1e+20
32205.641605384429567 1e+20
32205.808441388624487 1e+20
32205.974800327465346 1e+20
32206.140677079925808 1e+20
32206.306067087614792 1e+20
32206.470966403099737 1e+20
32206.635371735606896 1e+20
32206.799280493858532 1e+20
32206.962690825886966 1e+20
32207.125601655632636 1e+20
32207.288012716158846 1e+20
32207.449924579406797 1e+20
32207.611338682458154 1e+20
32207.772257350366999 1e+20
32207.932683815666678 1e+20
32208.092622234766168 1e+20
32208.252077701468806 1e+20
32208.411056257933524 1e+20
32208.56956490344237 1e+20
32208.72761205212737 1e+20
32208.885206554270553 1e+20
32209.042358242251794 1e+20
32209.199077931822103 1e+20
32209.355377422602032 1e+20
32209.511269496855675 1e+20
32209.666767660986807 1e+20
32209.821886699966853 1e+20
32209.976642359648395 1e+20
32210.131051328593458 1e+20
32210.285131213182467 1e+20
32210.438900502525939 1e+20
32210.59237852048318 1e+20
32210.745585361761187 1e+20
32210.898541809016024 1e+20
32211.051269227988087 1e+20
32211.203789438051899 1e+20
32211.356124556274153 1e+20
32211.508296814052301 1e+20
32211.660328346741153 1e+20
32211.81224095822472 1e+20
32211.964055864096736 1e+20
32212.115793418921385 1e+20
32212.267472834701039 1e+20
32212.41911189907114 1e+20
32212.570726702837419 1e+20
32212.722331387023587 1e+20
32212.873937423682946 1e+20
32213.025550201895385 1e+20
32213.177178088975779 1e+20
32213.328826916513208 1e+20
32213.480499930159567 1e+20
32213.632197801325674 1e+20
32213.783918702814844 1e+20
32213.935658448197501 1e+20
32214.087410971751524 1e+20
32214.239167452848051 1e+20
32214.390913846233161 1e+20
32214.542638653871109 1e+20
32214.694329702251707 1e+20
32214.845974544834462 1e+20
32214.997560865638661 1e+20
32215.149076871304715 1e+20
32215.300511659188487 1e+20
32215.451855549898028 1e+20
32215.603100373806228 1e+20
32215.754239702946506 1e+20
32215.905269021688582 1e+20
32216.056185832181654 1e+20
32216.206989693226205 1e+20
32216.357682194069639 1e+20
32216.508266867407656 1e+20
32216.658749048303434 1e+20
32216.809135687897651 1e+20
32216.959435132201179 1e+20
32217.109656877080852 1e+20
32217.259811310832447 1e+20
32217.409909454629087 1e+20
32217.559962710420223 1e+20
32217.709982623997348 1e+20
32217.859980669054494 1e+20
32218.009968056150683 1e+20
32218.15995556852431 1e+20
32218.309948550155241 1e+20
32218.459956716276793 1e+20
32218.609989232169028 1e+20
32218.760054467355076 1e+20
32218.910159940198355 1e+20
32219.060312279470963 1e+20
32219.210517200033792 1e+20
32219.360779489914421 1e+20
32219.511103006476333 1e+20
32219.661490679893177 1e+20
32219.811944523131388 1e+20
32219.962465650209197 1e+20
32220.11305433371308 1e+20
32220.263710407765757 1e+20
32220.414432639394363 1e+20
32220.565218410294619 1e+20
32220.716064294130774 1e+20
32220.866966081313876 1e+20
32221.017918805584486 1e+20
32221.168916772512603 1e+20
32221.319953589947545 1e+20
32221.471022200395964 1e+20
32221.62211491535345 1e+20
32221.773223451466038 1e+20
32221.924338177010213 1e+20
32222.075445682545251 1e+20
32222.226535911086103 1e+20
32222.377598393912194 1e+20
32222.528622294288652 1e+20
32222.679596451820544 1e+20
32222.830509427258221 1e+20
32222.981349547502759 1e+20
32223.132104950629582 1e+20
32223.282763630737463 1e+20
32223.433313482441008 1e+20
32223.583742344861093 1e+20
32223.734038045004127 1e+20
32223.884188440373691 1e+20
32224.034181460774562 1e+20
32224.184005149181758 1e+20
32224.333647701663722 1e+20
32224.483097506257764 1e+20
32224.632343180808675 1e+20
32224.781373609723232 1e+20
32224.930178913709824 1e+20
32225.078748919597274 1e+20
32225.227073808338901 1e+20
32225.375144165216625 1e+20
32225.522951016311708 1e+20
32225.670485860839108 1e+20
32225.817740701219009 1e+20
32225.96470807154401 1e+20
32226.111381064631132 1e+20
32226.257753357789625 1e+20
32226.403819237319112 1e+20
32226.549573621792661 1e+20
32226.695012084157497 1e+20
32226.840130872660666 1e+20
32226.984926930708752 1e+20
32227.129397915901791 1e+20
32227.273542217655631 1e+20
32227.417358974678791 1e+20
32227.560848091845401 1e+20
32227.704010256969923 1e+20
32227.846846958014794 1e+20
32227.989360501029296 1e+20
32228.131554029532708 1e+20
32228.273431546065694 1e+20
32228.414997936604777 1e+20
32228.556258998822159 1e+20
32228.697221474907565 1e+20
32228.837893089825229 1e+20
32228.97828259560265 1e+20
32229.118399822098581 1e+20
32229.258255734199338 1e+20
32229.397862494923174 1e+20
32229.537233533133985 1e+20
32229.676383613630605 1e+20
32229.815328906312061 1e+20
32229.954087049842201 1e+20
32230.092677203894709 1e+20
32230.231120082808047 1e+20
32230.369437962308439 1e+20
32230.507654650140466 1e+20
32230.645795411164727 1e+20
32230.783886837911268 1e+20
32230.921956658774434 1e+20
32231.06002997944961 1e+20
32231.198124880578689 1e+20
32231.336270593295922 1e+20
32231.474496257080318 1e+20
32231.612830430873146 1e+20
32231.751300558800722 1e+20
32231.889932406727894 1e+20
32232.02874948936369 1e+20
32232.167772509721544 1e+20
32232.307018833627808 1e+20
32232.446502021797642 1e+20
32232.586231440567644 1e+20
32232.726211969966243 1e+20
32232.866443824485032 1e+20
32233.006922498017957 1e+20
32233.14763883994965 1e+20
32233.288579264772125 1e+20
32233.429726092621422 1e+20
32233.57105801337093 1e+20
32233.712550661992282 1e+20
32233.854177288718347 1e+20
32233.995909503664734 1e+20
32234.13771807221201 1e+20
32234.279573735177109 1e+20
32234.421447742683085 1e+20
32234.563300687324954 1e+20
32234.70510935513812 1e+20
32234.846853794497292 1e+20
32234.988517806497839 1e+20
32235.130089309259347 1e+20
32235.27156056700187 1e+20
32235.41292828036967 1e+20
32235.554193540403503 1e+20
32235.695361654306907 1e+20
32235.836441857016325 1e+20
32235.977446926823177 1e+20
32236.118392727392347 1e+20
32236.259297700740717 1e+20
32236.400182336601574 1e+20
32236.541067913050938 1e+20
32236.681966612701217 1e+20
32236.822901739877125 1e+20
32236.963897099434689 1e+20
32237.104976452090341 1e+20
32237.246163019157393 1e+20
32237.387479386896302 1e+20
32237.52894731134802 1e+20
32237.670587575405079 1e+20
32237.812419891797617 1e+20
32237.954462844088994 1e+20
32238.096733858124935 1e+20
32238.239249197060417 1e+20
32238.382023974125332 1e+20
32238.525072178152186 1e+20
32238.668406707281974 1e+20
32238.812039407101111 1e+20
32238.955981110011635 1e+20
32239.100241673440905 1e+20
32239.24483001517001 1e+20
32239.389754144944163 1e+20
32239.535021192084969 1e+20
32239.680637429373746 1e+20
32239.826608293766185 1e+20
32239.972938404614979 1e+20
32240.119631580160785 1e+20
32240.26669085294634 1e+20
32240.414118484735809 1e+20
32240.561915981368657 1e+20
32240.710084107933653 1e+20
32240.858622904452204 1e+20
32241.007531702256529 1e+20
32241.156809141168196 1e+20
32241.30645318747338 1e+20
32241.456461152803968 1e+20
32241.606829713968182 1e+20
32241.757554933625215 1e+20
32241.908632281891187 1e+20
32242.060056658883695 1e+20
32242.211822418263182 1e+20
32242.363923391814751 1e+20
32242.51635291513594 1e+20
32242.669103854543209 1e+20
32242.822168635251728 1e+20
32242.975539270992158 1e+20
32243.129207395148114 1e+20
32243.283164293545269 1e+20
32243.437400939008512 1e+20
32243.591908027825411 1e+20
32243.746676018188737 1e+20
32243.901695170738094 1e+20
32244.05695559126616 1e+20
32244.212447275640443 1e+20
32244.36816015691511 1e+20
32244.524084154661978 1e+20
32244.68020922641881 1e+20
32244.836525421160331 1e+20
32244.993022934664623 1e+20
32245.149692166527529 1e+20
32245.306523778614064 1e+20
32245.463508754663053 1e+20
32245.62063846077217 1e+20
32245.777904706461413 1e+20
32245.935299655404378 1e+20
32246.092816047515953 1e+20
32246.250447400423582 1e+20
32246.408187914395967 1e+20
32246.566032529779477 1e+20
32246.723976982408203 1e+20
32246.882017856365565 1e+20
32247.040152633177058 1e+20
32247.198379736251809 1e+20
32247.356698568895808 1e+20
32247.515109543652216 1e+20
32247.673614098486723 1e+20
32247.83221469988348 1e+20
32247.990914827234519 1e+20
32248.149718928816583 1e+20
32248.308632344993384 1e+20
32248.46766119201493 1e+20
32248.626812199767301 1e+20
32248.786092497859499 1e+20
32248.945509346343897 1e+20
32249.105069810484565 1e+20
32249.26478038303685 1e+20
32249.424646562369162 1e+20
32249.584672399982082 1e+20
32249.744860035989404 1e+20
32249.905209245283913 1e+20
32250.065717019835574 1e+20
32250.226377213402884 1e+20
32250.387180273737613 1e+20
32250.548113084099896 1e+20
32250.709158931076672 1e+20
32250.870297609570116 1e+20
32251.031505669045146 1e+20
32251.192756798169285 1e+20
32251.354019465667079 1e+20
32251.515250474320055 1e+20
32251.676418186456431 1e+20
32251.837491167498229 1e+20
32251.99843902063003 1e+20
32252.159233215206768 1e+20
32252.319847879818553 1e+20
32252.480260532840475 1e+20
32252.640452789553819 1e+20
32252.800410806732543 1e+20
32252.960125722915109 1e+20
32253.119593937823083 1e+20
32253.278817251688452 1e+20
32253.437802863132674 1e+20
32253.596563229169988 1e+20
32253.755115795505844 1e+20
32253.91348260995801 1e+20
32254.071689835935103 1e+20
32254.229767186541721 1e+20
32254.387747302684147 1e+20
32254.545664853572816 1e+20
32254.703556358908827 1e+20
32254.861453730689391 1e+20
32255.019381433121453 1e+20
32255.177377260595676 1e+20
32255.335478583168879 1e+20
32255.493721906143037 1e+20
32255.652142505641677 1e+20
32255.81077413937237 1e+20
32255.969648827893252 1e+20
32256.12879671574774 1e+20
32256.288245952720899 1e+20
32256.448022618558753 1e+20
32256.608150715583179 1e+20
32256.768652169605048 1e+20
32256.929546848350583 1e+20
32257.090852591139992 1e+20
32257.252585245172668 1e+20
32257.41475870501381 1e+20
32257.577384953190631 1e+20
32257.740474100646679 1e+20
32257.904034426610451 1e+20
32258.068072413207119 1e+20
32258.232592784050212 1e+20
32258.397598548970564 1e+20
32258.563091046442423 1e+20
32258.729069986144168 1e+20
32258.895533491955575 1e+20
32259.062478146839567 1e+20
32259.22989904005226 1e+20
32259.397789816375735 1e+20
32259.566142727402621 1e+20
32259.734948684730625 1e+20
32259.904197315045167 1e+20
32260.073877017213817 1e+20
32260.243975344750652 1e+20
32260.414478736769524 1e+20
32260.585372266119521 1e+20
32260.75664003034035 1e+20
32260.928265225466021 1e+20
32261.100230225216364 1e+20
32261.272516666875163 1e+20
32261.445105545029946 1e+20
32261.61797731409024 1e+20
32261.791112000471912 1e+20
32261.964489325044269 1e+20
32262.138088836120005 1e+20
32262.311890052838862 1e+20
32262.48587261841385 1e+20
32262.660016462246858 1e+20
32262.834301969345688 1e+20
32263.008710155270819 1e+20
32263.183222844378179 1e+20
32263.357822848840442 1e+20
32263.532494145616511 1e+20
32263.707222048033145 1e+20
32263.881993367929681 1e+20
32264.056796563017997 1e+20
32264.231621862272732 1e+20
32264.406461359430978 1e+20
32264.581309061290085 1e+20
32264.75616087346134 1e+20
32264.931014502490143 1e+20
32265.105869250513933 1e+20
32265.28072567840718 1e+20
32265.455585117033479 1e+20
32265.630449015108752 1e+20
32265.805318126476777 1e+20
32265.980191558897786 1e+20
32266.155064093236433 1e+20
32266.329924885634682 1e+20
32266.504759089712024 1e+20
32266.679545822767977 1e+20
32266.854257217688428 1e+20
32267.028859233643743 1e+20
32267.203311433495401 1e+20
32267.377567653733422 1e+20
32267.551577068865299 1e+20
32267.725285602755321 1e+20
32267.898637613052415 1e+20
32268.071577755072212 1e+20
32268.244052919642854 1e+20
32268.416014136051672 1e+20
32268.587418336686824 1e+20
32268.758229892267991 1e+20
32268.928421845615958 1e+20
32269.09797679444091 1e+20
32269.266887396570382 1e+20
32269.435156499235745 1e+20
32269.602796914830833 1e+20
32269.769830889043078 1e+20
32269.936289326200495 1e+20
32270.102210850494885 1e+20
32270.267640787977143 1e+20
32270.432630143382994 1e+20
32270.597234624161501 1e+20
32270.761513723846292 1e+20
32270.925529841417301 1e+20
32271.089347394750803 1e+20
32271.253031897056644 1e+20
32271.416648998871096 1e+20
32271.580263534528058 1e+20
32271.743908435742924 1e+20
32271.907644263661496 1e+20
32272.071530086679559 1e+20
32272.235621647705557 1e+20
32272.399971023220132 1e+20
32272.564626439165295 1e+20
32272.729632217397011 1e+20
32272.895028822284075 1e+20
32273.060852977381728 1e+20
32273.227138364822167 1e+20
32273.393915279888461 1e+20
32273.561210271884192 1e+20
32273.729046852862666 1e+20
32273.897445664548286 1e+20
32274.066424626853404 1e+20
32274.235999067506782 1e+20
32274.406181833888695 1e+20
32274.576983388753433 1e+20
32274.748411892720469 1e+20
32274.920473276491975 1e+20
32275.09317130571435 1e+20
32275.266507641186763 1e+20
32275.440481896865094 1e+20
32275.615091697913158 1e+20
32275.790332740656595 1e+20
32275.966198855236144 1e+20
32276.142682074660115 1e+20
32276.319772712024132 1e+20
32276.497459444883134 1e+20
32276.675729407616018 1e+20
32276.854568289989402 1e+20
32277.033960579970881 1e+20
32277.21388954219583 1e+20
32277.394337166522746 1e+20
32277.575284358510544 1e+20
32277.756711019283102 1e+20
32277.938596142463211 1e+20
32278.120917939890205 1e+20
32278.303653998387745 1e+20
32278.486781464376691 1e+20
32278.670277249424544 1e+20
32278.854118250619649 1e+20
32279.038281580906187 1e+20
32279.222744805629191 1e+20
32279.40748618165162 1e+20
32279.592484895132657 1e+20
32279.777721294143703 1e+20
32279.963177111429104 1e+20
32280.148835671367124 1e+20
32280.334682074113516 1e+20
32280.520703347840026 1e+20
32280.70688855712433 1e+20
32280.893228859415103 1e+20
32281.07971747206102 1e+20
32281.266349541052477 1e+20
32281.453121965496393 1e+20
32281.640032954233902 1e+20
32281.827081403876946 1e+20
32282.014266231355577 1e+20
32282.201585485163378 1e+20
32282.389035298510862 1e+20
32282.576608732484601 1e+20
32282.764294573033112 1e+20
32282.952076164878235 1e+20
32283.139930379162251 1e+20
32283.327826815489971 1e+20
32283.515715108438599 1e+20
32283.703535967586504 1e+20
32283.89123254417791 1e+20
32284.078742023040832 1e+20
32284.265997128288291 1e+20
32284.452927871880092 1e+20
32284.639463850769971 1e+20
32284.825536241205555 1e+20
32285.011080225034675 1e+20
32285.196036989178538 1e+20
32285.380355601966585 1e+20
32285.563994793184975 1e+20
32285.7469237328296 1e+20
32285.929123043908476 1e+20
32286.110585223977978 1e+20
32286.291314640089695 1e+20
32286.471327173516329 1e+20
32286.650649543273175 1e+20
32286.829318358635646 1e+20
32287.007378958587651 1e+20
32287.18488409602287 1e+20
32287.361892532873753 1e+20
32287.538467589900392 1e+20
32287.714675719984371 1e+20
32287.890585143279168 1e+20
32288.066264587105252 1e+20
32288.241782161207084 1e+20
32288.417204388839309 1e+20
32288.592595403435553 1e+20
32288.768001437580097 1e+20
32288.943466136053758 1e+20
32289.119045139919763 1e+20
32289.294790127656597 1e+20
32289.470748640174861 1e+20
32289.646964013936667 1e+20
32289.823475385270285 1e+20
32290.000317747791996 1e+20
32290.177522047535604 1e+20
32290.355115303413186 1e+20
32290.533120743475592 1e+20
32290.711557949933194 1e+20
32290.890443007934664 1e+20
32291.069788654567674 1e+20
32291.249604425654979 1e+20
32291.429896798636037 1e+20
32291.610669331817917 1e+20
32291.791922794112907 1e+20
32291.973655287496513 1e+20
32292.155862364485074 1e+20
32292.33853713501594 1e+20
32292.521670364469173 1e+20
32292.705250562306901 1e+20
32292.889264054781961 1e+20
32293.073695372106158 1e+20
32293.258526991729013 1e+20
32293.443739051817829 1e+20
32293.629309699619625 1e+20
32293.815170452900929 1e+20
32293.99928985954466 1e+20
32294.181821509795554 1e+20
32294.362926898938895 1e+20
32294.542773180644872 1e+20
32294.721531448201858 1e+20
32294.899375513112318 1e+20
32295.07648112435345 1e+20
32295.253025564918062 1e+20
32295.429187550929782 1e+20
32295.605147413341911 1e+20
32295.781087280229258 1e+20
32295.957109612867498 1e+20
32296.133389654598432 1e+20
32296.310115465817944 1e+20
32296.487478545579506 1e+20
32296.66567610146376 1e+20
32296.844906409405667 1e+20
32297.025366211259097 1e+20
32297.207254065760935 1e+20
32297.390769394674862 1e+20
32297.574318783659692 1e+20
32297.757109425871022 1e+20
32297.939080229101819 1e+20
32298.120175918746099 1e+20
32298.300348269181995 1e+20
32298.479557780228788 1e+20
32298.657774525636341 1e+20
32298.83497900889779 1e+20
32299.011162758994033 1e+20
32299.186328656582191 1e+20
32299.36049127392107 1e+20
32299.533676123082842 1e+20
32299.705919535168505 1e+20
32299.87726805208149 1e+20
32300.047777651489014 1e+20
32300.217512834722584 1e+20
32300.386545607980224 1e+20
32300.554954386385361 1e+20
32300.722822849882505 1e+20
32300.890238779415085 1e+20
32301.057292902845802 1e+20
32301.224077768805728 1e+20
32301.39068669504195 1e+20
32301.55721279077261 1e+20
32301.723743497190299 1e+20
32301.89032849645082 1e+20
32302.057056706464209 1e+20
32302.224014277297101 1e+20
32302.391284172044834 1e+20
32302.55894587311559 1e+20
32302.72707520336553 1e+20
32302.895744248831761 1e+20
32303.065021384340071 1e+20
32303.234971343903453 1e+20
32303.405655313476018 1e+20
32303.577131066427683 1e+20
32303.749453108834132 1e+20
32303.922672606520791 1e+20
32304.096837716395385 1e+20
32304.271993907681463 1e+20
32304.448183809905458 1e+20
32304.6254472489818 1e+20
32304.803821244167921 1e+20
32304.983339842801797 1e+20
32305.164034080542478 1e+20
32305.345931989962992 1e+20
32305.529058390158752 1e+20
32305.713434708883142 1e+20
32305.899078780330456 1e+20
32306.086004623586632 1e+20
32306.274222206317063 1e+20
32306.463737217774906 1e+20
32306.654550811803347 1e+20
32306.846659352246206 1e+20
32307.040054200377199 1e+20
32307.234721510416421 1e+20
32307.430642046776484 1e+20
32307.62779105503796 1e+20
32307.826138182397699 1e+20
32308.025647442565969 1e+20
32308.226277255580499 1e+20
32308.427980565600592 1e+20
32308.630705051073164 1e+20
32308.834393421366258 1e+20
32309.038983805119642 1e+20
32309.244410244664323 1e+20
32309.450603289296851 1e+20
32309.657490684312506 1e+20
32309.864998108765576 1e+20
32310.073050046285061 1e+20
32310.281570719012961 1e+20
32310.490485042024375 1e+20
32310.697952936767251 1e+20
32310.903982815707423 1e+20
32311.108709442723921 1e+20
32311.312264387142932 1e+20
32311.514778215478145 1e+20
32311.716382259273814 1e+20
32311.91721014716677 1e+20
32312.117399277634831 1e+20
32312.317092359215167 1e+20
32312.516439104980236 1e+20
32312.715598140755901 1e+20
32312.914739168543747 1e+20
32313.11395323160832 1e+20
32313.313410541803023 1e+20
32313.51331578686586 1e+20
32313.713894134343718 1e+20
32313.91539362252297 1e+20
32314.118103395201615 1e+20
32314.322349022098933 1e+20
32314.528480638506153 1e+20
32314.736791996343527 1e+20
32314.944738355516165 1e+20
32315.152164311410161 1e+20
32315.358884722027142 1e+20
32315.564692307903897 1e+20
32315.769367913857423 1e+20
32315.972692332044971 1e+20
32316.174458393401437 1e+20
32316.374482044404431 1e+20
32316.572611419971508 1e+20
32316.768733263143076 1e+20
32316.962776507531089 1e+20
32317.154713187450398 1e+20
32317.344557095777418 1e+20
32317.532360730554501 1e+20
32317.718211069124663 1e+20
32317.902225364377955 1e+20
32318.084546871348721 1e+20
32318.265335766107455 1e+20
32318.444765061743965 1e+20
32318.623018769834744 1e+20
32318.800286108878936 1e+20
32318.9767578159408 1e+20
32319.152622787332803 1e+20
32319.328069082544971 1e+20
32319.503283810838184 1e+20
32319.678434875662788 1e+20
32319.853633379156236 1e+20
32320.029000977185206 1e+20
32320.2046810375723 1e+20
32320.38080991555762 1e+20
32320.557514227963111 1e+20
32320.734908401442226 1e+20
32320.913098570454167 1e+20
32321.092184047942283 1e+20
32321.272257522225118 1e+20
32321.453405156302324 1e+20
32321.635707855333749 1e+20
32321.819241902965587 1e+20
32322.004079495342012 1e+20
32322.190289068661514 1e+20
32322.377935562635685 1e+20
32322.567080582328344 1e+20
32322.757782470125676 1e+20
32322.950096290456713 1e+20
32323.144073737108556 1e+20
32323.339762970808806 1e+20
32323.53720839415837 1e+20
32323.73645036520611 1e+20
32323.937524915614631 1e+20
32324.14046334003433 1e+20
32324.345291736637591 1e+20
32324.55203061904831 1e+20
32324.760694469208829 1e+20
32324.971291286237829 1e+20
32325.183822146886087 1e+20
32325.398280795023311 1e+20
32325.614653279746562 1e+20
32325.832917662279215 1e+20
32326.053043707619508 1e+20
32326.274992907827254 1e+20
32326.498718593855301 1e+20
32326.724165971285402 1e+20
32326.951271386373264 1e+20
32327.179963825514278 1e+20
32327.410166471629054 1e+20
32327.641796341475128 1e+20
32327.874765080498037 1e+20
32328.108979878739774 1e+20
32328.344344517103309 1e+20
32328.580760552598804 1e+20
32328.818128643993987 1e+20
32329.056349969025177 1e+20
32329.295327580606681 1e+20
32329.534967387411598 1e+20
32329.775179938915244 1e+20
32330.015877161567914 1e+20
32330.256966736662434 1e+20
32330.498347232285596 1e+20
32330.739898920277483 1e+20
32330.981434966714005 1e+20
32331.222697313944082 1e+20
32331.46342930328683 1e+20
32331.70333005091743 1e+20
32331.94206490198485 1e+20
32332.179282876059006 1e+20
32332.4146387255023 1e+20
32332.647817753913841 1e+20
32332.878553253372957 1e+20
32333.106644677289296 1e+20
32333.331967254369374 1e+20
32333.554474926098919 1e+20
32333.774196568207117 1e+20
32333.991229258463136 1e+20
32334.205728447552247 1e+20
32334.417897665342025 1e+20
32334.627975345018058 1e+20
32334.836224690530798 1e+20
32335.042921914915496 1e+20
32335.248350695947011 1e+20
32335.452792970932933 1e+20
32335.656522919754934 1e+20
32335.859802467788541 1e+20
32336.062877964955987 1e+20
32336.265966290786309 1e+20
32336.469186002810602 1e+20
32336.672740164056449 1e+20
32336.876814770595956 1e+20
32337.081579985941062 1e+20
32337.28719169537726 1e+20
32337.493793171783182 1e+20
32337.701516673278093 1e+20
32337.910484911091771 1e+20
32338.120812318946264 1e+20
32338.332606095114897 1e+20
32338.545967003370606 1e+20
32338.760989930931828 1e+20
32338.977764208437293 1e+20
32339.196373700724507 1e+20
32339.416896679671481 1e+20
32339.639405492744118 1e+20
32339.863966044322297 1e+20
32340.090637111519754 1e+20
32340.319469522415602 1e+20
32340.550505231567513 1e+20
32340.783776334916183 1e+20
32341.019304072313389 1e+20
32341.257097870267899 1e+20
32341.497154478896846 1e+20
32341.739457252162538 1e+20
32341.983975622541038 1e+20
32342.230664817441721 1e+20
32342.479465842592617 1e+20
32342.73030575800658 1e+20
32342.983098255925142 1e+20
32343.237744527865289 1e+20
32343.493134193777223 1e+20
32343.747718406757485 1e+20
32344.001845865568612 1e+20
32344.255876707196876 1e+20
32344.51005116728993 1e+20
32344.764713910641149 1e+20
32345.020291599914344 1e+20
32345.277248476275417 1e+20
32345.536099122684391 1e+20
32345.797418935719179 1e+20
32346.061854756942921 1e+20
32346.328172975787311 1e+20
32346.594375890301308 1e+20
32346.860214737018396 1e+20
32347.125449756942544 1e+20
32347.389824669415248 1e+20
32347.653073330711777 1e+20
32347.914930042486958 1e+20
32348.175142550990131 1e+20
32348.433486158697633 1e+20
32348.689777119772771 1e+20
32348.943883665975591 1e+20
32349.195733519256464 1e+20
32349.445317407185939 1e+20
32349.692688716346311 1e+20
32349.937959865881567 1e+20
32350.181296221693628 1e+20
32350.422908395110426 1e+20
32350.663043709086196 1e+20
32350.901977478133631 1e+20
32351.140004584136477 1e+20
32351.377431709610391 1e+20
32351.614570475794608 1e+20
32351.851720678918355 1e+20
32352.089045620246907 1e+20
32352.326845512743603 1e+20
32352.565409640217695 1e+20
32352.805014385503455 1e+20
32353.045922109609819 1e+20
32353.288380679077818 1e+20
32353.532623444374622 1e+20
32353.778869454628875 1e+20
32354.027323733243975 1e+20
32354.278179368156998 1e+20
32354.531615693555068 1e+20
32354.787795924872626 1e+20
32355.046868243432982 1e+20
32355.308964676318283 1e+20
32355.574199596030667 1e+20
32355.842667861274094 1e+20
32356.113297095729649 1e+20
32356.384266312768887 1e+20
32356.65652007296012 1e+20
32356.931369093283138 1e+20
32357.210384983678523 1e+20
32357.495572066873137 1e+20
32357.786904885877448 1e+20
32358.081276934201014 1e+20
32358.376097549135011 1e+20
32358.665537387500081 1e+20
32358.949439389929466 1e+20
32359.227692732685682 1e+20
32359.500247897693043 1e+20
32359.767127550072473 1e+20
32360.028432504408556 1e+20
32360.284340994054219 1e+20
32360.535104436425172 1e+20
32360.781039623045217 1e+20
32361.022520155536768 1e+20
32361.259967298901756 1e+20
32361.493842303869314 1e+20
32361.724640314299904 1e+20
32361.952886022707389 1e+20
32362.179130738426466 1e+20
32362.40395027941122 1e+20
32362.62794308382945 1e+20
32362.851727905814187 1e+20
32363.075726464172476 1e+20
32363.300474889456382 1e+20
32363.526620496784744 1e+20
32363.754809999136342 1e+20
32363.985680288955336 1e+20
32364.219846398718801 1e+20
32364.457886057367432 1e+20
32364.700319953077269 1e+20
32364.947587129921885 1e+20
32365.200015883903689 1e+20
32365.457792414115829 1e+20
32365.720932496988098 1e+20
32365.989264135241683 1e+20
32366.261425822973251 1e+20
32366.525955576802517 1e+20
32366.783627419976256 1e+20
32367.035310770628712 1e+20
32367.281911425874569 1e+20
32367.524331744501978 1e+20
32367.763406327099801 1e+20
32367.99996191549144 1e+20
32368.234769611506636 1e+20
32368.468539659654198 1e+20
32368.701919486549741 1e+20
32368.935396958993806 1e+20
32369.169332034991385 1e+20
32369.404222533597931 1e+20
32369.640514591752435 1e+20
32369.878634234071797 1e+20
32370.118975928373402 1e+20
32370.361884360314434 1e+20
32370.607680552715465 1e+20
32370.85666746887 1e+20
32371.109133957143058 1e+20
32371.365357357470202 1e+20
32371.625604885059147 1e+20
32371.890134030334593 1e+20
32372.159192005674413 1e+20
32372.433014611717226 1e+20
32372.711824037920451 1e+20
32372.990926814611157 1e+20
32373.269166928250343 1e+20
32373.547025646730617 1e+20
32373.82492771320176 1e+20
32374.10309337482613 1e+20
32374.38158729807401 1e+20
32374.659087519834429 1e+20
32374.935796920130088 1e+20
32375.21191003576314 1e+20
32375.487611442575144 1e+20
32375.761427876579546 1e+20
32376.031195698324154 1e+20
32376.297295776588726 1e+20
32376.560135474559502 1e+20
32376.819755351811182 1e+20
32377.075693785871408 1e+20
32377.328459836891852 1e+20
32377.578546769062086 1e+20
32377.826777696620411 1e+20
32378.073539907596569 1e+20
32378.319222940983309 1e+20
32378.564217992676276 1e+20
32378.808887117742415 1e+20
32379.053609533661074 1e+20
32379.298627043754095 1e+20
32379.544333766014461 1e+20
32379.791110412472335 1e+20
32380.039311667005677 1e+20
32380.289227001256222 1e+20
32380.541097502100456 1e+20
32380.795132552706491 1e+20
32381.051461156312143 1e+20
32381.310119545381895 1e+20
32381.571043940944946 1e+20
32381.834071013261564 1e+20
32382.097882149511861 1e+20
32382.359536476855283 1e+20
32382.619522111774131 1e+20
32382.878335734658322 1e+20
32383.136489016360429 1e+20
32383.394517483659001 1e+20
32383.652772870071203 1e+20
32383.911778551952011 1e+20
32384.172178708664433 1e+20
32384.434696024491132 1e+20
32384.700152436431381 1e+20
32384.965099382217886 1e+20
32385.227608452085406 1e+20
32385.488337147224229 1e+20
32385.747856924866937 1e+20
32386.006654754812189 1e+20
32386.265140348798013 1e+20
32386.523642843767448 1e+20
32386.782308869838744 1e+20
32387.041383248590137 1e+20
32387.301056130381767 1e+20
32387.561468976073229 1e+20
32387.822720322012174 1e+20
32388.084870259863237 1e+20
32388.347945992580208 1e+20
32388.611942724121036 1e+20
32388.8768239815181 1e+20
32389.142524683185911 1e+20
32389.408953984475374 1e+20
32389.675998164759221 1e+20
32389.943520818160323 1e+20
32390.211364772538218 1e+20
32390.479279252907872 1e+20
32390.746694504203333 1e+20
32391.007579951623484 1e+20
32391.262535112389742 1e+20
32391.512104113407986 1e+20
32391.756780988227547 1e+20
32391.997023199113755 1e+20
32392.233262689678668 1e+20
32392.465890105577273 1e+20
32392.695333536019461 1e+20
32392.921997769411973 1e+20
32393.146265335944918 1e+20
32393.368491061653913 1e+20
32393.589010422358115 1e+20
32393.808138202442933 1e+20
32394.026171797864663 1e+20
32394.243395135272294 1e+20
32394.460064671686268 1e+20
32394.676453514617606 1e+20
32394.892836242150224 1e+20
32395.109353562558681 1e+20
32395.326280357599899 1e+20
32395.543917467515712 1e+20
32395.76259089564337 1e+20
32395.982659744342527 1e+20
32396.204548971028998 1e+20
32396.427056716063817 1e+20
32396.648675001655647 1e+20
32396.869588959627436 1e+20
32397.089993958677951 1e+20
32397.31009577804798 1e+20
32397.530112748918327 1e+20
32397.750190525981452 1e+20
32397.970516885103279 1e+20
32398.191357412419165 1e+20
32398.41299965430153 1e+20
32398.63575448393749 1e+20
32398.859956204905757 1e+20
32399.085944519407349 1e+20
32399.314022394388303 1e+20
32399.544448366443248 1e+20
32399.77752030107149 1e+20
32400.013710525603528 1e+20
32400.253732863362529 1e+20
32400.49850700978277 1e+20
32400.749087443517055 1e+20
32401.006580978868442 1e+20
32401.272019696109055 1e+20
32401.546142287141265 1e+20
32401.829060044517973 1e+20
32402.115325404913165 1e+20
32402.397937637881114 1e+20
32402.677850587577268 1e+20
32402.955926688588079 1e+20
32403.232960375251423 1e+20
32403.509695369106339 1e+20
32403.780678102699312 1e+20
32404.036726812391862 1e+20
32404.281224868846039 1e+20
32404.516560013686103 1e+20
32404.744508304222109 1e+20
32404.966427835021022 1e+20
32405.183367694608023 1e+20
32405.39618549543593 1e+20
32405.605590122548165 1e+20
32405.812177628020436 1e+20
32406.016456673147331 1e+20
32406.218867614908959 1e+20
32406.419796090638556 1e+20
32406.619607816021016 1e+20
32406.818637539214251 1e+20
32407.017153740798676 1e+20
32407.215398727894353 1e+20
32407.413594638772338 1e+20
32407.611875057475118 1e+20
32407.810392922681785 1e+20
32408.009316456616943 1e+20
32408.208793586782122 1e+20
32408.408956912182475 1e+20
32408.609924374191905 1e+20
32408.811795161833288 1e+20
32409.014652154819487 1e+20
32409.218561804398632 1e+20
32409.423574347893009 1e+20
32409.629726622719318 1e+20
32409.837043305826228 1e+20
32410.045537654736108 1e+20
32410.255210914674535 1e+20
32410.466063922351168 1e+20
32410.678097359548701 1e+20
32410.891306982332026 1e+20
32411.10569168650909 1e+20
32411.321248894088058 1e+20
32411.537980352932209 1e+20
32411.755897809707676 1e+20
32411.975060433123872 1e+20
32412.195554204561631 1e+20
32412.417456155875698 1e+20
32412.640862974381889 1e+20
32412.865891438501421 1e+20
32413.092679042725649 1e+20
32413.321399285116058 1e+20
32413.552255806633184 1e+20
32413.785500693269569 1e+20
32414.021417832354928 1e+20
32414.260290380043443 1e+20
32414.502428156934911 1e+20
32414.748168593687296 1e+20
32414.997879870948964 1e+20
32415.251961191970622 1e+20
32415.510846466291696 1e+20
32415.774999406745337 1e+20
32416.043041541164712 1e+20
32416.311434246810677 1e+20
32416.581193640817219 1e+20
32416.853821205280838 1e+20
32417.131227063870028 1e+20
32417.415916519796156 1e+20
32417.711274515171681 1e+20
32418.014842557913653 1e+20
32418.315430833710707 1e+20
32418.613476787271793 1e+20
32418.909353019869741 1e+20
32419.20337893551914 1e+20
32419.495888894431118 1e+20
32419.787176785466727 1e+20
32420.077492469983554 1e+20
32420.367073279001488 1e+20
32420.656149621991062 1e+20
32420.939853531341214 1e+20
32421.215029819351912 1e+20
32421.484057825618947 1e+20
32421.748984450510761 1e+20
32422.011557003210328 1e+20
32422.273275536092115 1e+20
32422.535221967864345 1e+20
32422.798192368907621 1e+20
32423.063288121724327 1e+20
32423.331537638947339 1e+20
32423.60393246993408 1e+20
32423.881465319522249 1e+20
32424.165186619553424 1e+20
32424.456212318087637 1e+20
32424.755748457570007 1e+20
32425.065161594156962 1e+20
32425.386006826229277 1e+20
32425.709119443381496 1e+20
32426.032006902500143 1e+20
32426.355003392520302 1e+20
32426.675473891769798 1e+20
32426.993927496270771 1e+20
32427.311028498661472 1e+20
32427.627459766015818 1e+20
32427.943936637493607 1e+20
32428.260875990836212 1e+20
32428.577232087107404 1e+20
32428.892699053689284 1e+20
32429.207810042538767 1e+20
32429.522999470416835 1e+20
32429.838588419941516 1e+20
32430.155057228963415 1e+20
32430.472873056201934 1e+20
32430.792495389207033 1e+20
32431.114189862859348 1e+20
32431.429960694938927 1e+20
32431.74050417602848 1e+20
32432.046431348964688 1e+20
32432.348277324414084 1e+20
32432.646538872126257 1e+20
32432.941671891505393 1e+20
32433.234105511110101 1e+20
32433.524253272498754 1e+20
32433.81251709535718 1e+20
32434.09931702326503 1e+20
32434.385071530865389 1e+20
32434.670220961812447 1e+20
32434.955239399318089 1e+20
32435.240464838123444 1e+20
32435.526383658911072 1e+20
32435.813619141903473 1e+20
32436.102866102064581 1e+20
32436.394925491247704 1e+20
32436.690644583602989 1e+20
32436.980561651507742 1e+20
32437.265330787882704 1e+20
32437.545689818311075 1e+20
32437.822398675907607 1e+20
32438.091795548625669 1e+20
32438.35479645659143 1e+20
32438.612206182500813 1e+20
32438.86472415796743 1e+20
32439.112964950425521 1e+20
32439.357475353444897 1e+20
32439.59874650411075 1e+20
32439.837260834814515 1e+20
32440.073410134129517 1e+20
32440.307562394067645 1e+20
32440.540066844336252 1e+20
32440.771248559813102 1e+20
32441.00143520076017 1e+20
32441.230948458698549 1e+20
32441.460065484196093 1e+20
32441.689095065285073 1e+20
32441.918238728954748 1e+20
32442.147767299855332 1e+20
32442.378019013722223 1e+20
32442.609352276762365 1e+20
32442.842131931163749 1e+20
32443.076744830916141 1e+20
32443.313608033648052 1e+20
32443.553176998080744 1e+20
32443.795956824440509 1e+20
32444.042517600315477 1e+20
32444.293506983158295 1e+20
32444.549658968149743 1e+20
32444.811809463441023 1e+20
32445.080910605905956 1e+20
32445.358024578748882 1e+20
32445.633189687341655 1e+20
32445.904618110693264 1e+20
32446.172526260528684 1e+20
32446.437117131808918 1e+20
32446.698582555945904 1e+20
32446.957108579699707 1e+20
32447.212870351035235 1e+20
32447.466036787016492 1e+20
32447.716768883979967 1e+20
32447.965223558680009 1e+20
32448.211554804245679 1e+20
32448.455911970067973 1e+20
32448.698439721367322 1e+20
32448.939277945148206 1e+20
32449.178561643799185 1e+20
32449.416421278176131 1e+20
32449.652964757278824 1e+20
32449.888307401524798 1e+20
32450.122563623721362 1e+20
32450.355842561912141 1e+20
32450.588250225147931 1e+20
32450.819887265599391 1e+20
32451.050848014372605 1e+20
32451.281222839021211 1e+20
32451.511097775441158 1e+20
32451.740566692486027 1e+20
32451.969713153197517 1e+20
32452.198617166584881 1e+20
32452.427353662405949 1e+20
32452.65599715280041 1e+20
32452.884621275818063 1e+20
32453.113272142585629 1e+20
32453.342012300967326 1e+20
32453.570917392364208 1e+20
32453.800065938874468 1e+20
32454.029540773866756 1e+20
32454.259430545411306 1e+20
32454.489831368140585 1e+20
32454.720848746295815 1e+20
32454.952598737942026 1e+20
32455.182094639054412 1e+20
32455.407283962649672 1e+20
32455.628288135230832 1e+20
32455.845320812612044 1e+20
32456.058668838675658 1e+20
32456.268672445254197 1e+20
32456.475707356745261 1e+20
32456.680202426414326 1e+20
32456.882575677624118 1e+20
32457.083243870427395 1e+20
32457.282622181672195 1e+20
32457.481122224609862 1e+20
32457.679157008002221 1e+20
32457.877137450246664 1e+20
32458.075300059437723 1e+20
32458.274037077735557 1e+20
32458.47378253322313 1e+20
32458.674991639938526 1e+20
32458.87814967732993 1e+20
32459.08378270166213 1e+20
32459.292468688203371 1e+20
32459.504848752549151 1e+20
32459.721649388808146 1e+20
32459.943695931742695 1e+20
32460.171921003464377 1e+20
32460.407384980699135 1e+20
32460.651287059165043 1e+20
32460.904969495277328 1e+20
32461.169898512187501 1e+20
32461.447599186882144 1e+20
32461.739540573878912 1e+20
32462.038138735635584 1e+20
32462.336180275986408 1e+20
32462.633999792677059 1e+20
32462.931908532085799 1e+20
32463.230206132178864 1e+20
32463.528543532847834 1e+20
32463.821178969774337 1e+20
32464.110395830230118 1e+20
32464.398166223600128 1e+20
32464.686120891143219 1e+20
32464.975315483257873 1e+20
32465.267472499130236 1e+20
32465.564339136653871 1e+20
32465.861459610579914 1e+20
32466.14960472196617 1e+20
32466.430051155170077 1e+20
32466.703914780158811 1e+20
32466.972206921240286 1e+20
32467.235862944839027 1e+20
32467.495732602885255 1e+20
32467.752636634875671 1e+20
32468.007393697069347 1e+20
32468.260849133752345 1e+20
32468.513902659138694 1e+20
32468.767251598543226 1e+20
32469.021740190397395 1e+20
32469.278554928932863 1e+20
32469.539065655535524 1e+20
32469.804876629372302 1e+20
32470.077881379853352 1e+20
32470.357726565456687 1e+20
32470.641991864868032 1e+20
32470.932348699156137 1e+20
32471.230861381191062 1e+20
32471.537332926836825 1e+20
32471.842054379074398 1e+20
32472.138896099811973 1e+20
32472.422267391026253 1e+20
32472.694563794942951 1e+20
32472.957960489831748 1e+20
32473.214404343627393 1e+20
32473.465631927701907 1e+20
32473.713199957535835 1e+20
32473.958521170334279 1e+20
32474.202888148574857 1e+20
32474.44739970567025 1e+20
32474.692794109188981 1e+20
32474.940266680918285 1e+20
32475.191038690991263 1e+20
32475.446398793144908 1e+20
32475.707750078487152 1e+20
32475.976664213256299 1e+20
32476.243935586673615 1e+20
32476.509678829021141 1e+20
32476.774024011589063 1e+20
32477.03712478838861 1e+20
32477.299109300984128 1e+20
32477.560085989440267 1e+20
32477.820144909357623 1e+20
32478.079358254472027 1e+20
32478.337784348768764 1e+20
32478.595468326202536 1e+20
32478.852444354768522 1e+20
32479.108737848338933 1e+20
32479.364368683203793 1e+20
32479.619350959117583 1e+20
32479.873695941198093 1e+20
32480.127441080257995 1e+20
32480.380595011007244 1e+20
32480.633167004070856 1e+20
32480.885167456253839 1e+20
32481.136608144835918 1e+20
32481.387517053011834 1e+20
32481.63790934424469 1e+20
32481.887801270473574 1e+20
32482.137209877626447 1e+20
32482.38615271121671 1e+20
32482.634647534679971 1e+20
32482.882712084199738 1e+20
32483.130363874381146 1e+20
32483.377620062590722 1e+20
32483.624497375276405 1e+20
32483.87101209737375 1e+20
32484.117180115830706 1e+20
32484.363017024275905 1e+20
32484.608538626340305 1e+20
32484.853760089132265 1e+20
32485.098697272773279 1e+20
32485.343366563323798 1e+20
32485.587785134466685 1e+20
32485.831971351766697 1e+20
32486.075945055250486 1e+20
32486.319727741731185 1e+20
32486.563342886205646 1e+20
32486.80681626594378 1e+20
32487.050176063257823 1e+20
32487.293453106383822 1e+20
32487.536681093693915 1e+20
32487.779866467157262 1e+20
32488.023050213174429 1e+20
32488.26626554377799 1e+20
32488.509548374451697 1e+20
32488.752947029977804 1e+20
32488.996513453148509 1e+20
32489.240304820541496 1e+20
32489.484385532243323 1e+20
32489.728825049831357 1e+20
32489.973694000294927 1e+20
32490.219067399459163 1e+20
32490.465024787568836 1e+20
32490.711650359255145 1e+20
32490.959033089719014 1e+20
32491.207266897050431 1e+20
32491.456372044871387 1e+20
32491.705585600229824 1e+20
32491.955257018209522 1e+20
32492.205893327602098 1e+20
32492.458020122910966 1e+20
32492.712142684737046 1e+20
32492.968759511928511 1e+20
32493.227784247315867 1e+20
32493.488752474186185 1e+20
32493.751817369622586 1e+20
32494.017138650968263 1e+20
32494.284881272938946 1e+20
32494.555216882989043 1e+20
32494.828324300586246 1e+20
32495.104386654460541 1e+20
32495.373163938853395 1e+20
32495.635351883269323 1e+20
32495.892479983474914 1e+20
32496.14584030052356 1e+20
32496.396510777103686 1e+20
32496.645396186144353 1e+20
32496.893264453599841 1e+20
32497.140798653119418 1e+20
32497.388466168846207 1e+20
32497.636668869494315 1e+20
32497.885932106546534 1e+20
32498.136752753020119 1e+20
32498.38961057299457 1e+20
32498.644982396443083 1e+20
32498.903352280165564 1e+20
32499.16521897239727 1e+20
32499.431102524868038 1e+20
32499.701552618254937 1e+20
32499.975969339178846 1e+20
32500.246758361205138 1e+20
32500.514193223214534 1e+20
32500.778560226630361 1e+20
32501.040171245109377 1e+20
32501.299364199610864 1e+20
32501.5565070925295 1e+20
32501.812004778068513 1e+20
32502.066308378169197 1e+20
32502.319932696507749 1e+20
32502.573472808348015 1e+20
32502.827327210521617 1e+20
32503.082212076267751 1e+20
32503.339036285284237 1e+20
32503.598880368339451 1e+20
32503.863019934215117 1e+20
32503.863019934215117 1e+20
