# Fix print output for fix log_pen
24002.307890652213246 42.726161677273928774
24002.353391441956774 42.719090609462064378
24002.398892231696664 42.712019541650199983
24002.444393021440192 42.704948473838335588
24002.48989381118372 42.697877406026471192
24002.535394600927248 42.690806338214606797
24002.580895390667138 42.683735270402742401
24002.626396180410666 42.676664202590878006
24002.671896970154194 42.66959313477901361
24002.717397759894084 42.662522066967149215
24002.762898549637612 42.655450999155284819
24002.80839933938114 42.648379931343420424
24002.853900129124668 42.641308863531556028
24002.899400918864558 42.634237795719691633
24002.944901708608086 42.627166727907827237
24002.990402498351614 42.620095660095962842
24003.035903288091504 42.613024592284098446
24003.081404077835032 42.605953524472234051
24003.12690486757856 42.598882456660369655
24003.172405657322088 42.59181138884850526
24003.217906447061978 42.584740321036640864
24003.263407236805506 42.577669253224776469
24003.308908026549034 42.570598185412912073
24003.354408816288924 42.563527117601047678
24003.399909606032452 42.556456049789183282
24003.44541039577598 42.549384981977425468
24003.490911185519508 42.542313914166292932
24003.536411975270312 42.535242846356624113
24003.58191276503203 42.528171778549562987
24003.627413554811938 42.521100710746551954
24003.672914344617311 42.51402964294935316
24003.718415134462703 42.50695857516001297
24003.763915924359026 42.499887507380876173
24003.80941671432447 42.492816439614600199
24003.854917504373589 42.485745371864119591
24003.90041829452457 42.478674304132674422
24003.945919084799243 42.471603236423803196
24003.991419875223073 42.464532168741563112
24004.036920665817888 42.457461101090558486
24004.08242145661643 42.450390033475905227
24004.127922247644165 42.443318965903223727
24004.173423038937472 42.436247898378638865
24004.218923830532731 42.429176830908772899
24004.26442462246996 42.422105763500752573
24004.309925414789177 42.415034696162180694
24004.355426207534038 42.407963628901271136
24004.400927000751835 42.40089256172694121
24004.446427794493502 42.393821494648790349
24004.491928588809969 42.386750427677085895
24004.537429383759445 42.37967936082274889
24004.582930179400137 42.372608294097368287
24004.62843097579389 42.36553722751317963
24004.673931773006188 42.358466161083050849
24004.719432571106154 42.351395094820496467
24004.764933370162908 42.34432402873966339
24004.810434170249209 42.33725296285530959
24004.855934971441457 42.330181897182832529
24004.901435773819685 42.323110831738219417
24004.94693657746393 42.316039766538082745
24004.992437382457865 42.308968701599624751
24005.037938188885164 42.301897636940637426
24005.083438996836776 42.294826572579509616
24005.128939806400012 42.287755508535212812
24005.174440617673099 42.280684444827294044
24005.219941430746985 42.273613381475861672
24005.265442245719896 42.26654231850159249
24005.310943062690058 42.25947125592572462
24005.356443881759333 42.252400193770043302
24005.401944703033223 42.245329132056888
24005.44744552661723 42.238258070809131084
24005.492946352616855 42.231187010050184938
24005.538447181141237 42.224115949803987746
24005.583948012299516 42.21704489009499639
24005.629448846208106 42.209973830948200657
24005.674949682979786 42.202902772389087716
24005.720450522730971 42.195831714443656324
24005.765951365581714 42.188760657138409726
24005.81145221164843 42.181689600500334336
24005.856953061051172 42.174618544556921051
24005.902453913913632 42.167547489336136834
24005.947954770359502 42.160476434866431816
24005.99345563051611 42.153405381176717981
24006.038956494507147 42.146334328296390481
24006.084457362463581 42.139263276255292112
24006.129958234509104 42.132192225083734627
24006.17545911077832 42.12512117481247742
24006.220959991402196 42.118050125472720424
24006.266460876515339 42.110979077096111212
24006.311961766248714 42.103908029714737893
24006.357462660736928 42.096836983361107798
24006.402963560118224 42.089765938068154583
24006.448464464527206 42.082694893869245334
24006.493965374105755 42.075623850798145043
24006.539466288988478 42.068552808889045025
24006.584967209317256 42.061481768176527396
24006.630468135230331 42.054410728695586386
24006.675969066869584 42.047339690481599916
24006.721470004376897 42.040268653570350921
24006.766970947897789 42.033197617997991813
24006.812471897570504 42.026126583801072911
24006.857972853544197 42.019055551016499805
24006.903473815960751 42.011984519681561778
24006.948974784965685 42.004913489833917595
24006.994475760704518 41.997842461511581291
24007.039976743322768 41.990771434752922175
24007.085477732969593 41.983700409596664826
24007.130978729790513 41.976629386081874884
24007.176479733931046 41.969558364247973259
24007.22198074554035 41.962487344134714817
24007.267481764767581 41.955416325782181275
24007.312982791761897 41.948345309230795408
24007.358483826668817 41.941274294521292632
24007.403984869641135 41.93420328169473521
24007.44948592082801 41.927132270792505153
24007.494986980374961 41.920061261856290002
24007.540488048434781 41.912990254928089939
24007.58598912515663 41.905919250050203573
24007.631490210689662 41.898848247265235045
24007.676991305183037 41.891777246616086927
24007.722492408785911 41.884706248145938901
24007.767993521647441 41.87763525189826197
24007.813494643920421 41.870564257916818462
24007.858995775754011 41.863493266245647817
24007.904496917297365 41.856422276929052373
24007.949998068696004 41.849351290011618687
24007.995499230102723 41.842280305538196217
24008.041000401666679 41.83520932355389732
24008.086501583537029 41.828138344104090152
24008.132002775862929 41.821067367234405765
24008.177503978793538 41.813996392990723905
24008.223005192474375 41.8069254214191659
24008.268506417054596 41.799854452566108876
24008.314007652683358 41.792783486478157329
24008.359508899506181 41.785712523202164448
24008.405010157672223 41.778641562785210795
24008.450511427327001 41.77157060527461141
24008.496012708616036 41.764499650717901602
24008.541514001684845 41.757428699162844055
24008.58701530667895 41.750357750657421718
24008.632516623743868 41.743286805249830707
24008.678017953021481 41.736215862988480296
24008.723519294657308 41.729144923921985821
24008.76902064879323 41.722073988099175779
24008.814522015574767 41.715003055569084722
24008.860023395143799 41.707932126380931948
24008.905524787638569 41.700861200584142807
24008.95102619320096 41.693790278228341606
24008.996527611972851 41.686719359363330284
24009.042029044092487 41.679648444039102628
24009.087530489701749 41.672577532305837167
24009.133031948935241 41.665506624213897169
24009.178533421931206 41.658435719813823539
24009.224034908827889 41.651364819156320607
24009.269536409759894 41.644293922292277443
24009.315037924861826 41.637223029272746544
24009.36053945427193 41.630152140148943829
24009.406040998121171 41.623081254972255749
24009.451542556540517 41.616010373794225075
24009.497044129664573 41.608939496666558
24009.542545717624307 41.601868623641109934
24009.588047320550686 41.594797754769885501
24009.633548938571039 41.587726890105045641
24009.679050571816333 41.580656029698921827
24009.72455222041026 41.573585173604094223
24009.770053884483787 41.566514321873363258
24009.815555564160604 41.559443474559756737
24009.861057259568042 41.552372631716515627
24009.90655897083343 41.54530179339710827
24009.952060698076821 41.538230959655216168
24009.997562441421906 41.531160130544719777
24010.043064200992376 41.524089306119712717
24010.088565976908285 41.517018486434480451
24010.134067769289686 41.509947671543514502
24010.179569578256633 41.50287686150149824
24010.22507140392554 41.495806056363299774
24010.270573246416461 41.488735256183971956
24010.316075105845812 41.481664461018816326
24010.361576982330007 41.47459367092346838
24010.407078875985462 41.467522885953897571
24010.452580786928593 41.460452106166378883
24010.498082715272176 41.453381331617507044
24010.543584661132627 41.446310562364175212
24010.589086624622723 41.439239798463596287
24010.634588605855242 41.432169039973281599
24010.680090604942961 41.42509828695104801
24010.725592621998658 41.418027539455017916
24010.771094657135109 41.410956797543597929
24010.816596710465092 41.403886061275500197
24010.862098782097746 41.396815330709728187
24010.907600872145849 41.389744605905576691
24010.95310298071854 41.382673886922624717
24010.998605107921321 41.375603173820735492
24011.044107253866969 41.368532466660056457
24011.089609418660984 41.361461765501012167
24011.135111602412508 41.354391070404311392
24011.18061380522704 41.347320381430925806
24011.226116027210082 41.340249698642111298
24011.271618268467137 41.333179022099464817
24011.317120529100066 41.326108351865073587
24011.36262280921801 41.319037688001493791
24011.40812510892647 41.311967030571715043
24011.453627428327309 41.304896379639188808
24011.499129767529666 41.297825735267799985
24011.544632126635406 41.290755097521866901
24011.590134505750029 41.283684466466134211
24011.635636904982675 41.276613842165787105
24011.681139324435208 41.269543224686422889
24011.726641764213127 41.262472614094058088
24011.772144224421936 41.255402010455128448
24011.817646705163497 41.248331413836467618
24011.86314920654695 41.241260824305321364
24011.908651728674158 41.234190241929326248
24011.954154271646985 41.227119666776523843
24011.999656835570931 41.220049098915339414
24012.045159420547861 41.212978538414589025
24012.090662026683276 41.205907985343465327
24012.136164654079039 41.198837439771530455
24012.181667302833375 41.191766901768730236
24012.227169973051787 41.184696371405365767
24012.272672664832498 41.177625848752107629
24012.318175378277374 41.170555333879981674
24012.363678113488277 41.163484826860369026
24012.409180870559794 41.156414327764984762
24012.45468364959379 41.149343836665899232
24012.500186450684851 41.142273353635516742
24012.54568927393484 41.13520287874657555
24012.591192119438347 41.128132412072140767
24012.636694987289957 41.12106195368559014
24012.682197877584258 41.113991503660635374
24012.727700790415838 41.106921062071293704
24012.773203725879284 41.099850628991880797
24012.818706684065546 41.092780204497032059
24012.864209665065573 41.085709788661667119
24012.909712668970315 41.078639381561004029
24012.95521569587072 41.071568983270545061
24013.000718745854101 41.064498593866076703
24013.046221819007769 41.057428213423740715
24013.091724915419036 41.05035784202009097
24013.137228035175212 41.043287479732079248
24013.182731178359973 41.036217126637033914
24013.228234345060628 41.029146782812667027
24013.273737535357213 41.022076448337060128
24013.319240749333403 41.015006123288664241
24013.36474398707287 41.007935807746278556
24013.410247248655651 41.000865501789057532
24013.45575053416178 40.993795205496503797
24013.501253843671293 40.986724918948439722
24013.546757177260588 40.979654642225035843
24013.592260535006062 40.972584375406768231
24013.637763916984113 40.9655141185744327
24013.683267323271139 40.958443871809130599
24013.728770753939898 40.951373635192268807
24013.774274209059513 40.944303408805538425
24013.819777688706381 40.937233192730921871
24013.865281192945986 40.930162987050664469
24013.910784721847449 40.923092791847302863
24013.956288275476254 40.91602260720361528
24014.001791853901523 40.908952433202649956
24014.047295457185101 40.901882269927696711
24014.092799085388833 40.894812117462279843
24014.138302738574566 40.88774197589015813
24014.183806416800508 40.880671845295324829
24014.229310120128503 40.873601725761979253
24014.274813848613121 40.866531617374526775
24014.320317602308933 40.859461520217585928
24014.365821381266869 40.852391434375959989
24014.4113251855415 40.845321359934636973
24014.456829015183757 40.838251296978796745
24014.502332870240934 40.831181245593768381
24014.547836750756687 40.824111205865058594
24014.593340656778309 40.817041177878316205
24014.638844588349457 40.809971161719353461
24014.684348545510147 40.8029011574741034
24014.72985252829676 40.795831165228641169
24014.775356536749314 40.788761185069155601
24014.820860570904188 40.781691217081956324
24014.866364630794124 40.774621261353452439
24014.911868716448225 40.76755131797015963
24014.957372827899235 40.760481387018678845
24015.002876965172618 40.753411468585696298
24015.04838112829384 40.746341562757962151
24015.09388531728473 40.739271669622297622
24015.139389532167115 40.732201789265587877
24015.184893772962823 40.725131921774753607
24015.230398039686406 40.718062067236765245
24015.275902332352416 40.710992225738621642
24015.321406650975405 40.703922397367342967
24015.366910995562648 40.696852582209970706
24015.41241536612506 40.689782780353539238
24015.457919762666279 40.682712991885104259
24015.50342418519358 40.675643216891685938
24015.548928633703326 40.668573455460304444
24015.594433108199155 40.661503707677944419
24015.63993760867379 40.654433973631554977
24015.685442135123594 40.647364253408035495
24015.730946687541291 40.640294547094242716
24015.776451265912328 40.633224854776969437
24015.821955870229431 40.626155176542930292
24015.867460500474408 40.619085512478761757
24015.91296515662907 40.612015862671022148
24015.95846983867159 40.604946227206163201
24016.003974546583777 40.597876606170544278
24016.049479280336527 40.590806999650425269
24016.094984039904375 40.583737407731952374
24016.140488825258217 40.576667830501151002
24016.185993636361673 40.569598268043925771
24016.231498473182 40.562528720446039188
24016.277003335682821 40.555459187793097442
24016.322508223820478 40.548389670170557508
24016.368013137554954 40.541320167663712937
24016.413518076838955 40.534250680357672536
24016.459023041621549 40.527181208337360374
24016.504528031855443 40.520111751687515778
24016.550033047486068 40.513042310492672016
24016.595538088458852 40.50597288483714209
24016.641043154715589 40.498903474805025837
24016.686548246190796 40.491834080480181512
24016.732053362822626 40.48476470194623289
24016.777558504545595 40.477695339286555054
24016.823063671290583 40.470625992584260189
24016.86856886298483 40.463556661922190472
24016.914074079551938 40.456487347382910968
24016.959579320915509 40.449418049048702528
24017.005084586995508 40.442348767001540466
24017.050589877708262 40.43527950132310167
24017.096095192966459 40.428210252094743282
24017.141600532682787 40.421141019397502703
24017.187105896766298 40.414071803312069164
24017.232611285122402 40.40700260391880505
24017.278116697656515 40.399933421297710368
24017.32362213426677 40.392864255528429851
24017.369127594854945 40.385795106690224543
24017.414633079311898 40.378725974861986003
24017.460138587532128 40.371656860122214994
24017.505644119402859 40.364587762549007266
24017.551149674811313 40.357518682220053563
24017.596655253644713 40.350449619212632513
24017.642160855783004 40.343380573603589312
24017.687666481102497 40.336311545469328621
24017.733172129479499 40.329242534885821669
24017.778677800790319 40.322173541928584939
24017.824183494900353 40.315104566672658848
24017.869689211682271 40.308035609192629067
24017.915194950997829 40.300966669562590994
24017.960700712708785 40.293897747856149749
24018.006206496676896 40.286828844146420181
24018.051712302756641 40.279759958505998441
24018.097218130802503 40.272691091006969089
24018.142723980668961 40.265622241720890884
24018.188229852199584 40.258553410718796783
24018.233735745245212 40.251484598071158416
24018.279241659645777 40.244415803847914503
24018.324747595244844 40.237347028118435333
24018.370253551878704 40.230278270951522757
24018.415759529380011 40.223209532415395984
24018.461265527585056 40.216140812577705788
24018.506771546322852 40.209072111505491876
24018.552277585422416 40.202003429265197099
24018.597783644705487 40.194934765922653241
24018.643289723997441 40.187866121543081022
24018.688795823120017 40.180797496191061668
24018.734301941887679 40.173728889930558239
24018.77980808011489 40.166660302824872986
24018.825314237612474 40.159591734936675778
24018.870820414194895 40.152523186327961469
24018.916326609665703 40.145454657060071213
24018.961832823832083 40.138386147193664044
24019.007339056493947 40.13131765678872398
24019.052845307451207 40.124249185904538706
24019.098351576503774 40.117180734599706682
24019.14385786344792 40.11011230293212293
24019.189364168072643 40.103043890958964823
24019.234870490174217 40.095975498736692089
24019.280376829534362 40.088907126321046803
24019.325883185942075 40.08183877376703208
24019.371389559182717 40.074770441128912069
24019.416895949038008 40.067702128460204847
24019.462402355286031 40.060633835813682424
24019.507908777701232 40.053565563241342318
24019.553415216061694 40.04649731079442887
24019.598921670138225 40.039429078523411931
24019.644428139701631 40.032360866477979755
24019.689934624522721 40.025292674707031892
24019.735441124368663 40.018224503258679192
24019.780947638999351 40.01115635218022959
24019.826454168181954 40.004088221518195212
24019.871960711672727 39.997020111318278168
24019.917467269235203 39.989952021625363443
24019.962973840621999 39.982883952483511791
24020.008480425589369 39.975815903935952633
24020.053987023889931 39.968747876025098265
24020.099493635272665 39.96167986879250833
24020.145000259490189 39.954611882278911139
24020.190506896287843 39.94754391652418235
24020.23601354541097 39.94047597156734497
24020.28152020660491 39.933408047446555145
24020.327026879611367 39.926340144199123472
24020.372533564172045 39.919272261861479478
24020.418040260025009 39.912204400469192933
24020.463546966908325 39.905136560056945427
24020.509053684560058 39.898068740658544584
24020.554560412710998 39.891000942306909849
24020.600067151095573 39.883933165034072488
24020.645573899444571 39.876865408871175589
24020.691080657488783 39.869797673848452746
24020.73658742495536 39.862729959995256479
24020.782094201575092 39.855662267340022709
24020.827600987071492 39.848594595910284966
24020.873107781171711 39.841526945732660181
24020.918614583595627 39.834459316832855791
24020.964121394066751 39.827391709235662631
24021.009628212308598 39.820324122964947833
24021.055135038041044 39.813256558043661926
24021.100641870980326 39.806189014493824629
24021.146148710846319 39.799121492336531958
24021.191655557358899 39.792053991591942008
24021.237162410230667 39.784986512279296278
24021.282669269177859 39.777919054416884137
24021.328176133913075 39.770851618022064144
24021.373683004152554 39.763784203111264048
24021.419189879605256 39.75671680969995947
24021.464696759987419 39.749649437802695218
24021.510203645008005 39.742582087433063975
24021.555710534375976 39.735514758603713403
24021.601217427803931 39.728447451326353246
24021.646724324997194 39.72138016561174112
24021.692231225668365 39.714312901469682515
24021.737738129522768 39.707245658909045005
24021.783245036269363 39.700178437937729825
24021.828751945613476 39.693111238562707399
24021.874258857264067 39.686044060789988919
24021.91976577092646 39.678976904624626343
24021.96527268630598 39.671909770070740819
24022.010779603107949 39.664842657131480053
24022.056286521041329 39.657775565809060936
24022.101793439807807 39.650708496104734024
24022.147300359112705 39.643641448018811957
24022.192807278661348 39.636574421550655245
24022.238314198057196 39.629507416714140788
24022.283821116958279 39.622440433514192648
24022.329328035069921 39.615373471947322059
24022.374834952097444 39.608306532009095235
24022.420341867746174 39.601239613694126263
24022.465848781717796 39.59417271699609131
24022.511355693717633 39.587105841907707315
24022.556862603454647 39.58003898842076751
24022.602369510630524 39.572972156526105891
24022.647876414954226 39.565905346213625648
24022.693383316131076 39.558838557472292052
24022.738890213866398 39.551771790290125352
24022.784397107869154 39.544705044654229198
24022.829903997844667 39.537638320550762216
24022.8754108835019 39.53057161796495933
24022.920917764546175 39.523504936881131755
24022.966424640690093 39.516438277282659897
24023.011931511642615 39.509371639152014666
24023.057438377112703 39.502305022470743268
24023.102945236809319 39.495238427219483413
24023.1484520904487 39.488171853377956211
24023.193958937739808 39.481105300924980384
24023.239465778395243 39.474038769838472263
24023.284972612131241 39.466972260095438685
24023.330479438660404 39.459905771672005415
24023.375986257698969 39.452839304543388721
24023.421493068963173 39.445772858683923801
24023.466999872169254 39.438706434067057671
24023.512506667037087 39.431640030665334962
24023.558013453286549 39.424573648450419228
24023.603520230637514 39.417507287393078741
24023.649026998813497 39.4104409474632007
24023.694533757534373 39.403374628629805443
24023.740040506527293 39.396308330861025127
24023.785547245515772 39.389242054124125048
24023.831053974226961 39.382175798385517851
24023.876560692388011 39.375109563610742214
24023.922067399726075 39.368043349764491268
24023.967574095975579 39.360977156810605493
24024.013080780867313 39.353910984712072718
24024.058587454135704 39.346844833431056543
24024.104094115511543 39.339778702928867915
24024.149600764736533 39.332712593166007764
24024.195107401545101 39.325646504102131473
24024.240614025678951 39.318580435696091513
24024.286120636876149 39.311514387905923229
24024.331627234882035 39.304448360688859054
24024.377133819438313 39.297382354001335614
24024.422640390293964 39.290316367798993724
24024.468146947194327 39.283250402036692606
24024.513653489888384 39.276184456668509881
24024.55916001812875 39.269118531647748682
24024.604666531668045 39.262052626926944754
24024.650173030262522 39.254986742457873561
24024.695679513668438 39.247920878191550287
24024.741185981642047 39.240855034078244046
24024.786692433946882 39.233789210067484987
24024.832198870342836 39.226723406108057191
24024.877705290597078 39.219657622148012877
24024.923211694473139 39.212591858134693723
24024.968718081741827 39.205526114014709549
24025.014224452173949 39.198460389733973841
24025.059730805540312 39.191394685237689544
24025.105237141615362 39.184329000470363269
24025.150743460177182 39.177263335375812403
24025.196249761000217 39.170197689897172211
24025.241756043869827 39.163132063976910047
24025.287262308567733 39.156066457556811145
24025.332768554879294 39.149000870578021249
24025.378274782593508 39.141935302981011091
24025.42378099149937 39.134869754705619016
24025.46928718138588 39.127804225691050988
24025.514793352052948 39.120738715875866376
24025.560299503293209 39.113673225198020589
24025.605805634906574 39.106607753594836652
24025.651311746692954 39.099542301003047839
24025.6968178384559 39.092476867358783466
24025.742323910002597 39.085411452597575988
24025.787829961140233 39.078346056654382323
24025.833335991679633 39.071280679463583851
24025.87884200143526 39.064215320958993516
24025.924347990221577 39.057149981073870038
24025.969853957856685 39.050084659740925019
24026.015359904162324 39.043019356892322946
24026.060865828960232 39.035954072459695396
24026.106371732072148 39.028888806374162357
24026.151877613330726 39.021823558566318013
24026.197383472564979 39.014758328966252066
24026.242889309607563 39.007693117503556834
24026.288395124291128 39.000627924107334366
24026.333900916455605 38.993562748706210641
24026.379406685940921 38.98649759122833558
24026.424912432590645 38.979432451601397247
24026.470418156248343 38.972367329752636067
24026.515923856764857 38.965302225608844822
24026.561429533987393 38.958237139096382862
24026.606935187770432 38.951172070141183212
24026.652440817968454 38.944107018668745468
24026.697946424443217 38.937041984604093159
24026.743452007052838 38.929976967871780857
24026.788957565662713 38.922911968395901283
24026.834463100138237 38.915846986100099514
24026.879968610348442 38.908782020907565879
24026.925474096165999 38.901717072741064385
24026.970979557467217 38.894652141522918498
24027.016484994128405 38.887587227175032467
24027.061990406029508 38.880522329618898425
24027.107495793057751 38.873457448775610601
24027.153001155093079 38.86639258456586532
24027.198506492029992 38.85932773690996811
24027.244011803755711 38.852262905727840803
24027.289517090168374 38.845198090939049962
24027.335022351166117 38.838133292462785562
24027.380527586647077 38.831068510217889411
24027.426032796513027 38.824003744122855153
24027.47153798067302 38.816938994095842475
24027.517043139032467 38.809874260054684214
24027.562548271504056 38.802809541916893465
24027.608053378004115 38.795744839599670684
24027.653558458445332 38.78868015301991079
24027.699063512751309 38.781615482094217384
24027.744568540845648 38.774550826738909848
24027.790073542651953 38.767486186870023346
24027.835578518097464 38.760421562403337248
24027.881083467116696 38.753356953254360917
24027.926588389640528 38.746292359338362132
24027.972093285610754 38.739227780570352877
24028.017598154961888 38.732163216865124866
24028.063102997639362 38.725098668137235336
24028.108607813588605 38.718034134301035465
24028.154112602755049 38.710969615270656163
24028.199617365091399 38.703905110960036495
24028.245122100550361 38.696840621282930783
24028.29062680908828 38.689776146152894398
24028.29062680908828 38.689776146152894398
24028.29062680908828 38.689776146152894398
24028.29062680908828 38.689776146152894398
24028.29062680908828 38.689776146152894398
24028.29062680908828 38.689776146152894398
24028.336131490665139 38.682711685483326391
24028.381636145240918 38.675647239187455284
24028.427140772782877 38.668582807178353278
24028.472645373254636 38.661518389368936255
24028.518149946630729 38.654453985671977989
24028.563654492882051 38.647389596000124357
24028.609159011983138 38.64032522026588623
24028.654663503912161 38.633260858381653691
24028.700167968647293 38.626196510259717343
24028.745672406177619 38.61913217581226121
24028.791176816484949 38.612067854951369839
24028.83668119955837 38.605003547589042512
24028.882185555390606 38.597939253637207457
24028.927689883974381 38.590874973007721849
24028.973194185306056 38.583810705612386016
24029.018698459385632 38.576746451362936341
24029.064202706213109 38.569682210171080783
24029.109706925795763 38.562617981948477563
24029.155211118137231 38.555553766606763588
24029.200715283248428 38.548489564057554446
24029.246219421140268 38.541425374212458621
24029.291723531823664 38.534361196983077491
24029.337227615320444 38.527297032281012434
24029.382731671645161 38.520232880017886146
24029.428235700823279 38.513168740105342636
24029.473739702876628 38.506104612455047231
24029.519243677830673 38.499040496978707893
24029.564747625714517 38.491976393588075211
24029.610251546560903 38.484912302194956624
24029.655755440398934 38.477848222711216408
24029.701259307268629 38.470784155048789899
24029.746763147206366 38.463720099119690587
24029.792266960248526 38.456656054836017233
24029.837770746442402 38.449592022109960965
24029.883274505828012 38.442528000853819492
24029.928778238456289 38.435463990979982896
24029.974281944370887 38.428399992400976259
24030.019785623626376 38.421336005029438354
24030.065289276273688 38.414272028778142953
24030.110792902371031 38.40720806356000594
24030.156296501972975 38.400144109288085303
24030.201800075137726 38.393080165875595355
24030.247303621927131 38.386016233235920936
24030.292807142406673 38.37895231128261031
24030.338310636638198 38.371888399929396485
24030.383814104690828 38.364824499090190102
24030.429317546630045 38.357760608679100756
24030.474820962528611 38.350696728610444097
24030.520324352459284 38.343632858798727625
24030.565827716494823 38.336568999158693316
24030.611331054715265 38.329505149605303416
24030.656834367193369 38.322441310053740438
24030.702337654012808 38.315377480419442691
24030.747840915253619 38.308313660618075858
24030.793344150995836 38.301249850565575628
24030.838847361326771 38.294186050178126379
24030.884350546333735 38.287122259372182498
24030.929853706100403 38.280058478064482586
24030.975356840717723 38.272994706172042356
24031.020859950276645 38.265930943612168846
24031.066363034868118 38.25886719030246752
24031.11186609458673 38.25180344616084227
24031.157369129527069 38.244739711105509627
24031.20287213978736 38.237675985055012973
24031.248375125462189 38.230612267928222536
24031.293878086649784 38.223548559644328293
24031.339381023452006 38.216484860122875489
24031.38488393597072 38.209421169283743325
24031.430386824307789 38.202357487047180484
24031.475889688565076 38.195293813333783817
24031.521392528848082 38.188230148064519653
24031.566895345265948 38.181166491160745124
24031.612398137920536 38.174102842544179737
24031.657900906920986 38.167039202136948006
24031.703403652380075 38.159975569861558142
24031.748906374403305 38.152911945640930469
24031.794409073099814 38.145848329398397425
24031.839911748586019 38.138784721057696459
24031.885414400971058 38.131721120542998449
24031.930917030367709 38.124657527778907706
24031.97641963688875 38.117593942690454867
24032.021922220650595 38.110530365203125314
24032.067424781766022 38.103466795242852072
24032.112927320355084 38.096403232736022915
24032.158429836530559 38.089339677609487467
24032.203932330408861 38.082276129790578523
24032.249434802106407 38.075212589207097835
24032.294937251743249 38.068149055787330326
24032.340439679435804 38.061085529460058297
24032.385942085300485 38.054022010154561428
24032.431444469457347 38.046958497800616783
24032.476946832026442 38.039894992328520118
24032.522449173127825 38.032831493669085887
24032.56795149287791 38.025768001753640135
24032.613453791396751 38.018704516514056024
24032.6589560688044 38.011641037882732519
24032.704458325220912 38.004577565792622806
24032.749960560762702 37.997514100177220087
24032.79546277555346 37.990450640970585994
24032.840964969709603 37.983387188107336385
24032.886467143351183 37.976323741522655553
24032.931969296594616 37.969260301152310433
24032.977471429563593 37.962196866932657713
24033.02297354237453 37.955133438800622514
24033.068475635143841 37.94807001669374813
24033.113977707987942 37.941006600550167605
24033.159479761026887 37.933943190308632154
24033.20498179437709 37.926879785908496956
24033.250483808154968 37.919816387289742465
24033.295985802476935 37.91275299439298152
24033.341487777455768 37.905689607159445131
24033.386989733207884 37.898626225530847478
24033.432491669849696 37.89156284944933617
24033.477993587493984 37.884499478857513566
24033.523495486257161 37.87743611369842256
24033.568997366255644 37.870372753915560793
24033.614499227602209 37.863309399452894866
24033.660001070416911 37.85624605025483902
24033.705502894808888 37.84918270626628356
24033.751004700898193 37.842119367432587751
24033.796506488797604 37.835056033699586919
24033.842008258623537 37.827992705013599561
24033.887510010488768 37.820929381321420237
24033.933011744509713 37.813866062570340887
24033.978513460802787 37.806802748708136619
24034.024015159477131 37.799739439683079922
24034.069516840649158 37.792676135443954877
24034.115018504431646 37.785612835940042942
24034.160520150933735 37.778549541121130062
24034.20602178027184 37.771486250937442719
24034.251523392558738 37.764422965339591087
24034.297024987903569 37.75735968427859035
24034.34252656641911 37.750296407705860702
24034.388028128218139 37.743233135573227344
24034.433529673413432 37.736169867832927594
24034.479031202114129 37.729106604437603778
24034.52453271442937 37.722043345340317444
24034.570034210471931 37.714980090494542253
24034.615535690354591 37.707916839854178193
24034.66103715418285 37.700853593373537365
24034.706538602069486 37.693790351007365302
24034.75204003412 37.686727112710826759
24034.797541450443532 37.679663878439527025
24034.843042851149221 37.67260064814949061
24034.888544236346206 37.665537421797189666
24034.934045606136351 37.65847419933952267
24034.979546960628795 37.651410980733835743
24035.02504829992904 37.644347765937908434
24035.070549624142586 37.637284554909975043
24035.116050933371298 37.630221347608710403
24035.161552227720676 37.623158143993244096
24035.207053507292585 37.616094944023160451
24035.252554772188887 37.60903174765849144
24035.298056022511446 37.601968554859730887
24035.343557258358487 37.594905365587663937
24035.389058479831874 37.587842179803324427
24035.434559687037108 37.580778997467881197
24035.480060880072415 37.573715818542609668
24035.525562059043295 37.566652642988913158
24035.571063224051613 37.559589470768294461
24035.616564375206508 37.55252630184237006
24035.662065512609843 37.545463136172891438
24035.707566636370757 37.538399973721709557
24035.753067746591114 37.531336814450803274
24035.798568843383691 37.52427365832227224
24035.84406992685399 37.517210505298336898
24035.88957099711115 37.510147355341345587
24035.935072054267948 37.503084208413767442
24035.980573098429886 37.496021064478206597
24036.026074129713379 37.488957923497387981
24036.071575148223928 37.48189478543417863
24036.117076154077949 37.474831650251566373
24036.16257714738822 37.467768517912688253
24036.208078128267516 37.460705388380802106
24036.253579096828616 37.453642261619314979
24036.299080053187936 37.446579137591761821
24036.344580997458252 37.439516016261833897
24036.390081929755979 37.432452897593350372
24036.435582850197534 37.425389781550293833
24036.481083758899331 37.418326668096774767
24036.526584655977786 37.411263557197059981
24036.572085541552951 37.404200448815572599
24036.617586415741243 37.397137342916877856
24036.663087278662715 37.390074239465704409
24036.708588130433782 37.383011138426937237
24036.754088971174497 37.375948039765610531
24036.799589801004913 37.368884943446921909
24036.845090620045085 37.361821849436239518
24036.890591428415064 37.354758757699087823
24036.936092226238543 37.347695668201154717
24036.981593013635575 37.340632580908305727
24037.027093790726212 37.333569495786569803
24037.072594557630509 37.326506412802153534
24037.118095314472157 37.319443331921434037
24037.163596061374847 37.312380253110958961
24037.209096798462269 37.305317176337467799
24037.254597525854479 37.298254101567877683
24037.300098243675166 37.291191028769283378
24037.345598952048022 37.284127957908971496
24037.391099651096738 37.277064888954406285
24037.436600340945006 37.270001821873258052
24037.482101021716517 37.262938756633374737
24037.5276016935386 37.255875693202803234
24037.573102356531308 37.248812631549789387
24037.618603010818333 37.241749571642777994
24037.664103656523366 37.234686513450412804
24037.709604293773737 37.227623456941543623
24037.755104922693135 37.220560402085226315
24037.800605543401616 37.213497348850722801
24037.846106156026508 37.206434297207508166
24037.89160676069514 37.199371247125277762
24037.937107357527566 37.192308198573932998
24037.982607946647477 37.185245151523595553
24038.028108528182202 37.178182105944614477
24038.073609102251794 37.171119061807559092
24038.119109668979945 37.16405601908322609
24038.164610228493984 37.156992977742639539
24038.210110780913965 37.149929937757057985
24038.255611326363578 37.142866899097974454
24038.301111864966515 37.135803861737109344
24038.346612396842829 37.12874082564643885
24038.39211292211985 37.121677790798166541
24038.437613440913992 37.114614757164751779
24038.483113953348948 37.107551724718895514
24038.528614459548407 37.100488693433554488
24038.574114959628787 37.09342566328194124
24038.619615453713777 37.086362634237509894
24038.665115941923432 37.079299606273991685
24038.710616424374166 37.072236579365366538
24038.756116901189671 37.065173553485884383
24038.801617372486362 37.05811052861006516
24038.847117838380655 37.05104750471269881
24038.892618298988964 37.04398448176885239
24038.938118754431343 37.036921459753855856
24038.983619204824208 37.029858438643330487
24039.029119650280336 37.022795418413181778
24039.074620090916142 37.015732399039599443
24039.120120526844403 37.008669380499050305
24039.165620958181535 37.001606362768313829
24039.211121385036677 36.99454334582444659
24039.256621807522606 36.987480329644803589
24039.3021222257521 36.98041731420705247
24039.347622639834299 36.973354299489159303
24039.393123049874703 36.966291285469402794
24039.43862345598609 36.959228272126360082
24039.484123858273961 36.952165259438935152
24039.529624256843817 36.945102247386337524
24039.575124651804799 36.938039235948103567
24039.620625043255131 36.930976225104089394
24039.666125431303954 36.923913214834485075
24039.711625816049491 36.916850205119807526
24039.757126197593607 36.909787195940900517
24039.802626576034527 36.902724187278948875
24039.848126951474114 36.895661179115485595
24039.893627324006957 36.888598171432370521
24039.939127693727642 36.881535164211825872
24039.984628060734394 36.874472157436414932
24040.030128425118164 36.867409151089056252
24040.075628786969901 36.860346145153023656
24040.121129146380554 36.853283139611960451
24040.166629503441072 36.846220134449858108
24040.212129858238768 36.839157129651091793
24040.257630210857315 36.832094125200399048
24040.303130561380385 36.825031121082886898
24040.348630909891654 36.817968117284046059
24040.394131256474793 36.810905113789750942
24040.439631601206202 36.803842110586259651
24040.485131944165914 36.796779107660213981
24040.530632285426691 36.789716104998653634
24040.576132625064929 36.782653102589009109
24040.62163296314975 36.775590100419115913
24040.667133299753914 36.768527098477200354
24040.712633634946542 36.76146409675190796
24040.758133968793118 36.754401095232289265
24040.803634301359125 36.747338093907806922
24040.849134632706409 36.740275092768342802
24040.894634962893178 36.733212091804197996
24040.940135291981278 36.726149091006099923
24040.98563562002164 36.719086090365159691
24041.031135947072471 36.712023089872722892
24041.076636273188342 36.704960089520348276
24041.122136598420184 36.697897089299836182
24041.167636922822567 36.690834089203200108
24041.213137246442784 36.683771089222688033
24041.25863756932813 36.676708089350782416
24041.304137891529535 36.669645089580193087
24041.349638213090657 36.662582089903871463
24041.395138534058788 36.655519090314996333
24041.440638854473946 36.648456090806995178
24041.486139174379787 36.641393091373537061
24041.531639493816328 36.63433009200851842
24041.577139812823589 36.627267092706098595
24041.622640131437947 36.620204093460678507
24041.668140449695784 36.613141094266900666
24041.71364076762984 36.606078095119663374
24041.759141085276497 36.599015096014127835
24041.804641402664856 36.591952096945689732
24041.850141719824023 36.58488909791002186
24041.895642036783102 36.577826098903045704
24041.941142353567557 36.570763099920945649
24041.986642670202855 36.563700100960168982
24042.032142986710824 36.556637102017425889
24042.077643303113291 36.549574103089696564
24042.123143619428447 36.542511104174238312
24042.168643935674481 36.535448105268571339
24042.214144251865946 36.528385106370492963
24042.259644568017393 36.521322107478070507
24042.305144884139736 36.514259108589662617
24042.350645200243889 36.507196109703890841
24042.396145516337128 36.500133110819675153
24042.44164583242673 36.493070111936212641
24042.487146148512693 36.486007113052984607
24042.532646464598656 36.478944114169770785
24042.578146780684619 36.471881115286556962
24042.623647096770583 36.46481811640334314
24042.669147412856546 36.457755117520129318
24042.714647728942509 36.450692118636915495
24042.760148045028473 36.443629119753701673
24042.805648361114436 36.43656612087048785
24042.851148677200399 36.429503121987274028
24042.896648993286362 36.422440123104060206
24042.942149309372326 36.415377124220846383
24042.987649625458289 36.408314125337632561
24043.033149941544252 36.401251126454418738
24043.078650257630215 36.394188127571204916
24043.124150573716179 36.387125128687991094
24043.169650889802142 36.380062129804777271
24043.215151205888105 36.372999130921563449
24043.260651521974069 36.365936132038349626
24043.306151838060032 36.358873133155135804
24043.351652154145995 36.351810134271921982
24043.397152470231958 36.344747135388708159
24043.442652786317922 36.337684136505494337
24043.488153102403885 36.330621137622280514
24043.533653418489848 36.323558138739066692
24043.579153734575812 36.316495139855852869
24043.624654050661775 36.309432140972639047
24043.670154366747738 36.302369142089425225
24043.715654682833701 36.295306143206211402
24043.761154998919665 36.28824314432299758
24043.806655315005628 36.281180145439783757
24043.852155631091591 36.274117146556569935
24043.897655947177554 36.267054147673356113
24043.943156263263518 36.25999114879014229
24043.988656579349481 36.252928149906928468
24044.034156895435444 36.245865151023714645
24044.079657211521408 36.238802152140500823
24044.125157527607371 36.231739153257287001
24044.170657843696972 36.224676154374073178
24044.216158159782935 36.217613155490859356
24044.261658475868899 36.210550156607645533
24044.307158791954862 36.203487157724431711
24044.352659108040825 36.196424158841217888
24044.398159424126789 36.189361159958004066
24044.443659740212752 36.182298161074790244
24044.489160056298715 36.175235162191576421
24044.534660372384678 36.168172163308362599
24044.580160688470642 36.161109164425148776
24044.625661004556605 36.154046165541934954
24044.671161320642568 36.146983166658721132
24044.716661636728531 36.139920167775507309
24044.762161952814495 36.132857168892293487
24044.807662268900458 36.125794170009079664
24044.853162584986421 36.118731171125865842
24044.898662901072385 36.11166817224265202
24044.944163217158348 36.104605173359438197
24044.989663533244311 36.097542174476224375
24045.035163849330274 36.090479175593010552
24045.080664165416238 36.08341617670979673
24045.126164481502201 36.076353177826582908
24045.171664797588164 36.069290178943369085
24045.217165113674127 36.062227180060155263
24045.262665429760091 36.05516418117694144
24045.308165745846054 36.048101182293727618
24045.353666061932017 36.041038183410513795
24045.399166378017981 36.033975184527299973
24045.444666694103944 36.026912185644086151
24045.490167010189907 36.019849186760872328
24045.53566732627587 36.012786187877658506
24045.581167642361834 36.005723188994444683
24045.626667958447797 35.998660190111230861
24045.67216827453376 35.991597191228017039
24045.717668590619724 35.984534192344803216
24045.763168906705687 35.977471193461589394
24045.80866922279165 35.970408194578375571
24045.854169538877613 35.963345195695161749
24045.899669854963577 35.956282196811947927
24045.94517017104954 35.949219197928734104
24045.990670487135503 35.942156199045520282
24046.036170803221466 35.935093200162306459
24046.08167111930743 35.928030201279092637
24046.127171435393393 35.920967202395878815
24046.172671751479356 35.913904203512664992
24046.21817206756532 35.90684120462945117
24046.263672383651283 35.899778205746237347
24046.309172699737246 35.892715206863023525
24046.354673015823209 35.885652207979809702
24046.400173331909173 35.87858920909659588
24046.445673647995136 35.871526210213382058
24046.491173964081099 35.864463211330168235
24046.536674280167063 35.857400212446954413
24046.582174596253026 35.85033721356374059
24046.627674912338989 35.843274214680526768
24046.673175228424952 35.836211215797312946
24046.718675544510916 35.829148216914099123
24046.764175860596879 35.822085218030885301
24046.809676176682842 35.815022219147671478
24046.855176492768805 35.807959220264457656
24046.900676808854769 35.800896221381243834
24046.946177124940732 35.793833222498030011
24046.991677441026695 35.786770223614816189
24047.037177757112659 35.779707224731602366
24047.082678073198622 35.772644225848388544
24047.128178389284585 35.765581226965174721
24047.173678705370548 35.758518228081960899
24047.219179021456512 35.751455229198747077
24047.264679337542475 35.744392230315533254
24047.310179653628438 35.737329231432319432
24047.355679969714402 35.730266232549105609
24047.401180285800365 35.723203233665891787
24047.446680601886328 35.716140234782677965
24047.492180917975929 35.709077235899464142
24047.537681234061893 35.70201423701625032
24047.583181550147856 35.694951238133036497
24047.628681866233819 35.687888239249822675
24047.674182182319782 35.680825240366608853
24047.719682498405746 35.67376224148339503
24047.765182814491709 35.666699242600181208
24047.810683130577672 35.659636243716967385
24047.856183446663636 35.652573244833753563
24047.901683762749599 35.645510245950539741
24047.947184078835562 35.638447247067325918
24047.992684394921525 35.631384248184112096
24048.038184711007489 35.624321249300898273
24048.083685027093452 35.617258250417684451
24048.129185343179415 35.610195251534470628
24048.174685659265378 35.603132252651256806
24048.220185975351342 35.596069253768042984
24048.265686291437305 35.589006254884829161
24048.311186607523268 35.581943256001615339
24048.356686923609232 35.574880257118401516
24048.402187239695195 35.567817258235187694
24048.447687555781158 35.560754259351973872
24048.493187871867121 35.553691260468760049
24048.538688187953085 35.546628261585546227
24048.584188504039048 35.539565262702332404
24048.629688820125011 35.532502263819118582
24048.675189136210975 35.52543926493590476
24048.720689452296938 35.518376266052690937
24048.766189768382901 35.511313267169477115
24048.811690084468864 35.504250268286263292
24048.857190400554828 35.49718726940304947
24048.902690716640791 35.490124270519835648
24048.948191032726754 35.483061271636621825
24048.993691348812717 35.475998272753408003
24049.039191664898681 35.46893527387019418
24049.084691980984644 35.461872274986980358
24049.130192297070607 35.454809276103766535
24049.175692613156571 35.447746277220552713
24049.221192929242534 35.440683278337338891
24049.266693245328497 35.433620279454125068
24049.31219356141446 35.426557280570911246
24049.357693877500424 35.419494281687697423
24049.403194193586387 35.412431282804483601
24049.44869450967235 35.405368283921269779
24049.494194825758314 35.398305285038055956
24049.539695141844277 35.391242286154842134
24049.58519545793024 35.384179287271628311
24049.630695774016203 35.377116288388414489
24049.676196090102167 35.370053289505200667
24049.72169640618813 35.362990290621986844
24049.767196722274093 35.355927291738773022
24049.812697038360056 35.348864292855559199
24049.85819735444602 35.341801293972345377
24049.903697670531983 35.334738295089131555
24049.949197986617946 35.327675296205917732
24049.99469830270391 35.32061229732270391
24050.040198618789873 35.313549298439490087
24050.085698934875836 35.306486299556276265
24050.131199250961799 35.299423300673062442
24050.176699567047763 35.29236030178984862
24050.222199883133726 35.285297302906634798
24050.267700199219689 35.278234304023420975
24050.313200515305653 35.271171305140207153
24050.358700831391616 35.26410830625699333
24050.404201147477579 35.257045307373779508
24050.449701463563542 35.249982308490565686
24050.495201779649506 35.242919309607351863
24050.540702095735469 35.235856310724138041
24050.586202411821432 35.228793311840924218
24050.631702727907395 35.221730312957710396
24050.677203043993359 35.214667314074496574
24050.722703360079322 35.207604315191282751
24050.768203676165285 35.200541316308068929
24050.813703992254887 35.193478317424855106
24050.85920430834085 35.186415318541641284
24050.904704624426813 35.179352319658427461
24050.950204940512776 35.172289320775213639
24050.99570525659874 35.165226321891999817
24051.041205572684703 35.158163323008785994
24051.086705888770666 35.151100324125572172
24051.132206204856629 35.144037325242358349
24051.177706520942593 35.136974326359144527
24051.223206837028556 35.129911327475930705
24051.268707153114519 35.122848328592716882
24051.314207469200483 35.11578532970950306
24051.359707785286446 35.108722330826289237
24051.405208101372409 35.101659331943075415
24051.450708417458372 35.094596333059861593
24051.496208733544336 35.08753333417664777
24051.541709049630299 35.080470335293433948
24051.587209365716262 35.073407336410220125
24051.632709681802226 35.066344337527006303
24051.678209997888189 35.059281338643792481
24051.723710313974152 35.052218339760578658
24051.769210630060115 35.045155340877364836
24051.814710946146079 35.038092341994151013
24051.860211262232042 35.031029343110937191
24051.905711578318005 35.023966344227723368
24051.951211894403968 35.016903345344509546
24051.996712210489932 35.009840346461295724
24052.042212526575895 35.002777347578081901
24052.087712842661858 34.995714348694868079
24052.133213158747822 34.988651349811654256
24052.178713474833785 34.981588350928440434
24052.224213790919748 34.974525352045226612
24052.269714107005711 34.967462353162012789
24052.315214423091675 34.960399354278798967
24052.360714739177638 34.953336355395585144
24052.406215055263601 34.946273356512371322
24052.451715371349565 34.9392103576291575
24052.497215687435528 34.932147358745943677
24052.542716003521491 34.925084359862729855
24052.588216319607454 34.918021360979516032
24052.633716635693418 34.91095836209630221
24052.679216951779381 34.903895363213088388
24052.724717267865344 34.896832364329874565
24052.770217583951307 34.889769365446660743
24052.815717900037271 34.88270636656344692
24052.861218216123234 34.875643367680233098
24052.906718532209197 34.868580368797019275
24052.952218848295161 34.861517369913805453
24052.997719164381124 34.854454371030591631
24053.043219480467087 34.847391372147377808
24053.08871979655305 34.840328373264163986
24053.134220112639014 34.833265374380950163
24053.179720428724977 34.826202375497736341
24053.22522074481094 34.819139376614522519
24053.270721060896904 34.812076377731308696
24053.316221376982867 34.805013378848094874
24053.36172169306883 34.797950379964881051
24053.407222009154793 34.790887381081667229
24053.452722325240757 34.783824382198453407
24053.49822264132672 34.776761383315239584
24053.543722957412683 34.769698384432025762
24053.589223273498646 34.762635385548811939
24053.63472358958461 34.755572386665598117
24053.680223905670573 34.748509387782384294
24053.725724221756536 34.741446388899170472
24053.7712245378425 34.73438339001595665
24053.816724853928463 34.727320391132742827
24053.862225170014426 34.720257392249529005
24053.907725486100389 34.713194393366315182
24053.953225802186353 34.70613139448310136
24053.998726118272316 34.699068395599887538
24054.044226434358279 34.692005396716673715
24054.089726750444242 34.684942397833459893
24054.135227066533844 34.67787939895024607
24054.180727382619807 34.670816400067032248
24054.22622769870577 34.663753401183818426
24054.271728014791734 34.656690402300604603
24054.317228330877697 34.649627403417390781
24054.36272864696366 34.642564404534176958
24054.408228963049623 34.635501405650963136
24054.453729279135587 34.628438406767749314
24054.49922959522155 34.621375407884535491
24054.544729911307513 34.614312409001321669
24054.590230227393477 34.607249410118107846
24054.63573054347944 34.600186411234894024
24054.681230859565403 34.593123412351680201
24054.726731175651366 34.586060413468466379
24054.77223149173733 34.578997414585252557
24054.817731807823293 34.571934415702038734
24054.863232123909256 34.564871416818824912
24054.908732439995219 34.557808417935611089
24054.954232756081183 34.550745419052397267
24054.999733072167146 34.543682420169183445
24055.045233388253109 34.536619421285969622
24055.090733704339073 34.5295564224027558
24055.136234020425036 34.522493423519541977
24055.181734336510999 34.515430424636328155
24055.227234652596962 34.508367425753114333
24055.272734968682926 34.50130442686990051
24055.318235284768889 34.494241427986686688
24055.363735600854852 34.487178429103472865
24055.409235916940816 34.480115430220259043
24055.454736233026779 34.473052431337045221
24055.500236549112742 34.465989432453831398
24055.545736865198705 34.458926433570617576
24055.591237181284669 34.451863434687403753
24055.636737497370632 34.444800435804189931
24055.682237813456595 34.437737436920976108
24055.727738129542558 34.430674438037762286
24055.773238445628522 34.423611439154548464
24055.818738761714485 34.416548440271334641
24055.864239077800448 34.409485441388120819
24055.909739393886412 34.402422442504906996
24055.955239709972375 34.395359443621693174
24056.000740026058338 34.388296444738479352
24056.046240342144301 34.381233445855265529
24056.091740658230265 34.374170446972051707
24056.137240974316228 34.367107448088837884
24056.182741290402191 34.360044449205624062
24056.228241606488155 34.35298145032241024
24056.273741922574118 34.345918451439196417
24056.319242238660081 34.338855452555982595
24056.364742554746044 34.331792453672768772
24056.410242870832008 34.32472945478955495
24056.455743186917971 34.317666455906341128
24056.501243503003934 34.310603457023127305
24056.546743819089897 34.303540458139913483
24056.592244135175861 34.29647745925669966
24056.637744451261824 34.289414460373485838
24056.683244767347787 34.282351461490272015
24056.728745083433751 34.275288462607058193
24056.774245399519714 34.268225463723844371
24056.819745715605677 34.261162464840630548
24056.86524603169164 34.254099465957416726
24056.910746347777604 34.247036467074202903
24056.956246663863567 34.239973468190989081
24057.00174697994953 34.232910469307775259
24057.047247296035493 34.225847470424561436
24057.092747612121457 34.218784471541347614
24057.13824792820742 34.211721472658133791
24057.183748244293383 34.204658473774919969
24057.229248560379347 34.197595474891706147
24057.27474887646531 34.190532476008492324
24057.320249192551273 34.183469477125278502
24057.365749508637236 34.176406478242064679
24057.4112498247232 34.169343479358850857
24057.456750140812801 34.162280480475637034
24057.502250456898764 34.155217481592423212
24057.547750772984728 34.14815448270920939
24057.593251089070691 34.141091483825995567
24057.638751405156654 34.134028484942781745
24057.684251721242617 34.126965486059567922
24057.729752037328581 34.1199024871763541
24057.775252353414544 34.112839488293140278
24057.820752669500507 34.105776489409926455
24057.86625298558647 34.098713490526712633
24057.911753301672434 34.09165049164349881
24057.957253617758397 34.084587492760284988
24058.00275393384436 34.077524493877071166
24058.048254249930324 34.070461494993857343
24058.093754566016287 34.063398496110643521
24058.13925488210225 34.056335497227429698
24058.184755198188213 34.049272498344215876
24058.230255514274177 34.042209499461002054
24058.27575583036014 34.035146500577788231
24058.321256146446103 34.028083501694574409
24058.366756462532067 34.021020502811360586
24058.41225677861803 34.013957503928146764
24058.457757094703993 34.006894505044932941
24058.503257410789956 33.999831506161719119
24058.54875772687592 33.992768507278505297
24058.594258042961883 33.985705508395291474
24058.639758359047846 33.978642509512077652
24058.685258675133809 33.971579510628863829
24058.730758991219773 33.964516511745650007
24058.776259307305736 33.957453512862436185
24058.821759623391699 33.950390513979222362
24058.867259939477663 33.94332751509600854
24058.912760255563626 33.936264516212794717
24058.958260571649589 33.929201517329580895
24059.003760887735552 33.922138518446367073
24059.049261203821516 33.91507551956315325
24059.094761519907479 33.908012520679939428
24059.140261835993442 33.900949521796725605
24059.185762152079405 33.893886522913511783
24059.231262468165369 33.886823524030297961
24059.276762784251332 33.879760525147084138
24059.322263100337295 33.872697526263870316
24059.367763416423259 33.865634527380656493
24059.413263732509222 33.858571528497442671
24059.458764048595185 33.851508529614228848
24059.504264364681148 33.844445530731015026
24059.549764680767112 33.837382531847801204
24059.595264996853075 33.830319532964587381
24059.640765312939038 33.823256534081373559
24059.686265629025002 33.816193535198159736
24059.731765945110965 33.809130536314945914
24059.777266261196928 33.802067537431732092
24059.822766577282891 33.795004538548518269
24059.868266893368855 33.787941539665304447
24059.913767209454818 33.780878540782090624
24059.959267525540781 33.773815541898876802
24060.004767841626744 33.76675254301566298
24060.050268157712708 33.759689544132449157
24060.095768473798671 33.752626545249235335
24060.141268789884634 33.745563546366021512
24060.186769105970598 33.73850054748280769
24060.232269422056561 33.731437548599593867
24060.277769738142524 33.724374549716380045
24060.323270054228487 33.717311550833166223
24060.368770370314451 33.7102485519499524
24060.414270686400414 33.703185553066738578
24060.459771002486377 33.696122554183524755
24060.505271318572341 33.689059555300310933
24060.550771634658304 33.681996556417097111
24060.596271950744267 33.674933557533883288
24060.64177226683023 33.667870558650669466
24060.687272582916194 33.660807559767455643
24060.732772899002157 33.653744560884241821
24060.778273215091758 33.646681562001027999
24060.823773531177721 33.639618563117814176
24060.869273847263685 33.632555564234600354
24060.914774163349648 33.625492565351386531
24060.960274479435611 33.618429566468172709
24061.005774795521575 33.611366567584958887
24061.051275111607538 33.604303568701745064
24061.096775427693501 33.597240569818531242
24061.142275743779464 33.590177570935317419
24061.187776059865428 33.583114572052103597
24061.233276375951391 33.576051573168889774
24061.278776692037354 33.568988574285675952
24061.324277008123318 33.56192557540246213
24061.369777324209281 33.554862576519248307
24061.415277640295244 33.547799577636034485
24061.460777956381207 33.540736578752820662
24061.506278272467171 33.53367357986960684
24061.551778588553134 33.526610580986393018
24061.597278904639097 33.519547582103179195
24061.64277922072506 33.512484583219965373
24061.688279536811024 33.50542158433675155
24061.733779852896987 33.498358585453537728
24061.77928016898295 33.491295586570323906
24061.824780485068914 33.484232587687110083
24061.870280801154877 33.477169588803896261
24061.91578111724084 33.470106589920682438
24061.961281433326803 33.463043591037468616
24062.006781749412767 33.455980592154254794
24062.05228206549873 33.448917593271040971
24062.097782381584693 33.441854594387827149
24062.143282697670656 33.434791595504613326
24062.18878301375662 33.427728596621399504
24062.234283329842583 33.420665597738185681
24062.279783645928546 33.413602598854971859
24062.32528396201451 33.406539599971758037
24062.370784278100473 33.399476601088544214
24062.416284594186436 33.392413602205330392
24062.461784910272399 33.385350603322116569
24062.507285226358363 33.378287604438902747
24062.552785542444326 33.371224605555688925
24062.598285858530289 33.364161606672475102
24062.643786174616253 33.35709860778926128
24062.689286490702216 33.350035608906047457
24062.734786806788179 33.342972610022833635
24062.780287122874142 33.335909611139619813
24062.825787438960106 33.32884661225640599
24062.871287755046069 33.321783613373192168
24062.916788071132032 33.314720614489978345
24062.962288387217995 33.307657615606764523
24063.007788703303959 33.3005946167235507
24063.053289019389922 33.293531617840336878
24063.098789335475885 33.286468618957123056
24063.144289651561849 33.279405620073909233
24063.189789967647812 33.272342621190695411
24063.235290283733775 33.265279622307481588
24063.280790599819738 33.258216623424267766
24063.326290915905702 33.251153624541053944
24063.371791231991665 33.244090625657840121
24063.417291548077628 33.237027626774626299
24063.462791864163592 33.229964627891412476
24063.508292180249555 33.222901629008198654
24063.553792496335518 33.215838630124984832
24063.599292812421481 33.208775631241771009
24063.644793128507445 33.201712632358557187
24063.690293444593408 33.194649633475343364
24063.735793760679371 33.187586634592129542
24063.781294076765334 33.18052363570891572
24063.826794392851298 33.173460636825701897
24063.872294708937261 33.166397637942488075
24063.917795025023224 33.159334639059274252
24063.963295341109188 33.15227164017606043
24064.008795657195151 33.145208641292846607
24064.054295973281114 33.138145642409632785
24064.099796289367077 33.131082643526418963
24064.145296605456679 33.12401964464320514
24064.190796921542642 33.116956645759991318
24064.236297237628605 33.109893646876777495
24064.281797553714568 33.102830647993563673
24064.327297869800532 33.095767649110349851
24064.372798185886495 33.088704650227136028
24064.418298501972458 33.081641651343922206
24064.463798818058422 33.074578652460708383
24064.509299134144385 33.067515653577494561
24064.554799450230348 33.060452654694280739
24064.600299766316311 33.053389655811066916
24064.645800082402275 33.046326656927853094
24064.691300398488238 33.039263658044639271
24064.736800714574201 33.032200659161425449
24064.782301030660165 33.025137660278211627
24064.827801346746128 33.018074661394997804
24064.873301662832091 33.011011662511783982
24064.918801978918054 33.003948663628570159
24064.964302295004018 32.996885664745356337
24065.009802611089981 32.989822665862142514
24065.055302927175944 32.982759666978928692
24065.100803243261907 32.97569666809571487
24065.146303559347871 32.968633669212501047
24065.191803875433834 32.961570670329287225
24065.237304191519797 32.954507671446073402
24065.282804507605761 32.94744467256285958
24065.328304823691724 32.940381673679645758
24065.373805139777687 32.933318674796431935
24065.41930545586365 32.926255675913218113
24065.464805771949614 32.91919267703000429
24065.510306088035577 32.912129678146790468
24065.55580640412154 32.905066679263576646
24065.601306720207504 32.898003680380362823
24065.646807036293467 32.890940681497149001
24065.69230735237943 32.883877682613935178
24065.737807668465393 32.876814683730721356
24065.783307984551357 32.869751684847507534
24065.82880830063732 32.862688685964293711
24065.874308616723283 32.855625687081079889
24065.919808932809246 32.848562688197866066
24065.96530924889521 32.841499689314652244
24066.010809564981173 32.834436690431438421
24066.056309881067136 32.827373691548224599
24066.1018101971531 32.820310692665010777
24066.147310513239063 32.813247693781796954
24066.192810829325026 32.806184694898583132
24066.238311145410989 32.799121696015369309
24066.283811461496953 32.792058697132155487
24066.329311777582916 32.784995698248941665
24066.374812093668879 32.777932699365727842
24066.420312409754843 32.77086970048251402
24066.465812725840806 32.763806701599300197
24066.511313041926769 32.756743702716086375
24066.556813358012732 32.749680703832872553
24066.602313674098696 32.74261770494965873
24066.647813990184659 32.735554706066444908
24066.693314306270622 32.728491707183231085
24066.738814622356585 32.721428708300017263
24066.784314938442549 32.71436570941680344
24066.829815254528512 32.707302710533589618
24066.875315570614475 32.700239711650375796
24066.920815886700439 32.693176712767161973
24066.966316202786402 32.686113713883948151
24067.011816518872365 32.679050715000734328
24067.057316834958328 32.671987716117520506
24067.102817151044292 32.664924717234306684
24067.148317467130255 32.657861718351092861
24067.193817783216218 32.650798719467879039
24067.239318099302182 32.643735720584665216
24067.284818415388145 32.636672721701451394
24067.330318731474108 32.629609722818237572
24067.375819047560071 32.622546723935023749
24067.421319363646035 32.615483725051809927
24067.466819679735636 32.608420726168596104
24067.512319995821599 32.601357727285382282
24067.557820311907562 32.59429472840216846
24067.603320627993526 32.587231729518954637
24067.648820944079489 32.580168730635740815
24067.694321260165452 32.573105731752526992
24067.739821576251416 32.56604273286931317
24067.785321892337379 32.558979733986099347
24067.830822208423342 32.551916735102885525
24067.876322524509305 32.544853736219671703
24067.921822840595269 32.53779073733645788
24067.967323156681232 32.530727738453244058
24068.012823472767195 32.523664739570030235
24068.058323788853158 32.516601740686816413
24068.103824104939122 32.509538741803602591
24068.149324421025085 32.502475742920388768
24068.194824737111048 32.495412744037174946
24068.240325053197012 32.488349745153961123
24068.285825369282975 32.481286746270747301
24068.331325685368938 32.474223747387533479
24068.376826001454901 32.467160748504319656
24068.422326317540865 32.460097749621105834
24068.467826633626828 32.453034750737892011
24068.513326949712791 32.445971751854678189
24068.558827265798755 32.438908752971464367
24068.604327581884718 32.431845754088250544
24068.649827897970681 32.424782755205036722
24068.695328214056644 32.417719756321822899
24068.740828530142608 32.410656757438609077
24068.786328846228571 32.403593758555395254
24068.831829162314534 32.396530759672181432
24068.877329478400497 32.38946776078896761
24068.922829794486461 32.382404761905753787
24068.968330110572424 32.375341763022539965
24069.013830426658387 32.368278764139326142
24069.059330742744351 32.36121576525611232
24069.104831058830314 32.354152766372898498
24069.150331374916277 32.347089767489684675
24069.19583169100224 32.340026768606470853
24069.241332007088204 32.33296376972325703
24069.286832323174167 32.325900770840043208
24069.33233263926013 32.318837771956829386
24069.377832955346094 32.311774773073615563
24069.423333271432057 32.304711774190401741
24069.46883358751802 32.297648775307187918
24069.514333903603983 32.290585776423974096
24069.559834219689947 32.283522777540760273
24069.60533453577591 32.276459778657546451
24069.650834851861873 32.269396779774332629
24069.696335167947836 32.262333780891118806
24069.7418354840338 32.255270782007904984
24069.787335800119763 32.248207783124691161
24069.832836116205726 32.241144784241477339
24069.87833643229169 32.234081785358263517
24069.923836748377653 32.227018786475049694
24069.969337064463616 32.219955787591835872
24070.014837380549579 32.212892788708622049
24070.060337696635543 32.205829789825408227
24070.105838012721506 32.198766790942194405
24070.151338328807469 32.191703792058980582
24070.196838644893433 32.18464079317576676
24070.242338960979396 32.177577794292552937
24070.287839277065359 32.170514795409339115
24070.333339593151322 32.163451796526125293
24070.378839909237286 32.15638879764291147
24070.424340225323249 32.149325798759697648
24070.469840541409212 32.142262799876483825
24070.515340857495175 32.135199800993270003
24070.560841173581139 32.12813680211005618
24070.606341489667102 32.121073803226842358
24070.651841805753065 32.114010804343628536
24070.697342121839029 32.106947805460414713
24070.742842437924992 32.099884806577200891
24070.788342754014593 32.092821807693987068
24070.833843070100556 32.085758808810773246
24070.87934338618652 32.078695809927559424
24070.924843702272483 32.071632811044345601
24070.970344018358446 32.064569812161131779
24071.015844334444409 32.057506813277917956
24071.061344650530373 32.050443814394704134
24071.106844966616336 32.043380815511490312
24071.152345282702299 32.036317816628276489
24071.197845598788263 32.029254817745062667
24071.243345914874226 32.022191818861848844
24071.288846230960189 32.015128819978635022
24071.334346547046152 32.0080658210954212
24071.379846863132116 32.001002822212207377
24071.425347179218079 31.993939823328993555
24071.470847495304042 31.986876824445779732
24071.516347811390006 31.97981382556256591
24071.561848127475969 31.972750826679352087
24071.607348443561932 31.965687827796138265
24071.652848759647895 31.958624828912924443
24071.698349075733859 31.95156183002971062
24071.743849391819822 31.944498831146496798
24071.789349707905785 31.937435832263282975
24071.834850023991748 31.930372833380069153
24071.880350340077712 31.923309834496855331
24071.925850656163675 31.916246835613641508
24071.971350972249638 31.909183836730427686
24072.016851288335602 31.902120837847213863
24072.062351604421565 31.895057838964000041
24072.107851920507528 31.887994840080786219
24072.153352236593491 31.880931841197572396
24072.198852552679455 31.873868842314358574
24072.244352868765418 31.866805843431144751
24072.289853184851381 31.859742844547930929
24072.335353500937345 31.852679845664717107
24072.380853817023308 31.845616846781503284
24072.426354133109271 31.838553847898289462
24072.471854449195234 31.831490849015075639
24072.517354765281198 31.824427850131861817
24072.562855081367161 31.817364851248647994
24072.608355397453124 31.810301852365434172
24072.653855713539087 31.80323885348222035
24072.699356029625051 31.796175854599006527
24072.744856345711014 31.789112855715792705
24072.790356661796977 31.782049856832578882
24072.835856977882941 31.77498685794936506
24072.881357293968904 31.767923859066151238
24072.926857610054867 31.760860860182937415
24072.97235792614083 31.753797861299723593
24073.017858242226794 31.74673486241650977
24073.063358558312757 31.739671863533295948
24073.10885887439872 31.732608864650082126
24073.154359190484683 31.725545865766868303
24073.199859506570647 31.718482866883654481
24073.24535982265661 31.711419868000643163
24073.290860138749849 31.704356869118178963
24073.336360454861278 31.697293870236567415
24073.381860771009087 31.690230871356064313
24073.427361087211466 31.683167872476879268
24073.47286140349388 31.67610487359918281
24073.518361719889072 31.669041874723095731
24073.563862036429782 31.661978875848699744
24073.609362353163306 31.654915876976030376
24073.65486267012966 31.647852878105076968
24073.700362987383414 31.640789879235789783
24073.745863304975501 31.633726880368072898
24073.791363622971403 31.626663881501791309
24073.791363622971403 31.626663881501791309
24073.791363622971403 31.626663881501791309
24073.791363622971403 31.626663881501791309
24073.791363622971403 31.626663881501791309
24073.791363622971403 31.626663881501791309
24073.836863941432966 31.619600882636767381
24073.882364260429313 31.612537883772777292
24073.927864580033201 31.605474884909558142
24073.97336490032103 31.59841188604680795
24074.018865221376473 31.591348887184178551
24074.06436554328684 31.584285888321282698
24074.109865866143082 31.577222889457694066
24074.155366190043424 31.570159890592940144
24074.200866515082453 31.563096891726516446
24074.246366841365671 31.556033892857900724
24074.291867169002217 31.54897089398695087
24074.337367498108506 31.541907895113709515
24074.382867828815506 31.534844896238315215
24074.428368161257822 31.527781897360998897
24074.473868495580973 31.520718898482083858
24074.519368831941392 31.513655899601985766
24074.564869170502789 31.506592900721209105
24074.610369511439785 31.499529901840350732
24074.655869854930643 31.49246690296009632
24074.701370201164536 31.485403904081223914
24074.746870550341555 31.478340905204596822
24074.792370902669063 31.471277906331170726
24074.837871258358064 31.464214907461983017
24074.883371617634111 31.457151908598163459
24074.928871980726399 31.450088909740923526
24074.974372347875033 31.443025910891567065
24075.019872719323757 31.435962912051476081
24075.06537309533087 31.428899913222124951
24075.110873476154666 31.42183691440506621
24075.156373862064356 31.414773915601941212
24075.201874253336428 31.407710916814469471
24075.247374650254642 31.400647918044459317
24075.292875053110038 31.393584919293793689
24075.338375462200929 31.386521920564444343
24075.383875877832907 31.379458921858457643
24075.429376300318836 31.372395923177965216
24075.474876729975222 31.36533292452517685
24075.520377167129482 31.358269925902380493
24075.565877612112672 31.351206927311945805
24075.611378065263125 31.344143928756320605
24075.656878526926448 31.337080930238027321
24075.702378997451888 31.330017931759670091
24075.747879477199604 31.322954933323924109
24075.793379966533394 31.315891934933546281
24075.838880465824332 31.308828936591396541
24075.884380975450767 31.301765938300871284
24075.929881495801965 31.294702940065814545
24075.975382027274463 31.287639941890425632
24076.020882570279355 31.280576943779241361
24076.066383125235006 31.273513945737153819
24076.1118836925707 31.266450947769389046
24076.157384272726631 31.259387949881517699
24076.202884866153909 31.252324952079447939
24076.248385473310918 31.245261954369500046
24076.293886094674235 31.238198956758324698
24076.339386730731349 31.231135959252714684
24076.384887381980661 31.224072961859604902
24076.430388048942405 31.217009964586068804
24076.475888732140447 31.209946967439318399
24076.521389432120486 31.202883970426704252
24076.566890149435494 31.195820973555708377
24076.612390884656634 31.188757976833954899
24076.657891638362344 31.181694980269199391
24076.703392411149252 31.174631983869328877
24076.748893203624903 31.167568987642368938
24076.79439401640775 31.160505991596469499
24076.839894850130804 31.153442995739919041
24076.885395705437986 31.14638000008113039
24076.930896582984133 31.139317004628651375
24076.976397483438632 31.132254009391150618
24077.021898407481785 31.125191014377435295
24077.06739935580481 31.118128019596429823
24077.112900329109834 31.111065025057193623
24077.158401328109903 31.104002030768903353
24077.20390235353625 31.096939036740870677
24077.249403406120109 31.089876042982524496
24077.294904486614541 31.08281304950342161
24077.340405595776247 31.075750056313243164
24077.385906734376476 31.068687063421791095
24077.431407903193758 31.061624070838991685
24077.476909103024809 31.054561078574892008
24077.522410334666347 31.047498086639667036
24077.567911598933279 31.040435095043605429
24077.613412896647787 31.033372103797120189
24077.658914228642971 31.026309112910748667
24077.704415595762839 31.019246122395145449
24077.749916998862318 31.012183132261085916
24077.795418438803608 31.005120142519469795
24077.840919916459825 30.99805715318131405
24077.886421432711359 30.990994164257756438
24077.93192298845679 30.98393117576005551
24077.977424584594701 30.976868187699675872
24078.022926222045498 30.969805200088313057
24078.06842790173323 30.962742212937758524
24078.113929624600132 30.955679226259892545
24078.159431391599355 30.948616240066691319
24078.204933203698602 30.941553254370226966
24078.250435061876487 30.93449026918266398
24078.295936967126181 30.92742728451625922
24078.341438920448127 30.920364300383358369
24078.386940922864596 30.913301316796403029
24078.4324429754015 30.906238333767923621
24078.477945079102938 30.899175351310542936
24078.523447235027561 30.892112369436969033
24078.568949444244936 30.885049388160009443
24078.614451707835542 30.877986407492553411
24078.659954026894411 30.870923427447586107
24078.705456402527489 30.863860448038181516
24078.750958835862548 30.856797469277505996
24078.796461328031 30.849734491178811169
24078.841963880182448 30.842671513755444579
24078.887466493477405 30.835608537021077069
24078.932969169098214 30.828545560989656593
24078.978471908241772 30.821482585675337162
24079.023974712119525 30.814419611092478846
24079.069477581964748 30.807356637255651322
24079.114980519025266 30.800293664179630326
24079.16048352456346 30.793230691879472261
24079.205986599867174 30.786167720370805512
24079.251489746242441 30.779104749669794927
24079.296992965013487 30.772041779793113392
24079.342496257522726 30.764978810757952488
24079.387999625138036 30.757915842582018939
24079.433503069245489 30.750852875283534615
24079.479006591252983 30.743789908881538508
24079.524510192590242 30.736726943396067924
24079.570013874712458 30.729663978848019923
24079.61551763910029 30.722601015259147772
24079.661021487259859 30.715538052652071599
24079.706525420722755 30.708475091050271288
24079.752029441042396 30.701412130478090035
24079.797533549801301 30.694349170960734341
24079.84303774860382 30.687286212524270468
24079.888542039087042 30.680223255195638643
24079.934046422906249 30.673160299002638851
24079.979550901749462 30.666097343973941491
24080.025055477326532 30.659034390139087378
24080.070560151376412 30.651971437528491293
24080.11606492566716 30.644908486173438433
24080.161569801988662 30.637845536106091515
24080.207074782167183 30.630782587359490776
24080.252579868047178 30.623719639967557526
24080.298085061505844 30.616656693965097702
24080.343590364453121 30.609593749387801864
24080.389095778820774 30.602530806272248753
24080.434601306573313 30.595467864655915946
24080.480106949700712 30.588404924577169197
24080.525612710229325 30.581341986075280204
24080.57111859021461 30.574279049190423052
24080.616624591737491 30.56721611396367777
24080.662130716915271 30.560153180437037435
24080.707636967890721 30.553090248653415273
24080.75314334684299 30.546027318656825855
24080.798649855987605 30.53896439049263023
24080.84415649757284 30.531901464207575003
24080.889663273883343 30.524838539849717733
24080.935170187247422 30.51777561746842693
24080.980677240022487 30.510712697114392711
24081.02618443461688 30.503649778839641016
24081.071691773468046 30.496586862697537157
24081.117199259057088 30.489523948742807136
24081.162706893908762 30.48246103703153409
24081.208214680584206 30.475398127621186717
24081.253722621684574 30.46833522057065835
24081.299230719861953 30.461272315940185251
24081.344738977812085 30.45420941379128621
24081.390247398270731 30.44714651418676965
24081.435755984028219 30.440083617190747844
24081.481264737914898 30.433020722868715069
24081.526773662812047 30.425957831287739452
24081.572282761648239 30.418894942516427449
24081.617792037406616 30.41183205662492739
24081.663301493117615 30.404769173684943695
24081.708811131862603 30.397706293769747532
24081.754320956777519 30.390643416954187472
24081.799830971049232 30.383580543314845812
24081.845341177919181 30.376517672930241076
24081.890851580687013 30.369454805880675252
24081.93636218271422 30.362391942248240895
24081.981872987420502 30.355329082116728756
24082.027383998291043 30.348266225571496335
24082.072895218876511 30.341203372699482088
24082.118406652785779 30.334140523589223193
24082.163918303696846 30.327077678330862653
24082.209430175356829 30.320014837016177722
24082.254942271574691 30.312951999738583453
24082.300454596228519 30.305889166593157569
24082.345967153265519 30.298826337676654674
24082.391479946705658 30.291763513087524018
24082.436992980634386 30.284700692926008969
24082.482506259209913 30.277637877294285573
24082.528019786666846 30.270575066296430577
24082.573533567312552 30.2635122600384463
24082.619047605527157 30.25644945862827484
24082.664561905767187 30.249386662175822948
24082.710076472569199 30.242323870792976237
24082.755591310542513 30.235261084593627601
24082.801106424383761 30.228198303693691429
24082.846621818862332 30.221135528211132026
24082.892137498831289 30.214072758265988483
24082.937653469223733 30.20700999398039599
24082.983169735060073 30.199947235478603602
24083.028686301444395 30.192884482887016873
24083.074203173564456 30.185821736334208509
24083.119720356698963 30.178758995950953903
24083.165237856210297 30.171696261870344813
24083.210755677555426 30.164633534228208589
24083.256273826285906 30.157570813162926981
24083.301792308047879 30.150508098815439695
24083.347311128589354 30.143445391329276362
24083.392830293752922 30.136382690850581412
24083.438349809483043 30.129319997528146047
24083.483869681826036 30.122257311513443767
24083.529389916930086 30.115194632960662346
24083.574910521048878 30.108131962026742912
24083.620431500541599 30.101069298871404811
24083.665952861876576 30.094006643657191802
24083.711474611631274 30.086943996549507574
24083.756996756488661 30.07988135771665128
24083.802519303251756 30.072818727329863719
24083.848042258829082 30.065756105563359313
24083.893565630252851 30.058693492594379393
24083.939089424668055 30.051630888603224179
24083.984613649336097 30.044568293773306067
24084.030138311645715 30.037505708291195816
24084.075663419102057 30.030443132346658075
24084.121188979341241 30.023380566132825464
24084.166715000119439 30.016318009846642667
24084.212241489331063 30.009255463688759846
24084.257768455001496 30.002192927863568173
24084.303295905294362 29.995130402579249562
24084.348823848507891 29.988067888047829967
24084.394352293078555 29.98100538448523622
24084.439881247588346 29.973942892111349323
24084.485410720761138 29.966880411150061292
24084.530940721466322 29.959817941829335552
24084.576471258726087 29.95275548438127089
24084.622002341708139 29.945693039042165395
24084.66753397973298 29.938630606052747396
24084.713066182281182 29.931568185658292691
24084.758598958993389 29.924505778108667187
24084.804132319666678 29.917443383658394396
24084.849666274265473 29.910381002566722941
24084.895200832917908 29.903318635097701161
24084.9407360059231 29.896256281520244613
24084.986271803754789 29.889193942108221336
24085.031808237057703 29.882131617140736068
24085.077345316654828 29.875069306902279465
24085.122883053554688 29.868007011682756513
24085.168421458947705 29.860944731777582462
24085.213960544217116 29.853882467487775187
24085.259500320931693 29.846820219120044015
24085.305040800856659 29.839757986986892746
24085.350581995953689 29.832695771406712026
24085.396123918391822 29.825633572703885932
24085.44166658053291 29.818571391208891441
24085.487209994957084 29.811509227258579102
24085.532754174455476 29.804447081196272507
24085.578299132033862 29.797384953371786054
24085.623844880923571 29.790322844141531533
24085.669391434577847 29.783260753868635362
24085.714938806679129 29.776198682923066485
24085.760487011146324 29.769136631681746508
24085.80603606213117 29.762074600528695356
24085.851585974025511 29.755012589855148519
24085.897136761468573 29.74795060005969205
24085.942688439346966 29.740888631548404675
24085.988241022801958 29.733826684734992796
24086.033794527229475 29.726764760040943258
24086.079348968291015 29.719702857895658354
24086.12490436191365 29.712640978736615693
24086.170460724293662 29.705579123009524523
24086.216018071903818 29.698517291168485599
24086.261576421500649 29.691455483676143956
24086.307135790124448 29.684393701003866539
24086.352696195102908 29.677331943631912736
24086.398257654065674 29.670270212049612013
24086.443820184940705 29.663208506755530891
24086.489383805957914 29.656146828257679005
24086.534948535667354 29.649085177073679631
24086.580514392931946 29.642023553730979302
24086.626081396938389 29.634961958767032542
24086.67164956720444 29.627900392729518586
24086.717218923578912 29.620838856176540332
24086.762789486256224 29.613777349676848161
24086.808361275772768 29.606715873810053097
24086.853934313025093 29.599654429166857739
24086.899508619262633 29.592593016349280077
24086.945084216105897 29.585531635970898634
24086.990661125550105 29.578470288657118914
24087.036239369965188 29.571408975045585521
24087.081818972113979 29.564347695786441506
24087.127399955152214 29.557286451542566397
24087.172982342639443 29.55022524298983555
24087.218566158546309 29.543164070817404365
24087.264151427258184 29.536102935727981844
24087.309738173589722 29.529041838438175205
24087.355326422784856 29.521980779678926865
24087.400916200534994 29.514919760195738263
24087.446507532979012 29.50785878074898605
24087.492100446717814 29.50079784211422762
24087.537694968821597 29.493736945082542178
24087.583291126833501 29.486676090460843369
24087.62888894878779 29.479615279072163503
24087.674488463209855 29.472554511755909346
24087.720089699138043 29.465493789368224498
24087.765692686120019 29.458433112782358876
24087.811297454230953 29.451372482889041748
24087.856904034080799 29.444311900596872533
24087.902512456828845 29.437251366832708044
24087.948122754183714 29.430190882542078157
24087.993734958421555 29.423130448689594374
24088.039349102393317 29.416070066259372595
24088.084965219542937 29.409009736255484313
24088.130583343907347 29.401949459702382939
24088.176203510138293 29.394889237645578817
24088.22182575350962 29.387829071152321347
24088.267450109935453 29.380768961311858334
24088.313076615977479 29.373708909235933362
24088.358705308863136 29.366648916059503449
24088.404336226492887 29.359588982941243529
24088.449969407458411 29.352529111064029621
24088.495604891057155 29.345469301635485948
24088.541242717295972 29.338409555888567581
24088.586882926916587 29.331349875082182166
24088.63252556140651 29.32429026050177967
24088.678170663002675 29.317230713459942137
24088.723818274724181 29.310171235297012515
24088.769468440368655 29.303111827381727039
24088.815121204537718 29.296052491111861826
24088.860776612655172 29.288993227914904338
24088.906434710970643 29.281934039248739055
24088.95209554658868 29.274874926602340253
24088.997759167468757 29.267815891496500313
24089.043425622461655 29.260756935484554475
24089.089094961309456 29.253698060153148219
24089.134767234671017 29.246639267123001105
24089.180442494140152 29.239580558049699022
24089.226120792252914 29.232521934624511317
24089.27180218252397 29.225463398575215024
24089.317486719446606 29.218404951666922642
24089.363174458521826 29.211346595702824658
24089.40886545628382 29.204288332525095484
24089.454559770314518 29.197230164015856246
24089.500257459261775 29.190172092097967038
24089.545958582864841 29.183114118735986153
24089.591663201972551 29.176056245937150635
24089.637371378568787 29.16899847575240301
24089.683083175790671 29.161940810277425129
24089.728798657946754 29.154883251653821219
24089.774517890542484 29.147825802070396861
24089.820240940305666 29.140768463764242568
24089.865967875208298 29.133711239022094475
24089.911698764488392 29.126654130181456992
24089.957433678679081 29.119597139631800076
24090.003172689626808 29.11254026981578491
24090.048915870520432 29.105483523230528675
24090.094663295909413 29.098426902428901286
24090.140415041740198 29.091370410020903847
24090.186171185374405 29.084314048675032893
24090.231931805614295 29.077257821119701475
24090.277696982735506 29.070201730144727748
24090.323466798512527 29.063145778602731184
24090.369241336244158 29.05608996941061406
24090.415020680786256 29.049034305551099777
24090.460804918573558 29.041978790074292505
24090.506594137656066 29.034923426099272348
24090.552388427724509 29.027868216815750912
24090.598187880139449 29.020813165485737528
24090.643992587967659 29.013758275445329815
24090.689802646007593 29.006703550106465173
24090.735618150825758 28.999648992958533711
24090.781439200789464 28.992594607570232768
24090.827265896103199 28.985540397591652351
24090.873098338837735 28.978486366756243342
24090.918936632962868 28.971432518882632934
24090.964780884391075 28.964378857876646123
24091.01063120100298 28.957325387733384048
24091.056487692680093 28.950272112539348512
24091.102350471352111 28.943219036474616246
24091.148219651022373 28.936166163815055796
24091.19409534780425 28.929113498934611926
24091.239977679961157 28.922061046307625531
24091.285866767946573 28.915008810511221071
24091.331762734433141 28.907956796228052809
24091.377665704363608 28.900905008248937378
24091.423575804979919 28.89385345147526607
24091.469493165874155 28.886802130921989118
24091.515417919021274 28.879751051720219834
24091.561350198833679 28.872700219120051912
24091.607290142186685 28.865649638493110274
24091.653237888476724 28.858599315335375479
24091.699193579643179 28.851549255270086292
24091.745157360222947 28.844499464050720405
24091.791129377390462 28.837449947564021357
24091.837109780994069 28.8304007118331036
24091.883098723603325 28.823351763020802707
24091.929096360545373 28.816303107433249409
24091.97510284996315 28.809254751522971105
24092.021118352844496 28.802206701892234975
24092.067143033076718 28.795158965296504761
24092.113177057475696 28.788111548647961513
24092.159220595840452 28.781064459019084723
24092.20527382099317 28.774017703646315169
24092.25133690882285 28.766971289933803035
24092.297410038328962 28.759925225457209308
24092.343493391661468 28.752879517967599554
24092.38958715417175 28.745834175395408749
24092.43569151444899 28.738789205854491371
24092.48180666436383 28.731744617646231887
24092.527932799119299 28.724700419263754725
24092.574070117279916 28.717656619396194628
24092.620218820829905 28.7106132269330665
24092.66637911520229 28.703570250968695632
24092.712551209326193 28.696527700806743866
24092.75873531567413 28.689485585964810355
24092.80493165029111 28.682443916179114041
24092.85114043284193 28.675402701409261397
24092.897361886651197 28.668361951843088775
24092.943596238739701 28.661321677901586469
24092.989843719864439 28.654281890243915143
24093.036104564551351 28.647242599772489768
24093.082379011135345 28.640203817638376194
24093.128667301800306 28.633165555246559819
24093.174969682608207 28.626127824261196508
24093.221286403535487 28.619090636611012712
24093.267617718498514 28.612054004494815729
24093.313963885386329 28.605017940387043041
24093.360325166089751 28.597982457043418236
24093.40670182653048 28.590947567506660221
24093.453094136672007 28.583913285112281244
24093.499502370563278 28.576879623494441773
24093.545926806335046 28.569846596591879972
24093.5923677262399 28.562814218653869602
24093.638825416652253 28.555782504246096209
24093.685300168093818 28.548751468256760688
24093.73179227523724 28.541721125902775213
24093.778302036909736 28.534691492735991147
24093.824829756104009 28.527662584649498001
24093.87137573997461 28.520634417883957923
24093.917940299830661 28.513607009033989925
24093.964523751139495 28.506580375054596743
24094.011126413508464 28.499554533267616563
24094.057748610666749 28.492529501368213829
24094.10439067045445 28.485505297431398475
24094.151052924793476 28.478481939918552257
24094.197735709662084 28.471459447683951538
24094.244439365058497 28.464437839981183487
24094.291164234968164 28.457417136469608465
24094.337910667312826 28.450397357220900574
24094.384679013903224 28.44337852272557754
24094.431469630384527 28.436360653899509288
24094.478282876178127 28.429343772090401643
24094.525119114401605 28.422327899084223191
24094.571978711799602 28.415313057111607264
24094.61886203866743 28.408299268854158015
24094.665769468749204 28.401286557450720949
24094.712701379150531 28.394274946503546886
24094.759658150225732 28.387264460084359996
24094.806640165465069 28.38025512274034412
24094.853647811378323 28.373246959499972775
24094.900681477363833 28.366239995878739677
24094.947741555555695 28.359234257884715191
24094.994828440689162 28.352229772023964216
24095.041942529936932 28.345226565305786437
24095.089084222741803 28.338224665247832235
24095.136253920631134 28.33122409988084911
24095.183452027038584 28.324224897753264685
24095.230678947093111 28.317227087935524565
24095.277935087418882 28.310230700024192174
24095.325220855898806 28.303235764145739495
24095.372536661448976 28.296242310960050048
24095.419882913771289 28.289250371663587913
24095.46726002309515 28.282259977992236344
24095.514668399900984 28.275271162223745591
24095.562108454643749 28.268283957179807686
24095.609580597450986 28.261298396227726215
24095.657085237820866 28.254314513281617138
24095.704622784291132 28.24733234280318328
24095.752193644108047 28.24035191980198789
24095.799798222877143 28.233373279835198844
24095.847436924206704 28.226396459006760864
24095.895110149322136 28.219421493965977987
24095.942818296687619 28.212448421905580886
24095.990561761595018 28.205477280559168918
24096.038340935749147 28.198508108198026889
24096.086156206845772 28.19154094362726326
24096.13400795812413 28.184575826181426095
24096.18189656791219 28.177612795719110039
24096.22982240915735 28.170651892616863421
24096.277785848953499 28.163693157762356378
24096.325787248042616 28.156736632546770949
24096.373826960309088 28.149782358856217712
24096.421905332274036 28.142830379062544921
24096.470022702556889 28.135880736013195502
24096.518179401344241 28.128933473019930744
24096.566375749847793 28.121988633846800809
24096.614612059747742 28.115046262696949952
24096.662888632625254 28.108106404198448303
24096.711205759394943 28.101169103389160853
24096.759563719722792 28.094234405700575508
24096.807962781444076 28.087302356940579529
24096.856403199981287 28.080373003275351351
24096.90488521774023 28.073446391209877504
24096.953409063531581 28.066522567567361079
24097.00197495195971 28.059601579467560839
24097.050583082847879 28.052683474304053846
24097.099233640634338 28.045768299720293726
24097.147926793779334 28.038856103584659962
24097.196662694197585 28.031946933963993729
24097.24544147666893 28.025040839096096335
24097.294263258267165 28.018137867361037507
24097.343128137807071 28.011238067251301942
24097.392036195287801 28.004341487340767003
24097.440987491361739 27.997448176252532903
24097.489982066817902 27.990558182626056549
24097.539019942076266 27.983671555083102334
24097.588101116714824 27.976788342191937886
24097.637225568996655 27.969908592430702043
24097.686393255436997 27.9630323541497674
24097.73560411039216 27.956159675533083231
24097.784858045662986 27.94929060455854497
24097.834154950145603 27.942425188957464854
24097.883494689496729 27.935563476173143727
24097.932877105842636 27.928705513318632825
24097.982302017517213 27.921851347133767263
24098.03176921884733 27.915001023941776737
24098.081278479967295 27.908154589604770024
24098.130829546669702 27.90131208947876118
24098.180422140310839 27.894473568368301386
24098.230055957745208 27.887639070480734205
24098.279730671310972 27.880808639380138203
24098.329445928859059 27.873982317941038644
24098.379201353833196 27.867160148301980627
24098.428996545389964 27.860342171819041823
24098.478831078573421 27.853528429019412727
24098.528704504537018 27.846718959555261108
24098.578616350816446 27.83991380215787359
24098.628566121642507 27.833112994592198675
24098.678553298319457 27.826316573611919125
24098.72857733964338 27.819524574915153181
24098.778637682367844 27.812737033100916051
24098.828733741720498 27.805953981626441163
24098.878864911981509 27.799175452765499728
24098.92903056708019 27.792401477567807433
24098.979230061260751 27.785632085819656822
24099.029462729791703 27.778867306005881943
24099.079727889697097 27.772107165273283158
24099.130024840556871 27.765351689395590284
24099.180352865329041 27.758600902740102612
24099.230711231208261 27.75185482823606975
24099.281099190535315 27.745113487344958969
24099.331515981710254 27.738376900032658767
24099.38196083017101 27.731645084743718144
24099.432432949368376 27.724918058377731711
24099.482931541780999 27.718195836267881305
24099.533455799944932 27.711478432161786856
24099.584004907508643 27.704765858204662976
24099.63457804029531 27.69805812492484165
24099.685174367379659 27.691355241221746297
24099.735793052172085 27.68465721435632787
24099.786433253513678 27.677964049943959424
24099.837094126760348 27.671275751949853117
24099.887774824885128 27.664592322686971215
24099.938474499551376 27.65791376281646663
24099.989192302204174 27.651240071350660088
24100.039927385128976 27.644571245658568159
24100.090678902510263 27.63790728147391107
24100.141446011461085 27.631248172905628735
24100.192227873048978 27.62459391245080198
24100.243023653289129 27.617944491010007368
24100.293832524104801 27.611299897904995504
24100.344653664280486 27.604660120898664388
24100.395486260367761 27.598025146217217696
24100.446329507572955 27.591394958574536389
24100.49718261059752 27.584769541198635778
24100.548044784449303 27.578148875860129863
24100.598915255221073 27.571532942902610586
24100.649793260821752 27.564921721274856736
24100.700678051678551 27.55831518856475526
24100.75156889138816 27.55171332103484616
24100.802465057327936 27.54511609365940572
24100.853365841241612 27.538523480162918844
24100.904270549755893 27.531935453060029317
24100.955178504878859 27.525351983696509706
24101.006089044436521 27.518773042291229558
24101.057001522487553 27.512198597979125481
24101.107915309672535 27.50562861885503807
24101.15882979354501 27.499063072018241627
24101.209744265051995 27.492501938275506035
24101.260657976003131 27.485945204772903594
24101.311570375048177 27.479392834685800295
24101.362480928688456 27.472844790373603274
24101.413389121396904 27.466301033428486278
24101.464294455669005 27.459761524724140003
24101.515196452070086 27.453226224464277294
24101.566094649217121 27.446695092230903867
24101.616988603760547 27.440168087032400734
24101.667877890311502 27.433645167351219385
24101.718762101350876 27.427126291191086693
24101.769640847112896 27.420611416123634285
24101.820513755428692 27.41410049933440618
24101.871380471566226 27.407593497668127469
24101.922240658026567 27.401090367673216264
24101.973093994340161 27.394591065645460759
24102.023940176815813 27.388095547671028385
24102.074778918307857 27.381603769668259929
24102.125609947925113 27.37511568742846535
24102.176433010758046 27.368631256655689299
24102.227247867580445 27.362150433005425043
24102.278054294532922 27.355673172122138226
24102.328852082799131 27.349199429675721262
24102.379641038289265 27.342729161396746917
24102.430420981279894 27.336262323110627648
24102.481191746075638 27.329798870770620312
24102.531953180659912 27.323338760489633614
24102.58270514632386 27.316881948570863159
24102.633447517309833 27.310428391537225679
24102.684180180443946 27.303978046159592452
24102.734903034772287 27.297530869483839666
24102.785615991182567 27.291086818856719276
24102.836318972043955 27.284645851950539708
24102.887011910832371 27.278207926786702586
24102.937694751770323 27.271773001758067068
24102.988367449459474 27.265341035650170198
24103.039029968520481 27.258911987661296195
24103.089682283236471 27.252485817421487013
24103.140324377192883 27.246062485010494214
24103.190956242935499 27.239641950974643692
24103.241577881624835 27.233224176342680778
24103.292189302690531 27.226809122640606375
24103.342790523511212 27.22039675190553254
24103.393381569076155 27.213987026698575278
24103.443962471679697 27.207579910116795219
24103.49453327059382 27.201175365804068917
24103.54509401177711 27.194773357961395277
24103.595644747572805 27.188373851356299582
24103.646185536417761 27.18197681133130672
24103.696716442555044 27.175582203811639914
24103.747237535764725 27.169189995312127195
24103.797748891091032 27.162800152943042065
24103.848250588573137 27.15641264441556757
24103.898742713001411 27.15002743804658536
24103.949225353666407 27.14364450276279328
24103.999698604126024 27.13726380810417993
24104.050162561969046 27.130885324226909461
24104.100617328589578 27.124509021905605977
24104.15106300897969 27.118134872535083701
24104.201499711518409 27.111762848131558457
24104.251927547775267 27.105392921333343992
24104.30234663230658 27.09902506540109357
24104.352757082484459 27.092659254217771547
24104.403159018314909 27.086295462288251912
24104.453552562270488 27.079933664738561561
24104.503937839130231 27.073573837314466317
24104.554314975823218 27.067215956379637731
24104.604684101268504 27.060859998913475266
24104.655045346244151 27.054505942508619398
24104.705398843238072 27.048153765368237345
24104.755744726324338 27.041803446303187997
24104.806083131039486 27.035454964728707239
24104.856414194258832 27.029108300661153663
24104.906738054090965 27.022763434714327957
24104.95705484976861 27.016420348095429915
24105.007364721543127 27.010079022600834264
24105.057667810589919 27.003739440611695954
24105.107964258913853 26.997401585089381371
24105.158254209261941 26.991065439570768092
24105.208537805032392 26.9847309881633457
24105.258815190212772 26.978398215540234872
24105.309086509289045 26.972067106935110559
24105.359351907183736 26.965737648137057647
24105.409611529186805 26.959409825485323609
24105.459865520904714 26.953083625864024953
24105.510114028184034 26.946759036696779077
24105.560357197071426 26.940436045941304144
24105.610595173755428 26.934114642083951452
24105.660828104526445 26.927794814134244916
24105.711056135725812 26.921476551619399231
24105.761279413705779 26.915159844578802506
24105.811498084796767 26.908844683558530875
24105.861712295267353 26.902531059605870212
24105.911922191291524 26.896218964263855611
24105.962127918923215 26.889908389565832181
24106.012329624070844 26.883599328030058473
24106.062527452464565 26.877291772654341884
24106.112721549645357 26.870985716910723795
24106.162912060932285 26.864681154740207347
24106.21309913141522 26.858378080547566924
24106.263282905936649 26.852076489196193165
24106.313463529077126 26.845776376002959296
24106.363641145140718 26.839477736733222457
24106.41381589815137 26.833180567595910304
24106.463987931838346 26.826884865238689315
24106.514157389636239 26.820590626743229024
24106.564324414674047 26.81429784962055507
24106.614489149767905 26.808006531806491068
24106.664651737431996 26.801716671657224822
24106.714812319863995 26.795428267944949141
24106.764971038952353 26.789141319853484902
24106.815128036276292 26.782855826974010682
24106.865283453113079 26.77657178930106241
24106.915437430434395 26.770289207228628925
24106.965590108920878 26.764008081546336371
24107.015741628962132 26.75772841343592745
24107.065892130667635 26.751450204467744243
24107.116041753870377 26.745173456597324702
24107.166190638137778 26.738898172162130606
24107.216338922775321 26.732624353878389201
24107.266486746848386 26.726352004838076937
24107.316634249174967 26.720081128506031121
24107.366781568347506 26.713811728717203664
24107.416928842740163 26.707543809674053392
24107.467076164077298 26.701277381747381412
24107.51722364779198 26.695012452679158343
24107.567371431767242 26.688749027742424857
24107.617519653715135 26.682487112569400978
24107.667668451180361 26.676226713149578273
24107.717817961562105 26.669967835827961267
24107.767968322121305 26.663710487303450947
24107.81811966999885 26.657454674627352631
24107.868272142226488 26.651200405202054355
24107.918425875748653 26.644947686780032114
24107.96858100742611 26.638696527462698782
24108.018737674061413 26.632446935699437773
24108.068896012409823 26.626198920286814342
24108.119056159190222 26.619952490367943199
24108.16921825110694 26.613707655432207844
24108.219382424857031 26.607464425314866219
24108.269548817152099 26.601222810196787805
24108.319717564725579 26.594982820604332829
24108.369888804354559 26.588744467409366479
24108.420062672859785 26.582507761829404558
24108.470239307138399 26.57627271542788705
24108.520418844156666 26.570039340114572468
24108.570601420982712 26.563807648146060103
24108.620787174779252 26.557577652126443724
24108.670976242836332 26.551349365008487524
24108.721168762567686 26.545122800094844706
24108.771364871543483 26.538897971038842627
24108.821564707483049 26.532674891845573484
24108.871768408276694 26.526453576873144868
24108.92197611199299 26.520234040834086642
24108.972187956893322 26.514016298796665438
24109.022404081431887 26.507800366186362595
24109.072624624273885 26.501586258787476424
24109.122849724291882 26.495373992744802649
24109.173079520583997 26.489163584565453391
24109.223314152477542 26.482955051120747214
24109.27355375953266 26.476748409647925087
24109.323798481545964 26.470543677752132794
24109.374048458561447 26.464340873408445987
24109.424303830863209 26.458140014963969833
24109.474564738986373 26.451941121139956437
24109.524831323706167 26.445744211033957782
24109.575103726052475 26.43954930412203197
24109.625382087291655 26.433356420260992081
24109.675666548937443 26.427165579690665709
24109.725957252736407 26.42097680303616869
24109.776254340667947 26.414790111310182397
24109.826557954940654 26.408605525915259449
24109.876868237981398 26.402423068646449167
24109.927185332435329 26.396242761693294199
24109.97750938115496 26.390064627641901751
24110.027840527185617 26.383888689477132061
24110.078178913758165 26.377714970584726473
24110.128524684274453 26.371543494753368009
24110.178877982281847 26.365374286176692209
24110.229238951469597 26.359207369455170067
24110.279607735643367 26.353042769597923467
24110.329984478699771 26.34688051202443404
24110.380369324619096 26.340720622566415443
24110.430762417428923 26.334563127469650112
24110.481163901193213 26.328408053395410349
24110.531573919983202 26.322255427421627161
24110.581992617841024 26.316105277043966737
24110.632420138761518 26.309957630176754151
24110.682856626655848 26.303812515153687457
24110.733302225318766 26.297669960728349281
24110.783757078392227 26.29152999607453367
24110.834221329332649 26.285392650786349122
24110.884695121374534 26.27925795487810845
24110.935178597479535 26.273125938783966404
24110.98567190031099 26.266996633357301505
24111.036175172179355 26.26087006986989536
24111.086688554998545 26.25474628001074251
24111.13721219024228 26.248625295884597364
24111.187746218896791 26.242507150010144557
24111.238290781413525 26.236391875317810474
24111.288846017643664 26.230279505147283459
24111.33941206680538 26.224170073244778223
24111.389989067414717 26.218063613759998276
24111.440577157238295 26.211960161242913614
24111.4911764732351 26.205859750639760364
24111.541787151498283 26.199762417288852134
24111.592409327189671 26.193668196915922408
24111.643043134488835 26.187577125629054819
24111.693688706523972 26.18148923991318
24111.744346175299142 26.175404576624131892
24111.795015671643341 26.169323172982284831
24111.845697325137735 26.163245066565682606
24111.896391264042904 26.157170295302730523
24111.947097615233361 26.151098897464461146
24111.997816504135699 26.145030911656313322
24112.048548054641287 26.138966376809460002
24112.099292389055336 26.132905332171937118
24112.150049628005945 26.126847817299076127
24112.200819890389539 26.120793872043329031
24112.251603293283551 26.114743536543617353
24112.302399951880943 26.10869685121418371
24112.353209979413805 26.10265385673345051
24112.404033487087872 26.096614594032111256
24112.45487058400613 26.090579104280518408
24112.505721377096052 26.08454742887538913
24112.556585971044115 26.078519609426280113
24112.607464468208491 26.072495687741522374
24112.6583569685572 26.066475705813644481
24112.709263569591712 26.060459705804358777
24112.760184366270551 26.054447730029060892
24112.811119450947444 26.048439820940899381
24112.862068913291296 26.042436021114397704
24112.913032840224332 26.036436373228660557
24112.964011315842072 26.030440920050160969
24113.015004421358753 26.024449704415129503
24113.066012235034577 26.018462769211573971
24113.117034832110221 26.012480157360869271
24113.168072284748632 26.00650191179890669
24113.219124661969545 26.000528075456966093
24113.270192029598547 25.994558691242314552
24113.321274450201599 25.988593802018606027
24113.3723719830341 25.98263345058601459
24113.423484683979041 25.976677679661122511
24113.474612605503353 25.970726531856620056
24113.525755796606973 25.96478004966080988
24113.576914302775549 25.958838275416958652
24113.628088165929512 25.952901251302527896
24113.679277424387692 25.946969019308298243
24113.730482112827303 25.941041621217440394
24113.781702262247563 25.93511909858452924
24113.832937899926037 25.929201492714565092
24113.884189049396809 25.923288844642012663
24113.935455730417743 25.917381195109893355
24113.986737958941376 25.911478584549076487
24114.03803574709309 25.905581053057570529
24114.089349103149289 25.899688640379967097
24114.140678031519201 25.893801385887027067
24114.192022532730334 25.887919328555511811
24114.243382603406644 25.882042506948277349
24114.294758236272173 25.876170959194627841
24114.346149420132861 25.87030472297098882
24114.397556139876542 25.864443835481903733
24114.448978376472951 25.858588333441272056
24114.500416106970079 25.852738253054202033
24114.551869304501452 25.846893629999247111
24114.603337938286131 25.84105449941169752
24114.65482197365418 25.835220895866349622
24114.706321372039383 25.829392853360925386
24114.757836091004719 25.823570405300127817
24114.809366084245994 25.817753584480211515
24114.860911301617307 25.811942423074036412
24114.912471689145605 25.806136952616984814
24114.964047189045232 25.800337203993695567
24115.015637739750673 25.794543207424894149
24115.067243275934743 25.788754992454961723
24115.118863728530414 25.782972587940289344
24115.170499024767196 25.777196022037855982
24115.222149088196602 25.771425322194509988
24115.273813838717615 25.76566051513687583
24115.325493192620343 25.759901626861875457
24115.377187062604207 25.754148682627853617
24115.428895357821602 25.748401706946413725
24115.480617983914271 25.742660723574893211
24115.532354843046051 25.736925755509293623
24115.584105833950161 25.731196824978102455
24115.635870851965592 25.725473953436516439
24115.687649789077113 25.7197571615615459
24115.739442533962574 25.714046469247200832
24115.791248972040194 25.708341895600387517
24115.843068985497666 25.702643458937366461
24115.894902453350369 25.696951176780739701
24115.946749251481378 25.691265065856953242
24115.998609252692404 25.685585142094282673
24116.050482326743804 25.679911420621344575
24116.102368340409157 25.674243915766126634
24116.154267157522554 25.66858264105542986
24116.206178639040445 25.662927609214715829
24116.258102643078018 25.657278832168330496
24116.310039024978323 25.651636321040125921
24116.361987637359562 25.646000086154497666
24116.413948330176936 25.640370137037781006
24116.465920950780855 25.634746482419956237
24116.51790534398242 25.629129130236748324
24116.569901352107991 25.623518087632024987
24116.621908815071947 25.617913360960489655
24116.673927570442174 25.612314955790662196
24116.725957453512819 25.606722876908083464
24116.777998297362501 25.601137128318814717
24116.830049932948896 25.595557713253210608
24116.882112189170584 25.589984634170026112
24116.934184892950725 25.584417892760669133
24116.986267869324365 25.578857489953655602
24117.038360941518476 25.573303425919316823
24117.090463931035629 25.567755700074684455
24117.142576657759491 25.562214311088599317
24117.19469894003123 25.5566792568870369
24117.246830594758649 25.55115053465861763
24117.29897143751441 25.545628140860273447
24117.351121282634267 25.540112071223191492
24117.403279943329835 25.534602320759070437
24117.455447231797734 25.529098883766316419
24117.507622959332366 25.523601753836210548
24117.559806936442328 25.518110923859648409
24117.611998972970468 25.512626386034170878
24117.664198878217576 25.507148131871268504
24117.71640646106971 25.501676152203934578
24117.768621530114615 25.496210437194498866
24117.820843893783604 25.490750976342731349
24117.87307336048616 25.485297758494244391
24117.925309738737269 25.479850771849186231
24117.977552837302937 25.474410003971257765
24118.029802465338435 25.468975441797194748
24118.082058432526537 25.463547071646349451
24118.1343205492376 25.458124879230609849
24118.186588626656885 25.452708849664773538
24118.23886247694827 25.44729896747732667
24118.291141913392494 25.441895216621716713
24118.343426750543586 25.436497580487948511
24118.395716804378026 25.431106041914450344
24118.448011892447539 25.42572058320044448
24118.500311834024615 25.420341186118765364
24118.552616450258938 25.414967831929079267
24118.604925564322912 25.409600501391555127
24118.657239001564449 25.404239174780787636
24118.709556589656131 25.398883831900228358
24118.76187815873709 25.393534452097139109
24118.814203541565803 25.388191014278014279
24118.866532573654695 25.382853496924440151
24118.918865093412023 25.377521878109650544
24118.971200942287396 25.37219613551525299
24119.023539964899101 25.366876246448885723
24119.075882009172346 25.361562187862062956
24119.128226926462958 25.356253936368204904
24119.180574571688339 25.350951468261438748
24119.232924803443893 25.345654759535207745
24119.285277484119433 25.34036378590125338
24119.3376324800156 25.335078522809020285
24119.389989661434811 25.329798945465423543
24119.4423489027904 25.324525028854967701
24119.494710082693928 25.319256747760210402
24119.547073084053409 25.313994076782467602
24119.599437794138794 25.308736990362795893
24119.651804104669282 25.303485462803184447
24119.704171911875164 25.298239468287938791
24119.756541116563312 25.292998980905228024
24119.808911624168104 25.287763974668777678
24119.861283344798721 25.2825344235397651
24119.91365619329008 25.277310301448849827
24119.966030089228298 25.272091582317830927
24120.018404956976156 25.266878240081613427
24120.070780725694931 25.261670248710135667
24120.123157329358946 25.256467582230339275
24120.175534706751932 25.251270214747972176
24120.227912801477942 25.246078120469302775
24120.280291561939521 25.240891273722596111
24120.332670941323158 25.235709648979341324
24120.385050897581095 25.230533220875368983
24120.437431393387669 25.225361964231794332
24120.48981239611021 25.220195854075694086
24120.542193877758109 25.215034865660481245
24120.59457581492461 25.209878974485931735
24120.646958188728604 25.204728156317852239
24120.699340984745504 25.199582387207346557
24120.751724192930851 25.194441643509755124
24120.804107807540277 25.189305901903036755
24120.856491827038553 25.184175139405677868
24120.908876254005008 25.179049333394043941
24120.961261095038935 25.173928461619194508
24121.013646360639541 25.168812502223133265
24121.066032065104082 25.163701433754432912
24121.118418226400536 25.158595235183163652
24121.170804866054823 25.153493885915249706
24121.223192009012564 25.148397365806118842
24121.275579683504475 25.143305655173691093
24121.32796792091176 25.138218734810667598
24121.380356755624234 25.133136585996115997
24121.432746224883886 25.128059190506188969
24121.485136368650274 25.122986530624125123
24121.537527229425905 25.117918589149475395
24121.589918852117989 25.112855349406601135
24121.642311283863819 25.107796795252180999
24121.694704573870695 25.102742911082195576
24121.747098773252219 25.097693681837903057
24121.799493934850034 25.092649093010990669
24121.851890113062836 25.087609130647788191
24121.904287363671756 25.082573781352600406
24121.956685743669368 25.077543032290254388
24122.009085311074159 25.072516871188039289
24122.061486124755902 25.067495286336736626
24122.113888244253758 25.062478266590517251
24122.166291729598015 25.057465801366056724
24122.21869664112819 25.052457880641007648
24122.271103039311129 25.047454494951342241
24122.323510984562745 25.042455635387891988
24122.375920537077036 25.037461293592187417
24122.428331756636908 25.032471461751139685
24122.480744702439551 25.027486132591043599
24122.533159432918183 25.022505299370557452
24122.58557600556378 25.017528955872851526
24122.63799447675774 25.012557096396928813
24122.690414901600889 25.007589715748110848
24122.742837333731586 25.002626809227646021
24122.795261825172929 24.997668372621475896
24122.847688426165405 24.992714402188326517
24122.900117185003182 24.98776489464705719
24122.952548147884954 24.982819847163252547
24123.004981358753867 24.977879257335100505
24123.057416859148361 24.972943123178559688
24123.109854688067571 24.968011443111834069
24123.162294881818525 24.963084215939183252
24123.214737473888817 24.958161440834096823
24123.267182494812005 24.953243117321882494
24123.319629972051189 24.948329245261700038
24123.372079929871688 24.943419824828058751
24123.424532389231899 24.938514856491718064
24123.476987367674155 24.933614341000051695
24123.529444879226503 24.9287182793570814
24123.581904934311751 24.923826672803127025
24123.634367539660161 24.918939522793589703
24123.686832698225771 24.914056830977653334
24123.739300409117277 24.909178599176573954
24123.791770667514356 24.904304829361624485
24123.844243464627652 24.899435523631638034
24123.896718787629652 24.8945706841904979
24123.949196619607392 24.889710313324492574
24124.001676939536992 24.884854413379514426
24124.054159722240001 24.880002986738176673
24124.106644938357931 24.875156035796841536
24124.15913255434134 24.870313562942644836
24124.211622532438923 24.865475570530509941
24124.264114830697508 24.860642060860133284
24124.31660940295842 24.855813036153151074
24124.369106198886584 24.850988498530476534
24124.421605163977802 24.846168449989779248
24124.47410623959513 24.841352892383198991
24124.526609363005264 24.8365418273953793
24124.579114467422187 24.831735256521778155
24124.631621482050832 24.826933181047262877
24124.684130332159839 24.8221356020249182
24124.736640939143399 24.817342520255316174
24124.789153220583103 24.81255393626637229
24124.841667090346164 24.807769850293738045
24124.894182458650903 24.802990262261886301
24124.946699232175888 24.798215171765601639
24124.999217314150883 24.793444578051953897
24125.051736604451435 24.788678480003000004
24125.104256999726204 24.783916876119128858
24125.156778393495188 24.779159764503138064
24125.209300676284329 24.774407142845291219
24125.261823735741928 24.769659008408616785
24125.314347456776886 24.764915358014896185
24125.366871721686039 24.760176188031664424
24125.419396410303307 24.755441494360113097
24125.471921400130668 24.75071127242381408
24125.524446566483675 24.745985517158242573
24125.576971770893579 24.741264224057253784
24125.629496831792494 24.736547391803551221
24125.682021618031285 24.73183501387153882
24125.73454599696197 24.727127083207243174
24125.787069834594149 24.722423592222245503
24125.839592995758721 24.717724532788519554
24125.89211534424976 24.713029896234200322
24125.944636742999137 24.708339673340258713
24125.997157054218405 24.703653854338057272
24126.049676139569783 24.698972428907833176
24126.10219386031531 24.694295386178026774
24126.154710077473283 24.689622714725146579
24126.207224651978322 24.684954402574767585
24126.259737444830535 24.680290437203534992
24126.312248317251942 24.675630805541970858
24126.364757130828366 24.670975493978083648
24126.417263747651305 24.666324488361777156
24126.469768030463456 24.66167777401017247
24126.522269842800597 24.657035335713700874
24126.574769049122551 24.652397157742722555
24126.627265514947794 24.647763223854884274
24126.679759106977144 24.643133517303134283
24126.73224969322473 24.638508020844366087
24126.784737143127131 24.633886716748691015
24126.837221327667066 24.629269586809272141
24126.88970211947526 24.624656612352740837
24126.942179392946855 24.620047774250107153
24126.994653024332365 24.615443052928160483
24127.047122891846811 24.610842428381385361
24127.099588875753398 24.606245880184250296
24127.152050858461735 24.601653387503894521
24127.204508724604239 24.597064929113120257
24127.256962361116166 24.592480483403704739
24127.30941165729746 24.587900028399968022
24127.361856504892785 24.583323541772603704
24127.414296798138821 24.57875100085268727
24127.46673243382611 24.574182382645673783
24127.519163311360899 24.569617663845701117
24127.571589332801523 24.56505682085004949
24127.624010402909335 24.560499829773654312
24127.676426429174171 24.555946666463700723
24127.728837321854371 24.551397306514274987
24127.781242993991327 24.54685172528096615
24127.833643361442228 24.542309897895393078
24127.88603834289097 24.537771799279781249
24127.938427859862713 24.533237404161447159
24127.990811836731154 24.528706687087186822
24128.043190200711251 24.524179622437518589
24128.095562881877413 24.519656184440798086
24128.147929813138035 24.515136347187134191
24128.20029093024641 24.510620084642134486
24128.25264617177163 24.506107370660512146
24128.304995479091303 24.501598178999223876
24128.357338796373369 24.497092483330412449
24128.409676070554269 24.492590257254299502
24128.462007251309842 24.488091474311712403
24128.514332291029859 24.483596107996323354
24128.566651144785283 24.479104131766650454
24128.618963770302798 24.474615519057689283
24128.671270127924799 24.470130243292192773
24128.723570180576644 24.465648277891641982
24128.775863893722999 24.461169596286925554
24128.828151235327823 24.456694171928713644
24128.880432175814349 24.452221978297476568
24128.932706688021426 24.447752988913304506
24128.98497474715623 24.443287177345233374
24129.037236330743326 24.438824517220268717
24129.089491418588295 24.434364982232139596
24129.14173999272316 24.429908546149725623
24129.193982037359092 24.425455182824990175
24129.246217538831843 24.421004866200568983
24129.29844648555445 24.416557570317017678
24129.350668867962668 24.412113269319711151
24129.402884678464034 24.407671937465419632
24129.455093911390577 24.403233549128536595
24129.507296562929696 24.398798078806990475
24129.559492631091416 24.394365501127833085
24129.611682115642907 24.389935790852504738
24129.663865018061188 24.385508922881808047
24129.716041341478558 24.381084872260519347
24129.768211090635305 24.376663614181737216
24129.820374271825131 24.372245123990968096
24129.872530892847863 24.367829377189917039
24129.924680962954881 24.363416349439997788
24129.976824492801825 24.359006016565587061
24130.028961494394025 24.354598354556991069
24130.081091981039208 24.350193339573209528
24130.133215967307478 24.345790947944443872
24130.185333468973113 24.341391156174378096
24130.237444502978178 24.336993940942242887
24130.289549087374326 24.332599279104652368
24130.34164724128641 24.328207147697163748
24130.393738984872471 24.323817523935666429
24130.44582433928008 24.319430385217216894
24130.497903326602682 24.315045709120958861
24130.549975969846855 24.310663473409032775
24130.602042292888655 24.306283656027289908
24130.654102320433594 24.30190623510586434
24130.706156077980268 24.297531188959510473
24130.758203591791244 24.293158496087652765
24130.810244888849411 24.288788135174524285
24130.862279996832513 24.28442008508918093
24130.914308944073127 24.280054324885394834
24130.966331759529567 24.275690833801466084
24131.018348472749494 24.271329591259906522
24131.070359113848099 24.266970576867070264
24131.122363713475352 24.262613770412652769
24131.174362302786903 24.258259151869129511
24131.226354913425894 24.253906701391077405
24131.278341577486572 24.24955639931447493
24131.330322327496106 24.245208226155916975
24131.382297196392756 24.240862162611744424
24131.43426621749677 24.236518189557017422
24131.486229424495832 24.232176288044520618
24131.538186851423234 24.22783643930375419
24131.590138532628771 24.223498624740059881
24131.642084502775106 24.219162825933675975
24131.694024796805024 24.214829024638635957
24131.745959449934162 24.21049720278162809
24131.797888497625536 24.206167342460826575
24131.849811975574994 24.201839425944697837
24131.901729919693025 24.197513435670767734
24131.953642366090207 24.193189354244221789
24132.005549351066293 24.188867164436665291
24132.057450911095657 24.184546849184915374
24132.109347082812747 24.180228391589725589
24132.161237903001165 24.175911774914446539
24132.213123408579122 24.171596982583864133
24132.265003636592155 24.167283998182966798
24132.316878624194942 24.162972805455698477
24132.368748408644024 24.158663388303693864
24132.42061302728689 24.154355730785045608
24132.472472517554706 24.150049817113085737
24132.524326916951395 24.145745631655184837
24132.576176263042726 24.141443158931529922
24132.628020593452675 24.137142383613994667
24132.679859945852513 24.132843290525002544
24132.731694357960805 24.128545864636365081
24132.783523867532494 24.12425009106812368
24132.835348512347991 24.119955955087405641
24132.887168330216809 24.115663442107301506
24132.938983358963014 24.111372537685753059
24132.990793636421586 24.107083227524466196
24133.042599200434779 24.102795497467880637
24133.094400088852126 24.098509333502516228
24133.14619633951952 24.094224721756031471
24133.197987990275578 24.089941648496218107
24133.249775078955281 24.085660100129995698
24133.301557643375418 24.081380063202413311
24133.353335721334588 24.077101524395693843
24133.40510935061684 24.072824470528235707
24133.456878568980756 24.068548888553586096
24133.508643414163089 24.064274765559407143
24133.560403923882404 24.060002088766641037
24133.6121601358318 24.055730845528454864
24133.663912087678909 24.051461023329430589
24133.715659817069536 24.047192609785060569
24133.767403361620381 24.042925592640983723
24133.819142758926318 24.038659959772214592
24133.87087804654584 24.034395699182393713
24133.922609262015612 24.030132799003052213
24133.974336442828644 24.025871247492901261
24134.026059626448841 24.021611033037178373
24134.077778850300092 24.017352144146990156
24134.129494151773542 24.013094569458658611
24134.181205568216683 24.008838297733049671
24134.232913136940624 24.004583317854955027
24134.284616895209183 24.000329618832484613
24134.336316880242521 23.996077189796448437
24134.388013129224419 23.991826019999766828
24134.439705679284089 23.987576098816873582
24134.491394567510724 23.983327415743140421
24134.543079830946226 23.979079960394322768
24134.594761506581563 23.974833722506001976
24134.64643963135677 23.970588691933059522
24134.698114242168231 23.966344858649136995
24134.749785375854117 23.96210221274611385
24134.801453069208947 23.957860744433602918
24134.85311735896903 23.953620444038424608
24134.904778281823383 23.949381302004134398
24134.956435874399176 23.945143308890521894
24135.008090173279925 23.940906455373141881
24135.05974121498366 23.936670732242760096
24135.111389035984757 23.932436130404699526
24135.163033672699385 23.928202640878357244
24135.214675161492778 23.923970254796760315
24135.266313538675604 23.91973896340613237
24135.317948840503959 23.915508758065460171
24135.369581103179371 23.911279630246060179
24135.421210362845159 23.907051571531166445
24135.47283665559371 23.902824573615504278
24135.524460017455567 23.898598628304863922
24135.57608048441034 23.894373727515677786
24135.627698092372157 23.890149863274629638
24135.679312877207849 23.88592702771825671
24135.730924874729681 23.881705213092544682
24135.782534120698983 23.877484411752352145
24135.834140650840709 23.873264616160792428
24135.885744500828878 23.869045818888821486
24135.937345706297492 23.864828012614875519
24135.988944302836899 23.860611190124480174
24136.040540325993788 23.856395344309898832
24136.092133811267558 23.852180468169745353
24136.14372479411395 23.847966554808618156
24136.19531330994505 23.843753597436723624
24136.246899394125649 23.839541589369503072
24136.298483081976883 23.835330524027259713
24136.350064408772596 23.831120394934803386
24136.401643409746612 23.826911195721088177
24136.453220120081824 23.82270292011884294
24136.504794574913831 23.818495561964201812
24136.556366809341853 23.814289115196299207
24136.60793685841054 23.810083573856910988
24136.659504757120885 23.805878932090099198
24136.711070540433866 23.801675184141860342
24136.762634243259527 23.797472324359773665
24136.814195900467894 23.793270347192549963
24136.865755546881701 23.789069247189296163
24136.917313217287301 23.784869018999128087
24136.968868946434668 23.780669657370804515
24137.020422769044671 23.776471157152204938
24137.071974719809077 23.77227351328960836
24137.123524833390547 23.768076720827505
24137.175073144426278 23.763880774908376026
24137.226619687531638 23.759685670772363153
24137.278164497289254 23.755491403756956004
24137.329707608263561 23.751297969296679469
24137.381249054993532 23.747105362922784622
24137.432788871989032 23.742913580262893447
24137.484327093749016 23.738722617040647123
24137.53586375474697 23.734532469075372063
24137.587398889445467 23.730343132281589646
24137.638932532292529 23.726154602668511728
24137.690464717725263 23.721966876339742214
24137.7419954801735 23.717779949493021263
24137.793524854059797 23.713593818419944625
24137.845052873792156 23.709408479505690082
24137.896579573774943 23.705223929228758095
24137.948104988405248 23.701040164160605883
24137.999629152083799 23.696857180965292144
24138.051152099211322 23.692674976399334952
24138.102673864188546 23.688493547311534115
24138.154194481419836 23.684312890642722493
24138.205713985313196 23.680133003425535065
24138.257232410280267 23.675953882784142479
24138.308749790739967 23.671775525933991702
24138.360266161118489 23.66759793018162128
24138.411781555849302 23.663421092924437517
24138.463296009373153 23.659245011650515522
24138.514809556145337 23.655069683938620528
24138.566322230635706 23.650895107458108413
24138.61783406732502 23.646721279968744511
24138.669345100715873 23.642548199320518876
24138.720855365332682 23.638375863453472192
24138.772364895721694 23.63420427039753946
24138.823873726454622 23.6300334182723617
24138.875381892128644 23.62586330528713674
24138.926889427370043 23.621693929740452234
24138.978396366834204 23.617525290020143558
24139.029902745209256 23.613357384603151701
24139.081408597216068 23.609190212055125357
24139.132913957619166 23.605023771030193558
24139.18441886121218 23.600858060270859085
24139.235923342832393 23.596693078607774652
24139.287427437364386 23.592528824959430267
24139.338931179736392 23.588365298332064413
24139.390434604931215 23.584202497819557465
24139.441937747989869 23.580040422603193662
24139.493440644007933 23.575879071951600707
24139.544943328146474 23.571718445220685823
24139.596445835628401 23.567558541853557585
24139.647948201738473 23.563399361380465535
24139.699450461837841 23.559240903418785962
24139.75095265134587 23.555083167673018352
24139.802454805758316 23.550926153934792495
24139.853956960454525 23.546769862098233972
24139.905459133442491 23.542614293551647364
24139.956961360399873 23.538459448350476322
24140.008463677080726 23.534305326637479538
24140.05996611932278 23.530151928642791148
24140.111468723036523 23.525999254683981121
24140.162971524216118 23.521847305166144082
24140.214474558943039 23.517696080581973916
24140.265977863378794 23.513545581511873905
24140.317481473775842 23.509395808624063307
24140.368985426477593 23.505246762674687488
24140.420489757918403 23.501098444507970697
24140.471994504619943 23.496950855056301322
24140.523499703209382 23.492803995340064915
24140.575005390408478 23.488657866467743673
24140.626511603048129 23.484512469636030119
24140.678018378068373 23.480367806129979869
24140.729525752518384 23.476223877323224798
24140.781033763556479 23.472080684678175544
24140.832542448453751 23.467938229746248879
24140.884051844604983 23.463796514168105745
24140.935561989517737 23.45965553967388928
24140.987072920830542 23.455515308083231929
24141.038584676312894 23.451375821305408209
24141.090097293861618 23.447237081339569187
24141.141610811519058 23.44309909027495209
24141.193125267465803 23.438961850291168076
24141.244640700017044 23.434825363658617903
24141.296157147644408 23.430689632738804562
24141.347674648968678 23.42655465998451092
24141.399193242763431 23.422420447940140775
24141.45071296795868 23.418286999241981761
24141.502233863640868 23.41415431661858193
24141.553755969063786 23.410022402891126347
24141.605279323634022 23.405891260973874068
24141.656803966929147 23.401760893874570257
24141.70832993869044 23.397631304694897381
24141.75985727882653 23.393502496630919296
24141.811386027420667 23.389374472973486263
24141.862916224727087 23.38524723710862574
24141.914447911178286 23.381120792518029106
24141.965981127385021 23.376995142779552594
24142.017515914136311 23.372870291567746648
24142.069052312406711 23.368746242654378165
24142.120590363352676 23.3646229999090842
24142.172130108316196 23.360500567300178432
24142.2236715888248 23.356378948895187619
24142.275214846602466 23.352258148861448461
24142.326759923558711 23.348138171466693791
24142.378306861803139 23.344019021079532195
24142.42985570363453 23.339900702170094604
24142.481406491544476 23.335783219310677339
24142.532959268228296 23.33166657717640291
24142.584514076574123 23.32755078054589859
24142.636070959673816 23.323435834301953662
24142.687629960819322 23.319321743432059435
24142.739191123513592 23.315208513028860438
24142.790754491474218 23.311096148290719299
24142.84232010863343 23.306984654522167943
24142.893888019138103 23.302874037134525764
24142.945458267364302 23.298764301646663455
24142.997030897902732 23.294655453685773949
24143.04860595556238 23.290547498988164676
24143.100183485381422 23.286440443400053368
24143.151763532619952 23.282334292878399395
24143.203346142752707 23.278229053491944711
24143.254931361487252 23.274124731422279666
24143.306519234753068 23.270021332964603289
24143.358109808705194 23.265918864528593701
24143.409703129724221 23.261817332639271427
24143.461299244416296 23.257716743937898229
24143.512898199609481 23.253617105182890157
24143.564500042361033 23.249518423250716381
24143.616104819946486 23.245420705136695005
24143.667712579863291 23.241323957955810187
24143.719323369834456 23.237228188943628737
24143.770937237804901 23.233133405457252252
24143.822554231930553 23.22903961497627634
24143.87417440059653 23.224946825103703674
24143.925797792398953 23.220855043566853482
24143.977424456155859 23.216764278218331441
24144.029054440892651 23.212674537037024436
24144.080687795849371 23.208585828129077555
24144.132324570469791 23.204498159728899509
24144.183964814405044 23.20041154020024976
24144.235608577513631 23.196325978037265259
24144.287255909861415 23.192241481865291775
24144.338906861707073 23.188158060441882213
24144.390561483509373 23.184075722657791374
24144.442219825916254 23.179994477537917419
24144.493881939768471 23.175914334242254
24144.545547876088676 23.171835302066885021
24144.597217686070508 23.167757390444965182
24144.648891421085864 23.163680608947682771
24144.700569132666715 23.159604967285147836
24144.752250872505101 23.155530475307273264
24144.803936692449497 23.151457143004666506
24144.855626644501172 23.147384980509450259
24144.907320780792361 23.143313998096090245
24144.959019153600821 23.139244206182258523
24145.010721815320721 23.135175615329735876
24145.062428818466287 23.131108236245264465
24145.114140215657244 23.127042079781276129
24145.165856059622456 23.122977156936602938
24145.217576403174462 23.11891347885728365
24145.269301299209474 23.114851056837576238
24145.321030800692824 23.110789902320860278
24145.372764960644417 23.106730026900329733
24145.42450383213145 23.102671442319685724
24145.476247468250222 23.098614160473790236
24145.527995922118862 23.094558193409280733
24145.579749246855499 23.09050355332514215
24145.63150749556371 23.086450252573236241
24145.683270721328881 23.082398303658884231
24145.735038977185468 23.078347719241325109
24145.786812316109717 23.074298512134070904
24145.838590791005117 23.070250695305226429
24145.890374454673292 23.066204281877741522
24145.942163359810365 23.062159285129588682
24145.993957558977854 23.058115718493905177
24146.045757104580844 23.054073595559039234
24146.097562048857071 23.05003293006851095
24146.149372443847824 23.045993735920927037
24146.20118834137611 23.041956027169774757
24146.253009793032106 23.037919818023162577
24146.304836850144056 23.033885122843500426
24146.356669563763717 23.029851956146849545
24146.408507984640892 23.025820332602268792
24146.460352163201605 23.021790267031153832
24146.512202149511722 23.017761774406473307
24146.564057993269671 23.0137348698519979
24146.61591974375915 23.00970956864154715
24146.667787449838215 23.00568588619794852
24146.71966115989926 23.001663838091804593
24146.771540921843552 22.997643440040146601
24146.823426783055766 22.993624707904956495
24146.875318790371239 22.989607657691536247
24146.927216990035959 22.98559230554676347
24146.979121427688369 22.981578667757176504
24147.031032148322993 22.977566760746871211
24147.082949196264963 22.973556601075042494
24147.134872615137283 22.969548205433465426
24147.18680244782081 22.965541590643965719
24147.238738736436062 22.961536773655833343
24147.290681522295927 22.957533771543115364
24147.342630845880194 22.953532601501446919
24147.394586746791902 22.94953328084485733
24147.446549263731868 22.945535827002366602
24147.498518434451398 22.941540257514411394
24147.550494295719545 22.937546590029061377
24147.602476883286727 22.933554842298061516
24147.65446623184107 22.929565032172671835
24147.706462374975672 22.925577177599301137
24147.758465345144941 22.921591296614867161
24147.810475173631858 22.917607407341858305
24147.862491890504316 22.913625527983317198
24147.914515524578746 22.909645676817621762
24147.966546103387373 22.905667872192960743
24148.01858365312728 22.901692132521624501
24148.070628198627674 22.89771847627415724
24148.122679763317137 22.893746921973296082
24148.174738369172701 22.889777488187689869
24148.226804036683461 22.885810193525404799
24148.27887678481784 22.881845056627188484
24148.330956630983565 22.877882096159716241
24148.383043590984016 22.873921330808528296
24148.43513767899276 22.869962779270537112
24148.487238907506253 22.866006460246396159
24148.53934728731474 22.862052392432634207
24148.591462827469513 22.858100594513544479
24148.643585535239254 22.854151085152746958
24148.69571541608093 22.850203882984487791
24148.747852473607054 22.846259006604832109
24148.799996709545667 22.842316474562760931
24148.852148123718507 22.838376305351083317
24148.904306714000995 22.834438517397149582
24148.956472476285853 22.830503129053365541
24149.008645404461276 22.826570158587504267
24149.060825490381831 22.822639624172794015
24149.113012723839347 22.818711543877693515
24149.165207092537457 22.814785935655617521
24149.217408582069766 22.810862817334637498
24149.269617175890744 22.806942206606965584
24149.321832855301182 22.803024121018268033
24149.374055599422718 22.799108577956875621
24149.426285385179654 22.795195594642841286
24149.478522187284398 22.791285188116905402
24149.530765978219279 22.787377375229358023
24149.58301672822563 22.783472172628805197
24149.635274405289238 22.779569596750807392
24149.687538975136704 22.775669663806475285
24149.739810401217255 22.771772389770980283
24149.792088644706382 22.76787779037202597
24149.844373664498562 22.763985881078284024
24149.896665417207259 22.760096677087805261
24149.948963857164927 22.756210193316434243
24150.001268936423003 22.752326444386223869
24150.053580604762828 22.748445444613871302
24150.105898809695645 22.744567207999153879
24150.158223496484425 22.740691748213400558
24150.210554608143866 22.736819078588041521
24150.262892085469502 22.732949212103267911
24150.3152358670377 22.729082161376791049
24150.367585889242037 22.725217938652725991
24150.419942086307856 22.721356555790574561
24150.472304390314093 22.717498024254346944
24150.524672731233295 22.71364235510186802
24150.577047036942531 22.70978955897425422
24150.62942723327069 22.705939646085578687
24150.68181324402758 22.702092626212699855
24150.734204991036677 22.698248508685288982
24150.786602394186048 22.694407302376184532
24150.839005371457461 22.690569015692055643
24150.89141383898459 22.686733656564133099
24150.943827711096674 22.682901232439334649
24150.996246900362166 22.679071750271713626
24151.048671317646949 22.675245216514230862
24151.101100872161624 22.671421637110821479
24151.153535471512441 22.667601017488753001
24151.205975021777704 22.66378336255103676
24151.258419427551416 22.659968676669393517
24151.310868592008774 22.656156963677741345
24151.363322416986193 22.652348226866099168
24151.415780803024973 22.648542468974788733
24151.468243649454962 22.644739692189137514
24151.520710854456411 22.640939898134647024
24151.57318231512545 22.637143087872559022
24151.625657927557768 22.633349261895837401
24151.678137586910452 22.62955842012561547
24151.730621187482029 22.625770561908048251
24151.783108622785221 22.621985686011687022
24151.835599785623344 22.618203790625280192
24151.888094568170345 22.614424873356167467
24151.940592862043559 22.610648931229444969
24151.993094558387384 22.606875960687123239
24152.045599547949678 22.60310595758783947
24152.098107721161796 22.599338917207038691
24152.150618968218623 22.595574834237787343
24152.203133179158613 22.591813702791931462
24152.255650243936543 22.588055516401688294
24152.308170052510832 22.584300268021728186
24152.360692494923569 22.580547950031711224
24152.413217461369641 22.576798554239339012
24152.465744842287677 22.573052071883783043
24152.518274528429174 22.569308493639624658
24152.570806410942168 22.565567809621413176
24152.623340381454909 22.561830009388113893
24152.675876332152257 22.558095081947818983
24152.728414155852079 22.554363015763172484
24152.780953746092564 22.550633798757345971
24152.83349499718679 22.546907418320405014
24152.886037804313673 22.543183861315949201
24152.938582063590729 22.539463114088071904
24152.991127672132279 22.535745162468749925
24153.043674528133124 22.532029991785627487
24153.096222530923114 22.528317586870173272
24153.148771581043547 22.524607932066174953
24153.201321580301737 22.520901011238510847
24153.253872431836498 22.517196807782205781
24153.306424040187267 22.513495304631877758
24153.358976311345032 22.509796484271305417
24153.411529152810544 22.506100328743233518
24153.464082473652525 22.502406819659409365
24153.51663618456223 22.498715938210803955
24153.569190197897115 22.495027665178060516
24153.621744427735393 22.491341980942113565
24153.674298789930617 22.487658865494950078
24153.726853202144412 22.483978298450541189
24153.779407547368464 22.480300261611724011
24153.831961744755972 22.476624734022916385
24153.884515718655166 22.47295169415739835
24153.937069395415165 22.469281120154509068
24153.989622703418718 22.465612989831100776
24154.042175573114946 22.461947280692996287
24154.094727937059361 22.458283969946364778
24154.14727972993569 22.454623034509278767
24154.199830888581346 22.450964451023256885
24154.252381352009252 22.447308195864806635
24154.304931061436946 22.44365424515693519
24154.357479960301134 22.440002574780628208
24154.410027994279517 22.436353160386239836
24154.462575111308979 22.432705977404449271
24154.515121261596505 22.429061001057398528
24154.567666397644643 22.425418206369844398
24154.620210474258784 22.421777568180292661
24154.672753448558069 22.418139061151975966
24154.725295279986312 22.414502659783650529
24154.777835930311994 22.410868338420264934
24154.830375363639178 22.407236071263543664
24154.88291354640387 22.403605832382339713
24154.935450447381299 22.399977595722809554
24154.987986037682276 22.396351335118435344
24155.040520290749555 22.39272702429981976
24155.093053182357835 22.389104636904324508
24155.145584690606483 22.385484146485492118
24155.198114795919537 22.381865526522251031
24155.250643481031148 22.378248750427921721
24155.303170730989223 22.374633791558995455
24155.355696533133596 22.371020623223699886
24155.40822087709239 22.3674092186903124
24155.460743754778377 22.363799551195260307
24155.513265160363517 22.360191593950965228
24155.565785090275313 22.356585320153282481
24155.618303543189541 22.352980702988858752
24155.670820520004781 22.349377715642191333
24155.723336023842421 22.345776331301816953
24155.775850060035737 22.342176523166571656
24155.828362636111706 22.338578264451918187
24155.880873761772818 22.334981528395704942
24155.933383448893437 22.331386288263935569
24155.98589171149797 22.327792517356371604
24156.038398565735406 22.324200189011882856
24156.090904029879312 22.320609276613545546
24156.143408124295092 22.317019753593324793
24156.195910871429078 22.313431593436447997
24156.248412295793969 22.309844769685746257
24156.300912423947011 22.3062592559457471
24156.353411284475442 22.302675025886500748
24156.405908907974663 22.299092053247182577
24156.458405327033688 22.295510311839414896
24156.510900576213317 22.291929775550375581
24156.563394692031579 22.288350418345636683
24156.61588771294555 22.284772214271789892
24156.668379679340433 22.28119513745880198
24156.720870633500454 22.277619162122050511
24156.773360619605228 22.274044262563897689
24156.825849683707929 22.27047041317533882
24156.878337873724377 22.266897588437437605
24156.930825239407568 22.263325762922434592
24156.983311832354957 22.259754911294336921
24157.0357977059939 22.256185008309490314
24157.088282915567106 22.252616028817090665
24157.140767518128996 22.249047947759503785
24157.193251572527515 22.245480740172322243
24157.245735139396857 22.241914381184127336
24157.298218281146546 22.238348846015835392
24157.350701061965083 22.234784109979717215
24157.403183547801746 22.231220148478620047
24157.45566580635932 22.227656937005065174
24157.508147907086823 22.224094451140231854
24157.560629921172222 22.22053266655261794
24157.613111921535165 22.216971558996434055
24157.665593952639028 22.213411106357597191
24157.718076082845073 22.20985128509857276
24157.770558389380312 22.206292071276894973
24157.823040951188887 22.202733441027948658
24157.8755238489357 22.199175370562521437
24157.928007164991868 22.195617836164288406
24157.980490983445634 22.192060814187119178
24158.032975390091451 22.188504281052228606
24158.085460472433624 22.18494821324514632
24158.137946319686307 22.181392587312547704
24158.190433022784418 22.177837379858861055
24158.242920674372726 22.174282567542647371
24158.295409368820401 22.17072812707286289
24158.347899202224653 22.167174035205036375
24158.400390272418008 22.163620268737314944
24158.452882678968308 22.160066804506350024
24158.505376523189625 22.156513619383019886
24158.557871908156812 22.152960690268027832
24158.61036893869823 22.149407994087340512
24158.662867721424846 22.145855507787477023
24158.715368364726601 22.142303208330663011
24158.767870978794235 22.138751072689835553
24158.820375675630203 22.135199077843509485
24158.872882569055946 22.131647200770501627
24158.925391774733725 22.128095418444530651
24158.977903410177532 22.124543707828856043
24159.030417594782193 22.120992045870561782
24159.082934449830645 22.117440409494843578
24159.135454098515766 22.113888775599573222
24159.187976665965834 22.110337121049145281
24159.240502279262728 22.106785422668188801
24159.293031067463744 22.103233657235129783
24159.345563161634345 22.099681801475465903
24159.398098694866349 22.096129832055005693
24159.45063780230339 22.092577725573043779
24159.503180621170031 22.08902545855539401
24159.555727290786308 22.085473007447269822
24159.60827795260775 22.081920348606033144
24159.660832750247209 22.078367458293783443
24159.713391829500324 22.074814312669737149
24159.7659553383819 22.071260887782393922
24159.818523427155014 22.067707159561635422
24159.871096248360118 22.064153103810731693
24159.923673956851417 22.060598696198187696
24159.976256709818699 22.057043912249458373
24160.02884466683463 22.053488727338482533
24160.081437989883852 22.049933116678992917
24160.134036843399372 22.04637705531562375
24160.186641394302569 22.042820518114940143
24160.239251812039583 22.039263479756336039
24160.291868268610415 22.035705914722793608
24160.344490938616218 22.032147797291475655
24160.397119999284769 22.028589101524179483
24160.449755630517757 22.025029801257595352
24160.502398014919891 22.021469870093397958
24160.55504733784619 22.017909281388181597
24160.60770378743473 22.014348008243207033
24160.660367554646655 22.010786023493952968
24160.7130388333062 22.007223299699319341
24160.765717820144346 22.003659809130979852
24160.81840471484611 22.000095523762723815
24160.871099720086931 21.996530415259190505
24160.923803041569045 21.992964454964539556
24160.976514888072415 21.989397613890918848
24161.029235471487482 21.985829862707227278
24161.081965006858809 21.982261171727422777
24161.134703712425107 21.978691510898503481
24161.187451809655613 21.975120849788364552
24161.240209523286467 21.971549157573388555
24161.292977081360732 21.967976403025783583
24161.345754715264775 21.964402554500907172
24161.398542659761006 21.960827579924451669
24161.451341153020621 21.957251446779483928
24161.504150436656346 21.95367412209331448
24161.556970755758812 21.950095572424224599
24161.609802358922025 21.946515763848029934
24161.662645498276106 21.942934661944530461
24161.715500429505482 21.939352231783793457
24161.768367411881627 21.935768437912319229
24161.821246708288527 21.932183244339096717
24161.874138585237233 21.92859661452149922
24161.92704331288769 21.925008511350814189
24161.979961165066925 21.92141889713777303
24162.032892419283598 21.917827733598180373
24162.085837356742559 21.914234981838468741
24162.13879626234484 21.910640602341199923
24162.191769424698577 21.907044554950520165
24162.244757136115368 21.903446798857569178
24162.297759692613909 21.899847292585899794
24162.350777393909084 21.896245993976879873
24162.403810543404688 21.892642860175126174
24162.456859448171599 21.889037847613973753
24162.509924418936862 21.885430912001016424
24162.563005770058226 21.881822008303707605
24162.6161038194914 21.878211090735092625
24162.669218888753676 21.874598112739761291
24162.722351302894822 21.870983026979917696
24162.775501390438876 21.867365785321567273
24162.828669483336853 21.863746338820856607
24162.881855916912173 21.860124637710622864
24162.935061029791541 21.856500631387312694
24162.988285163835826 21.852874268398181812
24163.041528664060024 21.849245496428608249
24163.094791878553224 21.845614262290364849
24163.148075158380379 21.841980511910005447
24163.201378857487725 21.838344190317616977
24163.254703332586359 21.834705241636275019
24163.308048943039466 21.831063609072106857
24163.361416050724074 21.827419234904983369
24163.414805019896448 21.823772060479885937
24163.468216217039298 21.820122026198990994
24163.521650010712619 21.816469071514461575
24163.575106771382707 21.812813134921992031
24163.628586871243897 21.809154153955429223
24163.68209068402939 21.805492065182363604
24163.735618584807526 21.801826804200747034
24163.789170949774416 21.798158305636626153
24163.842748156035668 21.794486503143001954
24163.896350581355364 21.790811329399883078
24163.949978603926866 21.787132716115625186
24164.003632602107245 21.783450594029680758
24164.057312954144436 21.779764892916780639
24164.111020037904382 21.776075541592629037
24164.164754230569088 21.772382467921172378
24164.218515908331028 21.768685598823527272
24164.272305446080281 21.764984860288613788
24164.326123217066197 21.761280177385597057
24164.37996959256634 21.757571474278201151
24164.433844941522693 21.753858674240749593
24164.487749630181497 21.750141699676184714
24164.541684021718538 21.746420472136367863
24164.595648475846247 21.742694912344543212
24164.64964334841352 21.738964940220018462
24164.703668991009181 21.735230474905140596
24164.757725750529062 21.731491434794556028
24164.811813968753995 21.727747737566772912
24164.865933981920534 21.723999300218068242
24164.920086120269843 21.720246039099134094
24164.974270707607502 21.71648786995424274
24165.028488060834206 21.712724707962514969
24165.082738489494659 21.70895646778200927
24165.13702229529008 21.705183063596489745
24165.191339771619823 21.701404409164673837
24165.245691203093884 21.697620417872148124
24165.300076865052688 21.693831002785973538
24165.354497023086878 21.690036076711898261
24165.408951932557102 21.686235552254164105
24165.463441838117433 21.682429341877835327
24165.517966973235161 21.678617357973642754
24165.572527559721493 21.674799512925272182
24165.627123807273165 21.670975719179033092
24165.681755913003144 21.667145889315730045
24165.73642406100771 21.663309936124694133
24165.791128421929898 21.659467772679811048
24165.845869152541127 21.655619312417542233
24165.9006463953192 21.651764469216953302
24165.955460278073588 21.64790315748156857
24166.010310913556168 21.644035292222774558
24166.065198399104702 21.640160789144633924
24166.12012281630814 21.636279564729903768
24166.175084230697394 21.632391536327027382
24166.230082691450662 21.628496622237726399
24166.285118231142405 21.624594741805324816
24166.340190865503246 21.620685815503737359
24166.395300593216234 21.616769765026504047
24166.450447395749507 21.612846513375572499
24166.505631237210764 21.608915984949774725
24166.56085206424541 21.604978105632934415
24166.616109805971064 21.601032802880684613
24166.671404373941186 21.597080005806109426
24166.726735662137798 21.593119645263950446
24166.78210354703333 21.589151653933022601
24166.837507887648826 21.585175966396608516
24166.892948525692191 21.581192519220497417
24166.948425285707344 21.577201251028391482
24167.00393797527795 21.573202102574285277
24167.059486385271157 21.56919501681174367
24167.115070290121366 21.565179938959825989
24167.170689448139456 21.561156816565322458
24167.226343601891131 21.557125599561036466
24167.282032478589826 21.553086240319860423
24167.337755790533265 21.54903869370459546
24167.39351323559822 21.544982917112960763
24167.449304497735284 21.540918870517838712
24167.50512924753275 21.536846516502595961
24167.560987142787781 21.532765820291288605
24167.616877829121222 21.528676749773588028
24167.672800940614252 21.524579275524338584
24167.728756100481405 21.520473370817619241
24167.784742921765428 21.516359011635316278
24167.840761008050322 21.512236176670118226
24167.896809954203491 21.508104847322929487
24167.952889347136079 21.50396500769467778
24168.008998766559671 21.499816644572543822
24168.065137785790284 21.495659747410673646
24168.121305972530536 21.491494308305441052
24168.177502889680909 21.48732032196533126
24168.233728096140112 21.483137785675346265
24168.289981147634535 21.478946699256304953
24168.346261597518605 21.47474706501938968
24168.402568997575145 21.470538887715989063
24168.458902898826636 21.466322174482943552
24168.51526285232103 21.462096934783410518
24168.571648409913905 21.45786318034359752
24168.628059125032451 21.453620925085552074
24168.684494553424884 21.449370185056292115
24168.740954253891687 21.445110978353515208
24168.797437789009564 21.440843325048163592
24168.853944725804467 21.436567247104033385
24168.9104746364319 21.432282768294857789
24168.967027098809922 21.427989914119347503
24169.023601697241247 21.423688711713896993
24169.080198022995319 21.419379189763528615
24169.13681567484673 21.415061378411408555
24169.193454259617283 21.410735309167186813
24169.250113392641651 21.40640101481443125
24169.306792698240315 21.40205852931734043
24169.363491810130654 21.397707887727072773
24169.420210371812573 21.393349126088050838
24169.476948036921385 21.388982281344603109
24169.533704469547956 21.384607391247996588
24169.59047934451155 21.380224494263845969
24169.647272347610851 21.375833629480418097
24169.704083175831329 21.371434836518186984
24169.760911537516222 21.367028155440731751
24169.81775715250842 21.36261362666714092
24169.874619752255967 21.358191290886153979
24169.931499079873902 21.353761188972178786
24169.988394890187919 21.349323361903373097
24170.045306949745282 21.344877850681950093
24170.102235036771162 21.340424696256850012
24170.15917894112863 21.335963939448902238
24170.216138464216783 21.331495620878623498
24170.273113418868888 21.327019780896900869
24170.330103629195946 21.32253645951839971
24170.387108930422983 21.318045696357906138
24170.44412916868896 21.313547530569692867
24170.501164200832136 21.309042000790128668
24170.558213894149958 21.304529145083247244
24170.615278126133489 21.300009000889552624
24170.672356784183648 21.295481604978071744
24170.729449765309255 21.290946993401774989
24170.786556975803251 21.286405201456346958
24170.843678330897092 21.281856263642303873
24170.90081375441514 21.277300213630528702
24170.957963178396312 21.272737084231167159
24171.015126542715734 21.268166907365888108
24171.072303794691834 21.263589714043593659
24171.129494888671616 21.259005534339536325
24171.186699785634119 21.254414397377551893
24171.243918452750222 21.249816331315777518
24171.301150862967916 21.245211363335798183
24171.358396994572104 21.240599519634709935
24171.415656830758962 21.235980825420416096
24171.472930359181191 21.231355304910099591
24171.530217571515095 21.226722981331775486
24171.587518463009474 21.222083876928952151
24171.644833032049064 21.217438012968258931
24171.702161279699794 21.212785409749951526
24171.759503209275863 21.208126086621238215
24171.816858825899544 21.203460061992259966
24171.874228136068268 21.198787353354799023
24171.93161114722534 21.194107977303580981
24171.98900786734157 21.189421949560081515
24172.046418304489634 21.184729284998759624
24172.103842466454807 21.180029997675966058
24172.161280360320234 21.175324100860500209
24172.218731992092216 21.170611607066238236
24172.276197366310953 21.165892528086779123
24172.333676485694014 21.161166875031824475
24172.391169350783457 21.156434658365203205
24172.448675959589309 21.15169588794456601
24172.506196307276696 21.146950573062330392
24172.563730385842064 21.142198722488117824
24172.621278183811228 21.137440344512448576
24172.678839685959247 21.132675446991498802
24172.736414873033937 21.127904037392784886
24172.794003721501213 21.123126122841657804
24172.85160620330862 21.118341710168436975
24172.909222285667056 21.113550805956009526
24172.966851930843404 21.108753416587788365
24173.024495095974999 21.103949548295865668
24173.082151732905913 21.099139207209180569
24173.139821788034169 21.094322399401573165
24173.197505202184402 21.089499130939199034
24173.255201910498727 21.084669407927624007
24173.312911842345784 21.079833236558300769
24173.370634921251622 21.074990623154430835
24173.428371064845123 21.07014157421577849
24173.486120184814354 21.065286096462401133
24173.543882186910196 21.060424196877182368
24173.601656970928161 21.055555882747054142
24173.65944443074477 21.050681161702978983
24173.717244454343017 21.045800041758585763
24173.775056923870579 21.040912531347220948
24173.832881715705298 21.036018639357713766
24173.890718700531579 21.031118375168659895
24173.948567743427702 21.026211748681419067
24174.0064287039786 21.021298770351990015
24174.064301436381356 21.016379451221578023
24174.122185789568903 21.011453802945926128
24174.180081607348257 21.006521837823235899
24174.237988728538767 21.001583568820855419
24174.295906987124908 20.996639009600588821
24174.35383621242363 20.991688174542591838
24174.4117762292517 20.986731078767803638
24174.469726858103968 20.981767738158843883
24174.52768791534254 20.976798169379176073
24174.585659213400504 20.971822389890654392
24174.643640560978383 20.966840417969617505
24174.701631763262412 20.961852272721351653
24174.759632622135541 20.956857974092553576
24174.817642936417542 20.951857542882102337
24174.875662502086925 20.946851000750388749
24174.933691112524684 20.941838370226591337
24174.991728558750765 20.936819674714449491
24175.049774629660533 20.93179493849651962
24175.107829112279433 20.926764186736775741
24175.165891791999456 20.921727445481732133
24175.223962452833803 20.916684741659807401
24175.28204087766062 20.911636103079118243
24175.340126848477666 20.906581558423798839
24175.39822014665333 20.901521137248654014
24175.456320553177648 20.89645486997224566
24175.514427848909691 20.891382787868650439
24175.572541814828583 20.886304923058084171
24175.630662232273608 20.881221308496311195
24175.688788883191592 20.876131977962764097
24175.746921550366096 20.871036966047618932
24175.805060017657524 20.865936308137779776
24175.863204070232314 20.860830040401857843
24175.921353494792129 20.855718199774219812
24175.979508079781226 20.850600823938197692
24176.037667615622922 20.845477951308506448
24176.095831894919684 20.840349621012819625
24176.154000712660491 20.835215872872854703
24176.212173866420926 20.830076747384900671
24176.270351156548713 20.824932285699784273
24176.328532386360166 20.819782529602381516
24176.386717362314812 20.814627521490756124
24176.444905894190015 20.809467304354978268
24176.503097795244685 20.804301921755691041
24176.561292882386624 20.799131417802762201
24176.61949097631441 20.793955837133726305
24176.677691901673825 20.788775224891924864
24176.735895487192465 20.783589626704575437
24176.794101565825258 20.778399088661036131
24176.852309974870877 20.77320365729076812
24176.910520556106349 20.768003379541134734
24176.968733155903465 20.762798302755797408
24177.026947625330649 20.757588474653221766
24177.085163820258458 20.752373943305098436
24177.143381601468718 20.747154757114891765
24177.201600834738201 20.741930964796555514
24177.259821390929574 20.73670261535388093
24177.318043146060518 20.731469758060203645
24177.376265981380129 20.726232442438533354
24177.434489783438039 20.720990718241779405
24177.492714444138983 20.715744635433335219
24177.550939860793733 20.710494244168433653
24177.609165936173667 20.705239594775409984
24177.667392578550789 20.699980737737398329
24177.725619701734104 20.694717723674418863
24177.783847225106001 20.689450603325802547
24177.842075073640444 20.684179427532988882
24177.90030317793935 20.678904247222689605
24177.9585314742435 20.673625113390446728
24178.016759904439823 20.668342077084563613
24178.074988416079577 20.663055189390405531
24178.133216962381994 20.657764501415091019
24178.191445486685552 20.652470065686781453
24178.249673952857847 20.647171933376309738
24178.307902333930542 20.641870155313053914
24178.366130608581443 20.636564782290037101
24178.424358761105395 20.631255865050754039
24178.482586781407008 20.625943454276317368
24178.540814664967911 20.620627600572998261
24178.599042412828567 20.615308354459827456
24178.657270031548251 20.609985766357002746
24178.715497533172311 20.604659886574605565
24178.773724935195787 20.599330765301747448
24178.831952260519756 20.593998452596121496
24178.890179537418589 20.588662998373731483
24178.948406799492659 20.583324452399029525
24179.006634075329202 20.577982865219361486
24179.06486139720073 20.57263828735642619
24179.123088811797061 20.567290768306591531
24179.181316370944842 20.561940357377746835
24179.239544131560251 20.556587103681799533
24179.297772155587154 20.551231056127512886
24179.356000509927981 20.545872263413500036
24179.414229266392795 20.540510774021672802
24179.472458501622896 20.535146636211024429
24179.530688297028973 20.529779898011526029
24179.588918738721986 20.524410607218356972
24179.647149917451316 20.519038811386788979
24179.70538192852473 20.513664557827585355
24179.763614871739264 20.508287893602844321
24179.821848851308459 20.502908865522243786
24179.880083975785965 20.497527520139804835
24179.938320357992779 20.49214390375104955
24179.996558114940854 20.486758062390524771
24180.054797367753054 20.481370041829769946
24180.113038241601316 20.475979887575803673
24180.171280865608423 20.470587644870093413
24180.229525372793432 20.465193358687983505
24180.28777189999164 20.459797073738414497
24180.346020587781823 20.454398834463919599
24180.404271580406203 20.448998685041186008
24180.462525025701325 20.443596669381989273
24180.520781075025297 20.43819283113444385
24180.579039883177757 20.432787213684626693
24180.637301608334383 20.427379860158566771
24180.695566411966865 20.421970813424735525
24180.753834458781057 20.416560116096281519
24180.812105916640576 20.41114781053374827
24180.870380956497684 20.405733938847824049
24180.928659752316889 20.400318542902521557
24180.986942481005826 20.394901664318314971
24181.045229322353407 20.389483344475497262
24181.103520458942512 20.384063624517605007
24181.161816076091782 20.378642545355557303
24181.220116361782857 20.373220147672014946
24181.278421506591258 20.367796471926109092
24181.336731703624537 20.362371558358557166
24181.395047148460435 20.356945446997208649
24181.453368039085035 20.351518177662878628
24181.511694575834554 20.346089789975632556
24181.570026961340773 20.340660323361362316
24181.628365400487382 20.335229817058635859
24181.686710100359051 20.329798310125998029
24181.745061270183214 20.324365841449601788
24181.803419121300976 20.318932449751173408
24181.861783867116173 20.313498173596286733
24181.920155723066273 20.308063051403113519
24181.978534906582354 20.302627121451457981
24182.036921637056366 20.297190421891759371
24182.095316135819303 20.291752990754609698
24182.153718626108457 20.286314865960612508
24182.212129333049234 20.280876085330046266
24182.270548483629682 20.275436686592843927
24182.328976306693221 20.269996707399105418
24182.387413032913173 20.26455618532947156
24182.445858894785488 20.259115157905537075
24182.50431412663238 20.253673662600107264
24182.562778964576864 20.248231736847749573
24182.621253646560945 20.242789418055771478
24182.6797384123347 20.23734674361546837
24182.738233503456286 20.231903750913762252
24182.796739163306484 20.226460477344605948
24182.855255637092341 20.221016960320334022
24182.913783171858086 20.215573237283145147
24182.972322016510589 20.210129345716879357
24183.030872421819367 20.204685323159036869
24183.089434640449326 20.199241207212825344
24183.148008926978946 20.193797035559200026
24183.20659553792575 20.188352845969163241
24183.265194731775409 20.182908676316245078
24183.323806768996292 20.177464564589151053
24183.382431912086759 20.172020548904345816
24183.441070425600628 20.166576667518782529
24183.49972257617992 20.161132958842785001
24183.558388632598508 20.155689461453146549
24183.617068865798501 20.150246214106317666
24183.675763548933901 20.144803255751767779
24183.734472957410617 20.13936062554545714
24183.793197368937399 20.133918362863219897
24183.851937063573132 20.128476507314289279
24183.910692323785042 20.123035098754971983
24183.96946343448144 20.117594177302571268
24184.02825068308448 20.112153783349636882
24184.087054359570175 20.106713957578129737
24184.145874756530247 20.101274740973806843
24184.204712169226696 20.095836174840538746
24184.263566895650001 20.09039830081493605
24184.322439236580976 20.084961160881185549
24184.381329495645332 20.079524797385975177
24184.440237979375524 20.074089253053607251
24184.499164997279877 20.068654571001275144
24184.558110861897148 20.063220794754492715
24184.61707588885838 20.057787968262751122
24184.676060396956018 20.05235613591550603
24184.735064708205755 20.046925342558331806
24184.794089147922932 20.041495633509004648
24184.853134044769831 20.036067054573862833
24184.912199730828434 20.030639652064387235
24184.971286541662266 20.025213472814009208
24185.030394816378248 20.019788564195131642
24185.089524897681258 20.01436497413634541
24185.148677131939621 20.00894275113970977
24185.207851869246952 20.003521944298409352
24185.267049463473086 19.998102603314617198
24185.32627027232229 19.992684778517610056
24185.38551465738783 19.987268520882068401
24185.444782984202902 19.981853882046532789
24185.504075622298842 19.976440914332080467
24185.563392945241503 19.971029670761090813
24185.622735330685828 19.965620205076355376
24185.682103160404949 19.960212571760369116
24185.741496820337488 19.954806826054671376
24185.800916700609378 19.949403023979517258
24185.860363195570244 19.944001222353865188
24185.919836703804322 19.938601478815542123
24185.979337628155918 19.933203851841597043
24186.038866375740326 19.927808400768622477
24186.098423357947468 19.922415185813221683
24186.158008990449162 19.917024268092383466
24186.217623693188216 19.911635709644055936
24186.277267890371149 19.90624957344796897
24186.336942010439088 19.900865923446676931
24186.396646486031386 19.895484824566629811
24186.456381753949245 19.890106342739308332
24186.516148255101143 19.884730544922422979
24186.575946434437355 19.879357499120931863
24186.635776740880829 19.873987274408040804
24186.695639627236233 19.868619940945350777
24186.755535550099012 19.863255570003548911
24186.815464969735331 19.857894233982705146
24186.875428349969297 19.852536006432380589
24186.935426158037444 19.847180962071352184
24186.995458864443208 19.841829176807060264
24187.055526942789584 19.836480727754903342
24187.11563086960814 19.831135693256399577
24187.175771124151652 19.825794152896826006
24187.235948188183102 19.820456187522221825
24187.296162545746483 19.815121879255713111
24187.356414682912146 19.809791311513230028
24187.416705087503942 19.804464569017845577
24187.477034248819109 19.799141737813148012
24187.537402657308121 19.793822905275462176
24187.59781080425455 19.788508160124933966
24187.658259181422181 19.783197592435378454
24187.71874828068394 19.777891293642120729
24187.779278593632625 19.772589356548412098
24187.839850611158909 19.767291875330165851
24187.900464823011134 19.761998945538806538
24187.961121717333299 19.756710664102364206
24188.021821780188475 19.751427129324024889
24188.08256549503858 19.746148440878261709
24188.143353342224145 19.740874699804731307
24188.204185798389517 19.735606008499729569
24188.265063335911691 19.730342470704918867
24188.32598642227822 19.725084191492957331
24188.386955519476032 19.719831277250275292
24188.447971083318407 19.714583835656505073
24188.509033562782861 19.709341975660311874
24188.570143399294466 19.704105807451846033
24188.631301026023721 19.698875442431901917
24188.692506867140764 19.693650993176408548
24188.753761337051401 19.688432573396852376
24188.815064839614934 19.683220297896692585
24188.876417767340172 19.678014282523395906
24188.937820500566886 19.672814644115963034
24188.999273406629072 19.667621500447786786
24189.060776839000027 19.662434970164721193
24189.122331136437424 19.657255172718247849
24189.18393662210292 19.652082228293501487
24189.245593602692679 19.646916257732410571
24189.307302367553348 19.641757382451388025
24189.369063187798019 19.636605724353529467
24189.430876315407659 19.631461405735421977
24189.492741982354346 19.626324549188790769
24189.554660399713612 19.621195277496784826
24189.616631756780407 19.616073713524869504
24189.678656220217817 19.610959980106443368
24189.740733933202137 19.605854199923786751
24189.802865014593408 19.60075649538235254
24189.86504955813507 19.595666988480299864
24189.927287631660874 19.590585800673160577
24189.989579276334553 19.585513052733656281
24190.051924505925854 19.580448864606843529
24190.114323306122969 19.575393355260764849
24190.176775633877696 19.570346642532882697
24190.239281416801532 19.565308842972243042
24190.301840552609065 19.560280071678327829
24190.364452908601379 19.55526044213663539
24190.427118321222224 19.55025006605125526
24190.489836595665111 19.5452490531754286
24190.552607505534979 19.540257511139760283
24190.615430792589905 19.535275545278672382
24190.67830616653373 19.530303258455660398
24190.741233304896014 19.525340750888069863
24190.804211852973822 19.520388119972171381
24190.867241423853557 19.51544546010856962
24190.930321598516457 19.510512862529029832
24190.993451926009584 19.505590415124487436
24191.056631923711393 19.500678202275707918
24191.119861077666428 19.495776304686877722
24191.183138843007328 19.49088479922277628
24191.24646464444595 19.486003758750214843
24191.309837876877282 19.481133251984772414
24191.373257906034269 19.476273343342572986
24191.436724069226329 19.47142409279870634
24191.500235676165175 19.466585555752399017
24191.563792009845201 19.461757782899379521
24191.627392327511188 19.456940820112279766
24191.691035861695127 19.452134708329502644
24191.754721821303974 19.447339483453099263
24191.818449392791081 19.442555176256405502
24191.88221774136764 19.437781812301203388
24191.946026012297807 19.433019411865060988
24192.009873332197458 19.428267989879476119
24192.073758810420259 19.423527555878980166
24192.137681540454651 19.418798113961326379
24192.201640601357212 19.414079662759192502
24192.265635059233318 19.409372195423280516
24192.329663968714158 19.404675699617079943
24192.393726374481048 19.399990157524090506
24192.457821312771557 19.395315545866068874
24192.521947812911094 19.390651835932562363
24192.58610489883722 19.385998993621885944
24192.650291590609413 19.381356979493393311
24192.714506905915187 19.376725748830796903
24192.778749861565302 19.372105251715957763
24192.84301947494896 19.36749543311308841
24192.907314765481715 19.36289623296285356
24192.971634755998821 19.358307586286997548
24193.035978474123112 19.353729423301427204
24193.100344953585591 19.349161669537778607
24193.164733235516906 19.344604245973123113
24193.229142369669717 19.34005706916698486
24193.293571415601036 19.335520051404557762
24193.358019443800004 19.330993100847219779
24193.422485536753811 19.326476121688578758
24193.486968789959064 19.32196901431553826
24193.551468312878569 19.317471675473964154
24193.615983229821722 19.31298399843817748
24193.680512680784886 19.308505873184632406
24193.745055822211725 19.304037186566905149
24193.809611827698973 19.299577822493002799
24193.87417988863308 19.295127662103844557
24193.93875921477229 19.290686583952524558
24194.00334903474868 19.286254464184050761
24194.067948596533824 19.281831176714771203
24194.132557167809864 19.277416593411825119
24194.197174036326032 19.27301058427023861
24194.261798510153312 19.268613017588254621
24194.326429917917267 19.264223760140406938
24194.39106760895811 19.259842677347858597
24194.455710953447124 19.255469633445635225
24194.520359342455777 19.251104491646398031
24194.585012187973916 19.246747114300145398
24194.649668922884302 19.242397363050585568
24194.714329000904399 19.238055098986745151
24194.778991896477237 19.233720182790150943
24194.843657104633166 19.229392474877126773
24194.908324140811601 19.225071835536141407
24194.972992540664563 19.220758125060022792
24195.037661859809305 19.216451203872935594
24195.10233167358092 19.21215093265275442
24195.167001510642876 19.207857176832611401
24195.23167086306421 19.203569805991300257
24195.296339372853254 19.199288681573367654
24195.361006700302823 19.195013665726111896
24195.425672523630055 19.190744621393811542
24195.490336538616248 19.186481412406255487
24195.554998458232149 19.182223903562157119
24195.619658012245054 19.177971960707381527
24195.684314946822269 19.173725450807840076
24195.748969024138205 19.169484242016988418
24195.813620021963288 19.16524820373825122
24195.878267733274697 19.161017206682299019
24195.942911965834355 19.156791122919571535
24196.007552541803307 19.15256982592814694
24196.072189297345176 19.148353190636715482
24196.136822082229628 19.144141093463275638
24196.201450759450381 19.139933412349755315
24196.266075204839581 19.135730026792526104
24196.330695306685811 19.131530817868942052
24196.395310965366662 19.127335668260098345
24196.459922092988563 19.123144462269937804
24196.524528613026632 19.118957085840868615
24196.589130459986336 19.114773426566035397
24196.653727579065162 19.110593373698481656
24196.718319925828837 19.106416818157605064
24196.782907465902099 19.102243652532532536
24196.84749017465947 19.098073771082866301
24196.912068036937853 19.09390706973695373
24196.976641046763689 19.089743446087439338
24197.041209207069187 19.085582799384543051
24197.105772529444948 19.081425030526890652
24197.170331033888942 19.077270042050805898
24197.234884748577315 19.073117738118014586
24197.299433709635196 19.068968024501359082
24197.363977960918419 19.064820808568924804
24197.428517553802521 19.060675999266614156
24197.493052546979015 19.056533507099377545
24197.557583006273489 19.052393244111424764
24197.622109004467347 19.048255123865015292
24197.686630621130462 19.044119061417799088
24197.75114794246474 19.03998497329989803
24197.815661061180435 19.035852777490063659
24197.880170076354261 19.031722393390761994
24197.944675093309343 19.027593741803226379
24198.009176223491522 19.023466744901167402
24198.07367358436386 19.019341326203882403
24198.138167299290217 19.015217410548604704
24198.202657497444307 19.011094924062234668
24198.267144313729659 19.006973794132768774
24198.331627888677758 19.002853949380352105
24198.39610836839347 18.998735319628032414
24198.460585904471372 18.994617835872183775
24198.52506065394482 18.990501430252731296
24198.589532779227739 18.986386036023390034
24198.654002448074607 18.98227158752156285
24198.718469833529525 18.978158020138149453
24198.782935113911662 18.974045270287458465
24198.847398472782515 18.969933275376874349
24198.911860098934994 18.965821973776407106
24198.976320186367957 18.961711304788220644
24199.040778934278933 18.957601208616146948
24199.105236547049572 18.953491626335189579
24199.169693234260194 18.949382499861158635
24199.234149210675241 18.94527377192063966
24199.298604696276016 18.941165386020699657
24199.363059916257043 18.937057286418593094
24199.427515101047902 18.93294941809161358
24199.491970387149195 18.928841733028420435
24199.556425994203892 18.924734178915027627
24199.620882165843796 18.92062670287791093
24199.685339151030348 18.91651925264550016
24199.749797204094648 18.912411776518652573
24199.81425658477383 18.9083042233412435
24199.878717558251083 18.904196542470835141
24199.943180395206582 18.900088683749167728
24200.007645371872059 18.895980597473034379
24200.072112770081731 18.89187223436529095
24200.136582877323235 18.887763545545929844
24200.201055986814026 18.88365448250327816
24200.265532397555944 18.879544997065895728
24200.330012414407975 18.875435041374490908
24200.394496348162647 18.871324567853154264
24200.458984515626071 18.867213529180798304
24200.523477239687054 18.86310187826266116
24200.587974849393504 18.858989568201863563
24200.652477680047014 18.85487655227093029
24200.716986073282897 18.850762783883393325
24200.781500377153861 18.846648216565355938
24200.846020946231874 18.842532803927035445
24200.910548141695472 18.838416499634490719
24200.975082331427984 18.834299257381193371
24201.039623890119401 18.830181030859552749
24201.104173199371871 18.82606177373238765
24201.168730647801567 18.821941439604298552
24201.233296631144185 18.817819981992997214
24201.297871552371362 18.813697354300526143
24201.362455821810727 18.809573509784360823
24201.427049857247766 18.805448401528991553
24201.49165408405679 18.801321982416791201
24201.556268935320986 18.797194205098545439
24201.620894851956109 18.793065021963894168
24201.685532282837812 18.78893438511160241
24201.750181684936251 18.78480224631965001
24201.814843523450691 18.780668557015157916
24201.879518271936831 18.776533268244087083
24201.944206412455969 18.772396330640660267
24202.008908435713238 18.768257694396552893
24202.073624841203127 18.76411730922998089
24202.138356137365918 18.759975124354294707
24202.203102841736836 18.755831088445908961
24202.26786548112068 18.751685149611951431
24202.332644591737335 18.747537255357769936
24202.397440719385486 18.743387352554169212
24202.462254419595411 18.739235387404260536
24202.527086257803603 18.73508130541037886
24202.591936809512845 18.730925051340744147
24202.656806660463189 18.726766569195401502
24202.721696406813862 18.722605802171273126
24202.786606655310607 18.718442692626815926
24202.851538023467583 18.714277182046235026
24202.916491139741993 18.710109211003072005
24202.981466643719614 18.705938719123111014
24203.046465186300338 18.701765645046915409
24203.111487429887347 18.697589926391803061
24203.17653404856901 18.693411499713324275
24203.241605728311697 18.689230300466157075
24203.306703167159867 18.685046262964309705
24203.371827075428882 18.680859320340587715
24203.436978175894183 18.676669404505577887
24203.502157203998649 18.672476446105989112
24203.567364908056334 18.668280374482318251
24203.632602049445268 18.664081117625823225
24203.697869402814831 18.659878602135052006
24203.76316775630039 18.655672753171572253
24203.828497911723389 18.651463494414592503
24203.893860684805986 18.647250748015054
24203.959256905371149 18.643034434548962253
24204.024687417557288 18.638814472969968961
24204.090153080021992 18.634590780561179457
24204.15565476615302 18.630363272886143022
24204.221193364268402 18.626131863739026073
24204.286769777838344 18.62189646509403218
24204.352384925678052 18.617656987054044038
24204.418039742158726 18.613413337798583314
24204.483735177418566 18.609165423530708239
24204.549472197555588 18.604913148422845381
24204.615251784842258 18.600656414562003249
24204.681074937918311 18.596395121894328639
24204.746942671976285 18.592129168168995079
24204.812856018965249 18.587858448881618756
24204.878816027765424 18.58358285721681824
24204.944823764388275 18.579302283991108169
24205.010880312165682 18.575016617593359314
24205.076986771935481 18.570725743924835882
24205.143144262208807 18.566429546339758616
24205.209353919344721 18.562127905583835741
24205.275616897706641 18.557820699732037184
24205.341934369796945 18.553507804125992209
24205.408307526387944 18.549189091310932298
24205.474737576652842 18.544864430971955471
24205.541225748260331 18.540533689869878486
24205.607773287487362 18.536196731776776403
24205.674381459295546 18.531853417411266349
24205.741051547396637 18.527503604374032875
24205.807784854321653 18.523147147082571706
24205.874582701446343 18.518783896705834024
24205.941446429020289 18.514413701098874299
24206.008377396166907 18.510036404737647331
24206.075376980865258 18.505651848654085967
24206.142446579920943 18.501259870371143279
24206.209587608889706 18.496860303838417394
24206.276801502004673 18.492452979368227517
24206.344089712049026 18.488037723572428916
24206.411453710225032 18.483614359300187147
24206.478894985979423 18.479182705576786105
24206.546415046799666 18.474742577543644018
24206.614015417984774 18.470293786399707869
24206.681697642376093 18.465836139344865785
24206.749463280062628 18.461369439525665115
24206.817313908042706 18.456893485981826331
24206.885251119841996 18.452408073595414351
24206.953276525095134 18.447912993042464791
24207.021391749072791 18.44340803074743107
24207.089598432168714 18.438892968840669084
24207.15789822933948 18.434367585119314725
24207.226292809493316 18.429831653011611081
24207.294783854831621 18.425284941544987305
24207.363373060139565 18.420727215317345582
24207.432062132011197 18.416158234474210076
24207.50085278800907 18.411577754691005993
24207.569746755780216 18.406985527160912852
24207.638745772088441 18.40238129858859395
24207.707851581799332 18.397764811190175038
24207.77706593678522 18.393135802699923431
24207.846390594768309 18.388494006383904633
24207.915827318080119 18.383839151061437178
24207.985377872377285 18.37917096113448423
24208.055044025251846 18.374489156625493536
24208.124827544794243 18.369793453224069424
24208.194730198072648 18.36508356234318029
24208.264753749510419 18.360359191185427363
24208.334899959219911 18.355620042819207782
24208.405170581238053 18.350865816266299646
24208.475567361681897 18.346096206600623901
24208.54609203684231 18.341310905058850977
24208.61674633117218 18.336509599164088513
24208.687531955223676 18.33169197286218477
24208.758450603480014 18.326857706671514592
24208.829503952143568 18.322006477845842909
24208.900693656822114 18.317137960552035025
24208.972021350164141 18.312251826062222904
24209.043488639414136 18.307347742960033088
24209.115097103898734 18.302425377362215642
24209.186848292447394 18.297484393155684756
24209.258743720769417 18.292524452250219724
24209.330784868761839 18.287545214847277464
24209.40297317778095 18.282546339724401463
24209.475310047866515 18.277527484535383451
24209.547796834936889 18.272488306126469126
24209.620434847955039 18.267428460868181617
24209.693225346069084 18.262347605003039774
24209.766169535745576 18.257245395008677491
24209.839268567913678 18.2521214879756144
24209.91252353510572 18.246975541999912451
24209.985935468619573 18.241807216590569141
24210.059505335702852 18.236616173090876458
24210.133234036802605 18.231402075113528838
24210.207122402847745 18.226164588986861759
24210.281171192651527 18.220903384212146392
24210.355381090401352 18.215618133926142264
24210.429752703181293 18.210308515374169502
24210.504286558611057 18.204974210391856815
24210.578983102594066 18.19961490589354014
24210.653842697192886 18.194230294365489442
24210.728865618653799 18.188820074362450185
24210.804052055580541 18.183383951005350099
24210.879402107286296 18.177921636478803435
24210.954915782331227 18.172432850527091119
24211.030592997238273 18.166917320946520675
24211.106433575438132 18.161374784072204847
24211.182437246407062 18.155804985257304907
24211.258603645062976 18.150207679342763356
24211.33493231137254 18.144582631114285931
24211.411422690238396 18.138929615747048985
24211.4880741316083 18.133248419233932935
24211.564885890871665 18.127538838793658016
24211.641857129496202 18.12180068326219029
24211.718986915922869 18.116033773463474432
24211.796274226751848 18.110237942555244217
24211.873717948175909 18.104413036351235888
24211.951316877686622 18.098558913620788502
24212.029069726035232 18.092675446356732749
24212.106975119473645 18.086762520013103028
24212.185031602239178 18.080820033711781036
24212.263237639301224 18.074847900417125857
24212.341591619329847 18.068846047079023975
24212.420091857900843 18.062814414741556135
24212.498736600937264 18.056752958616471005
24212.577524028332846 18.050661648124616931
24212.656452257771889 18.044540466900201636
24212.735519348738308 18.038389412758419894
24212.814723306677479 18.032208497627870258
24212.894062087299972 18.025997747440523966
24212.973533600990777 18.019757201994824669
24213.053135717331315 18.013486914785676873
24213.132866269701481 18.00718695280173165
24213.212723059932614 18.000857396290921741
24213.292703863022325 17.994498338496686785
24213.372806431882054 17.988109885365155094
24213.453028502099187 17.981692155222368967
24213.533367796666425 17.975245278425727946
24213.613822030674783 17.968769396991103093
24213.694388915937452 17.962264664197700625
24213.775066165555472 17.955731244172906003
24213.855851498403354 17.949169311457044529
24213.936742643487378 17.942579050551174191
24214.017737344220222 17.935960655450710277
24214.098833362557343 17.929314329166480491
24214.180028482980561 17.922640283233885583
24214.261320516321575 17.915938737212847798
24214.34270730339631 17.909209918181478116
24214.424186718471901 17.902454060228901511
24214.505756672544521 17.895671403940447419
24214.587415116409829 17.888862195882257566
24214.66916004354789 17.882026688087030664
24214.750989492782537 17.875165137542087024
24214.83290155074792 17.868277805682090786
24214.914894354122225 17.861364957887470695
24214.996966091672221 17.854426862990305125
24215.079115006054053 17.847463792788964554
24215.161339395435789 17.840476021572801102
24215.243637614876206 17.833463825654906287
24215.32600807750714 17.826427482919754652
24215.40844925552301 17.819367272384827317
24215.490959680959349 17.812283473776307829
24215.573537946289434 17.805176367119688763
24215.656182704828097 17.798046232346329987
24215.738892670957284 17.790893348922001138
24215.821666620176984 17.783717995486114205
24215.904503388992453 17.776520449505778032
24215.98740187463045 17.769300986949879473
24216.070361034624511 17.762059881980746923
24216.153379886247421 17.754797406663339387
24216.236457505809085 17.747513830692035697
24216.31959302784162 17.740209421135055834
24216.402785644153482 17.732884442196315433
24216.486034602789005 17.725539154994439883
24216.569339206882432 17.718173817359325284
24216.652698813421011 17.710788683645827035
24216.73611283192804 17.703384004546425246
24216.819580723051331 17.695960026937392229
24216.903101997108024 17.688516993742542383
24216.986676212567545 17.681055143809984997
24217.070302974476363 17.673574711804313608
24217.153981932839088 17.666075928113130544
24217.237712780981383 17.658559018767569171
24217.321495253869216 17.651024205376423026
24217.405329126420838 17.64347170507359408
24217.489214211800572 17.635901730477939964
24217.573150359712599 17.628314489664482778
24217.657137454680196 17.62071018614679474
24217.741175414321333 17.613089018870400793
24217.825264187638822 17.605451182216235395
24217.909403753328661 17.597796866013489137
24217.993594118113833 17.590126255562193336
24218.077835315107222 17.582439531662629406
24218.162127402196347 17.574736870647939213
24218.246470460460841 17.567018444428828872
24218.330864592597209 17.559284420547704997
24218.415309921369044 17.551534962238715565
24218.499806588122738 17.543770228492256535
24218.584354751335923 17.535990374124491353
24218.668954585235042 17.528195549851812274
24218.753606278423831 17.520385902368975195
24218.838310032606387 17.512561574430812072
24218.923066061324789 17.504722704937332622
24219.007874588787672 17.496869429021923992
24219.09273584874245 17.489001878144645019
24219.177650083402114 17.481120180183452817
24219.262617542419321 17.473224459526203844
24219.347638481944159 17.465314837163692374
24219.43271316371829 17.457391430784095832
24219.517841854220023 17.44945435486785712
24219.603024823896703 17.441503720782396414
24219.688262346448028 17.433539636878020218
24219.773554698182124 17.425562208581180101
24219.858902157400735 17.417571538487571559
24219.944305003860791 17.40956772645440509
24220.029763518283289 17.401550869691359225
24220.115277981909458 17.393521062850123116
24220.200848676136957 17.385478398111860798
24220.286475882192462 17.377422965273130018
24220.372159880873369 17.369354851829761799
24220.457900952351338 17.361274143062331632
24220.543699376034056 17.353180922113232043
24220.62955543046337 17.345075270062949357
24220.715469393231615 17.336957266003661715
24220.801441540981614 17.328826987110268476
24220.887472149410314 17.320684508708737326
24220.973561493363377 17.312529904342724763
24221.059709846947953 17.304363245834206708
24221.145917483670928 17.296184603341650643
24221.232184676620818 17.287994045415949529
24221.31851169868969 17.279791639050159802
24221.404898822838732 17.271577449726684961
24221.491346322341997 17.263351541465286942
24221.577854471091996 17.255113976867068715
24221.664423543894372 17.246864817154605731
24221.751053816784406 17.238604122209977731
24221.837745567354432 17.230331950610224823
24221.924499075081258 17.222048359659492434
24222.011314621682686 17.213753405420064269
24222.098192491477676 17.205447142741753908
24222.185132971746498 17.197129625284507171
24222.272136353079986 17.188800905542848341
24222.359202929721505 17.180461034867665404
24222.446332999912556 17.172110063486066167
24222.533526866242028 17.163748040519518412
24222.620784835966333 17.155375014000870948
24222.708107221355021 17.146991030889104479
24222.795494339989091 17.138596137081911763
24222.882946515066578 17.130190377428917259
24222.970464075671771 17.121773795744388735
24223.058047357051692 17.11334643481799489
24223.14569670083074 17.104908336425996396
24223.23341245523261 17.096459541342124311
24223.32119497525855 17.088000089347861632
24223.409044622858346 17.079530019243239991
24223.496961767068569 17.071049368857668327
24223.584946784139902 17.062558175060900112
24223.673000057635363 17.054056473773517411
24223.761121978499432 17.045544299978516278
24223.849312945108977 17.037021687733947317
24223.937573363287811 17.028488670186032294
24224.025903646313964 17.019945279582692876
24224.114304214879667 17.011391547288944537
24224.202775497047696 17.002827503804297749
24224.291317928193166 16.994253178779153757
24224.37993195090894 16.985668601033509617
24224.468618014911044 16.977073798579588981
24224.557376576940442 16.968468798641492157
24224.646208100617514 16.959853627677571097
24224.735113056260161 16.951228311404641147
24224.824091920741921 16.942592874823290572
24224.913145177306433 16.933947342244163536
24225.002273315370985 16.925291737316513263
24225.091476830330066 16.916626083058712737
24225.180756223333447 16.907950401889607406
24225.270112001071539 16.899264715661573177
24225.359544675553479 16.890569045694206807
24225.449054763910681 16.881863412808602476
24225.538642788178549 16.873147837363731583
24225.628309275100037 16.864422339294502962
24225.718054755936464 16.855686938150697074
24225.807879766300175 16.846941653135829142
24225.897784845983551 16.838186503146971518
24225.987770538809855 16.829421506815958054
24226.077837392516813 16.82064668254959372
24226.167985958651116 16.811862048568983141
24226.258216792488383 16.803067622950155879
24226.348530452985869 16.794263423664570922
24226.438927502760635 16.785449468619116686
24226.529408508111374 16.776625775695944043
24226.619974039058434 16.767792362791460903
24226.710624669431127 16.758949247854413755
24226.801360976998694 16.750096448924232106
24226.892183543652209 16.741233984167383397
24226.983092955601023 16.732361871910818252
24227.074089803634706 16.723480130674257538
24227.165174683414079 16.714588779200418855
24227.256348195816827 16.705687836484329978
24227.347610947377689 16.696777321801068439
24227.438963550757762 16.687857254725571465
24227.53040662525018 16.678927655153874099
24227.621940797322168 16.669988543323128738
24227.7135667012044 16.661039939827212208
24227.805284979524004 16.652081865628918678
24227.897096283963037 16.64311434206936724
24227.989001275986084 16.634137390874791151
24228.08100062757876 16.625151034159792118
24228.173095022058988 16.616155294428043732
24228.265285154921003 16.607150194569182844
24228.35757173471211 16.598135757851778749
24228.449955483949452 16.589112007912124369
24228.542437140051334 16.580078968739911716
24228.635017456297646 16.57103666466294456
24228.727697202830313 16.561985120325289245
24228.820477167646459 16.552924360663087811
24228.913358157602488 16.543854410878015671
24229.006340999443637 16.534775296406110101
24229.099426540829882 16.525687042884015909
24229.192615651361848 16.516589676112893414
24229.285909223599447 16.507483222020468361
24229.37930817410961 16.498367706620872042
24229.472813444499479 16.489243155970491728
24229.566426002402295 16.480109596121128135
24229.660146842437825 16.470967053072321562
24229.753976987136411 16.461815552722175227
24229.847917487830273 16.452655120816601197
24229.94196942551207 16.443485782897489855
24230.036133911638899 16.434307564250200784
24230.130412088888988 16.425120489850353778
24230.22480513188566 16.415924584311127887
24230.319314247833972 16.406719871829313462
24230.413940677110077 16.397506376132035655
24230.508685693763255 16.388284120423712409
24230.603550605956116 16.379053127335435391
24230.698536756328394 16.369813418873974342
24230.793645522277075 16.360565016375499425
24230.888878316178307 16.351307940458188028
24230.984236585503822 16.342042210976995165
24231.079721812868229 16.332767846982594762
24231.175335515967163 16.323484866680107785
24231.271079247417219 16.3141932873915394
24231.366954594468552 16.304893125523353348
24231.462963178619248 16.295584396537236671
24231.55910665513511 16.286267114926396005
24231.655386712456675 16.276941294194813281
24231.75180507150435 16.267606946839496374
24231.848363484827132 16.258264084338726718
24231.945063735667645 16.248912717145778117
24232.041907636888936 16.239552854687403283
24232.138897029792133 16.230184505368875136
24232.236033782806771 16.220807676582293055
24232.333319790035603 16.211422374722481266
24232.430756969697541 16.202028605208440126
24232.528347262432362 16.192626372510879662
24232.626092629485356 16.183215680184613205
24232.723995050764643 16.173796530909520186
24232.822056522782077 16.164368926537360238
24232.920279056466825 16.154932868144808111
24233.018664674880711 16.145488356093636639
24233.117215410828067 16.13603539009753618
24233.215933304349164 16.12657396929522946
24233.314820400082681 16.117104092328091269
24233.413878744519025 16.10762575742783298
24233.513110383151798 16.098138962508251382
24233.612517357505567 16.088643705263503847
24233.712101702072687 16.079139983273318393
24233.811865441137343 16.069627794112680164
24233.911810585501371 16.06010713546885782
24234.0119391290973 16.050578005264892312
24234.112253045554098 16.041040401789373959
24234.212754284693801 16.031494323830742132
24234.313444768937188 16.021939770814945803
24234.414326389651251 16.012376742949580688
24234.515401003416628 16.002805241372321632
24234.616670428269572 15.993225268304708919
24234.718136439922091 15.983636827208817621
24234.819800767934794 15.974039922945159731
24234.92166509184608 15.964434561934792711
24235.023731037312245 15.95482075232528274
24235.126000172243948 15.945198504156058661
24235.228474002939038 15.935567829525298933
24235.3311539702554 15.925928742759394297
24235.434041445823823 15.916281260577392231
24235.537137728235393 15.906625402258834256
24235.64044403929438 15.896961189810703274
24235.74396152031477 15.887288648132559032
24235.84769122850048 15.877607805179392741
24235.951634133409243 15.867918692121406821
24236.055791113496525 15.858221343500185085
24236.160162952783139 15.848515797380606784
24236.264750337639271 15.838802095497545253
24236.369553853706748 15.829080283396418594
24236.474573982952279 15.819350410569063214
24236.579811100960796 15.809612530583578405
24236.685265474381595 15.799866701198745034
24236.790937258490885 15.790112984474484747
24236.896826494918059 15.780351446874988142
24237.002933109586593 15.770582159362302122
24237.109256910862314 15.760805197479296424
24237.215797587909037 15.7510206414223628
24237.322554709302494 15.741228576103507564
24237.429527721880731 15.731429091201253101
24237.536715949849167 15.721622281197131343
24237.644118594100291 15.71180824539990617
24237.751734731795295 15.701987087958158895
24237.859563316193089 15.692158917861258161
24237.967603176766715 15.682323848926653653
24238.075853019603528 15.672481999771907368
24238.184311428085493 15.662633493773396864
24238.292976863878721 15.652778459012912649
24238.401847668224946 15.642917028209668118
24238.510922063473117 15.633049338634045
24238.620198154891114 15.623175532013897637
24238.72967393279032 15.613295754424070694
24238.839347274959437 15.603410156162585309
24238.949215949422069 15.593518891612053068
24239.059277617445332 15.583622119087277014
24239.169529836832226 15.573720000672313546
24239.279970065465022 15.563812702044977243
24239.390595665154251 15.553900392289966348
24239.501403905738698 15.543983243701601893
24239.612391969443706 15.534061431574295753
24239.723556955486856 15.524135133983458346
24239.834895884912839 15.514204531556989863
24239.946405705704819 15.504269807239998258
24240.058083298103156 15.494331146045302816
24240.169925480051461 15.484388734802724485
24240.281929012809996 15.474442761903235422
24240.394090606732789 15.464493417037564527
24240.506406927179341 15.454540890932445762
24240.618874600564595 15.444585375084480816
24240.731490220514388 15.434627061490502342
24240.844250354057294 15.42466614237739897
24240.957151547885587 15.414702809933604755
24241.070190334612562 15.404737256042064786
24241.183363239062601 15.394769672017444506
24241.296666784579429 15.38480024834946569
24241.410097499305266 15.374829174444467839
24241.523651922329009 15.364856638376162223
24241.637326609772572 15.354882826644356442
24241.751118140749895 15.344907923940819927
24241.865023123191349 15.334932112924503755
24241.979038199511706 15.324955574006040138
24242.093160052103485 15.314978485144294496
24242.207385408637492 15.30500102165252585
24242.321711047115969 15.29502335601639551
24242.436133800703828 15.285045657726316293
24242.550650562327064 15.275068093122428081
24242.665258289009216 15.265090825252540796
24242.779954005942272 15.255114013743863666
24242.894734810273803 15.245137814689066147
24243.009597874599422 15.235162380545807181
24243.124540450146014 15.225187860050921174
24243.239559869642108 15.215214398148178887
24243.354653549864452 15.205242135932554248
24243.469818993882654 15.195271210606188461
24243.585053793034604 15.185301755453011197
24243.700355628607213 15.175333899819991146
24243.815722273222491 15.165367769114295626
24243.931151591899834 15.155403484810166859
24244.046641542805446 15.145441164469108486
24244.162190177714365 15.135480921771289786
24244.277795642188721 15.125522866559077073
24244.39345617550498 15.115567104888910421
24244.509170110290142 15.105613739092975223
24244.62493587190329 15.095662867850917266
24244.740751977606124 15.085714586268856863
24244.856617035507952 15.07576898596561854
24244.972529743266932 15.065826155163280831
24245.088488886609412 15.055886178787519114
24245.204493337674649 15.045949138572444426
24245.32054205319946 15.036015113168799573
24245.436634072539164 15.026084178256786217
24245.552768515564821 15.016156406663320411
24245.668944580462266 15.006231868482290182
24245.785161541407433 14.996310631192748986
24245.901418746096169 14.986392759779908701
24246.01771561316491 14.976478316858754525
24246.134051629553142 14.966567362796684648
24246.250426347767643 14.956659955836288489
24246.366839383081242 14.946756152216812197
24246.483290410662448 14.936856006296450161
24246.599779162694176 14.926959570671654021
24246.716305425441533 14.917066896295334999
24246.832869036352349 14.907178032595204797
24246.949469881132245 14.897293027586723468
24247.06610789086335 14.887411927984356197
24247.182783039079368 14.877534779306758494
24247.299495338822453 14.867661625979451401
24247.416244839696446 14.857792511435947702
24247.533031624971045 14.847927478216256247
24247.649855808707798 14.838066568058518868
24247.766717532918847 14.82820982198827231
24247.883616964765679 14.818357280402777221
24248.00055429382337 14.808508983153647165
24248.117529729410307 14.798664969622556953
24248.234543497965205 14.788825278792751661
24248.351595840445952 14.77898994931682175
24248.468687009812129 14.769159019579545244
24248.585817268540268 14.759332527757081266
24248.702986886211875 14.749510511871834595
24248.820196137185121 14.739693009843445992
24248.937445298342936 14.729880059535128467
24249.054734646957513 14.720071698799110038
24249.17206445861666 14.71026796551097604
24249.289435005204723 14.700468897602554819
24249.406846552948991 14.690674533091355514
24249.524299360546138 14.680884910105705288
24249.641793677368696 14.671100066905674808
24249.759329741780675 14.661320041901106492
24249.876907779522298 14.651544873664477109
24249.994528002174775 14.641774600940685502
24250.112190605726937 14.632009262653488335
24250.229895769221912 14.622248897909809529
24250.347643653549312 14.612493546000644429
24250.465434400302911 14.602743246394826571
24250.583268130674696 14.592998038731478161
24250.701144944421685 14.583257962811448039
24250.81906491895279 14.573523058585120538
24250.937028108470258 14.563793366137240071
24251.055034543227521 14.554068925669417567
24251.173084228859807 14.544349777480316988
24251.291177145820257 14.534635961943338955
24251.409313248896069 14.52492751948136096
24251.527492466804688 14.515224490539088364
24251.645714701884572 14.505526915554797895
24251.763979829855089 14.49583483492844671
24251.882287699667359 14.486148288988578869
24252.000638133406028 14.476467317959015091
24252.119030926296546 14.466791961923039622
24252.237465846756095 14.457122260787091506
24252.355942636546388 14.447458254243137787
24252.474461010977393 14.437799981729952492
24252.593020659194735 14.428147482393706369
24252.711621244510752 14.418500795048100116
24252.830262404830137 14.408859958134009105
24252.948943753119238 14.399225009678728426
24253.067664877937204 14.389595987255182408
24253.186425344036252 14.37997292794121762
24253.305224692987395 14.37035586827904865
24253.424062443882576 14.360744844235421525
24253.542938094062265 14.351139891162233653
24253.661851119904895 14.341541043758246232
24253.780800977641775 14.331948336031116398
24253.899787104215648 14.32236180126143843
24254.018808918262948 14.312781471971113945
24254.137865821139712 14.303207379887499684
24254.256957197911106 14.293639555905697236
24254.376082418315491 14.284078030055963993
24254.495240837721212 14.274522831472875595
24254.614431798105215 14.264973988366275393
24254.733654629038938 14.255431527993861707
24254.852908648674202 14.245895476635370258
24254.97219316474002 14.236365859568399728
24255.091507475535764 14.226842701045399053
24255.210850870902505 14.217326024272658458
24255.330222633187077 14.20781585139151737
24255.449622038187954 14.198312203461387782
24255.569048356086569 14.188815100444612582
24255.68850085235681 14.179324561192206744
24255.807978788667242 14.169840603431859805
24255.927481423739664 14.160363243758039786
24256.047008014196763 14.150892497623576816
24256.16655781537338 14.141428379333481402
24256.286130082091404 14.131970902041160798
24256.405724069427379 14.122520077744963984
24256.525339033461933 14.113075917288469441
24256.644974232011009 14.103638430360851075
24256.764628925320721 14.094207625496553149
24256.88430237668581 14.084783510078089819
24257.00399385304263 14.075366090340498459
24257.12370262551849 14.065955371376945848
24257.243427969980985 14.056551357148372006
24257.36316916762371 14.047154050493718458
24257.482925505457388 14.037763453135038816
24257.602696276771894 14.02837956568809652
24257.722480781572813 14.019002387676140486
24257.842278327014355 14.009631917539863366
24257.962088227723143 14.000268152648507325
24258.081909806092881 13.99091108931283145
24258.201742392542656 13.981560722798329621
24258.32158532574249 13.972217047339000828
24258.44143795283162 13.962880056151753649
24258.561299629589485 13.953549741450723687
24258.68116972063217 13.944226094463843424
24258.801047599590675 13.934909105445395738
24258.920932649216411 13.925598763689929882
24259.040824261472153 13.916295057546378189
24259.160721837593883 13.906997974433542353
24259.28062478814536 13.897707500854647122
24259.400532533047226 13.888423622411959713
24259.520444501606107 13.879146323821160536
24259.640360132536443 13.869875588926749543
24259.760278873996867 13.860611400717630204
24259.880200183615671 13.851353741338536807
24260.000123528458062 13.84210259210289351
24260.120048385011614 13.832857933505763981
24260.239974239153526 13.823619745237333944
24260.359900586172444 13.814388006197299674
24260.479826765254984 13.805162707232749852
24260.599752216083289 13.795943831385020673
24260.719676466804231 13.786731354847928444
24260.83959905485608 13.777525253071251754
24260.959519526935765 13.768325500770927761
24261.079437438958848 13.759132071939010444
24261.199352356037707 13.749944939853079973
24261.319263852456061 13.740764077085035666
24261.43917151165806 13.731589455509425335
24261.559074926230096 13.722421046311605863
24261.678973697882611 13.713258819995708393
24261.798867437439185 13.704102746392328172
24261.918755764832895 13.694952794665944396
24262.038638309113594 13.685808933321636616
24262.158514708531584 13.676671130210639404
24262.278384610610374 13.66753935253608887
24262.398247672168509 13.658413566859676891
24262.518103559334122 13.649293739108234291
24262.637951947584952 13.640179834580118623
24262.757792521777446 13.631071817951390557
24262.877624976175866 13.621969653282111068
24262.99744901451777 13.612873304022523158
24263.117264350064943 13.603782733020070239
24263.237070705716178 13.594697902525416211
24263.356867814152793 13.585618774198394476
24263.476655417885922 13.576545309114592897
24263.596433269318368 13.567477467771860589
24263.716201130802801 13.558415210096439907
24263.835958774699975 13.54935849544976989
24263.95570598343329 13.54030728263457739
24264.075442549565196 13.531261529902048224
24264.195168275851756 13.522221194959517021
24264.314882975333603 13.513186234977235145
24264.434586471455987 13.504156606594486689
24264.55427859817064 13.49513226592622317
24264.673959199993988 13.486113168571451482
24264.793628132065351 13.477099269621259481
24264.913285260245175 13.468090523665985359
24265.032930461158685 13.459086884803943107
24265.152563622268644 13.450088306650698655
24265.27218464190446 13.441094742348241198
24265.391793429294921 13.432106144574341045
24265.511389904590033 13.423122465552069116
24265.630973998882837 13.414143657057692849
24265.750545654231246 13.405169670430895579
24265.870104823661677 13.396200456582853633
24265.989651471172692 13.387235966006763022
24266.109185571734997 13.378276148788481592
24266.228707111273252 13.369320954617510466
24266.348216086680623 13.360370332800862059
24266.467712505822419 13.351424232274183623
24266.587196387506992 13.34248260161337285
24266.706667761438439 13.33354538904638531
24266.826126668158395 13.324612542465168019
24266.945573158976913 13.315684009437463331
24267.065007295936084 13.306759737218911255
24267.184429151882796 13.297839672764272478
24267.303838810381421 13.28892376274219167
24267.423236365619232 13.280011953547955272
24267.54262192229362 13.271104191315986398
24267.66199559551751 13.262200421932110572
24267.781357510710222 13.253300591045880097
24267.900707803473779 13.244404644082186095
24268.020046619458299 13.235512526253421228
24268.139374114176462 13.226624182576573574
24268.258690452839801 13.217739557886270418
24268.377995810158609 13.20885859685416186
24268.49729037016732 13.199981244001236291
24268.616574326017144 13.191107443710157199
24268.735847879786888 13.182237140237225148
24268.855111242268322 13.173370277724284705
24268.974364632758807 13.164506800210244108
24269.093608278879401 13.155646651641664135
24269.212842416349304 13.146789775883979345
24269.33206728874211 13.137936116732635838
24269.451283147260256 13.129085617924165064
24269.570490250498551 13.120238223147529411
24269.68968886418952 13.111393876054151519
24269.808879260952381 13.102552520268217151
24269.928061720038386 13.093714099396819961
24270.047236527047062 13.084878557039754554
24270.166403973671549 13.076045836799126576
24270.285564357411204 13.067215882288669704
24270.404717981295107 13.058388637142865463
24270.52386515359467 13.049564045025778825
24270.643006187539868 13.040742049639636235
24270.762141401028202 13.031922594733030607
24270.88127111634094 13.023105624109025058
24271.000395659841161 13.014291081633075464
24271.119515361697268 13.005478911240466289
24271.23863055558104 12.996669056943638054
24271.35774157837659 12.98786146283944376
24271.47684876987114 12.979056073116034042
24271.59595247246034 12.970252832059536274
24271.715053030849958 12.961451684060298462
24271.834150791750289 12.952652573619104714
24271.953246103570564 12.94385544535320598
24272.072339316127909 12.935060244002167806
24272.191430780338123 12.92626691443352982
24272.310520847913722 12.917475401648212951
24272.429609871072898 12.908685650785738375
24272.54869820222666 12.899897607129345189
24272.667786193691427 12.891111216110969551
24272.786874192945106 12.882326423643990054
24272.905962379936682 12.873543188103614199
24273.025051105407329 12.86476145535309179
24273.144140718974086 12.855981171412578234
24273.263231568831543 12.847202282463580758
24273.382324001471716 12.838424734853290943
24273.501418361400283 12.829648475099494576
24273.620514990881929 12.820873449894916618
24273.739614229660219 12.812099606110733063
24273.858716414695664 12.803326890800738269
24273.977821879885596 12.794555251205327551
24274.096930955798598 12.785784634755540168
24274.216043969408929 12.777014989077061458
24274.335161243845505 12.768246261994038449
24274.454283098122687 12.759478401532984293
24274.573409846900176 12.750711355926711121
24274.692541800235631 12.741945073618181183
24274.81167926334092 12.733179503264485888
24274.930822536345659 12.72441459374108419
24275.049971914042544 12.715650294146650268
24275.169127685647254 12.706886553808868001
24275.288290134605631 12.698123322289731618
24275.407459538426338 12.689360549388187138
24275.526636168517143 12.680598185145688817
24275.64582029003941 12.671836179849274018
24275.765012161740742 12.663074484034419598
24275.884212035751261 12.654313048489337135
24276.003420157405344 12.64555182425954527
24276.122636765077914 12.636790762652703179
24276.241862089998904 12.628029815242774347
24276.361096356107737 12.619268933874556282
24276.480339779882343 12.610508070668270619
24276.599592570182722 12.60174717802427935
24276.718854928109067 12.592986208627870326
24276.838127046856243 12.584225115454096056
24276.95740911158282 12.575463851772722634
24277.076701299272827 12.566702371153514406
24277.19600377862298 12.557940627471278816
24277.31531670995173 12.549178574910248685
24277.434640245082846 12.540416167968942318
24277.553974527254468 12.531653361465432184
24277.673319691020879 12.522890110542908459
24277.792675862190663 12.51412637067543443
24277.912043157779408 12.505362097673289767
24278.031421685944224 12.496597247688377763
24278.150811545910983 12.487831777219692952
24278.27021282791975 12.479065643119342965
24278.389625613239332 12.47029880260343937
24278.509049974225491 12.461531213254948725
24278.628485974313662 12.452762833026463696
24278.747933668000769 12.443993620245276333
24278.867393100819754 12.435223533619350178
24278.986864309310477 12.42645253224337587
24279.106347321012436 12.417680575604942206
24279.225842154442944 12.408907623590417657
24279.345348819100764 12.400133636491030842
24279.46486731546247 12.391358575008943887
24279.584397634993366 12.382582400263297373
24279.703939760165667 12.373805073796249943
24279.823493664480338 12.36502655757904634
24279.943059312485275 12.356246814018152946
24280.062636659840791 12.34746580596155674
24280.182225653377827 12.338683496703563236
24280.301826231134328 12.329899849990534122
24280.421438322417089 12.321114830027099174
24280.541061847878154 12.312328401482327322
24280.660696719583939 12.303540529494554789
24280.78034284108071 12.294751179677101405
24280.900000107467349 12.285960318124034885
24281.019668405460834 12.277167911415695301
24281.139347613479913 12.268373926624164483
24281.259037601728778 12.259578331318651934
24281.378738232291653 12.250781093570864755
24281.498449359227379 12.24198218196045751
24281.618170828685834 12.233181565579366534
24281.737902479006152 12.22437921403664518
24281.857644140833145 12.215575097463219123
24281.977395637219161 12.206769186516510217
24282.097156783740502 12.197961452384843639
24282.216927388624754 12.189151866791698708
24282.336707252874476 12.180340401998993372
24282.456496170405444 12.171527030810260328
24282.576293928181258 12.162711726574363169
24282.696100306344306 12.153894463189006458
24282.815915078346734 12.145075215104064625
24282.935738011110516 12.136253957325296327
24283.055568865180248 12.127430665416833122
24283.175407394875947 12.118605315503529596
24283.295253348442202 12.109777884273484005
24283.415106468190061 12.100948348980367086
24283.534966490664374 12.092116687445519929
24283.654833146782039 12.083282878059820931
24283.774706161999347 12.074446899785328924
24283.894585256472055 12.065608732156206884
24284.014470145211817 12.056768355279722016
24284.134360538260808 12.047925749837554932
24284.254256140869984 12.039080897088922484
24284.374156653717364 12.03023377886992229
24284.494061773071735 12.02138437759272982
24284.613971190963639 12.012532676245410102
24284.733884595349082 12.003678658391603307
24284.853801670284156 11.994822308170288494
24284.973722096092388 11.985963610295627291
24285.093645549550274 11.977102550055391816
24285.213571704043716 11.968239113309671495
24285.33350022974264 11.959373286489419996
24285.45343079376471 11.950505056594732167
24285.573363060339034 11.941634411192902476
24285.693296690980787 11.932761338416284502
24285.813231344644009 11.923885826959866208
24285.933166677896224 11.915007866078672905
24286.053102345078514 11.906127445584957059
24286.173037900036434 11.897244563136633033
24286.292972916275176 11.888359215353235143
24286.412907041602011 11.879471393772647048
24286.532839922325365 11.870581090471354457
24286.652771203400334 11.861688298060723668
24286.772700528606947 11.852793009682550007
24286.892627540706599 11.843895219004858532
24287.012551881609397 11.834994920217502212
24287.132473192530597 11.826092108027884464
24287.252391114132479 11.817186777656530694
24287.372305286673509 11.808278924833921053
24287.492215350153856 11.799368545795836383
24287.612120944468188 11.790455637278792977
24287.732021709594846 11.781540196515649654
24287.851917285726813 11.772622221230673034
24287.971807313413592 11.763701709634551307
24288.09169143370309 11.754778660419315628
24288.211569288298051 11.74585307275315138
24288.331440519756143 11.736924946274562842
24288.451304771642754 11.727994281086864703
24288.571161688647408 11.719061077752824573
24288.691010916714731 11.710125337289253977
24288.810852103149955 11.701187061161501646
24288.930684896749881 11.692246251277955693
24289.050508947933849 11.68330290998503429
24289.170323908925639 11.674357040062876223
24289.290129433873517 11.665408644719795106
24289.409925178952108 11.656457727586644779
24289.529710802475165 11.647504292711204243
24289.649485965011991 11.638548344551459479
24289.769250329507486 11.629589887969423501
24289.889003561380378 11.620628928225592347
24290.008745328617806 11.611665470973441927
24290.128475301913568 11.602699522253931974
24290.248193154799083 11.593731088490049075
24290.367898563734343 11.584760176481315952
24290.487591208195226 11.575786793398629371
24290.607270770764444 11.566810946778883107
24290.726936937211576 11.557832644519621113
24290.846589396580384 11.548851894873552126
24290.966227841283398 11.539868706443309421
24291.085851967225608 11.530883088175638562
24291.205461473895411 11.521895049355984852
24291.325056064441014 11.512904599603967171
24291.444635445746826 11.503911748868153708
24291.564199328502582 11.494916507420928298
24291.683747427276103 11.485918885853497073
24291.803279460586054 11.476918895070831184
24291.922795150960155 11.467916546286499369
24292.042294225004298 11.458911851017576922
24292.161776413468033 11.449904821079506689
24292.281241451302776 11.440895468580864147
24292.400689077727293 11.431883805918353403
24292.520119036351389 11.422869845772558151
24292.639531075237755 11.413853601102873725
24292.75892494695654 11.40483508514241251
24292.87830040866902 11.395814311393227314
24292.997657222185808 11.38679129362139264
24293.11699515401051 11.377766045851746668
24293.236313975397934 11.368738582362649225
24293.355613462430483 11.359708917680038098
24293.474893396094558 11.350677066572204765
24293.594153562320571 11.341643044044566579
24293.71339375203388 11.332606865334089008
24293.832613761202083 11.323568545903338389
24293.951813390871393 11.314528101434913054
24294.070992447192111 11.305485547826098269
24294.190150741440448 11.296440901183444794
24294.309288090043992 11.287394177817178686
24294.428404314643558 11.278345394235119059
24294.547499242125923 11.269294567136954655
24294.666572704620194 11.260241713408635889
24294.785624539523269 11.251186850116708271
24294.904654589492566 11.242129994502663592
24295.023662702456932 11.233071163977180973
24295.142648731631198 11.224010376114032184
24295.261612535570748 11.214947648643651235
24295.380553978200624 11.205882999447347004
24295.499472928819159 11.19681644655161179
24295.618369262127089 11.187748008122790466
24295.737242858245736 11.178677702460547039
24295.856093602702458 11.169605547991592331
24295.974921386405185 11.160531563263331734
24296.093726105624228 11.151455766937225178
24296.212507661985001 11.14237817778197126
24296.3312659624753 11.133298814667561771
24296.450000919423474 11.124217696558726942
24296.568712450447492 11.115134842508245683
24296.687400478429481 11.106050271650241612
24296.806064931461151 11.096964003193392045
24296.924705742792867 11.087876056414115666
24297.043322850797267 11.078786450649669604
24297.161916198900144 11.069695205291246509
24297.280485735536786 11.060602339777245717
24297.399031414104684 11.051507873586793096
24297.517553192894411 11.042411826232777727
24297.636051035049604 11.033314217254696743
24297.754524908534222 11.024215066211585423
24297.872974786085251 11.01511439267514092
24297.991400645147223 11.006012216222725186
24298.109802467792179 10.996908556430716075
24298.228180240650545 10.987803432867583098
24298.346533954860206 10.978696865087067991
24298.464863605990104 10.969588872621379494
24298.583169193949288 10.960479474974464509
24298.701450722899608 10.951368691615364526
24298.819708201172034 10.942256541971632444
24298.937941641168436 10.933143045423111772
24299.056151059296099 10.92402822129621498
24299.174336475862219 10.914912088857889216
24299.292497914993874 10.905794667309546497
24299.410635404532513 10.896675975781120016
24299.528748975943017 10.887556033325246574
24299.646838664211828 10.878434858911644412
24299.764904507781466 10.869312471421940458
24299.882946548459586 10.860188889644440735
24300.000964831317106 10.8510641322689807
24300.118959404593625 10.841938217881937234
24300.236930319595558 10.832811164961427153
24300.354877630597912 10.823682991872672687
24300.472801394746057 10.814553716863549937
24300.590701671972056 10.805423358059977446
24300.70857852492918 10.796291933461372281
24300.826432018879132 10.787159460936607047
24300.944262221641111 10.778025958219773273
24301.062069203562714 10.768891442906797451
24301.179853037421708 10.759755932452113925
24301.29761379836782 10.750619444165108618
24301.415351563860895 10.741481995206829225
24301.533066413576307 10.732343602587178566
24301.650758429321286 10.723204283161997807
24301.768427694958518 10.714064053630615092
24301.886074296326115 10.704922930533513181
24302.003698321230331 10.695780930250217367
24302.121299859391002 10.686638068997794448
24302.238879002365138 10.677494362829065722
24302.35643584346326 10.668349827630986937
24302.473970477687544 10.659204479123154385
24302.591483001648157 10.650058332856486842
24302.708973513501405 10.640911404212056723
24302.826442112880613 10.631763708400063351
24302.943888900827005 10.622615260458937669
24303.061313979727856 10.613466075253857213
24303.178717453316494 10.60431616747654715
24303.296099426628643 10.59516555164490903
24303.413460005976958 10.586014242103427563
24303.530799298925558 10.576862253023396221
24303.648117414264561 10.567709598403007831
24303.765414461980981 10.558556292067295956
24303.882690553189605 10.549402347668227264
24303.999945800096611 10.540247778684932456
24304.117180315959558 10.531092598424201867
24304.234394215043721 10.521936820021116077
24304.351587612585718 10.512780456439584142
24304.468760624753486 10.50362352047299197
24304.585913368598995 10.494466024744903976
24304.703045962025499 10.485307981709901526
24304.820158523762075 10.476149403654661185
24304.93725117332724 10.46699030269907027
24305.054324030996213 10.457830690797303319
24305.17137721778272 10.44867057973898028
24305.288410855391703 10.439509981150434825
24305.405425066244788 10.430348906496426764
24305.522419973451179 10.42118736708174076
24305.63939570081493 10.412025374052356952
24305.756352372809488 10.402862938396891579
24305.873290114555857 10.393700070948160175
24305.990209051800775 10.384536782384786946
24306.107109310898522 10.375373083232863891
24306.223991018792731 10.366208983867656102
24306.340854302998196 10.357044494515344368
24306.457699291579047 10.347879625254805092
24306.574526113145112 10.338714386019434599
24306.691334896830085 10.329548786599094257
24306.808125772276981 10.320382836641988078
24306.924898869652679 10.311216545656563426
24307.041654319698864 10.30204992301339928
24307.158392253721104 10.292882977947153122
24307.275112803581578 10.283715719558482959
24307.391816101684526 10.274548156816011968
24307.508502280994435 10.265380298557911232
24307.625171475050593 10.256212153493313721
24307.741823817970726 10.247043730204342893
24307.858459444451 10.237875037148342017
24307.975078489740554 10.228706082659751786
24308.091681089645135 10.219536874952044769
24308.208267380556208 10.210367422119210445
24308.324837499436399 10.201197732137529783
24308.441391583852237 10.192027812867639369
24308.557929771992349 10.18285767205624559
24308.674452202714747 10.173687317337433811
24308.790959015528642 10.164516756234533545
24308.907450350616273 10.155345996161614153
24309.023926348843816 10.146175044424959211
24309.140387151772302 10.137003908224624382
24309.256832901672169 10.127832594656949183
24309.373263741530536 10.118661110717054541
24309.489679815047566 10.109489463300654677
24309.606081266640103 10.100317659205838794
24309.722468241434399 10.091145705134749733
24309.838840885269747 10.081973607694823869
24309.955199344691209 10.07280137340041648
24310.071543766949617 10.063629008674464416
24310.187874300005205 10.054456519850170082
24310.304191092567635 10.045283913173108203
24310.420494294106902 10.036111194802977309
24310.53678405485698 10.0269383708152926
24310.653060525830369 10.017765447203538898
24310.769323858825373 10.008592429880788899
24310.885574206426099 9.9994193246812024256
24311.00181172199882 9.9902461373616837648
24311.118036559710163 9.9810728736036207209
24311.234248874523473 9.9718995390143039259
24311.350448822191538 9.9627261391283514769
24311.466636559271137 9.9535526794089079772
24311.582812243137596 9.9443791652485256094
24311.698976031992061 9.9352056019704981793
24311.815128084854223 9.9260319948302040416
24311.931268561558682 9.9168583490164241567
24312.047397622758581 9.9076846696526583713
24312.163515429918334 9.8985109617984168295
24312.279622145309986 9.8893372304504847392
24312.395717932020489 9.8801634805441924669
24312.511802953940787 9.8709897169547122786
24312.627877375794924 9.8618159444992308238
24312.743941363147314 9.8526421679386135821
24312.859995082402747 9.8434683919785985751
24312.976038700802746 9.8342946212710007359
24313.092072386421933 9.8251208604149020687
24313.208096308164386 9.8159471139578133858
24313.324110635767283 9.806773386396844927
24313.440115539789986 9.7975996821798325698
24313.556111191617674 9.7884260057064818028
24313.6720977634468 9.7792523613294939366
24313.788075428303273 9.77007875335571363
24313.904044360016997 9.760905186047240889
24314.020004733236419 9.7517316636225110926
24314.135956723421259 9.7425581902574016624
24314.251900506831589 9.733384770086328075
24314.367836260538752 9.7242114072034304684
24314.483764162414445 9.7150381056637158395
24314.599684391137998 9.7058648694844560367
24314.715597126218199 9.6966917026466621365
24314.831502548022399 9.6875186090959157781
24314.947400837772875 9.6783455927433141852
24315.063292177565017 9.669172657466617693
24315.179176750396437 9.6599998071116406351
24315.295054740174237 9.6508270454933793303
24315.410926331715018 9.6416543763970974368
24315.526791710741236 9.6324818035793704496
24315.642651063935773 9.6233093307684178797
24315.758504578952852 9.6141369616649310359
24315.874352444428951 9.6049646999431406158
24315.990194849990075 9.5957925492517155419
24316.106031986266316 9.5866205132144024503
24316.221864044884569 9.5774485954311003866
24316.337691218475811 9.5682767994789639232
24316.453513700675103 9.5591051289135027247
24316.569331686121586 9.5499335872696899941
24316.685145370447572 9.5407621780630282871
24316.800954950293089 9.5315909047905549301
24316.91676062332408 9.5224197709310125504
24317.032562588246947 9.5132487799456288968
24317.148361044797639 9.5040779352792199575
24317.264156193759845 9.4949072403612184701
24317.37994823696863 9.4857366986062885417
24317.495737377332262 9.4765663134152369196
24317.611523818886781 9.4673960881765761854
24317.727307766857848 9.4582260262682265051
24317.843089427660743 9.4490561310586915766
24317.958869008900365 9.43988640590820971
24318.074646719367593 9.4307168541699315512
24318.190422769042925 9.421547479191078267
24318.306197369092843 9.412378284314293353
24318.421970731887995 9.4032092728793053027
24318.537743071006844 9.3940404482241621764
24318.653514601235656 9.3848718136863276129
24318.769285538630356 9.3757033726031693277
24318.88505610055654 9.366535128313039138
24319.000826505700388 9.357367084156509307
24319.116596942632896 9.3481992459664340345
24319.232367553449876 9.3390316233657379996
24319.3481385601699 9.3298642197619550132
24319.463910186179419 9.3206970385697616166
24319.57968265625459 9.3115300832126344233
24319.695456196590385 9.3023633571251380658
24319.811231034833327 9.2931968637523745258
24319.927007400070579 9.2840306065511875033
24320.042785522837221 9.2748645889914573814
24320.158565635112609 9.2656988145574388227
24320.274347970324015 9.2565332867497538416
24320.39013276337937 9.2473680090887881988
24320.505920250678173 9.2382029851144746857
24320.621710670136963 9.2290382183888475254
24320.737504261192953 9.2198737124977725443
24320.853301264851325 9.2107094710542298799
24320.969101923732524 9.2015454976972641532
24321.084906482108636 9.1923817960930289672
24321.200715185921581 9.1832183699351030981
24321.316528282797663 9.1740552229451317601
24321.43234602204393 9.1648923588742405855
24321.54816865464818 9.1557297815047551381
24321.663996433293505 9.1465674946516291044
24321.779829612372851 9.1374055021652260677
24321.895668448014476 9.1282438079319998536
24322.011513198089233 9.119082415875528369
24322.127364122206927 9.1099213299580075187
24322.243221481719957 9.1007605541818161754
24322.359085539756052 9.0916000925919888687
24322.474956561247382 9.0824399492760363728
24322.590834812945104 9.0732801283648161217
24322.706720563419367 9.0641206340340332304
24322.822614083062945 9.0549614705061785003
24322.938515644113068 9.0458026420537365198
24323.054425520669611 9.0366441529998482451
24323.170343988702371 9.0274860077197729424
24323.286271326051065 9.0183282106435811443
24323.402207812439883 9.0091707662575934989
24323.518153729492042 9.0000136791057876451
24323.634109360718867 8.9908569537913738401
24323.75007499153071 8.9817005949783741414
24323.866050909244223 8.9725446073937167313
24323.982037403100549 8.963388995829557615
24324.098034764287149 8.9542337651440995216
24324.214043285926891 8.9450789202631817432
24324.330063263099873 8.9359244661817722744
24324.446094992843427 8.9267704079667531403
24324.562138774213963 8.9176167507602936979
24324.678194908316073 8.9084634997790370647
24324.794263698324357 8.8993106603155034406
24324.910345449472516 8.8901582377397723178
24325.026440469067893 8.8810062375011433744
24325.142549066491483 8.8718546651300620454
24325.258671553227032 8.8627035262404483262
24325.374808242893778 8.8535528265304730411
24325.490959451275558 8.8444025717842436052
24325.607125496342633 8.835252767872107782
24325.723306698262604 8.8261034207523056949
24325.839503379407688 8.8169545364727071046
24325.955715864351077 8.8078061211725646729
24326.071944479877857 8.7986581810842743323
24326.188189554988639 8.7895107225351569724
24326.304451420910482 8.7803637519492490071
24326.420730411089608 8.7712172758491462332
24326.537026861205959 8.7620713008578068326
24326.653341109180474 8.7529258337007238566
24326.769673495222378 8.7437808812093482658
24326.886024361861928 8.7346364503207514218
24327.002394053964963 8.7254925480791136749
24327.118782918736542 8.7163491816376268417
24327.235191305724584 8.7072063582604162235
24327.351619566819863 8.6980640853244839406
24327.468068056266929 8.688922370321664701
24327.584537130660465 8.6797812208606064388
24327.7010271489562 8.670640644668763386
24327.817538472467277 8.6615006495944211196
24327.934071464871522 8.65236124360873049
24328.050626492215088 8.643222434807777077
24328.167203922912449 8.6340842314146577507
24328.283804127750045 8.6249466417815963126
24328.400427479889913 8.6158096743920644656
24328.517074354869692 8.6066733378629383111
24328.633745130613534 8.5975376409466850447
24328.750440187421191 8.5884025925335567564
24328.867159907982568 8.5792682016538233114
24328.983904677363171 8.5701344774800300996
24329.100674883025931 8.5610014293292753251
24329.21747091481302 8.5518690666654908483
24329.334293164956762 8.5427373991017958588
24329.451142028083268 8.5336064364028612061
24329.568017901201529 8.5244761884873021529
24329.684921183710685 8.5153466654300977723
24329.801852277403668 8.5062178774650458735
24329.918811586463562 8.4970898349875447764
24330.035799517474516 8.4879625485570553423
24330.152816479436297 8.4788360288993143143
24330.269862883771566 8.4697102869105727052
24330.386939144351345 8.4605853336597078851
24330.504045677527756 8.4514611803915897781
24330.621182902170403 8.4423378385288234682
24330.738351239673648 8.433215319673758259
24330.855551113956608 8.4240936356113369499
24330.972782951455883 8.4149727983121884733
24331.090047181132832 8.4058528199354132227
24331.207344234473567 8.3967337128319474715
24331.32467454554353 8.387615489548355896
24331.442038551027508 8.3784981628270234211
24331.559436690255097 8.3693817456102213015
24331.676869405229809 8.3602662510415957087
24331.794337140610878 8.3511516924689122021
24331.91184034372418 8.3420380834473224496
24332.02937946457314 8.3329254377431691836
24332.146954955886031 8.3238137693368710046
24332.264567273141438 8.3147030924237803617
24332.382216874582809 8.3055934214172975061
24332.49990422123301 8.2964847709515172625
24332.617629776908871 8.2873771558869560039
24332.7353940082794 8.2782705913146390486
24332.853197384873056 8.2691650925575590492
24332.971040379092301 8.2600606751744969358
24333.088923466224514 8.2509573549627379663
24333.206847124467458 8.2418551479615498323
24333.324811834940192 8.2327540704545452144
24333.442818081679434 8.2236541389729680418
24333.560866351643199 8.214555370299368775
24333.678957134685334 8.2054577814714626527
24333.797090923570067 8.1963613897861815616
24333.915268213946547 8.1872662128033830697
24334.033489504363388 8.178172268350204277
24334.151755296261399 8.1690795745260516014
24334.270066093991773 8.1599881497061232949
24334.388422404819721 8.1508980125452659138
24334.506824738917203 8.1418091819816389432
24334.625273609362921 8.1327216772408501555
24334.74376953213141 8.1236355178401300492
24334.862313026096672 8.114550723594003756
24334.980904613072198 8.1054673146198439326
24335.099544817840069 8.096385311340078772
24335.218234168132767 8.087304734487192448
24335.336973194651364 8.0782256051089902371
24335.455762431090989 8.0691479445723270914
24335.574602414133551 8.0600717745670547032
24335.693493683469569 8.0509971171101994969
24335.812436781790893 8.041923994550211674
24335.931432254790707 8.0328524295719176962
24336.050480651163525 8.0237824452019985699
24336.169582522608835 8.0147140648133223806
24336.288738423831091 8.0056473121298292739
24336.407948912532447 7.9965822112315629866
24336.527214549405471 7.9875187865597681025
24336.646535898144066 7.9784570629227289373
24336.765913525465294 7.9693970655015284876
24336.88534800112393 7.960338819854096748
24337.004839897908823 7.9512823519205504397
24337.124389791650174 7.9422276880286357681
24337.243998261215893 7.9331748548992395698
24337.363665888522519 7.9241238796516659804
24337.483393258557044 7.9150747898089583998
24337.603180959369638 7.9060276133036433421
24337.723029582088202 7.8969823784833828029
24337.842939720918366 7.8879391141168584412
24337.962911973147129 7.8788978493997321451
24338.082946939157409 7.8698586139606883094
24338.203045222424407 7.8608214378675551615
24338.323207429537433 7.8517863516335113516
24338.443434170214459 7.8427533862245217833
24338.563726057363965 7.8337225730662991552
24338.684083707128593 7.8246939440486746875
24338.804507738896064 7.8156675315321280095
24338.924998775313725 7.8066433683545009004
24339.045557442328573 7.7976214878389162877
24339.166184369238181 7.7886019237996819697
24339.286880188708892 7.7795847105485913531
24339.407645536808559 7.7705698829019524965
24339.52848105303201 7.7615574761877201837
24339.649387380326516 7.7525475262527283604
24339.770365165117255 7.7435400694700398105
24339.891415057340055 7.7345351427463979732
24340.012537710485049 7.7255327835298004402
24340.133733781614865 7.7165330298171825874
24340.255003931419196 7.7075359201622282157
24340.376348824240267 7.698541493683302761
24340.497769128123764 7.6895497900715135131
24340.619265514866129 7.6805608495989599049
24340.740838660072768 7.6715747131291696093
24340.862489243249001 7.6625914221259492365
24340.984217947861907 7.6536110186612527073
24341.106025461416721 7.6446335454247336116
24341.22791247556961 7.6356590457337514266
24341.349879686240456 7.6266875635395150468
24341.471927793689247 7.6177191434361590794
24341.594057502610667 7.608753830670683449
24341.716269522210496 7.5997916711521789068
24341.838564566289278 7.5908327114612710318
24341.960943353322364 7.5818769988596583786
24342.083406606550852 7.5729245812999064213
24342.205955054054357 7.5639755074357797326
24342.328589428849227 7.5550298266327775565
24342.451310468968586 7.5460875889788949777
24342.574118917560554 7.537148845295588373
24342.697015522986476 7.5282136471489815577
24342.820001038919145 7.5192820468612939777
24342.943076224441029 7.5103540975225300258
24343.066241844160686 7.5014298530024108302
24343.189498668321903 7.4925093679625742737
24343.312847472916474 7.4835926978690459066
24343.436289039804251 7.4746798990052436551
24343.559824156847753 7.4657710284858964656
24343.683453618054045 7.4568661442709887055
24343.807178223731171 7.4479653051802623409
24343.930998780659138 7.4390685709064303666
24344.054916102242714 7.4301760020284994823
24344.17893100864967 7.4212876600264339189
24344.303044326967211 7.4124036072961843047
24344.427256891336583 7.4035239071653657916
24344.551569543131336 7.3946486239104194382
24344.675983131124667 7.3857778227725869868
24344.800498511693149 7.3769115699761096394
24344.92511654903501 7.3680499327428750078
24345.049838115348393 7.3591929793092019096
24345.174664091009618 7.3503407789438313102
24345.29959536473325 7.3414934019664066511
24345.424632833754004 7.33265091976646044
24345.549777404015913 7.3238134048229195372
24345.675029990336043 7.3149809307241531187
24345.800391516600939 7.3061535721886823325
24345.925862915970356 7.2973314050881752379
24346.05144513108462 7.2885145064688874328
24346.177139114279271 7.2797029545744074142
24346.302945827792428 7.2708968288681452563
24346.428866243953962 7.262096210056880885
24346.554901345392864 7.2533011801152245113
24346.681052125219139 7.2445118223107858313
24346.807319587223901 7.235728221230061763
24346.933704746079457 7.2269504628050968975
24347.060208627557586 7.2181786343420091256
24347.186832268787839 7.2094128245475506134
24347.313576718464901 7.2006531235566129112
24347.440443037052319 7.1918996229621976468
24347.567432296957122 7.1831524158463198049
24347.694545582729916 7.1744115968115451665
24347.821783991246775 7.1656772620147624053
24347.949148631916614 7.1569495092014960846
24348.076640626873996 7.1482284377394540442
24348.204261111139203 7.139514148654172665
24348.332011232771038 7.1308067446657057431
24348.459892153030523 7.1221063302263809547
24348.587905046515516 7.1134130115596452271
24348.716051101298945 7.1047268967009040708
24348.844331519085245 7.0960480955409250825
24348.972747515352239 7.0873767198668495837
24349.101300319463917 7.0787128834057275739
24349.22999117479776 7.0700567018680153808
24349.35882133881023 7.0614082929936046185
24349.487792083131353 7.0527677766011658278
24349.616904693633842 7.0441352746354413128
24349.746160470454925 7.0355109112168694452
24349.875560728007258 7.0268948126929720033
24350.00510679499348 7.0182871076919948194
24350.134800014446228 7.0096879271767926767
24350.264641743695393 7.0010974044976217456
24350.394633354288089 6.9925156754488133615
24350.524776231857686 6.9839428783269461576
24350.655071776003751 6.9753791539919030029
24350.785521400128346 6.9668246459293596828
24350.91612653125776 6.9582795003129636058
24351.046888609816961 6.9497438660686956524
24351.17780908936038 6.9412178949393608107
24351.308889436255413 6.9327017415513596532
24351.440131129325891 6.9241955634835283817
24351.571535659491929 6.9156995213375838105
24351.703104529340635 6.907213778807484772
24351.834839252638631 6.8987385027516561209
24351.966741353797261 6.8902738632665760932
24352.09881236727233 6.8818200337613459894
24352.231053836927458 6.8733771910333478772
24352.363467315328307 6.8649455153453988743
24352.496054362978612 6.8565251905041240121
24352.628816547490715 6.8481164039393895848
24352.761755442701542 6.8397193467847055004
24352.894872627704899 6.8313342139585273571
24353.028169685829198 6.8229612042463534394
24353.161648203546065 6.8146005203846478082
24353.295309769328014 6.8062523691463443498
24353.429155972429726 6.7979169614239971509
24353.563188401552907 6.7895945123139078703
24353.697408643431118 6.781285241200461833
24353.831818281323649 6.7729893718405325131
24353.966418893425725 6.7647071324477163756
24354.10121205118412 6.7564387557762044523
24354.236199317514547 6.7481844792040908132
24354.371382244939014 6.739944544815889671
24354.506762373606762 6.7317191994840257507
24354.642341229231533 6.7235086949490376895
24354.778120320919697 6.7153132878990042798
24354.91410113897291 6.7071332400492451598
24355.050285152567085 6.6989688182141122752
24355.186673807264015 6.6908202943787831174
24355.323268522432045 6.6826879457686629848
24355.460070688524866 6.6745720549155675982
24355.597081664276629 6.6664729097203059283
24355.734302773784293 6.6583908035112511214
24355.871735303462629 6.6503260350984545468
24356.009380498948303 6.6422789088233749055
24356.147239561923925 6.6342497346011573001
24356.285313646803843 6.6262388279565191951
24356.423603857270791 6.6182465100552745341
24356.562111242732499 6.6102731077289220707
24356.700836794661882 6.602318953491735698
24356.839781442846288 6.594384385549773242
24356.978946051553066 6.5864697478012006471
24357.118331415596913 6.578575389827343578
24357.257938256345369 6.5707016668737985299
24357.397767217626097 6.5628489398209710615
24357.537818861597771 6.5550175751433972238
24357.678093664544576 6.5472079448567850335
24357.818592012652516 6.5394204264517918901
24357.959314197763888 6.5316554028156499356
24358.100260413113574 6.5239132621391968669
24358.241430749018036 6.5161943978089711393
24358.382825188575225 6.5084992082858903473
24358.524443603360851 6.5008280969667975313
24358.666285749135568 6.4931814720295912835
24358.808351261595817 6.4855597462612459836
24358.950639652193786 6.4779633368680240579
24359.09315030401558 6.4703926652673056097
24359.235882467757619 6.4628481568604749796
24359.378835257844912 6.4553302407861812284
24359.522007648658473 6.447839349653507135
24359.665398470941 6.4403759192546790047
24359.809006408388086 6.4329403882578528595
24359.952829994443164 6.425533197879897962
24360.0968676093471 6.4181547915376668811
24360.241117477449734 6.4108056144809779653
24360.385577664768789 6.4034861133992713178
24360.530246076796175 6.3961967360099318824
24360.675120456598961 6.3889379306260982716
24360.820198383280513 6.3817101457041340851
24360.965477270790871 6.3745138293714456168
24361.110954367133672 6.3673494289359631182
24361.256626753976889 6.3602173903756691331
24361.402491346689203 6.3531181578104325425
24361.548544894820225 6.3460521729570755767
24361.694783983046364 6.3390198745687413862
24361.841205032604194 6.3320216978598020674
24361.987804303214944 6.3250580739177015843
24362.134577895558323 6.3181294291032532584
24362.281521754295682 6.3112361844397550925
24362.428631671587937 6.3043787549940830672
24362.575903291148279 6.2975575492528541588
24362.723332112815115 6.2907729684944877491
24362.870913497696165 6.2840254061614579939
24363.018642673861905 6.2773152472311783967
24363.166514742562867 6.2706428675884851032
24363.31452468495263 6.2640086334034634774
24363.462667369352857 6.2574129005168597217
24363.610937559002195 6.250856013835326408
24363.759329920303571 6.2443383067389826024
24363.907839031544427 6.2378601005043288197
24364.056459392126271 6.2314217037438615066
24364.205185432194412 6.2250234118636083025
24364.354011522598739 6.2186655065452756119
24364.502931985207397 6.2123482552525857159
24364.651941103540594 6.2060719107653810056
24364.801033133710007 6.1998367107431180401
24364.9502023155801 6.1936428773195002506
24365.09944288412953 6.1874906167313277194
24365.248749080965354 6.1813801189832711103
24365.398115165971831 6.1753115575505592716
24365.54753542904291 6.1692850891174932926
24365.697004201811069 6.1633008533561772779
24365.846515869350696 6.1573589727458317711
24365.996064881845086 6.1514595524339990007
24366.145645766126108 6.1456026801390706282
24366.295253137097461 6.1397884260947854784
24366.444881708957837 6.1340168430361190488
24366.594526306223997 6.1282879662275195898
24366.744181874473725 6.1226018135338389214
24366.893843490837753 6.1169583855360682989
24367.043505226600246 6.1113577084755661417
24367.193161330535077 6.1057997894039530706
24367.342807418106531 6.1002845731517210126
24367.492439279401879 6.0948119880640776458
24367.642052887400496 6.0893819463210263621
24367.791644405795523 6.0839943442912662874
24367.941210196360771 6.0786490629180711665
24368.090746825815586 6.0733459681352073289
24368.240251072227693 6.0680849113108559223
24368.389719930917636 6.062865729717421992
24368.539150619879365 6.0576882470250650314
24368.688540584720613 6.0525522738167509829
24368.837887503148522 6.0474576081234614477
24368.987189288964146 6.0424040359761717056
24369.136444095605839 6.0373913319720609039
24369.285650319281558 6.0324192598541133137
24369.434806601628225 6.0274875731008563662
24369.583911831974547 6.022596015523985713
24369.732965149210941 6.0177443218722590501
24369.881965943288378 6.0129322184396762907
24370.030913856375264 6.0081594236761315386
24370.179808783734188 6.0034256488004631436
24370.328650874289451 5.9987305984113952206
24370.477440530878084 5.9940739710949921815
24370.626178410268039 5.9894554600278864243
24370.774865422961739 5.9848747535748962889
24370.923502732799534 5.9803315358797561885
24371.072091756395821 5.9758254874476035567
24371.220634162476927 5.9713562857185484845
24371.369131871120771 5.9669236056323438078
24371.517587052992894 5.9625271201849967539
24371.666002128407854 5.9581665009706599179
24371.81437976635425 5.9538414187109687248
24371.962722883497918 5.9495515437717783058
24372.111034643217863 5.9452965466669240868
24372.259318454685854 5.9410760985487192087
24372.407577972015133 5.9368898716850173614
24372.555817093518272 5.9327375399227397779
24372.704039961066883 5.9286187791377846779
24372.85225095966598 5.924533267670374137
24373.000454717162938 5.9204806867480037624
24373.14865610409106 5.9164607208957384898
24373.296859151225362 5.9124730873421675881
24373.445067613476567 5.9085175202501964975
24373.593286968734901 5.9045937178571437087
24373.741522938540584 5.9007013831461403441
24373.889781489029701 5.8968402242007291747
24374.038068832163844 5.8930099545484457835
24374.186391427268973 5.889210293495089843
24374.334755982930801 5.8854409664482059128
24374.4831694592649 5.881701705232104338
24374.631639070546953 5.8779922483964908153
24374.780172288221365 5.8743123415186238034
24374.92877684432824 5.8706617374993967928
24375.077460735366913 5.8670401968542096327
24375.226232226646971 5.8634474879995579499
24375.375099857097666 5.8598833875362750234
24375.52407244459755 5.8563476805304279793
24375.673159091853449 5.8528401607928932648
24375.822369192810584 5.8493606311586834323
24375.971712439670227 5.8459089037671434497
24376.121198830503999 5.8424848003441685051
24376.270838677526626 5.8390881524876583342
24376.420642616034456 5.835718801957471058
24376.57062161403519 5.832376600971188374
24376.720786982645222 5.8290614125070749907
24376.87115038724005 5.8257731106156080969
24377.021723859503254 5.8225115807399205892
24377.17251981033769 5.8192767200475836731
24377.323551043627958 5.8160684377771820763
24377.47483077092329 5.8128866556006144606
24377.626372627128148 5.8097313080025427823
24377.778190687229653 5.8066023426790263073
24377.930299484225543 5.8034997209577952049
24378.082714028223563 5.800423418240736595
24378.235449826737749 5.7973734244733474696
24378.388522906308935 5.7943497446435348053
24378.54194983551497 5.7913523993108393384
24378.695747749388829 5.788381425170701533
24378.849934375390148 5.78543687565692899
24379.004528061010205 5.7825188215858558394
24379.159547803094028 5.7796273518459200247
24379.315013279039704 5.7767625741368497927
24379.470944879900344 5.7739246157628789646
24379.627363745588809 5.7711136244856966471
24379.784291802228836 5.7683297694428876667
24379.941751801845385 5.7655732421356260531
24380.099767364510626 5.7628442574934428677
24380.258363023116544 5.7601430550226861982
24380.417564270865114 5.7574699000469733434
24380.577397611621564 5.7548250850485862529
24380.737890613367199 5.7522089311191697547
24380.899071964904579 5.7496217895303205481
24381.060971535935096 5.7470640434375379613
24381.2236204406654 5.7445361097272931161
24381.387051105113642 5.7420384410216440685
24381.551297338301083 5.7395715278556487249
24381.716394407485495 5.7371359010441507209
24381.882379117538221 5.7347321342559611779
24382.049289894632238 5.7323608468146876049
24382.217166874270333 5.7300227067502733647
24382.38605199371159 5.7277184341294340442
24382.555989088781644 5.7254488046835154691
24382.727023994892079 5.7232146537659760455
24382.899204652083426 5.7210168806730523627
24383.072581213655212 5.7188564533580121818
24383.247206157779146 5.7167344135804487593
24383.423134401422431 5.7146518825300125499
24383.600423415540718 5.7126100669677937205
24383.7791333401874 5.7106102659294748491
24383.959327097683854 5.7086538780412112715
24384.141070501358627 5.7067424094990881756
24384.32443235667597 5.7048774827668875531
24384.509484550668276 5.7030608460361342793
24384.696302124593785 5.7012943834973013324
24384.884963323464035 5.6995801264641201556
24385.0755496143247 5.6979202653822271785
24385.268145663227187 5.696317162738336215
24385.462839258339955 5.6947733668619475722
24385.659721163836366 5.6932916265746911222
24385.858884885634325 5.6918749066052036767
24386.060426325915614 5.6905264036160936314
24386.264443298750848 5.6892495626025860744
24386.47103487374261 5.6880480933090238338
24386.680300508724031 5.6869259861602241557
24386.892338926350931 5.6858875270138051761
24387.107246683382982 5.6849373098018816108
24387.325116376101505 5.6840802458284924725
24387.546034421873628 5.6833215681430884203
24387.770078357105376 5.6826668290046029597
24387.997313597508764 5.6821218880064696677
24388.227789621072588 5.6816928879836767763
24388.461535560694756 5.6813862154244931801
24388.69855523604565 5.6812084418514112727
24388.938821716652456 5.6811662426455749042
24389.182271592402685 5.6812662902315143043
24389.42879923270084 5.6815151196030990732
24389.678251434579579 5.6819189660356785865
24389.930422978504794 5.6824835776012223576
24390.185053704506572 5.6832140087347911006
24390.441827758644649 5.6841144052949070797
24390.700375605782028 5.685187795707697056
24390.960279232484027 5.6864359059857321199
24391.221080667019123 5.6878590176125767286
24391.482293550154282 5.6894558856278116821
24391.743188591812213 5.6912221076157205601
24392.003250200683397 5.6931528670533735337
24392.262009951751679 5.6952422490785137299
24392.519036532783502 5.697483329922044426
24392.773945443554112 5.6998684263222267887
24393.02640536445324 5.7023893521928084027
24393.276141181970161 5.7050376633048287545
24393.52293400967028 5.7078048754370431794
24393.766618771212961 5.7106826470178670974
24394.007080010964273 5.7136629225846915503
24394.244246588561509 5.7167380376712406687
24394.478085831950011 5.7199007886883039831
24394.708597603523231 5.7231444730192828629
24394.935808607584477 5.7264629051513926683
24395.159767151151755 5.7298504145178403846
24395.380538474510104 5.7333018301287479446
24395.598200695872947 5.7368124562574722702
24395.812841364579072 5.7403780426020274419
24396.024554585477745 5.743994751539510446
24396.233438659339299 5.7476591243983881085
24396.439594176492392 5.7513680481041369319
24396.643122499881429 5.755118723105154821
24396.844124576979084 5.7589086331448324785
24397.042700025387603 5.762735517194914614
24397.23894644363827 5.766597343685219812
24397.432958905119449 5.7704922870375137123
24397.62482959908084 5.7744187064439707058
24397.814647589289962 5.7783751267671901175
24398.002498665620806 5.7823602214093998697
24398.188465268354776 5.7863727969911034066
24398.372626468801172 5.7904117796750611546
24398.555057992965885 5.7944762029753649202
24398.735832277678128 5.798565196899583718
24398.91501855021852 5.8026779782818502795
24399.092682924932888 5.806813842177168894
24399.268888511513069 5.8109721541989927118
24399.443695530728291 5.8151523436938497014
24399.61716143438025 5.8193538976579208821
24399.789341026957118 5.8235763553108101931
24399.960286587087467 5.8278193032512373151
24400.130047987327998 5.832082371127966347
24400.298672811266442 5.8363652277670041713
24400.466206467124721 5.8406675777029990471
24400.632692297444009 5.8449891580695592097
24400.798171684436966 5.8493297358079452408
24400.962684150730638 5.8536891051570831834
24401.126267455434572 5.8580670853936922526
24401.288957685548667 5.8624635187954901028
24401.450789342790813 5.8668782688040765905
24401.611795425869786 5.8713112183623721307
24401.77200750835982 5.8757622684093542276
24401.931455812373315 5.8802313365162426351
24402.090169278209942 5.8847183556479603084
24402.248175630091282 5.8892232730362383819
24402.405501438173815 5.8937460491532949192
24402.562172177047614 5.8982866567756362386
24402.718212280899024 5.9028450801286949101
24402.873645195533754 5.9074213141040718966
24403.028493427427748 5.9120153635420260585
24403.18277858995134 5.9166272425727228779
24403.336521447003179 5.9212569740101423932
24403.489741954297642 5.9259045887912149553
24403.642459298196627 5.9305701254587228632
24403.794691932267597 5.9352536296850768593
24403.946457611753431 5.9399551538311774479
24404.097773426117783 5.9446747565369859601
24404.248655829749623 5.9494125023408015451
24404.399120670950651 5.9541684613245307034
24404.549183219314727 5.9589427087825139751
24404.698858191579347 5.9637353249117257548
24404.848159776065586 5.9685463945213612647
24404.997101655779261 5.9733760067600369936
24405.145697030297015 5.9782242548582233965
24405.293958636480966 5.9830912358851842114
24405.441898768025567 5.9879770505192997376
24405.589529293967644 5.9928818028307295762
24405.736861676214176 5.9978056000755914923
24405.883906986124202 6.002748552500156265
24406.030675920253998 6.0077107731541756763
24406.177178815261868 6.0126923777125611537
24406.32342566205989 6.0176934843046829826
24406.469426119230775 6.0227142133506532673
24406.615189525771711 6.0277546874040046632
24406.760724913201557 6.0328150310002319756
24406.906041017053212 6.0378953705107250016
24407.051146287802112 6.042995834001657407
24407.19604890131086 6.0481165510988139644
24407.340756768800929 6.0532576528570851693
24407.485277546278667 6.0584192716316271898
24407.629618643495633 6.063601540953166058
24407.773787232486939 6.0688045954066831555
24407.917790255713044 6.0740285705132563976
24408.061634433812287 6.0792736026148626038
24408.205326273026003 6.0845398287621366151
24408.348872072278027 6.0898273866063963311
24408.492277929944976 6.0951364142928010637
24408.635549750335485 6.1004670503565217032
24408.778693249896605 6.105819433621094916
24408.921713963107322 6.1111937030979976981
24409.064617248131981 6.1165899978884636923
24409.207408292251785 6.1220084570880946018
24409.35009211704164 6.1274492196927727861
24409.492673583346914 6.1329124245063670884
24409.635157396034629 6.1383982100503642343
24409.777548108573683 6.1439067144753929384
24409.919850127414975 6.1494380754746362783
24410.062067716218735 6.1549924301991030262
24410.204204999885405 6.1605699151747614906
24410.346265968470107 6.166170666221612251
24410.488254480977048 6.1717948183760436009
24410.630174269012059 6.1774425058131052779
24410.772028940296877 6.1831138617706056237
24410.913821982063382 6.1888090184759025902
24411.05555676426593 6.1945281070736175622
24411.19723654268455 6.2002712575560883224
24411.338864461915364 6.2060385986957111726
24411.480443558266415 6.2118302579801740748
24411.62197676256983 6.2176463615506794014
24411.763466902863001 6.2234870341400032601
24411.904916706964286 6.2293523990123773615
24412.046328804957739 6.2352425779052591537
24412.187705731594178 6.241157690972820582
24412.329049928623135 6.2470978567304200624
24412.470363747052033 6.2530631920016181979
24412.611649449328979 6.259053811866960082
24412.752909211398219 6.265069829615055319
24412.894145124697388 6.2711113566954468368
24413.03535919805654 6.2771785026732045409
24413.176553359531681 6.2832713751852056205
24413.317729458169197 6.2893900798980562072
24413.45888926569387 6.295534720467588663
24413.600034478120506 6.3017053984998856464
24413.741166717296437 6.3079022135137536864
24413.882287532382179 6.3141252629045805378
24414.023398401259328 6.3203746419094946063
24414.164500731858425 6.32665044357374029
24414.305595863439521 6.3329527587182150583
24414.446685067850922 6.3392816759101533464
24414.587769550780649 6.3456372814324613074
24414.728850452895131 6.3520196592531972257
24414.869928850923316 6.3584288909960839931
24415.011005758678948 6.3648650559136861204
24415.152082127940957 6.3713282308597518622
24415.293158849253814 6.3778184902618431096
24415.434236396940832 6.3843358896256550139
24415.575315514397516 6.3908804969909880356
24415.716396942290885 6.3974523805040410807
24415.857481362374529 6.4040516057854492971
24415.998569398019754 6.4106782359041050157
24416.139661614703073 6.4173323313507610877
24416.280758520479139 6.4240139500126867134
24416.421860566388204 6.4307231471486776542
24416.562968146761705 6.437459975360782849
24416.70408159944418 6.4442244845644340856
24416.845201206000638 6.4510167219568019803
24416.986327191847522 6.4578367319855827233
24417.127459726329107 6.4646845563161425829
24417.268598922757519 6.4715602337980806524
24417.409744838423649 6.4784638004309433867
24417.550897474535304 6.4853952893275277347
24417.692056776111713 6.4923547306748439212
24417.833222631837998 6.4993421516926703774
24417.97439487389056 6.5063575765908892024
24418.115573277718795 6.51340102652537567
24418.256757561790437 6.5204725195516601843
24418.397947387311433 6.5275720705766584473
24418.539142357913079 6.5346996913084405278
24418.68034201932096 6.5418553902040486037
24418.821545859016624 6.5490391724153660391
24418.962753305866499 6.5562510397330715506
24419.103963729765383 6.5634909905287193155
24419.245176441254443 6.5707590196950054207
24419.386390691150154 6.5780551185842961459
24419.527605514485913 6.5853792668551065503
24419.668819744932989 6.5927314330191784109
24419.810032421795768 6.6001115955602367436
24419.951242523289693 6.6075197291277296685
24420.092448966268421 6.6149558044689502623
24420.233650605972798 6.6224197883607471837
24420.374846235870791 6.6299116435413312232
24420.516034587511967 6.6374313286413508806
24420.657214330396528 6.6449787981145886917
24420.798384071924374 6.6525540021687934455
24420.939542357373284 6.660156886696753098
24421.080687669957115 6.667787393208052471
24421.221818430967687 6.6754454587610911886
24421.362932999974873 6.6831310158971852786
24421.504029675139464 6.6908439925774381152
24421.645106693602429 6.6985843121209551754
24421.786162231965136 6.706351893143728482
24421.927194406842318 6.7141466495010648785
24422.068201275495085 6.7219684902331744425
24422.209180836565793 6.7298173195140487124
24422.350131030925695 6.7376930366039822218
24422.491049742617179 6.7455955358060766258
24422.631934799916053 6.7535247064270826911
24422.772783976495703 6.7614804327429158803
24422.913594992707658 6.7694625939691768224
24423.054365516982216 6.7774710642370097347
24423.195093167341838 6.7855057125746149893
24423.335775513034605 6.793566402894708034
24423.476410076294997 6.8016529939883811906
24423.616994334268384 6.8097653395262671694
24423.757525721008278 6.8179032880657670646
24423.898001629557257 6.826066683065061369
24424.03841941416249 6.8342553629043285568
24424.178776392578584 6.8424691609143604154
24424.319069848494109 6.8507079054127402173
24424.45929703407819 6.8589714197480295965
24424.599455172661692 6.8672595223520600527
24424.739541461443878 6.8755720267994995254
24424.879553074300929 6.8839087418753148739
24425.019487164674501 6.8922694716501728962
24425.159340868533036 6.9006540155637487999
24425.299111307416752 6.909062168515896829
24425.438795591566304 6.9174937209647504588
24425.578390823116933 6.9259484590328002085
24425.717894099358091 6.9344261646209330863
24425.857302516109485 6.9429266155297444385
24425.996613171006175 6.9514495855877651564
24426.13582316684915 6.9599948447863688727
24426.274929614937719 6.9685621594221318631
24426.41392963846738 6.9771512922452227912
24426.552820375916781 6.9857620026138951275
24426.691598984383745 6.9943940466551799418
24426.83026264289947 7.0030471774310401045
24426.968808555724536 7.0117211451084919815
24427.107233955601259 7.0204156971340818671
24427.245536106951477 7.0291305784127695588
24427.383712309019757 7.0378655314903522111
24427.521759898958408 7.0466202967389737211
24427.659676254825172 7.0553946125452418059
24427.797458798529988 7.0641882155005184529
24427.935104998694442 7.0730008405927859982
24428.072612373442098 7.0818322213990976266
24428.209978493039671 7.0906820902793707972
24428.3472009824618 7.0995501785702241904
24428.484277523835772 7.1084362167779202579
24428.621205858762551 7.1173399347712669183
24428.757983790521394 7.1262610619734125805
24428.894609186136222 7.1351993275519953741
24429.031079978321941 7.1441544606072024948
24429.167394167303428 7.1531261903573257754
24429.303549822474452 7.1621142463214164664
24429.439545084005658 7.1711183584986448736
24429.575378164267022 7.1801382575440406697
24429.711047349104774 7.1891736749402648243
24429.846550998943712 7.1982243431650765331
24429.981887549769453 7.207289995854206488
24430.117055513957894 7.2163703679593522722
24430.252053480970062 7.225465195901064952
24430.386880117908731 7.2345742177162906117
24430.521534169940423 7.2436971732003865299
24430.656014460575534 7.2528338040434396916
24430.790319891821127 7.2619838539607464156
24430.924449444213678 7.2711470688174406618
24431.058402176720847 7.2803231967469477226
24431.192177226515923 7.2895119882631131958
24431.325773808675876 7.2987131963656226574
24431.459191215730243 7.3079265766396055426
24431.592428817108157 7.3171518873492980006
24431.725486058534443 7.3263888895257389677
24431.85836246126928 7.335637347048136192
24431.991057621246 7.3448970267190238914
24432.123571208114299 7.3541676983333532647
24432.255902964192501 7.3634491347415940155
24432.388052703354333 7.3727411119069481416
24432.52002030983931 7.3820434089565161173
24432.651805737004906 7.39135580822642968
24432.783409006013244 7.4006780953021236158
24432.914830204430473 7.410010059053268705
24433.04606948478613 7.4193514916634875078
24433.177127063088847 7.4287021886550146377
24433.308003217280202 7.4380619489084676133
24433.438698285670398 7.4474305746779076998
24433.569212665326631 7.4568078716013674878
24433.699546810428728 7.4661936487070308388
24433.829701230628416 7.4755877184152792481
24433.95967648941587 7.4849898965368826254
24434.089473202409863 7.4944000022672492278
24434.219092035673384 7.5038178581767214226
24434.348533703981957 7.5132432901977130868
24434.47779896915381 7.5226761276084666008
24434.606888638343662 7.5321162030139321431
24434.735803562314686 7.5415633523239327118
24434.86454463372138 7.5510174147286486246
24434.993112785381527 7.5604782326716089003
24435.121508988588175 7.5699456518203431798
24435.2497342514107 7.5794195210348744851
24435.377789617017697 7.5888996923342180168
24435.505676162036252 7.5983860208610476406
24435.6333949949003 7.6078783648446739463
24435.760947254246275 7.6173765855624964161
24435.888334107323317 7.6268805473000611528
24436.015556748436211 7.6363901173098769348
24436.14261639740289 7.6459051657691121662
24436.269514298051945 7.6554255657363095011
24436.39625171674561 7.6649511931072318305
24436.522829940931842 7.6744819265699657507
24436.64925027773279 7.6840176475593846561
24436.775514052569633 7.6935582402110771483
24436.901622607805621 7.7031035913147460903
24437.027577301443671 7.7126535902673527545
24437.153379505845805 7.7222081290260433661
24437.279030606481683 7.7317671020609326504
24437.404532000735344 7.7413304063079904083
24437.529885096730141 7.7508979411217655553
24437.655091312186414 7.7604696082281270364
24437.780152073337376 7.7700453116769656603
24437.905068813870457 7.7796249577950984389
24438.029842973901395 7.7892084551395734948
24438.154475998959242 7.7987957144512769503
24438.27896933903321 7.8083866486088817638
24438.403324447626801 7.8179811725831793723
24438.527542780870135 7.8275792033918403234
24438.651625796639564 7.8371806600546429777
24438.775574953742762 7.8467854635491880444
24438.899391711103817 7.8563935367671522414
24439.023077526999259 7.8660048044710926263
24439.146633858319547 7.8756191932518353482
24439.270062159863301 7.885236631486345793
24439.39336388369702 7.8948570492961920309
24439.51654047854754 7.9044803785075572478
24439.639593389219954 7.9141065526113054673
24439.762524056070106 7.9237355067236370232
24439.885333914480725 7.9333671775477494492
24440.008024394323002 7.9430015033357639354
24440.130596919476375 7.9526384238515106517
24440.253052907359233 7.9622778803339286924
24440.375393768463255 7.9719198154610513285
24440.497620905927761 7.981564173314565025
24440.619735715237766 7.9912108993446322458
24440.741739583849267 8.0008599403359674795
24440.863633890814526 8.0105112443746389062
24440.985420006432832 8.0201647608155717251
24441.107099291926716 8.029820440250732716
24441.228673099125444 8.039478234478012908
24441.350142770181264 8.0491380964708092449
24441.471509637311101 8.0587999803486649597
24441.592775022556452 8.0684638413483291686
24441.713940237572388 8.0781296357955323373
24441.835006583412905 8.0877973210773745905
24441.955975350345398 8.0974668556151616627
24442.076847817639646 8.1071381988378856676
24442.197625253415026 8.1168113111563275908
24442.31830891446225 8.1264861539377850619
24442.438900046108756 8.136162689481405863
24442.55939988209866 8.1458408809940383577
24442.679809644530906 8.1555206925662417916
24442.800130543764681 8.1652020891492949062
24442.920363778372121 8.1748850365334657653
24443.040510535061912 8.1845695013266208662
24443.160571988610172 8.1942554509329443846
24443.280549301856809 8.2039428535321246017
24443.400443625658227 8.2136316780591407394
24443.520256098847312 8.2233218941845933614
24443.639987848197052 8.2330134722955428117
24443.759639988409617 8.2427063834770333273
24443.879213622127281 8.2524005994942992714
24443.998709839921503 8.26209609277505308
24444.118129720292927 8.2717928363922226254
24444.237474329671386 8.2814908040471397754
24444.356744722437725 8.2911899700531623836
24444.475941940982011 8.3008903093199890577
24444.595067015776294 8.3105917973383292008
24444.714120965414622 8.3202944101646281183
24444.833104796711268 8.3299981244056855445
24444.952019504740747 8.339702917204222743
24445.07086607288511 8.3494087662249967252
24445.189645472892153 8.3591156496415308652
24445.308358664959087 8.368823546123300261
24445.427006597790751 8.3785324348227128155
24445.545590208665089 8.3882422953625734863
24445.664110423502279 8.3979531078239073594
24445.782568156926573 8.4076648527341042438
24445.900964312342694 8.417377511055386563
24446.019299782004964 8.4270910641735810032
24446.137575447097333 8.4368054938871903659
24446.255792177820695 8.4465207823965489098
24446.373950833494746 8.4562369122931873022
24446.492052262645302 8.4659538665497624521
24446.610097303084331 8.4756716285102626784
24446.728086782044556 8.4853901818806729551
24446.846021516310429 8.4951095107199101619
24446.963902312305436 8.5048295994307903101
24447.081729966190323 8.5145504327512480103
24447.199505263954052 8.5242719957455630464
24447.317228981522931 8.5339942737958640606
24447.434901884844294 8.5437172525940283663
24447.552524729992001 8.5534409181338055816
24447.670098263250111 8.563165256703141992
24447.78762322122202 8.5728902548767216274
24447.905100330917776 8.5826158995086991865
24448.022530309863214 8.5923421777256354659
24448.139913866183633 8.6020690769196139769
24448.257251698712935 8.6117965847415440805
24448.374544497095485 8.6215246890948087355
24448.491792941909807 8.6312533781294096258
24448.608997704770445 8.6409826402358174136
24448.726159448426188 8.6507124640389552184
24448.843278826851019 8.660442838392338416
24448.960356485364173 8.670173752372361875
24449.077393060761096 8.6799051952727346304
24449.194389181400766 8.6896371565990779828
24449.311345467300271 8.6993696260636674822
24449.428262530240318 8.709102593580322349
24449.545140973859816 8.7188360492594458862
24449.661981393812312 8.7285699834035739286
24449.778784377853299 8.7383043865027154595
24449.895550505938445 8.7480392492297500695
24450.012280350303627 8.757774562435939103
24450.128974475566793 8.7675103171465575969
24450.245633438811637 8.777246504556647011
24450.362257789674914 8.7869831160268745407
24450.478848070433742 8.7967201430794990102
24450.595404816092923 8.8064575773944433479
24450.711928554472252 8.8161954108054683132
24450.828419806286547 8.8259336352964634642
24450.944879085269349 8.8356722429982337275
24451.061306898249313 8.8454112261851314258
24451.177703745237523 8.8551505772716065934
24451.294070119551179 8.8648902888087075524
24451.410406507937296 8.8746303534805228708
24451.526713390656369 8.8843707641009750375
24451.642991241558775 8.8941115136106958516
24451.759240528172086 8.9038525950741416182
24451.875461711777461 8.9135940016769232841
24451.991655247558811 8.9233357267229145293
24452.107821584704652 8.9330777636313474233
24452.223961166531808 8.9428201059337872891
24452.340074430569075 8.9525627472714415234
24452.456161808615434 8.9623056813925643382
24452.57222372686374 8.9720489021502114468
24452.688260606002586 8.981792403499939681
24452.80427286127815 8.9915361794973964749
24452.920260902592418 9.0012802242956464482
24453.036225134601409 9.0110245321423665388
24453.152165956791578 9.0207690973777587828
24453.268083763574396 9.0305139144326300737
24453.383978944344562 9.0402589778262640863
24453.499851883541851 9.0500042821643376101
24453.61570296071659 9.0597498221368919502
24453.73153255059151 9.069495592516162219
24453.847341023149056 9.0792415881544688006
24453.963128743671405 9.088987803982321978
24454.078896072809584 9.0987342350065851804
24454.194643366652599 9.1084808763087270478
24454.310370976836566 9.1182277230436934445
24454.426079250639305 9.1279747704386178242
24454.541768531038542 9.1377220137913557352
24454.657439156806504 9.147469448468942943
24454.773091462553566 9.1572170699059984855
24454.888725778782828 9.1669648736031525971
24455.004342431944679 9.1767128551254124602
24455.11994174452775 9.18646101010034144
24455.235524035153503 9.1962093342169701771
24455.351089618638071 9.205957823224412806
24455.466638806032279 9.215706472930488502
24455.582171904679853 9.2254552792004069772
24455.697689218271989 9.2352042379554575291
24455.813191046891006 9.2449533451717034183
24455.928677687043091 9.2547025968787153261
24456.044149431712867 9.2644519891583314575
24456.159606570399774 9.2742015181434407367
24456.275049389161723 9.2839511800168015299
24456.390478170651477 9.2937009710098816839
24456.50589319415667 9.3034508874017181057
24456.62129473564346 9.3132009255178029861
24456.73668306779291 9.3229510817289948932
24456.852058460030094 9.3327013524504494058
24456.967421178575023 9.3424517341405781679
24457.08277148646448 9.3522022233000221547
24457.198109643617499 9.3619528164706249385
24457.313435906897212 9.3717035102344077302
24457.428750530143589 9.3814543012125692911
24457.544053764275304 9.3912051860641803103
24457.659345857366134 9.4009561614853129896
24457.774627054699522 9.410707224208199051
24457.889897598790412 9.4204583710003628738
24458.005157729454368 9.4302095986641454317
24458.120407683836675 9.4399609040360008549
24458.235647696441447 9.4497122839856650955
24458.350877999164368 9.4594637354153405795
24458.466098821318155 9.4692152552588968462
24458.581310389658029 9.4789668404810818458
24458.696512928410812 9.488718488076761659
24458.811706659336778 9.4984701950701921902
24458.926891801766033 9.5082219585142926377
24459.042068572616699 9.517973775489849686
24459.157237186434941 9.5277256431047394614
24459.272397855409508 9.5374775584931850148
24459.387550789411762 9.5472295188147935363
24459.502696196013858 9.5569815212538333782
24459.617834280514217 9.5667335630185661444
24459.732965245959349 9.5764856413405858859
24459.848089293169323 9.5862377534741423091
24459.963206620792334 9.5959898966953218746
24460.078317425326532 9.6057420683014065332
24460.193421901138208 9.6154942656102662113
24460.308520240483631 9.6252464859597601787
24460.423612633581797 9.6349987267069696628
24460.538699268665368 9.6447509852274855291
24460.65378033201705 9.6545032589147314894
24460.768856007995055 9.6642555451792180321
24460.883926479062211 9.6740078414479935276
24460.998991925785958 9.6837601451641113215
24461.114052526867454 9.6935124537861110383
24461.229108459145209 9.703264764787503438
24461.344159897606005 9.7130170756562783652
24461.459207015403081 9.7227693838944109217
24461.574249983859772 9.7325216870173818506
24461.689288972487702 9.7422739825537014724
24461.804324148983142 9.7520262680444531611
24461.919355679252476 9.7617785410428332682
24462.034383727412205 9.7715307991136999277
24462.14940845581441 9.7812830398328003412
24462.264430025061301 9.7910352607861774743
24462.379448594041605 9.8007874595695092523
24462.494464319988765 9.8105396337872594614
24462.6094773585246 9.8202917810528731479
24462.724487863673858 9.8300438989885989827
24462.839495987893315 9.8397959852246312806
24462.954501882089971 9.8495480373984758415
24463.069505695639236 9.8593000531545840204
24463.184507576384931 9.8690520301438073858
24463.299507670653838 9.8788039660229713945
24463.414506123252067 9.8885558584545361072
24463.529503077472327 9.8983077051062817731
24463.64449867509029 9.9080595036509890861
24463.759493056368228 9.9178112517661389802
24463.874486360055016 9.9275629471335733456
24463.989478723462526 9.9373145874389141596
24464.104470282556576 9.9470661703710483437
24464.219461171953299 9.9568176936218542039
24464.334451524919132 9.966569154885965176
24464.449441473454499 9.9763205518606330457
24464.564431148279255 9.986071882245525444
24464.679420678901806 9.9958231437431308564
24464.794410193637304 10.005574334058842112
24464.909399764008413 10.015325446187150149
24465.024389508555032 10.025076477214188486
24465.139379552572791 10.034827424904451121
24465.254370020134957 10.044578287024826579
24465.369361034088797 10.054329061344423835
24465.48435271605922 10.064079745634177954
24465.599345186437859 10.073830337666782597
24465.714338564397622 10.083580835217208715
24465.829332967874507 10.093331236062574874
24465.944328513574874 10.103081537981758231
24466.059325316971808 10.112831738755744482
24466.174323492290569 10.122581836167720226
24466.289323152504949 10.132331828002987706
24466.40432440933364 10.14208171204888842
24466.519327373225678 10.151831486094303969
24466.634332153385913 10.161581147928387736
24466.749338857836847 10.171330695338383521
24466.864347593465936 10.181080126110789053
24466.979358466051053 10.190829438033036425
24467.094371580256848 10.200578628893714139
24467.209387039638386 10.210327696481687809
24467.324404946666618 10.220076638586933271
24467.439425402721099 10.229825453001360813
24467.5544485080718 10.239574137518880903
24467.669474361882749 10.249322689935127073
24467.784503062201111 10.259071108046875054
24467.89953470598266 10.26881938965171237
24468.014569389102689 10.278567532549816477
24468.129607206341461 10.288315534544198115
24468.244648251380568 10.298063393440106239
24468.359692616810207 10.307811107043809429
24468.474740394154651 10.317558673162610106
24468.589791673897707 10.3273060896042157
24468.704846545519104 10.337053354176349629
24468.819905097512674 10.346800464687468946
24468.934967417426378 10.356547418945073247
24469.050033591880492 10.366294214757559189
24469.165103706585796 10.376040849935270316
24469.280177846325387 10.385787322290065404
24469.395256094961951 10.395533629636030781
24469.51033853543413 10.40527976978978586
24469.62542524973469 10.415025740570714063
24469.740516318906884 10.42477153980119553
24469.855611823037179 10.434517165306859354
24469.970711841247976 10.444262614916839382
24470.085816451683058 10.454007886464028232
24470.200925731503958 10.46375297778535618
24470.316039756879036 10.473497886722061168
24470.431158602979849 10.483242611119681698
24470.546282343992061 10.492987148827575439
24470.661411053108168 10.50273149769985892
24470.776544802531134 10.5124756555954324
24470.891683663488948 10.522219620377592619
24471.006827706238255 10.531963389915224738
24471.121977000078914 10.541706962082759702
24471.237131613353995 10.551450334761005578
24471.352291613438865 10.561193505837456641
24471.467457066763018 10.570936473206067774
24471.582628038810071 10.580679234768183505
24471.697804594121408 10.590421788433015848
24471.812986796288897 10.600164132117985361
24471.928174707958533 10.609906263749065758
24472.043368390834075 10.619648181261133857
24472.158567905673408 10.629389882598072603
24472.273773312332196 10.639131365710358779
24472.388984669800266 10.648872628557230158
24472.504202036212519 10.658613669107733557
24472.619425468874397 10.668354485340714177
24472.734655024250969 10.678095075245469303
24472.849890757985122 10.687835436822169299
24472.965132724897558 10.697575568082195119
24473.080380978994071 10.707315467048468705
24473.195635573476466 10.717055131755808262
24473.310896560746187 10.726794560251263988
24473.426163992404327 10.736533750594459136
24473.541437919269811 10.746272700857929294
24473.656718391386676 10.756011409127461675
24473.772005458034982 10.765749873501743394
24473.887299167763558 10.775488092091793035
24474.002599568415462 10.785226063022552268
24474.117906707146176 10.794963784433074139
24474.23322063042724 10.804701254476380967
24474.348541384068085 10.814438471320197976
24474.463869013230578 10.824175433147335212
24474.579203562432667 10.83391213815578169
24474.69454507559567 10.843648584557197267
24474.809893596095208 10.853384770576974816
24474.925249166808499 10.863120694456812387
24475.040611830139824 10.872856354454563999
24475.155981628053269 10.882591748843390533
24475.271358602112741 10.892326875913330042
24475.386742793503799 10.902061733971203594
24475.502134243059118 10.911796321341347138
24475.617532991273038 10.921530636366187039
24475.732939078316122 10.931264677406495878
24475.848352544089721 10.94099844283944023
24475.963773428273271 10.950731931060508018
24476.079201770364307 10.960465140485078805
24476.194637609678466 10.970198069548779074
24476.310080985371314 10.979930716707844596
24476.425531936460175 10.98966308043888418
24476.540990501860506 10.999395159238392949
24476.656456720425922 11.00912695162447541
24476.771930630959105 11.018858456136914725
24476.887412272240908 11.028589671337767797
24477.002901683041273 11.038320595811800473
24477.118398902137415 11.048051228166878346
24477.233903968324739 11.057781567034385972
24477.349416920438671 11.067511611069390298
24477.464937797387392 11.077241358950550065
24477.580466638166399 11.086970809381151426
24477.696003481905791 11.096699961088457798
24477.811548367913929 11.106428812824590935
24477.927101335713814 11.116157363367772604
24478.042662425068556 11.125885611522946306
24478.158231675988645 11.135613556122155643
24478.273809128753783 11.145341196024917352
24478.389394823934708 11.15506853011858901
24478.504988802400476 11.164795557318731412
24478.620591105340282 11.174522276569472723
24478.736201774285291 11.184248686843863752
24478.851820851123193 11.193974787144233218
24478.967448378127301 11.203700576501644193
24479.083084398022038 11.213426053974067997
24479.198728954044782 11.223151218647958061
24479.31438208999316 11.23287606963996943
24479.430043850243237 11.242600606097351346
24479.545714279771346 11.252324827198242119
24479.661393424161361 11.262048732151979991
24479.777081329644716 11.271772320199405115
24479.892778043100407 11.281495590613150881
24480.008483612091368 11.291218542697931682
24480.124198084879026 11.300941175790399029
24480.239921510463319 11.310663489258788061
24480.355653938615433 11.320385482503949603
24480.47139541989236 11.330107154959659255
24480.587146005662362 11.33982850609278259
24480.702905748141347 11.349549535402335465
24480.818674700429256 11.359270242420370423
24480.934452916539158 11.368990626712436764
24481.050240451440914 11.378710687877067187
24481.166037361108465 11.388430425547207747
24481.281843702552578 11.398149839390439908
24481.397659533871774 11.407868929110048128
24481.513484914259607 11.4175876944453627
24481.629319904044678 11.42730613517198357
24481.745164564697916 11.437024251101975736
24481.861018958868954 11.446742042084116164
24481.976883150404319 11.456459508004064318
24482.092757204369263 11.466176648784552228
24482.208641187080502 11.475893464385590548
24482.324535166120768 11.485609954804674615
24482.440439210371551 11.495326120076999388
24482.556353390038566 11.505041960275647739
24482.672277776680858 11.514757475510508655
24482.788212443279917 11.524472665926250414
24482.904157464297896 11.534187531704583662
24483.020112915699428 11.543902073064501224
24483.136078874984378 11.553616290262413102
24483.252055421213299 11.56333018359226017
24483.368042635036545 11.573043753385359622
24483.484040598734282 11.582757000009276993
24483.600049396267423 11.592469923867987802
24483.716069113314006 11.602182525402056967
24483.832099837301939 11.611894805088935456
24483.9481416574381 11.621606763443043775
24484.064194664737443 11.631318401015787956
24484.180258952055738 11.641029718395582648
24484.296334614118678 11.650740716207844017
24484.412421747547342 11.660451395114977302
24484.528520450901851 11.670161755816199189
24484.644630824717751 11.67987179904575612
24484.76075297157513 11.689581525573835563
24484.876886996134999 11.699290936207034974
24484.993033005164762 11.709000031788262319
24485.109191107581864 11.718708813196611729
24485.225361414482904 11.728417281347232048
24485.341544039172732 11.738125437191154532
24485.457739097204467 11.747833281714992637
24485.573946706412244 11.757540815940771495
24485.690166986958502 11.767248040925288421
24485.806400061395834 11.776954957758112741
24485.922646054761572 11.786661567564006958
24486.038905094606889 11.796367871502312141
24486.155177311080479 11.806073870764379308
24486.271462836983119 11.815779566575631776
24486.387761807807692 11.825484960195462136
24486.504074361775565 11.835190052916248149
24486.620400639880245 11.844894846063350968
24486.736740785909205 11.854599340994763423
24486.853094946494821 11.864303539100744089
24486.969463271147106 11.874007441803399843
24487.085845912275545 11.883711050556266642
24487.202243025254575 11.893414366842822716
24487.318654768481792 11.903117392175815326
24487.43508130342525 11.912820128098219996
24487.551522794674383 11.922522576182737808
24487.667979409961845 11.932224738031298017
24487.784451320203516 11.941926615274518042
24487.900938699531252 11.951628209571170558
24488.017441725332901 11.961329522607636378
24488.133960578281403 11.971030556097295161
24488.250495442374813 11.980731311779628356
24488.367046504983591 11.990431791418822982
24488.48361395691245 12.000131996804263679
24488.600197992429457 12.00983192975008329
24488.716798809291504 12.019531592094539363
24488.833416608791595 12.029230985699577161
24488.950051595773402 12.038930112449799381
24489.066703978678561 12.048628974251990087
24489.183373969575769 12.058327573034247848
24489.300061784200807 12.06802591074525921
24489.416767642000195 12.077723989353234657
24489.53349176617121 12.087421810845818015
24489.650234383712814 12.097119377229812898
24489.766995725443849 12.106816690530473934
24489.883776026053965 12.116513752790801561
24490.000575524121814 12.126210566070852792
24490.1173944621587 12.135907132447044887
24490.234233086637687 12.145603454011441258
24490.351091648037254 12.155299532871071122
24490.467970400870399 12.164995371147208303
24490.584869603728293 12.174690970974570092
24490.701789519313024 12.184386334500754145
24490.818730414492165 12.194081463884627325
24490.935692560353345 12.203776361294808694
24491.052676232269732 12.213471028909436811
24491.169681709950964 12.223165468915651033
24491.286709277504997 12.232859683509692772
24491.403759223485395 12.242553674896061722
24491.520831840956816 12.252247445284522698
24491.637927427607792 12.261940996890521305
24491.755046285801654 12.271634331935372231
24491.87218872266385 12.281327452644854148
24491.989355050140148 12.291020361249175963
24492.106545585051208 12.300713059982632203
24492.22376064915079 12.310405551082938658
24492.341000569176686 12.320097836790566248
24492.458265676905285 12.329789919348094429
24492.575556309209787 12.339481800999543282
24492.692872808125685 12.349173483989709155
24492.810215520901693 12.35886497056350386
24492.927584800065233 12.368556262965299197
24493.044981003491557 12.378247363438273254
24493.162404494458315 12.387938274223756707
24493.279855641729228 12.397628997560573794
24493.397334819608659 12.40731953568439927
24493.51484240802165 12.417009890827099383
24493.632378792586678 12.426700065216072844
24493.749944364692055 12.436390061073572255
24493.867539521572326 12.44607988061605397
24493.985164666391938 12.455769526053714458
24494.102820208325284 12.465458999589442257
24494.220506562662194 12.475148303417382678
24494.338224150927999 12.484837439721051311
24494.455973400996299 12.494526410674303918
24494.573754747179919 12.504215218440538848
24494.691568630343681 12.513903865172064656
24494.809415497998998 12.523592353009403766
24494.927295804398454 12.53328068408054996
24495.045210010659503 12.542968860500220529
24495.163158584859048 12.552656884369104873
24495.281142002160777 12.562344757773086457
24495.399160744920664 12.572032482782450558
24495.517215302814293 12.581720061451164838
24495.635306172946002 12.591407495815953865
24495.75343385999804 12.601094787895288363
24495.871598876357893 12.610781939688932241
24495.989801742256532 12.620468953177217841
24496.108042985903012 12.630155830320145327
24496.226323143637273 12.639842573056457198
24496.344642760057468 12.649529183302703927
24496.463002388183668 12.659215662952254533
24496.581402589599747 12.668902013874332013
24496.699843934624369 12.678588237913016812
24496.818327002460137 12.688274336886223637
24496.93685238136095 12.697960312584685383
24497.055420668810257 12.707646166770622642
24497.174032471721148 12.717331901175827014
24497.292688406640082 12.72701751750137511
24497.411389099957887 12.736703017416044048
24497.530135188113491 12.746388402555673736
24497.648927317786729 12.756073674522175665
24497.767766146102076 12.765758834882287687
24497.88665234083237 12.775443885166286151
24498.005586580613453 12.785128826866630547
24498.124569555158814 12.794813661436585051
24498.243601965481503 12.804498390288781451
24498.3626845241306 12.814183014793597337
24498.481817955427687 12.823867536277679946
24498.601002995714225 12.833551956021848284
24498.720240393609856 12.843236275260068169
24498.839530910274334 12.852920495177690086
24498.95887531966946 12.862604616909727895
24499.078274408821017 12.872288641539013199
24499.19772897810617 12.88197257009426977
24499.317239841540868 12.891656403548156007
24499.436807827059965 12.901340142815197254
24499.556433776837366 12.911023788749641739
24499.676118547577062 12.920707342143245455
24499.795863010844187 12.930390803722804804
24499.915668053392437 12.940074174147859765
24500.035534577495127 12.949757454008171464
24500.155463501294435 12.959440643821062977
24500.275455759161559 12.969123744028600242
24500.395512302053248 12.978806754994749895
24500.515634097890143 12.988489677002387879
24500.635822131946043 12.998172510250171285
24500.756077407244447 13.007855254849282289
24500.87640094496237 13.017537910820033531
24500.996793784848705 13.027220478088306521
24501.117256985668064 13.036902956481782212
24501.237791625626414 13.046585345726139593
24501.358398802840384 13.056267645441078429
24501.479079635806556 13.065949855135713165
24501.599835263907153 13.075631974202845953
24501.720666847948451 13.085314001915866911
24501.841575570681016 13.094995937424805277
24501.962562637319934 13.104677779751288114
24502.083629276079591 13.114359527783230774
24502.204776738723012 13.124041180269307105
24502.326006301136658 13.133722735813153193
24502.447319263894315 13.143404192867677693
24502.568716952860996 13.153085549728372072
24502.690200719796849 13.162766804526695452
24502.811771942986525 13.172447955223150373
24502.933432027890376 13.182128999600086772
24503.055182407799293 13.191809935254143582
24503.177024544518645 13.20149075958835283
24503.298959929059492 13.211171469803737466
24503.420990082358912 13.220852062890488199
24503.543116556014866 13.23053253561892717
24503.665340933035623 13.240212884530187409
24503.787664828611014 13.249893105926261683
24503.910089890901872 13.259573195859658767
24504.032617801851302 13.269253150122539253
24504.155250278006861 13.278932964235428571
24504.277989071382763 13.288612633435123556
24504.400835970325716 13.298292152662455123
24504.523792800413503 13.307971516549216062
24504.646861425368115 13.317650719405078164
24504.770043747990712 13.327329755203201955
24504.893341711111134 13.337008617565681234
24505.016757298570155 13.346687299748763778
24505.140292536194465 13.356365794626473331
24505.263949492826214 13.366044094673839027
24505.387730281363474 13.375722191949318329
24505.511637059807981 13.385400078076491681
24505.635672032367438 13.395077744224874294
24505.759837450543273 13.404755181089710092
24505.884135614269326 13.414432378870818852
24506.008568873072363 13.424109327250999257
24506.133139627232595 13.433786015373126332
24506.257850328995119 13.443462431816408653
24506.382703483785008 13.453138564571824887
24506.507701651451498 13.462814401016176546
24506.632847447508539 13.472489927884931049
24506.758143544404447 13.482165131244162382
24506.883592672809755 13.491839996460473827
24507.009197622912325 13.501514508169984552
24507.134961245756131 13.511188650245760101
24507.260886454561842 13.520862405764122016
24507.386976226094703 13.530535756969262806
24507.513233602017863 13.540208685236542863
24507.639661690249341 13.549881171035789151
24507.766263666333543 13.559553193889399836
24507.89304277482006 13.569224732330503969
24508.020002330682473 13.578895763858893631
24508.147145720740809 13.588566264893264801
24508.274476405138557 13.598236210723818829
24508.401997918776033 13.60790557546498647
24508.529713872711 13.61757433200339662
24508.65762795554474 13.627242451943653023
24508.785743934782658 13.636909905551680922
24508.914065658202162 13.646576661695517529
24509.042597055187798 13.656242687783748835
24509.171342138070031 13.665907949698272716
24509.30030500346038 13.675572411729989497
24509.429489833491971 13.685236036508715785
24509.558900897030981 13.69489878493033963
24509.688542550851707 13.704560616080195601
24509.81841924076798 13.714221487151903034
24509.948535502713639 13.723881353366774505
24510.078895963735704 13.733540167886763683
24510.209505342965713 13.743197881721531672
24510.340368452511029 13.752854443636197246
24510.471490198204265 13.762509800056555775
24510.602875580214459 13.772163894967670572
24510.734529693527293 13.781816669808327092
24510.866457728323439 13.791468063361170593
24510.998664970215032 13.8011180116377421
24511.131156800347526 13.810766447761379183
24511.263938695305114 13.820413301844183707
24511.397016226848791 13.830058500859099269
24511.530395061454328 13.839701968507304386
24511.66408095963925 13.849343625081106168
24511.79807977506789 13.858983387321375247
24511.932397453416343 13.868621168269523736
24512.067040030986391 13.878256877115326517
24512.202013633021124 13.887890419039367274
24512.337324471736792 13.897521695049904977
24512.472978844030877 13.907150601813871305
24512.608983128950058 13.916777031478027027
24512.74534378482349 13.92640087149521122
24512.882067345915857 13.93602200444253647
24513.019160418691172 13.945640307830005966
24513.156629677658202 13.955255653908379188
24513.294481860739324 13.964867909471516683
24513.432723764173716 13.97447693565339577
24513.571362236922141 13.984082587720932267
24513.710404174576979 13.993684714863658058
24513.849856512708357 14.003283159980037809
24513.989726219704608 14.012877759459895444
24514.13002028901974 14.022468342966570631
24514.27074573083155 14.032054733217306008
24514.411909563052177 14.04163674576198062
24514.553518801771133 14.051214188754416412
24514.695580451065325 14.060786862734550695
24514.838101492092392 14.07035456040930832
24514.981088871514658 14.079917066437223738
24515.124549489235505 14.089474157218134565
24515.268490185455448 14.09902560068616495
24515.412917727058812 14.108571156110969014
24515.557838793345582 14.118110573907904026
24515.703259961119329 14.127643595457815451
24515.849187689134851 14.137169952940043416
24515.995628301945544 14.146689369179808793
24516.142587973175978 14.156201557512398281
24516.290072708248772 14.165706221665423925
24516.438088326605794 14.175203055665102525
24516.58664044343459 14.184691743763091054
24516.735734451012831 14.194171960388578313
24516.88537549972898 14.203643370130036416
24517.035568478826463 14.213105627746681847
24517.186317997002334 14.222558378213740582
24517.337628362925898 14.232001256803467726
24517.489503565804625 14.24143388920380815
24517.641947256077401 14.250855891679362841
24517.794962726351514 14.260266871274478007
24517.948552892728912 14.269666426061300868
24518.102720276645414 14.279054145432677814
24518.257466987408407 14.288429610442468842
24518.412794705513079 14.297792394203279187
24518.568704666777194 14.307142062331582366
24518.725197647574532 14.316478173444199484
24518.882273951247043 14.325800279705331874
24519.039933395870321 14.33510792742790052
24519.198175303466996 14.344400657724809989
24519.356998490824481 14.353678007210625367
24519.516401262008003 14.362939508751454198
24519.676381402732659 14.372184692261162908
24519.836936176634481 14.381413085540945218
24519.998062323560589 14.390624215158622334
24520.15975605994754 14.399817607364662209
24520.322013081400655 14.408992789036187077
24520.484828567510704 14.418149288654850793
24520.648197188755148 14.427286637306359296
24520.812113115523971 14.436404369693068617
24520.97657002930282 14.445502025166886639
24521.141561135977099 14.454579148757037643
24521.307079181166046 14.463635292197126958
24521.473116467514046 14.47267001494058114
24521.639664873902802 14.481682885158138063
24521.806715876369708 14.490673480717982002
24521.974260570546903 14.499641390134264896
24522.141790583445982 14.508559716549374485
24522.307656732606119 14.5173419263766732
24522.471966233562853 14.525995597084508049
24522.634819031311054 14.534527771912202354
24522.796308364846482 14.542945004011469834
24522.956521806183446 14.551253423566256728
24523.115540920000058 14.559458731700004819
24523.273442212299415 14.567566260421678237
24523.430297671719018 14.575581009905121732
24523.58617528371542 14.583507683190111592
24523.741138229852368 14.591350653389731917
24523.895248920489394 14.599114174621732332
24524.048564161545073 14.606802143469257871
24524.201136835828947 14.614418191332394059
24524.35301721338692 14.621965755778361995
24524.504252470385836 14.629448061479845222
24524.65488701934737 14.636868141465171789
24524.804963146088994 14.64422887276291263
24524.954520923205564 14.651532975820279248
24525.103598332319962 14.658783024025808572
24525.252231515551102 14.6659814592041986
24525.400454851416725 14.673130598220655685
24525.548301086295396 14.68023264205245404
24525.695801454920002 14.687289684087700081
24525.842985799488815 14.694303718129020808
24525.989881259243703 14.701276578456205613
24526.136515355185111 14.708210088665676807
24526.282914516905294 14.715105992778729771
24526.429104172006191 14.721965961100641707
24526.575108833076229 14.728791595812873894
24526.720952407911682 14.735584446804272929
24526.866657885562745 14.742345998228701731
24527.012247604394361 14.749077682203934003
24527.15774332698129 14.75578088331923432
24527.303166314872215 14.762456943029336642
24527.448537388860132 14.769107163284337148
24527.59387699528088 14.775732810364370806
24527.739205270459934 14.782335118530777862
24527.884538700491248 14.788915139711516389
24528.029890418405557 14.795473760063501345
24528.175279925118957 14.802012139240579458
24528.320726973928686 14.80853143227536961
24528.466251237132383 14.815032774890687151
24528.611872089528333 14.821517274295974431
24528.757608925017848 14.827986023782475655
24528.903481195404311 14.83444010476234709
24529.049508539348608 14.840880592737331511
24529.1957107259841 14.847308554979822048
24529.342107591575768 14.853725047984422503
24529.488718968957983 14.860131114650311446
24529.635564944670477 14.866527795766726783
24529.782666131643055 14.872916141961487924
24529.930043388860213 14.879297201526195948
24530.077717955547996 14.885672026326876249
24530.225711587212572 14.892041677687569035
24530.374046503064164 14.898407224088684231
24530.522745443478925 14.904769743609341148
24530.671831836392812 14.911130330966889446
24530.821330160630168 14.917490112751453424
24530.971265848329494 14.923850242920183362
24531.121664394166146 14.930211864867203531
24531.272551355086762 14.93657611164639043
24531.423952977511362 14.942944132535089352
24531.575896230864601 14.949317094290339725
24531.72840887025086 14.955696183600394988
24531.881519362319523 14.962082603795916924
24532.035257009818451 14.96847757986731331
24532.189652094119083 14.974882364153328851
24532.344735842558293 14.981298234691474036
24532.500540493158041 14.987726497605484255
24532.657099296109664 14.994168486855212308
24532.814446666478034 15.00062557018387821
24532.972618220344884 15.007099150210354566
24533.131648337239312 15.01359056465827635
24533.291572681184334 15.020101189752836035
24533.452430830722733 15.026632546404981028
24533.614263819206826 15.033186198877702466
24533.777114180466015 15.039763756102239256
24533.941026020998834 15.046366874036452899
24534.106045187349082 15.052997261800090456
24534.272219424536161 15.059656687352994453
24534.43959853393244 15.066346983056430275
24534.608234391846054 15.073070045596063338
24534.778181014724396 15.079827837747396657
24534.949494844771834 15.086622398837405967
24535.122234917063906 15.093455850353450387
24535.296463044498523 15.100330402159654497
24535.472244109892927 15.107248362839607481
24535.649646277699503 15.114212146695209071
24535.82874119418193 15.121224280167906429
24536.008795898927929 15.128255883319232211
24536.18884671275373 15.135269396861405156
24536.368892853715806 15.142265007167919677
24536.548933573121758 15.149242898645992383
24536.728968153351161 15.156203253754284788
24536.908995905847405 15.163146253020226339
24537.089016169597016 15.170072075025949232
24537.269028309401619 15.17698089642590098
24537.449031714291777 15.183872891966789354
24537.629025796028145 15.190748234511733727
24537.809009987722675 15.19760709506648233
24537.988983742561686 15.204449642806888932
24538.168946532641712 15.211276045107762656
24538.348897847965418 15.218086467574160281
24538.528837195579399 15.22488107407365554
24538.708764098701067 15.231660026767761096
24538.888678095936484 15.238423486144590413
24539.068578740709199 15.245171611051210547
24539.248465600740019 15.251904558728034189
24539.428338257457654 15.258622484841152911
24539.608196305500314 15.265325543520418705
24539.788039352406486 15.272013887393576681
24539.9678670183348 15.278687667623980673
24540.147678935885779 15.285347033949708617
24540.327474749872636 15.291992134717574459
24540.50725411712483 15.298623116917193343
24540.687016706331633 15.305240126212149576
24540.866762197951175 15.31184330697133511
24541.046490284126776 15.318432802297355266
24541.226200668850652 15.325008754051452797
24541.405893067996658 15.331571302877447849
24541.585567209320288 15.338120588227495134
24541.765222832491418 15.344656748386384493
24541.944859689112491 15.351179920494393727
24542.124477542787645 15.357690240570239126
24542.304076169177279 15.36418784353141298
24542.483655356063537 15.370672863213938442
24542.66321490345581 15.377145432391396085
24542.842754623670771 15.383605682792765634
24543.022274341474258 15.390053745118626338
24543.201773894426879 15.396489749056090801
24543.381253133171413 15.40291382328880232
24543.560711921549228 15.409326095506163057
24543.740150136713055 15.415726692413551646
24543.919567669359822 15.422115739739746587
24544.098964423938014 15.428493362243274944
24544.278340318756818 15.434859683717752077
24544.457695286098897 15.441214826994238862
24544.637029272285872 15.447558913948640225
24544.816342237754725 15.453892065508128439
24544.995634157134191 15.460214401656886096
24545.174905019306607 15.466526041435384897
24545.354154827491584 15.472827102948613742
24545.533383599271474 15.479117703365345093
24545.712591366638662 15.485397958924119521
24545.8917781760465 15.491667984939816449
24546.070944088467513 15.497927895810034826
24546.250089179451606 15.504177805021555514
24546.429213539126067 15.510417825154842575
24546.608317272224667 15.516648067891056328
24546.787400498182251 15.522868644020391571
24546.966463351236598 15.529079663450950477
24547.145505980493908 15.535281235215578022
24547.324528550030664 15.541473467482017412
24547.503531238915457 15.547656467563655269
24547.682514241270837 15.553830341929756997
24547.861477766240569 15.559995196212993207
24548.040422037956887 15.566151135219591595
24548.219347295522311 15.572298262938994995
24548.398253792976902 15.578436682553661541
24548.577141799272795 15.584566496448518436
24548.756011598234181 15.590687806219989398
24548.934863488528208 15.596800712685576329
24549.113697783712269 15.602905315893547566
24549.292514812350419 15.609001715131332944
24549.471314917984273 15.615090008934636501
24549.650098459100263 15.62117029509593813
24549.828865809089621 15.627242670672567115
24550.007617356244737 15.633307231998058384
24550.186353503719147 15.639364074689160233
24550.365074669487512 15.645413293653339437
24550.543781286316516 15.651454983094561513
24550.722473801746673 15.65748923651537261
24550.901152678106882 15.663516146719526745
24551.079818392514426 15.669535805815623775
24551.258471436747641 15.675548305218883982
24551.437112317282299 15.681553735658738447
24551.615741555389832 15.687552187185506369
24551.79435968721009 15.693543749174866164
24551.972967263849569 15.699528510337611209
24552.151564851439616 15.705506558724316335
24552.330153031078225 15.711477981728650732
24552.50873239878274 15.717442866090792108
24552.687303565453476 15.723401297902674045
24552.865867156961031 15.729353362621779411
24553.044423814128095 15.735299145075602567
24553.222974192674883 15.741238729464603452
24553.40151896318639 15.747172199365881085
24553.580058811068739 15.753099637737230765
24553.758594436516432 15.759021126922561962
24553.937126554483257 15.76493674865835537
24554.115655894671363 15.770846584079318831
24554.294183201567648 15.776750713724842612
24554.472709234483773 15.782649217546962817
24554.651234767574351 15.78854217491782741
24554.82976046641852 15.794429660572021135
24555.008286856198538 15.800311743576385126
24555.186814748842153 15.806188501409851099
24555.36534497160028 15.812060011007014637
24555.543878367090656 15.817926348766713218
24555.722415793359687 15.823787590562016447
24555.900958124097087 15.829643811752328375
24556.079506248974212 15.835495087195143427
24556.258061073815043 15.841341491258912555
24556.436623520632565 15.847183097833228871
24556.615194527737913 15.85301998034096016
24556.793775049834949 15.858852211749262295
24556.972366058118496 15.864679864581084701
24557.15096854040894 15.87050301092703819
24557.329583501261368 15.876321722457623409
24557.50821196216566 15.882136070437121944
24557.686854961772042 15.887946125737826719
24557.865513556032965 15.893751958852504913
24558.044188818363182 15.899553639906933711
24558.222881839799811 15.905351238672013281
24558.401593729166052 15.911144824576917145
24558.580325613213063 15.916934466719746766
24558.75907863682005 15.922720233881587859
24558.937853963194357 15.928502194538545211
24559.11665277404245 15.934280416872036668
24559.295476269755454 15.94005496877885264
24559.474325669591053 15.945825917879796307
24559.653202211888129 15.951593331525026898
24559.832107154274127 15.957357276803353585
24560.011041773825127 15.963117820549294734
24560.190007367218641 15.968875029349529626
24560.369005250875489 15.974628969548053448
24560.548036761174444 15.980379707251641364
24560.72710325467051 15.986127308336087083
24560.90620610824044 15.991871838450261833
24561.085346719246445 15.997613363018540866
24561.264526505765389 16.003351947236783559
24561.443746906879824 16.009087656074939332
24561.623009382976306 16.014820554281126164
24561.802315415941848 16.02055070638457579
24561.981666509294882 16.026278176695594624
24562.161064188298042 16.032003029303886876
24562.340510000136419 16.03772532808048723
24562.520005514143122 16.04344513668012695
24562.699552321926603 16.049162518538569344
24562.879152037472522 16.054877536868001897
24563.058806297256524 16.060590254655206621
24563.238516760353377 16.066300734655865057
24563.418285108517011 16.07200903938763048
24563.59811304629693 16.077715231124308559
24563.778002301274682 16.083419371886293447
24563.95795462424212 16.089121523434322114
24564.137971789259609 16.094821747259125289
24564.318055593674217 16.100520104569298496
24564.498207858225214 16.106216656274639831
24564.678430427295098 16.111911462975534448
24564.858725169058744 16.11760458495365711
24565.039093975541618 16.123296082154851661
24565.219538762845332 16.128986014172316033
24565.400061471384106 16.13467444023579489
24565.58066406614671 16.140361419206026738
24565.761348536860169 16.146047009561979024
24565.942116897931555 16.151731269381606637
24566.122971188422525 16.157414256323914259
24566.303913471940177 16.163096027606798089
24566.484945836531551 16.168776639985434684
24566.666070394614508 16.174456149730211507
24566.847289282919519 16.180134612605062472
24567.028604662456928 16.185812083843376996
24567.210018718520587 16.191488618124868282
24567.391533660673304 16.197164269554875204
24567.573151722703187 16.202839091642118774
24567.75487516256544 16.208513137277183347
24567.936706262375083 16.214186458711051131
24568.118647328490624 16.219859107535828713
24568.300700691703241 16.225531134659885169
24568.482868707338639 16.231202590287377774
24568.665153755300707 16.236873523896754534
24568.847558240078797 16.24254398421868828
24569.030084590762272 16.248214019213403247
24569.212735261146008 16.25388367605205886
24569.395512729839538 16.259553001096286096
24569.578419500307064 16.265222039875038007
24569.761458100907475 16.270890837060925094
24569.944631084941648 16.276559436443040596
24570.127941030834336 16.282227880896090966
24570.311390542388835 16.287896212358127457
24570.494982248965243 16.293564471809951044
24570.678718805600511 16.299232699251916756
24570.86260289319398 16.304900933680283259
24571.046637218711112 16.310569213066607119
24571.23082451535447 16.316237574337247196
24571.415167542767449 16.321906053353963273
24571.599669087241637 16.327574684893459533
24571.784331962011493 16.333243502625066412
24571.969159007621784 16.338912539096217102
24572.154153092305933 16.344581825719142643
24572.339317112473509 16.350251392758785585
24572.524653993186803 16.355921269319495082
24572.710166688626487 16.361591483335487851
24572.895858182513621 16.367262061561394404
24573.081731488582591 16.372933029563355944
24573.267789651068597 16.378604411710927735
24573.454035745264264 16.38427623116934484
24573.640472878112632 16.389948509895369
24573.827104188836529 16.39562126862815461
24574.013932849731646 16.401294526885688896
24574.20096206704693 16.406968302965285744
24574.388195081686717 16.412642613946101022
24574.575635169796442 16.418317475689033103
24574.76328564330106 16.42399290283767499
24574.951149850432557 16.42966890881709574
24575.13923117621016 16.435345505832810176
24575.327533042880532 16.44102270486950701
24575.516058910336142 16.446700515690420019
24575.704812276471785 16.452378946836020646
24575.893796677526552 16.458058005624774722
24576.08301568830575 16.463737698154787381
24576.272472922311863 16.469418029304854656
24576.46217203179549 16.475099002736023124
24576.652116707744426 16.480780620893195731
24576.842310679774528 16.486462885006723411
24577.032757715973275 16.492145795092856275
24577.223461622670584 16.497829349955392075
24577.414426244122296 16.503513547187942834
24577.605655462077266 16.509198383174698677
24577.797153195268038 16.514883853089173726
24577.98892339881786 16.520569950892706856
24578.180970063549466 16.526256669326169657
24578.373297215272032 16.531943999904139986
24578.5659089140172 16.537631932908752219
24578.758809253187792 16.543320457380545463
24578.952002358761092 16.5490095611091661
24579.145492388375715 16.554699230622535566
24579.339283530211105 16.560389451169175601
24579.533380001746991 16.566080206697932908
24579.727786048442795 16.571771479833213192
24579.922505942362477 16.577463251843315817
24580.117543980679329 16.583155502611578669
24580.312904484100727 16.588848210603192257
24580.508591795249231 16.594541352836749581
24580.704610276901803 16.600234904851642881
24580.900964310076233 16.605928840669310631
24581.09765829198659 16.611623132753923215
24581.294696633856802 16.617317751971224737
24581.492083758665103 16.623012667546895216
24581.689824098764802 16.628707847024443822
24581.88792209346866 16.634403256221769851
24582.086382186684204 16.64009885919005427
24582.285208824476285 16.645794618176608992
24582.484406452440453 16.651490493586759811
24582.683979512974474 16.65718644394706871
24582.883932442524383 16.662882425875764625
24583.084269668819616 16.668578394051852598
24583.284995608129975 16.674274301185572966
24583.486114662449836 16.67997009799746877
24583.687631216569571 16.685665733202924343
24583.889549635136063 16.691361153502523251
24584.09187425971686 16.697056303580151138
24584.294609405937081 16.702751126109266266
24584.497759360689088 16.708445561764865062
24584.701328379367624 16.714139549245565775
24584.905320683235914 16.719833025297379692
24585.109740456846339 16.725525924752261631
24585.314591845628456 16.731218180575858412
24585.51987895360071 16.736909723926686411
24585.725605841114884 16.742600484222514012
24585.931776522727887 16.748290389214563589
24586.138394965357293 16.75397936507090435
24586.345465086676995 16.759667336470506882
24586.552990753749327 16.765354226709465735
24586.760975782020978 16.771039957815517596
24586.969423934653605 16.776724450669075139
24587.178338922134571 16.782407625136457341
24587.387724402171443 16.788089400209841529
24587.597583980037598 16.793769694152612004
24587.807921209478081 16.799448424652659639
24588.018739594095678 16.805125508952144742
24588.230042589213554 16.810800864005969402
24588.441833604087151 16.816474406647003548
24588.654116004330717 16.822146053753431971
24588.866893114820414 16.827815722413724586
24589.080168223088549 16.833483330102925635
24589.293944582917902 16.839148794850196111
24589.508225418157963 16.844812035397509931
24589.723013926854037 16.85047297135175981
24589.938313285714685 16.856131523329732858
24590.154126654913853 16.86178761309442109
24590.370457183176768 16.86744116367962576
24590.587308013084112 16.873092099500812679
24590.804682286321622 16.878740346456236665
24591.0225831488533 16.884385832013414586
24591.241013756258326 16.89002848528071965
24591.459977279162558 16.895668237066967521
24591.679476908746437 16.901305019922141071
24591.899515862154658 16.906938768170864051
24592.120097387734859 16.912569417929880444
24592.341224770429108 16.918196907089374292
24592.562901337176299 16.923821175308944476
24592.785130462041707 16.929442163995481963
24593.007915571084595 16.935059816277760802
24593.231260147040302 16.940674076965791528
24593.455167735119176 16.946284892529437371
24593.679641948874632 16.95189221108636346
24593.904686474925256 16.957495982366474152
24594.130305077571393 16.96309615766986667
24594.356501603215293 16.968692689834480092
24594.583279984646651 16.974285533194052533
24594.810644245408184 16.979874643534380141
24595.038598504073889 16.98545997805412
24595.267146978407254 16.991041495331014488
24595.496293989544938 16.99661915527986622
24595.726043966191355 17.002192919114808234
24595.956401448809629 17.007762749306124306
24596.187371093976253 17.013328609536145564
24596.418957678619336 17.018890464652908889
24596.651166104074946 17.02444828061535631
24596.884001400772831 17.030002024403806615
24597.117468733420537 17.035551664007655859
24597.351573405867384 17.041097168351225122
24597.586320865142625 17.046638507208008662
24597.821716704624123 17.052175651094316322
24598.05776666708698 17.057708571134245545
24598.29447664755935 17.063237238945109908
24598.531852695818088 17.068761626515019714
24598.769901018618839 17.074281706062773623
24599.008627981373138 17.079797449922402564
24599.248040109287103 17.085308830442848205
24599.488144088118133 17.090815819910645246
24599.728946764593275 17.09631839051479929
24599.970455146420136 17.101816514303294525
24600.212676401712088 17.107310163214638266
24600.455617858046026 17.112799309165573902
24600.6992870013637 17.118283924196578738
24600.943691474931256 17.123763980684650221
24601.188839078178717 17.12923945160817496
24601.434737765233876 17.134710310953245482
24601.681395643125143 17.140176534081867032
24601.928820970231754 17.145638098150900674
24602.17702215475947 17.151094982564075053
24602.426007752692385 17.156547169370746531
24602.675786465704732 17.161994643737635613
24602.926367139301874 17.16743739443334249
24603.177758761001314 17.172875414285709184
24603.429970458575553 17.178308700603118098
24603.683011498658743 17.183737255699082169
24603.936891285698948 17.189161087297147645
24604.191619361172343 17.19458020892941974
24604.447205402950203 17.199994640271015101
24604.703659226353921 17.20540440753977407
24604.960990785810282 17.210809543792539245
24605.219210175870103 17.216210089137788941
24605.478327632412402 17.221606090926563581
24605.738353534481575 17.226997603877251208
24605.999298407470633 17.232384690172153796
24606.261172927428561 17.237767419510710454
24606.523987926258997 17.24314586917907377
24606.78775439848323 17.248520124058924097
24607.052483509072772 17.253890276617518396
24607.318186601783964 17.259256426860027034
24607.584875208784069 17.264618682260383764
24607.852561061761662 17.269977157655667099
24608.121256104539498 17.275331975120739259
24608.390972507888364 17.280683263759911483
24608.661722685868881 17.286031159547313507
24608.933519312507997 17.291375805133483823
24609.206375339777878 17.296717349638388583
24609.480304016651644 17.30205594838760419
24609.755318909243215 17.307391762593322682
24610.031433922340511 17.312724959025004523
24610.308663321935455 17.318055709599907033
24610.587021758670744 17.323384190991411913
24610.86652429183232 17.328710584198248057
24611.147186414422322 17.334035074146925126
24611.429024078697694 17.339357849235842224
24611.712053720515541 17.344679100966693852
24611.99629228363483 17.349999023528830833
24612.281757245807967 17.355317813308914765
24612.568466647058813 17.360635668396856346
24612.856439118531853 17.365952788040491583
24613.145693912036222 17.371269372052456248
24613.436250930917595 17.376585620264943799
24613.728130756386236 17.381901732186619824
24614.021354673990572 17.38721790630583186
24614.314955169480527 17.392516522642370802
24614.605861714968341 17.397742579447495359
24614.894414482703723 17.402902918952751321
24615.180939993588254 17.408004009930369449
24615.46575345780002 17.413051998440764123
24615.749161722982535 17.418052767509294654
24616.031465084190131 17.423011974867996798
24616.312959245344246 17.427935091986995531
24616.593937397396076 17.432827443796540479
24616.874692009387218 17.437694242051708926
24617.155481853151286 17.442540018853055273
24617.435965173848672 17.447358923608515369
24617.715334482320031 17.452137254579344727
24617.993952907258063 17.456881437277058211
24618.272184901768924 17.46159780127041472
24618.550403550372721 17.466292703911634021
24618.828813223419274 17.47096955538978591
24619.107799109297048 17.47563471504794208
24619.387787381929229 17.480295099874130216
24619.669239686129004 17.484958076839312469
24619.952663564909017 17.489631619219380809
24620.238625062105712 17.494324492270095561
24620.52776420104783 17.499046478678859984
24620.815417291705671 17.503721168864011304
24621.099683580552664 17.508318212594737417
24621.380995086641633 17.512845307276169393
24621.659777243658027 17.517309905159450523
24621.936448768508853 17.521719216908177685
24622.211410517062177 17.526080040408317018
24622.48504774551111 17.530398805231492076
24622.757726021056442 17.534681516054170913
24623.029795701408148 17.538933831109833505
24623.301588172806078 17.543161010325984961
24623.573404267652222 17.547367744163118175
24623.845411882979533 17.55155659277947322
24624.117903108293831 17.55573196713085693
24624.391148858423549 17.55989787038789629
24624.66540205110141 17.564057953920766408
24624.940895724204893 17.568215495452093933
24625.217841554585902 17.57237338399698956
24625.496428117901814 17.576534101668841004
24625.776820802253496 17.580699730794261626
24626.05916155905652 17.58487195868866948
24626.343564183924173 17.589052017026006069
24626.630111920636409 17.593240657442773767
24626.918859077566594 17.597438186581584318
24627.209831780040986 17.601644487937150529
24627.503028698021808 17.605859043109806095
24627.79469967766272 17.610027905897059242
24628.08376084702104 17.614136133475060575
24628.370449164212914 17.618187739148030602
24628.655002434519702 17.622186665077876455
24628.937661156236572 17.626136808828885449
24629.218667371907941 17.630042007554219907
24629.498268887869926 17.633906096587612211
24629.776720028658019 17.63773291848807645
24630.054282312448777 17.641526330543669587
24630.331225535399426 17.645290217430307678
24630.607828079271712 17.649028492663475731
24630.884376703827002 17.652745092797090365
24631.161048264824785 17.656442398057905052
24631.438109424383583 17.660123919884583188
24631.715860315307509 17.663793524301851789
24631.994602305123408 17.667454996275971268
24632.274635322311951 17.671112003266049584
24632.55625545012299 17.674768063083927672
24632.839753211952484 17.678426521566603213
24633.12542036431114 17.682090639579421065
24633.413546178868273 17.685763542945938553
24633.704410422546061 17.68944813224832302
24633.998290318853833 17.693147171072045154
24634.295462069581845 17.696863302956838737
24634.596200345655234 17.700599042115857884
24634.900774619669392 17.704356725361421354
24635.20944092528589 17.70813840983831966
24635.522429654225562 17.711945727003485018
24635.839924015839642 17.715779631010530437
24636.160322729047039 17.719619673614182886
24636.48392070979753 17.723468432817831797
24636.808300268618041 17.727296474179834007
24637.133094478907879 17.731099167198799194
24637.45860338410057 17.73487973058315248
24637.775473725243501 17.738530504903341267
24638.084949351090472 17.742067907749930811
24638.38827571519505 17.745507891985386806
24638.68657221160538 17.748864533446429448
24638.980833586872905 17.7521501167019089
24639.271952652143227 17.755375450087111489
24639.560720296416548 17.758549916653748824
24639.847850383226614 17.761681792672753488
24640.133989960857434 17.764778393096094078
24640.419719310444634 17.767846101590777153
24640.705514377954387 17.770890000540831011
24640.991682899006264 17.77391324304934983
24641.278577801705978 17.776919351506691669
24641.559649294071278 17.779840295891279567
24641.835613385053875 17.782684862533457704
24642.107122916771914 17.78546093883935697
24642.374765226602904 17.788175523798749111
24642.639067540429096 17.790834815065355912
24642.900498905779386 17.793444257323415059
24643.15947523891009 17.796008619136127749
24643.416361536263139 17.798532038494723651
24643.671485850831232 17.801018180570402194
24643.925138533933932 17.803470246378079622
24644.177585846129659 17.805891118533367035
24644.429074553154351 17.808283414963181457
24644.679833224719914 17.81064950918564449
24644.930079763595131 17.812991607875218847
24645.180032037300407 17.815311853467878933
24645.429899719350942 17.817612249492256637
24645.679838120329805 17.819894243907473452
24645.93000961969301 17.822159303578015255
24646.180630636034039 17.824409331264938317
24646.431922502393718 17.826646209107082086
24646.684113331510162 17.828871812698157129
24646.937441745645629 17.831088040412389262
24647.192158386576921 17.833296821671741128
24647.448526442170987 17.835500115857097825
24647.706822514162923 17.837699913526165574
24647.967338196820492 17.839898243021266921
24648.230381882131041 17.842097177874123304
24648.496280237275641 17.844298840243780546
24648.765380373835796 17.846505408816501159
24649.038053210417274 17.848719134698470157
24649.31469618695337 17.850942349815053234
24649.595742397843424 17.853177523903429602
24649.881665405300737 17.855427282054058935
24650.172975894824049 17.857694355311323875
24650.470240899048804 17.85998170408708674
24650.768490545135137 17.862250194737420372
24651.066951497454284 17.864493807547578541
24651.365788936844183 17.866713724001471064
24651.664385011059494 17.86890535115778178
24651.963119452255341 17.871071501330856535
24652.262382456567138 17.873214923278347044
24652.562757411084021 17.875339581586619175
24652.8648995720323 17.877449727308523109
24653.168996484011586 17.879546167420464542
24653.474153743813076 17.881622322261634395
24653.780350137152709 17.883677752446491382
24654.08753729914315 17.885711842614909983
24654.395641220969992 17.887723823413594459
24654.704564404488337 17.889712796968783692
24655.014189033208822 17.891677767727948378
24655.324380389389262 17.893617672708987953
24655.634991164806706 17.895531415741025683
24655.945866306810785 17.897417902688577129
24656.25683618605035 17.899276004862620937
24656.567683324628888 17.901104371970301798
24656.87826541395043 17.902902161146489135
24657.188453290142206 17.904668651773828714
24657.49813581381386 17.90640326665307569
24657.807223879011872 17.908105585634693568
24658.115652853222855 17.909775348634887848
24658.423383230190666 17.911412447838806372
24658.730402356268314 17.913016925083194764
24659.036719292493217 17.914588933315410912
24659.340286051738076 17.916118351053309965
24659.639664608992462 17.917598805942184015
24659.935026154762454 17.919032184307198463
24660.226624040791648 17.920420685991960141
24660.514773708800931 17.92176669623832197
24660.799837362726976 17.92307269068668063
24661.082207373347046 17.924341143100281926
24661.362293555237557 17.925574458804053535
24661.640514651488047 17.926774932484178748
24661.917291114321415 17.927944715456440861
24662.193040577290958 17.929085797195245533
24662.468174913505209 17.930199995078872632
24662.74309867233751 17.93128895049633087
24663.018115813727491 17.932353774256593937
24663.293512702246517 17.933395400499172467
24663.569672468522185 17.934415010348338626
24663.846969352907763 17.935413610467634271
24664.125768918223912 17.936392035093028596
24664.406428198246431 17.937350947280108926
24664.689295768759621 17.938290839419352096
24664.974711308052065 17.939212031740716213
24665.263004922086111 17.940114669959722704
24665.554496739190654 17.94099872382408023
24665.84949579439126 17.941863983609390942
24666.148299000320549 17.942710057287552416
24666.451191812233446 17.943536372744070206
24666.758450482579065 17.944342183627195908
24667.070338326808269 17.945126558964197727
24667.387104281911888 17.945888380642021076
24667.708976041994902 17.946626330205592836
24668.036165334811812 17.947338906250593027
24668.368881872836937 17.948024456022054096
24668.707330130826449 17.94868116520020962
24669.048260436076816 17.949300999267489232
24669.389162794490403 17.94987870454178136
24669.730396811795799 17.950414599553170092
24670.072600850111485 17.95090921447100385
24670.416514458611346 17.951362889349145036
24670.762917407839268 17.95177563433761847
24671.112622938959248 17.952147087525524682
24671.466478783946513 17.952476481674811026
24671.825373399271484 17.952762610501885376
24672.190247872207692 17.95300378930018681
24672.562111907369399 17.953197803002648669
24672.938156914911815 17.953340633635338719
24673.313565134169039 17.953429504076854784
24673.683689685636637 17.953464405064199383
24674.047478772496106 17.953447547201673018
24674.406230572079949 17.95338111780348811
24674.761083679069998 17.953266638220529927
24675.113108134941285 17.953105040314969898
24675.463290244184464 17.952896733037853494
24675.812592511170806 17.952641617280395536
24676.161962560861866 17.952339096370796057
24676.511917067604372 17.951988530676146638
24676.863435786108312 17.951588450732270275
24677.217557139490964 17.951136780036346607
24677.567577861616883 17.950642348013957417
24677.914763200740708 17.950104770628986017
24678.259898898751999 17.949523817012050131
24678.60377169324056 17.948898835590338052
24678.947216720178403 17.948228662453246329
24679.290871191438782 17.947512121720446743
24679.635236461934255 17.946748016975625717
24679.978768823606515 17.945939841952668559
24680.318021798502741 17.945096777841911262
24680.654291206639755 17.944217101507927481
24680.9888076865318 17.94329858915879683
24681.32276222944347 17.942338497001365738
24681.657029591991886 17.941334443136341292
24681.992529684412148 17.940283458893940605
24682.330541617877316 17.939180914906661002
24682.67238867899141 17.938021373019054749
24683.011061526565754 17.93682860381932187
24683.34333602845436 17.93561593964091827
24683.670532425468991 17.934380869863193908
24683.993817137627047 17.933120797084740161
24684.314238085793477 17.931833012361938273
24684.632771411928843 17.930514588781203855
24684.950325625712139 17.929162419566406328
24685.26774490002208 17.927773252501086887
24685.585523772944725 17.926345032610797148
24685.904360428237851 17.924874526510709671
24686.225011101509153 17.923357901043644347
24686.548236547700071 17.921790951707983197
24686.874862043150642 17.92016879659719919
24687.205812627842533 17.918485652872931269
24687.541995861563919 17.916735387892767761
24687.88404428071226 17.91491290860580321
24688.232231064725056 17.913014786089441088
24688.586623985615006 17.911038605193436268
24688.947283593308384 17.908981949668916656
24689.314416220207931 17.906841505277824922
24689.685951085190027 17.90462756155031343
24690.058297189392761 17.9023608317635059
24690.42705492749883 17.900068958346469827
24690.794925807407708 17.897736325552873637
24691.163685395255015 17.895351998263446802
24691.535551490054786 17.8929012176765454
24691.909211898404465 17.890392053912872683
24692.279597854281747 17.887859162658255485
24692.647263444254349 17.885300197443278591
24693.012691984647972 17.882713028180305059
24693.376317660455243 17.880095635135944576
24693.738547396638751 17.877445983575650956
24694.09978197172677 17.874761887279781547
24694.459985663648695 17.872044288301566439
24694.811236898171046 17.86935496199290796
24695.155079798907536 17.866685092242565958
24695.492842632676911 17.864026813914563263
24695.825693162059906 17.861372924464134826
24696.154688977749174 17.858716588762327149
24696.480783877130307 17.856051365593145874
24696.804866182927071 17.85337095793762785
24697.127776806813927 17.850669106242236239
24697.450324985944462 17.847939487201937681
24697.773093257539585 17.845177414390654747
24698.096701789134386 17.842377650676056078
24698.421964629767899 17.839533019574965067
24698.749723072156485 17.836635796863824055
24699.080864048148214 17.833677532727904236
24699.416273048591393 17.830649455614398846
24699.756987315216975 17.827541063866597426
24700.104222855257831 17.824339795841396494
24700.447947916498379 17.821137935315064738
24700.786732196294906 17.817950230721020688
24701.122071701793175 17.814763985153206249
24701.455489831940213 17.811565656236322042
24701.78883275062617 17.808337990826021979
24702.123008740236401 17.805072270080948726
24702.459818616087432 17.801750602300113968
24702.801368132331845 17.798351396231279153
24703.150057060713152 17.794849323222639015
24703.493853124036832 17.791365093842752998
24703.832019120418408 17.787907761786456717
24704.165245992309792 17.784471809892981042
24704.494208015425102 17.781051616654995229
24704.819563124856359 17.777641472174771309
24705.141927006967308 17.774235870237983903
24705.461946885490761 17.770828745902861101
24705.780271889947471 17.767413788985713552
24706.097557717796008 17.763984398851278002
24706.414476833011577 17.760533575149114682
24706.728031918617489 17.75709449628870118
24707.036216071559465 17.753690296147961902
24707.340548544168996 17.750305349833080726
24707.642194574862515 17.746927526799030517
24707.94220182663048 17.743545664955437502
24708.241512614698877 17.740149484685609593
24708.540912754291639 17.736730219910675999
24708.840853896541375 17.733282727815890212
24709.142104134625697 17.729798063729560909
24709.445411022570624 17.726267301086242156
24709.751517863056506 17.722681347382387429
24710.061175714741694 17.719030802480023823
24710.375154554367327 17.715305820555837357
24710.694253052351996 17.711495982545073957
24711.019301671964058 17.707590243373626748
24711.351151048758766 17.703577055068578261
24711.690676914793585 17.699444291948239538
24712.038802685950941 17.695178955077238925
24712.396491533007065 17.690767241931677489
24712.754824858380744 17.686318125898512932
24713.108923216328549 17.681892864953123734
24713.45989283167728 17.677478759097336791
24713.808747943599883 17.673063910970157053
24714.156422028147063 17.668637131094282466
24714.503775433528062 17.664187880521676988
24714.851532466767821 17.65970711894958356
24715.19970252920757 17.655194885248135961
24715.546623968308268 17.650673064835693538
24715.892466034347308 17.646139968772956763
24716.237413819395442 17.641593647181387894
24716.581668168582837 17.63703188584661774
24716.92545828060247 17.6324520335279189
24717.269026666777791 17.627851195269101936
24717.612635048699303 17.623226149551541653
24717.956448596902192 17.618574913097425849
24718.29991349253396 17.61390525811441421
24718.642407134891982 17.609226045870880029
24718.983944211449852 17.604537527823634235
24719.324539182896842 17.599839948404742529
24719.664206272605952 17.59513354501152449
24720.002959468580229 17.590418548072587868
24720.340812515700236 17.585695181082922289
24720.677778909921471 17.580963660671375948
24721.01387189385423 17.576224196701947022
24721.349104457734938 17.5714769924794183
24721.683489339382504 17.566722244873695047
24722.017039025795384 17.561960144453724553
24722.349765757229761 17.557190875631611959
24722.681681528185436 17.552414616798273528
24723.012798096911865 17.547631540477606649
24723.343126996765932 17.542841813493478043
24723.672679548180895 17.538045597113185892
24724.001466871894081 17.533243047180743446
24724.329499903655233 17.528434314257470561
24724.653786386887077 17.523663798278192871
24724.975119366543368 17.518920523425165925
24725.295027342810499 17.514182427365895478
24725.615031871268002 17.509427240688800964
24725.936168637610535 17.5046396501359105
24726.257206545349618 17.499838100999326684
24726.575010680826381 17.495069883544488221
24726.890653090991691 17.49031945432048829
24727.205117135865294 17.485572403331687497
24727.519319018367241 17.480815155876367584
24727.833832423213607 17.476039181399091405
24728.149336227492313 17.47123424540550829
24728.466584381640132 17.466388850144323186
24728.785262494551716 17.461507759493951397
24729.10333762441951 17.456622232496176395
24729.420820080045814 17.451732365504298627
24729.737720279968926 17.44683825314114145
24730.054048763904575 17.441939988320189769
24730.369816199450725 17.43703766222025564
24730.685033386154828 17.432131364237122284
24730.999711256004957 17.427221181904631209
24731.313860870941426 17.422307200795927429
24731.62749341799281 17.417389504409477752
24731.940620202632999 17.412468174057227799
24732.25223855094373 17.407559281921479055
24732.562021249275858 17.402668365014761775
24732.870267925758526 17.397791071535348095
24733.177277722181316 17.392923011286793411
24733.483348956699047 17.388059763222372567
24733.788778984155215 17.383196879817155889
24734.093864030044642 17.378329891796255424
24734.398902773536975 17.373454252842662981
24734.704078189839493 17.368567234958881329
24735.009649172348873 17.363664870044861033
24735.315902534515772 17.358742712209725312
24735.623116860839218 17.353796417925277495
24735.930776245979359 17.348834440655199529
24736.238092872579728 17.343869689363774711
24736.545078564653522 17.338902207038827896
24736.851745136082172 17.333932034509590636
24737.158104395301052 17.328959210556622139
24737.464168151833292 17.323983772029244221
24737.769948225035478 17.319005753934991532
24738.075456454320374 17.314025189525967363
24738.380704711991712 17.30904211037519147
24738.685704918578267 17.304056546430178543
24738.990469058931922 17.299068526049087069
24739.295009199326159 17.29407807603044489
24739.599337504489085 17.289085221622723765
24739.903466255909734 17.284089986481902201
24740.207407870104362 17.279092392644592735
24740.511174917843164 17.274092460495015899
24740.814780144148244 17.269090208710377254
24741.118236488462571 17.26408565419026786
24741.421557105371903 17.259078811969416734
24741.724755385941535 17.254069695109190974
24742.02784497882385 17.24905831456971228
24742.330839811664191 17.244044679069741477
24742.633754113292525 17.239028794935055799
24742.9366024344381 17.234010665912105509
24743.239399670226703 17.228990292971715803
24743.542161082856182 17.223967674102542702
24743.844902323537099 17.218942804079883757
24744.147639455713943 17.213915674241700771
24744.450382888499007 17.208886373416707016
24744.753147185503622 17.203854925183080127
24745.055949538855202 17.198821313235914232
24745.358807630596857 17.193785517032726062
24745.661739655686688 17.18874751155474101
24745.964764344411378 17.18370726709137486
24746.267900985167216 17.178664749032421355
24746.571169447444845 17.173619917662950485
24746.874590204784909 17.168572727969284131
24747.178184357595455 17.163523129437454173
24747.481973656405899 17.158471065837403557
24747.785980524680781 17.153416474976776129
24748.090228080851375 17.148359288498649988
24748.393616224795551 17.143318104117376777
24748.69665350568539 17.138284779115764422
24748.999885219622229 17.133250575499335611
24749.303864556830376 17.128206645513049722
24749.609309428371489 17.123141437911328921
24749.915519408896216 17.118066939170777374
24750.222152551719773 17.112989177988982448
24750.529238272218208 17.107908028886484431
24750.836806850216817 17.102823358184096492
24751.144889436352969 17.097735023771601703
24751.45351805282553 17.092642874884074189
24751.762725588043395 17.087546751909972187
24752.072545784809336 17.082446486201245506
24752.383013220940484 17.077341899904819655
24752.694163281947112 17.072232805831404789
24753.006032126239006 17.067119007356598814
24753.317852834556106 17.062013449801526122
24753.628355878201546 17.056937208599784128
24753.932901488817151 17.051966184962594753
24754.232852868892223 17.047078018538467603
24754.529573377607448 17.04225045963166707
24754.824367647623149 17.037462334044167989
24755.118536377984128 17.032692656466871028
24755.41310978999536 17.027924949571652036
24755.709282253697893 17.023140198236923482
24756.008797072961897 17.018310685248756897
24756.312433152099402 17.013424420590578023
24756.615995418767852 17.008549323353076232
24756.919612955414777 17.003683524197672483
24757.223426381176978 16.998824976473422055
24757.527621564848232 16.993970922081572894
24757.832387404490873 16.989118572231230786
24758.137914914412249 16.984265123994120472
24758.44439573262207 16.979407785851112322
24758.752021468797466 16.974543789607437816
24759.060985069256276 16.969670370391465752
24759.371482371552702 16.964784743985521942
24759.683409472410858 16.959888852983535656
24759.992847762263409 16.955044268704192234
24760.299971774104051 16.950248094471888294
24760.60495969207841 16.945497396276074653
24760.907993458051351 16.94078920313141623
24761.209256037847808 16.936120551296564685
24761.508941822648922 16.931488324985625837
24761.807256875559688 16.926889255874925766
24762.104394250061887 16.922320305498718795
24762.400552983384841 16.917778372683049071
24762.6959303953372 16.913260413311295594
24762.990732199494232 16.908763286864690656
24763.285168684542441 16.904283817071274143
24763.579457180039753 16.899818756435102785
24763.873795011400944 16.895365197339920371
24764.168324446069164 16.890921097059649725
24764.463286419952055 16.88648295728147275
24764.758937012873503 16.882047097512764111
24765.055547055992065 16.877609665532567362
24765.353402674121753 16.873166634040650536
24765.652814106259029 16.868713674756374843
24765.954125545598799 16.864246020106072876
24766.257720005443844 16.859758401492566549
24766.564046033079649 16.855244668116728946
24766.873608398316719 16.850697942550784347
24767.186962595587829 16.846110719148946089
24767.504748467690661 16.84147439239808719
24767.827703828508675 16.836779087492260487
24768.156291494207835 16.832019087735606178
24768.485501256465795 16.827267651494747014
24768.814573891839245 16.82253596300396481
24769.141489053610712 16.817853072217523902
24769.466717919080111 16.813212097374364618
24769.790715995681239 16.80860647503203964
24770.113926272260869 16.804029911586916057
24770.436466176171962 16.799480786682664757
24770.759178187789075 16.794947332452256461
24771.082370478114171 16.790425423016834827
24771.406291569932364 16.785911823231117523
24771.731385159484489 16.781400642332506834
24772.051702492910408 16.776974230864208693
24772.366463238966389 16.772642577471753356
24772.676472538048984 16.768393799133775701
24772.98246611621289 16.764217129981769716
24773.285125629387039 16.760102690677339154
24773.58509131374376 16.756041300210288369
24773.882970365855726 16.752024350060644053
24774.179348299086996 16.748043641796439118
24774.474792879547749 16.744091327887236531
24774.769857092440361 16.740159867070392608
24775.065021100122976 16.736242789034278644
24775.360605850441061 16.732335814928223527
24775.657120216688782 16.728432254948074842
24775.955044786707731 16.724525888021886999
24776.254822020029678 16.720611083452908474
24776.556844324699341 16.716682946606677973
24776.861441297500278 16.712737471706269332
24777.168867982578377 16.708771677450279469
24777.479296518700721 16.704783695330789328
24777.792813695326913 16.700772779687735436
24778.109426469356549 16.696739215581420268
24778.420917823870695 16.692787401231914401
24778.726017081051396 16.68893243631947243
24779.025461441524385 16.685163975323039409
24779.319989499406802 16.681471833313985087
24779.610321223899518 16.677846226363371329
24779.897153476875246 16.674277814558855937
24780.181136601826438 16.670757979308959307
24780.462881083112734 16.667278724942452328
24780.742958001963416 16.663832659575010808
24781.02190189097746 16.660412947837581754
24781.300227895899297 16.657013090833274305
24781.578410102545604 16.653627183150497615
24781.856745977380342 16.650251543544264621
24782.135604712300847 16.646881679929965259
24782.415411458398012 16.643512493934597529
24782.696571728822164 16.640139198061358883
24782.979483477971371 16.636757167244603295
24783.264549520208675 16.633361789820181542
24783.552173382166075 16.629948518273582891
24783.842762871518062 16.626512828135773248
24784.132036325849185 16.623105404383142769
24784.418992611870635 16.619737757725182803
24784.703741048600932 16.616408271046374523
24784.986393250281253 16.613115325387013854
24785.267070789570425 16.609857210735093247
24785.545896837727923 16.606632223759657307
24785.823000513861189 16.603438617277234357
24786.098519180282892 16.600274574380080139
24786.372629233272164 16.597137857648498027
24786.645481049919908 16.594026556783116888
24786.917231985993567 16.590938708368408783
24787.188046097729966 16.587872299780340057
24787.458094008714397 16.584825271421813397
24787.72755134653562 16.581795535011803366
24787.996601814531459 16.578780939711244002
24788.265436286379554 16.575779283314613366
24788.534252212997671 16.572788319804605095
24788.803172384359641 16.569806659384809677
24789.072403266309266 16.566832007301332652
24789.34215912921718 16.563862013641109883
24789.612663727566542 16.560894256158110949
24789.884149195644568 16.557926253908117786
24790.156855603818258 16.55495547348142793
24790.431033300577838 16.551979304996589093
24790.705925731213938 16.549006046047331608
24790.981442120857537 16.546036711694220855
24791.258154365503287 16.543065196694406893
24791.53664135141662 16.540085406492007536
24791.812939250106865 16.537139676168656877
24792.087233196820307 16.534225735676731261
24792.359874272628076 16.531339591003092693
24792.631199079769431 16.528477453973323463
24792.901529469741945 16.525635741125441314
24793.171173371996701 16.522811061233767305
24793.44042181997429 16.520000242828000836
24793.709554781704355 16.517200269798756551
24793.978767529340985 16.514409040860307698
24794.248267663770093 16.511624353197653647
24794.51828243964701 16.508843829007531667
24794.789025658326864 16.506065257818377745
24795.060728861481039 16.503286275362299307
24795.333618422726431 16.500504599555338103
24795.607916727545671 16.497718017471743934
24795.883843908977724 16.494924367009346611
24796.161725411438965 16.492120452950654652
24796.44192532220768 16.489302734252405003
24796.72474359377884 16.486468358986691385
24797.010495412032469 16.4836143621904192
24797.299518446656293 16.480737596690357094
24797.592183415817999 16.477834632721595653
24797.888902468446759 16.474901681413836485
24798.190137101348228 16.471934524808876432
24798.496410895389999 16.468928400615343577
24798.80832500872566 16.465877863114965152
24799.125793654580775 16.462784234949193518
24799.443821686876618 16.459696407113757033
24799.762671617139858 16.456611796691611005
24800.079825247346889 16.453554616267112465
24800.389376558141521 16.450581221874713833
24800.691710501305351 16.447687086574852344
24800.987381289229234 16.444866154167893768
24801.277041204128182 16.44211153560726757
24801.561388586065732 16.439416009617630721
24801.841121851324715 16.436772456991064928
24802.116923679735919 16.434174003588417179
24802.389448128724325 16.431614134021064189
24802.65931191112395 16.429086765119276237
24802.927138659029879 16.42658582475471718
24803.1934564708572 16.424106202665431198
24803.458757308711938 16.421643184888644385
24803.723501522643346 16.419192405647489608
24803.988123527014977 16.416749789765709977
24804.252899088223785 16.414312768235966189
24804.51816625853462 16.411878232058903393
24804.78432142380916 16.409442576331887409
24805.051756422679318 16.407002280785111026
24805.320865069494175 16.404553849987571823
24805.592049723160017 16.402093754359405864
24805.865728053737257 16.399618370646148691
24806.14234022522578 16.39712391995394114
24806.422071545184735 16.394608961438855488
24806.700003917165304 16.39211775050792852
24806.976287110250269 16.389648790261947653
24807.251064324467734 16.387200660672061048
24807.524471731190715 16.384772021350524795
24807.796642068602523 16.382361578448058737
24808.067712463271164 16.379968014909593421
24808.337808363870863 16.377590131984220534
24808.607053327261383 16.375226761668510989
24808.875570164673263 16.372876756222513706
24809.143480188231479 16.370538994441350411
24809.410906252403947 16.368212354869900338
24809.677972831563238 16.365895715189392234
24809.94480406283401 16.363587969199652861
24810.211525964288739 16.361288007572238001
24810.478258644758171 16.358994784874134609
24810.745074861726607 16.356707673453783514
24811.012107803595427 16.354425537578805461
24811.27949375271055 16.352147228949352353
24811.54737341578948 16.349871575808759161
24811.815892410853849 16.347597379400859552
24812.085201560978021 16.345323412154392884
24812.355457632442267 16.343048412205128272
24812.626823879501899 16.340771079681822187
24812.8994710543775 16.3384900692198336
24813.173577831606963 16.336203987550099725
24813.44933168695934 16.333911387415323446
24813.726930225511751 16.331610757955907332
24814.006582566671568 16.329300514894100615
24814.288501252831338 16.32697906889372419
24814.572911383376777 16.324644751542621179
24814.860061398285325 16.322295729406185671
24815.150215059882612 16.319930072984867309
24815.443656936418847 16.317545714958164638
24815.740695248099655 16.315140430803435123
24816.041661414747068 16.31271184664701579
24816.346914955160173 16.310257404288059035
24816.656848920811171 16.307774323045954645
24816.971899392705382 16.305259530499274234
24817.29254136146119 16.302709703397017194
24817.619291196482664 16.300121256216655752
24817.952724113612931 16.297490212602991022
24818.29348373513858 16.294812142822099332
24818.642294211957051 16.292082083997101449
24818.988331002838095 16.289385003735745272
24819.329043243349588 16.28674038210016306
24819.66508211006294 16.284142678165139273
24819.99736882308207 16.281584366376087303
24820.327090765593312 16.279056005025292819
24820.655697414669703 16.276546305119175884
24820.984603612847422 16.274044420933552857
24821.31015757338173 16.271577989389431451
24821.628145252776449 16.26917844128501045
24821.93923688531504 16.266840076297377493
24822.244083321398648 16.264557432443616847
24822.543308243017236 16.262325337088917365
24822.837520153232617 16.260138810588266267
24823.127300736974576 16.257993147113722898
24823.413220094978897 16.255883796193767665
24823.695832091216289 16.253806393094208715
24823.975684462824574 16.251756680927076815
24824.253316820293549 16.249730522940328825
24824.529261693623994 16.247723892732096829
24824.804042949970608 16.245732883950502412
24825.078169279415306 16.24375375558694401
24825.352119574345124 16.241783034757094839
24825.626216444616148 16.239818417795039096
24825.9007522573811 16.237857851546166899
24826.176024710734055 16.235899276988735807
24826.451644070475595 16.23394553176036581
24826.727538161401753 16.23199717499725736
24827.004282007284928 16.230050214616273507
24827.282157908863155 16.228102769039487896
24827.559400838359579 16.22616725398347981
24827.835205684503308 16.224249232429961864
24828.108764541066193 16.222354200117347744
24828.379368304431409 16.220486886059884313
24828.646476878009707 16.21865078521488357
24828.909756734363327 16.216847925432873012
24829.169079711471568 16.215078903802691457
24829.424495521856443 16.213343100343436731
24829.676189888210502 16.21163898377666257
24829.924440639479144 16.20996442398681836
24830.16957411450494 16.208316995375284364
24830.41194502306098 16.20669411675305227
24830.651909590596915 16.205093232957551663
24830.889807669402217 16.203511933099420617
24831.125963497092016 16.201947943057081858
24831.360678279026615 16.200399172067971421
24831.594230263555801 16.198863709194867511
24831.826875551887497 16.197339815103273253
24832.058850761033682 16.195825901967385363
24832.290381415612501 16.194320476649142648
24832.521672483308066 16.192822200600993199
24832.752916900219134 16.1913298325542101
24832.984239632016397 16.18984258615526528
24833.215801549784373 16.188359457763230154
24833.44776816200465 16.18687943010153063
24833.68029721464336 16.185401551675493437
24833.913539526107343 16.183924930756948157
24834.147639516879281 16.182448731426479327
24834.382735574577964 16.180972170740940186
24834.618960489842721 16.179494515525536968
24834.856441783285845 16.178015079919127572
24835.095301970675791 16.176533223355853863
24835.335658846201113 16.175048348483542782
24835.577625375291973 16.173559901525727867
24835.821309598857624 16.172067372563152077
24836.066814755784435 16.17057029447441252
24836.314239115163218 16.169068243658792028
24836.563675571622298 16.16756084215237621
24836.815204953985813 16.166047797405099118
24837.068903928749933 16.164528853733934
24837.324850389406492 16.163003760037799594
24837.583115877201635 16.161472315156633073
24837.843765046582121 16.159934370444464236
24838.106854420788295 16.158389836383982185
24838.372433015865681 16.156838678067909854
24838.64054253759241 16.15528091322457982
24838.911216492528183 16.153716616497813874
24839.184480259165866 16.152145918007896341
24839.460351511886984 16.150568999870031917
24839.73884176422871 16.148986086395314743
24840.019961474234151 16.147397414475072708
24840.303716480961157 16.145803253481137318
24840.590107944619376 16.144203904935221061
24840.879138505173614 16.142599667713803058
24841.170810248277121 16.140990849527732109
24841.46512505881401 16.139377764935666448
24841.762089898824343 16.137760706687437562
24842.061711520895187 16.136139975149049519
24842.364004047027265 16.134515837697101404
24842.669002265582094 16.132888459384329138
24842.976734062347532 16.131258052382094093
24843.287244267827191 16.129624749757596192
24843.600629496686452 16.127988427549087902
24843.91471460622779 16.126360710849848346
24844.224543139673187 16.124767136870914896
24844.531032969840453 16.123202597929601865
24844.835062877624296 16.121662325215670108
24845.137493667210947 16.120141773759481651
24845.439197919255093 16.1186364702299052
24845.741001096983382 16.117142305586270368
24846.04347655859965 16.115656529650106421
24846.347684025146009 16.114174119036782429
24846.654836905585398 16.112689476141799361
24846.966269368153007 16.111196621401575158
24847.275332238645206 16.109727578399013481
24847.580222214510286 16.108290556918888115
24847.881926112942892 16.106880494009811144
24848.181310262731131 16.10549303785514752
24848.479183080489747 16.104124235352703209
24848.776342641394876 16.102770303481975134
24849.073513629158697 16.101427910089405771
24849.371066267620336 16.100095412575416987
24849.669733492239175 16.098769619202077052
24849.970261240196123 16.097447392404095723
24850.269964828057709 16.096140599090272616
24850.565996536199236 16.094861381312831838
24850.854274173434533 16.093626702781019588
24851.135693123513192 16.092431883264531223
24851.411154257464659 16.091272370420103499
24851.681516734075558 16.090143929470695383
24851.94753317287541 16.089042896547560701
24852.209928638119891 16.087965832200932681
24852.469362627933151 16.086909666662247531
24852.726435243694141 16.085871660698742858
24852.981682709363668 16.084849411052985602
24853.235611814263393 16.083840701740129475
24853.488754996298667 16.082843281598844243
24853.741551574701589 16.081855329423738965
24853.994388037932367 16.080875282632838719
24854.247497172327712 16.079902214443801967
24854.501279478416109 16.078934588747848977
24854.75613110077029 16.07797093426670898
24855.012449934511096 16.077009820842736332
24855.270643468677008 16.076049830593024836
24855.531132898635406 16.075089544378972306
24855.794357281320117 16.074127529048880092
24856.060782315711549 16.073162308951022936
24856.330909266667732 16.072192338807465006
24856.605285339210241 16.071215973422855683
24856.884511258987914 16.070231449538113111
24857.169252323805267 16.069236857525226014
24857.460254151203117 16.068230099660173238
24857.758370613024454 16.067208810762032556
24858.064626056191628 16.066170169892828312
24858.367412397219596 16.065153687242204938
24858.666998092743597 16.064158024113257994
24858.964477356024872 16.063179183721054244
24859.260812213262398 16.062213747892613469
24859.556850201312045 16.061258793961492586
24859.853219748936681 16.060312205574081901
24860.148907002407213 16.059377114034699474
24860.436639672025194 16.05847602745866709
24860.717205544624449 16.05760571165435735
24860.991319154349185 16.056763278826096553
24861.25963666356256 16.055946124005338049
24861.522817057746579 16.055151726470931806
24861.781404319957801 16.054377995396734491
24862.035899288362998 16.0536230379254512
24862.286767008547031 16.052885128430869344
24862.534440910116246 16.052162688828556014
24862.779327968095458 16.051454267249546604
24863.021908810929745 16.050758246636675608
24863.262559020658955 16.050073357852440381
24863.501640501508518 16.04939840893247549
24863.739506792571774 16.04873226739531944
24863.97650716906719 16.048073846837759504
24864.212991679749393 16.047422091691068147
24864.449316364025435 16.046775962306544017
24864.685745482362108 16.046134699064889872
24864.922575158194377 16.045497480594914208
24865.160203648425522 16.044863240079035194
24865.399059008679615 16.044230866687385628
24865.639609968980949 16.043599180143090166
24865.882378835522104 16.042966901611830366
24866.127954871433758 16.04233262525347925
24866.377014096477069 16.041694775459124145
24866.630339411327441 16.041051566315260857
24866.888841432344634 16.040400962613183822
24867.153585599840881 16.039740629034838548
24867.425798370502889 16.03906793585220214
24867.706901004872634 16.038379900142391676
24867.998544014728395 16.0376731327749944
24868.302568869905372 16.036943967481501971
24868.62093525606906 16.036188669621182612
24868.955547871504677 16.035403871881271698
24869.295113480304281 16.034616856447986066
24869.634708444889839 16.03383916538664522
24869.974566053086164 16.033070199934886801
24870.311868917560787 16.032316164961752492
24870.644099735833151 16.031582306452424547
24870.97241220180149 16.030865649563025954
24871.297895450403303 16.030163486833711062
24871.621646936506295 16.029473210093080127
24871.944782020778803 16.028792287218536217
24872.268204171472462 16.02811873685851296
24872.592848744548974 16.027450601513212547
24872.920089422343153 16.026785128635118838
24873.2514508483182 16.026119397505294017
24873.588688350489974 16.025450181276649886
24873.933913400287565 16.024773733947061061
24874.289315790367255 16.024086374462548577
24874.650100597558776 16.023397890749556893
24875.013010433151067 16.022714703958996552
24875.375970025630522 16.022040719508964912
24875.739445652801805 16.021375009113491217
24876.104302566480328 16.020715977261929197
24876.471466264134506 16.020062009632194844
24876.84051608291702 16.019413932041988602
24877.208535990863311 16.018776817325878881
24877.576059180293669 16.018149608178791965
24877.943612788472819 16.017531312979155445
24878.311050903354044 16.016922101755785235
24878.675557766833663 16.016326463838410632
24879.038085886553745 16.015742602167122755
24879.39975245720052 16.015168555421425367
24879.761576162502024 16.014602622970866008
24880.11708588856709 16.014054658943706499
24880.46568704895617 16.013525082711858261
24880.808559952114592 16.013011639034829159
24881.146791219111037 16.012512325110495937
24881.481436689373368 16.012025284278898596
24881.813295853786258 16.011549119861903989
24882.143108278429281 16.011082590052623686
24882.471562583559717 16.010624587344164382
24882.799305564753013 16.010174119448500107
24883.126830765671912 16.00973045387798166
24883.454551144823199 16.009293005798966192
24883.782944468966889 16.008861139900350423
24884.112578112228221 16.008434144679682731
24884.444009601491416 16.008011367102945144
24884.777788914161647 16.007592208908739906
24885.114457371189928 16.007176127573934821
24885.449972842969146 16.006768152695940444
24885.783229495573323 16.006369510898185382
24886.114626123511698 16.005979588322762908
24886.444552528308122 16.005597814692084313
24886.773364032560494 16.005223690433954431
24887.101423972097109 16.004856735613032015
24887.429086329291749 16.004496509113995018
24887.756704306448228 16.004142598139303288
24888.084481434583722 16.003794774333613304
24888.412749887753307 16.003452691841076216
24888.741879226123274 16.003115991809995222
24889.072253457317856 16.002784328577003947
24889.404277667112183 16.002457364460312306
24889.738385356980871 16.002134764727220073
24890.068149459086271 16.001822653885593439
24890.393773962685373 16.001520580653433967
24890.715695655093441 16.001227902624759025
24891.034293181182875 16.000944063417531282
24891.349887425170891 16.000668586121246761
24891.662775853568746 16.000401038342374704
24891.973180687495187 16.00014107251632467
24892.281310941631091 15.999888368580107212
24892.587385361017368 15.999642614319370182
24892.891582054162427 15.999403545086074985
24893.194001028772618 15.999170968619946365
24893.49480611924082 15.998944652760926033
24893.794164639584778 15.998724374519500913
24894.092255029834632 15.998509914727097936
24894.389673723162559 15.998300775933685713
24894.686666441415582 15.99809673776057295
24894.98355421260203 15.997897545800698893
24895.280568439571653 15.997703024121150861
24895.578002201462368 15.997512972427697875
24895.876243442977284 15.997327150403334528
24896.175718765021884 15.997145318772021838
24896.476899258876074 15.996967238851587112
24896.780303191269923 15.9967926745320419
24897.086502985443076 15.996621392257317495
24897.396236479849904 15.996453105991211174
24897.710351767942484 15.996287519621510853
24898.029705755587202 15.99612438772524925
24898.355237272673548 15.995963481951465113
24898.688014145107445 15.995804577344483022
24899.029278531001182 15.995647444953995375
24899.373015284421854 15.995495098042640691
24899.714563366858783 15.995349570548638596
24900.054941656762821 15.995210303465263735
24900.391700874879461 15.995078139831820252
24900.720423965980444 15.994954488178466434
24901.043608580115688 15.994838046820593291
24901.363180661428487 15.994727873871729784
24901.680746625686879 15.994623254715552463
24901.997686441834958 15.99452364503396673
24902.314956623453327 15.994428708899205205
24902.633404200150835 15.994338199005420975
24902.954128715846309 15.994251853349174652
24903.27821496665274 15.994169480193749067
24903.605881268944358 15.994091154703109936
24903.93441428636288 15.994017600418727554
24904.264202232741809 15.993948753467295276
24904.595580506957049 15.993884584200074528
24904.92883099525352 15.993825093307213692
24905.264178389530571 15.993770308375498956
24905.60178623669708 15.993720280163868708
24905.940658996183629 15.993675215624337582
24906.276760110635223 15.993635597422420247
24906.611604323894426 15.993601137391564748
24906.946595412049646 15.99357164851356039
24907.282631639471219 15.993547061337016757
24907.621341958052653 15.993527323183034383
24907.964513003469619 15.99351247363955153
24908.314053476271511 15.993502659020386147
24908.669131898979686 15.993498159079191367
24909.025127413991868 15.993499164874629415
24909.381785054014472 15.993505695665112043
24909.738883138074016 15.993517756726754797
24910.096240103372111 15.993535342413748523
24910.453700042140554 15.99355843832825208
24910.811161674304458 15.993587025964973947
24911.168611442364636 15.993621090437086352
24911.526090940016729 15.993660623449695635
24911.881511411644169 15.993705335960871849
24912.231275461250334 15.993754590182724939
24912.576294473059534 15.993808272908189849
24912.917386249861011 15.993866312693253207
24913.255316111495631 15.993928679015777305
24913.590795315129071 15.993995376696734212
24913.924524242946063 15.994066450407178337
24914.253291448956588 15.994141070240511127
24914.576207974772842 15.994218805638601211
24914.894374562667508 15.994299701364809607
24915.208829387065634 15.994383847985037761
24915.520552414116537 15.994471376826279396
24915.830480459855607 15.994562459081194561
24916.133200639851566 15.994655326173560894
24916.427311933992314 15.99474924387246233
24916.71465568221538 15.994844511546004284
24916.996722759096883 15.994941402036769063
24917.274798712140182 15.995040188863541175
24917.549942297737289 15.995141123359303492
24917.823059593345533 15.995244448185387043
24918.094963809333422 15.99535041107721689
24918.36639964362621 15.995459268742541425
24918.637949483632838 15.995571243347436408
24918.910060008882283 15.995686524562689357
24919.183384338448377 15.995805412598485873
24919.45853599860493 15.995928218745580907
24919.736117227250361 15.996055276443335913
24920.016723269523936 15.996186942992736135
24920.300954047226696 15.996323605270472257
24920.589446548427077 15.996465696702522052
24920.882820926239219 15.99661367264245726
24921.181678099070268 15.996768008946744999
24921.486653400610521 15.9969292304212658
24921.798384017849457 15.997097896163502639
24922.116128262496204 15.997273827538935009
24922.429756585122959 15.997451433506050478
24922.740995733282034 15.997631551371005898
24923.051259079991723 15.997814918432359477
24923.361633408061607 15.99800214280100441
24923.672744354564202 15.998193598917520575
24923.979808787938964 15.99838626471588654
24924.279151555165299 15.998577606362022863
24924.571925472020666 15.998768095226122199
24924.85911809776735 15.998958152288789591
24925.141575990259298 15.999148152314770499
24925.420043521560729 15.999338440628903868
24925.695184243948461 15.999529340881055717
24925.967593432502326 15.999721158387467668
24926.237808498710365 15.99991418308583313
24926.506336043010378 16.000108705545134313
24926.773651816653 16.000305014778565038
24927.040203091797594 16.000503398009161771
24927.306422734091029 16.000704149586269409
24927.572689314718446 16.000907539355051057
24927.839256297291286 16.001113754706498327
24928.106538979882316 16.001323120559860058
24928.374951268709992 16.001535976930906457
24928.644916490873584 16.001752687592052382
24928.916873323854816 16.001973645444476091
24929.191282494539337 16.002199278943141536
24929.468630768817093 16.002430056736084651
24929.749443187454744 16.002666499621469143
24930.033632839196798 16.002908625609570947
24930.3187655368165 16.003154414803670846
24930.605036589080555 16.003404056301764768
24930.892636031352595 16.003657742693821575
24931.181750519237539 16.00391567152601624
24931.472570620651823 16.004178051787825154
24931.765284459368559 16.004445098331132158
24932.060079935403337 16.004717033867144949
24932.357149516472418 16.00499409351051483
24932.656693606713816 16.005276528272041503
24932.958931216075143 16.005564615765042191
24933.264096754748607 16.005858658157709584
24933.568675315967994 16.006155296734096538
24933.871898469977168 16.006453744801245165
24934.174010683291272 16.006754196962877046
24934.475267275167425 16.007056869137333166
24934.775935507739632 16.00736199997879794
24935.076294237027469 16.007669850906349751
24935.376636549055547 16.007980709223133431
24935.673195078910794 16.008290610162028145
24935.96629459322503 16.008599776903810863
24936.256453541314841 16.008908653831166902
24936.544200028736668 16.009217716708626256
24936.830053510791913 16.009527452573102835
24937.11452781096159 16.009838362091930009
24937.398127608663344 16.010150954960586489
24937.681375149506493 16.010465778924920954
24937.964683008205611 16.010783277126531488
24938.248363687867823 16.011103793749168034
24938.532925380397501 16.011427907547478355
24938.818885909058736 16.01175622622879402
24939.106778698744165 16.012089393783913494
24939.397175526155479 16.012428117858334531
24939.690676586898917 16.012773159876267925
24939.987907775524945 16.013125333287852925
24940.289533965573355 16.013485520945778262
24940.596247724326531 16.013854663650178622
24940.908780187088269 16.014233775170207963
24941.224894962866529 16.014620254848253467
24941.539558788688737 16.015007956396750899
24941.854122974025813 16.01539849920009928
24942.169245725963265 16.01579268304240955
24942.486099406763969 16.016191982062053967
24942.806020706553682 16.016598122520406378
24943.130541450773308 16.017013129812955441
24943.458071224944433 16.017435048746598625
24943.784307974645344 16.017858332388055231
24944.10966343200198 16.018283455237614987
24944.434507039131859 16.018710851019964281
24944.759159651235677 16.019140901988105696
24945.083874368523539 16.019573910773125647
24945.40881691659888 16.020010070719401085
24945.734238333025132 16.020449695943657531
24946.060384213807993 16.020893101075621701
24946.387503722591646 16.02134061319245717
24946.713039752354234 16.021788692364708595
24947.031906200831145 16.022230201688671514
24947.344740570802969 16.022665837926670207
24947.652112639058032 16.023096229053784612
24947.95454289578629 16.023521956184257675
24948.25251214322634 16.023943564092199665
24948.546469411190628 16.024361569991690146
24948.836840565720195 16.024776473826165102
24949.124035346823803 16.025188766812405561
24949.408454002455983 16.025598939804758913
24949.690489111755596 16.026007485012321752
24949.970532409268344 16.026414905138370415
24950.248978692503442 16.026821718558764474
24950.526230688807118 16.027228466108336846
24950.802699181826029 16.027635711083760839
24951.078812694482622 16.028044053446926398
24951.354978614406718 16.028454072164148414
24951.631488969087513 16.028866183589869365
24951.908849394512799 16.029281131051703824
24952.187601857433037 16.029699723937074651
24952.468298474061157 16.0301227989323678
24952.751556806608278 16.030551303918414874
24953.038116152838484 16.030986385256589699
24953.328820209932019 16.031429364588156261
24953.624651129830454 16.031881793888423715
24953.92682102505205 16.03234560013071075
24954.23678959251265 16.032823119222424424
24954.556275489816471 16.03331712124513686
24954.887373330278933 16.033831000874386064
24955.230349830737396 16.034365349914931898
24955.570278519542626 16.034896960848747938
24955.908205215455382 16.0354273944974004
24956.245175144533277 16.035958236561054235
24956.58224576892826 16.036491116600458895
24956.9199725236831 16.037026890006359281
24957.259515052493953 16.037567387430541999
24957.597015923223807 16.038106436934963739
24957.930777883066185 16.038641252189698605
24958.261434633961471 16.039172766204728759
24958.589644595784193 16.039701965924461291
24958.91603138206483 16.040229795393191381
24959.241117807810951 16.040757046805378394
24959.565516121201654 16.041284667194329216
24959.889848571019684 16.041813629959339238
24960.214487797304173 16.042344509198454006
24960.540076965287881 16.042878327583771636
24960.867370639611181 16.043416299504446698
24961.197181459538115 16.04395974452394924
24961.530419573999097 16.044510152803038494
24961.868129440968914 16.045069246920824924
24962.211538453957473 16.04563906394641748
24962.56212320276245 16.046222067629049235
24962.921706546512723 16.046821312975009022
24963.282922155733104 16.047424509897986411
24963.636462798200228 16.048016014395376061
24963.984865896643896 16.048599942499727433
24964.330363312052214 16.04917993228579931
24964.675017356606986 16.049759363448309557
24965.020245661195077 16.050340550552757435
24965.36763116711154 16.050926098879436665
24965.719274833270902 16.051519498909041062
24966.077441771980375 16.052124529647738171
24966.444697383336461 16.052745486204795355
24966.824077648365346 16.05338746552785878
24967.204406053351704 16.054031491070418269
24967.585401925724 16.054676999138624893
24967.967250830311968 16.055324214916225856
24968.350109433733451 16.055973314393114038
24968.734116271953098 16.056624442216534732
24969.110168054943642 16.057262071848484197
24969.470657551733893 16.057873225194565947
24969.818345715706528 16.058462522358524893
24970.155246338828874 16.059033328009245878
24970.483120534194313 16.059588585686540796
24970.803493020484893 16.060130842511611604
24971.117722057228093 16.060662365542455632
24971.427041075323359 16.061185210590959827
24971.732581008847774 16.061701258656764679
24972.035451513209409 16.062212351864616267
24972.336681968929042 16.062720192587608636
24972.637287156918319 16.063226453135399652
24972.938086933529121 16.063732471220756537
24973.239790568615717 16.064239392115350569
24973.543453674879856 16.064748934821281523
24973.85018675817264 16.06526289858156531
24974.161184886906995 16.065783209783422336
24974.477754680203361 16.06631196346964785
24974.790144444959878 16.066832812198011737
24975.098617713527346 16.067346178549527735
24975.404055186510959 16.067853508755323588
24975.707332182977552 16.06835623077666142
24976.009319252749265 16.068855754136247782
24976.310903506357135 16.069353503836357078
24976.612747863178811 16.069850522645232616
24976.915596879513032 16.070347975868326529
24977.220477679493342 16.07084747705751937
24977.528544498280098 16.071350826311398663
24977.841122662710404 16.071860076255667593
24978.159759845813824 16.0723776075419309
24978.486291356781294 16.072906223953474125
24978.822905022603663 16.073449242472864995
24979.172271693856601 16.074010682989158028
24979.513414604025456 16.07455669978441648
24979.84394735636306 16.075083565200795732
24980.166582998495869 16.075595700551364331
24980.48346626908824 16.076096565296484897
24980.796367089213163 16.076588977391111257
24981.106810918023257 16.077075327313270492
24981.416138109427266 16.07755767636835742
24981.725577213634097 16.078037874186239975
24982.035727623679122 16.078516763271533563
24982.347643191686075 16.078995861695997149
24982.66230833595182 16.079476544002659466
24982.980624865966092 16.079960020996651338
24983.30341720737124 16.080447347970427074
24983.631432561243855 16.080939425122199538
24983.965331930045068 16.081436984543071134
24984.305693344111205 16.081940595981414788
24984.646125496350578 16.082440592326488371
24984.986413746872131 16.082936553299447269
24985.327184612906422 16.083429280861242461
24985.669333996000205 16.083919932931845409
24986.013973136410641 16.084409928264054912
24986.362375694414368 16.084900855256314856
24986.715941346970794 16.085394406109266185
24987.076207772868656 16.085892378708940953
24987.432526322219928 16.086379886417358165
24987.785167500573152 16.086857354156528288
24988.13524027497624 16.087326316264750403
24988.48371537508865 16.087788067413463011
24988.831476988532813 16.088243737992353743
24989.179303539174725 16.088694273742376595
24989.527628184481728 16.089140137017420074
24989.877191672152549 16.089582152281263205
24990.228687844773958 16.090021040548798226
24990.582776563016523 16.090457436838217831
24990.940093824010546 16.090891903003338825
24991.301266649617901 16.091324945220545573
24991.666900035379513 16.09175699711371621
24992.037562002467894 16.092188401966499356
24992.413796541066404 16.092619428258174707
24992.796124074335239 16.093050269784551887
24993.177314349617518 16.09347256010387639
24993.556177206766733 16.093885004347825429
24993.934417847234727 16.094289471897589294
24994.313207787094143 16.094687148477859751
24994.677265064568928 16.095062336264355451
24995.029484860417142 16.095418719721806156
24995.372294757420605 16.095759295802228195
24995.70772130059413 16.096086490599752494
24996.037465138881089 16.096402272738874473
24996.363027248920844 16.096708303481491953
24996.685776233007346 16.097006017834647906
24997.007058062466967 16.097296735402800039
24997.328191296499426 16.097581658135656113
24997.649855340019712 16.097861345352416862
24997.967039977422246 16.098131512834154222
24998.280015167416423 16.098392589162262567
24998.589568798917753 16.098645402048891384
24998.896128361215233 16.098890439178767053
24999.200189041570411 16.099128210977404763
24999.502176107613195 16.099359140899373699
24999.802549564323272 16.09958364890819027
25000.101760152163479 16.099802116750755232
25000.400220434410585 16.100014868331186335
25000.698333984568308 16.100222192916355368
25000.996490938548959 16.100424342700588198
25001.294934345125512 16.100621446562897177
25001.594079132715706 16.100813724902753421
25001.894355499105586 16.101001377517324187
25002.196216983295017 16.101184586453339165
25002.49679536959593 16.10136157401296586
25002.49679536959593 16.10136157401296586
25002.49679536959593 16.10136157401296586
25002.49679536959593 16.10136157401296586
25002.49679536959593 16.10136157401296586
25002.49679536959593 16.10136157401296586
