# Fix print output for fix log_pen
47498.46328882988746 41.247298802222204017
47498.50878961962735 41.240227734410339622
47498.554290409374516 41.233156666598475226
47498.599791199114406 41.226085598786610831
47498.645291988854297 41.219014530974746435
47498.690792778601462 41.21194346316288204
47498.736293568341353 41.204872395351017644
47498.781794358088518 41.197801327539153249
47498.827295147828409 41.190730259727288853
47498.872795937568299 41.183659191915424458
47498.918296727315465 41.176588124103560062
47498.963797517055355 41.169517056291695667
47499.009298306795245 41.162445988479831271
47499.054799096542411 41.155374920667966876
47499.100299886282301 41.14830385285610248
47499.145800676022191 41.141232785044238085
47499.191301465769357 41.13416171723237369
47499.236802255509247 41.127090649420509294
47499.282303045249137 41.120019581608644899
47499.327803834996303 41.112948513796780503
47499.373304624736193 41.105877445984916108
47499.418805414483359 41.098806378173051712
47499.464306204223249 41.091735310361187317
47499.509806993963139 41.084664242549322921
47499.555307783710305 41.077593174737458526
47499.600808573450195 41.07052210692559413
47499.646309363190085 41.063451039113729735
47499.691810152937251 41.056379971301865339
47499.737310942677141 41.049308903490000944
47499.782811732417031 41.042237835678136548
47499.828312522164197 41.035166767866272153
47499.873813311904087 41.028095700054407757
47499.919314101643977 41.021024632242543362
47499.964814891391143 41.013953564430678966
47500.010315681131033 41.006882496618814571
47500.055816470878199 40.999811428806950175
47500.101317260618089 40.99274036099508578
47500.146818050357979 40.985669293183221384
47500.192318840105145 40.978598225371356989
47500.237819629845035 40.971527157559492593
47500.283320419584925 40.964456089747628198
47500.328821209332091 40.957385021935763803
47500.374321999071981 40.950313954123899407
47500.419822788811871 40.943242886312035012
47500.465323578559037 40.936171818500170616
47500.510824368298927 40.929100750688306221
47500.556325158038817 40.922029682876441825
47500.601825947785983 40.91495861506457743
47500.647326737525873 40.907887547252713034
47500.692827527273039 40.900816479440848639
47500.738328317012929 40.893745411628984243
47500.783829106752819 40.886674343817119848
47500.829329896499985 40.879603276005255452
47500.874830686239875 40.872532208193391057
47500.920331475979765 40.865461140381526661
47500.965832265726931 40.858390072569662266
47501.011333055466821 40.85131900475779787
47501.056833845206711 40.844247936945933475
47501.102334634953877 40.837176869134069079
47501.147835424693767 40.830105801322204684
47501.193336214433657 40.823034733510340288
47501.238837004180823 40.815963665698475893
47501.284337793920713 40.808892597886611497
47501.329838583667879 40.801821530074747102
47501.375339373407769 40.794750462262882706
47501.420840163147659 40.787679394451018311
47501.466340952894825 40.780608326639153915
47501.511841742634715 40.77353725882728952
47501.557342532374605 40.766466191015425125
47501.602843322121771 40.759395123203560729
47501.648344111861661 40.752324055391696334
47501.693844901601551 40.745252987579831938
47501.739345691348717 40.738181919767967543
47501.784846481088607 40.731110851956103147
47501.830347270835773 40.724039784144238752
47501.875848060575663 40.716968716332374356
47501.921348850315553 40.709897648520509961
47501.966849640062719 40.702826580708645565
47502.012350429802609 40.69575551289678117
47502.057851219542499 40.688684445084916774
47502.103352009289665 40.681613377273052379
47502.148852799029555 40.674542309461187983
47502.194353588769445 40.667471241649323588
47502.239854378516611 40.660400173837459192
47502.285355168256501 40.653329106025594797
47502.330855957996391 40.646258038213730401
47502.376356747743557 40.639186970401866006
47502.421857537483447 40.63211590259000161
47502.467358327230613 40.625044834778137215
47502.512859116970503 40.617973766966272819
47502.558359906710393 40.610902699154408424
47502.603860696457559 40.603831631342544028
47502.649361486197449 40.596760563530679633
47502.694862275937339 40.589689495718815238
47502.740363065684505 40.582618427906950842
47502.785863855424395 40.575547360095086447
47502.831364645164285 40.568476292283222051
47502.876865434911451 40.561405224471357656
47502.922366224651341 40.55433415665949326
47502.967867014391231 40.547263088847628865
47503.013367804138397 40.540192021035764469
47503.058868593878287 40.533120953223900074
47503.104369383625453 40.526049885412035678
47503.149870173365343 40.518978817600171283
47503.195370963105233 40.511907749788306887
47503.240871752852399 40.504836681976442492
47503.286372542592289 40.497765614164578096
47503.331873332332179 40.490694546352713701
47503.377374122079345 40.483623478540849305
47503.422874911819235 40.47655241072898491
47503.468375701559125 40.469481342917120514
47503.513876491306291 40.462410275105256119
47503.559377281046181 40.455339207293391723
47503.604878070786071 40.448268139481527328
47503.650378860533237 40.441197071669662932
47503.695879650273127 40.434126003857798537
47503.741380440020293 40.427054936045934141
47503.786881229760183 40.419983868234069746
47503.832382019500074 40.412912800422205351
47503.877882809247239 40.405841732610340955
47503.92338359898713 40.39877066479847656
47503.96888438872702 40.391699596986612164
47504.014385178474186 40.384628529174747769
47504.059885968214076 40.377557461362883373
47504.105386757953966 40.370486393551018978
47504.150887547701132 40.363415325739154582
47504.196388337441022 40.356344257927290187
47504.241889127180912 40.349273190115425791
47504.287389916928078 40.342202122303561396
47504.332890706667968 40.335131054491697
47504.378391496415134 40.328059986679832605
47504.423892286155024 40.320988918867968209
47504.469393075894914 40.313917851056103814
47504.51489386564208 40.306846783244239418
47504.56039465538197 40.299775715432375023
47504.60589544512186 40.292704647620510627
47504.651396234869026 40.285633579808646232
47504.696897024608916 40.278562511996781836
47504.742397814348806 40.271491444184917441
47504.787898604095972 40.264420376373053045
47504.833399393835862 40.25734930856118865
47504.878900183583028 40.250278240749324254
47504.924400973322918 40.243207172937459859
47504.969901763062808 40.236136105125595464
47505.015402552809974 40.229065037313731068
47505.060903342549864 40.221993969501866673
47505.106404132289754 40.214922901690002277
47505.15190492203692 40.207851833878137882
47505.19740571177681 40.200780766066273486
47505.2429065015167 40.193709698254409091
47505.288407291263866 40.186638630442544695
47505.333908081003756 40.1795675626306803
47505.379408870743646 40.172496494818815904
47505.424909660490812 40.165425427006951509
47505.470410450230702 40.158354359195087113
47505.515911239977868 40.151283291383222718
47505.561412029717758 40.144212223571358322
47505.606912819457648 40.137141155759493927
47505.652413609204814 40.130070087947629531
47505.697914398944704 40.122999020135765136
47505.743415188684594 40.11592795232390074
47505.78891597843176 40.108856884512036345
47505.83441676817165 40.101785816700171949
47505.87991755791154 40.094714748888307554
47505.925418347658706 40.087643681076443158
47505.970919137398596 40.080572613264578763
47506.016419927138486 40.073501545452714367
47506.061920716885652 40.066430477640849972
47506.107421506625542 40.059359409828985576
47506.152922296372708 40.052288342017121181
47506.198423086112598 40.045217274205256786
47506.243923875852488 40.03814620639339239
47506.289424665599654 40.031075138581527995
47506.334925455339544 40.024004070769663599
47506.380426245079434 40.016933002957799204
47506.4259270348266 40.009861935145934808
47506.47142782456649 40.002790867334070413
47506.51692861430638 39.995719799522206017
47506.562429404053546 39.988648731710341622
47506.607930193793436 39.981577663898477226
47506.653430983533326 39.974506596086612831
47506.698931773280492 39.967435528274748435
47506.744432563020382 39.96036446046288404
47506.789933352767548 39.953293392651019644
47506.835434142507438 39.946222324839155249
47506.880934932247328 39.939151257027290853
47506.926435721994494 39.932080189215426458
47506.971936511734384 39.925009121403562062
47507.017437301474274 39.917938053591697667
47507.06293809122144 39.910866985779833271
47507.10843888096133 39.903795917967968876
47507.15393967070122 39.89672485015610448
47507.199440460448386 39.889653782344240085
47507.244941250188276 39.882582714532375689
47507.290442039928166 39.875511646720511294
47507.335942829675332 39.868440578908646899
47507.381443619415222 39.861369511096782503
47507.426944409162388 39.854298443284918108
47507.472445198902278 39.847227375473053712
47507.517945988642168 39.840156307661189317
47507.563446778389334 39.833085239849324921
47507.608947568129224 39.826014172037460526
47507.654448357869114 39.81894310422559613
47507.69994914761628 39.811872036413731735
47507.74544993735617 39.804800968601867339
47507.79095072709606 39.797729900790002944
47507.836451516843226 39.790658832978138548
47507.881952306583116 39.783587765166274153
47507.927453096330282 39.776516697354409757
47507.972953886070172 39.769445629542545362
47508.018454675810062 39.762374561730680966
47508.063955465557228 39.755303493918816571
47508.109456255297118 39.748232426106952175
47508.154957045037008 39.74116135829508778
47508.200457834784174 39.734090290483223384
47508.245958624524064 39.727019222671358989
47508.291459414263954 39.719948154859494593
47508.33696020401112 39.712877087047630198
47508.38246099375101 39.705806019235765802
47508.4279617834909 39.698734951423901407
47508.473462573238066 39.691663883612037012
47508.518963362977956 39.684592815800172616
47508.564464152725122 39.677521747988308221
47508.609964942465012 39.670450680176443825
47508.655465732204902 39.66337961236457943
47508.700966521952068 39.656308544552715034
47508.746467311691958 39.649237476740850639
47508.791968101431848 39.642166408928986243
47508.837468891179014 39.635095341117121848
47508.882969680918904 39.628024273305257452
47508.928470470658795 39.620953205493393057
47508.97397126040596 39.613882137681528661
47509.019472050145851 39.606811069869664266
47509.064972839885741 39.59974000205779987
47509.110473629632907 39.592668934245935475
47509.155974419372797 39.585597866434071079
47509.201475209119963 39.578526798622206684
47509.246975998859853 39.571455730810342288
47509.292476788599743 39.564384662998477893
47509.337977578346909 39.557313595186613497
47509.383478368086799 39.550242527374749102
47509.428979157826689 39.543171459562884706
47509.474479947573855 39.536100391751020311
47509.519980737313745 39.529029323939155915
47509.565481527053635 39.52195825612729152
47509.610982316800801 39.514887188315427125
47509.656483106540691 39.507816120503562729
47509.701983896280581 39.500745052691698334
47509.747484686027747 39.493673984879833938
47509.792985475767637 39.486602917067969543
47509.838486265514803 39.479531849256105147
47509.883987055254693 39.472460781444240752
47509.929487844994583 39.465389713632376356
47509.974988634741749 39.458318645820511961
47510.020489424481639 39.451247578008647565
47510.065990214221529 39.44417651019678317
47510.111491003968695 39.437105442384918774
47510.156991793708585 39.430034374573054379
47510.202492583448475 39.422963306761189983
47510.247993373195641 39.415892238949325588
47510.293494162935531 39.408821171137461192
47510.338994952675421 39.401750103325596797
47510.384495742422587 39.394679035513732401
47510.429996532162477 39.387607967701868006
47510.475497321909643 39.38053689989000361
47510.520998111649533 39.373465832078139215
47510.566498901389423 39.366394764266274819
47510.611999691136589 39.359323696454410424
47510.657500480876479 39.352252628642546028
47510.703001270616369 39.345181560830681633
47510.748502060363535 39.338110493018817237
47510.794002850103425 39.331039425206952842
47510.839503639843315 39.323968357395088447
47510.885004429590481 39.316897289583224051
47510.930505219330371 39.309826221771359656
47510.976006009077537 39.30275515395949526
47511.021506798817427 39.295684086147630865
47511.067007588557317 39.288613018335766469
47511.112508378304483 39.281541950523902074
47511.158009168044373 39.274470882712037678
47511.203509957784263 39.267399814900173283
47511.249010747531429 39.260328747088308887
47511.294511537271319 39.253257679276444492
47511.340012327011209 39.246186611464580096
47511.385513116758375 39.239115543652715701
47511.431013906498265 39.232044475840851305
47511.476514696238155 39.22497340802898691
47511.522015485985321 39.217902340217122514
47511.567516275725211 39.210831272405258119
47511.613017065472377 39.203760204593393723
47511.658517855212267 39.196689136781529328
47511.704018644952157 39.189618068969664932
47511.749519434699323 39.182547001157800537
47511.795020224439213 39.175475933345936141
47511.840521014179103 39.168404865534071746
47511.886021803926269 39.16133379772220735
47511.931522593666159 39.154262729910342955
47511.977023383406049 39.14719166209847856
47512.022524173153215 39.140120594286614164
47512.068024962893105 39.133049526474749769
47512.113525752632995 39.125978458662885373
47512.159026542380161 39.118907390851020978
47512.204527332120051 39.111836323039156582
47512.250028121867217 39.104765255227292187
47512.295528911607107 39.097694187415427791
47512.341029701346997 39.090623119603563396
47512.386530491094163 39.083552051791699
47512.432031280834053 39.076480983979834605
47512.477532070573943 39.069409916167970209
47512.523032860321109 39.062338848356105814
47512.568533650060999 39.055267780544241418
47512.614034439800889 39.048196712732377023
47512.659535229548055 39.041125644920512627
47512.705036019287945 39.034054577108648232
47512.750536809027835 39.026983509296783836
47512.796037598775001 39.019912441484919441
47512.841538388514891 39.012841373673055045
47512.887039178262057 39.00577030586119065
47512.932539968001947 38.998699238049326254
47512.978040757741837 38.991628170237461859
47513.023541547489003 38.984557102425597463
47513.069042337228893 38.977486034613733068
47513.114543126968783 38.970414966801868673
47513.160043916715949 38.963343898990004277
47513.205544706455839 38.956272831178139882
47513.251045496195729 38.949201763366275486
47513.296546285942895 38.942130695554411091
47513.342047075682785 38.935059627742546695
47513.387547865422675 38.9279885599306823
47513.387547865422675 38.9279885599306823
47513.387547865422675 38.9279885599306823
47513.387547865422675 38.9279885599306823
47513.387547865422675 38.9279885599306823
47513.387547865422675 38.9279885599306823
47513.433048655162565 38.920917492118817904
47513.478549444909731 38.913846424306953509
47513.524050234649621 38.906775356495089113
47513.569551024389511 38.899704288683224718
47513.615051814136677 38.892633220871360322
47513.660552603876567 38.885562153059495927
47513.706053393623733 38.878491085247631531
47513.751554183363623 38.871420017435767136
47513.797054973103513 38.86434894962390274
47513.842555762850679 38.857277881812038345
47513.888056552590569 38.850206814000173949
47513.93355734233046 38.843135746188309554
47513.979058132077625 38.836064678376445158
47514.024558921817516 38.828993610564580763
47514.070059711557406 38.821922542752716367
47514.115560501304572 38.814851474940851972
47514.161061291044462 38.807780407128987576
47514.206562080784352 38.800709339317123181
47514.252062870531518 38.793638271505258786
47514.297563660271408 38.78656720369339439
47514.343064450018574 38.779496135881529995
47514.388565239758464 38.772425068069665599
47514.434066029498354 38.765354000257801204
47514.47956681924552 38.758282932445936808
47514.52506760898541 38.751211864634072413
47514.5705683987253 38.744140796822208017
47514.616069188472466 38.737069729010343622
47514.661569978212356 38.729998661198479226
47514.707070767952246 38.722927593386614831
47514.752571557699412 38.715856525574750435
47514.798072347439302 38.70878545776288604
47514.843573137179192 38.701714389951021644
47514.889073926926358 38.694643322139157249
47514.934574716666248 38.687572254327292853
47514.980075506413414 38.680501186515428458
47515.025576296153304 38.673430118703564062
47515.071077085893194 38.666359050891699667
47515.11657787564036 38.659287983079835271
47515.16207866538025 38.652216915267970876
47515.20757945512014 38.64514584745610648
47515.253080244867306 38.638074779644242085
47515.298581034607196 38.631003711832377689
47515.344081824347086 38.623932644020513294
47515.389582614094252 38.616861576208648899
47515.435083403834142 38.609790508396784503
47515.480584193574032 38.602719440584920108
47515.526084983321198 38.595648372773055712
47515.571585773061088 38.588577304961191317
47515.617086562808254 38.581506237149326921
47515.662587352548144 38.574435169337462526
47515.708088142288034 38.56736410152559813
47515.7535889320352 38.560293033713733735
47515.79908972177509 38.553221965901869339
47515.84459051151498 38.546150898090004944
47515.890091301262146 38.539079830278140548
47515.935592091002036 38.532008762466276153
47515.981092880741926 38.524937694654411757
47516.026593670489092 38.517866626842547362
47516.072094460228982 38.510795559030682966
47516.117595249968872 38.503724491218818571
47516.163096039716038 38.496653423406954175
47516.208596829455928 38.48958235559508978
47516.254097619203094 38.482511287783225384
47516.299598408942984 38.475440219971360989
47516.345099198682874 38.468369152159496593
47516.39059998843004 38.461298084347632198
47516.43610077816993 38.454227016535767802
47516.48160156790982 38.447155948723903407
47516.527102357656986 38.440084880912039011
47516.572603147396876 38.433013813100174616
47516.618103937136766 38.425942745288310221
47516.663604726883932 38.418871677476445825
47516.709105516623822 38.41180060966458143
47516.754606306370988 38.404729541852717034
47516.800107096110878 38.397658474040852639
47516.845607885850768 38.390587406228988243
47516.891108675597934 38.383516338417123848
47516.936609465337824 38.376445270605259452
47516.982110255077714 38.369374202793395057
47517.02761104482488 38.362303134981530661
47517.07311183456477 38.355232067169666266
47517.11861262430466 38.34816099935780187
47517.164113414051826 38.341089931545937475
47517.209614203791716 38.334018863734073079
47517.255114993531606 38.326947795922208684
47517.300615783278772 38.319876728110344288
47517.346116573018662 38.312805660298479893
47517.391617362765828 38.305734592486615497
47517.437118152505718 38.298663524674751102
47517.482618942245608 38.291592456862886706
47517.528119731992774 38.284521389051022311
47517.573620521732664 38.277450321239157915
47517.619121311472554 38.27037925342729352
47517.66462210121972 38.263308185615429124
47517.71012289095961 38.256237117803564729
47517.7556236806995 38.249166049991700334
47517.801124470446666 38.242094982179835938
47517.846625260186556 38.235023914367971543
47517.892126049926446 38.227952846556107147
47517.937626839673612 38.220881778744242752
47517.983127629413502 38.213810710932378356
47518.028628419160668 38.206739643120513961
47518.074129208900558 38.199668575308649565
47518.119629998640448 38.19259750749678517
47518.165130788387614 38.185526439684920774
47518.210631578127504 38.178455371873056379
47518.256132367867394 38.171384304061191983
47518.30163315761456 38.164313236249327588
47518.34713394735445 38.157242168437463192
47518.39263473709434 38.150171100625598797
47518.438135526841506 38.143100032813734401
47518.483636316581396 38.136028965001870006
47518.529137106321286 38.12895789719000561
47518.574637896068452 38.121886829378141215
47518.620138685808342 38.114815761566276819
47518.665639475555508 38.107744693754412424
47518.711140265295398 38.100673625942548028
47518.756641055035288 38.093602558130683633
47518.802141844782454 38.086531490318819237
47518.847642634522344 38.079460422506954842
47518.893143424262234 38.072389354695090447
47518.9386442140094 38.065318286883226051
47518.98414500374929 38.058247219071361656
47519.029645793489181 38.05117615125949726
47519.075146583236346 38.044105083447632865
47519.120647372976237 38.037034015635768469
47519.166148162716127 38.029962947823904074
47519.211648952463293 38.022891880012039678
47519.257149742203183 38.015820812200175283
47519.302650531950349 38.008749744388310887
47519.348151321690239 38.001678676576446492
47519.393652111430129 37.994607608764582096
47519.439152901177295 37.987536540952717701
47519.484653690917185 37.980465473140853305
47519.530154480657075 37.97339440532898891
47519.575655270404241 37.966323337517124514
47519.621156060144131 37.959252269705260119
47519.666656849884021 37.952181201893395723
47519.712157639631187 37.945110134081531328
47519.757658429371077 37.938039066269666932
47519.803159219118243 37.930967998457802537
47519.848660008858133 37.923896930645938141
47519.894160798598023 37.916825862834073746
47519.939661588345189 37.90975479502220935
47519.985162378085079 37.902683727210344955
47520.030663167824969 37.89561265939848056
47520.076163957572135 37.888541591586616164
47520.121664747312025 37.881470523774751769
47520.167165537051915 37.874399455962887373
47520.212666326799081 37.867328388151022978
47520.258167116538971 37.860257320339158582
47520.303667906278861 37.853186252527294187
47520.349168696026027 37.846115184715429791
47520.394669485765917 37.839044116903565396
47520.440170275513083 37.831973049091701
47520.485671065252973 37.824901981279836605
47520.531171854992863 37.817830913467972209
47520.576672644740029 37.810759845656107814
47520.622173434479919 37.803688777844243418
47520.667674224219809 37.796617710032379023
47520.713175013966975 37.789546642220514627
47520.758675803706865 37.782475574408650232
47520.804176593446755 37.775404506596785836
47520.849677383193921 37.768333438784921441
47520.895178172933811 37.761262370973057045
47520.940678962673701 37.75419130316119265
47520.986179752420867 37.747120235349328254
47521.031680542160757 37.740049167537463859
47521.077181331907923 37.732978099725599463
47521.122682121647813 37.725907031913735068
47521.168182911387703 37.718835964101870672
47521.213683701134869 37.711764896290006277
47521.259184490874759 37.704693828478141882
47521.304685280614649 37.697622760666277486
47521.350186070361815 37.690551692854413091
47521.395686860101705 37.683480625042548695
47521.441187649841595 37.6764095572306843
47521.486688439588761 37.669338489418819904
47521.532189229328651 37.662267421606955509
47521.577690019068541 37.655196353795091113
47521.623190808815707 37.648125285983226718
47521.668691598555597 37.641054218171362322
47521.714192388302763 37.633983150359497927
47521.759693178042653 37.626912082547633531
47521.805193967782543 37.619841014735769136
47521.850694757529709 37.61276994692390474
47521.896195547269599 37.605698879112040345
47521.941696337009489 37.598627811300175949
47521.987197126756655 37.591556743488311554
47522.032697916496545 37.584485675676447158
47522.078198706236435 37.577414607864582763
47522.123699495983601 37.570343540052718367
47522.169200285723491 37.563272472240853972
47522.214701075463381 37.556201404428989576
47522.260201865210547 37.549130336617125181
47522.305702654950437 37.542059268805260785
47522.351203444697603 37.53498820099339639
47522.396704234437493 37.527917133181531995
47522.442205024177383 37.520846065369667599
47522.487705813924549 37.513774997557803204
47522.533206603664439 37.506703929745938808
47522.578707393404329 37.499632861934074413
47522.624208183151495 37.492561794122210017
47522.669708972891385 37.485490726310345622
47522.715209762631275 37.478419658498481226
47522.760710552378441 37.471348590686616831
47522.806211342118331 37.464277522874752435
47522.851712131865497 37.45720645506288804
47522.897212921605387 37.450135387251023644
47522.942713711345277 37.443064319439159249
47522.988214501092443 37.435993251627294853
47523.033715290832333 37.428922183815430458
47523.079216080572223 37.421851116003566062
47523.124716870319389 37.414780048191701667
47523.170217660059279 37.407708980379837271
47523.215718449799169 37.400637912567972876
47523.261219239546335 37.39356684475610848
47523.306720029286225 37.386495776944244085
47523.352220819026115 37.379424709132379689
47523.397721608773281 37.372353641320515294
47523.443222398513171 37.365282573508650898
47523.488723188260337 37.358211505696786503
47523.534223978000227 37.351140437884922108
47523.579724767740117 37.344069370073057712
47523.625225557487283 37.336998302261193317
47523.670726347227173 37.329927234449328921
47523.716227136967063 37.322856166637464526
47523.761727926714229 37.31578509882560013
47523.807228716454119 37.308714031013735735
47523.852729506194009 37.301642963201871339
47523.898230295941175 37.294571895390006944
47523.943731085681065 37.287500827578142548
47523.989231875420955 37.280429759766278153
47524.034732665168121 37.273358691954413757
47524.080233454908011 37.266287624142549362
47524.125734244655177 37.259216556330684966
47524.171235034395067 37.252145488518820571
47524.216735824134958 37.245074420706956175
47524.262236613882123 37.23800335289509178
47524.307737403622014 37.230932285083227384
47524.353238193361904 37.223861217271362989
47524.39873898310907 37.216790149459498593
47524.44423977284896 37.209719081647634198
47524.48974056258885 37.202648013835769802
47524.535241352336016 37.195576946023905407
47524.580742142075906 37.188505878212041011
47524.626242931815796 37.181434810400176616
47524.671743721562962 37.174363742588312221
47524.717244511302852 37.167292674776447825
47524.762745301050018 37.16022160696458343
47524.808246090789908 37.153150539152719034
47524.853746880529798 37.146079471340854639
47524.899247670276964 37.139008403528990243
47524.944748460016854 37.131937335717125848
47524.990249249756744 37.124866267905261452
47525.03575003950391 37.117795200093397057
47525.0812508292438 37.110724132281532661
47525.12675161898369 37.103653064469668266
47525.172252408730856 37.09658199665780387
47525.217753198470746 37.089510928845939475
47525.263253988210636 37.082439861034075079
47525.308754777957802 37.075368793222210684
47525.354255567697692 37.068297725410346288
47525.399756357444858 37.061226657598481893
47525.445257147184748 37.054155589786617497
47525.490757936924638 37.047084521974753102
47525.536258726671804 37.040013454162888706
47525.581759516411694 37.032942386351024311
47525.627260306151584 37.025871318539159915
47525.67276109589875 37.01880025072729552
47525.71826188563864 37.011729182915431124
47525.76376267537853 37.004658115103566729
47525.809263465125696 36.997587047291702333
47525.854764254865586 36.990515979479837938
47525.900265044612752 36.983444911667973543
47525.945765834352642 36.976373843856109147
47525.991266624092532 36.969302776044244752
47526.036767413839698 36.962231708232380356
47526.082268203579588 36.955160640420515961
47526.127768993319478 36.948089572608651565
47526.173269783066644 36.94101850479678717
47526.218770572806534 36.933947436984922774
47526.264271362546424 36.926876369173058379
47526.30977215229359 36.919805301361193983
47526.35527294203348 36.912734233549329588
47526.40077373177337 36.905663165737465192
47526.446274521520536 36.898592097925600797
47526.491775311260426 36.891521030113736401
47526.537276101007592 36.884449962301872006
47526.582776890747482 36.87737889449000761
47526.628277680487372 36.870307826678143215
47526.673778470234538 36.863236758866278819
47526.719279259974428 36.856165691054414424
47526.764780049714318 36.849094623242550028
47526.810280839461484 36.842023555430685633
47526.855781629201374 36.834952487618821237
47526.901282418941264 36.827881419806956842
47526.94678320868843 36.820810351995092446
47526.99228399842832 36.813739284183228051
47527.03778478816821 36.806668216371363656
47527.083285577915376 36.79959714855949926
47527.128786367655266 36.792526080747634865
47527.174287157402432 36.785455012935770469
47527.219787947142322 36.778383945123906074
47527.265288736882212 36.771312877312041678
47527.310789526629378 36.764241809500177283
47527.356290316369268 36.757170741688312887
47527.401791106109158 36.750099673876448492
47527.447291895856324 36.743028606064584096
47527.492792685596214 36.735957538252719701
47527.538293475336104 36.728886470440855305
47527.58379426508327 36.72181540262899091
47527.62929505482316 36.714744334817126514
47527.67479584456305 36.707673267005262119
47527.720296634310216 36.700602199193397723
47527.765797424050106 36.693531131381533328
47527.811298213797272 36.686460063569668932
47527.856799003537162 36.679388995757804537
47527.902299793277052 36.672317927945940141
47527.947800583024218 36.665246860134075746
47527.993301372764108 36.65817579232221135
47528.038802162503998 36.651104724510346955
47528.084302952251164 36.644033656698482559
47528.129803741991054 36.636962588886618164
47528.175304531730944 36.629891521074753769
47528.22080532147811 36.622820453262889373
47528.266306111218 36.615749385451024978
47528.31180690095789 36.608678317639160582
47528.357307690705056 36.601607249827296187
47528.402808480444946 36.594536182015431791
47528.448309270192112 36.587465114203567396
47528.493810059932002 36.580394046391703
47528.539310849671892 36.573322978579838605
47528.584811639419058 36.566251910767974209
47528.630312429158948 36.559180842956109814
47528.675813218898838 36.552109775144245418
47528.721314008646004 36.545038707332381023
47528.766814798385894 36.537967639520516627
47528.812315588125784 36.530896571708652232
47528.85781637787295 36.523825503896787836
47528.90331716761284 36.516754436084923441
47528.948817957360006 36.509683368273059045
47528.994318747099896 36.50261230046119465
47529.039819536839786 36.495541232649330254
47529.085320326586952 36.488470164837465859
47529.130821116326842 36.481399097025601463
47529.176321906066732 36.474328029213737068
47529.221822695813898 36.467256961401872672
47529.267323485553788 36.460185893590008277
47529.312824275293679 36.453114825778143882
47529.358325065040844 36.446043757966279486
47529.403825854780735 36.438972690154415091
47529.449326644520625 36.431901622342550695
47529.494827434267791 36.4248305545306863
47529.540328224007681 36.417759486718821904
47529.585829013754847 36.410688418906957509
47529.631329803494737 36.403617351095093113
47529.676830593234627 36.396546283283228718
47529.722331382981793 36.389475215471364322
47529.767832172721683 36.382404147659499927
47529.813332962461573 36.375333079847635531
47529.858833752208739 36.368262012035771136
47529.904334541948629 36.36119094422390674
47529.949835331688519 36.354119876412042345
47529.995336121435685 36.347048808600177949
47530.040836911175575 36.339977740788313554
47530.086337700915465 36.332906672976449158
47530.131838490662631 36.325835605164584763
47530.177339280402521 36.318764537352720367
47530.222840070149687 36.311693469540855972
47530.268340859889577 36.304622401728991576
47530.313841649629467 36.297551333917127181
47530.359342439376633 36.290480266105262785
47530.404843229116523 36.28340919829339839
47530.450344018856413 36.276338130481533994
47530.495844808603579 36.269267062669669599
47530.541345598343469 36.262195994857805204
47530.586846388083359 36.255124927045940808
47530.632347177830525 36.248053859234076413
47530.677847967570415 36.240982791422212017
47530.723348757310305 36.233911723610347622
47530.768849547057471 36.226840655798483226
47530.814350336797361 36.219769587986618831
47530.859851126544527 36.212698520174754435
47530.905351916284417 36.20562745236289004
47530.950852706024307 36.198556384551025644
47530.996353495771473 36.191485316739161249
47531.041854285511363 36.184414248927296853
47531.087355075251253 36.177343181115432458
47531.132855864998419 36.170272113303568062
47531.178356654738309 36.163201045491703667
47531.223857444478199 36.156129977679839271
47531.269358234225365 36.149058909867974876
47531.314859023965255 36.14198784205611048
47531.360359813705145 36.134916774244246085
47531.405860603452311 36.127845706432381689
47531.451361393192201 36.120774638620517294
47531.496862182939367 36.113703570808652898
47531.542362972679257 36.106632502996788503
47531.587863762419147 36.099561435184924107
47531.633364552166313 36.092490367373059712
47531.678865341906203 36.085419299561195317
47531.724366131646093 36.078348231749330921
47531.769866921393259 36.071277163937466526
47531.815367711133149 36.06420609612560213
47531.860868500873039 36.057135028313737735
47531.906369290620205 36.050063960501873339
47531.951870080360095 36.042992892690008944
47531.997370870107261 36.035921824878144548
47532.042871659847151 36.028850757066280153
47532.088372449587041 36.021779689254415757
47532.133873239334207 36.014708621442551362
47532.179374029074097 36.007637553630686966
47532.224874818813987 36.000566485818822571
47532.270375608561153 35.993495418006958175
47532.315876398301043 35.98642435019509378
47532.361377188040933 35.979353282383229384
47532.406877977788099 35.972282214571364989
47532.452378767527989 35.965211146759500593
47532.497879557267879 35.958140078947636198
47532.543380347015045 35.951069011135771802
47532.588881136754935 35.943997943323907407
47532.634381926502101 35.936926875512043011
47532.679882716241991 35.929855807700178616
47532.725383505981881 35.92278473988831422
47532.770884295729047 35.915713672076449825
47532.816385085468937 35.90864260426458543
47532.861885875208827 35.901571536452721034
47532.907386664955993 35.894500468640856639
47532.952887454695883 35.887429400828992243
47532.998388244435773 35.880358333017127848
47533.043889034182939 35.873287265205263452
47533.089389823922829 35.866216197393399057
47533.134890613662719 35.859145129581534661
47533.180391403409885 35.852074061769670266
47533.225892193149775 35.84500299395780587
47533.271392982896941 35.837931926145941475
47533.316893772636831 35.830860858334077079
47533.362394562376721 35.823789790522212684
47533.407895352123887 35.816718722710348288
47533.453396141863777 35.809647654898483893
47533.498896931603667 35.802576587086619497
47533.544397721350833 35.795505519274755102
47533.589898511090723 35.788434451462890706
47533.635399300830613 35.781363383651026311
47533.680900090577779 35.774292315839161915
47533.726400880317669 35.76722124802729752
47533.771901670057559 35.760150180215433124
47533.817402459804725 35.753079112403568729
47533.862903249544615 35.746008044591704333
47533.908404039291781 35.738936976779839938
47533.953904829031671 35.731865908967975543
47533.999405618771561 35.724794841156111147
47534.044906408518727 35.717723773344246752
47534.090407198258617 35.710652705532382356
47534.135907987998507 35.703581637720517961
47534.181408777745673 35.696510569908653565
47534.226909567485563 35.68943950209678917
47534.272410357225453 35.682368434284924774
47534.317911146972619 35.675297366473060379
47534.363411936712509 35.668226298661195983
47534.4089127264524 35.661155230849331588
47534.454413516199565 35.654084163037467192
47534.499914305939456 35.647013095225602797
47534.545415095686621 35.639942027413738401
47534.590915885426512 35.632870959601874006
47534.636416675166402 35.62579989179000961
47534.681917464913568 35.618728823978145215
47534.727418254653458 35.611657756166280819
47534.772919044393348 35.604586688354416424
47534.818419834140514 35.597515620542552028
47534.863920623880404 35.590444552730687633
47534.909421413620294 35.583373484918823237
47534.95492220336746 35.576302417106958842
47535.00042299310735 35.569231349295094446
47535.045923782854516 35.562160281483230051
47535.091424572594406 35.555089213671365656
47535.136925362334296 35.54801814585950126
47535.182426152081462 35.540947078047636865
47535.227926941821352 35.533876010235772469
47535.273427731561242 35.526804942423908074
47535.318928521308408 35.519733874612043678
47535.364429311048298 35.512662806800179283
47535.409930100788188 35.505591738988314887
47535.455430890535354 35.498520671176450492
47535.500931680275244 35.491449603364586096
47535.546432470015134 35.484378535552721701
47535.5919332597623 35.477307467740857305
47535.63743404950219 35.47023639992899291
47535.682934839249356 35.463165332117128514
47535.728435628989246 35.456094264305264119
47535.773936418729136 35.449023196493399723
47535.819437208476302 35.441952128681535328
47535.864937998216192 35.434881060869670932
47535.910438787956082 35.427809993057806537
47535.955939577703248 35.420738925245942141
47536.001440367443138 35.413667857434077746
47536.046941157183028 35.40659678962221335
47536.092441946930194 35.399525721810348955
47536.137942736670084 35.392454653998484559
47536.183443526409974 35.385383586186620164
47536.22894431615714 35.378312518374755768
47536.27444510589703 35.371241450562891373
47536.319945895644196 35.364170382751026978
47536.365446685384086 35.357099314939162582
47536.410947475123976 35.350028247127298187
47536.456448264871142 35.342957179315433791
47536.501949054611032 35.335886111503569396
47536.547449844350922 35.328815043691705
47536.592950634098088 35.321743975879840605
47536.638451423837978 35.314672908067976209
47536.683952213577868 35.307601840256111814
47536.729453003325034 35.300530772444247418
47536.774953793064924 35.293459704632383023
47536.820454582804814 35.286388636820518627
47536.86595537255198 35.279317569008654232
47536.91145616229187 35.272246501196789836
47536.956956952039036 35.265175433384925441
47537.002457741778926 35.258104365573061045
47537.047958531518816 35.25103329776119665
47537.093459321265982 35.243962229949332254
47537.138960111005872 35.236891162137467859
47537.184460900745762 35.229820094325603463
47537.229961690492928 35.222749026513739068
47537.275462480232818 35.215677958701874672
47537.320963269972708 35.208606890890010277
47537.366464059719874 35.201535823078145881
47537.411964849459764 35.194464755266281486
47537.457465639199654 35.187393687454417091
47537.50296642894682 35.180322619642552695
47537.54846721868671 35.1732515518306883
47537.593968008433876 35.166180484018823904
47537.639468798173766 35.159109416206959509
47537.684969587913656 35.152038348395095113
47537.730470377660822 35.144967280583230718
47537.775971167400712 35.137896212771366322
47537.821471957140602 35.130825144959501927
47537.866972746887768 35.123754077147637531
47537.912473536627658 35.116683009335773136
47537.957974326367548 35.10961194152390874
47538.003475116114714 35.102540873712044345
47538.048975905854604 35.095469805900179949
47538.09447669560177 35.088398738088315554
47538.13997748534166 35.081327670276451158
47538.18547827508155 35.074256602464586763
47538.230979064828716 35.067185534652722367
47538.276479854568606 35.060114466840857972
47538.321980644308496 35.053043399028993576
47538.367481434055662 35.045972331217129181
47538.412982223795552 35.038901263405264785
47538.458483013535442 35.03183019559340039
47538.503983803282608 35.024759127781535994
47538.549484593022498 35.017688059969671599
47538.594985382762388 35.010616992157807204
47538.640486172509554 35.003545924345942808
47538.685986962249444 34.996474856534078413
47538.73148775199661 34.989403788722214017
47538.7769885417365 34.982332720910349622
47538.82248933147639 34.975261653098485226
47538.867990121223556 34.968190585286620831
47538.913490910963446 34.961119517474756435
47538.958991700703336 34.95404844966289204
47539.004492490450502 34.946977381851027644
47539.049993280190392 34.939906314039163249
47539.095494069930282 34.932835246227298853
47539.140994859677448 34.925764178415434458
47539.186495649417338 34.918693110603570062
47539.231996439157228 34.911622042791705667
47539.277497228904394 34.904550974979841271
47539.322998018644284 34.897479907167976876
47539.36849880839145 34.89040883935611248
47539.41399959813134 34.883337771544248085
47539.45950038787123 34.876266703732383689
47539.505001177618396 34.869195635920519294
47539.550501967358286 34.862124568108654898
47539.596002757098177 34.855053500296790503
47539.641503546845342 34.847982432484926107
47539.687004336585233 34.840911364673061712
47539.732505126325123 34.833840296861197317
47539.778005916072289 34.826769229049332921
47539.823506705812179 34.819698161237468526
47539.869007495552069 34.81262709342560413
47539.914508285299235 34.805556025613739735
47539.960009075039125 34.798484957801875339
47540.005509864786291 34.791413889990010944
47540.051010654526181 34.784342822178146548
47540.096511444266071 34.777271754366282153
47540.142012234013237 34.770200686554417757
47540.187513023753127 34.763129618742553362
47540.233013813493017 34.756058550930688966
47540.278514603240183 34.748987483118824571
47540.324015392980073 34.741916415306960175
47540.369516182719963 34.73484534749509578
47540.415016972467129 34.727774279683231384
47540.460517762207019 34.720703211871366989
47540.506018551946909 34.713632144059502593
47540.551519341694075 34.706561076247638198
47540.597020131433965 34.699490008435773802
47540.642520921181131 34.692418940623909407
47540.688021710921021 34.685347872812045011
47540.733522500660911 34.678276805000180616
47540.779023290408077 34.67120573718831622
47540.824524080147967 34.664134669376451825
47540.870024869887857 34.657063601564587429
47540.915525659635023 34.649992533752723034
47540.961026449374913 34.642921465940858639
47541.006527239114803 34.635850398128994243
47541.052028028861969 34.628779330317129848
47541.097528818601859 34.621708262505265452
47541.143029608341749 34.614637194693408162
47541.188530398088915 34.607566126881842195
47541.234031187836081 34.600495059071093351
47541.279531977605075 34.593423991261808226
47541.325032767395896 34.586352923454747099
47541.37053355723765 34.579281855650776833
47541.416034347144887 34.572210787850885083
47541.461535137146711 34.565139720056166084
47541.507035927272227 34.558068652267820653
47541.552536717550538 34.5509975844871704
47541.5980375080253 34.543926516715664832
47541.643538298732892 34.536855448955087411
47541.689039089731523 34.529784381207377919
47541.734539881079399 34.522713313474525876
47541.780040672842006 34.515642245758613171
47541.825541465092101 34.508571178061771434
47541.871042257916997 34.501500110386217557
47541.916543051404005 34.494429042734225277
47541.962043845654989 34.487357975108139385
47542.007544640779088 34.480286907510368621
47542.053045436885441 34.47321583994339278
47542.098546234097739 34.466144772409755603
47542.144047032539675 34.459073704912064784
47542.18954783234949 34.452002637452999068
47542.235048633672704 34.444931570035294044
47542.280549436662113 34.437860502661756357
47542.326050241470512 34.430789435335249493
47542.371551048265246 34.423718368058700889
47542.417051857213664 34.416647300835109036
47542.462552668490389 34.40957623366752216
47542.508053482284595 34.402505166559066652
47542.553554298785457 34.39543409951291153
47542.599055118189426 34.38836303253229687
47542.644555940700229 34.381291965620519591
47542.690056766521593 34.374220898780940558
47542.735557595879072 34.367149832016977484
47542.78105842898367 34.360078765332112027
47542.826559266068216 34.353007698729875585
47542.872060107365542 34.345936632213863504
47542.917560953115753 34.338865565787720868
47542.963061803558958 34.331794499455163816
47543.008562658949813 34.324723433219951119
47543.054063519542979 34.317652367085912601
47543.099564385600388 34.310581301056920722
47543.145065257391252 34.303510235136911888
47543.190566135184781 34.296439169329872243
47543.236067019257462 34.289368103639851881
47543.281567909893056 34.282297038070943529
47543.327068807375326 34.275225972627303861
47543.372569712002587 34.26815490731313929
47543.418070624065876 34.261083842132713073
47543.463571543870785 34.254012777090338204
47543.509072471722902 34.246941712190377416
47543.554573407935095 34.239870647437257389
47543.600074352820229 34.232799582835440333
47543.645575306705723 34.225728518389459509
47543.691076269911719 34.218657454103883708
47543.736577242765634 34.211586389983338563
47543.782078225609439 34.20451532603250655
47543.827579218770552 34.197444262256112779
47543.873080222598219 34.190373198658939202
47543.918581237441686 34.18330213524581751
47543.964082263650198 34.176231072021622026
47544.009583301573002 34.169160008991283917
47544.055084351573896 34.162088946159784086
47544.100585414009402 34.155017883532153178
47544.146086489250592 34.147946821113471572
47544.191587577668543 34.140875758908862281
47544.237088679634326 34.133804696923498057
47544.282589795533568 34.126733635162608493
47544.328090925737342 34.119662573631465818
47544.373592070631275 34.112591512335399102
47544.419093230608269 34.105520451279772942
47544.464594406061224 34.09844939047000878
47544.510095597375766 34.091378329911570688
47544.55559680495935 34.084307269609979585
47544.601098029212153 34.077236209570791914
47544.646599270534352 34.070165149799628068
47544.692100529340678 34.063094090302143968
47544.737601806038583 34.056023031084045272
47544.783103101042798 34.048951972151094481
47544.828604414775327 34.041880913509089623
47544.874105747650901 34.034809855163885572
47544.919607100091525 34.027738797121386938
47544.965108472533757 34.020667739387533857
47545.010609865399601 34.013596681968330415
47545.056111279125616 34.006525624869816227
47545.101612714141083 33.999454568098087748
47545.147114170889836 33.992383511659284068
47545.192615649808431 33.985312455559601119
47545.238117151347979 33.978241399805277467
47545.283618675945036 33.971170344402601415
47545.329120224057988 33.964099289357911005
47545.374621796137944 33.957028234677594014
47545.420123392636015 33.949957180368087961
47545.465625014010584 33.942886126435880101
47545.511126660720038 33.935815072887514532
47545.556628333230037 33.92874401972957088
47545.602130031998968 33.921672966968699825
47545.647631757499767 33.914601914611587574
47545.693133510205371 33.907530862664977178
47545.738635290588718 33.900459811135661425
47545.784137099122745 33.893388760030489948
47545.829638936287665 33.886317709356362116
47545.875140802556416 33.879246659120234142
47545.920642698423762 33.872175609329119084
47545.966144624362641 33.86510455999007263
47546.011646580867819 33.858033511110221525
47546.057148568434059 33.850962462696735145
47546.102650587548851 33.843891414756839708
47546.148152638714237 33.836820367297825385
47546.193654722417705 33.829749320327039186
47546.239156839168572 33.822678273851877861
47546.28465898946888 33.815607227879894481
47546.330161173827946 33.808536182418883698
47546.375663392755087 33.801465137476796485
47546.421165646766894 33.794394093061725926
47546.466667936387239 33.787323049181921419
47546.512170262147265 33.780252005845781582
47546.557672624570841 33.773180963061861348
47546.603175024203665 33.766109920838871972
47546.648677461591433 33.759038879185816029
47546.694179937279841 33.751967838111866627
47546.73968245182914 33.744896797626353191
47546.785185005806852 33.737825757738747257
47546.83068759978778 33.730754718458676678
47546.876190234353999 33.723683679795925627
47546.921692910094862 33.716612641760420388
47546.967195627614274 33.709541604362250666
47547.012698387516139 33.702470567611669594
47547.058201190418913 33.695399531519093728
47547.103704036948329 33.688328496095103048
47547.149206927737396 33.681257461350440963
47547.194709863426397 33.674186427296021407
47547.240212844662892 33.667115393942935953
47547.285715872108995 33.660044361302453808
47547.331218946441368 33.652973329386014711
47547.3767220683294 33.645902298205243142
47547.422225238464307 33.638831267771990952
47547.467728457544581 33.631760238098642901
47547.513231726283266 33.624689209197974549
47547.558735045407957 33.61761818108313804
47547.604238415653526 33.610547153767647899
47547.649741837769398 33.603476127265395235
47547.695245312519546 33.59640510159062643
47547.7407488406825 33.589334076757971559
47547.786252423051337 33.582263052782437285
47547.831756060426414 33.575192029679406858
47547.877259753622639 33.568121007464640115
47547.922763503476745 33.561049986154273483
47547.968267310832744 33.553978965764841291
47548.013771176549199 33.546907946313247351
47548.059275101499225 33.539836927816800483
47548.104779086563212 33.532765910293186096
47548.150283132650657 33.525694893760487503
47548.195787240671052 33.51862387823718592
47548.241291411562997 33.511552863742160469
47548.286795646265091 33.504481850294702383
47548.332299945737759 33.49741083791461449
47548.37780431095598 33.490339826622083308
47548.423308742916561 33.483268816437607995
47548.468813242638134 33.47619780738201456
47548.514317811146611 33.469126799476448753
47548.559822449497005 33.462055792742383176
47548.605327158758882 33.45498478720161728
47548.650831940023636 33.447913782876284472
47548.696336794389936 33.440842779788859218
47548.741841722992831 33.433771777962157046
47548.787346726967371 33.426700777419341648
47548.832851807484985 33.419629778183917779
47548.878356965724379 33.412558780279745463
47548.923862202886085 33.405487783731047102
47548.969367520192463 33.39841678856240037
47549.014872918887704 33.391345794798752422
47549.060378400223271 33.38427480246541279
47549.105883965479734 33.3772038115880747
47549.151389615959488 33.370132822192800859
47549.196895352986758 33.363061834306044773
47549.242401177893043 33.355990847954643641
47549.287907092038949 33.348919863165825461
47549.333413096799632 33.341848879967216135
47549.37891919357935 33.334777898386839468
47549.424425383796915 33.327706918453138485
47549.469931668892968 33.320635940194975433
47549.515438050329976 33.313564963642321004
47549.560944529592234 33.306493988826169073
47549.606451108207693 33.299423015778380375
47549.651957787711581 33.292352044531796196
47549.697464569690055 33.285281075120650485
47549.742971455736551 33.278210107580768806
47549.788478447502712 33.271139141949412021
47549.833985546654731 33.264068178265283393
47549.879492754895182 33.256997216568514375
47549.92500007396302 33.249926256900678823
47549.970507505633577 33.242855299304771677
47550.016015051704017 33.235784343825223175
47550.061522714007879 33.228713390507905956
47550.107030494415085 33.221642439400113744
47550.152538394831936 33.214571490550575561
47550.198046417186561 33.207500544009455723
47550.243554563450743 33.200429599828339633
47550.289062835618097 33.19335865806024799
47550.334571235725889 33.186287718759636789
47550.380079765833216 33.179216781982397322
47550.425588428042829 33.172145847785841966
47550.471097224486584 33.165074916228718394
47550.516606157332717 33.158003987371223786
47550.56211522877129 33.150933061274969305
47550.607624441036023 33.143862138003015616
47550.653133796389739 33.136791217619858685
47550.698643297131639 33.129720300191429772
47550.744152945590031 33.122649385785102538
47550.7896627441296 33.115578474469693049
47550.835172695144138 33.108507566315459769
47550.880682801071089 33.101436661394110672
47550.926193064369727 33.094365759778803238
47550.971703487542982 33.087294861544137348
47551.017214073115611 33.080223966766176602
47551.062724823663302 33.073153075522434108
47551.108235741783574 33.066082187891879585
47551.153746830103046 33.059011303954953576
47551.199258091299271 33.051940423793553236
47551.244769528071629 33.044869547491046546
47551.29028114315588 33.037798675132272308
47551.335792939316889 33.030727806803547253
47551.38130491937045 33.023656942592666041
47551.426817086154188 33.016586082588908369
47551.472329442542105 33.009515226883038963
47551.51784199145186 33.002444375567250745
47551.563354735830217 32.995373528735072455
47551.608867678660317 32.988302686481354442
47551.654380822976236 32.981231848902297088
47551.699894171833876 32.974161016095436594
47551.745407728332793 32.967090188159666297
47551.790921495608927 32.960019365195236674
47551.836435476841871 32.952948547303769544
47551.881949675247597 32.945877734588250974
47551.927464094071183 32.938806927153059689
47551.972978736608638 32.931736125103952872
47552.018493606185075 32.924665328548087473
47552.064008706169261 32.917594537594027315
47552.109524039966345 32.910523752351750204
47552.155039611017855 32.903452972932647924
47552.200555422816251 32.896382199449554662
47552.24607147887582 32.889311432016882009
47552.291587782761781 32.882240670750718436
47552.337104338083009 32.87516991576877956
47552.382621148477483 32.868099167190422349
47552.428138217634114 32.861028425136645126
47552.473655549278192 32.853957689730101777
47552.519173147178662 32.846886961095108859
47552.564691015148128 32.839816239357652705
47552.610209157042846 32.832745524645403634
47552.655727576748177 32.825674817087715951
47552.701246278200415 32.818604116815656369
47552.746765265379508 32.811533423961982692
47552.792284542301786 32.804462738661193555
47552.837804113027232 32.797392061049500001
47552.883323981666763 32.790321391264861006
47552.928844152360398 32.78325072944699059
47552.974364629306365 32.776180075737364916
47553.019885416731995 32.7691094302792294
47553.065406518915552 32.76203879321761292
47553.110927940171678 32.754968164699356237
47553.156449684865947 32.747897544873104891
47553.201971757407591 32.74082693388959342
47553.247494162249495 32.733756331901851411
47553.293016903895477 32.726685739065118241
47553.338539986885735 32.719615155536835971
47553.384063415818673 32.712544581476670658
47553.429587195336353 32.705474017046533675
47553.475111330124491 32.698403462410588816
47553.520635824927012 32.6913329177352594
47553.56616068452422 32.684262383189256695
47553.611685913747351 32.677191858943608338
47553.657211517478572 32.670121345171949656
47553.702737500650983 32.663050842050417089
47553.74826386825589 32.655980349757726344
47553.793790625328256 32.648909868475179508
47553.839317776968528 32.641839398386615301
47553.884845328328083 32.634768939678373556
47553.930373284616508 32.6276984925392739
47553.975901651101594 32.620628057160594437
47554.021430433109344 32.613557633736121488
47554.066959636023967 32.606487222462135378
47554.112489265280601 32.59941682353745307
47554.158019326372596 32.592346437163435269
47554.203549824858783 32.585276063543986425
47554.249080766356201 32.578205702885597361
47554.294612156525545 32.571135355397345279
47554.340144001107547 32.564065021290922175
47554.385676305879315 32.556994700780649055
47554.431209076697996 32.549924394083483037
47554.476742319457117 32.542854101419052881
47554.522276040130237 32.535783823009673199
47554.567810244734574 32.528713559080351558
47554.613344939352828 32.521643309858824011
47554.658880130118632 32.514573075575569305
47554.704415823238378 32.507502856463830199
47554.749952024976665 32.500432652759620566
47554.795488741641748 32.493362464701768033
47554.841025979614642 32.486292292532247927
47554.886563745341846 32.479222136496275652
47554.932102045328065 32.472151996842185895
47554.97764088614349 32.465081873821638681
47555.023180274423794 32.458011767690024385
47555.068720216877409 32.450941678706705318
47555.114260720285529 32.443871607135072566
47555.159801791487553 32.436801553242467833
47555.205343437410193 32.429731517300233179
47555.250885665045644 32.422661499583718125
47555.296428481458861 32.41559150037228676
47555.341971893780283 32.408521519949367473
47555.387515909220383 32.401451558602445857
47555.433060535047844 32.394381616623107334
47555.478605778618657 32.387311694307058474
47555.524151647347026 32.380241791954148312
47555.569698148727184 32.373171909868538876
47555.615245290318853 32.366102048358719401
47555.660793079754512 32.359032207737492115
47555.7063415247394 32.351962388322014874
47555.751890633058792 32.344892590433822477
47555.797440412548895 32.337822814398847981
47555.842990871140501 32.330753060547458233
47555.888542016815336 32.323683329214468074
47555.934093857642438 32.316613620739175872
47555.979646401749051 32.309543935465399045
47556.025199657342455 32.30247427374148117
47556.070753632695414 32.295404635920334613
47556.116308336153452 32.288335022359468951
47556.161863776127575 32.28126543342110466
47556.20741996110155 32.274195869472265485
47556.252976899631904 32.267126330884977392
47556.298534600340645 32.260056818036268567
47556.344093071922543 32.252987331308204944
47556.389652323145128 32.245917871087925732
47556.435212362848688 32.238848437767657629
47556.480773199931718 32.231779031744757447
47556.526334843372751 32.224709653421761857
47556.571897302208527 32.217640303206387387
47556.617460585555818 32.210570981511601474
47556.66302470258961 32.203501688755622467
47556.708589662557642 32.19643242536197647
47556.754155474773142 32.189363191759525762
47556.799722148622095 32.182293988382497218
47556.845289693541417 32.175224815670588896
47556.890858119055338 32.168155674069410566
47556.936427434731741 32.161086564030391344
47556.981997650225821 32.154017486010793903
47557.02756877525826 32.146948440473749997
47557.073140819600667 32.139879427888281782
47557.118713793104689 32.132810448729337338
47557.164287705680181 32.125741503477819094
47557.209862567295204 32.11867259262062646
47557.255438387997856 32.111603716650670037
47557.301015177887166 32.104534876066928462
47557.346592947120371 32.097466071374462615
47557.392171705920191 32.090397303084451153
47557.437751464567555 32.083328571714211819
47557.483332233408873 32.076259877787265395
47557.528914022841491 32.069191221833328598
47557.574496843320958 32.062122604388370917
47557.620080705353757 32.055054025994635936
47557.665665619511856 32.047985487200676857
47557.711251596418151 32.040916988561384926
47557.756838646739197 32.033848530638010743
47557.802426781199756 32.026780113998462696
47557.848016010582796 32.019711739217584068
47557.893606345714943 32.012643406876996721
47557.939197797481029 32.00557511756509399
47557.984790376816818 31.998506871877104629
47558.030384094701731 31.991438670415249135
47558.075978962173394 31.984370513788874746
47558.121574990313093 31.977302402614434129
47558.167172190245765 31.970234337515510248
47558.212770573140006 31.963166319122915837
47558.258370150215342 31.956098348075048676
47558.303970932734956 31.94903042501772461
47558.349572931998409 31.941962550604159787
47558.395176159356197 31.934894725494999079
47558.440780626195192 31.927826950358330294
47558.486386343938648 31.920759225869684172
47558.531993324053474 31.913691552712002419
47558.577601578035683 31.906623931575659014
47558.623211117417668 31.899556363158470873
47558.66882195375365 31.892488848165715609
47558.714434098641505 31.885421387310149299
47558.760047563693661 31.87835398131201714
47558.805662360551651 31.871286630899081871
47558.851278500878834 31.864219336806623772
47558.896895996360399 31.857152099777461984
47558.942514858696086 31.850084920561972268
47558.988135099607462 31.843017799918087007
47559.033756730816094 31.835950738611316524
47559.079379764065379 31.828883737414763289
47559.125004211098712 31.821816797109118369
47559.170630083674041 31.814749918482686297
47559.216257393542037 31.807683102331385072
47559.261886152460647 31.800616349458753263
47559.307516372180544 31.793549660675960666
47559.353148064452398 31.786483036801804758
47559.39878124101233 31.779416478662721346
47559.444415913581906 31.772349987092781021
47559.49005209387542 31.76528356293374955
47559.53568979359261 31.758217207035180252
47559.581329024411389 31.751150920254342935
47559.626969797980564 31.744084703456238117
47559.672612125934393 31.737018557513636097
47559.718256019870751 31.729952483307069855
47559.763901491365687 31.722886481724792418
47559.809548551951593 31.715820553662766201
47559.855197213139036 31.708754700024659456
47559.900847486380371 31.701688921721842718
47559.946499383098853 31.694623219673445647
47559.992152914659528 31.687557594806570194
47560.037808092383784 31.680492048056184018
47560.083464927549358 31.673426580365102723
47560.129123431361222 31.666361192683975645
47560.174783614980697 31.659295885971282303
47560.220445489496342 31.652230661193314631
47560.266109065931232 31.645165519324390146
47560.311774355250236 31.638100461346866155
47560.35744136833091 31.631035488251011856
47560.403110115985328 31.623970601034926631
47560.44878060893825 31.616905800704515173
47560.494452857841679 31.609841088273469722
47560.54012687325303 31.602776464763241648
47560.585802665642404 31.595711931203027234
47560.631480245378043 31.588647488629902682
47560.677159622733598 31.581583138089023066
47560.722840807880857 31.574518880633473117
47560.768523810882471 31.567454717324249458
47560.814208641691948 31.560390649230217974
47560.859895310146385 31.553326677428081837
47560.90558382596646 31.546262803002356634
47560.951274198749161 31.539199027045317081
47560.996966437960509 31.53213535065705031
47561.042660552935558 31.525071774945509162
47561.088356552871119 31.518008301026320339
47561.134054446833034 31.510944930022727561
47561.179754243741627 31.50388166306555604
47561.225455952364428 31.496818501293159187
47561.271159581316169 31.489755445851375981
47561.316865139066067 31.482692497893484784
47561.362572633901436 31.475629658580142944
47561.408282073956798 31.468566929079344163
47561.453993467184773 31.4615043105663581
47561.499706821377913 31.454441804223680634
47561.545422144125041 31.447379411240969915
47561.591139442847634 31.440317132814985968
47561.636858724770718 31.433254970149540952
47561.682579996922868 31.426192924455449429
47561.728303266136209 31.419130996950478618
47561.77402853903186 31.412069188859288005
47561.819755822027219 31.405007501413351179
47561.865485121321399 31.397945935850891885
47561.911216442895238 31.390884493416805867
47561.956949792511296 31.383823175362593361
47562.002685175699298 31.376761982946288043
47562.04842259776342 31.369700917432371767
47562.094162063767726 31.362639980091699954
47562.139903578528902 31.355579172201423432
47562.185647146623523 31.348518495044910281
47562.231392772380786 31.34145794991165701
47562.277140459867951 31.334397538097206848
47562.322890212897619 31.327337260903060923
47562.368642035013181 31.320277119636600105
47562.414395929503371 31.31321711561098553
47562.460151899373159 31.306157250145137283
47562.505909947365581 31.299097524563727291
47562.551670075932634 31.292037940197054979
47562.597432287242555 31.284978498380887402
47562.643196583194367 31.277919200456334892
47562.688962965381506 31.270860047769748036
47562.734731435113645 31.263801041672682146
47562.780501993394864 31.256742183521996736
47562.826274640945485 31.249683474679812889
47562.87204937817296 31.242624916513396016
47562.917826205179153 31.235566510395187834
47562.96360512177489 31.22850825770287031
47563.009386127443577 31.221450159819156056
47563.055169221370306 31.214392218131699508
47563.10095440242003 31.207334434033004555
47563.146741669144831 31.200276808920314409
47563.192531019776652 31.19321934419552278
47563.238322452227294 31.186162041265067302
47563.284115964081138 31.179104901539830053
47563.329911552595149 31.172047926435041632
47563.375709214698873 31.164991117370171025
47563.421508946994436 31.157934475768975346
47563.467310745756549 31.150878003059442989
47563.513114606925228 31.143821700673623099
47563.558920526105794 31.136765570047518992
47563.604728498576151 31.129709612620995784
47563.650538519279507 31.122653829837666706
47563.696350582817104 31.115598223144800727
47563.742164683462761 31.10854279399321598
47563.787980815141054 31.10148754383717673
47563.833798971456417 31.094432474134293898
47563.879619145664037 31.087377586345422031
47563.925441330684407 31.080322881934556278
47563.971265519110602 31.073268362368732909
47564.017091703186452 31.066214029117947604
47564.062919874828367 31.059159883655485856
47564.108750025618065 31.052105927457791523
47564.15458214681712 31.045052162004243002
47564.200416229352413 31.037998588777078623
47564.246252263816132 31.030945209261290074
47564.292090240494872 31.023892024944530021
47564.33793014933326 31.016839037317009087
47564.383771979963058 31.009786247871403475
47564.429615721695882 31.002733658102751946
47564.475461363530485 30.99568126950835989
47564.521308894138201 30.988629083587703406
47564.56715830189205 30.981577101842340483
47564.613009574852185 30.974525325775807971
47564.65886270077317 30.967473756893539871
47564.704717667103978 30.960422396702771408
47564.750574461002543 30.953371246712453768
47564.79643306932121 30.94632030843316528
47564.842293478635838 30.939269583377029704
47564.88815567522397 30.932219073057623859
47564.934019645079388 30.925168778989910123
47564.979885373933939 30.918118702690140509
47565.025752847228432 30.911068845675792716
47565.071622050149017 30.904019209465488416
47565.117492967612634 30.896969795578918649
47565.163365584281564 30.889920605536772769
47565.209239884563431 30.882871640860674489
47565.255115852618474 30.875822903073107284
47565.300993472374103 30.868774393697357539
47565.346872727517621 30.861726114257450604
47565.392753601510776 30.854678066278179216
47565.438636077589763 30.847630251285060865
47565.484520138779772 30.840582670804273846
47565.530405767902266 30.833535326362611073
47565.576292947567708 30.826488219487423237
47565.622181660197384 30.819441351706583276
47565.668071888030681 30.812394724548436642
47565.713963613117812 30.805348339541772873
47565.759856817341642 30.798302198215779413
47565.805751482424967 30.79125630210001674
47565.851647589923232 30.784210652724386392
47565.897545121253643 30.777165251619106101
47565.943444057680608 30.770120100314706235
47565.989344380344846 30.763075200342008486
47566.035246070256107 30.756030553232108105
47566.081149108307727 30.748986160516356136
47566.127053475291177 30.741942023726348765
47566.172959151881514 30.734898144393927311
47566.218866118681035 30.72785452405116402
47566.264774356197449 30.720811164230475754
47566.310683844865707 30.713768066464822937
47566.356594565062551 30.706725232287588767
47566.402506497106515 30.699682663232579216
47566.448419621265202 30.692640360834037239
47566.494333917777112 30.685598326626656984
47566.540249366844364 30.678556562145608666
47566.586165948647249 30.671515068926556324
47566.632083643366059 30.664473848505696907
47566.678002431166533 30.657432902419785137
47566.723922292221687 30.650392232206165488
47566.769843206726364 30.643351839402818371
47566.815765154889959 30.636311725548402762
47566.861688116958248 30.629271892182302395
47566.907612073213386 30.622232340844696807
47566.953537003988458 30.615193073076717667
47566.999462889682036 30.608154090420494953
47567.045389710750896 30.601115394419203142
47567.091317447724578 30.594076986617135816
47567.137246081219928 30.587038868559773164
47567.183175591948384 30.580001041793856587
47567.22910596071597 30.572963507867470412
47567.275037168445124 30.565926268330120052
47567.320969196160149 30.558889324732820825
47567.366902025016316 30.551852678628193871
47567.412835636307136 30.544816331570547874
47567.458770011449815 30.537780285115982082
47567.504705132021627 30.530744540822492894
47567.550640979745367 30.523709100250066228
47567.596577536511177 30.516673964960794763
47567.642514784369268 30.509639136518980962
47567.688452705551754 30.502604616491261424
47567.734391282472643 30.495570406446724121
47567.780330497735122 30.488536507957142874
47567.82627033413155 30.481502922597105254
47567.872210774665291 30.474469651944126269
47567.918151802543434 30.467436697578786919
47567.964093401191349 30.460404061084869198
47568.010035554252681 30.453371744049483993
47568.055978245589358 30.446339748063220298
47568.101921459303412 30.439308074720290875
47568.147865179736982 30.432276725618667257
47568.193809391465038 30.425245702360239619
47568.239754079309932 30.41821500655095889
47568.285699228355952 30.411184639800993068
47568.331644823927491 30.404154603724894201
47568.377590851625428 30.397124899941754705
47568.423537297312578 30.390095530075353025
47568.46948414711369 30.383066495754501801
47568.515431387437275 30.376037798613246821
47568.561379004961054 30.369009440290945179
47568.607326986661064 30.361981422432428701
47568.653275319782551 30.354953746688181582
47568.699223991869076 30.347926414714532228
47568.74517299074796 30.340899428173830898
47568.791122304552118 30.333872788734620229
47568.837071921705501 30.326846498071816427
47568.883021830923099 30.319820557866886901
47568.928972021232767 30.312794969808038559
47568.974922481953399 30.305769735590384784
47569.020873202716757 30.298744856916140833
47569.066824173460191 30.291720335494805028
47569.112775384419365 30.284696173043389678
47569.158726826150087 30.277672371286879383
47569.204678489506477 30.270648931958344718
47569.250630365662801 30.263625856799112768
47569.29658244609891 30.256603147558962519
47569.342534722614801 30.249580805996316712
47569.388487187323335 30.242558833878447899
47569.434439832642965 30.235537232981666733
47569.48039265130501 30.228516005091528029
47569.526345636353653 30.221495152003026163
47569.572298781153222 30.214474675520797575
47569.618252079366357 30.207454577459319722
47569.664205524975841 30.20043485964311003
47569.710159112262772 30.193415523906935505
47569.75611283582839 30.186396572096004576
47569.802066690572246 30.179378006066173157
47569.848020671699487 30.172359827684147149
47569.893974774720846 30.165342038827684945
47569.939928995445371 30.158324641385917175
47569.985883329987701 30.151307637259879613
47570.031837774768064 30.144291028362591334
47570.077792326490453 30.137274816619250117
47570.123746982164448 30.130259003967427844
47570.169701739097945 30.123243592357290765
47570.215656594875327 30.116228583751901482
47570.261611547386565 30.10921398012740724
47570.307566594798118 30.10219978347322467
47570.353521735560207 30.095185995792231637
47570.399476968414092 30.08817261910096974
47570.445432292370242 30.081159655429839717
47570.491387706708338 30.074147106823303943
47570.537343210991821 30.067134975340081837
47570.58329880504607 30.060123263053348808
47570.629254488965671 30.05311197205092455
47570.675210263092595 30.046101104435479101
47570.721166128045297 30.039090662324728243
47570.767122084689618 30.032080647851618238
47570.813078134131501 30.025071063164531893
47570.859034277738829 30.018061910427476846
47570.90499051711231 30.011053191820288077
47570.950946854092763 30.004044909538805541
47570.996903290761111 29.997037065795080224
47571.042859829423833 29.990029662817555334
47571.088816472620238 29.983022702851258146
47571.134773223107914 29.976016188157991849
47571.180730083870003 29.96901012101656292
47571.226687058093376 29.962004503723438376
47571.272644149190455 29.954999338592827485
47571.318601360777393 29.947994627956816771
47571.364558696681343 29.940990374165558308
47571.410516160925908 29.933986579587436694
47571.456473757738422 29.926983246609268008
47571.50243149153539 29.919980377636466784
47571.548389366915217 29.912977975093230754
47571.594347388672759 29.905976041422718481
47571.640305561777495 29.898974579087223447
47571.686263891373528 29.891973590568351682
47571.732222382772306 29.884973078367195853
47571.778181041459902 29.877973045004509345
47571.824139873082459 29.870973493020876788
47571.870098883438914 29.863974424976884592
47571.916058078488277 29.856975843453291475
47571.962017464335077 29.84997775105119544
47572.00797704722936 29.842980150392346417
47572.053936833559419 29.835983044119476659
47572.099896829859063 29.828986434896343383
47572.145857042793068 29.821990325407895739
47572.191817479149904 29.814994718360427584
47572.237778145856282 29.807999616481737348
47572.283739049948053 29.80100502252128436
47572.329700198577484 29.794010939250330949
47572.375661599020532 29.787017369462109428
47572.421623258647742 29.780024315971960647
47572.467585184938798 29.773031781617472546
47572.513547385467973 29.766039769258622272
47572.559509867911402 29.759048281777914724
47572.605472640025255 29.752057322080556645
47572.651435709667567 29.745066893094705307
47572.697399084761855 29.738076997771550225
47572.743362773326226 29.731087639085441054
47572.789326783436991 29.724098820034022594
47572.835291123257775 29.717110543638415976
47572.881255801003135 29.710122812943538406
47572.927220824960386 29.703135631018191987
47572.973186203475052 29.696149000955166741
47573.019151944936311 29.689162925871357857
47573.065118057798827 29.682177408907865157
47573.111084550553642 29.675192453230099687
47573.157051431735454 29.668208062027879635
47573.203018709915341 29.661224238515526253
47573.248986393700761 29.654240985931952679
47573.294954491728276 29.647258307540759859
47573.340923012663552 29.640276206630367994
47573.386891965186805 29.633294686514084049
47573.432861358000082 29.626313750530155033
47573.478831199819979 29.619333402041927883
47573.524801499370369 29.612353644437938271
47573.570772265389678 29.605374481131956799
47573.616743506609055 29.598395915563031622
47573.662715231766924 29.591417951195531089
47573.70868744958716 29.584440591519172159
47573.754660168786359 29.577463840049063037
47573.800633398073842 29.570487700325706726
47573.846607146137103 29.563512175915025892
47573.892581421641808 29.556537270408366425
47573.938556233231793 29.549562987422497429
47573.984531589514518 29.542589330599604125
47574.030507499068335 29.535616303607266531
47574.07648397043522 29.52864391013844525
47574.12246101211349 29.521672153911438841
47574.168438632557809 29.514701038669855393
47574.214416840179183 29.507730568182548581
47574.260395643330412 29.500760746243571475
47574.306375050306087 29.493791576672105492
47574.352355069342593 29.486823063312378679
47574.398335708618106 29.479855210033587554
47574.444316976230766 29.472888020729794079
47574.490298880213231 29.465921499319819077
47574.536281428525399 29.458955649747135652
47574.582264629047131 29.451990475979734185
47574.628248489570979 29.445025982009983778
47574.67423301780218 29.43806217185448304
47574.720218221351388 29.431099049553896663
47574.766204107741942 29.42413661917278489
47574.812190684402594 29.417174884799411672
47574.858177958645683 29.410213850545549263
47574.904165937688958 29.403253520546275723
47574.950154628633754 29.396293898959736879
47574.99614403846499 29.389334989966926059
47575.042134174058447 29.382376797771421195
47575.088125042158936 29.375419326599125469
47575.134116649402131 29.368462580697997311
47575.18010900227091 29.361506564337748415
47575.226102107139013 29.354551281809545316
47575.272095970227383 29.347596737425693192
47575.318090597625996 29.340642935519298362
47575.364085995279311 29.333689880443930775
47575.410082168978988 29.326737576573250976
47575.456079124371172 29.319786028300644176
47575.50207686694921 29.312835240038818796
47575.548075402039103 29.305885216219408562
47575.594074734806782 29.298935961292546182
47575.64007487026538 29.291987479726419252
47575.686075813238858 29.285039776006829726
47575.732077568398381 29.27809285463671074
47575.778080140225939 29.271146720135654107
47575.824083533021621 29.264201377039395169
47575.870087750910898 29.257256829899304762
47575.916092797830061 29.250313083281856308
47575.962098677518952 29.243370141768064485
47576.008105393535516 29.236428009952931006
47576.054112949233968 29.229486692444854867
47576.100121347764798 29.222546193865035491
47576.146130592074769 29.215606518846851003
47576.192140684914193 29.208667672035232954
47576.238151628815103 29.20172965808601262
47576.28416342609853 29.194792481665260198
47576.330176078867225 29.187856147448599131
47576.376189589005662 29.180920660120506227
47576.422203958180035 29.17398602437370414
47576.468219187823706 29.167052244908532543
47576.514235279151762 29.160119326432166531
47576.560252233146457 29.153187273657863443
47576.606270050549938 29.146256091304174163
47576.652288731878798 29.139325784094154415
47576.698308277402248 29.13239635675456185
47576.744328687156667 29.125467814015028267
47576.790349960931053 29.118540160607452094
47576.836372098274296 29.111613401265664436
47576.882395098487905 29.104687540724366812
47576.928418960626004 29.097762583718253637
47576.974443683495338 29.090838534981106278
47577.020469265647989 29.083915399244880007
47577.066495705395937 29.076993181238790953
47577.112523000781948 29.07007188568840661
47577.158551149594132 29.063151517314697259
47577.204580149365938 29.056232080833073184
47577.250609997368883 29.049313580952411229
47577.296640690612548 29.042396022374060038
47577.342672225844581 29.035479409790831085
47577.388704599543416 29.028563747885986146
47577.434737807925558 29.021649041332192809
47577.48077184693102 29.01473529479049418
47577.526806712245161 29.00782251290926439
47577.572842399269575 29.00091070032314633
47577.618878903143923 28.993999861651982286
47577.664916218724102 28.987090001499780101
47577.710954340611352 28.980181124453636698
47577.75699326312315 28.97327323508262964
47577.803032980300486 28.966366337936776176
47577.849073485922418 28.959460437545963885
47577.895114773484238 28.952555538418824455
47577.941156836219307 28.945651645041618139
47577.987199667069945 28.93874876187710754
47578.033243258716539 28.9318468933634243
47578.079287603562989 28.924946043912946436
47578.125332693736709 28.918046217911150819
47578.171378521095903 28.911147419715476303
47578.217425077222288 28.904249653654183305
47578.263472353435645 28.897352924025206278
47578.309520340771996 28.890457235095009736
47578.355569029998151 28.883562591097444283
47578.401618411626259 28.876668996232602638
47578.447668475884711 28.869776454665668552
47578.493719212747237 28.862884970525779949
47578.539770611911081 28.855994547904884939
47578.585822662818828 28.849105190856608516
47578.631875354643853 28.842216903395119232
47578.677928676312149 28.835329689494120231
47578.723982616480498 28.828443553085726592
47578.770037163551024 28.821558498059328457
47578.816092305678467 28.814674528260479036
47578.86214803076291 28.80779164748978971
47578.908204326464329 28.800909859501832244
47578.954261180188041 28.794029168004040997
47579.000318579099257 28.78714957665564711
47579.046376510123082 28.780271089066591372
47579.092434959951788 28.773393708796472623
47579.138493915037543 28.766517439353492591
47579.184553361606959 28.75964228419342561
47579.230613285653817 28.752768246718584777
47579.276673672953621 28.745895330276809432
47579.322734509063594 28.739023538160466842
47579.368795779315406 28.732152873605468102
47579.414857468836999 28.725283339790287584
47579.460919562538038 28.718414939835014366
47579.506982045131736 28.711547676800414308
47579.553044901120302 28.704681553687002804
47579.599108114824048 28.697816573434138832
47579.645171670359559 28.690952738919133225
47579.691235551661521 28.684090052956392469
47579.737299742475443 28.677228518296555393
47579.783364226372214 28.670368137625665383
47579.829428986755374 28.663508913564367475
47579.875494006846566 28.656650848667101883
47579.921559269707359 28.649793945421347274
47579.967624758246529 28.642938206246860489
47580.013690455212782 28.636083633494962442
47580.059756343209301 28.629230229447820477
47580.105822404693754 28.62237799631778401
47580.151888621978287 28.615526936246713063
47580.197954977258632 28.608677051305495098
47580.244021452585002 28.601828343493508555
47580.29008802989847 28.594980814737997576
47580.33615469103097 28.58813446689373805
47580.382221417690744 28.581289301742692999
47580.428288191491447 28.574445320993390851
47580.474354993952147 28.567602526280435171
47580.520421806511877 28.560760919164049909
47580.566488601391029 28.553920502483205013
47580.612555359584803 28.547081277687407663
47580.658622062255745 28.540243246115704068
47580.704688690500916 28.533406409030753537
47580.750755225351895 28.526570767618512292
47580.796821647796605 28.51973632298793504
47580.842887938772037 28.512903076170694305
47580.888954079186078 28.506071028120828714
47580.935020049895684 28.499240179714497856
47580.981085831743258 28.492410531749790437
47581.027151405542099 28.48558208494656796
47581.073216752098233 28.478754839946340383
47581.11928185220313 28.47192879731217019
47581.165346686648263 28.465103957528597789
47581.211411236217828 28.458280321001609536
47581.257475481717847 28.451457888058612866
47581.303539403961622 28.444636658948464714
47581.349602983777004 28.437816633841517699
47581.395666202028224 28.430997812829701843
47581.441729039608617 28.424180195926616932
47581.4877914774479 28.417363783067681737
47581.533853496519441 28.410548574110290332
47581.579915077847545 28.403734568833961305
47581.625976202514721 28.396921766940486975
47581.672036851661687 28.390110168054174977
47581.718097006494645 28.383299771722132476
47581.764156648292555 28.376490577414585914
47581.810215758421691 28.369682584525467206
47581.856274318335636 28.362875792372825856
47581.902332309575286 28.356070200199226861
47581.948389713783399 28.349265807172159271
47581.994446512704599 28.342462612384476728
47582.040502688192646 28.335660614854873529
47582.086558222224994 28.328859813528371348
47582.132613096880959 28.322060207276837929
47582.178667294378101 28.315261794899530656
47582.224720797050395 28.308464575123682749
47582.270773587377334 28.301668546605231569
47582.316825647969381 28.294873707929451001
47582.362876961582515 28.288080057611576734
47582.408927511118236 28.281287594097470617
47582.454977279630839 28.274496315764295673
47582.501026250334689 28.267706220921223093
47582.547074406596948 28.260917307810142773
47582.593121731952124 28.25412957460642005
47582.639168210102071 28.247343019419652421
47582.685213824923267 28.240557640294550623
47582.731258560474089 28.233773435211901415
47582.777302401002089 28.226990402089374044
47582.823345330929442 28.220208538782365792
47582.869387334882049 28.213427843084858182
47582.915428397682263 28.206648312730276729
47582.96146850434161 28.19986994539237557
47583.007507640075346 28.193092738686143406
47583.053545790302451 28.186316690168638388
47583.099582940652908 28.179541797339712872
47583.145619076967705 28.172768057642958439
47583.191654185306106 28.165995468466647367
47583.237688251945656 28.159224027144709623
47583.283721263382176 28.152453730957699207
47583.329753206329769 28.145684577133796012
47583.375784067728091 28.138916562849793479
47583.421813834742352 28.132149685232107572
47583.467842494770593 28.125383941357888773
47583.513870035429136 28.118619328256119871
47583.559896444574406 28.111855842908646252
47583.605921710288385 28.105093482251213288
47583.651945820885885 28.098332243174503731
47583.697968764914549 28.091572122525178656
47583.743990531162126 28.084813117106925517
47583.790011108649196 28.07805522368151685
47583.83603048662917 28.071298438969854772
47583.882048654588289 28.064542759653029691
47583.9280656022529 28.057788182373446517
47583.974081319596735 28.051034703736128506
47584.020095796819078 28.044282320309807943
47584.066109024366597 28.037531028627970642
47584.11212099291879 28.030780825189911099
47584.158131693402538 28.024031706461780544
47584.204141116977553 28.017283668877624336
47584.250149255036376 28.010536708840437115
47584.296156099218933 28.00379082272318243
47584.342161641397979 27.997046006869837242
47584.3881658736791 27.990302257596404445
47584.434168788400711 27.983559571191939597
47584.480170378134062 27.976817943919556342
47584.526170635690505 27.970077372017424722
47584.572169554099673 27.963337851699673564
47584.618167126631306 27.956599379157342611
47584.664163346780697 27.949861950559213852
47584.710158208268695 27.943125562052710364
47584.756151705041702 27.936390209764862647
47584.802143831271678 27.929655889803232327
47584.848134581356135 27.922922598256857185
47584.894123949903587 27.916190331197210384
47584.940111931748106 27.909459084679358654
47584.986098521949316 27.90272885474305653
47585.03208371578512 27.89599963741369848
47585.078067508744425 27.889271428703242606
47585.12404989652714 27.882544224611052641
47585.170030875051452 27.875818021124747048
47585.216010440446553 27.869092814221005483
47585.261988589038083 27.862368599866314867
47585.307965317377239 27.855645374017544924
47585.353940622204391 27.84892313262270136
47585.399914500463638 27.842201871621679032
47585.445886949310079 27.835481586947004473
47585.491857966087991 27.828762274524567744
47585.537827548330824 27.822043930274325874
47585.583795693768479 27.815326550110974324
47585.629762400327309 27.80861012994457937
47585.675727666108287 27.801894665681246011
47585.72169148940884 27.795180153223867592
47585.767653868708294 27.788466588472783059
47585.813614802667871 27.781753967326377364
47585.859574290130695 27.775042285681678322
47585.905532330107235 27.768331539434949917
47585.951488921797136 27.761621724482314022
47585.997444064560113 27.75491283672029752
47586.043397757923231 27.748204872046358105
47586.089350001580897 27.741497826359388768
47586.135300795394869 27.734791695560208069
47586.181250139372423 27.728086475552036205
47586.227198033695458 27.721382162240953306
47586.273144478676841 27.714678751536332868
47586.319089474789507 27.707976239351264525
47586.365033022651915 27.701274621602966164
47586.410975123028038 27.694573894213082355
47586.456915776805545 27.687874053107943695
47586.502854985032172 27.681175094218914978
47586.54879274887935 27.674477013482743359
47586.594729069642199 27.667779806841835466
47586.640663948761357 27.661083470244427929
47586.686597387793881 27.654387999644903573
47586.732529388420517 27.647693391004050767
47586.778459952438425 27.640999640289354744
47586.824389081775735 27.634306743475349322
47586.870316778469714 27.627614696543933093
47586.916243044659495 27.620923495484582588
47586.962167882607901 27.614233136294686233
47587.008091294686892 27.607543614979842772
47587.05401328336302 27.60085492755393588
47587.099933851219248 27.594167070039315348
47587.145853000940406 27.587480038466786425
47587.191770735313185 27.580793828875673768
47587.237687057233416 27.574108437313995523
47587.283601969684241 27.567423859838704914
47587.329515475750668 27.560740092515871424
47587.375427578626841 27.55405713142081936
47587.421338281594217 27.547374972638312585
47587.467247588036116 27.540693612262895584
47587.513155501430447 27.534013046398964519
47587.55906202535698 27.527333271160696171
47587.604967163490073 27.520654282672126101
47587.65087091960595 27.513976077067230364
47587.696773297560867 27.507298650490000114
47587.742674301305669 27.500621999094509107
47587.788573934878514 27.493946119044959886
47587.834472202412144 27.487271006515747729
47587.880369108112063 27.480596657691499729
47587.926264656263811 27.473923068767113875
47587.972158851247514 27.467250235947698656
47588.018051697516057 27.460578155448601478
47588.063943199595087 27.453906823495582756
47588.109833362104837 27.44723623632473064
47588.155722189738299 27.440566390182212331
47588.201609687268501 27.433897281324195916
47588.247495859548508 27.427228906016853927
47588.293380711511418 27.420561260536388204
47588.339264248155814 27.413894341169033453
47588.385146474567591 27.4072281442110679
47588.431027395890851 27.400562665968820397
47588.476907017349731 27.393897902758677532
47588.522785344241129 27.387233850907083621
47588.568662381920149 27.380570506750562032
47588.614538135821931 27.373907866635629915
47588.6604126114471 27.36724592691863478
47588.706285814354487 27.360584683965601727
47588.752157750190236 27.353924134152180159
47588.798028424644144 27.347264273863626016
47588.843897843493323 27.34060509949484441
47588.889766012573091 27.333946607450464228
47588.935632937776973 27.327288794144855899
47588.98149862507853 27.320631656002127841
47589.027363080502255 27.313975189456058956
47589.073226310152677 27.307319390950070215
47589.119088320185256 27.300664256937245966
47589.164949116828211 27.294009783880351705
47589.210808706360694 27.287355968251851834
47589.256667095141893 27.280702806533938087
47589.302524289574649 27.274050295218561502
47589.348380296134565 27.267398430807496368
47589.394235121362726 27.260747209812404179
47589.440088771851151 27.254096628754862053
47589.485941254264617 27.247446684166412467
47589.531792575318832 27.240797372588602343
47589.577642741802265 27.234148690573039886
47589.623491760554316 27.227500634681430114
47589.669339638472593 27.220853201485549988
47589.715186382520187 27.214206387567077883
47589.761031999725674 27.207560189517646876
47589.806876497175836 27.200914603938908698
47589.852719882015663 27.194269627442604786
47589.898562161462905 27.187625256650719052
47589.944403342778969 27.180981488195811835
47589.990243433305295 27.174338318721122931
47590.036082440441533 27.167695744880656861
47590.081920371652814 27.161053763339261025
47590.127757234455203 27.154412370772714524
47590.1735930364448 27.147771563867827638
47590.219427785275911 27.141131339322530636
47590.265261488653778 27.134491693845973259
47590.311094154349121 27.12785262415867038
47590.356925790205423 27.121214126992725824
47590.402756404117099 27.114576199091974473
47590.448586004044046 27.107938837212095962
47590.494414598011645 27.101302038120728355
47590.540242194096209 27.094665798597581841
47590.58606880044681 27.088030115434570178
47590.631894425263454 27.081394985435935041
47590.677719076811627 27.074760405418373921
47590.723542763422302 27.068126372211096964
47590.769365493491932 27.061492882655940662
47590.815187275475182 27.054859933607527722
47590.861008117899473 27.048227521933426942
47590.906828029364988 27.041595644514391239
47590.952647018544667 27.034964298244524628
47590.998465094176936 27.028333480031367486
47591.044282265080255 27.021703186796127483
47591.09009854013857 27.015073415473878526
47591.135913928323134 27.008444163013805905
47591.181728438677965 27.001815426379405238
47591.227542080327112 26.995187202548649452
47591.273354862474662 26.988559488514329843
47591.319166794412013 26.981932281284287001
47591.364977885510598 26.975305577881574237
47591.410788145229162 26.968679375344731142
47591.456597583113762 26.962053670727971877
47591.502406208790489 26.955428461101337945
47591.548214031972748 26.948803743550861611
47591.594021062453976 26.942179515178711569
47591.6398273101222 26.935555773103420307
47591.685632784945483 26.928932514460036884
47591.731437496993749 26.922309736400283242
47591.777241456409683 26.915687436092721185
47591.823044673430559 26.909065610722876727
47591.868847158380959 26.902444257493385749
47591.914648921665503 26.895823373624146768
47591.960449973790674 26.889202956352473706
47592.006250325335714 26.88258300293324865
47592.052049986967177 26.875963510639049758
47592.097848969446204 26.869344476760264939
47592.143647283628525 26.862725898605471997
47592.189444940449903 26.856107773501605607
47592.23524195094069 26.849490098794092319
47592.281038326233102 26.842872871846999772
47592.326834077546664 26.836256090043168143
47592.372629216188216 26.829639750784359364
47592.418423753559182 26.823023851491509362
47592.4642177011483 26.816408389604895035
47592.510011070553446 26.809793362584144916
47592.555803873452533 26.803178767908221403
47592.601596121625334 26.796564603075548661
47592.647387826938939 26.78995086560414407
47592.693179001362296 26.783337553031742573
47592.738969656951667 26.77672466291591391
47592.784759805865178 26.770112192834048415
47592.830549460355542 26.763500140383449377
47592.876338632762781 26.756888503181471606
47592.922127335528785 26.750277278865588926
47592.967915581190027 26.743666465093369311
47593.013703382384847 26.737056059542357644
47593.059490751838894 26.730446059910107692
47593.105277702394233 26.723836463914288686
47593.151064246972965 26.717227269292791902
47593.196850398613606 26.710618473803823036
47593.242636170441983 26.704010075225937726
47593.288421575693064 26.697402071358137476
47593.334206627703679 26.690794460019958478
47593.379991339905246 26.684187239051571083
47593.425775725838321 26.677580406313861516
47593.471559799138049 26.670973959688435428
47593.517343573541439 26.664367897077585923
47593.563127062901913 26.657762216404290001
47593.608910281167482 26.651156915612141063
47593.654693242409849 26.644551992665167717
47593.700475960795302 26.637947445547847991
47593.746258450613823 26.631343272265127098
47593.792040726271807 26.624739470842474276
47593.837822802270239 26.618136039325953845
47593.883604693233792 26.611532975782271393
47593.929386413896282 26.604930278298621005
47593.975167979100661 26.598327944982607107
47594.020949403813574 26.591725973962173413
47594.066730703118083 26.585124363385570945
47594.112511892213661 26.578523111421411329
47594.1582929864162 26.571922216258723637
47594.204074001158006 26.565321676107011228
47594.249854951995076 26.558721489196294385
47594.295635854599823 26.552121653777163601
47594.341416724753799 26.545522168120822215
47594.387197578362247 26.538923030519136148
47594.432978431454103 26.532324239284676537
47594.478759292374889 26.525725793875171377
47594.524540177051676 26.519127692692105569
47594.570321101811714 26.512529934118806096
47594.616102083091391 26.505932516559482792
47594.661883137458062 26.499335438439263868
47594.707664281595498 26.492738698204224335
47594.75344553229661 26.486142294321396662
47594.799226906499825 26.479546225278614457
47594.845008421252714 26.472950489584523126
47594.890790093733813 26.466355085768793032
47594.936571941252623 26.459760012382577798
47594.982353981249616 26.453165267998244303
47595.02813623129623 26.44657085120933715
47595.073918709102145 26.439976760630592878
47595.119701432508009 26.433382994897986151
47595.165484419492714 26.426789552668743966
47595.211267688180669 26.420196432621271043
47595.257051256819977 26.413603633455071673
47595.302835143811535 26.407011153890728394
47595.348619367694482 26.400418992669969498
47595.394403947146202 26.393827148556027851
47595.440188900996873 26.387235620333640895
47595.48597424820764 26.380644406809050651
47595.53176000789972 26.374053506810021474
47595.577546199325297 26.367462919185875592
47595.623332841903903 26.360872642807510857
47595.669119955186034 26.354282676567429178
47595.714907558874984 26.347693019379885726
47595.760695672834117 26.341103670180881835
47595.806484317072318 26.334514627928179209
47595.852273511751264 26.327925891601324793
47595.898063277178153 26.321337460201664982
47595.94385363382753 26.314749332752388256
47595.989644602326734 26.308161508298478992
47596.035436203455902 26.30157398590687734
47596.081228458155238 26.294986764666649748
47596.127021387525019 26.288399843688875279
47596.172815012840147 26.281813222106588768
47596.218609355528315 26.275226899074759501
47596.264404437191843 26.268640873770316091
47596.310200279593118 26.262055145392189104
47596.355996904669155 26.255469713161325274
47596.401794334524311 26.24888457632096106
47596.447592591430293 26.24229973413675765
47596.493391697855259 26.23571518589666951
47596.539191676427436 26.229130930910987018
47596.584992549971503 26.222546968512361332
47596.630794341479486 26.215963298055854125
47596.676597074132587 26.209379918918966013
47596.722400771293906 26.202796830501682734
47596.768205456515716 26.196214032226517787
47596.814011153532192 26.189631523538551505
47596.859817886281235 26.18304930390550922
47596.905625678875367 26.176467372817601387
47596.951434555638116 26.169885729787505824
47596.997244541082182 26.163304374350413894
47597.043055659923994 26.156723306064080248
47597.088867937076429 26.150142524508869002
47597.134681397656095 26.143562029287814141
47597.180496066983324 26.136981820026662149
47597.226311970574898 26.130401896373928849
47597.27212913416588 26.123822258000963359
47597.317947583695059 26.117242904602331777
47597.363767345312226 26.110663835895980611
47597.409588445385452 26.104085051623087566
47597.455410910508363 26.097506551548139697
47597.501234767478309 26.090928335458976051
47597.547060043318197 26.084350403166858712
47597.592886765283765 26.077772754506607811
47597.638714960841753 26.071195389336928372
47597.684544657699007 26.064618307540481368
47597.730375883787929 26.058041509024157278
47597.77620866727375 26.051464993718916219
47597.822043036569085 26.044888761579837677
47597.867879020312103 26.038312812586195122
47597.913716647395631 26.031737146741530609
47597.959555946938053 26.025161764073740045
47598.005396948319685 26.018586664635144245
47598.051239681146399 26.012011848502581302
47598.097084175286 26.005437315777527374
47598.142930460853677 25.998863066586359594
47598.188778568219277 25.992289101080324087
47598.23462852800003 25.985715419435443607
47598.280480371082376 25.979142021852279498
47598.32633412861469 25.97256890855594591
47598.372189832014556 25.965996079796230589
47598.418047512961493 25.959423535847736986
47598.463907203404233 25.952851277009919784
47598.509768935582542 25.946279303607031608
47598.555632741990848 25.939707615988179867
47598.601498655414616 25.933136214527472418
47598.647366708915797 25.926565099624095723
47598.693236935840105 25.919994271702410771
47598.739109369824291 25.913423731212059664
47598.784984044781595 25.906853478628082854
47598.830860994909017 25.900283514451036382
47598.876740254709148 25.893713839207077143
47598.922621858968341 25.887144453448097892
47598.968505842771265 25.880575357752000798
47599.0143922415009 25.874006552722757846
47599.060281090838544 25.86743803899051386
47599.106172426771082 25.860869817211892041
47599.152066285605542 25.85430188806984475
47599.197962703947269 25.847734252273649957
47599.243861718729022 25.841166910559035585
47599.289763367189153 25.834599863688339383
47599.335667686900706 25.828033112450675901
47599.381574715742317 25.821466657662206501
47599.427484491927316 25.814900500166523045
47599.47339705399645 25.808334640834726059
47599.519312440817885 25.801769080565627235
47599.565230691594479 25.795203820285774299
47599.611151845871063 25.788638860949586018
47599.657075943527161 25.782074203539448121
47599.703003024784266 25.775509849065652901
47599.748933130220394 25.768945798566520011
47599.794866300762806 25.762382053108598967
47599.840802577680734 25.755818613786868099
47599.886742002614483 25.749255481724862449
47599.932684617546329 25.742692658074780354
47599.978630464822345 25.736130144017653976
47600.024579587152402 25.729567940763583778
47600.070532027617446 25.723006049552001429
47600.116487829654943 25.716444471651907833
47600.16244703708071 25.709883208362025897
47600.208409694067086 25.703322261011276595
47600.254375845186587 25.69676163095909871
47600.300345535375527 25.690201319595523444
47600.346318809955847 25.683641328341476395
47600.392295714642387 25.67708165864907599
47600.43827629552834 25.670522312001928356
47600.484260599092522 25.66396328991535114
47600.530248672213929 25.657404593936639969
47600.576240562157182 25.65084622564537753
47600.622236316572526 25.644288186653731998
47600.668235983524937 25.637730478606670204
47600.714239611457742 25.631173103182227635
47600.760247249228996 25.624616062091863711
47600.80625894608238 25.618059357080845473
47600.852274751683581 25.6115029899285922
47600.89829471608391 25.60494696244892765
47600.944318889749411 25.59839127649025059
47600.99034732356813 25.59183593393591849
47601.036380068821018 25.585280936704677401
47601.082417177211028 25.57872628675107407
47601.128458700855845 25.572171986065900029
47601.174504692287883 25.565618036676642788
47601.220555204454286 25.559064440647929928
47601.266610290724202 25.552511200082015819
47601.312670004874235 25.545958317119243475
47601.358734401117545 25.539405793938744438
47601.404803534074745 25.532853632759067608
47601.450877458810282 25.526301835838545173
47601.496956230803335 25.519750405475818411
47601.54303990596236 25.513199344010370595
47601.589128540632373 25.506648653823070561
47601.635222191587673 25.500098337336730481
47601.681320916024561 25.493548397016670748
47601.727424771575897 25.486998835371377226
47601.773533816311101 25.480449654953098104
47601.819648108736146 25.473900858358327071
47601.865767707793566 25.467352448228290029
47601.911892672855174 25.460804427249467352
47601.95802306375117 25.4542567981541481
47602.004158940741036 25.447709563721087278
47602.05030036453536 25.441162726776155978
47602.096447396288568 25.434616290192945343
47602.142600097598915 25.428070256893551715
47602.18875853051577 25.421524629849372445
47602.234922757546883 25.414979412081720511
47602.281092841651116 25.408434606662549271
47602.327268846231163 25.401890216715212745
47602.373450835148105 25.395346245415211683
47602.419638872714131 25.388802695990968061
47602.465833023692539 25.382259571724613778
47602.51203335331229 25.375716875952814888
47602.558239927246177 25.369174612067592278
47602.604452811618103 25.362632783517106816
47602.650672073024907 25.356091393806909906
47602.69689777851454 25.349550446500636269
47602.743129995607887 25.343009945220682511
47602.789368792298774 25.336469893649102403
47602.835614237032132 25.329930295528622963
47602.881866398725833 25.323391154663550395
47602.928125346770685 25.316852474920697347
47602.974391151030432 25.310314260230327932
47603.020663881819928 25.303776514587116964
47603.066943609941518 25.297239242051134056
47603.113230406648654 25.290702446748838383
47603.159524343682278 25.284166132874084099
47603.205825493241719 25.277630304689157725
47603.252133928006515 25.271094966525819103
47603.29844972112187 25.264560122786257068
47603.344772946198646 25.258025777944222767
47603.391103677335195 25.251491936546308636
47603.437441989102808 25.244958603212936055
47603.483787956552987 25.238425782639559714
47603.530141655217449 25.231893479597808039
47603.576503161100845 25.225361698936662691
47603.622872550702596 25.218830445583634514
47603.669249900987779 25.212299724545967905
47603.715635289423517 25.205769540911855842
47603.762028793949867 25.199239899851715307
47603.8084304929871 25.192710806619444952
47603.854840465464804 25.186182266553657882
47603.901258790792781 25.179654285078807874
47603.947685548875597 25.173126867706518084
47603.994120820119861 25.166600020036970164
47604.040564685426943 25.160073747760357321
47604.08701722620026 25.153548056658483034
47604.133478524359816 25.147022952606107538
47604.179948662320385 25.140498441572422195
47604.22642772301333 25.133974529622566507
47604.272915789886611 25.127451222919191309
47604.319412946904777 25.120928527724036172
47604.365919278556248 25.114406450399542337
47604.412434869846038 25.107884997410518935
47604.45895980631758 25.10136417532583053
47604.505494174038176 25.094843990820123736
47604.552038059620827 25.088324450675610677
47604.598591550216952 25.08180556178387377
47604.645154733530944 25.075287331147727343
47604.691727697805618 25.068769765883121892
47604.738310531851312 25.06225287322113715
47604.784903325045889 25.055736660510316227
47604.831506167334737 25.049221135218612488
47604.878119149252598 25.042706304935407502
47604.924742361923563 25.036192177373536083
47604.971375897068356 25.029678760371286472
47605.018019847011601 25.023166061894549728
47605.064674304710934 25.016654090039342151
47605.111339363742445 25.010142853034071919
47605.158015118329786 25.00363235924207217
47605.204701663329615 24.997122617164375669
47605.251399094267981 24.990613635442393559
47605.298107507340319 24.984105422860388046
47605.344826999418729 24.977597988348215097
47605.391557668073801 24.971091340984195028
47605.438299611574621 24.964585489998068368
47605.485052928903315 24.958080444774044082
47605.531817719769606 24.951576214853947278
47605.578594084618089 24.945072809940445069
47605.625382124650059 24.938570239900386127
47605.67218194182351 24.932068514768246814
47605.718993638874963 24.925567644749751395
47605.765817319334019 24.919067640225613047
47605.812653087523358 24.912568511755253553
47605.859501048602397 24.906070270080693518
47605.90636130853818 24.899572926130556283
47605.953233974163595 24.893076491024199726
47606.000119153162814 24.88658097607596531
47606.0470169541004 24.880086392799569239
47606.093927486428584 24.873592752912617954
47606.14085086050909 24.867100068341265739
47606.187787187620415 24.860608351224996682
47606.234736579979653 24.85411761392157004
47606.281699150757049 24.847627869012093527
47606.32867501409055 24.841139129306249345
47606.37566428509308 24.834651407847665894
47606.422667079888924 24.828164717919445792
47606.469683515606448 24.82167907304989285
47606.516713710414479 24.81519448701878261
47606.56375778351503 24.808710973863199456
47606.610815855186956 24.802228547883629517
47606.65788804677868 24.795747223650259627
47606.704974480737292 24.789267016009457478
47606.752075280608551 24.782787940090372558
47606.79919057105144 24.776310011311728942
47606.846320477874542 24.769833245388827692
47606.893465128014213 24.763357658340456879
47606.94062464957824 24.756883266496132023
47606.987799171831284 24.750410086503524809
47607.034988825223991 24.743938135336051687
47607.082193741385709 24.737467430300608129
47607.12941405314632 24.730997989045462759
47607.176649894521688 24.724529829568279382
47607.223901400742761 24.71806297022429888
47607.271168708248297 24.711597429734499798
47607.318451954692136 24.705133227193634582
47607.365751278950484 24.698670382078674379
47607.41306682110735 24.692208914257484764
47607.460398722461832 24.685748843997622259
47607.507747125528113 24.679290191975226776
47607.555112174020906 24.672832979284038402
47607.602494012855459 24.666377227444336029
47607.649892788133002 24.659922958412035854
47607.697308647133468 24.653470194587896458
47607.744741738293669 24.64701895882679139
47607.792192211185466 24.640569274446999515
47607.839660216508491 24.634121165239527329
47607.887145906068326 24.627674655477420629
47607.93464943273284 24.621229769925083275
47607.982170950424916 24.614786533847560435
47608.029710614071519 24.608344973019768531
47608.077268579581869 24.601905113735664798
47608.124845003796509 24.595466982817399071
47608.172440044472751 24.589030607624597025
47608.22005386021192 24.582596016063103406
47608.267686610415694 24.576163236593679073
47608.315338455257006 24.569732298240573698
47608.36300955558545 24.5633032305998249
47608.410700072905456 24.556876063847340674
47608.458410169288982 24.550450828746843257
47608.506140007310023 24.544027556657404432
47608.553889749971859 24.537606279540650434
47608.601659560641565 24.531187029968037905
47608.649449602962704 24.524769841127753267
47608.697260040768015 24.518354746830631541
47608.745091037999373 24.511941781515705685
47608.792942758605932 24.505530980255326057
47608.840815366449533 24.499122378759782492
47608.888709025195567 24.492716013381365059
47608.93662389821111 24.4863119211179594
47608.984560148441233 24.479910139615892462
47609.032517938292585 24.473510707172053458
47609.080497429531533 24.467113662735368251
47609.128498783124087 24.460719045907524105
47609.176522159134038 24.454326896942937708
47609.224567716555612 24.447937256747856338
47609.272635613204329 24.44155016687846782
47609.320726005556935 24.435165669538253752
47609.368839048598602 24.428783807574422582
47609.416974895670137 24.422404624473333712
47609.465133698315185 24.416028164354862895
47609.513315606105607 24.40965447196564142
47609.56152076649596 24.403283592671272118
47609.609749324641598 24.396915572447458231
47609.658001423209498 24.390550457869963452
47609.706277202232741 24.384188296103349813
47609.754576798914059 24.377829134888425955
47609.802900347429386 24.371473022528483909
47609.851247978767788 24.365120007874249808
47609.899619820535008 24.358770140307530738
47609.948015996749746 24.352423469723536442
47609.996436627669027 24.346080046511769268
47610.044881829591759 24.339739921535464617
47610.093351714662276 24.33340314610969557
47610.141846390681167 24.327069771978024448
47610.190365960901545 24.320739851287584088
47610.238910523847153 24.314413436562581694
47610.28748017311591 24.308090580676651626
47610.336074997198011 24.301771336824320002
47610.384695079272205 24.295455758490298592
47610.433340497031168 24.28914389941755303
47610.48201132248505 24.28283581357391796
47610.530707621779584 24.276531555117216499
47610.579429455021454 24.270231178358926627
47610.62817687610368 24.263934737726561508
47610.676949932530988 24.257642287724745955
47610.725748665259744 24.251353882895006819
47610.774573108516051 24.245069577774280845
47610.823423289672064 24.238789426852324738
47610.872299229078635 24.23251348452782139
47610.921200939934351 24.22624180506338476
47610.970128428140015 24.21997444253958065
47611.019081692189502 24.213711450807839043
47611.068060723046074 24.207452883442456937
47611.117065504040511 24.201198793691645506
47611.166096010769252 24.194949234428094087
47611.215152211014356 24.188704258098614019
47611.264234064663469 24.182463916673281545
47611.313341523658892 24.176228261594069124
47611.362474531917542 24.169997343723174765
47611.411633025323681 24.163771213290964113
47611.46081693166343 24.157549919843841479
47611.510026170632045 24.151333512191904163
47611.559260653826641 24.145122038356664262
47611.608520284753467 24.138915545518866423
47611.657804958842462 24.132714079966824272
47611.70711456349818 24.126517687044927385
47611.756448978143453 24.120326411102588793
47611.805808074277593 24.114140295443846185
47611.855191715570982 24.107959382277762472
47611.904599757923279 24.101783712669664794
47611.954032049594389 24.095613326493371176
47612.003488431313599 24.089448262384639321
47612.052968736403272 24.083288557695738064
47612.102472790931643 24.077134248451351084
47612.152000413865608 24.070985369306104218
47612.201551417238079 24.064841953503673722
47612.251125606337155 24.058704032837322728
47612.300722779888019 24.052571637612491173
47612.350342730263947 24.046444796611115891
47612.399985243697301 24.040323537057965098
47612.449650100505096 24.034207884589029902
47612.499337075329095 24.028097863222082964
47612.549045937368646 24.021993495329400758
47612.598776450649893 24.015894801612663656
47612.648528374280431 24.009801801080190131
47612.698301462711242 24.003714511026611689
47612.748095466027735 23.997632947015258509
47612.7979101302044 23.991557122863166995
47612.847745197424956 23.985487050628439221
47612.897600406337006 23.97942274060016743
47612.947475492364902 23.973364201290983999
47612.997370188015338 23.967311439432123166
47613.047284223139286 23.961264459971079788
47613.097217325266683 23.955223266071893562
47613.147169219890202 23.949187859117941457
47613.197139630756283 23.943158238717266784
47613.247128280185279 23.937134402710359637
47613.297134889340668 23.93111634718055214
47613.347159178534639 23.925104066466964525
47613.397200867533684 23.919097553179291538
47613.447259675827809 23.913096798214766636
47613.497335322921572 23.907101790777485206
47613.547427528610569 23.901112518399866502
47613.597536013236095 23.895128966966083794
47613.6476604979689 23.889151120737427192
47613.697800705056579 23.883178962379464139
47613.747956358070951 23.877212472990983372
47613.79812718215544 23.871251632134502074
47613.848312904250633 23.865296417868293588
47613.89851325332711 23.859346806779750949
47613.948727960589167 23.853402774020118216
47613.998956759685825 23.84746429334006379
47614.049199386914552 23.841531337126589563
47614.099455581403163 23.835603876440895732
47614.149725085284445 23.82968188105717644
47614.200007643870777 23.823765319502161475
47614.250303005806927 23.817854159095261934
47614.300610923208296 23.811948365989248799
47614.350931151806435 23.80604790521133296
47614.401263451072737 23.8001527407045117
47614.451607584349404 23.794262835369078601
47614.501963318929484 23.788378151104137004
47614.552330426173285 23.78249864884927689
47614.602708681602962 23.776624288626209136
47614.653097864953452 23.770755029580371342
47614.703497760274331 23.764890830022032731
47614.753908155966201 23.759031647467093507
47614.804328844838892 23.75317743867749698
47614.854759624155122 23.747328159701151407
47614.905200295659597 23.741483765911379322
47614.955650665615394 23.735644212045844625
47615.006110544811236 23.729809452244595036
47615.056579748576041 23.723979440087450854
47615.107058096786204 23.718154128630914101
47615.157545413872867 23.712333470444015404
47615.208041528792819 23.706517417643553358
47615.258546275035769 23.700705921928239661
47615.309059490580694 23.694898934611966723
47615.359581017895835 23.689096406656194205
47615.410110703895043 23.683298288701372769
47615.460648399901402 23.677504531097437024
47615.511193961618119 23.671715083933385415
47615.561747249077598 23.665929897066142473
47615.612308126605058 23.660148920148163398
47615.662876462760323 23.654372102654118493
47615.713452130286896 23.648599393906497568
47615.764035006068298 23.64283074310046473
47615.814624971055309 23.637066099327622481
47615.865221910222317 23.631305411599321076
47615.915825712494552 23.625548628868799028
47615.966436270689883 23.619795700052375054
47616.017053481467883 23.614046574049858407
47616.067677245242521 23.608301199764152756
47616.118307466131228 23.602559526120113986
47616.168944051896688 23.59682150208260154
47616.21958691385953 23.591087076673890266
47616.270235966832843 23.585356198990293564
47616.320891129078518 23.579628818218065334
47616.371552322212665 23.573904883648737041
47616.422219471154676 23.568184344694230958
47616.472892504047195 23.56246715090127708
47616.523571352197905 23.556753251965044882
47616.574255950014049 23.551042597742323892
47616.62494623492239 23.545335138264292141
47616.675642147325561 23.539630823748826316
47616.726343630507472 23.533929604612410458
47616.777050630589656 23.528231431481582803
47616.827763096465787 23.522536255203796429
47616.878480979736196 23.51684402685818398
47616.929204234635108 23.51115469776622291
47616.979932817994268 23.505468219502169802
47617.030666689141071 23.499784543903253109
47617.081405809876742 23.49410362307980904
47617.132150144403568 23.488425409425133239
47617.182899659244868 23.482749855625318247
47617.233654323215887 23.477076914669005703
47617.284414107358316 23.471406539857223805
47617.335178984882077 23.465738684812972537
47617.385948931092571 23.460073303490876384
47617.436723923361569 23.454410350186826406
47617.48750394104718 23.44874977954748374
47617.538288965450192 23.443091546579893247
47617.589078979755868 23.437435606661178866
47617.639873968961183 23.431781915548338446
47617.69067391983117 23.426130429388166476
47617.74147882086254 23.42048110472704181
47617.792288662189094 23.414833898520718947
47617.843103435567173 23.409188768144364445
47617.893923134288343 23.403545671402731898
47617.944747753135744 23.397904566540404403
47617.995577288340428 23.392265412252186252
47618.04641173750133 23.386628167693782387
47618.097251099563437 23.380992792492271803
47618.148095374730474 23.375359246756644893
47618.19894456442853 23.369727491088546856
47618.249798671247845 23.364097486593042419
47618.300657698884606 23.358469194889181608
47618.35152165209729 23.352842578120700523
47618.402390536641178 23.347217598966835794
47618.453264359210152 23.341594220653110625
47618.50414312738576 23.335972406962163461
47618.55502684959356 23.330352122244512714
47618.605915535023087 23.324733331429357008
47618.656809193584195 23.31911600003527596
47618.707707835856127 23.313500094180987787
47618.758611473029305 23.307885580596263253
47618.809520116839849 23.302272426632328006
47618.86043377952592 23.296660600272190322
47618.911352473769512 23.291050070141000816
47618.962276212638244 23.285440805516337548
47619.013205009527155 23.279832776338292177
47619.064138878115045 23.27422595321938914
47619.115077832298994 23.268620307454355611
47619.166021886143426 23.263015811029557511
47619.216971053814632 23.25741243663238933
47619.267925349544385 23.251810157660386835
47619.318884787557181 23.246208948230062674
47619.369849382026587 23.240608783185486175
47619.420819147017028 23.235009638106451035
47619.471794096432859 23.229411489316419193
47619.522774243960157 23.223814313890162708
47619.573759603015787 23.218218089661146308
47619.62475018670375 23.212622795228799788
47619.675746007735142 23.207028409965055005
47619.726747078413609 23.201434914020442335
47619.77775341054803 23.195842288329810543
47619.828765015423414 23.190250514617694932
47619.87978190373542 23.184659575403181009
47619.930804085561249 23.179069454004412876
47619.981831570286886 23.173480134542504771
47620.032864366563444 23.167891601945008517
47620.083902482270787 23.162303841948762795
47620.134945924459316 23.15671684110238715
47620.18599469930632 23.151130586768218222
47620.237048812065041 23.145545067123752148
47620.288108267021016 23.139960271162522076
47620.339173067448428 23.134376188694290022
47620.390243215573719 23.128792810344844355
47620.441318712517386 23.123210127555442028
47620.492399558257603 23.117628132581568678
47620.543485751601111 23.112046818491098321
47620.594577290132293 23.106466179161721186
47620.645674170162238 23.100886209277863514
47620.696776386721467 23.095306904326999842
47620.747883933487174 23.089728260595489218
47620.79899680276867 23.084150275163842991
47620.850114985463733 23.078572945901310476
47620.901238471022225 23.072996271459931705
47620.952367247424263 23.067420251268071496
47621.00350130112929 23.061844885523370863
47621.054640617054247 23.056270175185261451
47621.105785178537189 23.050696121966886665
47621.156934967308189 23.045122728326266071
47621.208089963460225 23.039549997457051234
47621.259250145434635 23.033977933278844574
47621.310415489955631 23.028406540426964
47621.36158597204485 23.022835824241667524
47621.4127615649777 23.017265790756891164
47621.463942240239703 23.01169644668854275
47621.515127967526496 23.006127799422376512
47621.56631871470745 23.000559857001327657
47621.617514447803842 22.994992628112399302
47621.668715130974306 22.989426122072945446
47621.719920726478449 22.983860348816591568
47621.771131194669579 22.978295318878831921
47621.822346493965597 22.972731043382189853
47621.873566580827173 22.967167534020983766
47621.924791409750469 22.961604803045716494
47621.976020933252585 22.956042863247031249
47622.027255101827905 22.950481727939354926
47622.078493863969925 22.944921410944196793
47622.129737166127597 22.939361926573113237
47622.180984952712606 22.933803289610281695
47622.232237166062987 22.928245515294896961
47622.28349374645768 22.922688619303222879
47622.3347546320947 22.917132617730356259
47622.386019759069313 22.911577527071763427
47622.437289061381307 22.90602336420456453
47622.488562470927718 22.900470146368590463
47622.539839917495556 22.894917891147347433
47622.591121328739973 22.889366616448693748
47622.642406630213372 22.883816340485417129
47622.693695745336299 22.878267081755527812
47622.744988595397444 22.872718859022445059
47622.796285099568195 22.86717169129497762
47622.847585174895357 22.861625597807194055
47622.89888873630116 22.856080597998232662
47622.950195696597802 22.850536711491997721
47623.001505966480181 22.844993958076763363
47623.052819454533164 22.839452357684795203
47623.104136067253421 22.833911930371915133
47623.155455709042144 22.82837269629712651
47623.206778282219602 22.822834675702107887
47623.258103687054245 22.817297888890671231
47623.309431821762701 22.811762356208312497
47623.360762582517054 22.806228098021815498
47623.412095863473951 22.800695134698887756
47623.463431556803698 22.79516348658788516
47623.514769552682992 22.78963317399757571
47623.566109739345848 22.784104217176761153
47623.617452003098151 22.778576636293980329
47623.668796228339488 22.77305045141759976
47623.720142297599523 22.767525682496192019
47623.771490091574378 22.762002349338924745
47623.822839489126636 22.756480471596226778
47623.874190367358096 22.750960068740496922
47623.925542601624329 22.745441160046780738
47623.976896065571054 22.739923764573692466
47624.028250631177798 22.734407901144749076
47624.079606168801547 22.728893588330027598
47624.130962547220406 22.723380844428046288
47624.182319633669977 22.717869687447983296
47624.233677293894289 22.712360135092147573
47624.285035392189457 22.706852204738684264
47624.336393791447335 22.701345913424514578
47624.387752353228279 22.695841277828673554
47624.439110913444893 22.690338316864860246
47624.490469284675783 22.684837051418782039
47624.541827324195765 22.679337497053325023
47624.593184888180986 22.673839668906456524
47624.644541831788956 22.668343581675788556
47624.695898009209486 22.6628492496038767
47624.747253273730166 22.65735668646404477
47624.798607477809128 22.651865905546333835
47624.849960473133251 22.646376919644072956
47624.901312110690924 22.64088974104083718
47624.95266224083025 22.635404381497938431
47625.004010713346361 22.629920852242388918
47625.055357377546898 22.624439163955301524
47625.106702082317497 22.618959326760837314
47625.158044676209101 22.613481350215611343
47625.209385007496167 22.608005243298627818
47625.260722924278525 22.602531014401701981
47625.312058274532319 22.597058671320233714
47625.363390906211862 22.591588221244528256
47625.414720667307847 22.586119670751831023
47625.466047405949212 22.580653025798849143
47625.517370970454067 22.575188291714809452
47625.568691209446115 22.569725473195028087
47625.620007971891027 22.564264574295076926
47625.671321107220137 22.558805598425486494
47625.722630465381371 22.55334854834703151
47625.77393589692656 22.547893426166467634
47625.825237253098749 22.542440233332829536
47625.876534385912237 22.536988970634528329
47625.927827148225333 22.531539638196889541
47625.979115393820393 22.526092235480252413
47626.030398977483856 22.520646761278609205
47626.081677755093551 22.515203213718603337
47626.132951583684189 22.509761590259309116
47626.184220321520115 22.504321887692587012
47626.235483828182623 22.49888410214401091
47626.286741964642715 22.493448229074342493
47626.337994593319308 22.488014263281613125
47626.389241578173824 22.482582198903685367
47626.44048278475384 22.477152029421489488
47626.491718080287683 22.471723747662604609
47626.542947333742632 22.466297345805362085
47626.594170415875851 22.460872815383435608
47626.645387199321704 22.45545014729097133
47626.696597558635403 22.450029331788226017
47626.747801370365778 22.444610358507649295
47626.798998513113474 22.439193216460513014
47626.850188867574616 22.433777894044020229
47626.901372316606285 22.42836437904896485
47626.952548745270178 22.422952658667835379
47627.003718040883541 22.417542719503323667
47627.054880093070096 22.412134547576492594
47627.106034793803701 22.406728128336062866
47627.157182037444727 22.401323446668083506
47627.208321720776439 22.395920486905868785
47627.259453743055928 22.390519232840521369
47627.310578006050491 22.3851196677317823
47627.361694414044905 22.379721774319094152
47627.412802873899636 22.374325534832937734
47627.463903295058117 22.368930931006534735
47627.514995589568571 22.363537944087859444
47627.566079672127671 22.358146554851924037
47627.617155460065987 22.352756743613308998
47627.668222873391642 22.34736849023887828
47627.719281834783033 22.341981774160775132
47627.770332269603387 22.336596574389599112
47627.821374105922587 22.331212869527792719
47627.872407274502621 22.325830637783187882
47627.923431708804856 22.320449856982797598
47627.974447344997316 22.315070504586788758
47628.025454121947405 22.309692557702444304
47628.076451981214632 22.304315993098203563
47628.127440867043333 22.298940787217826909
47628.178420726362674 22.293566916194610172
47628.229391508757544 22.288194355865670104
47628.280353166454006 22.282823081786247599
47628.33130565432657 22.277453069244028683
47628.382248929839989 22.272084293273447742
47628.43318295305653 22.266716728670019165
47628.484107686606876 22.261350350004693865
47628.535023095646466 22.2559851316381625
47628.585929147855495 22.250621047735219094
47628.636825813395262 22.245258072278979
47628.687713064864511 22.239896179085011596
47628.738590877284878 22.234535341815437448
47628.789459228064516 22.229175533993061009
47628.840318096954434 22.223816729015258176
47628.891167466004845 22.218458900167728842
47628.942007319550612 22.213102020638121559
47628.99283764413849 22.207746063529523184
47629.043658428519848 22.202391001873571952
47629.094469663570635 22.197036808643584749
47629.145271342284104 22.191683456767595573
47629.196063459698053 22.18633091914124833
47629.246846012872993 22.180979168640487131
47629.297619000812119 22.17562817813408671
47629.348382424446754 22.170277920496008761
47629.399136286570865 22.164928368617903942
47629.44988059179741 22.159579495421066753
47629.500615346514678 22.154231273868173702
47629.551340558828088 22.148883676974772783
47629.602056238509249 22.143536677820531366
47629.652762396959588 22.138190249560345535
47629.703459047137585 22.132844365435193623
47629.754146203529672 22.127498998782805018
47629.804823882092023 22.122154123048218821
47629.855492100185074 22.11680971179402988
47629.906150876551692 22.11146573871030796
47629.956800231229863 22.106122177624282443
47630.007440185530868 22.100779002509785442
47630.058070761981071 22.095436187496392932
47630.108691984263714 22.090093706878199953
47630.15930387719709 22.084751535122375543
47630.209906466647226 22.079409646877650175
47630.260499779513339 22.074068016982561602
47630.311083843669621 22.068726620473206879
47630.361658687907038 22.063385432590788326
47630.412224341904221 22.058044428789120417
47630.462780836176535 22.052703584741909282
47630.513328202032426 22.047362876349801297
47630.563866471529764 22.042022279747079949
47630.614395677410357 22.036681771307986111
47630.66491585309268 22.031341327652988582
47630.715427032606385 22.02600092565451817
47630.765929250563204 22.020660542442577423
47630.816422542106011 22.015320155410336156
47630.866906942894275 22.009979742219464072
47630.917382489031297 22.004639280805243118
47630.967849217049661 21.999298749381424045
47631.018307163867576 21.993958126444884016
47631.068756366759771 21.988617390780024863
47631.11919686330657 21.983276521462862263
47631.169628691372054 21.977935497865011882
47631.220051889074966 21.97259429965741262
47631.270466494752327 21.967252906813875768
47631.320872546923056 21.961911299614381932
47631.371270084258867 21.956569458648250048
47631.42165914556972 21.951227364817022192
47631.472039769767434 21.945884999337156529
47631.522411995836592 21.940542343742517772
47631.572775862805429 21.935199379886643811
47631.623131409745838 21.929856089944863129
47631.67347867571516 21.924512456416209716
47631.723817699763458 21.919168462125117713
47631.774148520897143 21.913824090222931318
47631.824471178064414 21.908479324189105597
47631.874785710133438 21.903134147832389544
47631.925092155892344 21.897788545291806628
47631.975390554012847 21.892442501037425728
47632.025680943042971 21.88709599987097576
47632.075963361399772 21.8817490269262791
47632.126237847325683 21.876401567669539361
47632.176504438917618 21.871053607899430204
47632.226763174083317 21.865705133747052713
47632.277014090548619 21.860356131675693803
47632.327257225828362 21.855006588480407004
47632.377492617240932 21.849656491287415605
47632.427720301886438 21.844305827553434085
47632.477940316639433 21.838954585064968228
47632.528152698156191 21.833602751937505104
47632.578357482845604 21.828250316614390414
47632.628554706891009 21.822897267865567272
47632.678744406228361 21.817543594786179995
47632.728926616546232 21.812189286795064191
47632.779101373278536 21.806834333633116074
47632.829268711611803 21.801478725361508992
47632.879428666470631 21.796122452359721677
47632.929581272524956 21.790765505323346218
47632.979726564204611 21.785407875261949329
47633.029864575677493 21.780049553496834136
47633.07999534085684 21.774690531658674075
47633.130118893401232 21.769330801685054411
47633.180235266729142 21.763970355817907176
47633.230344494004385 21.758609186600850194
47633.280446608136117 21.753247286876419508
47633.330541641800664 21.747884649783227218
47633.38062962742697 21.742521268753019825
47633.430710597196594 21.73715713750765488
47633.480784583065542 21.731792250055988802
47633.530851616756991 21.726426600690700752
47633.580911729768559 21.721060183985027692
47633.630964953372313 21.715692994789421277
47633.681011318622041 21.710325028228147914
47633.731050856353249 21.704956279695824861
47633.781083597204997 21.699586744853881726
47633.831109571605339 21.694216419627011305
47633.881128809785878 21.688845300199751875
47633.931141341796319 21.683473383012874081
47633.981147197497194 21.678100664759615057
47634.031146406574408 21.672727142381901899
47634.081138998531969 21.667352813066582229
47634.131125002721092 21.66197767424156595
47634.181104448325641 21.656601723571906604
47634.231077364376688 21.65122495895597865
47634.281043779759784 21.645847378521775539
47634.331003723229514 21.640468980622973305
47634.380957223409496 21.635089763834962184
47634.430904308792378 21.62970972695080718
47634.480845007754397 21.624328868977187312
47634.530779348562646 21.618947189130324205
47634.580707359367807 21.613564686831839623
47634.630629068233247 21.608181361704641432
47634.680544503120473 21.602797213568901924
47634.730453691910952 21.597412242438299046
47634.780356662398844 21.592026448515969861
47634.830253442305548 21.586639832190410715
47634.880144059286977 21.581252394031370301
47634.930028540933563 21.575864134785760484
47634.97990691477753 21.570475055373538709
47635.029779208292894 21.565085156883572637
47635.07964544891729 21.559694440569533214
47635.129505664037424 21.554302907845663384
47635.179359881018172 21.548910560282735105
47635.229208127188031 21.543517399604041884
47635.279050429868221 21.538123427681412636
47635.328886816343584 21.532728646531236194
47635.378717313906236 21.527333058310517799
47635.428541949819191 21.521936665312956904
47635.478360751352739 21.51653946996506761
47635.528173745769891 21.511141474822313313
47635.577980960333662 21.505742682565283985
47635.627782422307064 21.500343095995894771
47635.677578158960387 21.494942718033627216
47635.727368197578471 21.48954155171181668
47635.777152565453434 21.48413960017394686
47635.826931289891945 21.47873686666981996
47635.8767043982225 21.473333354551876084
47635.926471917795425 21.467929067271700916
47635.976233875982871 21.462524008376696827
47636.025990300186095 21.457118181506608323
47636.075741217828181 21.451711590390090123
47636.125486656368594 21.446304238841335632
47636.1752266432959 21.440896130756719629
47636.224961206127773 21.435487270111508451
47636.274690372410987 21.430077660956335706
47636.324414169728698 21.424667307413788109
47636.374132625714992 21.419256213675247125
47636.423845768018509 21.413844383997751919
47636.473553624346096 21.408431822700929814
47636.523256222426426 21.403018534164008457
47636.57295359003183 21.397604522822867068
47636.622645754963742 21.392189793167148082
47636.672332745067251 21.386774349737425638
47636.722014588216553 21.381358197122416698
47636.771691312322218 21.375941339956252563
47636.821362945331202 21.370523782915800126
47636.871029515212285 21.365105530718000892
47636.920691049970628 21.359686588117174466
47636.970347577647772 21.354266959902485468
47637.019999126299808 21.348846650895495713
47637.06964572401921 21.343425665947751924
47637.119287398920278 21.338004009938433825
47637.16892417913914 21.332581687772073309
47637.218556092833751 21.327158704376294907
47637.268183168183896 21.321735064699645079
47637.31780543338391 21.316310773709506776
47637.367422916649957 21.310885836390255577
47637.417035646205477 21.305460257741238195
47637.466643650288461 21.300034042774804277
47637.516246957144176 21.294607196514419911
47637.565845595032442 21.289179723992791793
47637.615439592213079 21.283751630250041131
47637.665028976945905 21.278322920331927293
47637.714613777498016 21.272893599288053679
47637.764194022129232 21.267463672169860445
47637.813769739106647 21.262033144028738008
47637.863340956690081 21.256602019914375035
47637.91290770314663 21.251170304873461703
47637.962470006728836 21.245738003948286376
47638.012027895696519 21.240305122175413999
47638.061581398294948 21.234871664584620277
47638.111130542769388 21.229437636197527439
47638.160675357350556 21.22400304202619381
47638.210215870276443 21.218567887071813516
47638.259752109755937 21.213132176323455269
47638.309284104005201 21.207695914757010769
47638.358811881218571 21.202259107334079147
47638.408335469583108 21.196821759000876284
47638.45785489724949 21.191383874687168998
47638.507370192368398 21.185945459305180805
47638.556881383054133 21.180506517748614925
47638.60638849739189 21.175067054891716367
47638.655891563452315 21.169627075588337561
47638.705390609262395 21.164186584670911628
47638.754885662820016 21.158745586949631701
47638.804376752086682 21.153304087211676432
47638.853863904994796 21.147862090220460374
47638.903347149425827 21.14241960071494475
47638.952826513217587 21.136976623408948228
47639.002302024164237 21.131533162990507435
47639.051773710001726 21.126089224121272991
47639.101241598422348 21.120644811435923316
47639.150705717060191 21.115199929541628165
47639.200166093491134 21.109754583017526386
47639.249622755218297 21.104308776414246296
47639.299075729686592 21.098862514253458045
47639.348525044275448 21.093415801027443734
47639.397970726298809 21.087968641198688857
47639.447412802983308 21.082521039199502155
47639.496851301490096 21.077072999431642586
47639.546286248893011 21.071624526265953392
47639.595717672193132 21.066175624042056569
47639.645145598304225 21.060726297068068646
47639.694570054060023 21.055276549620344895
47639.743991066192393 21.049826385943241291
47639.793408661345893 21.044375810248897807
47639.842822866085044 21.038924826717046557
47639.892233706857951 21.033473439494834167
47639.941641210025409 21.028021652696669008
47639.99104540184635 21.022569470404082637
47640.040446308470564 21.01711689666565519
47640.089843955953256 21.011663935497050915
47640.139238370240491 21.006210590880986189
47640.188629577161919 21.000756866767162023
47640.238017602438049 20.99530276707221077
47640.287402471687528 20.989848295679660595
47640.336784210398037 20.984393456439914161
47640.38616284395539 20.978938253170245076
47640.435538397614437 20.973482689654797895
47640.484910896520887 20.968026769644605878
47640.534280365682207 20.962570496857626523
47640.583646829996724 20.957113874978791301
47640.633010314231797 20.951656907660051843
47640.682370843016542 20.946199598520461649
47640.731728440863662 20.940741951146247146
47640.781083132147614 20.935283969091070588
47640.830434941119165 20.929825655876200585
47640.879783891898114 20.924367014990618685
47640.929130008458742 20.918908049891125955
47640.978473314644361 20.913448764002467328
47641.027813834167318 20.907989160717455945
47641.07715159059444 20.90252924339701579
47641.126486607361585 20.897069015370220768
47641.175818907759094 20.891608479934138387
47641.225148514946341 20.886147640353836863
47641.27447545195173 20.880686499862548544
47641.323799741658149 20.875225061661843995
47641.373121406810242 20.869763328921791867
47641.422440470007132 20.864301304781147195
47641.471756953724253 20.858838992347575214
47641.521070880276966 20.853376394698202034
47641.570382271864219 20.847913514879859775
47641.619691150524886 20.842450355909299731
47641.668997538181429 20.836986920773370002
47641.718301456596237 20.831523212429051028
47641.767602927400731 20.826059233803629667
47641.816901972080814 20.820594987794912356
47641.866198611991422 20.815130477271445386
47641.915492868327419 20.809665705072728059
47641.964784762152703 20.804200674009432959
47642.014074314378377 20.798735386863633323
47642.063361545784574 20.79326984638903042
47642.112646476984082 20.787804055311177365
47642.161929128465999 20.782338016327713603
47642.21120952055935 20.776871732108599389
47642.260487673454918 20.771405205296346708
47642.309763607183413 20.765938438506257313
47642.359037341637304 20.760471434326699836
47642.40830889656354 20.75500419531934071
47642.457578291548998 20.749536724019392864
47642.506845546042314 20.744069022935846647
47642.55611067933205 20.73860109455172207
47642.605373710568529 20.733132941324289078
47642.654634658741998 20.727664565685330444
47642.703893542697188 20.722195970041365598
47642.753150381126034 20.716727156773888652
47642.802405192567676 20.711258128239499854
47642.851657995423011 20.705788886770097434
47642.900908807932865 20.700319434673112085
47642.950157648192544 20.694849774231794726
47642.999404534151836 20.689379907705536255
47643.048649483615009 20.683909837330613612
47643.097892514240812 20.678439565320722693
47643.147133643549751 20.672969093867219925
47643.196372888916812 20.667498425139374518
47643.245610267586017 20.662027561284599386
47643.294845796655864 20.656556504428692733
47643.34407949308661 20.651085256676079638
47643.393311373692995 20.645613820109712577
47643.442541455166065 20.640142196791149587
47643.491769754058623 20.63467038876078874
47643.54099628678523 20.629198398038095519
47643.590221069629479 20.623726226621833746
47643.639444118743995 20.61825387649007979
47643.688665450157714 20.612781349600428626
47643.737885079768603 20.60730864789023542
47643.787103023350937 20.6018357732768429
47643.836319296548027 20.596362727657794522
47643.88553391489404 20.590889512911015657
47643.934746893799456 20.585416130895001885
47643.983958248558338 20.57994258344904992
47644.033167994348332 20.574468872393715912
47644.082376146245224 20.56899499953124888
47644.131582719215658 20.563520966645793209
47644.180787728117139 20.558046775503584058
47644.229991187698033 20.552572427853142756
47644.279193112604844 20.547097925425479303
47644.32839351738221 20.541623269934280671
47644.377592416458356 20.536148463076106196
47644.426789824159641 20.530673506530511929
47644.475985754710564 20.525198401960029315
47644.525180222233757 20.519723151010321516
47644.574373240742716 20.514247755310368149
47644.623564824156347 20.508772216472639371
47644.672754986284417 20.503296536093284175
47644.721943740842107 20.49782071575220499
47644.77113110145001 20.492344757012990186
47644.820317081619578 20.486868661422970916
47644.869501694767678 20.481392430513391645
47644.918684954216587 20.475916065799587784
47644.967866873193998 20.470439568781166884
47645.017047464825737 20.464962940942264424
47645.06622674215032 20.459486183751728561
47645.115404718104401 20.454009298663265781
47645.164581405530043 20.448532287115543937
47645.213756817174726 20.443055150532362774
47645.262930965698615 20.437577890322813801
47645.312103863660013 20.432100507881305163
47645.361275523537188 20.426623004587661114
47645.410445957713819 20.421145381807285446
47645.459615178486274 20.415667640891310697
47645.508783198056335 20.410189783176562628
47645.557950028553023 20.404711809985638382
47645.607115682018048 20.399233722627183596
47645.656280170405807 20.393755522396070035
47645.705443505597941 20.388277210573530596
47645.7546056993815 20.382798788427294312
47645.803766763470776 20.377320257211572141
47645.852926709500025 20.371841618167145782
47645.902085549023468 20.36636287252150268
47645.951243293508014 20.36088402148898524
47646.000399954340537 20.355405066270925829
47646.049555542842427 20.349926008055792437
47646.098710070240486 20.344446848019313023
47646.147863547688758 20.338967587324624731
47646.197015986253973 20.333488227122401781
47646.246167396937381 20.328008768550983376
47646.295317790652916 20.322529212736437643
47646.344467178234481 20.31704956079288138
47646.393615570443217 20.311569813822639929
47646.442762977967504 20.306089972916403497
47646.491909411422967 20.300610039153575315
47646.541054881337914 20.295130013602477703
47646.590199398189725 20.289649897320465755
47646.639342972375744 20.284169691354041021
47646.688485614213278 20.278689396738972306
47646.737627333961427 20.273209014500434222
47646.786768141806533 20.267728545653270089
47646.8359080478549 20.26224799120208786
47646.885047062147351 20.256767352141501703
47646.934185194666497 20.251286629456366484
47646.983322455314919 20.245805824121898553
47647.032458853929711 20.240324937103789438
47647.081594400282484 20.234843969358600191
47647.13072910408664 20.229362921834113109
47647.179862974982825 20.223881795469576872
47647.22899602256075 20.218400591195948124
47647.278128256337368 20.2129193099359874
47647.327259685778699 20.207437952604337283
47647.376390320285282 20.201956520107671622
47647.425520169199444 20.196475013345182248
47647.474649241819861 20.19099343320898754
47647.523777547401551 20.185511780584281638
47647.572905095141323 20.180030056349419709
47647.622031894199608 20.174548261375992553
47647.671157953685906 20.16906639652879818
47647.720283282658784 20.16358446266585247
47647.769407890147704 20.158102460638456677
47647.818531785131199 20.152620391291268476
47647.867654976551421 20.147138255462387235
47647.916777473299589 20.141656053983414409
47647.965899284223269 20.136173787679556568
47648.015020418126369 20.130691457369710662
47648.064140883776417 20.125209063866531523
47648.113260689882736 20.119726607976467392
47648.162379845125542 20.114244090499653339
47648.211498358134122 20.108761512229957447
47648.260616237501381 20.103278873955044759
47648.309733491776569 20.097796176456451889
47648.358850129465281 20.092313420509668731
47648.40796615902218 20.0868306068841882
47648.457081588865549 20.081347736343591492
47648.506196427370014 20.075864809645612041
47648.555310682866548 20.07038182754219946
47648.604424363635189 20.064898790779587046
47648.653537477919599 20.059415700098359281
47648.702650033905229 20.053932556233515783
47648.751762039741152 20.048449359914467749
47648.800873503532785 20.042966111865098355
47648.849984433334612 20.037482812803823151
47648.899094837157463 20.031999463443501241
47648.948204722968512 20.026516064491396207
47648.997314098691277 20.021032616649218738
47649.046422972212895 20.015549120613229661
47649.095531351384125 20.010065577074374943
47649.144639244004793 20.004581986718367403
47649.193746657852898 19.999098350225729348
47649.242853600655508 19.993614668271860069
47649.291960080103308 19.988130941527092688
47649.341066103843332 19.982647170656751001
47649.390171679500781 19.977163356321430143
47649.439276814649929 19.971679499177408701
47649.488381516843219 19.966195599876726874
47649.537485793596716 19.960711659067261081
47649.586589652390103 19.9552276773927737
47649.635693100673961 19.949743655492977012
47649.684796145862492 19.944259594003600711
47649.733898795333516 19.938775493556445184
47649.783001056435751 19.933291354779438365
47649.832102936481533 19.927807178296696122
47649.881204442754097 19.922322964728572003
47649.930305582507572 19.916838714691674994
47649.979406362959708 19.911354428798951233
47650.028506791313703 19.905870107659790591
47650.077606874736375 19.900385751879781537
47650.126706620372715 19.894901362060718242
47650.175806035353162 19.889416938800653867
47650.224905126786325 19.883932482693534638
47650.274003901766264 19.878447994328869441
47650.323102367372485 19.872963474291765351
47650.372200530669943 19.867478923162867233
47650.421298398723593 19.861994341518283136
47650.470395978576562 19.856509729929506136
47650.519493277264701 19.851025088963446308
47650.568590301823861 19.845540419182619019
47650.61768705927534 19.840055721145230194
47650.666783556640439 19.834570995405240268
47650.71587980093318 19.82908624251240326
47650.764975799160311 19.82360146301232362
47650.814071558335854 19.818116657446527284
47650.863167085459281 19.812631826352696152
47650.912262387544615 19.807146970264820851
47650.961357471591327 19.801662089713232717
47651.010452344613441 19.796177185224660633
47651.059547013610427 19.79069225732228432
47651.108641485603584 19.785207306525769866
47651.157735767599661 19.779722333351333674
47651.206829866612679 19.774237338311781542
47651.255923789649387 19.768752321916565506
47651.305017543731083 19.763267284671822921
47651.354111135879066 19.757782227080436854
47651.403204573107359 19.752297149642078722
47651.452297862437263 19.746812052853254471
47651.501391010890075 19.741326937207361425
47651.55048402549437 19.735841803194734467
47651.599576913278725 19.730356651302685123
47651.648669681271713 19.724871482015498003
47651.697762336509186 19.71938629581443081
47651.746854886041547 19.713901093177600643
47651.795947336911922 19.708415874579998217
47651.845039696192543 19.702930640493523384
47651.894131970948365 19.69744539138704198
47651.943224168273446 19.691960127726421348
47651.992316295254568 19.686474849974413104
47652.041408359014895 19.680989558590312072
47652.09050036669214 19.675504254029970497
47652.139592325438571 19.670018936745840676
47652.18868424242828 19.664533607187010489
47652.237776124857191 19.659048265799263788
47652.286867979943054 19.653562913025037773
47652.335959814932721 19.648077549303401668
47652.385051637102151 19.642592175070447524
47652.434143453756406 19.63710679075936838
47652.483235271320154 19.631621396902364296
47652.532327094399079 19.626135994237063898
47652.581418930371001 19.620650583190851535
47652.630510786679224 19.615165164189285463
47652.679602670788881 19.609679737656133369
47652.728694590216037 19.604194304013372374
47652.777786552527687 19.598708863681270742
47652.826878565327206 19.593223417078441173
47652.875970636276179 19.587737964621918962
47652.925062773072568 19.582252506727208186
47652.974154983472545 19.576767043808153801
47653.023247275283211 19.571281576276934544
47653.072339656362601 19.56579610454426188
47653.121432134626957 19.560310629019365791
47653.170524718050729 19.554825150110048071
47653.219617414673849 19.549339668222778243
47653.268710232601734 19.543854183762640275
47653.317803179998009 19.53836869713337876
47653.366896265091782 19.532883208737462866
47653.41598949618492 19.52739771897615384
47653.465082881644776 19.521912228249583166
47653.514176429918734 19.51642673695681296
47653.563270149512391 19.510941245495907026
47653.612364049018652 19.505455754264048096
47653.661458137095906 19.499970263657953495
47653.71055242249713 19.49448477407397462
47653.759646914048062 19.488999285908178649
47653.808741620690853 19.483513799556515522
47653.857836551462242 19.478028315414757543
47653.906931715500832 19.472542833878495827
47653.95602712204709 19.467057355343229119
47654.005122780465172 19.461571880204733276
47654.054218700221099 19.456086408859103898
47654.103314890904585 19.450600941702781199
47654.152411362207204 19.445115479132628167
47654.201508123944222 19.43963002154596964
47654.250605186054599 19.43414456934064205
47654.299702558593708 19.428659122915046709
47654.348800251740613 19.423173682668220863
47654.397898275805346 19.417688248999908751
47654.446996641221631 19.412202822310884898
47654.496095358554157 19.406717403003188593
47654.54519443850586 19.401231991480205608
47654.54519443850586 19.401231991480205608
47654.54519443850586 19.401231991480205608
47654.54519443850586 19.401231991480205608
47654.54519443850586 19.401231991480205608
47654.54519443850586 19.401231991480205608
47654.594293891910638 19.395746588146732137
47654.643393729733361 19.390261193409081386
47654.692493963098968 19.384775807675151071
47654.741594603248814 19.379290431354483815
47654.790695661591599 19.373805064858363068
47654.839797149674268 19.368319708600139961
47654.888899079196563 19.362834362995283044
47654.938001462011016 19.35734902846142802
47654.987104310122959 19.351863705418448802
47655.036207635705068 19.346378394288521463
47655.085311451090092 19.340893095496198839
47655.134415768763574 19.33540780946847093
47655.183520601392956 19.32992253663491411
47655.232625961805752 19.324437277427829684
47655.281731863011373 19.318952032282304287
47655.330838318186579 19.313466801636284487
47655.379945340697304 19.307981585930647839
47655.429052944084106 19.30249638560946579
47655.478161142076715 19.297011201120184865
47655.527269948601315 19.291526032913729694
47655.576379377773264 19.286040881444545647
47655.625489443904371 19.280555747170613046
47655.674600161524722 19.275070630553535977
47655.723711545360857 19.269585532058613353
47655.772823610350315 19.26410045215492417
47655.821936371648917 19.258615391315416332
47655.871049844630761 19.253130350017237049
47655.920164044888224 19.247645328741949555
47655.969278988253791 19.242160327975625478
47656.018394690778223 19.236675348209129055
47656.067511168766941 19.231190389938166874
47656.116628438750922 19.225705453663376687
47656.165746517523075 19.220220539890412681
47656.214865422109142 19.214735649130116002
47656.263985169811349 19.209250781898742133
47656.313105778179306 19.20376593871795734
47656.36222726503911 19.198281120114994991
47656.411349648493342 19.192796326623017933
47656.460472946913796 19.187311558781139809
47656.50959717897058 19.181826817134510321
47656.558722363624838 19.176342102234396947
47656.607848520128755 19.17085741463806059
47656.656975668061932 19.165372754908471364
47656.706103827309562 19.159888123614358335
47656.755233018084255 19.154403521330486626
47656.804363260933314 19.1489189486378244
47656.85349457673874 19.143434406123983393
47656.902626986731775 19.137949894383478266
47656.951760512485635 19.132465414017762129
47657.000895175951882 19.126980965635354437
47657.050030999438604 19.121496549852032842
47657.099168005632237 19.116012167291152934
47657.148306217597565 19.110527818583754822
47657.197445658785 19.105043504368715901
47657.246586353052408 19.099559225292942699
47657.29572832465783 19.094074982011754571
47657.344871598281316 19.088590775188876592
47657.394016199017642 19.083106605496571007
47657.443162152398145 19.077622473615779342
47657.492309484397992 19.072138380236278721
47657.541458221436187 19.066654326056831081
47657.590608390397392 19.061170311785247122
47657.639760018624656 19.055686338138425384
47657.688913133955793 19.050202405842501463
47657.738067764701555 19.044718515633000777
47657.787223939682008 19.039234668255005545
47657.836381688211986 19.033750864463392816
47657.885541040137468 19.028267105022862893
47657.934702025842853 19.022783390707918016
47657.983864676243684 19.017299722303434351
47658.033029022830306 19.011816100604708168
47658.082195097660588 19.006332526417587303
47658.131362933374476 19.000849000558662993
47658.180532563201268 18.995365523855422651
47658.22970402098872 18.989882097146445261
47658.278877341203042 18.984398721281575462
47658.328052558943455 18.978915397122008812
47658.377229709949461 18.973432125540298898
47658.426408830637229 18.967948907420421278
47658.47558995809959 18.962465743657912043
47658.524773130113317 18.956982635160080974
47658.573958385182777 18.951499582846228265
47658.623145762518106 18.946016587647861229
47658.672335302071588 18.940533650508918129
47658.721527044552204 18.935050772386002649
47658.770721031425637 18.929567954248611272
47658.819917304957926 18.924085197079367759
47658.869115908215463 18.918602501874264732
47658.918316885064996 18.913119869642919468
47658.967520280231838 18.907637301408811936
47659.016726139278035 18.90215479820954414
47659.065934508653299 18.896672361097103021
47659.115145435680461 18.891189991138123361
47659.164358968606393 18.885707689414150678
47659.213575156602019 18.880225457022017821
47659.26279404979141 18.874743295074623006
47659.312015699280892 18.869261204701100354
47659.361240157159045 18.863779187047068575
47659.410467476554913 18.858297243275206512
47659.459697711623448 18.852815374566166184
47659.50893091760372 18.84733358211887122
47659.558167150833469 18.841851867151074629
47659.607406468770932 18.836370230899575517
47659.656648930016672 18.830888674620467782
47659.705894594349957 18.825407199589612617
47659.755143522757862 18.819925807103317084
47659.804395777464379 18.814444498478533063
47659.853651421959512 18.808963275053184105
47659.902910521013837 18.803482138186510042
47659.952173140722152 18.798001089259443575
47660.001439348525309 18.792520129675096996
47660.050709213253867 18.787039260859007328
47660.099982805149921 18.781558484259466724
47660.149260195896204 18.776077801347899054
47660.198541458659747 18.770597213619243604
47660.247826668120979 18.765116722592363629
47660.297115900495555 18.759636329810483346
47660.346409233592567 18.754156036841564514
47660.395706746843643 18.748675845278715002
47660.445008521317504 18.743195756740597346
47660.494314639799995 18.737715772871833764
47660.543625186794088 18.732235895343418264
47660.59294024859264 18.726756125853107449
47660.642259913292946 18.72127646612566565
47660.691584270862222 18.715796917913237962
47660.740913413166709 18.71031748299577302
47660.79024743402988 18.704838163181477739
47660.83958642926882 18.699358960307240096
47660.888930496737885 18.693879876239098081
47660.938279736394179 18.688400912872673132
47660.987634250319388 18.682922072133631985
47661.036994142799813 18.677443355978141426
47661.086359520355472 18.671964766393337243
47661.135730491812865 18.666486305397775425
47661.185107168341347 18.661007975041901119
47661.234489663525892 18.655529777408524694
47661.283878093410749 18.650051714613276488
47661.333272576572199 18.644573788805086423
47661.382673234162212 18.639096002166663624
47661.432080189988483 18.633618356914965375
47661.481493570579914 18.628140855301673184
47661.530913505230274 18.622663499613661742
47661.580340126085503 18.617186292173471429
47661.629773568201927 18.61170923533977728
47661.679213969633565 18.606232331507857936
47661.728661471490341 18.600755583110547775
47661.778116218018113 18.595278992618972325
47661.827578356693266 18.589802562542850239
47661.877048038273642 18.584326295430951603
47661.926525416914956 18.578850193871545571
47661.976010650214448 18.573374260492848009
47662.025503899341857 18.567898497963533089
47662.075005329083069 18.562422908993681858
47662.124515107971092 18.556947496335116199
47662.174033408351534 18.551472262781789624
47662.223560406491742 18.545997211170153207
47662.273096282689949 18.540522344379393616
47662.322641221348022 18.535047665331717326
47662.372195411095163 18.529573176992705896
47662.421759044897044 18.524098882371955455
47662.471332320157671 18.518624784523588289
47662.520915438828524 18.513150886546473117
47662.570508607524971 18.507677191584527066
47662.620112037664512 18.502203702826957255
47662.669725945554092 18.496730423508505936
47662.719350552535616 18.491257356909656551
47662.768986085109646 18.48578450635680781
47662.818632775059086 18.480311875222430018
47662.868290859601984 18.474839466925168097
47662.917960581507941 18.469367284929933959
47662.96764218925091 18.463895332747966904
47663.017335937161988 18.458423613936879804
47663.067042085560388 18.452952132100442384
47663.116760900935333 18.447480890888495964
47663.166492656077025 18.44200989399680779
47663.216237630251271 18.436539145166889853
47663.2659961093741 18.431068648185746639
47663.315768386157288 18.425598406885583813
47663.365554760304803 18.420128425143570183
47663.415355538687436 18.414658706881578354
47663.465171035524691 18.409189256065776163
47663.515001572566689 18.403720076706026276
47663.564847479312448 18.398251172855211166
47663.614709093184501 18.392782548608504811
47663.664586759747181 18.387314208102743862
47663.714480832917616 18.381846155515784602
47663.764391675169463 18.376378395065341209
47663.814319657780288 18.370910931007884415
47663.864265161028015 18.365443767637671613
47663.914228574445588 18.359976909285403934
47663.96421029704652 18.354510360316741213
47664.01421073757956 18.349044125130721028
47664.064230314783345 18.343578208158064058
47664.114269457626506 18.338112613859308908
47664.164328605576884 18.332647346722911408
47664.214408208885288 18.327182411263500228
47664.264508728861983 18.321717812019656435
47664.314630638153176 18.316253553551785416
47664.364774421039328 18.310789640439210757
47664.414940573740751 18.305326077277104702
47664.465129604723188 18.29986286867340084
47664.51534203501069 18.294400019245575351
47664.565578398498474 18.28893753361720087
47664.615839242294896 18.283475416414301407
47664.666125127056148 18.278013672261465672
47664.716436627313669 18.27255230577770817
47664.766774331859779 18.267091321572106466
47664.817138844082365 18.261630724239196866
47664.867530782350514 18.256170518354075227
47664.917950780385581 18.250710708467220655
47664.96839948764682 18.245251299099038533
47665.018877569731558 18.239792294734083811
47665.069385708789923 18.23433369981502139
47665.119924603917752 18.228875518736206374
47665.170494971600419 18.223417755836969434
47665.221097546127567 18.217960415394539808
47665.271733080036938 18.21250350161662368
47665.322402344580041 18.207047018633616631
47665.373106130165979 18.201590970490428845
47665.423845246834389 18.196135361137933728
47665.474620524735656 18.190680194424000859
47665.525432814603846 18.185225474084223407
47665.576282988280582 18.179771203732023821
47665.62717193919525 18.174317386848446887
47665.678100582888874 18.168864026771473164
47665.729069857530703 18.163411126685261365
47665.78008072447119 18.15795868960867665
47665.831134168751305 18.152506718383591533
47665.882231199662783 18.147055215662451388
47665.933372851315653 18.141604183895324809
47665.98456018318393 18.13615362531651698
47666.035794280673144 18.130703541930721201
47666.087076255702414 18.125253935498687241
47666.138407247286523 18.119804807522353229
47666.189788422110723 18.114356159229576093
47666.241220975141914 18.108907991558350403
47666.292706130196166 18.103460305140629316
47666.344245140557177 18.098013100285765375
47666.395839289565629 18.092566376963457486
47666.447489891237637 18.087120134786360381
47666.499198290832283 18.081674372992175392
47666.550965865484613 18.076229090425535162
47666.602794024787727 18.070784285519554402
47666.654684211389394 18.065339956277103539
47666.70663790157414 18.059896100251759066
47666.758656605859869 18.054452714528494539
47666.810741869558115 18.049009795704975545
47666.862895273334289 18.043567339872492283
47666.915118433760654 18.038125342596725176
47666.967413003847469 18.032683798898641925
47667.019780673552305 18.027242703235604182
47667.072223170267534 18.021802049482776198
47667.124742259278719 18.016361830914974007
47667.177339744222991 18.010922040189129234
47667.230017467481957 18.005482669327353307
47667.282777310545498 18.000043709701127881
47667.335621194346459 17.994605152016333705
47667.388551079551689 17.989166986299405693
47667.441568966802151 17.983729201884870008
47667.494676896902092 17.978291787404362623
47667.547876950964564 17.972854730777516608
47667.601171250462357 17.967418019204885127
47667.654561957227997 17.961981639163138169
47667.70805127339554 17.956545576402842102
47667.761641441225947 17.951109815949092052
47667.815334742888808 17.945674342105526478
47667.86913350012037 17.940239138460999158
47667.923040073786979 17.934804187900926564
47667.977056863332109 17.929369472622678217
47668.031186306121526 17.923934974155582012
47668.085430876635655 17.91850067338566177
47668.139793085567362 17.913066550586204784
47668.19427547873056 17.907632585453733043
47668.248880635852402 17.902198757150582509
47668.30361116919812 17.89676504435409754
47668.358469721984875 17.891331425313246939
47668.413458966686449 17.885897877912963594
47668.468581603076018 17.880464379746722869
47668.523840356108849 17.875030908197853563
47668.579237973601266 17.869597440530011312
47668.63477722366224 17.864163953987283406
47668.690460891928524 17.858730425904372652
47668.746291778537852 17.853296833827364765
47668.802272694891144 17.847863155645629973
47668.858406460123661 17.842429369735118172
47668.914695897357888 17.836995455113324738
47668.971143829672656 17.831561391605966094
47669.027753075803048 17.826127160025848184
47669.084526445585652 17.820692742364027339
47669.141466735127324 17.815258121993334584
47669.198576721682912 17.80982328388414615
47669.255859158300154 17.804388214832101767
47669.313316768180812 17.798952903696896755
47669.370952238772588 17.793517341653775077
47669.428768215650052 17.788081522455176042
47669.486767296119069 17.782645442702609273
47669.544952022624784 17.777209102127926599
47669.603324875963153 17.771772503881887673
47669.661888268325129 17.766335654828182555
47669.720644536144391 17.760898565844456698
47669.779595932850498 17.755461252127172855
47669.838744621498336 17.750023733498313305
47669.898092667361198 17.744586034711304023
47669.957642030480201 17.739148185754835652
47670.017394558242813 17.733710222152087255
47670.077351978019578 17.728272185252574644
47670.137515889939095 17.72283412251420387
47670.197887759786681 17.717396087772058877
47670.258468912172248 17.711958141490601548
47670.319260523916455 17.706520350997834612
47670.380263617793389 17.701082790697601155
47670.441479056637036 17.695645542256595917
47670.502907537898864 17.690208694763711605
47670.564549588678346 17.684772344859048587
47670.626405561306456 17.679336596830825812
47670.688475629525783 17.67390156267463297
47670.750759785281844 17.668467362115574559
47670.81325783621287 17.663034122590968167
47670.875969403823547 17.65760197919142982
47670.938893922422722 17.652171074560360609
47671.002030638817814 17.646741558748789913
47671.065378612787754 17.641313589028797537
47671.12893671834172 17.635887329664640788
47671.192703645800066 17.630462951641654001
47671.256677904646494 17.625040632353695003
47671.320857827115105 17.619620555251113814
47671.385241572592349 17.614202909453041457
47671.449827132673818 17.608787889326372067
47671.514612336941354 17.603375694033243093
47671.579594859336794 17.597966527051486452
47671.644772225139604 17.592560595672601664
47671.710141818592092 17.587158110489742313
47671.775700890953885 17.581759284850374314
47671.841446568862011 17.576364334309918291
47671.90737586299656 17.570973476079490894
47671.973485677008284 17.565586928472896489
47672.039772816657205 17.560204910357306574
47672.106233999118558 17.55482764060942813
47672.172865862332401 17.549455337582742231
47672.239664974382322 17.544088218587443606
47672.306627842866874 17.538726499390488556
47672.373750924154592 17.533370393735616233
47672.441030632508046 17.528020112886803616
47672.508463349025988 17.522675865197026468
47672.576045430338127 17.517337855704074201
47672.64377321707434 17.51200628576054541
47672.711643042013748 17.506681352689742681
47672.779651237935468 17.501363249471669548
47672.847794145083753 17.496052164460675016
47672.916068118305702 17.490748281133875253
47672.984469533766969 17.485451777872750512
47673.052994795289123 17.480162827768143785
47673.121640340221347 17.474881598464925503
47673.190402644999267 17.469608252034490192
47673.2592782302454 17.464342944879597042
47673.328263665491249 17.459085827661805723
47673.397355573433742 17.453837045250629956
47673.466550633798761 17.448596736703809285
47673.535845586768119 17.443365035271440888
47673.605237236035464 17.438142068421758069
47673.67461316457775 17.432936146188048099
47673.743797237410035 17.427760239500265982
47673.812789029310807 17.422614080349656973
47673.881588116157218 17.417497407075789084
47673.950193886499619 17.412409978226303764
47674.018605717101309 17.407351559296518673
47674.086822817189386 17.402321934079449051
47674.154844696502551 17.39732087002179739
47674.222671007555618 17.392348129969469994
47674.290301606597495 17.387403467735875751
47674.3577366324389 17.382486622435102674
47674.424976394104306 17.377597326782467491
47674.492021483376448 17.372735298959856465
47674.558872787070868 17.367900241848918341
47674.625531474004674 17.363091844086312676
47674.691999005321122 17.35830977941943587
47674.758277189786895 17.353553702840194717
47674.824369150301209 17.348823181639840385
47674.890277237456758 17.34411784518857047
47674.956004138934077 17.339437305135984246
47675.02155265660258 17.334781171341749229
47675.086925807670923 17.330149044634151068
47675.152127041932545 17.325540501478997157
47675.217159709871339 17.320955131630672241
47675.282027185930929 17.316392529204176043
47675.346733000427776 17.311852283279485221
47675.411280631735281 17.30733399239110426
47675.475673727065441 17.302837248921616009
47675.53991589875659 17.298361653256606019
47675.604011893170536 17.2939067324550102
47675.667965301981894 17.289472099534457072
47675.731779866728175 17.285057362244650392
47675.795459203560313 17.28066214202391393
47675.859006624210451 17.276286086079029047
47675.92242538179562 17.27192885015092827
47675.985718786621874 17.267590090419169258
47676.048889883946686 17.263269485444251217
47676.111941629947978 17.258966723857561476
47676.174876828525157 17.254681508488911135
47676.237698165714392 17.250413553814652801
47676.30040824169555 17.246162583608327878
47676.363009600885562 17.241928328752027966
47676.42550463302905 17.237710533777558908
47676.487895651283907 17.233508951417093158
47676.550184835745313 17.229323346258233585
47676.61237430080655 17.225153490062862005
47676.674466077711259 17.220999162814091932
47676.736462104920065 17.216860153231365871
47676.798364284477429 17.212736254887417431
47676.86017443567107 17.208627269200221122
47676.921894638624508 17.204532982547579678
47676.983526559117308 17.20045321104110414
47677.045072079345118 17.196387758560785386
47677.106533134057827 17.192336427644065111
47677.167911316304526 17.188299045380507124
47677.229208172131621 17.184275443803802119
47677.290425222599879 17.180265458375266974
47677.351563981414074 17.176268926774504564
47677.4126259498953 17.172285689181322255
47677.473612624307862 17.16831558775224309
47677.53452548012865 17.16435846760185413
47677.595365979694179 17.160414176257905439
47677.65613556002063 17.156482564405340696
47677.716835468396312 17.152563496442027713
47677.777467096544569 17.148656828813031439
47677.838031843777571 17.144762418867276921
47677.89853109021351 17.14088012655077975
47677.958966228070494 17.137009812365558759
47678.019338638012414 17.133151338860567847
47678.079649713123217 17.129304569071528874
47678.139900832073181 17.125469368211813759
47678.200093373576237 17.121645602721130786
47678.260228731705865 17.117833139273596288
47678.320308656300767 17.114031823248655684
47678.38033449654904 17.110241526651865485
47678.440307559612847 17.106462125261408858
47678.500230009951338 17.102693442079331732
47678.560103304494987 17.098935345970467381
47678.619928869717114 17.095187708827847217
47678.679708125469915 17.091450404047208167
47678.739442487276392 17.087723306363038489
47678.799133380642161 17.084006290938003048
47678.858782207331387 17.080299235447288453
47678.918390364131483 17.076602018884475598
47678.977959244562953 17.072914521437517976
47679.037490252674615 17.069236623619115534
47679.096984527968743 17.065568223203747777
47679.156443385145394 17.061909208016988515
47679.215868148712616 17.058259466175968555
47679.275260156864533 17.054618885844984533
47679.334620729568996 17.050987357179124615
47679.393951198289869 17.047364770487117624
47679.453252919323859 17.043751015414471794
47679.512527320192021 17.040145978124549231
47679.571775738688302 17.036549551089407828
47679.630999505832733 17.032961628003697285
47679.690200166995055 17.029382090410216222
47679.749379030574346 17.025810835023367673
47679.808537509154121 17.022247753051644281
47679.867676893059979 17.018692743843882198
47679.926798471293296 17.015145707559504729
47679.985903526263428 17.011606545470304042
47680.0449933152413 17.008075161054186708
47680.104069096400053 17.004551458416241161
47680.163132298759592 17.00103533217292906
47680.222184237471083 16.997526684439996814
47680.28122615666507 16.994025422217315935
47680.340259283169871 16.990531454161978075
47680.399284853301651 16.987044688987225527
47680.458304253428651 16.983565027178208595
47680.517318666563369 16.980092381843725491
47680.57632923455094 16.976626669073930032
47680.63533712575736 16.973167803943745469
47680.694343692681286 16.969715691307644789
47680.753350149534526 16.966270244700545788
47680.812357159338717 16.96283141029193331
47680.871365729239187 16.959399114541323428
47680.930376987424097 16.955973277320698145
47680.989392427160055 16.95255379784883587
47681.048413459044241 16.949140580753592644
47681.107441196967557 16.9457335483594278
47681.166476732971205 16.942332624695364274
47681.225521180327632 16.938937732998361696
47681.284575628058519 16.935548798326529152
47681.343641063882387 16.932165751945110088
47681.402718578232452 16.928788519612290031
47681.461809323853231 16.925417023930517502
47681.520914655811794 16.922051176406753825
47681.580035784689244 16.918690897248904292
47681.639173548042891 16.91533612823094046
47681.69832882337505 16.911986809122236508
47681.75750250427518 16.908642879049470054
47681.816695425477519 16.905304280721370702
47681.875908398033062 16.901970958412746882
47681.935142248730699 16.898642855731413448
47681.994397753915109 16.895319919330031411
47682.053675619317801 16.892002099999885445
47682.112976524273108 16.888689350158671232
47682.172301113627327 16.885381624281365021
47682.231649968307465 16.882078880512867869
47682.291023595149454 16.878781081192713032
47682.350422524592432 16.875488187400037532
47682.409847306545998 16.872200159188984969
47682.469298405514564 16.868916961381749786
47682.528776173610822 16.865638565002996074
47682.588280931624467 16.862364942761335129
47682.647813169678557 16.859096058021005859
47682.707373812656442 16.855831850353688139
47682.766963540503639 16.852572272905451456
47682.826582469664572 16.849317309640060358
47682.886230690142838 16.846066945802622428
47682.94590831919777 16.842821164986442994
47683.005615513102384 16.839579948505871698
47683.065352316880308 16.836343283547851257
47683.125118318333989 16.833111181803939616
47683.184913132303336 16.829883653119793507
47683.244736755958002 16.82666068638550172
47683.304589162791672 16.82344227154067795
47683.364470258573419 16.820228401922548755
47683.424379993244656 16.817019068241890523
47683.484318235525279 16.813814265303147266
47683.544284754796536 16.810613992927653015
47683.604279401006352 16.807418246330072975
47683.664302021861658 16.804227020556378847
47683.724352458179055 16.801040310730179783
47683.78443085582694 16.79785809554068976
47683.844537302371464 16.79468035658661762
47683.904671521449927 16.791507094459920069
47683.964833249614458 16.788338308735387017
47684.025022234032804 16.785173998098443349
47684.085238237661542 16.782014160081541121
47684.145481040730374 16.778858790994263472
47684.205750442823046 16.77570788582605843
47684.266046651202487 16.772561418011207479
47684.326369987029466 16.769419354914628428
47684.386720456182957 16.76628168018083187
47684.447097908960131 16.763148385303285437
47684.507501900174248 16.760019476791931936
47684.567932126214146 16.756894953458598252
47684.628388602031919 16.753774797361714377
47684.688871364014631 16.750658989252066533
47684.749380484536232 16.747547507837598602
47684.809916059755778 16.744440330428922437
47684.870478071519756 16.74133744002185864
47684.931066503064358 16.738238819335094831
47684.991681462102861 16.735144444536178554
47685.052323924799566 16.732054247425420357
47685.112995044131821 16.728968150986197827
47685.17369525929098 16.725886114643330416
47685.234424981092161 16.72280809923207201
47685.295184707123553 16.719734061166590777
47685.355974941325258 16.716663956539211
47685.416796098747 16.713597745923092219
47685.477648603649868 16.710535389402963347
47685.538532886319445 16.707476846741755594
47685.599449365501641 16.704422078267114671
47685.660398456602707 16.701371044459019544
47685.72138056554104 16.698323706258602073
47685.782396089729446 16.695280025018977454
47685.843445464190154 16.692239960211292527
47685.904529100233049 16.689203472489996471
47685.965647354314569 16.686170525230100026
47686.026800557781826 16.68314108303737342
47686.087988997336652 16.680115112706133118
47686.149212992102548 16.677092579404277473
47686.210472843406023 16.674073449168165695
47686.271768780337879 16.671057691576358195
47686.333100994874258 16.668045278000484188
47686.394469752151053 16.66503617619593669
47686.455875349260168 16.662030352352569906
47686.517318077290838 16.659027772967732517
47686.578798274138535 16.656028402274014155
47686.640316471653932 16.653032195105058832
47686.701873386722582 16.650039097411440281
47686.763469830999384 16.647049050719228802
47686.825106714524736 16.644061991995982908
47686.886784943148086 16.641077858653808619
47686.948505534317519 16.638096582961367176
47687.010269526894263 16.635118096437931712
47687.0720779749754 16.632142330161851618
47687.133931961849157 16.629169214109676744
47687.195832494784554 16.626198682215267866
47687.257780562737025 16.623230669580678409
47687.319777286262251 16.620265105307158393
47687.381823816511314 16.617301917369115216
47687.443921182559279 16.614341039902420505
47687.506070454663131 16.611382405396014406
47687.568272642922238 16.608425949523635268
47687.630528668189072 16.605471612503038159
47687.69283948870725 16.602519333072461194
47687.755206172725593 16.599569045075746487
47687.817629904770001 16.596620677210815131
47687.880111794664117 16.593674162075753742
47687.942652823541721 16.590729438684466146
47688.005254033421807 16.58778644351806264
47688.067916657208116 16.58484510445363469
47688.130641894342261 16.581905351343618094
47688.193430767569225 16.578967122703410553
47688.256284393777605 16.576030353007396911
47688.319203796163492 16.57309498148232052
47688.38218963163672 16.570160964766188272
47688.445242241803498 16.56722827441383572
47688.508361587395484 16.564296899834616283
47688.571547303668922 16.561366845598772812
47688.634798857143323 16.558438124080289811
47688.698115923121804 16.555510737966024237
47688.76149835644901 16.552584681684130885
47688.824946102038666 16.549659945594811461
47688.888459359208355 16.546736508469386706
47688.95203842662886 16.543814344703722696
47689.01568359072553 16.540893429474429865
47689.079395185995963 16.537973735979118572
47689.143173496369855 16.535055239967054064
47689.207018783141393 16.532137918452473713
47689.270931421975547 16.529221743465104311
47689.33491175690142 16.526306688740010742
47689.398959987593116 16.52339273483746851
47689.463076216990885 16.520479866937449742
47689.527260503011348 16.517568072469583029
47689.591512835038884 16.514657342167552656
47689.655833146171062 16.511747669498344493
47689.720221806237532 16.508839028393705206
47689.784679036791204 16.505931399764534717
47689.849204444697534 16.503024792452919201
47689.913797613124189 16.500119216475237494
47689.978458086538012 16.497214683693421478
47690.043185367503611 16.49431120795154726
47690.10797891375114 16.49140880519802721
47690.172837745973084 16.488507511008020145
47690.237760885240277 16.485607360928188569
47690.302747017529327 16.482708405435015919
47690.3677946586904 16.479810702494283703
47690.432902861241018 16.476914286092814166
47690.498070576810278 16.474019194712038683
47690.56329665465455 16.471125471366217852
47690.628579886739317 16.468233161579995283
47690.693918947094062 16.465342316055931349
47690.759313544942415 16.462452939727441503
47690.824763488468307 16.459565033354817132
47690.890266840062395 16.456678674788168593
47690.955821427050978 16.453793952015956847
47691.021425401537272 16.450910938513647608
47691.087076705945947 16.448029716784450471
47691.152773123190855 16.445150376102770196
47691.218513738262118 16.44227294854250232
47691.284297975224035 16.43939745142435882
47691.35012438614649 16.436523940246960507
47691.415991825560923 16.433652457267818647
47691.481899305654224 16.430783037892229714
47691.5478459093938 16.427915714492996813
47691.613830675152713 16.425050521438596007
47691.679852722932992 16.422187489608660371
47691.745911167075974 16.419326650195412043
47691.812005179555854 16.416468031964662089
47691.878134104525088 16.413611656328001231
47691.944297233989346 16.410757547059414918
47692.010493872570805 16.407905727491769454
47692.076723375015717 16.405056218904856991
47692.142985162281548 16.402209039847043925
47692.209278882364742 16.399364199254993224
47692.275604275178921 16.396521702300788093
47692.341961104029906 16.393681553346539204
47692.408349577010085 16.390843737946131142
47692.474770177199389 16.388008230209926808
47692.541222750340239 16.385175031748428154
47692.607707225186459 16.382344140839538937
47692.674224023896386 16.379515535008202676
47692.740773333847756 16.376689202063484885
47692.807355524593731 16.37386512235633873
47692.873970972068491 16.371043276268377298
47692.940621788213321 16.368223571082676671
47693.007310801243875 16.365405884511485368
47693.074039425519004 16.36259015471011935
47693.14080905685114 16.359776321123948861
47693.207620952896832 16.35696432950928525
47693.274476516227878 16.354154120000988115
47693.341377221993753 16.35134563018139886
47693.408323773794109 16.348538830463841265
47693.475316744166776 16.345733697078756563
47693.542356424979516 16.342930218286578992
47693.609442994507845 16.340128387325751902
47693.676577157115389 16.337328175714585399
47693.74375946114742 16.334529561784552953
47693.810990458005108 16.331732524021504105
47693.878272358000686 16.328936972307712239
47693.945607768917398 16.326142800672258204
47694.012998022888496 16.323349956688367968
47694.080445196181245 16.320558357584303621
47694.147952066989092 16.317767892182885703
47694.215521286670992 16.314978455276776259
47694.283156160301587 16.312189915430586495
47694.350860410697351 16.309402124861367867
47694.418638324568747 16.306614913541718437
47694.486494334247254 16.30382810651382286
47694.554432429365988 16.30104154804072536
47694.622456208926451 16.298255099354719277
47694.69056859810371 16.295468650130164434
47694.758772019762546 16.292682111299154002
47694.827068308579328 16.289895418418943507
47694.895458938095544 16.287108522266880328
47694.963945895782672 16.284321353155071677
47695.032530999691517 16.281533848821617028
47695.101215364738891 16.278745976034045384
47695.169999829864537 16.275957713096612878
47695.238884748840064 16.273169058240014806
47695.307870478347468 16.270380009771010066
47695.376957445929293 16.267590563331040698
47695.446145849768072 16.26480072401405863
47695.515435454180988 16.262010514534402716
47695.58482602625736 16.259219957562361714
47695.654317904052732 16.256429052920598366
47695.723910458924365 16.25363783936902351
47695.79360209681181 16.250846394293912311
47695.863391464648885 16.248054785223818186
47695.933276996933273 16.245263087994921136
47696.003257305783336 16.242471371143341941
47696.07333020936494 16.23967973463367187
47696.143493280054827 16.236888287850568702
47696.213744972126733 16.234097104757971408
47696.284083615719283 16.231306264027796971
47696.354507597265183 16.228515841860826185
47696.425015464839817 16.225725907837183826
47696.495605678319407 16.222936534826821742
47696.566276673584071 16.220147796433334264
47696.637026814292767 16.217359768888279348
47696.707854413114546 16.214572530196665667
47696.778757691492501 16.211786161704477394
47696.849735148018226 16.209000733628101898
47696.920785399954184 16.206216311337623637
47696.991906835799455 16.203432968977793394
47697.063097841128183 16.200650780586958177
47697.134356597940496 16.197869827924012753
47697.205680848550401 16.195090209609666942
47697.277068000425061 16.192312036931838293
47697.348515514604514 16.189535418674452671
47697.420020069526799 16.186760493561347829
47697.491578286040749 16.183987401968813913
47697.563187348932843 16.181216261876063101
47697.634844152897131 16.178447202001187577
47697.706545418899623 16.175680357236089435
47697.778287760869716 16.172915866032873566
47697.850067709623545 16.170153869455617723
47697.921881569556717 16.167394516661769188
47697.993725393156637 16.164637965818659637
47698.065594664454693 16.161884396154956534
47698.137484580103774 16.159133997060489918
47698.209390593379794 16.156386947240555685
47698.281308112855186 16.153643426275458239
47698.353232547735388 16.150903612883592331
47698.425159421072749 16.14816768062065222
47698.497082323003269 16.145435875597250686
47698.568998091708636 16.142708319589612387
47698.640905487663986 16.139985061113026887
47698.71280109934014 16.137266230674178757
47698.784681756784266 16.134551949100735868
47698.856544769543689 16.131842318646182122
47698.928388120773889 16.129137415822764723
47699.000209980018553 16.126437309894544825
47699.072008471855952 16.123742071611058435
47699.143782952713082 16.121051725374179853
47699.215533337766828 16.118366274757651269
47699.287260148426867 16.115685700892694143
47699.358964482526062 16.113009963752023879
47699.430648330031545 16.110338990561018591
47699.502314274141099 16.107672687164814818
47699.573965455529105 16.105010939526088976
47699.645605579760741 16.102353613613836103
47699.717239019337285 16.099700551792597736
47699.788870664735441 16.097051578522020066
47699.860504057272919 16.094406569402298857
47699.932143786681991 16.091765362478891888
47700.003796238670475 16.089127731049401859
47700.075467417394975 16.086493464158280631
47700.147162577020936 16.083862380012213578
47700.218887216797157 16.081234289350099687
47700.290646522742463 16.078609015937356475
47700.362445222912356 16.075986401774645884
47700.434287605225109 16.073366306334012421
47700.50617746583157 16.070748608327313889
47700.578118107499904 16.068133205640066308
47700.650112452247413 16.065520011120003829
47700.722162853264308 16.062908959293903166
47700.794271555649175 16.060299989561368506
47700.866441203943396 16.057693027859979651
47700.938674666467705 16.055087993130346291
47701.010975120261719 16.052484794343921948
47701.083346063132922 16.049883330180932717
47701.155790050477663 16.047283534441145747
47701.228303233088809 16.044685571318247241
47701.300860355680925 16.042090369622499679
47701.373382215351739 16.039500777361531902
47701.445849899908353 16.036917476561093565
47701.518306764955923 16.034338931037702025
47701.590773323536268 16.031764426362947518
47701.663266188756097 16.02919339177179836
47701.735795867934939 16.026625477062427905
47701.808368183621496 16.02406050059620668
47701.880987550517602 16.021498332379483287
47701.953658145881491 16.018938852471784173
47702.026384490018245 16.016381930549378865
47702.09917140363541 16.013827427537407289
47702.17202371192252 16.011275206092872025
47702.244946274469839 16.00872512959475813
47702.317944288872241 16.006177051601710559
47702.391023624710215 16.003630804371731244
47702.464159794195439 16.001087277257422414
47702.537313919587177 15.998547853143378461
47702.610486358775233 15.996012547390852987
47702.683677475404693 15.993481375974122116
47702.756887638963235 15.990954355496567629
47702.830117224861169 15.988431503207065631
47702.903366614504193 15.985912837016783783
47702.976636195395258 15.983398375516349788
47703.04992636120005 15.980888137993334297
47703.123237511856132 15.978382144449971847
47703.196570053638425 15.975880415621151798
47703.269924399275624 15.973382972993206863
47703.343300968022959 15.970889838823312701
47703.416700185764057 15.968401036158800466
47703.49012248510553 15.965916588856922331
47703.563568305442459 15.963436521605009588
47703.637038093082083 15.960960859941014434
47703.710532301316562 15.958489630274215187
47703.784051390524837 15.956022859906321187
47703.857595828267222 15.953560577053185199
47703.931166089365433 15.951102810867007875
47704.004762656026287 15.948649591458620378
47704.078386017914454 15.946200949920326551
47704.152036672261602 15.943756918349269114
47704.225715123975533 15.941317529871080083
47704.299421885720221 15.938882818663941521
47704.37315747802495 15.936452819982754647
47704.446922429378901 15.934027570183804556
47704.520717276318464 15.931607106750075076
47704.594542563536379 15.929191468316927782
47704.668398843998148 15.926780694698376095
47704.742286679029348 15.924374826913529901
47704.816206638424774 15.921973907213835986
47704.890159300535743 15.919577979110167476
47704.964145252393791 15.917187087400451517
47705.038165089783433 15.91480127819822421
47705.112219417351298 15.912420598961631413
47705.186308848700719 15.910045098522116902
47705.260434006479045 15.907674827113515548
47705.334595522472227 15.905309836401753998
47705.408794037692132 15.902950179514901308
47705.483030202456575 15.900595911073928335
47705.557304676491185 15.898247087223047913
47705.631618128994887 15.895903765660493789
47705.705971238727216 15.893566005669272911
47705.780364694095624 15.891233868148635366
47705.854799193213694 15.888907415646118082
47705.929275443973893 15.886586712390002418
47706.003794164134888 15.884271824321695377
47706.078356081387028 15.881962819128075282
47706.152961933425104 15.879659766274304644
47706.227612467992003 15.877362737037378437
47706.302308442951471 15.8750718045393171
47706.37705062632449 15.87278704378062244
47706.451839796340209 15.870508531674166974
47706.526676741479605 15.868236347078651605
47706.601562260526407 15.865970570832903519
47706.676497162603482 15.863711285789491967
47706.751482267223764 15.861458576848372459
47706.826518404297531 15.859212530990541623
47706.901606414146954 15.856973237311684954
47706.976747147506103 15.85474078705564871
47707.05194146552094 15.852515273647775018
47707.127190239712945 15.850296792727968764
47707.202494351993664 15.848085442183544203
47707.277854694599228 15.84588132218163814
47707.353272170083073 15.84368453520126252
47707.42874769125774 15.841495186064941336
47707.504282181129383 15.839313381970189454
47707.57987657286867 15.837139232521021626
47707.655531809738022 15.834972849757685154
47707.731248845011578 15.83281434818566602
47707.807028641895158 15.830663844804105267
47707.882872173409851 15.828521459133405358
47707.958780422282871 15.826387313241903954
47708.034754380809318 15.824261531771634637
47708.11079505073576 15.822144241962924127
47708.186903443092888 15.820035573678076446
47708.263080578042718 15.817935659423755013
47708.339327484703972 15.815844634371837074
47708.415645200970175 15.813762636378923432
47708.492034773305932 15.811689806003844438
47708.56849725653592 15.809626286523329242
47708.645033713612065 15.807572223946255718
47708.721645215409808 15.805527767026479324
47708.798332840444345 15.803493067273839401
47708.875097674615972 15.801468278963218594
47708.951940810926317 15.799453559141605652
47709.02886334919458 15.797449067633438702
47709.105866395751946 15.795454967043173866
47709.18295106311416 15.793471422755503752
47709.260118469632289 15.791498602933181417
47709.337369739172573 15.789536678512337886
47709.414706000716251 15.787585823195174228
47709.492128388017591 15.785646213439923358
47709.569638039174606 15.783718028448044279
47709.647236096243432 15.781801450148483568
47709.724923704830871 15.779896663179014737
47709.802702013636008 15.77800385486466439
47709.880572174013651 15.776123215192932037
47709.958535339523223 15.774254936785821357
47710.036592665441276 15.772399214868803696
47710.114745308295824 15.770556247236273251
47710.192994425364304 15.768726234214014426
47710.271341174207919 15.766909378617839366
47710.349786712125933 15.765105885709020939
47710.428332195660914 15.763315963146625975
47710.506909634554177 15.761541375438158141
47710.585213919148373 15.75978911348467193
47710.663266405936156 15.758058709412200216
47710.741082958062179 15.756349830024872105
47710.818678028532304 15.754662182880096566
47710.896066698827781 15.752995471280502926
47710.973264177373494 15.751349405754856647
47711.050285167322727 15.749723717648727472
47711.127143465106201 15.748118167096532005
47711.203851779871911 15.746532545913103363
47711.280421748604567 15.744966676243299375
47711.356863998036715 15.743420408265944133
47711.433188224109472 15.741893617605356326
47711.509403348543856 15.74038620131097943
47711.585517557665298 15.738898076317139996
47711.66153852311254 15.737429174443573032
47711.73747364267183 15.735979437303258877
47711.813330292039609 15.734548811329146289
47711.889116906553681 15.73313722778732604
47711.964847119445039 15.731744528473006639
47712.040528130972234 15.730370681731612237
47712.11614486414328 15.729016056864022488
47712.191691843690933 15.727680837722655127
47712.267179113987368 15.726364931625937515
47712.342620946001261 15.725068180911014437
47712.418031379456806 15.723790443217520618
47712.493423183710547 15.722531608594596975
47712.568807060146355 15.721291611107719888
47712.64419206079765 15.72007041966688945
47712.719584066348034 15.718868060144920662
47712.794991942886554 15.717684515590553573
47712.870423597771151 15.716519790475318885
47712.945885914632527 15.715373910526182044
47713.021384694882727 15.714246922338029222
47713.096925033773005 15.713138886554087748
47713.172511284450593 15.712049877492868077
47713.248147494974546 15.710979976079796572
47713.323838467898895 15.709929254889985373
47713.399588617357949 15.708897794572271422
47713.475401331183093 15.707885691782941251
47713.55127990735491 15.706893045698301137
47713.627227634286101 15.705919956878027222
47713.703247863326396 15.704966526354889211
47713.779344048976782 15.70403285523526371
47713.855520010300097 15.703119041744752593
47713.931779966129398 15.702225181327868597
47714.008128601191856 15.701351366465223336
47714.084571022322052 15.70049768782171995
47714.161112733621849 15.699664235126830292
47714.237759662988537 15.698851097483423445
47714.314518169514486 15.698058363923173886
47714.391394709564338 15.697286127366206543
47714.468396242853487 15.696534480897019748
47714.545530180614151 15.695803519011263916
47714.622803831844067 15.695093343323112123
47714.700224685526337 15.694404060001604151
47714.777800324780401 15.693735780810705194
47714.855538312331191 15.693088624236445128
47714.933446232695132 15.692462715178605137
47715.011531599258888 15.691858185741416776
47715.089800626381475 15.691275184147785993
47715.168259072917863 15.690713866958127198
47715.246913201051939 15.690174391995832082
47715.325768828981381 15.689656925200193172
47715.404831561652827 15.689161638587442837
47715.48410755583609 15.688688705509713728
47715.563603364636947 15.688238302367194521
47715.64332513208501 15.687810613435239304
47715.723278631376161 15.687405830090115799
47715.803469042148208 15.687024151299345576
47715.883902580877475 15.686665775723859895
47715.96458760441601 15.686330898905413989
47716.045533772594354 15.68601971966208275
47716.126751492745825 15.685732444014188758
47716.208248449504026 15.685469297060777194
47716.290024835732765 15.68523053200438433
47716.372070624442131 15.685016425237972015
47716.454368733146111 15.684827253604568753
47716.536900433769915 15.684663273353962154
47716.619649051703163 15.684524711794763263
47716.702602338911674 15.68441176750616961
47716.785751561241341 15.684324617983218531
47716.86909019570885 15.684263425832714489
47716.952612959859835 15.684228342457162242
47717.036314897108241 15.684219509926727198
47717.120191301422892 15.684237061441605121
47717.204237664678658 15.684281121673411263
47717.288449337036582 15.684351806727059753
47717.372821642573399 15.684449224061886241
47717.457349008611345 15.684573471029345626
47717.542025159855257 15.684724633836010455
47717.626844046259066 15.684902788535838525
47717.711799244316353 15.685107999854425387
47717.79688291803177 15.685340317615189321
47717.88208840907464 15.685599782834012572
47717.967410565179307 15.685886430755681786
47718.052845039033855 15.686200290565221138
47718.138388236962783 15.686541386464796233
47718.224035688923323 15.686909731620644948
47718.309782890770293 15.687305330843056339
47718.395625687793654 15.687728182521535558
47718.481560074091249 15.688178278129147003
47718.567581766554213 15.688655600068665663
47718.653686100937193 15.689160120661899356
47718.73986840822181 15.689691803990143626
47718.826124351246108 15.690250608175292157
47718.912450088602782 15.690836487086910367
47718.998842243978288 15.691449390943281728
47719.085298083482485 15.692089268420746251
47719.171815813526337 15.692756070035528637
47719.258393740012252 15.693449742763926125
47719.345030522054003 15.694170232386372987
47719.431725951966655 15.694917490907378976
47719.518480439546693 15.695691473628425427
47719.605295155764907 15.696492141455328451
47719.692172165996453 15.697319463353872848
47719.779114101060259 15.698173414424903882
47719.866124164698704 15.699053976832447077
47719.953206053760368 15.699961139813733979
47720.040363857078773 15.700894899307698438
47720.12760047181655 15.701855240858236584
47720.214918155208579 15.702842144171354377
47720.30231970197201 15.703855596006144779
47720.389807925654168 15.704895584725944602
47720.477385927501018 15.705962103642880479
47720.565057212501415 15.707055152901043371
47720.652827380770759 15.708174761879252657
47720.740703153860522 15.709320979355833714
47720.828690731745155 15.710493852949904081
47720.916796681449341 15.711693440568881286
47721.005027684630477 15.712919807355499202
47721.093390775888111 15.714173029231323753
47721.181893310895248 15.715453192896321255
47721.270542607649986 15.716760390904029876
47721.359345508746628 15.718094714933306122
47721.448309303254064 15.719456269329816323
47721.537442107590323 15.720845177685733418
47721.62675185174885 15.7222615677342894
47721.716246688833053 15.723705577720894055
47721.805935523596418 15.725177365418593567
47721.895827657055634 15.726677103144981018
47721.985932588897413 15.728204974886168088
47722.076260251480562 15.729761180590678293
47722.166820430284133 15.731345926496175025
47722.257623333694937 15.732959435094366896
47722.348679421760608 15.734601942551847742
47722.43999964807881 15.736273703473342422
47722.531595495798683 15.737974992199189828
47722.623478578520007 15.739706095902135985
47722.715660723486508 15.741467316327854675
47722.808153473597486 15.743258960333864849
47722.90096806967631 15.745081339137843912
47722.994114739536599 15.746934753659353134
47723.087602886327659 15.748819496998386569
47723.18144133669557 15.750735858457090899
47723.275638121449447 15.752684118231979227
47723.370200752055098 15.754664552220482676
47723.465136394479487 15.75667743508168428
47723.56045109002298 15.758723022999861385
47723.656149678325164 15.760801550591580167
47723.752236774991616 15.762913251022105499
47723.848408583013224 15.765051464101256684
47723.944624749507057 15.767215176896678841
47724.040884499932872 15.769404241565560199
47724.137187099047878 15.771618511619550418
47724.233531849953579 15.773857842041289601
47724.329918092989828 15.776122089393190606
47724.426345204577956 15.778411111918762444
47724.522812595947471 15.780724769633348359
47724.619319711804565 15.783062924408667982
47724.715866028891469 15.785425440049298373
47724.812451054516714 15.787812182360086766
47724.909074324983521 15.790223019204693955
47725.005735404003644 15.792657820555399795
47725.102433881031175 15.795116458533142278
47725.19916936953814 15.797598807439928947
47725.295941505268274 15.800104743782892314
47725.392749944454408 15.802634146289859629
47725.48959436199948 15.805186895916543577
47725.586474449650268 15.80776287584557771
47725.683389914149302 15.810361971473913201
47725.780340475379489 15.812984070396579384
47725.877325864545128 15.815629062382726033
47725.974345822301984 15.818296839342194104
47726.071400096931029 15.820987295285986463
47726.168488442548551 15.823700326279647399
47726.26561061731627 15.826435830389305792
47726.362766381687834 15.829193707622721377
47726.459955496684415 15.831973859864401533
47726.557177722163033 15.8347761908063287
47726.654432815179462 15.837600605871832826
47726.751720528336591 15.840447012132573334
47726.849040608205542 15.843315318222293442
47726.946392793812265 15.846205434248760824
47727.043776815189631 15.849117271699833864
47727.141192391980439 15.852050743345047934
47727.238639232091373 15.855005763135000763
47727.3361170304197 15.857982246098082157
47727.433625467667298 15.860980108233695418
47727.531164209220151 15.863999266403995492
47727.628732904100616 15.867039638224747833
47727.726331183999719 15.870101141957517754
47727.82395866241859 15.873183696399005171
47727.921614933875389 15.876287220768226405
47728.019299573163153 15.879411634593555647
47728.117012134709512 15.882556857596998867
47728.214752152009169 15.885722809580638426
47728.312519137158233 15.888909410313775794
47728.410312580446771 15.892116579421223577
47728.50813195007504 15.895344236272306304
47728.605976691898832 15.898592299872976952
47728.703846229283954 15.901860688758446827
47728.801739963040745 15.905149320887773001
47728.899657271460455 15.90845811354003736
47728.997597510409832 15.911786983213422886
47729.095560013527574 15.915135845528039837
47729.193544092471711 15.91850461513134718
47729.291549037239747 15.921893205606091115
47729.389574116590666 15.925301529382918986
47729.487618578517868 15.928729497656627601
47729.585681650780316 15.932177020306415471
47729.683762541535543 15.935644005821838931
47729.781860440009041 15.939130361232258792
47729.879974517250957 15.942635992041255477
47729.978103926921904 15.946160802166698289
47730.076247806173342 15.949704693886666007
47730.174405276549805 15.953267567791012738
47730.272575444985705 15.956849322736891494
47730.370757404802134 15.960449855810153963
47730.468950236783712 15.964069062291118328
47730.56715301029908 15.967706835627756945
47730.665364784443227 15.971363067414587888
47730.76358460920892 15.975037647377149597
47730.861811526701786 15.978730463362451175
47730.9600445723554 15.982441401334854802
47731.058282776153646 15.986170345377098911
47731.156525163882179 15.989917177697485329
47731.254770758387167 15.993681778642899971
47731.353018580841308 15.997464026716016861
47731.451267652017123 16.001263798598834853
47731.549516823419253 16.0050809625565158
47731.647764802371967 16.008915379253814137
47731.746010618175205 16.012766919934694698
47731.844253305454913 16.01663545420046475
47731.942491905385396 16.020520850059035922
47732.040725466882577 16.024422973980243512
47732.138953047782707 16.028341690952856879
47732.237173715977406 16.032276864545483619
47732.335386550519615 16.036228356971196973
47732.433590642685886 16.040196029155449509
47732.531785097024112 16.044179740807223311
47732.629969032357621 16.048179350494020667
47732.728141582731041 16.052194715718091089
47732.826301898341626 16.056225692995454324
47732.924449146375991 16.06027213793743158
47733.022582511839573 16.064333905333437968
47733.120701198349707 16.068410849235991833
47733.218804428819567 16.072502823048800735
47733.316891446149384 16.076609679617249071
47733.414961513830349 16.080731271318182252
47733.513013916483033 16.084867450150401424
47733.611047960366705 16.089018067825033853
47733.709062973830441 16.093182975856077377
47733.807058307669649 16.097362025651563044
47733.905033335497137 16.101555068605549081
47734.002987453990499 16.105761956188281658
47734.100920083117671 16.109982540035108656
47734.198830666296999 16.114216672033805366
47734.296718670484552 16.118464204411306895
47734.394583586232329 16.122724989817935892
47734.49242492767371 16.126998881409551956
47734.590242232479795 16.131285732927491239
47734.687984483738546 16.13558317141992049
47734.78563061132445 16.139890118296413846
47734.883196825598134 16.144207135824263588
47734.980692096767598 16.148534473948753742
47735.078125616193574 16.152872397914226354
47735.175506413172116 16.157221171216598066
47735.272843370890769 16.161581056152805047
47735.370145423148642 16.165952322518524653
47735.467421861940238 16.170335261467819521
47735.564680154529924 16.174730086910901861
47735.661927692439349 16.179137013655054744
47735.759175453873468 16.183556423996215301
47735.856428648010478 16.187988443002232941
47735.953697468044993 16.192433426893195758
47736.050992551892705 16.196891757843715709
47736.148324763511482 16.201363834131853991
47736.245685534762742 16.205849163373184041
47736.34301769958256 16.210345001734808079
47736.440321185611538 16.214851226019771246
47736.537595936184516 16.219367714686466542
47736.634841909712122 16.22389434787536544
47736.732059079091414 16.228431007430856425
47736.829247431116528 16.23297757691991805
47736.926406965860224 16.237533941648717217
47737.023537696099083 16.242099988677299649
47737.120639646687778 16.246675606831722405
47737.217712853969715 16.251260686713820292
47737.314757365187688 16.255855120708570638
47737.411773237901798 16.260458802989074201
47737.508760539429204 16.265071629519638918
47737.605719346247497 16.269693498056586378
47737.702649743463553 16.274324308147168239
47737.799551824246009 16.278963961127022486
47737.896425689301395 16.283612360118446816
47737.993271446328436 16.288269410024906136
47738.090089209574217 16.292935017522385266
47738.186879099317594 16.297609091049768182
47738.283641241418081 16.302291540798051983
47738.380375766828365 16.306982278698363586
47738.477082811143191 16.311681218408647709
47738.573762514140981 16.316388275299065214
47738.670415019383654 16.321103366436538806
47738.767040473787347 16.325826410567458424
47738.863639027258614 16.330557328100656633
47738.960210832316079 16.335296041088501084
47739.056756043719361 16.340042473207251561
47739.153274818127102 16.344796549736628322
47739.249767313762277 16.349558197538577531
47739.346233690084773 16.35432734503546115
47739.442674107500352 16.359103922186971403
47739.539088727062335 16.363887860467070112
47739.635477710216946 16.368679092840562106
47739.731841218526824 16.373477553739153478
47739.828179413430917 16.378283179036952077
47739.924492456033477 16.383095906025317845
47740.020780506878509 16.387915673387659865
47740.117043725746043 16.392742421174240519
47740.213282271470234 16.397576090776620816
47740.309496301757463 16.402416624901729136
47740.405685973048094 16.407263967544711392
47740.50185144036368 16.412118063962918058
47740.597992857212375 16.416978860650225158
47740.694110375465243 16.421846305311095904
47740.790204145232565 16.426720346834532194
47740.886274314776529 16.431600935268001251
47740.982321030394814 16.436488021791543446
47741.078344436347834 16.441381558691897879
47741.174344674771419 16.446281499336553367
47741.270321885640442 16.45118779814762533
47741.366276206725161 16.456100410576205206
47741.462207773554837 16.461019293077264081
47741.55811671938136 16.465944403085096326
47741.654003175121034 16.470875698988383107
47741.749867269340029 16.47581314010557918
47741.845709128268936 16.480756686660186006
47741.94152887576638 16.485706299756643034
47742.037326633333578 16.490661941356041353
47742.133102520099783 16.495623574252608279
47742.228856652815011 16.500591162050504579
47742.324589145864593 16.505564669140980527
47742.420300111276447 16.510544060680068412
47742.51598965877929 16.515529302566530845
47742.611657895839016 16.52052036141833824
47742.707304927709629 16.525517204550965289
47742.802930857455067 16.530519799956252314
47742.898535785978311 16.535528116282243616
47742.994119812065037 16.540542122813054249
47743.089683032405446 16.545561789448822054
47743.185225541637919 16.550587086686117999
47743.280747432407225 16.555617985598320985
47743.376248795437277 16.560654457816838203
47743.471729719552968 16.565696475512659447
47743.567190291731094 16.570744011378362615
47743.662630597158568 16.575797038610549095
47743.758050719254243 16.58085553089259534
47743.853450739727123 16.585919462377827216
47743.948830738641846 16.590988807674428074
47744.044190794469614 16.596063541829440879
47744.139530984110024 16.601143640313306804
47744.234851382978377 16.606229079004819482
47744.330152065034781 16.611319834176299537
47744.425433102820534 16.616415882479579125
47744.520694567530882 16.621517200932267144
47744.6159365290805 16.626623766904142343
47744.711159056125325 16.631735558103503791
47744.80636221612076 16.63685255256394413
47744.901546075365331 16.641974728631709013
47744.996710699058895 16.647102064953596567
47745.091856151360844 16.652234540465812529
47745.186982495477423 16.657372134381457585
47745.282089793756313 16.662514826179105398
47745.377178107701184 16.667662595591863806
47745.472247498051729 16.672815422596912072
47745.567298024783668 16.677973287405148284
47745.66232974720333 16.683136170450403313
47745.757342723976762 16.688304052379628217
47745.852337013173383 16.693476914043468895
47745.94731267233874 16.698654736487082317
47746.042269758523616 16.703837500941510541
47746.137208328327688 16.709025188815342489
47746.232128437914071 16.71421778168670258
47746.327030143038428 16.719415261295377917
47746.421913499078073 16.724617609535187057
47746.516778561061074 16.729824808446700501
47746.611625383673527 16.735036840210199216
47746.706454021288664 16.740253687138828553
47746.801264527988678 16.745475331672047048
47746.896056957586552 16.750701756368922446
47746.990831363655161 16.755932943901218124
47747.085587799541827 16.761168877047538217
47747.180326318390144 16.766409538687579328
47747.275046973147255 16.771654911796684218
47747.369749816585681 16.776904979440573129
47747.464434901288769 16.782159724770341569
47747.559102279679792 16.787419131017514928
47747.653752004021953 16.792683181489369559
47747.748384126425663 16.797951859564346222
47747.842998698855808 16.803225148687808144
47747.937595773146313 16.808503032368342645
47748.032175401014683 16.813785494172861945
47748.126737634083838 16.819072517723167692
47748.221282523896662 16.824364086692590092
47748.315810121908726 16.829660184801827683
47748.410320479495567 16.834960795814417622
47748.504813647959963 16.840265903533179426
47748.599289678539208 16.845575491796505929
47748.693748622390558 16.850889544474863868
47748.788190530591237 16.856208045467568013
47748.882615454152983 16.861530978699814654
47748.9770234440075 16.866858328119860744
47749.071414550999179 16.872190077696355814
47749.165788825899654 16.877526211415702306
47749.260146319385967 16.882866713279508275
47749.354487082047854 16.888211567302178651
47749.448811164387735 16.893560757508396364
47749.543118616813445 16.898914267930585709
47749.63740948963823 16.90427208260684111
47749.731683833073475 16.90963418557886655
47749.825941697214148 16.915000560890007364
47749.920183132060629 16.920371192583417042
47750.014408187489607 16.92574606470023113
47750.108616913261358 16.931125161277851277
47750.202809359019739 16.936508466348293211
47750.296985574277642 16.941895963936612901
47750.391145608475199 16.947287638059574277
47750.485289510972507 16.952683472724125124
47750.579417331035074 16.958083451925904939
47750.673529117848375 16.963487559647738578
47750.767624920496019 16.968895779858232942
47750.861704787967028 16.974308096510291932
47750.955768769163114 16.979724493539659846
47751.04981691287685 16.985144954863503841
47751.143849267798942 16.990569464378801001
47751.237865882540063 16.99599800596059751
47751.331866805645404 17.001430563459908996
47751.425852085616498 17.006867120702548135
47751.519821770903945 17.012307661487984234
47751.613775909900141 17.017752169588593603
47751.707714550953824 17.02320062874878559
47751.8016377423628 17.028653022684164142
47751.89554553238122 17.034109335080753311
47751.989437969212304 17.039569549594354214
47752.083315101015614 17.045033649850115154
47752.177176975914335 17.050501619442069767
47752.271023641987995 17.055973441932739121
47752.364855147287017 17.061449100852662752
47752.458671539876377 17.066928579699812474
47752.5524728678065 17.072411861939411182
47752.646259179142362 17.077898931003804961
47752.740030521956214 17.083389770292420451
47752.833786944342137 17.088884363171729319
47752.927528494401486 17.094382692975347737
47753.02125522026472 17.099884743004121646
47753.114967170091404 17.105390496526261757
47753.20866439207748 17.110899936777379082
47753.302346934462548 17.116413046960250455
47753.396014845573518 17.121929810245038794
47753.489668173802784 17.127450209768639411
47753.583306967644603 17.132974228634299863
47753.676931275716925 17.138501849911229158
47753.770541146768664 17.144033056635059609
47753.864136629701534 17.149567831808461449
47753.957717773577315 17.155106158401526528
47754.051284627646965 17.160648019352400695
47754.144837241350615 17.166193397568147105
47754.238375664346677 17.171742275925581112
47754.331899946504564 17.177294637272254363
47754.425410137933795 17.182850464427328774
47754.518906288991275 17.188409740182045482
47754.612388450303115 17.193972447300790662
47754.705856672750087 17.199538568522338977
47754.79931100752583 17.205108086561057945
47754.892751506151399 17.210680984107380453
47754.986178220526199 17.216257243829684143
47755.079591202935262 17.221836848375790652
47755.172990506092901 17.227419780373327995
47755.266376183142711 17.23300602242986912
47755.359748287679395 17.238595557133873371
47755.453106873748766 17.244188367055972577
47755.546451995884127 17.249784434750516482
47755.639783709106268 17.255383742757185672
47755.733102068959852 17.260986273602842545
47755.826407131535234 17.266592009803499508
47755.919698953490297 17.272200933866415085
47756.012977592108655 17.277813028291706843
47756.106243105299654 17.283428275572948252
47756.199495551634755 17.28904665819855424
47756.292734990325698 17.294668158653269785
47756.385961481268168 17.300292759419754418
47756.479175085027236 17.305920442980156082
47756.57237586285919 17.311551191817983408
47756.665563876755186 17.317184988420081027
47756.758739189433982 17.32282181527812881
47756.851901864349202 17.328461654889782295
47756.945051965762104 17.334104489759262435
47757.038189558763406 17.339750302398680759
47757.131314709266007 17.345399075329325456
47757.224427483997715 17.351050791083142855
47757.31752795050852 17.35670543220420825
47757.410616177214251 17.362362981249336968
47757.503692233382026 17.368023420789338473
47757.596756189137523 17.373686733410433902
47757.689808115464984 17.379352901715645174
47757.782848084207217 17.385021908326191209
47757.875876168065588 17.390693735882852167
47757.968892440592754 17.396368367047315928
47758.061896976207208 17.402045784503485493
47758.154889850171458 17.407725970958775719
47758.24787113860657 17.413408909145363879
47758.340840918484901 17.41909458182143311
47758.433799267615541 17.42478297177241231
47758.526746264666144 17.430474061812159192
47758.619681989148376 17.436167834784129127
47758.712606521417911 17.441864273562732279
47758.805519942674437 17.447563361054676534
47758.898422334954375 17.453265080200029757
47758.991313781145436 17.45896941397317903
47759.084194364986615 17.464676345383580269
47759.177064171075472 17.470385857476436797
47759.269923284853576 17.476097933333754497
47759.362771792599233 17.481812556075258414
47759.455609781449311 17.487529708859295141
47759.548437339377415 17.493249374883685476
47759.64125455517933 17.49897153738651312
47759.734061518502131 17.504696179646870746
47759.826858319815074 17.510423284985581205
47759.919645050416875 17.516152836765890299
47760.012421802435711 17.521884818394134697
47760.105188668821938 17.527619213320374314
47760.197945743340824 17.533356005038978509
47760.290693120579817 17.539095177089222943
47760.38343089594855 17.544836713056028543
47760.476159165664285 17.550580596570501513
47760.568878026773746 17.55632681131041295
47760.661587577138562 17.562075341001069262
47760.754287915457098 17.567826169415859283
47760.846979141257179 17.573579280376613099
47760.939661354874261 17.579334657753928894
47761.032334657487809 17.585092285467464279
47761.124999151099473 17.590852147486209844
47761.217654938518535 17.596614227828752064
47761.310302123412839 17.602378510564015812
47761.402940810279688 17.608144979811768849
47761.495571104496776 17.613913619742803007
47761.58819311230036 17.619684414578880904
47761.680806940843468 17.625457348592643569
47761.773412698181346 17.631232406107706367
47761.86601049327146 17.637009571498747817
47761.958600435988046 17.642788829191562883
47762.051182637107559 17.648570163663084287
47762.143757208337775 17.654353559441311461
47762.236324262310518 17.660139001104376177
47762.328883912596211 17.665926473280240572
47762.421436273718427 17.671715960646675825
47762.51398146115389 17.677507447930796758
47762.606519591354299 17.683300919908191418
47762.699050781797268 17.689096361402750546
47762.79157515100087 17.6948937572868914
47762.884092818538193 17.700693092481447621
47762.976603905037337 17.70649435195552357
47763.069108532195969 17.712297520726338007
47763.161606822781323 17.718102583859050014
47763.254098900644749 17.723909526466570696
47763.346584890714439 17.729718333709367784
47763.439064919046359 17.735528990795113913
47763.531539112853352 17.7413414829783882
47763.62400760051969 17.747155795560498603
47763.716470511593798 17.752971913889254552
47763.808927976817358 17.758789823358636539
47763.901380128125311 17.76460950940853678
47763.993827098674956 17.770430957524453675
47764.086269022838678 17.776254153237058375
47764.178706036262156 17.782079082120546332
47764.271138275878911 17.787905729791066989
47764.363565879939415 17.793734081906073641
47764.455988988025638 17.799564124163932632
47764.548407741072879 17.80539584230351835
47764.640822281369765 17.811229222103811765
47764.733232752587355 17.817064249383523844
47764.825639299793693 17.822900910000676333
47764.918042069475632 17.828739189852175429
47765.010441209560668 17.834579074873246896
47765.102836869453313 17.840420551036988428
47765.195229200035101 17.846263604353922005
47765.287618353700964 17.852108220871535593
47765.380004484366509 17.857954386673846159
47765.472387747511675 17.863802087881147429
47765.564768300188007 17.86965131064962975
47765.657146301040484 17.875502041171014156
47765.749521910329349 17.881354265672467108
47765.841895289981039 17.887207970415801128
47765.934266603602737 17.893063141696384122
47766.026636016518751 17.898919765842613572
47766.119003695792344 17.904777829215401397
47766.211369810262113 17.910637318207868418
47766.303734530614747 17.91649821924535857
47766.39609802942141 17.922360518785712458
47766.488460481203219 17.928224203319103935
47766.580822062460356 17.934089259367592462
47766.67318295174482 17.939955673483940046
47766.765543329704087 17.945823432250687546
47766.857903379117488 17.951692522279635966
47766.950263284990797 17.957562930211217633
47767.042623213106708 17.963434641347227227
47767.134983279756852 17.969307637720827842
47767.22734367573139 17.975181905974569219
47767.319704594221548 17.981057432773297933
47767.412066230892378 17.986934204802423665
47767.50442878393369 17.992812208767645643
47767.596792454103706 17.998691431393758933
47767.689157444772718 18.004571859423069924
47767.781523961952189 18.010453479614778161
47767.873892214360239 18.01633627874377197
47767.96626241345075 18.022220243598990663
47768.058634773471567 18.028105360982316085
47768.151009511508164 18.033991617706938371
47768.243386847549118 18.039879000596783953
47768.335767004515219 18.045767496485595416
47768.428150208317675 18.051657092215936729
47768.520536687909043 18.057547774638180726
47768.612926675326889 18.063439530609500139
47768.705320405759267 18.069332346992794669
47768.797718117573822 18.075226210655657155
47768.890120052390557 18.081121108469254466
47768.982526455132756 18.087017027307219053
47769.074937574077921 18.092913954044462344
47769.167353660923254 18.098811875555934847
47769.259774970843864 18.104710778715247699
47769.352201762558252 18.110610650392828802
47769.444634298415622 18.116511477455009782
47769.537072844475915 18.122413246763432682
47769.629517670575297 18.128315945173795853
47769.721969050391635 18.134219559534297872
47769.814427261509991 18.140124076684024601
47769.906892585509922 18.146029483451552977
47769.999365308016422 18.151935766653490845
47770.091845718794502 18.157842913092963499
47770.184334111821954 18.163750909557002444
47770.27683078537666 18.16965974281401941
47770.369336042131181 18.175569399612307109
47770.461850189240067 18.181479866678628809
47770.554373538419895 18.18739113071656277
47770.646906406043854 18.193303178404768516
47770.739449113229057 18.199215996395150086
47770.832001985923853 18.205129571310223469
47770.924565355053346 18.211043889740313517
47771.01713955662126 18.21695893824247392
47771.109724931840901 18.22287470333938586
47771.202321827237029 18.228791171517350733
47771.294930594747711 18.234708329224112333
47771.387551591811643 18.240626162866838911
47771.480185181513662 18.246544658810048389
47771.572831732672057 18.252463803373437656
47771.665491619962268 18.258383582829686986
47771.758165224047843 18.26430398340253447
47771.850852931725967 18.270224991265024528
47771.943555136029318 18.276146592536299806
47772.036272236378863 18.282068773279060991
47772.129004638714832 18.287991519497374782
47772.221752755627676 18.293914817134247386
47772.314517006496317 18.299838652069155387
47772.407297817626386 18.30576301011553042
47772.500095622395747 18.311687877018179904
47772.59291086140729 18.317613238450668689
47772.685743982627173 18.323539080012739788
47772.778595441559446 18.329465387227561024
47772.871465701391571 18.335392145538946806
47772.964355233161768 18.341319340308537278
47773.057264515919087 18.347246956812917063
47773.15019403691258 18.353174980240613223
47773.243144291751378 18.359103395689171379
47773.336115784601134 18.365032188162114579
47773.429109028351377 18.370961342565809815
47773.522124544833787 18.376890843706291889
47773.615162864996819 18.382820676285451356
47773.708224529123981 18.388750824897936553
47773.801310087059392 18.394681274027906426
47773.894420098396949 18.400612008045612811
47773.987555132713169 18.40654301120390457
47774.080715769792732 18.412474267634664216
47774.173902599854046 18.418405761345027827
47774.267116223818448 18.424337476213707987
47774.360357253543043 18.430269395987675551
47774.453626312082633 18.436201504278358243
47774.546924033937103 18.442133784557711351
47774.640251065327902 18.448066220154224482
47774.733608064459986 18.453998794248843041
47774.826995701805572 18.459931489870896826
47774.920414660380629 18.465864289893762162
47775.013865636057744 18.471797177030076398
47775.10734933787171 18.477730133827598991
47775.200866488317843 18.483663142664781276
47775.294417823693948 18.489596185746197676
47775.388004094420467 18.495529245097390714
47775.481626065389719 18.50146230256005353
47775.575284516336978 18.507395339787350963
47775.66898024220427 18.513328338239620763
47775.762714053518721 18.519261279179470847
47775.856486776807287 18.525194143666229962
47775.950299255018763 18.531126912551734165
47776.044152347902127 18.537059566475338812
47776.138046932457655 18.542992085858532647
47776.231983903351647 18.548924450899150429
47776.32596417334571 18.554856641565880437
47776.419988673769694 18.560788637592523287
47776.514058354980079 18.566720418472140608
47776.608174186825636 18.572651963451079382
47776.702337159171293 18.578583251522822195
47776.796548282378353 18.584514261421769987
47776.890808587850188 18.59044497161686138
47776.985119128563383 18.596375360303945001
47777.079480979657092 18.602305405398364968
47777.173895239000558 18.608235084528264025
47777.268363027811574 18.614164375027673515
47777.362885491245834 18.620093253929375976
47777.457463799037214 18.626021697957618528
47777.552099146145338 18.631949683520641514
47777.646792753410409 18.637877186702681342
47777.741545868266257 18.643804183256179385
47777.836359765460656 18.649730648593241256
47777.931235747819301 18.655656557777184901
47778.026175147002505 18.661581885515104773
47778.121179324312834 18.667506606149331105
47778.216249671495461 18.673430693648683132
47778.311387611567625 18.679354121599104133
47778.406594599728123 18.685276863194527408
47778.501872124244983 18.69119889122817213
47778.597221707364952 18.697120178082574427
47778.692644906295754 18.70304069571967176
47778.788143314188346 18.708960415670837563
47778.883718561184651 18.714879309027370624
47778.979372315465298 18.720797346429595365
47779.075106284341018 18.726714498054100488
47779.170922215394967 18.732630733602860573
47779.26682189766143 18.738546022291888704
47779.362807162789977 18.744460332839171457
47779.458879886326031 18.750373633451811628
47779.555041989013262 18.756285891813327282
47779.651295438132365 18.762197075071380681
47779.747642248868942 18.768107149823997304
47779.844084485790518 18.774016082105035252
47779.940624264316284 18.77992383737087323
47780.037263752266881 18.785830380487038127
47780.134005171465105 18.791735675713464815
47780.230850799409382 18.797639686688228267
47780.327802970983612 18.803542376412899273
47780.424864080247062 18.80944370723634762
47780.522036582253349 18.815343640837927097
47780.619322994964023 18.821242138210187989
47780.716725901220343 18.827139159640662314
47780.814247950802383 18.833034664693542481
47780.911891862553603 18.838928612190937173
47781.009660426600021 18.844820960193306547
47781.10755650664214 18.850711665979275722
47781.205583042341459 18.856600686024727054
47781.303743051816127 18.862487975981100163
47781.402039634223911 18.86837349065353564
47781.500475972454296 18.874257183978016883
47781.599055335915182 18.880139008996700056
47781.697781083450536 18.886018917832313235
47781.796656666352646 18.891896861662601736
47781.895685631490778 18.897772790693409206
47781.994871624614461 18.903646654129694582
47782.094218393765914 18.909518400144996519
47782.193729792867089 18.915387975852340219
47782.293409785401309 18.921255327272987756
47782.393262448291352 18.92712039930391299
47782.493291975908505 18.932983135683873144
47782.59350268428534 18.938843478958116151
47782.693899015495845 18.94470137044154967
47782.79448554222472 18.95055675018038599
47782.895266972540412 18.956409556912007019
47782.996248154893692 18.962259728022960559
47783.097434083305416 18.968107199505389815
47783.198829902808939 18.973951905910269033
47783.300440915139916 18.979793780299200279
47783.402272584695311 18.985632754193794369
47783.504330544754339 18.991468757522508071
47783.606620604034106 18.997301718563328166
47783.709148753521731 19.003131563881705546
47783.811921173692099 19.00895821826908616
47783.914944242009369 19.014781604676823434
47784.018224540835945 19.020601644148463549
47784.121768865690683 19.026418255747977071
47784.225584233900008 19.032231356483624296
47784.329677893685584 19.038040861226559031
47784.43405733374675 19.043846682625577671
47784.538730293294066 19.049648731017896353
47784.643704772584897 19.05544691433420823
47784.748989044004702 19.061241137996674411
47784.854591663737665 19.067031304811351333
47784.960521484048513 19.072817314854784598
47785.066787666211894 19.078599065353806452
47785.173399694132968 19.084376450556927551
47785.280367388731975 19.090149361598097499
47785.387700923129159 19.095917686352944287
47785.495410838600947 19.101681309285062582
47785.603508061481989 19.107440111280613593
47785.712003920998541 19.113193969472593636
47785.820910168113187 19.118942757053254411
47785.930238995497348 19.124686343073651784
47786.040003058624279 19.130424592228724379
47786.150215498149919 19.136157364627749189
47786.26088996361068 19.14188451554725745
47786.372040638583712 19.147605895167625789
47786.483682267360564 19.153321348290578641
47786.595830183236103 19.159030714034731346
47786.708500338616432 19.164733825506576892
47786.821709337018547 19.17043050944750604
47786.935474467129097 19.176120585853766443
47787.049813739096862 19.181803867566898703
47787.16474592317536 19.187480159831860504
47787.280290590977529 19.193149259821861818
47787.396468159473443 19.198810956118897764
47787.513299938109412 19.204465028154015016
47787.630808179135784 19.210111245603538777
47787.749016131485405 19.215749367733618413
47787.867948098406487 19.221379142692153863
47787.987629499300965 19.227000306733472712
47788.108086936241307 19.232612583377051152
47788.229348265449516 19.238215682498793768
47788.351442674065765 19.243809299335001839
47788.47440076280327 19.249393113394848598
47788.598254635071498 19.254966787274963025
47788.723037993098842 19.260529965355122073
47788.848786241884227 19.266082272376703344
47788.975536601617932 19.271623311881253215
47789.103328229299223 19.277152664517572589
47789.232202350372972 19.282669886158345207
47789.362202401920513 19.288174505822215821
47789.493374188357848 19.293666023394781206
47789.625766050827224 19.299143907116889096
47789.75942905183183 19.30460759079866051
47789.894417176969 19.310056470738224732
47790.030787555566349 19.31548990230827556
47790.168600702352705 19.320907196161495989
47790.307920782783185 19.326307613993826351
47790.448815904652292 19.331690363839825864
47790.591358439203759 19.337054594797532303
47790.735625375455129 19.342399391146916088
47790.881698711738863 19.347723765738031432
47791.029665889036551 19.353026652571152511
47791.179620272690954 19.358306898377634298
47791.331661688280292 19.363563253187347613
47791.48589701786841 19.368794359634151192
47791.642440866831748 19.373998740768055171
47791.801416310714558 19.379174786251084583
47791.962955732800765 19.384320736566355237
47792.127201766634244 19.389434664941845199
47792.294308358956187 19.394514456565342897
47792.464441971707856 19.399557784688148843
47792.637378502477077 19.404550564360292242
47792.810332831679261 19.409408391283907491
47792.983336021388823 19.41413142613055598
47793.156422271895281 19.418719897628623272
47793.329626796512457 19.423174035411342686
47793.502987347033923 19.427494102005482546
47793.676551254771766 19.431680548405491749
47793.85036977276468 19.435733844640747492
47794.024493672899553 19.439654365223340449
47794.198983272159239 19.443442603193489049
47794.373902128500049 19.447099000935068602
47794.549315210751956 19.450623899524462246
47794.72321051259496 19.453978283238086533
47794.895048696074809 19.457156284540861435
47795.064968105536536 19.46016547748419967
47795.233092656962981 19.463012751525312183
47795.399543390172767 19.46570455495117713
47795.564417790672451 19.468246599756628967
47795.727805484857527 19.470644178760704079
47795.889784947670705 19.472902153282657167
47796.05042680464976 19.475025039155759998
47796.20979621472361 19.477017066314775917
47796.367951214546338 19.478882181406810048
47796.524943995616923 19.480624088426527152
47796.68082228579442 19.482246284501609779
47796.835630709087127 19.483752089366461746
47796.989408787208959 19.485144639674846445
47797.142192716964928 19.486426921627050035
47797.294014408747898 19.48760177586985165
47797.444903165756841 19.488671923741716085
47797.594885471284215 19.489639975153174589
47797.743984908076527 19.490508437833678812
47797.892229434874025 19.491279762645490337
47798.039637581721763 19.491956271708293258
47798.186225356708746 19.492540213347854916
47798.332006755495968 19.493033771674721066
47798.47699429205386 19.493439074226927232
47798.621199766654172 19.49375819809732846
47798.764634790080891 19.49399317299978307
47798.907312004157575 19.494145983099237185
47799.04924550060241 19.494218564592056708
47799.190451372269308 19.494212802037569787
47799.330947591901349 19.494130523647999809
47799.470753866349696 19.493973497234325265
47799.609891434243764 19.493743426924542206
47799.748382674930326 19.493441951154988345
47799.886250696144998 19.493070642084028066
47800.023518683912698 19.492631007181813629
47800.160210542184359 19.492124487729327598
47800.296350268930837 19.491552461054489243
47800.431961917398439 19.490916241758103666
47800.56706938878051 19.490217083960338584
47800.70169661352702 19.489456181834640347
47800.835867631511064 19.48863467024364482
47800.969606263977767 19.487753627926224453
47801.102936347087962 19.486814077483096241
47801.235881585322204 19.485816987628645336
47801.368465773106436 19.484763272811800761
47801.500712723180186 19.483653794743471366
47801.632646284255316 19.482489363290479645
47801.764290403232735 19.481270736881718619
47801.895669005272794 19.479998624542201213
47802.0268060553135 19.478673686343473292
47802.157725559161918 19.477296534327916078
47802.288451562904811 19.475867733430611395
47802.419008118966303 19.474387802745638965
47802.549419147719163 19.47285721813173609
47802.679708280687919 19.471276415352054556
47802.809899727661104 19.469645780529365453
47802.940017709042877 19.467965657356671727
47803.070086461542815 19.466236347891925362
47803.200130240336875 19.464458113370994852
47803.33017346294946 19.462631172980216832
47803.460228744152118 19.460755879142396907
47803.590320237723063 19.458832390449671834
47803.720472654276819 19.456860819560858999
47803.850710955077375 19.454841237802678933
47803.981060374622757 19.452773675163840039
47804.111546528038161 19.450658118849762701
47804.242195317849109 19.448494514970732894
47804.373032837094797 19.446282770494068615
47804.504085522181413 19.444022751051203812
47804.635380079736933 19.441714282443388839
47804.766943456423178 19.439357151509838673
47804.898802928444638 19.436951104842265181
47805.030987436191936 19.434495823980316942
47805.163526415162778 19.431990945750445832
47805.296448433742626 19.429436088635036128
47805.429782919833087 19.426830820889641416
47805.563560109098034 19.424174660962144401
47805.697810513716831 19.421467087751771885
47805.832565257405804 19.418707533991579339
47805.967856264665897 19.415895382068921293
47806.103715953380743 19.413029970052811279
47806.240177611187391 19.410110583559958997
47806.377275507722516 19.407136452721061914
47806.515044639847474 19.404106757092030477
47806.653519540930574 19.401020652033409419
47806.792735851464386 19.397877234448973383
47806.932731995715585 19.394675503308086206
47807.073547243613575 19.391414401539073253
47807.21522154189006 19.388092819583807369
47807.357795842202904 19.384709587386456775
47807.501311630709097 19.38126348512964725
47807.645811269103433 19.377753234946414551
47807.791338297058246 19.374177493029225872
47807.937936654700025 19.370534868248348914
47808.085651484179834 19.36682390217539762
47808.23452859326062 19.363043081963922987
47808.384613905247534 19.359190854476459265
47808.535953197795607 19.355265633786753909
47808.68859213750693 19.351265801308258574
47808.842576410890615 19.347189703305691211
47808.997950287004642 19.34303569031988701
47809.154756546056888 19.338802121806487833
47809.31303681954887 19.334487359582784194
47809.472830765633262 19.330089792930110093
47809.63417672446667 19.325607823645217564
47809.797043166334333 19.321041799229440983
47809.960537582730467 19.316416584038300641
47810.124670107346901 19.311732078333253781
47810.289447988812753 19.306988260079290143
47810.454875492992869 19.302185191511657791
47810.620955143735046 19.297322986358800279
47810.787686132556701 19.292401859060124281
47810.955063500143297 19.287422153087916854
47811.1230798385659 19.282384294369482092
47811.29172526417824 19.277288794641535219
47811.460987760758144 19.272136243431678082
47811.630853708775248 19.266927293730962134
47811.801308496236743 19.261662644342049333
47811.972336725208152 19.256343033984474999
47812.143923148745671 19.250969212135917275
47812.31605320359813 19.245541921451504663
47812.488713030237705 19.240061895852402785
47812.661889146926114 19.234529869718379302
47812.835570048075169 19.228946525451743099
47813.00974772470363 19.223312441693146013
47813.184416753632831 19.217628119205663495
47813.359573909954634 19.21189399078763671
47813.535219097626396 19.206110388224953311
47813.711355973639002 19.200277518480174166
47813.887991358264117 19.194395479877005783
47814.065135526376253 19.188464249489868507
47814.242802227206994 19.182483679526978193
47814.421008144374355 19.176453512827311698
47814.59977361124038 19.170373356251559471
47814.779122774452844 19.164242672362618691
47814.959083045097941 19.158060795615835303
47815.139685190639284 19.151826927055800809
47815.32096272787021 19.145540153336401801
47815.502951782815217 19.139199450129392943
47815.685691448481521 19.132803668286122445
47815.869223939640506 19.126351526904489475
47816.05359467521339 19.119841608898042296
47816.238853171082155 19.11327232778357299
47816.425051692182024 19.106641973715255745
47816.612244617572287 19.099948735265435573
47816.800489874753112 19.093190647380897218
47816.9898490987689 19.086365584225728043
47817.180386469815858 19.079471299891608282
47817.372168825291737 19.072505423774320121
47817.565267368670902 19.065465397583309937
47817.75975769112847 19.058348472895968229
47817.955719318153569 19.051151726292065547
47818.153236314406968 19.043872035864442438
47818.352399180221255 19.036506009491514391
47818.553303652515751 19.029050026860652167
47818.756051854106772 19.021500194954654717
47818.960752557977685 19.013852335942903693
47819.167518521673628 19.006102085025489146
47819.37646845166455 18.998244815959871801
47819.587010232833563 18.990302720469937725
47819.79552679151675 18.982412917701481092
47820.002327551454073 18.97456491786731192
47820.20770079310023 18.966748855813346353
47820.411916966033459 18.958955387681747595
47820.615235349556315 18.951175455195976127
47820.817907945638581 18.943400150669607029
47821.020161034721241 18.93562143873702297
47821.222228523722151 18.927830888164173473
47821.424320870020892 18.920020876769378049
47821.626575541391503 18.912186528629977289
47821.829225431312807 18.904319204723062597
47822.032506570350961 18.896410060467093928
47822.236662064882694 18.888449895402274592
47822.441944935242645 18.880429043791462362
47822.648621154105058 18.872337255950466073
47822.856973629786808 18.86416354106007276
47823.067308039775526 18.855895935447801293
47823.279955539066577 18.847521391611852692
47823.495280427334365 18.839025470518656391
47823.713688716772594 18.830391995299468277
47823.935636397050985 18.821602713789211236
47824.161637924487877 18.812636949319326618
47824.389469730194833 18.803582818451818781
47824.616939125524368 18.794527834782353892
47824.844060226809233 18.785472024491429721
47825.070846763570444 18.776415412500206514
47825.297312097318354 18.767358022526536843
47825.523469239138649 18.758299877137329048
47825.749330866405217 18.749240997799066832
47825.974909338954603 18.740181404925692732
47826.200216714511043 18.731121117926235797
47826.425264763289306 18.722060155249224067
47826.650064981811738 18.712998534425221209
47826.87462860634696 18.703936272106172822
47827.098966625715548 18.694873384105857639
47827.323089793411782 18.685809885436370337
47827.547008639172418 18.67674579034241944
47827.770733480203489 18.66768111233441374
47827.994274431941449 18.658615864219996183
47828.217641418676067 18.649550058135513808
47828.440844183693116 18.640483705576400553
47828.663892298733117 18.631416817425034083
47828.88679517316632 18.622349403975736237
47829.109562062934856 18.6132814749578408
47829.332202079174749 18.604213039557528475
47829.55472419650323 18.595144106437750509
47829.777137261065945 18.586074683756866222
47829.999449998358614 18.577004779184836281
47830.221671020946815 18.567934399918332389
47830.443808835603704 18.558863552697321353
47830.665871850535041 18.549792243818647108
47830.88786838244414 18.540720479149136679
47830.88786838244414 18.540720479149136679
47830.88786838244414 18.540720479149136679
47830.88786838244414 18.540720479149136679
47830.88786838244414 18.540720479149136679
47830.88786838244414 18.540720479149136679
47831.10980666330579 18.531648264138176785
47831.33169484714017 18.522575603830858881
47831.553541016663075 18.513502502880033518
47831.775353189565067 18.50442896555625083
47831.997139324659656 18.495354995755707961
47832.218907328009664 18.486280597007173299
47832.440665058813465 18.477205772479102563
47832.662420335305796 18.468130524988708885
47832.884178278545733 18.459054965951658289
47833.105945426716062 18.449979147225285203
47833.32772952067171 18.440903070095327365
47833.549538279752596 18.431826735612435897
47833.771379407327913 18.422750144587737964
47833.993260596049367 18.413673297593657452
47834.215189532988006 18.404596194967993483
47834.437173904872907 18.395518836823075759
47834.659221403278934 18.386441223046332993
47834.881339729719912 18.377363353301618076
47835.103536600690859 18.368285227030494156
47835.325819752732059 18.359206843455261549
47835.548196947624092 18.350128201581920706
47835.77067597774294 18.341049300203529526
47835.993264671458746 18.331970137895208239
47836.215970898483647 18.322890713020722586
47836.438802575459704 18.313811023735730998
47836.661767671546841 18.304731067985223092
47836.884874214141746 18.295650843505647742
47837.108130294640432 18.286570347819644411
47837.331544074193516 18.277489578238299117
47837.555123789592471 18.268408531861886956
47837.778877759337774 18.259327205582192022
47838.002814389976265 18.250245596086692501
47838.226942182758648 18.241163699863705006
47838.45126974084269 18.232081513210836476
47838.67580577685294 18.222999032236970152
47838.900559120607795 18.21391625285946958
47839.125538726802915 18.204833170795648556
47839.350753682781942 18.195749781561048053
47839.576213216671022 18.18666608047286104
47839.801926705957158 18.177582062651570283
47840.027903686386708 18.168497723021847179
47840.254153861089435 18.1594130563138485
47840.480687110233703 18.150328057070790777
47840.707513501212816 18.141242719653298821
47840.93464329973358 18.132157038257663118
47841.162086981748871 18.123071006916692482
47841.389855245717627 18.113984619497390582
47841.617959025432356 18.10489786971035997
47841.846409503559698 18.095810751111581993
47842.075218126017717 18.08672325710868023
47842.3043966170153 18.077635380958600564
47842.533956994710024 18.068547115771764311
47842.763911587877374 18.059458454529835336
47842.99427305367135 18.050369390091208999
47843.22505439617089 18.041279915191385186
47843.456268985813949 18.032190022448247646
47843.687930579922977 18.023099704367673723
47843.920053344372718 18.014008953349343045
47844.152651876655 18.004917761696020762
47844.385741230420535 17.995826121618517135
47844.619336941526853 17.98673402523564846
47844.853455055294035 17.977641464572712948
47845.088112155201088 17.96854843157020909
47845.323325393372215 17.959454918092600195
47845.55911252360238 17.950360915960409613
47845.795491936645703 17.941266416939832595
47846.032482697286468 17.932171412748086681
47846.270104583512875 17.923075895052857476
47846.508378127851756 17.913979855482043746
47846.747324661380844 17.90488328563474596
47846.986355291541258 17.895809341051059249
47847.222156723990338 17.886883908941658916
47847.455033428392198 17.878095061914283548
47847.685280823105131 17.869431326681372241
47847.913187734600797 17.860881590792057949
47848.139034992498637 17.852435155392175403
47848.363095118736965 17.844081746354259366
47848.585633223257901 17.835811480515570082
47848.806898485920101 17.827615180806404283
47849.027132560993778 17.819484061446161149
47849.246573603035358 17.811409580182633761
47849.465424261870794 17.80338461268172523
47849.683893658482702 17.795401903681931088
47849.902197797789995 17.787454061209292178
47850.120518926305522 17.779535038172390671
47850.338957716929144 17.77164183942105069
47850.557695301729837 17.763768648387877391
47850.776907611711067 17.755909953574327886
47850.996764981246088 17.748060564885886237
47851.217434074475022 17.740215547385417949
47851.439076579590619 17.732370271153836683
47851.661848743489827 17.724520430589784326
47851.885903704191151 17.716661965509480581
47852.111391716520302 17.708791058121480688
47852.338459723476262 17.700904153188492529
47852.567257435694046 17.692997753700048236
47852.797957370552467 17.685067745007305717
47853.030717373098014 17.677110703533379876
47853.265659096905438 17.669124622881380304
47853.502898322847614 17.661107866616127637
47853.742547225883754 17.653059095547028789
47853.984719308391504 17.644977109140246085
47854.229523841269838 17.63686104029384083
47854.477062881356687 17.628710458500751912
47854.727413666070788 17.620525945078057362
47854.980649857032404 17.612308386002489158
47855.236863261809049 17.604058279062130055
47855.496142409421736 17.595776447545684817
47855.75857036987145 17.587464114609257848
47856.02423811461631 17.579122487939351061
47856.292380617313029 17.570779536108680929
47856.559106642875122 17.562558365097942215
47856.825431549310451 17.554428453658090348
47857.092055967055785 17.546369935284683805
47857.35975910552952 17.538361460036632877
47857.629543303315586 17.530376109093296577
47857.896619131490297 17.52255693327234809
47858.161326206420199 17.514893079845538892
47858.424532106408151 17.507359038347736657
47858.687037401949055 17.499932266518634094
47858.94957804754813 17.492593045365829596
47859.212557253638806 17.485331763503506153
47859.476699989267217 17.478130642559779773
47859.742731655765965 17.470972927037653477
47860.011390910061891 17.463842597793004074
47860.283425189096306 17.456724571300060944
47860.559635989411618 17.44960362517025132
47860.840855456852296 17.442465172994634059
47861.127937262564956 17.43529564685347566
47861.421797610375506 17.428081653794098571
47861.723427970609919 17.4208099353313699
47862.033886738958245 17.413467886245946659
47862.353241027551121 17.406068157792638829
47862.669651630880253 17.398891180267849421
47862.98346044763457 17.391926852307101115
47863.294999248064414 17.385165824154402259
47863.604591792587598 17.378599438664664945
47863.912554348738922 17.37221971065267212
47864.219195733494416 17.366019316472115719
47864.524819830083288 17.359991534905784505
47864.829726258780283 17.354130230040212268
47865.134213942110364 17.348429782639641417
47865.438587073796953 17.342884988673564095
47865.743052682228154 17.337492868308640226
47866.047850088289124 17.332250231566696641
47866.353277351256111 17.327153331538806214
47866.659651213107281 17.322198659263804643
47866.960101072152611 17.317493962900293525
47867.24844872977701 17.31312268891462125
47867.526971385952493 17.309034439627691171
47867.797469686323893 17.305190256584634056
47868.061392173571221 17.301559561803522058
47868.319925517476804 17.298118003518382579
47868.574064423090022 17.294845873142616455
47868.824704090431624 17.291726475817387865
47869.072750234925479 17.288744559755631514
47869.319159128062893 17.285885837528653042
47869.564915051458229 17.283137305016893492
47869.810822673389339 17.28048946942123365
47870.057457885333861 17.277936463906282683
47870.305658025645243 17.275470801971284374
47870.555464027318521 17.273093772661955114
47870.802728931717866 17.270843921852570446
47871.047496071354544 17.268717370390699983
47871.28976490302739 17.266710685860697794
47871.529501146847906 17.264820718512716269
47871.766638398607029 17.26304452673737444
47872.001102072405047 17.261379154911612233
47872.232817346404772 17.25982157287953811
47872.461722151201684 17.258368602791183122
47872.687776072059933 17.257016898004518879
47872.910988308452943 17.255762836150609019
47873.131402196995623 17.254602689642688063
47873.349084613088053 17.253532735960426692
47873.564141696675506 17.252549226936825022
47873.776716543325165 17.251648460553244746
47873.986987928932649 17.250826840759348357
47874.195160545918043 17.250080960896010396
47874.401446894677065 17.249407691958776212
47874.606073880888289 17.248804166542754501
47874.809277700849634 17.248267804155680949
47875.011294337615254 17.247796336562011277
47875.212359172430297 17.247387799097822381
47875.412703542780946 17.247040526931272097
47875.612553687460604 17.246753142965751238
47875.812132114915585 17.246524542383635747
47876.011650835818728 17.246353886190288307
47876.211243303114315 17.24624060985244256
47876.411081845653825 17.24618429076028292
47876.611363645846723 17.246184698715168793
47876.812279844103614 17.246241814770439049
47877.014016189597896 17.246355820184628982
47877.216752900872962 17.246527086179447963
47877.420666353144043 17.246756166154895595
47877.625929198686208 17.247043788636865713
47877.83270988894219 17.247390849603991825
47878.041172334073053 17.247798404450481513
47878.251474395678088 17.248267656899212596
47878.463762089697411 17.248799934220357954
47878.678171476196439 17.249396675429093051
47878.894829437471344 17.250059419133915384
47879.11384552965319 17.250789761692765012
47879.335306698871136 17.251589312618627048
47879.559274556544551 17.25245965150559968
47879.785782790953817 17.253402281004618146
47880.014830436855846 17.254418556569948606
47880.246377911294985 17.255509618562882679
47880.48034514401661 17.256676328781516361
47880.716608551876561 17.2579191981003639
47880.95499952523096 17.259238318467346573
47881.195308458314685 17.260633326495007367
47881.43729351512593 17.262103404512210147
47881.68069157339778 17.263647311609204849
47881.925227118445036 17.265263420187356047
47882.170631839340786 17.266949843200720238
47882.416656446344859 17.268704536843252129
47882.663082811013737 17.270525424307514584
47882.909746885241475 17.272410621414550747
47883.156551350497466 17.274358612913676581
47883.403459505709179 17.27636828970884153
47883.650462797697401 17.278438749594315027
47883.897539375051565 17.280568969981036531
47884.144638892423245 17.282757656511204658
47884.391751688781369 17.285003848100874535
47884.638905199055444 17.287306931253390019
47884.88612723438564 17.289666327460242456
47885.133487469487591 17.292081902590695108
47885.381085340864956 17.294553889341674591
47885.629048560440424 17.29708290158206907
47885.877522768445488 17.299669852325440189
47886.126668847413384 17.302315939840763548
47886.376661411093664 17.305022642752280859
47886.627682870297576 17.307791663639211066
47886.879929915434332 17.310625005944473287
47887.133614353799203 17.313524993442079847
47887.388965959267807 17.316494314038035185
47887.646234792540781 17.3195360603512718
47887.905689833009092 17.322653728037046506
47888.167624274101399 17.325851294258360014
47888.432359806844033 17.329133289375764804
47888.7002453844907 17.332504803216686184
47888.971667054225691 17.335971632117605168
47889.24706209784199 17.339540493022024492
47889.522326932936267 17.343158283060578384
47889.795170373967267 17.346793214215882273
47890.065733526054828 17.350444969944128104
47890.334152367999195 17.354113330892513289
47890.600557560064772 17.357798159376127245
47890.865074371467927 17.361499386190203609
47891.127824262082868 17.365217021682855858
47891.38892507970013 17.368951149092037411
47891.648488501821703 17.372701878609731807
47891.906623063820007 17.376469381756290744
47892.163433651818195 17.380253876556867709
47892.419021327368682 17.384055617703999985
47892.673485343031643 17.387874920029041448
47892.926921698948718 17.39171213135069749
47893.17942365595809 17.395567634521174938
47893.431082114926539 17.399441848128891053
47893.681985640068888 17.403335222200386312
47893.932220986949687 17.40724824209289423
47894.18187317273987 17.411181425747681573
47894.431025703386695 17.4151353236952815
47894.67976126405847 17.419110526837314978
47894.928162084324867 17.423107669566348932
47895.176310850984009 17.427127442157676285
47895.424291276438453 17.431170598207927469
47895.672187211443088 17.435237938534413615
47895.920083117569447 17.439330317114670521
47896.168021585675888 17.443447931894798586
47896.4160863394427 17.447591693431412807
47896.664358262067253 17.451762502481368955
47896.912917939589533 17.455961290082495196
47897.161845833230473 17.460189018774912029
47897.411220039524778 17.464446642690273137
47897.66111849261506 17.468735142941241634
47897.911619542537665 17.473055536162956258
47898.162802988255862 17.477408891283090497
47898.414750273055688 17.48179633220137319
47898.667546527765808 17.48621907294887734
47898.92103950712044 17.490674171542565318
47899.170416678804031 17.49507619119458468
47899.415974063478643 17.499429020727273354
47899.658012285697623 17.503736776733081371
47899.896839054628799 17.50800383907360569
47900.132758112064039 17.512234644939436379
47900.366105032691848 17.516434324040794479
47900.59715290391614 17.520606993863051315
47900.826162061748619 17.524756635799793258
47901.053399600794364 17.528887440476463411
47901.279140952654416 17.533003832945617262
47901.503658503344923 17.537110261253356924
47901.727229646145133 17.541211338655163132
47901.950178064034844 17.545312600894529709
47902.172756031621248 17.549418339491186458
47902.395262088168238 17.553533759182140983
47902.617884561099345 17.557662080153825457
47902.840878479139064 17.561807801940204854
47903.064562364343146 17.565976656502659381
47903.289273590526136 17.570174784522905043
47903.515374980132037 17.574408859895502388
47903.740744822534907 17.578638926418289401
47903.963666548850597 17.582832300460374597
47904.184388516143372 17.586993115007963695
47904.403158701614302 17.591125554517606844
47904.620200753968675 17.595233396910124668
47904.835725730867125 17.599320228155100665
47905.049933358932321 17.603389460745884065
47905.263010926253628 17.607444307768872704
47905.475138338937541 17.611487874733356307
47905.686488010738685 17.615523153948029034
47905.897233993935515 17.619553195969597681
47906.107532140958938 17.623580727599083673
47906.317527394567151 17.627608287365518436
47906.527359165324015 17.631638325743200113
47906.737163194047753 17.635673238753632575
47906.947025256282359 17.63971447398815684
47907.15706632805086 17.643764166427477136
47907.367426740696828 17.647824835442584401
47907.578266347642057 17.651899388870525343
47907.789779412465577 17.655991411812692604
47908.002191395644331 17.660105106182864887
47908.21571980126464 17.664244532345705352
47908.430530007295602 17.668412748717365446
47908.646716111274145 17.672611432981728541
47908.864309835022141 17.676841047772363424
47909.083291764858586 17.681101053561473435
47909.303593547665514 17.685389947227871943
47909.525102787825745 17.68970535418974066
47909.747678077110322 17.694044319250991748
47909.971187091847241 17.698404049252662418
47910.195551134922425 17.702782784309160746
47910.420760014720145 17.70718009196231435
47910.646841775153007 17.71159627903365319
47910.873814167796809 17.716031444314182863
47911.101652028315584 17.720484839982066916
47911.330287407086871 17.724954872850130272
47911.559630967516568 17.729439522308300781
47911.789589710053406 17.733936687410803756
47912.020081497757928 17.738444471867570229
47912.251044695374731 17.742961373485975685
47912.482440631640202 17.747486332952004062
47912.714258902975416 17.752018837729533374
47912.946519907076436 17.756558971206391817
47913.178654563147575 17.761095292109242649
47913.410668745236762 17.765627599759039157
47913.642701477343508 17.770158290472281237
47913.874837310570001 17.774688689587136992
47914.107207593180647 17.779221027386146403
47914.339938978038845 17.783757431276175254
47914.573156383063179 17.78829998177313243
47914.806985403592989 17.792850757569400599
47915.041551771246304 17.797411822905250034
47915.276981455841451 17.80198522739672029
47915.513399768497038 17.80657298639349051
47915.750932133320021 17.811177093684879225
47915.989704093262844 17.815799519183439514
47916.229841273030615 17.820442205663265867
47916.471468823619944 17.825107055381277377
47916.714710942760576 17.82979591813275988
47916.959693811440957 17.834510644941445889
47917.206544609165576 17.8392530657574504
47917.455390554983751 17.84402496764077739
47917.706360321892134 17.848828118335866577
47917.959585524258728 17.853664290698528561
47918.215211349830497 17.858535460547084739
47918.473377535621694 17.863443438113197459
47918.734211724586203 17.868389738777047171
47918.997847497674229 17.873375921888172257
47919.264424194232561 17.878403580928516448
47919.534109977270418 17.88347476964194982
47919.807074365431617 17.888591473460870418
47920.083466490941646 17.893755196512270089
47920.363444914837601 17.898967515037316645
47920.647176098165801 17.904230038473002651
47920.934824211559317 17.909544210566185285
47921.226576466302504 17.914911766488859968
47921.522660646238364 17.920335034406232211
47921.823325312383531 17.925816546855163125
47922.128841800236842 17.931359053929401881
47922.439485993199924 17.936965168852751162
47922.751410962984664 17.942563479500250878
47923.054993562021991 17.947981272187696788
47923.352054183160362 17.953252296448216185
47923.644139794749208 17.958404827424654826
47923.932700613215275 17.963464872752478385
47924.219060200564854 17.968455678537612386
47924.50448104426323 17.973398901982946541
47924.790045098154224 17.978312565536132439
47925.076501882780576 17.983208539642365764
47925.365101423900342 17.988106796204451854
47925.657161755472771 17.993027808552078284
47925.953707405205932 17.997986431943964192
47926.24714163839235 18.002854441457454726
47926.537938929301163 18.007639930899497216
47926.826599546286161 18.012351201151236779
47927.113600269934977 18.016995938073900874
47927.399428379489109 18.021581760925243998
47927.684560455316387 18.026115868188728797
47927.969496779129258 18.030605572879679244
47928.254596069637046 18.035055704820933897
47928.540268222473969 18.039471669043731339
47928.827071669635188 18.043860877578950408
47929.115668084457866 18.048231934950688782
47929.406758547709615 18.052593581667490952
47929.701072912546806 18.056954476791062802
47929.999463432111952 18.061324503255193008
47930.302926676558855 18.065714934259805347
47930.610225992975757 18.070104506629139252
47930.914734116238833 18.074397286552464692
47931.214888014364988 18.078572290598604155
47931.509225188805431 18.082611130907608299
47931.796631923731184 18.086501251472288487
47932.076634618628304 18.090239445884627401
47932.349352970617474 18.093830634660157841
47932.615316706578596 18.097284951072815318
47932.875296510625049 18.10061522228013331
47933.130171591968974 18.103835100726449525
47933.380835807511176 18.106957815903196973
47933.628182027889125 18.109995977852268112
47933.873009966191603 18.112960473817164342
47934.116056602229946 18.115860910369530501
47934.35800431502139 18.118705760501946145
47934.599489478474425 18.121502505305521424
47934.841052526266139 18.124257102568542166
47935.08304746709473 18.126973056925358208
47935.326057968923124 18.129656137315169673
47935.570673409209121 18.132311746530753283
47935.817505064536817 18.134945073124129067
47936.067195868272393 18.137561155166292082
47936.320430626918096 18.140164933347083576
47936.577958703077456 18.142761411242428693
47936.838544798258226 18.145335528809049208
47937.097484190424439 18.147840007897400483
47937.355242667072162 18.150279879283409912
47937.612276032807131 18.152659724137976127
47937.869035921699833 18.154983734225552894
47938.125893457574421 18.157255046235263762
47938.383176678624295 18.15947614184743486
47938.641357769076421 18.161650446968600647
47938.900909843963746 18.163781014199486208
47939.162318472779589 18.165870606316403268
47939.426079008604574 18.167921654820961663
47939.692689420109673 18.169936187127177618
47939.962641185331449 18.171915748069519481
47940.236445694885333 18.173861581194088899
47940.514583314427 18.175774250105764196
47940.79744958095398 18.177653311521531521
47941.085385316531756 18.1794975947891011
47941.378658217843622 18.181305149647556618
47941.675296116125537 18.18306077738670723
47941.96943625559652 18.184729648373952671
47942.262131858507928 18.186319414791555005
47942.554357606735721 18.187836346376890617
47942.846818529207667 18.189284516981039985
47943.138866823654098 18.190661159610925779
47943.42910881285934 18.191960914146868333
47943.718195963861945 18.193188199294855423
47944.006748100007826 18.194346731922955485
47944.289974351369892 18.195419810302432495
47944.568423886245 18.196413443575700342
47944.842900238458242 18.197333907117958063
47945.114118751596834 18.198186463029511373
47945.382743977061182 18.198975590736086616
47945.649390498576395 18.199705067491304789
47945.914593914953002 18.200377969550032731
47946.178851338278037 18.200996858350258378
47946.442620606430864 18.201563830234182007
47946.706332403591659 18.202080588231861924
47946.970231283987232 18.202548210672404139
47947.234664666073513 18.202967763069509033
47947.499991840515577 18.203340089283759795
47947.766553978348384 18.2036657729064828
47948.033311492981738 18.203943861640784263
47948.299933955131564 18.204174711776712314
47948.5667274585212 18.204359303618097954
47948.834078915948339 18.204498448638055663
47949.100914890987042 18.204592316543319441
47949.365513488359284 18.204641727501030601
47949.628185572961229 18.20464848328602514
47949.889225787163014 18.204614151717716908
47950.148925379413413 18.204540085486165424
47950.407544218323892 18.204427448824322511
47950.665331093747227 18.204277236086923608
47950.922515321006358 18.20409029394691558
47951.179315925415722 18.203867333252762961
47951.435937519934669 18.203608946439885585
47951.692571835774288 18.203315620701843613
47951.949310898678959 18.202987867823434698
47952.20632776725688 18.202626026846424168
47952.463784871993994 18.202230360738226977
47952.721828589310462 18.20180107584149809
47952.980594669439597 18.201338324769348986
47953.240207560455019 18.200842216771324189
47953.500776979053626 18.200312833925334388
47953.762392578079016 18.199750253539480838
47954.025124374922598 18.199154560423334459
47954.289025587051583 18.198525852380893042
47954.553622475243174 18.19786555252174054
47954.819042596202053 18.197173696482416005
47955.085625840147259 18.196449675011312053
47955.35373588456423 18.195692665347081629
47955.623675785966043 18.194901875890963083
47955.894748355720367 18.194079482954286675
47956.166892589586496 18.193225927795609209
47956.440034933839343 18.192341719043049864
47956.714089511289785 18.191427436668369921
47956.988954832078889 18.190483747791258651
47957.264526341445162 18.189511367403362385
47957.540707526903134 18.188511016998493375
47957.817403527187707 18.187483442926158261
47958.094527247878432 18.186429390248580518
47958.372002529220481 18.185349585127145389
47958.64976678306266 18.184244717963043314
47958.927774396775931 18.18311542244044432
47959.205997847035178 18.181962262905056349
47959.484429745367379 18.180785717696249293
47959.763084092614008 18.179586165479932447
47960.041996179090347 18.178363877513593394
47960.321226053842111 18.177118994435211619
47960.594737842708128 18.17587948359907557
47960.8620969217518 18.174649019474017564
47961.123714693392685 18.173427326325885645
47961.37997883890057 18.172214048822791455
47961.631270109282923 18.171008693733853079
47961.877951461021439 18.169810698480382882
47962.120351911624311 18.168619527929685376
47962.358793305800646 18.167434560340538496
47962.593588050374819 18.166255109518260724
47962.825034931629489 18.165080456425499733
47963.053416842834849 18.163909871232583271
47963.278999741844018 18.162742628703799852
47963.502035181554675 18.161578004235359174
47963.722799700073665 18.160415073397803809
47963.941533982426336 18.159253035054316427
47964.1584541568227 18.158091162339911051
47964.373765874130186 18.156928734777721957
47964.587673473601171 18.155764993114750894
47964.800368683245324 18.154599204161971926
47965.012029958816129 18.153430669139282827
47965.222825995362655 18.152258708566868961
47965.432925797016651 18.151082609223820441
47965.642498473651358 18.14990162673764118
47965.851697079800942 18.148715078910118592
47966.060673981111904 18.14752226187562556
47966.269578759100114 18.146322463387193125
47966.478526295286429 18.145115149279892108
47966.687624319718452 18.143899809704304715
47966.897022709512385 18.142675671986577157
47967.106872397795087 18.141441936579120409
47967.317323859446333 18.140197786665734014
47967.528533106269606 18.138942353258361351
47967.740662427939242 18.137674710596353833
47967.953870102042856 18.136393937846509772
47968.16832169740519 18.135099051984582275
47968.384201451255649 18.133788938108271083
47968.601705549328472 18.132462388359890326
47968.821044259064365 18.131118087719762855
47969.042444826525752 18.129754594739669216
47969.266161121428013 18.128370279949432842
47969.492471005512925 18.126963339134974262
47969.72167352289398 18.125531808260877398
47969.954099804366706 18.124073492688989262
47970.190118737533339 18.122585927654782267
47970.42943879251834 18.121070803887757705
47970.668579343444435 18.119550175280231485
47970.907754939093138 18.118022832382472131
47971.14712853058154 18.11648787244427794
47971.386951242944633 18.114943805604948324
47971.627412246336462 18.113389517052727484
47971.868640609980503 18.111824263946566305
47972.110740125717712 18.110247456403723021
47972.353823370263854 18.108658438054312967
47972.598024050428648 18.107056404387485316
47972.843507288678666 18.105440333050577095
47973.090479707025224 18.10380891424521721
47973.339180636641686 18.102160605300465335
47973.58987538114161 18.100493672946328161
47973.842851222667377 18.098806218286974001
47974.098412760831707 18.097096206877345992
47974.356885757209966 18.095361442303659061
47974.618628764947061 18.093599486905119988
47974.880480822408572 18.091831677331892791
47975.140290760529751 18.090072749170900579
47975.398376877448754 18.088320804515142015
47975.655016687705938 18.086574191635829578
47975.91043739401357 18.084831575831657346
47976.164829946370446 18.083091849143642094
47976.41836991123273 18.081353991471374343
47976.671179753182514 18.079617332339612545
47976.92342357068992 18.077880902903899596
47977.175260518495634 18.076143755465437835
47977.4268564353697 18.074404884296153995
47977.67836108092888 18.072663383854774111
47977.929894943379622 18.07091854223282823
47978.181562067984487 18.069169754416350315
47978.433505593631708 18.067416136936891746
47978.68587029077753 18.065656787628952884
47978.938805024634348 18.063890768996191838
47979.192465999607521 18.062117085961741481
47979.447009283212537 18.060334738570510638
47979.702574774426466 18.058542835163219564
47979.959295980370371 18.056740525075586135
47980.217303397024807 18.054926975719222781
47980.476729658039403 18.05310133700988473
47980.737722601399582 18.051262649748657907
47981.000427307539212 18.049409972388389178
47981.264978374849306 18.047542436322363102
47981.531519047683105 18.04565911163016878
47981.800198257551529 18.043759028359623642
47982.071175176773977 18.041841144792197582
47982.344617802205903 18.039904357917844635
47982.62070448412851 18.037947493167248325
47982.899629934952827 18.035969262412091751
47983.181589527688629 18.033968376028632008
47983.466802701921551 18.031943377704326537
47983.755605355865555 18.029891988773922407
47984.048364084053901 18.027811717585894513
47984.345399526027904 18.02570040601648671
47984.647057767440856 18.023555724268987888
47984.949091312002565 18.021408020601867861
47985.248502058107988 18.01927877813023926
47985.545201343127701 18.017168787722273038
47985.839151342952391 18.015078469666796934
47986.130363178745029 18.013007887272923568
47986.418893402893445 18.010956772351839561
47986.704825574117422 18.008924656950409116
47986.988333308123401 18.006910426352149557
47987.269591097792727 18.004912954221069299
47987.548797243791341 18.002930940804226623
47987.826191154948901 18.000962791562731269
47988.10200328501378 17.999006973900566919
47988.376493729105277 17.997061744592681265
47988.649936065732618 17.995125265926617431
47988.922616753232433 17.993195611430436998
47989.194832548753766 17.991270785624219997
47989.466887947586656 17.989348743594483437
47989.739033379621105 17.987427828487195569
47990.01152304536663 17.985506363192026669
47990.284716347399808 17.983581937384219174
47990.558971474492864 17.981652161144051405
47990.834665895657963 17.979714522494866458
47991.109746993119188 17.977783572675498647
47991.383568307566748 17.975863938375596263
47991.656316828622948 17.973954388184157693
47991.928146980309975 17.972053922084125333
47992.199211169121554 17.970161557348109937
47992.469660030845262 17.968276327268032588
47992.73964298057399 17.966397277768098917
47993.009292838069086 17.964523574600672617
47993.278751809193636 17.962654322811854257
47993.548162690698518 17.960788628612920803
47993.817622007161845 17.958925923555153048
47994.087250302203756 17.957065477457057057
47994.357198896563204 17.955206353812322106
47994.627619637678436 17.953347620010092101
47994.898646132860449 17.951488476499122271
47995.170411226936267 17.949628136478562368
47995.443065711660893 17.94776569864228577
47995.716764332843013 17.945900244282487535
47995.991665639405255 17.944030839180257431
47996.267932364185981 17.942156531921774842
47996.545734562372672 17.940276333655035046
47996.825244393679895 17.938389254566970976
47997.106787466662354 17.936493286923120394
47997.390728791164292 17.934586184552031796
47997.677319169546536 17.932666495551551122
47997.966820234127226 17.930732719285586541
47998.259506546251941 17.92878329480772237
47998.554519751705811 17.926824201436737383
47998.847561242830125 17.924884096670197664
47999.138870737457182 17.922961379910148594
47999.428750055631099 17.921054057902029655
47999.717455093552417 17.919160459394447571
48000.005227737994574 17.917279022816035905
48000.292321889988671 17.915408126212913231
48000.579033068592253 17.913545897322528333
48000.865682606403425 17.91169032107441339
48001.152480164193548 17.909840128869635834
48001.432194455614081 17.908041825307211781
48001.701739800853829 17.906314759312870422
48001.962853044278745 17.904647272720040974
48002.216934069765557 17.903030000811746447
48002.46514871159161 17.901455180475149831
48002.708540991188784 17.899915914401216099
48002.948033475098782 17.898406154465739348
48003.184427143525681 17.896920689100998203
48003.418428367833258 17.895454961780661307
48003.65062516357284 17.894005209417837676
48003.881546742042701 17.892568080620829818
48004.111675716158061 17.891140554564351817
48004.341474090826523 17.88971977639441846
48004.571337428787956 17.888303337803396431
48004.801559014376835 17.886889490675720538
48005.032604796317173 17.885475457369622632
48005.264937604719307 17.88405852026604137
48005.499012011590821 17.882636054092820643
48005.735307632487093 17.881205325466353884
48005.974341127141088 17.879763425461035808
48006.216649184963899 17.87830737836477013
48006.462801889894763 17.87683406718286605
48006.713407706651196 17.875340211575014848
48006.969132678503229 17.873822263222308493
48007.230700342566706 17.872276418974301748
48007.496854214783525 17.8707105942641995
48007.763003406602365 17.869152065892329517
48008.029363557165198 17.867599664464055564
48008.296339389627974 17.866051152206949837
48008.564348503030487 17.864504265376975667
48008.833803504792741 17.862956820256453483
48009.105122648456017 17.861406653874979611
48009.378739065992704 17.859851574866450363
48009.655096670736384 17.858289391538367141
48009.934663404113962 17.856717842434061794
48010.217926057848672 17.855134632656799454
48010.505384380565374 17.853537473846952111
48010.79755456285784 17.851924072062306692
48011.094964791031089 17.850292160526699092
48011.398162652672909 17.848639467886290078
48011.707753750386473 17.84696352072603176
48012.020773723823368 17.845281091697305698
48012.334899107678211 17.843605107986363123
48012.650746616942342 17.841932627153028079
48012.968979703277 17.840260570531235373
48013.290334828670893 17.838585602013942832
48013.611449558738968 17.836925626369925624
48013.926656302435731 17.835309742779855924
48014.237441358818614 17.833729855878971193
48014.545176901730883 17.832178691386626923
48014.851115972793195 17.830649797394162448
48015.156452662580705 17.82913722458950545
48015.462109781612526 17.827636555657228712
48015.768973891099449 17.826143712211038661
48016.078280050052854 17.824653106950854919
48016.391339241126843 17.823159027084855666
48016.70958838709339 17.821655429972839357
48017.034635828793398 17.820135779243592822
48017.362625216330343 17.818619028079886846
48017.687857927718142 17.817131736259785413
48018.011800295236753 17.815667071591484216
48018.334208796833991 17.814226093327192757
48018.652358096536773 17.812820698674713071
48018.966807761746168 17.81144795183657692
48019.27808648001519 17.810105154810244699
48019.586696834718168 17.808789818994384291
48019.893105736366124 17.80749969844926639
48020.197770255566866 17.806232674002902883
48020.501136015511292 17.804986757466235048
48020.803150415180426 17.803762050301624953
48021.101458993041888 17.802567788711503027
48021.396406879532151 17.801402114954083089
48021.688327843869047 17.80026327887043891
48021.977515738290094 17.799149743798096779
48022.264260206771723 17.798060041314165858
48022.548836098088941 17.79699280931155414
48022.831512920500245 17.795946753258693462
48023.112540394256939 17.794920696980355501
48023.392159449962492 17.793913538184074952
48023.670603602826304 17.792924241238100791
48023.948097636042803 17.791951839746221964
48024.222188664170972 17.791004593335607353
48024.491625983864651 17.790086220189941457
48024.756761702359654 17.789194857163636243
48025.017921756247233 17.788328799662455282
48025.275405957989278 17.787486493609030447
48025.529491053202946 17.786666518099945478
48025.780438333669736 17.78586755474848502
48026.028487993651652 17.785088400597523162
48026.273862988731707 17.784327950548377117
48026.516789141802292 17.783585131623649289
48026.757461193490599 17.7828590042796435
48026.996064768427459 17.782148690259816703
48027.232775969605427 17.781453371184611001
48027.467763882275904 17.780772278760728966
48027.701182179334864 17.780104716617870508
48027.933177513295959 17.779450033259973196
48028.163900291510799 17.778807590427788909
48028.393478801081073 17.778176833919502542
48028.622034367785091 17.777557248285457803
48028.849685769186181 17.77694834347624564
48029.076544007526536 17.776349667751897954
48029.302712056909513 17.775760806647319612
48029.52828757937823 17.775181374368884235
48029.753375026382855 17.774610982182483809
48029.978066495445091 17.774049286886082655
48030.202449851618439 17.773495968612127882
48030.426617958459246 17.772950707652451996
48030.650667066234746 17.772413188978898546
48030.874697306091548 17.771883101493646251
48031.098772296951211 17.77136023211883753
48031.322987366191228 17.770844303896172534
48031.547446565025894 17.770335032814081444
48031.772246393928071 17.769832165237737343
48031.997478554440022 17.769335470577821923
48032.223229982439079 17.768844740378050062
48032.449584050969861 17.76835978494187529
48032.676619228055642 17.76788043553084151
48032.904410312374239 17.767406541010380749
48033.13303178534261 17.766937960434407984
48033.362556250736816 17.766474566104292876
48033.593054045886674 17.766016244038915772
48033.824595158002921 17.76556288990839505
48034.057250321078754 17.765114406893729893
48034.291091629755101 17.764670704658872324
48034.526192928002274 17.764231698857344099
48034.762629445904167 17.763797312086492042
48035.000479467315017 17.76336747115329473
48035.239825094271509 17.762942106229363759
48035.480750987182546 17.762521153650897787
48035.723346489467076 17.762104552739895524
48035.967708392985514 17.761692241947770299
48036.213939523338922 17.761284162367328321
48036.462148575032188 17.760880258992155944
48036.712452693980595 17.760480477612876626
48036.964980808392284 17.760084761035404455
48037.219871463406889 17.759693054290401903
48037.477272119445843 17.759305307284922293
48037.737343077838887 17.758921470598881598
48038.000257691346633 17.758541497354205063
48038.266203595834668 17.758165343741623587
48038.535390683427977 17.757792960616846756
48038.808041044401762 17.75742431075613581
48039.083819676758139 17.75706011395702788
48039.361181211861549 17.756702590569595657
48039.640425306482939 17.756351475676883211
48039.921882944719982 17.756006504841415961
48040.205915633887344 17.755667420065734063
48040.492921649842174 17.755333967672065398
48040.778567795205163 17.755011214994237179
48041.059917052072706 17.754702168082463487
48041.337203295333893 17.754406137025334544
48041.610646735643968 17.754122483513228303
48041.880446479182865 17.753850624601387409
48042.146795480512083 17.753590013812402759
48042.409877152240369 17.753340142210944919
48042.669866679279949 17.753100534766929286
48042.926941901401733 17.752870738666430839
48043.181270696950378 17.752650333538483096
48043.433019359690661 17.752438922355366913
48043.682351009789272 17.752236131740104952
48043.929415553247964 17.752041618628780384
48044.17435977178684 17.751855060353907589
48044.417327735718573 17.751676153394569724
48044.658459933649283 17.751504613132951249
48044.897888890613103 17.751340175893076889
48045.135748954038718 17.751182591167285807
48045.37217147663614 17.751031624444170376
48045.607285773774493 17.750887055883335819
48045.841219262423692 17.750748679623264081
48046.074098405246332 17.750616302690186643
48046.306046232588415 17.750489745887964688
48046.537185433655395 17.750368841520973717
48046.76763542513072 17.750253434502113237
48046.997510373555997 17.750143382642477263
48047.226945977112337 17.750038543877263209
48047.4560566430373 17.749938796522691575
48047.684955873475701 17.749844028515862959
48047.913782069721492 17.749754127234673717
48048.142631241564231 17.749669006203689037
48048.371584776206873 17.749588591001572269
48048.600761549743765 17.749512800903705312
48048.830289279292629 17.749441561142120349
48049.060297366624582 17.749374805593227222
48049.2909251483361 17.749312474583582855
48049.522288219159236 17.749254523756324176
48049.754478361435758 17.749200921543728526
48049.987604027548514 17.749151638517982832
48050.22177398326312 17.749106651839589688
48050.457097516475187 17.749065945088190688
48050.693729350365174 17.749029501660665176
48050.931839504548407 17.74899731266023295
48051.171563791525841 17.748969383395493793
48051.413028007213143 17.748945727829720909
48051.656361419009045 17.748926366516538877
48051.901706282056693 17.748911326235852215
48052.149208871087467 17.748900641282897794
48052.399019756507187 17.748894353614726782
48052.651294421506464 17.748892513018940775
48052.906191320973448 17.748895177309030657
48053.163872354612977 17.748902412378779303
48053.424510724580614 17.748914292704490947
48053.688284185933298 17.748930901612283151
48053.955373774566397 17.748952331318321285
48054.225972160187666 17.748978683848680049
48054.500280016596662 17.74901007133401265
48054.77850613224291 17.749046616438718615
48055.060869331304275 17.749088453077636274
48055.347599602566333 17.749135727176554411
48055.638938874370069 17.749188597469135686
48055.935140080844576 17.749247236007150264
48056.236466193106025 17.749311828557530646
48056.543198564490012 17.749382577145791373
48056.855642250513483 17.749459702617695456
48057.174122606520541 17.749543445332143676
48057.486768143724476 17.749630563450292442
48057.7862645638088 17.749718467957258383
48058.075645729484677 17.749807443597461543
48058.35720219106588 17.749897738650584955
48058.632701228256337 17.749989569968349201
48058.903543590211484 17.750083132101369898
48059.170866505090089 17.750178604007491145
48059.435622545308433 17.750276157396914556
48059.698623884622066 17.750375959271114112
48059.958029901987175 17.750477167600326567
48060.211789030538057 17.750578783974681585
48060.461072940321174 17.7506810758740734
48060.70689090750966 17.750784296935812279
48060.95012677647901 17.750888691291358157
48061.191605956679268 17.750994514517657308
48061.43208842054446 17.7511020256216554
48061.672339199452836 17.751211514885095966
48061.912902891075646 17.751323197081546823
48062.154535331981606 17.751437407039365013
48062.398154134789365 17.75155458373430406
48062.644696135299455 17.751675205977676342
48062.895138424595643 17.751799803303182301
48063.150556217253325 17.751928986959224943
48063.41221634226531 17.752063502543538931
48063.681697337065998 17.752204301759398675
48063.961029793033958 17.75235263185373924
48064.246671483597311 17.752506779116785651
48064.527741427795263 17.752660852658312507
48064.80497319503047 17.752815109623806933
48065.079082980540989 17.752969827118668888
48065.350749615558016 17.753125288019205641
48065.620639674190897 17.753281792544736817
48065.88941703002638 17.753439662079809835
48066.157750627091445 17.753599242582112083
48066.426224205570179 17.75376084914483954
48066.695329612120986 17.753924758081044644
48066.965798349396209 17.754091408570410238
48067.238392553888843 17.754261279613984925
48067.513930971326772 17.754434907123059162
48067.793307489795552 17.754612897456460985
48068.077514290867839 17.754795944864572022
48068.367650857078843 17.754984840826558923
48068.663039103528718 17.755179230906769305
48068.957713353338477 17.755375205555633755
48069.252563336267485 17.75557331992486354
48069.548192935311818 17.755773959032143949
48069.845542581548216 17.755977756088586972
48070.145559088916343 17.756185373573138975
48070.449210147016856 17.756397513115633302
48070.757538050536823 17.756614953940783153
48071.071689100434014 17.756838576221475989
48071.392943605373148 17.757069386237862574
48071.71997705483227 17.757306525879208436
48072.04324562788679 17.757543059281207576
48072.35909938684199 17.757776173759889815
48072.668890383611142 17.75800670994408037
48072.973738564331143 17.758235373241642918
48073.274751530181675 17.758462891094861646
48073.572862989654823 17.758689887132582896
48073.868971025854989 17.758916981162329307
48074.163844309572596 17.759144714334222925
48074.458209895747132 17.759373613304788364
48074.752673010123544 17.759604125510794148
48075.047672582863015 17.759836580407412754
48075.343890606127388 17.760071510646234572
48075.642009041628626 17.76030946344240391
48075.942800021883158 17.760551073137371247
48076.24703916432918 17.760796993198354699
48076.555442233206122 17.761047844794344286
48076.868781961900822 17.761304311482117413
48077.187832199218974 17.761567094958497393
48077.504343340384366 17.761829412598174827
48077.818576392324758 17.762091433405366558
48078.130757655162597 17.762353304921209229
48078.44111869167682 17.762615185917379534
48078.749905362514255 17.762877253983063497
48079.057346177964064 17.763139678566655988
48079.363639037044777 17.763402608956781137
48079.668963860720396 17.76366618432939859
48079.973493427307403 17.763930542629395859
48080.277362749948225 17.76419579350303124
48080.580714515177533 17.764462057299816422
48080.883702808918315 17.764729468488681619
48081.186486097511079 17.764998169633862801
48081.487679515776108 17.765266926654788904
48081.786429612802749 17.765534957557036932
48082.08314180663001 17.76580260320247362
48082.378285113620223 17.766070270928853603
48082.672434919484658 17.766338475132162245
48082.966201683077088 17.766607774352848992
48083.259991432714742 17.766878550920385038
48083.553921331920719 17.767150927564166807
48083.848174299004313 17.767425091543969984
48084.14291300856712 17.767701215573421081
48084.438316825813672 17.767979492245341788
48084.734579277268494 17.768260132117681849
48085.031901361617201 17.768543357769495117
48085.330474943802983 17.768829388107143075
48085.623917841279763 17.76911209541074399
48085.911831074030488 17.769391026197776995
48086.195095962750202 17.769666968840141408
48086.474443694736692 17.769940582764053971
48086.750537044645171 17.770212474916593948
48087.023890011660114 17.770483118039752668
48087.294863683026051 17.770752842530058047
48087.563658766586741 17.771021824865499639
48087.563658766586741 17.771021824865499639
48087.563658766586741 17.771021824865499639
48087.563658766586741 17.771021824865499639
48087.563658766586741 17.771021824865499639
48087.563658766586741 17.771021824865499639
48087.830334044825577 17.771290101966702224
48088.094833486735297 17.771557594910689204
48088.35701976132259 17.77182414003559785
48088.61671898948407 17.772089532634986142
48088.873769199686649 17.77235357591088416
48089.128040943651285 17.772616102667551985
48089.379473483015317 17.772877013868232154
48089.628086776057899 17.773136293010484366
48089.873966657847632 17.773393992672691155
48090.117262698964623 17.773650233943122601
48090.358153955399757 17.773905171679491133
48090.596941741954652 17.774159094095882239
48090.833862625462643 17.774412225519792941
48091.069165297121799 17.774664807421324042
48091.303100610726688 17.774917087919650527
48091.535917698813137 17.775169317593210394
48091.767860808264231 17.775421745965957143
48091.999167082991335 17.775674618940385585
48092.230074339357088 17.775928187158392291
48092.460801428722334 17.776182684286052194
48092.691550108131196 17.776438328601663841
48092.92244627315813 17.776695257018477747
48093.153694576169073 17.776953696392169491
48093.385505535443372 17.77721388340219022
48093.61810126229102 17.777476071121164125
48093.851700622341014 17.777740512416549734
48094.08653851053532 17.778007481789405375
48094.322851071156038 17.778277258806269856
48094.560864978418977 17.778550115770382689
48094.800811634246202 17.778826333825904271
48095.042932587348332 17.779106209295388652
48095.287479766608158 17.779390054133294541
48095.534706128783 17.779678185183332317
48095.784869877359597 17.779970929071335917
48096.038241073561949 17.780268630025275911
48096.295101875242835 17.78057165033668241
48096.555744520963344 17.780880368136713798
48096.82047444050113 17.781195181209113798
48097.089618796751893 17.781516517363542107
48097.363527721783612 17.781844836249693032
48097.642573755292688 17.782180629005868155
48097.927153689590341 17.782524420765547291
48098.217693857688573 17.78287677734974892
48098.514654121616331 17.783238310470604659
48098.818532644807419 17.783609683953077507
48099.129870159878919 17.783991619469453838
48099.449271445068007 17.784384923667008849
48099.777403384774516 17.784790486892926964
48100.096321428463852 17.785186077918755387
48100.397764689048927 17.785561233072776588
48100.684928159593255 17.785919700823995981
48100.960196325853758 17.786264280794593873
48101.225398815484368 17.786597122276283756
48101.481980614407803 17.786919924012885019
48101.73110983978404 17.787234060582953532
48101.973773368488764 17.787540696711403143
48102.210780078166863 17.787840786942869187
48102.442823593963112 17.78813515156966929
48102.67049551220407 17.788424490930733413
48102.894306761794724 17.788709410584782944
48103.11473148746154 17.788990475743091224
48103.332177759839396 17.789268172883151209
48103.547012480536068 17.789542940508706437
48103.759578103119566 17.78981518981122889
48103.970184293662896 17.790085293421995516
48104.179114616512379 17.790353593444731217
48104.386639681986708 17.790620417921690688
48104.593016792248818 17.790886080068414543
48104.798491834699234 17.791150880430318892
48105.003303507830424 17.791415112090330553
48105.207668194801954 17.791679040922979027
48105.411812572601775 17.791942947489143734
48105.615961253344722 17.792207110975525097
48105.820228005257377 17.792471668109559602
48106.024850896224962 17.792736917375446382
48106.230073042774166 17.793003164832814633
48106.436131070702686 17.79327070903475061
48106.64327701574075 17.793539869345469384
48106.851768029329833 17.793810972503006695
48107.06185898926924 17.794084342901559381
48107.273816402994271 17.794360320568728184
48107.487920231673343 17.794639263464993917
48107.704467918221781 17.794921552653132579
48107.923774546092318 17.795207592422269016
48108.146171251595661 17.79549780811498394
48108.371998758520931 17.795792637559202376
48108.601615698091337 17.796092541773266049
48108.833585064749059 17.796395634750190595
48109.064997125038644 17.796698101628365407
48109.296189309097826 17.797000368780977908
48109.527438739802164 17.797302784409424703
48109.758962837353465 17.797605619063670446
48109.99108556482679 17.797909282928905839
48110.224131817209127 17.798214187577919176
48110.458431189123075 17.798520750717017336
48110.69433059925359 17.79882941252056483
48110.932205725839594 17.79914065040050275
48111.172460842899454 17.799454978572708086
48111.415535406013078 17.799772956420902403
48111.661930955509888 17.800095223390282939
48111.912249395325489 17.800422548655888022
48112.167210738902213 17.800755853784888671
48112.427650715944765 17.801096208907608798
48112.69450728528318 17.801444814251286886
48112.968823195282312 17.801803002473249649
48113.242275630305812 17.802159881090926064
48113.514665668662929 17.802515173940804516
48113.786751324623765 17.802869853358519237
48114.059065964880574 17.803224597304389221
48114.332224008765479 17.803580187778884181
48114.607066986645805 17.803937700013740653
48114.884545804037771 17.804298347906485134
48115.165721975419729 17.804663484460313327
48115.451919829829421 17.805034797833673821
48115.74477738331916 17.805414374739672922
48116.046262873329397 17.805804718557155297
48116.358953136194032 17.806209105122196235
48116.685013228940079 17.806630258478357121
48117.009805049499846 17.807049222036834379
48117.329701476483024 17.807461314265790264
48117.644476307526929 17.807866253256857902
48117.954118447087239 17.808264036991324986
48118.258730361128983 17.80865481102987502
48118.55845010442863 17.809038767447194829
48118.853456352931971 17.809416150732889861
48119.14396605611546 17.809787254238404586
48119.430253833634197 17.810152444387249204
48119.712657852272969 17.81051216748832644
48119.991548194659117 17.810866908833208555
48120.267388269276125 17.811217270253223433
48120.54061561141134 17.811563818116059821
48120.811682561390626 17.811907134978149259
48121.081034399605414 17.812247791760501769
48121.349152185212006 17.812586401825551974
48121.616538899179432 17.812923603142490236
48121.883694621348695 17.813260026805394887
48122.150993826726335 17.813596142831393365
48122.418844524836459 17.81393246093775673
48122.687793096956739 17.814269661538261857
48122.958413802050927 17.814608456180895502
48123.231320499224239 17.814949601860803341
48123.507182423592894 17.815293920241263237
48123.786742369935382 17.815642319661442627
48124.068338519515237 17.815992713087691612
48124.344104962226993 17.816335324591459965
48124.615446537049138 17.816671929729196222
48124.88351194349525 17.817003976178025226
48125.149277662865643 17.817332690156252539
48125.413598621977144 17.817659140732697409
48125.677248354026233 17.817984290555070714
48125.940936663500906 17.818309018402981536
48126.205050406417286 17.818633801270721051
48126.470290709898109 17.818959499149421788
48126.737369404858327 17.819286980291479949
48127.007035884831566 17.819617153958628109
48127.28009057167219 17.819950986492649747
48127.55741913348902 17.820289542520029613
48127.835355586103105 17.8206283361378226
48128.113987531818566 17.820967473407385739
48128.393553001646069 17.82130724253833165
48128.674281392188277 17.821647919653649694
48128.95642548102478 17.821989807636121839
48129.240304519691563 17.822333288023411768
48129.526269510301063 17.822678778491884088
48129.814705503202276 17.823026735334600801
48130.106023531567189 17.823377643437886775
48130.400682170889922 17.823732041942019322
48130.699221804330591 17.824090564906803991
48131.002229986654129 17.824453899030292092
48131.310324402205879 17.824822762771940887
48131.624177904683165 17.825197935907592495
48131.944535918293695 17.825580279667910588
48132.272217542296858 17.825970737241672026
48132.605571572523331 17.826367308999316208
48132.937952640124422 17.826762081401927418
48133.266732535099436 17.827151951772673755
48133.591947175540554 17.827536988608390089
48133.913878105609911 17.827917549796286067
48134.232798771306989 17.82829398121526765
48134.548975881552906 17.828666618520546905
48134.862669778485724 17.829035787743901409
48135.174227099771088 17.829401914258291129
48135.483927843772108 17.829765342818973295
48135.792047144663229 17.830126410566013107
48136.098848229237774 17.830485438926366726
48136.402966968184046 17.830840847190309262
48136.702986298900214 17.831191001385676032
48136.999481462327822 17.831536596581383236
48137.292972463852493 17.831878259814981647
48137.58395227111032 17.832216583468323279
48137.872859846356732 17.832552094343988358
48138.160100184461044 17.832885277429280535
48138.446061141119571 17.833216595749266986
48138.731114401067316 17.833546491729883599
48139.015597748526488 17.833875366946223551
48139.299838421444292 17.83420360941471472
48139.584122073749313 17.834531557997951978
48139.868616447136446 17.834859414859657534
48140.153594456438441 17.835187502959051642
48140.43930625908979 17.835516118492417803
48140.725978898371977 17.835845530728441588
48141.013821729538904 17.836175988475368115
48141.303015410441731 17.836507707664832623
48141.593701546182274 17.836840859744619081
48141.885987950750859 17.837175578002952392
48142.179947862583504 17.837511956916078049
48142.475619205026305 17.837850051526636719
48142.773009324570012 17.838189883061701835
48143.07210854387813 17.838531454556328271
48143.372880969152902 17.8388747404539032
48143.675262140874111 17.839219684016530465
48143.979182137729367 17.839566223729555361
48144.284579218125145 17.839914308818830335
48144.591409655840835 17.840263910383555412
48144.899661710529472 17.840615037241349228
48145.209369022450119 17.840967751122192908
48145.520614836212189 17.841322171452993928
48145.833537101876573 17.841678481195497596
48146.148333169614489 17.842036932301152063
48146.465271490284067 17.842397859238722901
48146.78468886329938 17.842761676167615548
48147.104571979471075 17.843126121598409384
48147.411824751739914 17.843476298986981732
48147.708570857808809 17.843814641822785205
48147.996579027640109 17.844143177772110676
48148.277227056780248 17.844463488225990488
48148.551691481821763 17.844776924956537556
48148.820975215967337 17.845084641937503989
48149.085946652397979 17.845387640172596377
48149.347372631309554 17.845686805502261052
48149.605938588480058 17.845982931757909284
48149.862228117315681 17.846276697389441779
48150.116788987383188 17.846568741112491807
48150.370167238841532 17.846859701218740213
48150.622903117211536 17.847150211209353188
48150.875471161038149 17.847440831105252812
48151.128205738546967 17.84773196152390895
48151.381525070406497 17.848024101520636009
48151.635949242547213 17.848317870205615776
48151.892015156074194 17.848613909392781807
48152.150311461162346 17.848912924565649263
48152.411469512167969 17.849215675216470345
48152.676146131154383 17.849522955674370195
48152.945057693759736 17.849835635562630642
48153.219002556186751 17.850154687160380007
48153.498884174921841 17.850481214007793085
48153.785750954106334 17.850816499624034606
48154.079064665878832 17.851159980666590599
48154.368522570286586 17.851499623532269823
48154.654419398284517 17.851835769688864985
48154.937033185095061 17.852168742258516687
48155.216626998066204 17.852498848039299872
48155.49345777657436 17.852826387956454823
48155.767771336817532 17.853151651214542284
48156.039813182986109 17.853474928159840829
48156.30981999287178 17.853796500256020607
48156.578009020311583 17.854116627422826014
48156.84458977234317 17.854435561863624571
48157.109752369418857 17.85475353407532495
48157.373692267727165 17.855070782404922625
48157.636595025163842 17.855387534822334317
48157.898636237718165 17.855704008769443192
48158.159979695956281 17.856020408844191394
48158.420784406014718 17.856336935212443251
48158.681199083053798 17.856653776879902296
48158.941367734318192 17.856971118400412735
48159.201435194394435 17.857289146618281706
48159.461525532133237 17.857608024214037812
48159.721718926630274 17.85792786094244633
48159.982148085669905 17.858248831931053502
48160.242951509266277 17.858571120722700698
48160.504271991354472 17.858894917539210212
48160.766265400161501 17.859220430302915616
48161.029094351055392 17.859547876990887971
48161.292920575018798 17.859877476233364746
48161.55791443563794 17.8602094592662759
48161.824256334686652 17.860544071878443617
48162.092141903311131 17.860881581168388976
48162.361780810933851 17.861222274341745475
48162.633401099090406 17.861566464505632013
48162.90725386570557 17.861914497016257997
48163.183606575068552 17.86226674143119908
48163.462753613392124 17.862623605405591576
48163.74503566022031 17.862985560166816157
48164.030817010701867 17.863353112301137315
48164.32048262583703 17.863726800532894856
48164.614457812582259 17.86410722179334698
48164.91321416455321 17.864495039936482357
48165.217281429031573 17.864891002384755581
48165.527252092215349 17.865295947609968863
48165.843796520253818 17.865710826680256673
48166.167678487239755 17.866136725817600706
48166.499601854549837 17.866574666325398368
48166.834091601260297 17.867017489101723271
48167.160799737357593 17.867451453592249067
48167.472615025573759 17.867866960665821807
48167.772439257270889 17.868267704022827047
48168.062501590109605 17.868656528571669639
48168.344565257692011 17.869035691651991016
48168.6200607386927 17.869407031481678416
48168.890170640152064 17.869772074265203088
48169.155897553937393 17.870132120699881995
48169.418107294521178 17.870488300860380093
48169.677562984768883 17.870841617785238498
48169.934951361879939 17.871192981328480442
48170.190902211470529 17.871543233264709727
48170.446017227557604 17.871893185839397233
48170.700875831076701 17.872243629255027741
48170.955892461897747 17.872595134380642179
48171.211503638376598 17.872948308861420941
48171.468281267094426 17.873303954739380828
48171.726813602836046 17.873662905452121663
48171.987705517982249 17.874026026799850086
48172.251587378377735 17.874394230047101928
48172.519131443958031 17.87476849588851735
48172.79106759550632 17.875149897988155345
48173.06819460450788 17.875539620821196962
48173.351396839221707 17.875938985760981836
48173.641681062654243 17.876349506428006464
48173.940189951950742 17.876772912454146791
48174.248219719498593 17.877211180253027578
48174.564918904288788 17.877663249875443086
48174.880581961122516 17.878115354292408057
48175.195236450505035 17.878567555145899348
48175.508886466806871 17.879019883415082859
48175.821575665155251 17.879472430166188701
48176.133319762302563 17.879925249310367974
48176.444144672881521 17.880378412501677587
48176.754088595138455 17.880832012391270069
48177.063252943313273 17.881286237867936251
48177.371696239075391 17.88174121904827274
48177.679491436036187 17.88219711106192733
48177.986727784758841 17.882654097256970971
48178.293511610187124 17.883112390908468825
48178.599969762602996 17.883572241014583426
48178.906247194179741 17.884033929432085586
48179.212511313686264 17.884497778278880986
48179.518873804248869 17.884964031697506925
48179.825518626566918 17.885433050237082853
48180.132673252788663 17.885905269558833197
48180.440591611339187 17.886381176175660812
48180.749557365328656 17.886861314221849995
48181.059886827824812 17.88734629199077375
48181.371930298410007 17.887836786352266927
48181.68608004503767 17.888333558012618596
48182.001854330330389 17.888835992831875643
48182.315568780431931 17.889338317578936
48182.627524528863432 17.88984105127815738
48182.937969560131023 17.890344636631638764
48183.247124918365444 17.890849480643133518
48183.55519332082622 17.89135596782203308
48183.862479037241428 17.891864658699468293
48184.169184439226228 17.892375955857481529
48184.475502251283615 17.892890253935007649
48184.781639203371014 17.893407979624630144
48185.087787153162935 17.893929543621641898
48185.394047113863053 17.894455209277357
48185.700613094333676 17.894985406216690649
48186.007686761171499 17.895520587541060564
48186.315474649774842 17.89606122595630211
48186.624191170310951 17.896607819998365585
48186.934059724735562 17.897160897194286377
48187.245310357589915 17.897721011124854584
48187.558172197808744 17.89828872885140143
48187.872873284992238 17.898864631278726733
48188.189665531608625 17.899449360121728603
48188.508835666725645 17.900043641132246108
48188.830692051087681 17.900648263085010115
48189.150816567715083 17.901255040403452057
48189.465879403251165 17.901857576671115879
48189.777278711022518 17.902458406230429944
48190.086466969034518 17.903060260126466119
48190.394637152086943 17.903665453294109966
48190.700206685214653 17.904270857284696916
48191.003678790060803 17.90487741688329848
48191.305750716317561 17.905486501705613733
48191.606969981869042 17.906099221904671737
48191.907687829858332 17.906716319853504871
48192.208238684710523 17.907338526373678178
48192.508943576453021 17.907966567035298766
48192.810090217033576 17.908601119419110148
48193.111956756358268 17.909242861382487888
48193.414782412262866 17.909892407519144797
48193.718795155218686 17.91055036622242369
48194.02423193751747 17.911217383549871585
48194.331316211530066 17.911894094943885847
48194.638655098278832 17.91257754400519886
48194.938571987775504 17.913250498559900592
48195.231735657143872 17.913914086409462811
48195.518802205406246 17.914569460598428918
48195.800404438537953 17.915217772419353537
48196.077165458824311 17.915860199759052307
48196.349668175222178 17.916497873594490642
48196.61857582169614 17.917132158820130883
48196.884458866967179 17.917764247962558954
48197.147849530767417 17.918395283181194344
48197.409266707159986 17.91902641283426334
48197.669230147766939 17.919658824736632852
48197.928255736893334 17.920293734612609882
48198.186858302455221 17.920932392857096715
48198.445519339744351 17.921576004136138494
48198.704557010853023 17.922225397614290898
48198.964525297706132 17.922882024038930382
48199.2260061911511 17.92354744790056742
48199.489623041605228 17.924223385545268172
48199.756053808414435 17.924911744955274173
48200.02606283948262 17.925614716028096751
48200.300513778514869 17.926334815696097991
48200.579809486094746 17.927073414419808728
48200.863989712335751 17.927830952200423553
48201.153999725836911 17.92861032395105525
48201.450936602341244 17.929414930943547546
48201.747968642164778 17.9302265310045712
48202.043672256775608 17.93104122575509507
48202.338330523991317 17.931859746803780808
48202.632238169542688 17.932682883493832549
48202.925695606551017 17.933511467460490962
48203.218992589791014 17.934346326752347522
48203.512358012099867 17.935188140210790664
48203.80600095794216 17.936037549933345758
48204.100198600521253 17.93689541655292885
48204.395214667485561 17.937762586886371707
48204.691285986897128 17.938639852734794999
48204.988617783405061 17.93952793400699619
48205.287385934592749 17.940427482167862649
48205.587746067045373 17.941339104794398196
48205.885708398360293 17.942250692280641289
48206.17991739729041 17.943157902127939707
48206.471650756277086 17.944064475903562794
48206.762297861117986 17.944974628599261735
48207.053052960698551 17.94589208935602187
48207.34459674180107 17.946819062206493811
48207.638061016768916 17.947759267399284511
48207.934451128930959 17.948716126381402347
48208.234732585282472 17.949693031983624536
48208.539996312581934 17.95069389080987321
48208.851474449831585 17.95172319623396362
48209.170564772051875 17.9527861348633202
48209.487957165401895 17.953851952824130933
48209.79856225191179 17.954903241391857449
48210.103126122325193 17.955942037863778182
48210.402323267997417 17.956970216659360773
48210.696778523546527 17.957989553691291462
48210.98708902834187 17.959001794751831227
48211.273806719254935 17.960008588556053866
48211.557460926094791 17.961011559870460275
48211.838574844048708 17.962012364413773469
48212.117632528017566 17.963012568457447315
48212.395104931150854 17.964013737650759595
48212.671449433779344 17.965017433209538922
48212.947121259596315 17.966025251821992725
48213.222586419120489 17.96703887299147695
48213.498185646087222 17.968059554766544039
48213.774258614626888 17.969088583395713243
48214.051264872017782 17.970127728503129561
48214.329672592575662 17.971178836498616249
48214.60996274016361 17.972243848069211936
48214.892632549985137 17.973324813881990991
48215.178203556337394 17.974423928592113242
48215.467221278020588 17.975543533917505812
48215.760267944315274 17.976686173026827475
48216.057980334182503 17.977854667433476266
48216.361051450039668 17.979052133161310678
48216.670278212601261 17.980282181635843131
48216.98222842082032 17.981531524293110635
48217.293270775291603 17.982785698024287058
48217.603494354625582 17.984044997787382414
48217.912901663192315 17.9853093734949816
48218.221550793357892 17.986579004997846454
48218.529488775900973 17.987854032741367405
48218.836753699637484 17.98913456513212239
48219.143379877627012 17.99042069907328667
48219.449391571703018 17.991712492881241303
48219.750121279103041 17.992990013811652972
48220.046809120642138 17.99425816671188727
48220.340635212938651 17.995521732197854448
48220.632678464135097 17.996785176692302599
48220.923932558798697 17.998052707093535219
48221.215270833730756 17.999328104665437422
48221.507239214304718 18.000613794983568283
48221.798182184553298 18.001902480979129706
48222.087365484338079 18.003190811280852301
48222.374439692488522 18.004477089028632975
48222.657600791397272 18.005753009891908079
48222.937313482463651 18.00702039822390077
48223.21400971969706 18.008280978134973083
48223.488085552329721 18.00953635378243689
48223.759913728390529 18.010788062236468221
48224.029841469535313 18.012037559588534918
48224.298196038063907 18.013286243266673381
48224.565286082892271 18.014535455515229501
48224.83140411171189 18.015786492501248972
48225.096829340611293 18.017040615666910952
48225.361829876521369 18.018299060402483747
48225.626664923089265 18.019563045222007247
48225.891544529731618 18.020833577158636984
48226.156634526603739 18.022111469792648109
48226.422180524743453 18.023397940253516936
48226.688428723515244 18.024694232431663465
48226.955621776847693 18.026001596988383113
48227.223997502267594 18.027321284834727066
48227.493796543792996 18.028654584831340202
48227.765281144995242 18.030002917989261135
48228.038711000466719 18.031367719778735648
48228.314328366883274 18.032750365484808697
48228.592381427770306 18.034152286707531232
48228.873125381753198 18.035574978298367199
48229.156823228229769 18.037020004016127928
48229.44374722916109 18.038489005885619321
48229.734180883519002 18.03998371655054811
48230.028420253045624 18.041505968713380526
48230.326775228713814 18.043057704646916051
48230.629571266996209 18.044640988556203354
48230.937151814156095 18.046258023071601428
48231.249880488670897 18.047911165128052602
48231.568143569187669 18.049602944144890415
48231.892354343050101 18.051336090962895042
48232.222957760925055 18.053113569624450463
48232.556103792543581 18.054915119456779848
48232.88577441907546 18.056708178279873067
48233.212846682821692 18.058497257498530075
48233.53878995886771 18.060290246143871684
48233.861734174992307 18.062076690849742988
48234.179791977789137 18.06384581325522376
48234.493512289067439 18.065600270809230921
48234.803387036328786 18.067342469765794277
48235.109859073978441 18.069074599978836915
48235.413326558067638 18.070798651325812756
48235.71425512334099 18.072517048392345629
48236.012994228949538 18.074231602750565173
48236.30987053962599 18.075944035506793739
48236.605182694205723 18.077655943199804511
48236.899210743446019 18.079368848602079822
48237.19222065442591 18.081084224306412267
48237.484475418583315 18.082803556116992638
48237.776211254880764 18.084528201579903595
48238.067652848047146 18.086259476918236544
48238.359026114398148 18.087998731853922152
48238.650523622774926 18.089747142025828452
48238.942462680381141 18.091506659429434478
48239.235153684523539 18.093279231639101567
48239.528672959597316 18.095065415559567157
48239.823192614145228 18.096866365286540912
48240.11887529843807 18.09868319828459704
48240.415877972794988 18.100517017663545261
48240.714355950149184 18.10236893684952264
48241.014458231489698 18.104240050589609723
48241.316327727407042 18.10613143581195672
48241.620098952298576 18.108044136580257799
48241.925893740146421 18.109979136061213012
48242.233829648845131 18.111937408557466256
48242.544020349472703 18.113919921764143339
48242.856533036880137 18.115927362332254091
48243.171423574109212 18.117960356177313486
48243.48877398482 18.120019710820891135
48243.808667196957686 18.122106254880037568
48244.130132353078807 18.124213905683109971
48244.450767969006847 18.12632699931281266
48244.771475373330759 18.12845148083710356
48245.089985743761645 18.130572255632767309
48245.406414331802807 18.132689915328221275
48245.721211400865286 18.134807325704013437
48246.03506295329862 18.136929010449279076
48246.348566425294848 18.139058982190672253
48246.662225505409879 18.141200692277916318
48246.976528496415995 18.143357554441063684
48247.29222028436925 18.145534823320950579
48247.610167524071585 18.147738703427791052
48247.924859886232298 18.149930984927213018
48248.235208256330225 18.15210372144585449
48248.541650983024738 18.154259590615993147
48248.844511973133194 18.156400520921124553
48249.144032651456655 18.158527898877633078
48249.440405679109972 18.160642795727767407
48249.733782124567369 18.162746010408231001
48250.02428586944734 18.164838166358979521
48250.312014814364375 18.16691971559393437
48250.59706147176621 18.16899108429970866
48250.879521856251813 18.171052736883090972
48251.159502044676628 18.173105224612328357
48251.43712371255242 18.175149227940398333
48251.712563633846003 18.177185851503804059
48251.985967327273102 18.179215990009424786
48252.257499060884584 18.181240696772039911
48252.5273406876222 18.183261177705713152
48252.795692206142121 18.185278798075881213
48253.062765978967946 18.187295041373392479
48253.328787321574055 18.189311515524281049
48253.593991897105298 18.191329934878684327
48253.858624873952067 18.193352115262527491
48254.122943598675192 18.19537999595297606
48254.387218826792378 18.197415651082721411
48254.651615006878274 18.199460364148993818
48254.916378462483408 18.201516075820030949
48255.181790992079186 18.203585034359925032
48255.448147448070813 18.205669625639760767
48255.715753716205654 18.20777235972698449
48255.984929767539143 18.209895897331392689
48256.256003233174852 18.212043001776159201
48256.529315425359528 18.214216589103052968
48256.80524664434779 18.216419933844612444
48257.084194424605812 18.218656501926023594
48257.366562976880232 18.220929869966010273
48257.652784160760348 18.223243898213866032
48257.943318472011015 18.225602745511036318
48258.238385751959868 18.228008676416354916
48258.534639325189346 18.230434725919014483
48258.822613009782799 18.232803025690309084
48259.102386066406325 18.235113398451417766
48259.375154620443936 18.237374977088428807
48259.64192866643134 18.23959551619971009
48259.903581955113623 18.241781772002109818
48260.160832778354234 18.24393931372891231
48260.414356149121886 18.246073441449752295
48260.66475097345392 18.248188898640346878
48260.912554179201834 18.250289978399578672
48261.158252767840168 18.252380615234631733
48261.402300526533509 18.254464519408927003
48261.645117349260545 18.256545165401806941
48261.887156150696683 18.258626362754572625
48262.128804396015767 18.260711409664043714
48262.370436250603234 18.26280353552673219
48262.612244439093047 18.264904435759298451
48262.854583340609679 18.26701724119750736
48263.097822045659996 18.269145255058603539
48263.342333034401236 18.271291856237013462
48263.588491954105848 18.273460498691154186
48263.83668781225424 18.275654803246542457
48264.087331481779984 18.277878636549715452
48264.340859488263959 18.280136149865601425
48264.597737249772763 18.282431814110921664
48264.858471617750183 18.284770539595569971
48265.123621331425966 18.287157780077027525
48265.393810328809195 18.289599665651817162
48265.669743914630089 18.292103165506006235
48265.952229311165866 18.294676295623485629
48266.242202058158 18.297328386658254118
48266.540760459502053 18.300070434672978337
48266.849211862834636 18.302915573304730401
48267.16913747140643 18.305879734974990214
48267.497185162152164 18.30893315026879975
48267.816982710151933 18.311923480450126078
48268.130180022017157 18.314865264789531807
48268.438147505839879 18.31777068831728883
48268.74206285343098 18.320650339127940498
48269.042968434820068 18.323513710648626329
48269.341810116333363 18.326369542490251519
48269.639471688118647 18.329226130200844125
48269.93676825240982 18.332091248262020855
48270.234306474703772 18.334970781226957115
48270.532698308554245 18.337870763752533776
48270.832751433641533 18.340799245621720814
48271.135314411054424 18.343764813609013231
48271.441287397457927 18.346776709365872904
48271.751648588964599 18.349845107344659567
48272.067478318829671 18.352981378115480027
48272.390073526366905 18.356199264171923602
48272.720912452496123 18.35951458673713077
48273.056033652057522 18.362888578150077024
48273.390610161426594 18.366272963687794828
48273.725429333331704 18.369675744259534866
48274.061194735899335 18.373104212614311592
48274.39896196515474 18.376569416650877287
48274.73985842334514 18.38008335277784866
48275.085135117755271 18.383659527150751245
48275.43621531019744 18.387313502490641781
48275.789069305581506 18.391003974001367993
48276.141361755049729 18.394706668434718466
48276.49316401827673 18.398422311996728951
48276.84455501109187 18.402151723941280181
48277.194731069008412 18.405886302377428621
48277.534626003216545 18.409528526383478919
48277.866791031054163 18.413104420290181906
48278.193323658262671 18.416635617708784878
48278.516071753510914 18.420141453283303434
48278.836744194966741 18.423640101191377738
48279.156980207822926 18.427149297578036879
48279.477845540415728 18.430680765186600922
48279.800788830369129 18.434250671878224637
48280.127630331859109 18.437879601641199656
48280.46042491895787 18.441591123283458842
48280.799996828398434 18.445395411847592015
48281.132416236578138 18.449136405158977681
48281.459643224516185 18.452835253206451682
48281.783512437803438 18.456512077918546311
48282.105816021117789 18.460186879110654701
48282.42826606084418 18.463879087427482517
48282.752023704560997 18.467602117217264635
48283.0792984691725 18.471381742719611196
48283.412607449565257 18.475247754489153351
48283.754994269133022 18.479236611340901675
48284.110440257994924 18.483396432778963714
48284.482007409234939 18.48776542367918907
48284.847980094680679 18.492089117209857818
48285.207151400623843 18.4963522177837838
48285.560659779424896 18.500567209647570621
48285.909584671135235 18.504746127090776042
48286.254887014991255 18.508899813050600613
48286.597460210716235 18.513038498580218771
48286.938166685817123 18.517172225202788383
48287.277850778082211 18.521310990759737081
48287.616391719697276 18.525453131153657438
48287.953264250965731 18.529591975438435725
48288.288885470981768 18.533732393842111463
48288.623692586661491 18.537879588423294308
48288.958072594556143 18.542038220736870358
48289.28735330280324 18.546149729787881455
48289.603382836139644 18.550110946898485054
48289.909142453936511 18.553957536961956265
48290.206968778249575 18.557717615586856397
48290.498728053826198 18.561413778993077983
48290.78595123476407 18.56506469830241457
48291.069930615056364 18.568686267661849598
48291.351817239803495 18.572292793035185099
48291.632674416861846 18.575897644685909427
48291.913509798505402 18.579513648941198056
48292.194830323503993 18.583147316905012758
48292.477657403927878 18.586811916315550519
48292.763083272584481 18.59052180035997992
48293.052245842132834 18.594292094944940175
48293.346377817033499 18.598139354237126497
48293.646874996506085 18.602082482720899037
48293.950564412523818 18.606080382119152716
48294.246330675050558 18.609986356624009574
48294.535581082775025 18.61381802938086949
48294.819540895485261 18.617590855039768627
48295.099296728323679 18.621318649371630727
48295.375832701269246 18.625014036273853435
48295.650063000095543 18.628688857853479277
48295.922854168129561 18.632354455748476596
48296.195062131890154 18.636022157733599158
48296.467398384178523 18.639701462383616359
48296.740409279162122 18.643399730054667884
48297.01495718552178 18.647128695759437988
48297.29194700721564 18.650900796087906741
48297.572351104921836 18.654729517588496179
48297.857236139003362 18.658629777885902712
48298.147807716188254 18.662618558669660018
48298.445455058055813 18.666715550637462684
48298.7511392564993 18.670934738374032946
48299.051776790351141 18.675095604494714507
48299.348213652498089 18.679209239192370973
48299.641212168542552 18.683285705252227871
48299.931333124783123 18.687332370500044476
48300.219171743665356 18.69135717152560261
48300.505408053344581 18.695369322834537229
48300.790528732053644 18.699375414817463792
48301.075000637159974 18.703381825491948831
48301.359283233214228 18.707394890895994166
48301.643703219568124 18.711419126280379288
48301.928650192174246 18.71545998124419441
48302.214635798925883 18.719524690512592713
48302.502154057990992 18.723620300306251352
48302.791712108446518 18.72775410403384555
48303.083842770916817 18.731933823469599787
48303.379115543597436 18.736167770013633316
48303.678143701930821 18.740464952136534293
48303.981601679981395 18.744835332591012644
48304.29024029870925 18.749290058043069251
48304.604900271180668 18.7538416669785164
48304.926534393809561 18.758504426712448776
48305.256194779649377 18.76329416682700213
48305.590896858171618 18.768168001486021268
48305.920823193860997 18.772982824914791422
48306.246415619862091 18.777744498116494043
48306.567964020607178 18.782456725280809451
48306.885857644745556 18.787124721649501424
48307.200461123735295 18.791753398966839939
48307.512120226645493 18.796347443776500796
48307.821160175233672 18.800911287136983674
48308.127885970556235 18.805449104235130164
48308.432584070586017 18.809964834443366755
48308.73568534306105 18.814464598243443305
48309.037504122075916 18.818952829634142176
48309.338324340555118 18.823433543727905004
48309.638383436882577 18.827910091239917989
48309.937935326772276 18.832386093378996605
48310.237227296602214 18.836865096536747899
48310.536496665743471 18.841350520337524443
48310.8358758547256 18.84584422948445237
48311.135577520290099 18.850349306376447345
48311.435789132563514 18.854868470943404901
48311.736693995924725 18.859404394226533697
48312.03850589657668 18.86396022051157928
48312.341444017576578 18.868539190184794307
48312.645728811781737 18.873144576856379473
48312.951575652950851 18.877779590261493325
48313.259200046217302 18.882447453920431002
48313.564173112928984 18.887080797796329534
48313.866368379633059 18.891677409345692951
48314.166752668861591 18.896251732860843475
48314.466262930553057 18.900817828697118017
48314.765787788812304 18.905389083829856389
48315.065786775252491 18.909972383130387641
48315.367154437488352 18.914581294133252953
48315.670778625433741 18.919229332200238503
48315.969247022461786 18.9238028122350741
48316.261521236752742 18.928285434792226027
48316.549458806308394 18.932705336187808598
48316.834741368737014 18.937088060501498177
48317.11889540215634 18.941456856623169358
48317.403226846705365 18.945831654066282113
48317.688694133707031 18.950227087943069648
48317.976850282699161 18.954666995850200095
48318.269223844588851 18.959174895739064226
48318.567483440456272 18.963776517850320147
48318.872799363722152 18.968489946571388316
48319.178273780715244 18.973208624060688976
48319.484566002676729 18.977942570916304987
48319.792725920466182 18.982707867252766931
48320.103816588591144 18.987520822619277538
48320.418888252606848 18.992397568421917953
48320.739022571950045 18.997354736252273
48321.06539404198702 19.002410403912602277
48321.399310745327966 19.007584722066908967
48321.742256972560426 19.012900569323935684
48322.09257825230452 19.018332141009256731
48322.446902430681803 19.023826930348175068
48322.788317510327033 19.029122343476906565
48323.119445415453811 19.034258708189948806
48323.442431361821946 19.039269021078808919
48323.759030286812049 19.044180266278679881
48324.0707186418731 19.049015134571167351
48324.378787886518694 19.053793462974539352
48324.684399768782896 19.058533084044828598
48324.988642856216757 19.063250695874341289
48325.292562489048578 19.067962320375318797
48325.596881555844448 19.072678970227155304
48325.902534230517631 19.077414918880858608
48326.210632666829042 19.082187174382109873
48326.522348633989168 19.087013635245064336
48326.839052709568932 19.091915234208070018
48327.162307812242943 19.096915821283133141
48327.49384607392858 19.102041785980031108
48327.835809203133977 19.107325746653621934
48328.190900019748369 19.11280884771881361
48328.557289101197966 19.118462138532393624
48328.916866358711559 19.124005790628523016
48329.267560926986334 19.129407877530866244
48329.610105920997739 19.134679754820851372
48329.946018331509549 19.139844818578186647
48330.276548934962193 19.144922318258512206
48330.602766279735079 19.149928656756497247
48330.92570604562934 19.154879686557165996
48331.246281556283066 19.159789336790815639
48331.565377165105019 19.164671045814941408
48331.883902724890504 19.169538590629624508
48332.202567943029862 19.17440263742556894
48332.521947477405774 19.17927174669953061
48332.842966167496343 19.184159765765908645
48333.166616399219492 19.189081494936012007
48333.493958851038769 19.194052685354506593
48333.826185132929822 19.199090973173788655
48334.162108604519744 19.204177886961279142
48334.501732997829095 19.209313032645606967
48334.846179864667647 19.214512864676532189
48335.19660073142586 19.219794162985767372
48335.554163101209269 19.225173807306212836
48335.915807548291923 19.230605098942039177
48336.265563385393762 19.235848281702256912
48336.604268499046157 19.240916649218206658
48336.934034590020019 19.245842426521232227
48337.256711957888911 19.250653729519829227
48337.573814729883452 19.255373488586371877
48337.886707451492839 19.26002226245957516
48338.196654870604107 19.264618994379748784
48338.504871267847193 19.269181752869165791
48338.812498273262463 19.273727408103692227
48339.120443915642682 19.278269266494877598
48339.429670424717187 19.282821331794362862
48339.741529448976507 19.287403213187630513
48340.057542608934455 19.292036847532710198
48340.379517412657151 19.296748157920806221
48340.709586481869337 19.301567566635366546
48341.048870753591473 19.306510467659276031
48341.387048007760313 19.311425929690038572
48341.711082071647979 19.31612508191379618
48342.022618804112426 19.320632965722197127
48342.323725313784962 19.324980468605861716
48342.616088538241456 19.329192736201747493
48342.901112007282791 19.333290630317478076
48343.179979575688776 19.337291691693714313
48343.453705673004151 19.341210895737283693
48343.723176100160345 19.345061262595905305
48343.989175928196346 19.348854275113591683
48344.252420284014079 19.352600332127899208
48344.513581209350377 19.356309140095081744
48344.77330494850321 19.359989964085038139
48345.032259075465845 19.363652296955375931
48345.291072823383729 19.367305014125879126
48345.550143324755481 19.370953652073893636
48345.810069270264648 19.374606529710238334
48346.0715732981771 19.378273629280094781
48346.335450399928959 19.381965853772186392
48346.60259365310776 19.385695370952820582
48346.874025920878921 19.389476033959422097
48347.15093469061685 19.393323837025537415
48347.434688866786018 19.397257111104657668
48347.722389497401309 19.401235040547586408
48348.010460393277754 19.405207875635106518
48348.299346650288498 19.409181616782557711
48348.589538550331781 19.413162820297994671
48348.881583968926861 19.417158758059049006
48349.176092958892696 19.421177467198923239
48349.472589954908472 19.425212138497535364
48349.769240419489506 19.429237617660390924
48350.066644453669142 19.433261929424528347
48350.365710711237625 19.437297165441687952
48350.667377106161439 19.441355669547302654
48350.972651814525307 19.445450576897520989
48351.282615341166093 19.449595821819045227
48351.587470876904263 19.453660356500350304
48351.88585443507327 19.457626644210002098
48352.179554214759264 19.461519074594566092
48352.470279750952614 19.465360714880965531
48352.759364773519337 19.469169422156326732
48353.047985667064495 19.472960784538450696
48353.336915688661975 19.47674493778352911
48353.626969708384422 19.480532441816190925
48353.919156144038425 19.484336245930389708
48354.214471876679454 19.488168989971633493
48354.513933458787506 19.492043405503672204
48354.818609506903158 19.495972723307779972
48355.12964649443893 19.499970986392767713
48355.44656802026293 19.504031272163128818
48355.762876588669315 19.508069980727213988
48356.078137753196643 19.512081660117473803
48356.388468410586938 19.516017274334455323
48356.695296048397722 19.519895459180279573
48356.999871039071877 19.523732378071066762
48357.303484593372559 19.527544495960210469
48357.607192245523038 19.531345118697672092
48357.911647569060733 19.535142372354929563
48358.217995285551297 19.538950369715216482
48358.527416141369031 19.542783476700382295
48358.841157687857049 19.546656680201280665
48359.1605783438863 19.550586108838434285
48359.48719744454138 19.554589612423118439
48359.817650111261173 19.558625216897695509
48360.15099409269169 19.562680970100867484
48360.487542900344124 19.566760282182265485
48360.827612675217097 19.570866535620520921
48361.171556583627535 19.57500349640252324
48361.519770551582042 19.579175372579793901
48361.872684889021912 19.583386702735047891
48362.230776222728309 19.587642487263089208
48362.586217593416222 19.591849550199068375
48362.930233400642464 19.595905061353228405
48363.265130990221223 19.599837689677116259
48363.592891745385714 19.603671836571841425
48363.915271780060721 19.607428904757409072
48364.233824933267897 19.611127631076872291
48364.550111329102947 19.614786549813935324
48364.865692592145933 19.618423943970817902
48365.18174269652809 19.622053388734855162
48365.497347514239664 19.625664415062395562
48365.811444817976735 19.629245023541212589
48366.125471526043839 19.632811725494743627
48366.440159459627466 19.636372828790360501
48366.756836545639089 19.639943228889467974
48367.076897484563233 19.643538348697241247
48367.401827000474441 19.647174380885797262
48367.733274670194078 19.65086909516632474
48368.073131698474754 19.654642643685061643
48368.423664703143004 19.658518969169691104
48368.787702468733187 19.662527748908807723
48369.153942384320544 19.666543477363372716
48369.520907691716275 19.670549816502852281
48369.878952452861995 19.674442093904648488
48370.226772977155633 19.678207512737476037
48370.565807389801193 19.681862965462155302
48370.89752400710131 19.685425378940692553
48371.223075321489887 19.688908031231807882
48371.543502746106242 19.692322808032283632
48371.859785280117649 19.695680750522772229
48372.172880648591672 19.698992509619532854
48372.483759643626399 19.702268717298405676
48372.793401095215813 19.705519936000559511
48373.10274289346853 19.708756149099439625
48373.412446404043294 19.711984319924972908
48373.723309763343423 19.715212729962015459
48374.036348734742205 19.718451788255023871
48374.35263649096305 19.721712340806526242
48374.6733954465235 19.725006599248562367
48374.999968881063978 19.728347818850014761
48375.33405486974516 19.731752648769504077
48375.674387502884201 19.735207430652856431
48376.011765543451475 19.738618633860731677
48376.343776833171432 19.741962438363291454
48376.670645952726773 19.745241791890713046
48376.993014776904602 19.748463754926220304
48377.31151225999929 19.751635149702668315
48377.626752547759679 19.754762548278147705
48377.939321606929298 19.757852147083198702
48378.249837125113118 19.760910364017171048
48378.558852593865595 19.763942895927488763
48378.86691825685557 19.766955327025048206
48379.174583581188926 19.76995315518802343
48379.482327541707491 19.772941117753216389
48379.790495850189473 19.775922598378738115
48380.099643550718611 19.778902947377542176
48380.410338246118044 19.781887559295338264
48380.723172865727975 19.784881992829106423
48381.038772880674514 19.787892034877980763
48381.357806795691431 19.790923793750696547
48381.681022684657364 19.793984035790487042
48382.009230646937795 19.797080004483866844
48382.343288372714596 19.800219271496104056
48382.680805370982853 19.803378931375981153
48383.021763879485661 19.806558503385950587
48383.366779270516417 19.809763377157839415
48383.716551300552965 19.812999629260097834
48384.071911630140676 19.816274442647735299
48384.432574421087338 19.819584635595315802
48384.794943923057872 19.82289687220126595
48385.159301131956454 19.826213571624101917
48385.525930903313565 19.829537144074194543
48385.895127461779339 19.832870039487556113
48386.267281670829107 19.836215528259970142
48386.642761419570888 19.839576613930208993
48387.021819556379342 19.842955217973933912
48387.394298143226479 19.846261024062993528
48387.759441635935218 19.849488158600227194
48388.11810226443049 19.852644958714225965
48388.471047547638591 19.855738877473449122
48388.819000139417767 19.858776852390004564
48389.162633017331245 19.861765276551796688
48389.502470662278938 19.864709156957186309
48389.839092294372676 19.867613893112853418
48390.173050017430796 19.870484568196786768
48390.504869395677815 19.873325960671223811
48390.835056220486877 19.876142608005029189
48391.164100862566556 19.878938848167429398
48391.492488143361697 19.881718906556329785
48391.820902641149587 19.884488625793171224
48392.149593603222456 19.887250108633882206
48392.47901455254032 19.890007130884356457
48392.809615118479996 19.892763376317255108
48393.141954162609181 19.895523374677622996
48393.476642333960626 19.898292009131182567
48393.814234235265758 19.901073620013328025
48394.155247189577494 19.903872166290934587
48394.500210776517633 19.906691634083298226
48394.849673821816396 19.909536089374324064
48395.204202378183254 19.912409655990881419
48395.564445605916262 19.915317040275379412
48395.924402466494939 19.918209526322016245
48396.275154893577565 19.921015942139746357
48396.61789743720874 19.923746720861537085
48396.953702556653298 19.926411147359544884
48397.283497582022392 19.929017204853398226
48397.608098192838952 19.931571867470037063
48397.928230567478749 19.934081295853157911
48398.244542318388994 19.936550939833303175
48398.557614107201516 19.938985643248447133
48398.86800593832595 19.941390013935560432
48399.176217691347119 19.943768124255907281
48399.48271289193508 19.946123703453412901
48399.787925343116513 19.948460194386829158
48400.092258344884613 19.950780752384485339
48400.396101555808855 19.953088377737781656
48400.69979358886485 19.955385635246585707
48401.003586815997551 19.957674397066977434
48401.307676594224176 19.959956074367038781
48401.612319264619146 19.962232505655631343
48401.917734197282698 19.964505219502196809
48402.224101665582566 19.96677542401894101
48402.531558579918055 19.969043981064267257
48402.840197037694452 19.971311402029378712
48403.150067490845686 19.973577877788979862
48403.455461773140996 19.975801747851932078
48403.755979478737572 19.977980480909899086
48404.052628686156822 19.980121738088058692
48404.346356619775179 19.982232614289667794
48404.638032220129389 19.984319525074472068
48404.928499241490499 19.986388597122601851
48405.218497964153357 19.988445118152299074
48405.508659355589771 19.990493511472159582
48405.799543325643754 19.992537620515903996
48406.091953669019858 19.99458291662689291
48406.386729604877473 19.996635008909922959
48406.684766885722638 19.998699780551820737
48406.987033552046341 20.000783482732067853
48407.294602337664401 20.002892937456248745
48407.608685579158191 20.005035748209778035
48407.930703424790408 20.007220724931261913
48408.262306820623053 20.009457984326068924
48408.598565491505724 20.011713332967442369
48408.939288078450772 20.013984839008379879
48409.285279551069834 20.016277168384664975
48409.637483396676544 20.018595745071408487
48409.99387843128352 20.020926486751836393
48410.35431723172951 20.023267779083266049
48410.719742270091956 20.025625029358085527
48411.09117628691456 20.02800397265590604
48411.469799162252457 20.030411130799134156
48411.855341812668485 20.032843668659541692
48412.233949006695184 20.035214056197418131
48412.607037543792103 20.037531961815574277
48412.974410550275934 20.039796873777429909
48413.333540222556621 20.041994112287888186
48413.685914849418623 20.04413375611249748
48414.032990980173054 20.046225413668107507
48414.376182390056783 20.048278172264758723
48414.716900615385384 20.05030085297237008
48415.056558659940492 20.052302036188560663
48415.396478232025402 20.054289522148398106
48415.737643141605076 20.056268925281358406
48416.081742677044531 20.058249730778964448
48416.430691160843708 20.060242395991110698
48416.786728826045874 20.062258856636120186
48417.144890388946806 20.064270318304313179
48417.505157347608474 20.066276357513785911
48417.869087802471768 20.068285221670965512
48418.231214087507396 20.070266587742704445
48418.589032339892583 20.072207195627516541
48418.943019544480194 20.074110217864447492
48419.293641825155646 20.075978677014731488
48419.641333452040271 20.077815339592575583
48419.986548586020945 20.079622994739818154
48420.32967140810797 20.081403986563397979
48420.671061631415796 20.083160464303190906
48421.011061749828514 20.084894425489668635
48421.349999764970562 20.086607734175242257
48421.688187226653099 20.088302114869602377
48422.025927887603757 20.089979199336312377
48422.363514763528656 20.091640514132361517
48422.70118790432025 20.09328727806908077
48423.039129266580858 20.094920389271099026
48423.377620715931698 20.096541191028354234
48423.716939329598972 20.098150955249789007
48424.057346538596903 20.099750832625723262
48424.399098911417241 20.101341905896404683
48424.742437177301326 20.102925140336651566
48425.087591729643464 20.104501412016066553
48425.434676228171156 20.1060710310153965
48425.779845075929188 20.10761664702521756
48426.123277214072004 20.10913934515998136
48426.465151125186821 20.110640174586770001
48426.805661705133389 20.112120222131068203
48427.144967407824879 20.113580382935971613
48427.483217196182522 20.11502148303467763
48427.820520018249226 20.116444153687268681
48428.156974729812646 20.11784896452767768
48428.492668877843244 20.119236420948613642
48428.827729160395393 20.120607172084135073
48429.162296367416275 20.121961901890518476
48429.496510671255237 20.123301267827503835
48429.830566590804665 20.124626118082357351
48430.164636877583689 20.125937183427470956
48430.49882229771174 20.127234888007048852
48430.833267325113411 20.128519806478156084
48431.168152308317076 20.129792625522600957
48431.503670587131637 20.131054051040624842
48431.840028210091987 20.132304804535699816
48432.177437031139561 20.133545595334918943
48432.516128107206896 20.134777167872073278
48432.856365193649253 20.136000345957761226
48433.198432858691376 20.137215983962597932
48433.542636449921702 20.138424962230168092
48433.889299608970759 20.139628173924663201
48434.238761894332129 20.140826512760657607
48434.591376271113404 20.142020860735478038
48434.947499598005379 20.143212053056274158
48435.307486411285936 20.144400856157911761
48435.671683178617968 20.145587948725417249
48436.040414890470856 20.146773879655054174
48436.413973418100795 20.147959035053439436
48436.792606527342286 20.149143610382154179
48437.164865275444754 20.150291935047430769
48437.527617750027275 20.151395439180706859
48437.882191377786512 20.152459336875431006
48438.229799336993892 20.153488255381251548
48438.571563867575605 20.154486338955837965
48438.908538248899276 20.155457340146238465
48439.241671171053895 20.156404540792635771
48439.571844996993605 20.157330884960497741
48439.899891529305023 20.158239039622920075
48440.226589841775422 20.15913140187042174
48440.552689506163006 20.160010173515935605
48440.878859283708152 20.160877232979899532
48441.205517231370322 20.161733708923794239
48441.533388176998415 20.16258145775437427
48441.863190543903329 20.163422215570790286
48442.195634556737787 20.164257594761163972
48442.531455451688089 20.165089166545527632
48442.871448703517672 20.165918540597242981
48443.216480607712583 20.166747377471629932
48443.567503471960663 20.167577408593675869
48443.925584858043294 20.168410484097663016
48444.291966766424594 20.169248680350502667
48444.662152948629227 20.170081082414480278
48445.022291856570519 20.170876986917310347
48445.373996461457864 20.171641090488733994
48445.718599277075555 20.17237722219764251
48446.057262871523562 20.173088639619003004
48446.391029770653404 20.173778172186850099
48446.720849968900438 20.174448305836694573
48447.047615926654544 20.175101274597572854
48447.372167822599295 20.175739085578342724
48447.695305673856637 20.176363554847196013
48448.017805454393965 20.176976347477079798
48448.3403745143587 20.177578901273697909
48448.663473431683087 20.17817211530993049
48448.987903166860633 20.17875744035756469
48449.3145071422623 20.179336302269035741
48449.644171353698766 20.179910095943942139
48449.977860457802308 20.18048023960559334
48450.316667849845544 20.181048244683545079
48450.661837131941866 20.181615728487319217
48451.014810216904152 20.182184463775872274
48451.369087149556435 20.182743631157944009
48451.723616295363172 20.183291600817589995
48452.078852311402443 20.18382913790949118
48452.433229462767486 20.184353992156317759
48452.78770713013364 20.18486773434734971
48453.142989366424445 20.185371457654841976
48453.50021423578437 20.185866765130846545
48453.860497057423345 20.186355092069952377
48454.224231128537212 20.18683679609181425
48454.584220416865719 20.187302493192923691
48454.941297447272518 20.187753696449135532
48455.296193208014301 20.188191688777763488
48455.649568890185037 20.188617580057041323
48456.001852271256212 20.18903213053092216
48456.353617563567241 20.18943621732683269
48456.705374525939988 20.189830582664235692
48457.055078116391087 20.190213154303116028
48457.402075245394371 20.190583545260235354
48457.747847290454956 20.190943626900487828
48458.093728901658324 20.191294967351428369
48458.440558603331738 20.19163851443754254
48458.781545160112728 20.191967860684091107
48459.110341164487181 20.192277658667876494
48459.429727081216697 20.192571397087057505
48459.741897247637098 20.192851755436610262
48460.048677497325116 20.193120878793504147
48460.351588055309549 20.193380484751806137
48460.651924135141599 20.193631971457964625
48460.950849051201658 20.193876522335447277
48461.249422311928356 20.194115146258663884
48461.547102094955335 20.194347536130667464
48461.843365612563503 20.194573437524937276
48462.138533600998926 20.194793251613322838
48462.432821683003567 20.19500727874910595
48462.726383216067916 20.195215758475832502
48463.019266354909632 20.195418845918872819
48463.311460132652428 20.195616651580703405
48463.602914184724796 20.195809258984677825
48463.893534504612035 20.195996724924277999
48464.183203552835039 20.196179095058312214
48464.471786252521269 20.19635640892496653
48464.759151153615676 20.196528713303276703
48465.045160682275309 20.196696055822311422
48465.329700528236572 20.196858501490630999
48465.612682705504994 20.197016132316530701
48465.894042115352931 20.197169043325260418
48466.173749291869171 20.197317347469880389
48466.451812058985524 20.197461174017124819
48466.728266591140709 20.197600661698249525
48467.003182126507454 20.197735959313572351
48467.276652270185878 20.197867219761935331
48467.548799692696775 20.197994600992803527
48467.819769529640325 20.198118261604559365
48468.089725862810155 20.19823835832261949
48468.358850907825399 20.198355044906342926
48468.627341233128391 20.198468469891711408
48468.895407385156432 20.198578775978653255
48469.163275353181234 20.198686100147710931
48469.431169537623646 20.198790566549302383
48469.699221721246431 20.198892252766619038
48469.967684411356458 20.198991272403407748
48470.236827288477798 20.199087732281117979
48470.506933914453839 20.19918173050801613
48470.778304628162005 20.19927335676134561
48471.051258634870464 20.199362692045724543
48471.326135401213833 20.199449808019096508
48471.603298903908581 20.199534766988993084
48471.883143850340275 20.199617622094436342
48472.166101083523245 20.199698416716401539
48472.452629059182073 20.199777179586565268
48472.743219525480526 20.199853923893581253
48473.038415605820774 20.199928648828944233
48473.338817964649934 20.200001336763357074
48473.645094454048376 20.200071950333683191
48473.957991273142397 20.200140428610520615
48474.278346583734674 20.200206682182194839
48474.607080068271898 20.200270581722705288
48474.945226761592494 20.200331953856775158
48475.291693968698382 20.200390205484602291
48475.644788970887021 20.200444691747684089
48476.005769537907327 20.200495234544145973
48476.37604653523158 20.200541577831934603
48476.757211093878141 20.200583369180357352
48477.130848928951309 20.200618406959556239
48477.4943354291172 20.200646756218354483
48477.849024796923914 20.200668863018172772
48478.196130047370389 20.200685082877946286
48478.536742188676726 20.200695693745320369
48478.871833675540984 20.200700906332411222
48479.202275256233406 20.200700873515380351
48479.528856093667855 20.2006956977236527
48479.852330779860495 20.200685435098961307
48480.173361706052674 20.200670100769738013
48480.492559333149984 20.20064967251904875
48480.810505098546855 20.200624091987315012
48481.12778496316605 20.200593262426778551
48481.444952127654688 20.200557051564754119
48481.762354653852526 20.200515317065093512
48482.080474167429202 20.200467869630148954
48482.399847899687302 20.200414473458437215
48482.720997007207188 20.200354853242135533
48483.044452819107391 20.200288687817206323
48483.370757912452973 20.200215606460822926
48483.700489130191272 20.200135179120536577
48484.034261190667166 20.200046908677151691
48484.372724040258618 20.199950223912768621
48484.716575413935061 20.199844467097200607
48485.066561273677507 20.199728883044876682
48485.423478821983736 20.199602605926077814
48485.788161537289852 20.199464651208689503
48486.156886072589259 20.199315815335317836
48486.529514178888348 20.199155667271693204
48486.89964843505004 20.198986715258502755
48487.268930057543912 20.198808158250002975
48487.638652617359185 20.198619200138590912
48488.010080283944262 20.198418914832259929
48488.384980238013668 20.19820593248324414
48488.762373880417726 20.197980345011309566
48489.127755079687631 20.197751043371322766
48489.483651957380062 20.19751720424099517
48489.832187188396347 20.197277995003357631
48490.175184749728942 20.197032558464243834
48490.51424865298759 20.19677999715503347
48490.850827534442942 20.196519353134508634
48491.186231323445099 20.196249614214003998
48491.520749438102939 20.195970479571180078
48491.849950148185599 20.195685768871516785
48492.175609471138159 20.195394194012859401
48492.499401151631901 20.195094350755006474
48492.822942210521433 20.194784686410123697
48493.147146779527247 20.194464151680179498
48493.47343518488924 20.194131052587376729
48493.80347633909696 20.193783236220461674
48494.139078524181969 20.193418157072020591
48494.482250018787454 20.193032765590150035
48494.835359718221298 20.192623257997659891
48495.201361529980204 20.192184699669645909
48495.572269553238584 20.191725368013027975
48495.937850245274603 20.191257705920868659
48496.299563030363061 20.190780156678364676
48496.658864197117509 20.190290935914795512
48497.017414950780221 20.189787731230474321
48497.37650662620581 20.189268494624535322
48497.73530253732315 20.188734168660140256
48498.089397876821749 20.188191387230780549
48498.439390633378935 20.187639565488527893
48498.785886918114556 20.187078009651010291
48498.785886918114556 20.187078009651010291
48498.785886918114556 20.187078009651010291
48498.785886918114556 20.187078009651010291
48498.785886918114556 20.187078009651010291
48498.785886918114556 20.187078009651010291
